rank,first_name,last_name,full_name,gender,nationality,gym_name,profile_photo_url,event,country,year,division,event_category,workout_filter,1RM Strict Press,3RM Back Squat,5RM Deadlift,Run,Row
1,Luke,Rogers,Luke Rogers,Male,,,https://ui-avatars.com/api/?name=L+R&color=FFFFFF&background=000000,ATHX LONDON 2025,United Kingdom 🇬🇧,2025,Male,ATHX,Strength,,,,,
2,Tom,Rawlins,Tom Rawlins,Male,,,https://ui-avatars.com/api/?name=T+R&color=FFFFFF&background=000000,ATHX LONDON 2025,United Kingdom 🇬🇧,2025,Male,ATHX,Strength,,,,,
2,Jerome,Anyata,Jerome Anyata,Male,,,https://ui-avatars.com/api/?name=J+A&color=FFFFFF&background=000000,ATHX LONDON 2025,United Kingdom 🇬🇧,2025,Male,ATHX,Strength,,,,,
4,Daniel,Furnell,Daniel Furnell,Male,,,https://ui-avatars.com/api/?name=D+F&color=FFFFFF&background=000000,ATHX LONDON 2025,United Kingdom 🇬🇧,2025,Male,ATHX,Strength,,,,,
4,Gary,Sharlott,Gary Sharlott,Male,,,https://ui-avatars.com/api/?name=G+S&color=FFFFFF&background=000000,ATHX LONDON 2025,United Kingdom 🇬🇧,2025,Male,ATHX,Strength,,,,,
6,Adam,Newman,Adam Newman,Male,,,https://ui-avatars.com/api/?name=A+N&color=FFFFFF&background=000000,ATHX LONDON 2025,United Kingdom 🇬🇧,2025,Male,ATHX,Strength,,,,,
6,Billy,Brown,Billy Brown,Male,United Kingdom,Dual Strength & Fitness,https://athxgames.com/storage/profile-photos/t8EkikOXXxoqjCFcJaWJ2z6vMycFDNPz5A4iUKUU.jpg,ATHX LONDON 2025,United Kingdom 🇬🇧,2025,Male,ATHX,Strength,,,,,
8,Andrew,Alexander,Andrew Alexander,Male,,,https://ui-avatars.com/api/?name=A+A&color=FFFFFF&background=000000,ATHX LONDON 2025,United Kingdom 🇬🇧,2025,Male,ATHX,Strength,,,,,
9,Max,Craven,Max Craven,Male,,,https://ui-avatars.com/api/?name=M+C&color=FFFFFF&background=000000,ATHX LONDON 2025,United Kingdom 🇬🇧,2025,Male,ATHX,Strength,,,,,
10,Richard,James,Richard James,Male,United Kingdom,The Park,https://ui-avatars.com/api/?name=R+J&color=FFFFFF&background=000000,ATHX LONDON 2025,United Kingdom 🇬🇧,2025,Male,ATHX,Strength,,,,,
10,Kit,Timmis,Kit Timmis,Male,,,https://ui-avatars.com/api/?name=K+T&color=FFFFFF&background=000000,ATHX LONDON 2025,United Kingdom 🇬🇧,2025,Male,ATHX,Strength,,,,,
10,Rob,Smith,Rob Smith,Male,,,https://ui-avatars.com/api/?name=R+S&color=FFFFFF&background=000000,ATHX LONDON 2025,United Kingdom 🇬🇧,2025,Male,ATHX,Strength,,,,,
10,Simon,Mooi,Simon Mooi,Male,,,https://ui-avatars.com/api/?name=S+M&color=FFFFFF&background=000000,ATHX LONDON 2025,United Kingdom 🇬🇧,2025,Male,ATHX,Strength,,,,,
14,Ciaran,Preston,Ciaran Preston,Male,,,https://ui-avatars.com/api/?name=C+P&color=FFFFFF&background=000000,ATHX LONDON 2025,United Kingdom 🇬🇧,2025,Male,ATHX,Strength,,,,,
14,Aaron,Edwards,Aaron Edwards,Male,,,https://ui-avatars.com/api/?name=A+E&color=FFFFFF&background=000000,ATHX LONDON 2025,United Kingdom 🇬🇧,2025,Male,ATHX,Strength,,,,,
16,Oli,Gilbert,Oli Gilbert,Male,United Kingdom,Marchon,https://ui-avatars.com/api/?name=O+G&color=FFFFFF&background=000000,ATHX LONDON 2025,United Kingdom 🇬🇧,2025,Male,ATHX,Strength,,,,,
17,Harry,Charlier,Harry Charlier,Male,,,https://athxgames.com/storage/profile-photos/h0CkiUqPshDF7B2odV4XpoItKUgy0HJwtmR3ShSh.jpg,ATHX LONDON 2025,United Kingdom 🇬🇧,2025,Male,ATHX,Strength,,,,,
18,Alexander,Tagg,Alexander Tagg,Male,,,https://ui-avatars.com/api/?name=A+T&color=FFFFFF&background=000000,ATHX LONDON 2025,United Kingdom 🇬🇧,2025,Male,ATHX,Strength,,,,,
18,Jordan,Archer,Jordan Archer,Male,,,https://ui-avatars.com/api/?name=J+A&color=FFFFFF&background=000000,ATHX LONDON 2025,United Kingdom 🇬🇧,2025,Male,ATHX,Strength,,,,,
18,Lawrence,Kaye,Lawrence Kaye,Male,,,https://ui-avatars.com/api/?name=L+K&color=FFFFFF&background=000000,ATHX LONDON 2025,United Kingdom 🇬🇧,2025,Male,ATHX,Strength,,,,,
18,Grant,Walpole,Grant Walpole,Male,,,https://ui-avatars.com/api/?name=G+W&color=FFFFFF&background=000000,ATHX LONDON 2025,United Kingdom 🇬🇧,2025,Male,ATHX,Strength,,,,,
18,Daniel,Horn,Daniel Horn,Male,United Kingdom,Dunstable,https://athxgames.com/storage/profile-photos/ZKAe4FNsdTdDsWqDb9pXIYOZOTu0sb5UUqxXTIeo.jpg,ATHX LONDON 2025,United Kingdom 🇬🇧,2025,Male,ATHX,Strength,,,,,
18,Lloyd,d’Hotman de Villiers,Lloyd d’Hotman de Villiers,Male,,,https://ui-avatars.com/api/?name=L+d+d+V&color=FFFFFF&background=000000,ATHX LONDON 2025,United Kingdom 🇬🇧,2025,Male,ATHX,Strength,,,,,
18,Ryan,Bolton,Ryan Bolton,Male,,,https://ui-avatars.com/api/?name=R+B&color=FFFFFF&background=000000,ATHX LONDON 2025,United Kingdom 🇬🇧,2025,Male,ATHX,Strength,,,,,
18,Tarik,Jones,Tarik Jones,Male,,,https://ui-avatars.com/api/?name=T+J&color=FFFFFF&background=000000,ATHX LONDON 2025,United Kingdom 🇬🇧,2025,Male,ATHX,Strength,,,,,
18,Hamish,Orr Ewing,Hamish Orr Ewing,Male,,,https://ui-avatars.com/api/?name=H+O+E&color=FFFFFF&background=000000,ATHX LONDON 2025,United Kingdom 🇬🇧,2025,Male,ATHX,Strength,,,,,
18,Berry,Yirrell,Berry Yirrell,Male,,,https://ui-avatars.com/api/?name=B+Y&color=FFFFFF&background=000000,ATHX LONDON 2025,United Kingdom 🇬🇧,2025,Male,ATHX,Strength,,,,,
18,Thomas,Farrand,Thomas Farrand,Male,,,https://ui-avatars.com/api/?name=T+F&color=FFFFFF&background=000000,ATHX LONDON 2025,United Kingdom 🇬🇧,2025,Male,ATHX,Strength,,,,,
18,Dan,Ayre,Dan Ayre,Male,,,https://ui-avatars.com/api/?name=D+A&color=FFFFFF&background=000000,ATHX LONDON 2025,United Kingdom 🇬🇧,2025,Male,ATHX,Strength,,,,,
18,Nana,Osei,Nana Osei,Male,,,https://ui-avatars.com/api/?name=N+O&color=FFFFFF&background=000000,ATHX LONDON 2025,United Kingdom 🇬🇧,2025,Male,ATHX,Strength,,,,,
18,Josh,Cox,Josh Cox,Male,,,https://athxgames.com/storage/profile-photos/EzlBA1lyzHGYP9G3yQ7jhSeLvCZypXevOjSBgmAN.jpg,ATHX LONDON 2025,United Kingdom 🇬🇧,2025,Male,ATHX,Strength,,,,,
32,David,Kelly,David Kelly,Male,,,https://ui-avatars.com/api/?name=D+K&color=FFFFFF&background=000000,ATHX LONDON 2025,United Kingdom 🇬🇧,2025,Male,ATHX,Strength,,,,,
33,Robin,Wilkins,Robin Wilkins,Male,,,https://ui-avatars.com/api/?name=R+W&color=FFFFFF&background=000000,ATHX LONDON 2025,United Kingdom 🇬🇧,2025,Male,ATHX,Strength,,,,,
33,Elliott,Jenkins,Elliott Jenkins,Male,,,https://ui-avatars.com/api/?name=E+J&color=FFFFFF&background=000000,ATHX LONDON 2025,United Kingdom 🇬🇧,2025,Male,ATHX,Strength,,,,,
35,Sam,Kipling,Sam Kipling,Male,,,https://ui-avatars.com/api/?name=S+K&color=FFFFFF&background=000000,ATHX LONDON 2025,United Kingdom 🇬🇧,2025,Male,ATHX,Strength,,,,,
35,Fabian,Johnson,Fabian Johnson,Male,United Kingdom,Marchon,https://athxgames.com/storage/profile-photos/ERY0izAiNIA7iqSt2lkS1s5qICA0roeGCNn8PfD1.jpg,ATHX LONDON 2025,United Kingdom 🇬🇧,2025,Male,ATHX,Strength,,,,,
35,Joel,Thomas,Joel Thomas,Male,,,https://ui-avatars.com/api/?name=J+T&color=FFFFFF&background=000000,ATHX LONDON 2025,United Kingdom 🇬🇧,2025,Male,ATHX,Strength,,,,,
35,Nick,Rigby,Nick Rigby,Male,,,https://ui-avatars.com/api/?name=N+R&color=FFFFFF&background=000000,ATHX LONDON 2025,United Kingdom 🇬🇧,2025,Male,ATHX,Strength,,,,,
39,Ben,Whateley-Harris,Ben Whateley-Harris,Male,,,https://ui-avatars.com/api/?name=B+W&color=FFFFFF&background=000000,ATHX LONDON 2025,United Kingdom 🇬🇧,2025,Male,ATHX,Strength,,,,,
40,Neil,Webb,Neil Webb,Male,,Strong Outdoor Fitness,https://ui-avatars.com/api/?name=N+W&color=FFFFFF&background=000000,ATHX LONDON 2025,United Kingdom 🇬🇧,2025,Male,ATHX,Strength,,,,,
40,David,Long,David Long,Male,United Kingdom,CrossFit Cirencester,https://athxgames.com/storage/profile-photos/LLTo8ypQJmJSVDZwi9zv9wripKRFgUkrnh4y0fcl.jpg,ATHX LONDON 2025,United Kingdom 🇬🇧,2025,Male,ATHX,Strength,,,,,
42,Florian,Groß,Florian Groß,Male,,,https://ui-avatars.com/api/?name=F+G&color=FFFFFF&background=000000,ATHX LONDON 2025,United Kingdom 🇬🇧,2025,Male,ATHX,Strength,,,,,
42,Angus,Cross,Angus Cross,Male,,,https://ui-avatars.com/api/?name=A+C&color=FFFFFF&background=000000,ATHX LONDON 2025,United Kingdom 🇬🇧,2025,Male,ATHX,Strength,,,,,
42,Alfie,Burton,Alfie Burton,Male,,,https://ui-avatars.com/api/?name=A+B&color=FFFFFF&background=000000,ATHX LONDON 2025,United Kingdom 🇬🇧,2025,Male,ATHX,Strength,,,,,
42,Richard,Mcleod,Richard Mcleod,Male,,,https://ui-avatars.com/api/?name=R+M&color=FFFFFF&background=000000,ATHX LONDON 2025,United Kingdom 🇬🇧,2025,Male,ATHX,Strength,,,,,
42,Josh,Clarke,Josh Clarke,Male,,,https://ui-avatars.com/api/?name=J+C&color=FFFFFF&background=000000,ATHX LONDON 2025,United Kingdom 🇬🇧,2025,Male,ATHX,Strength,,,,,
42,Allen,Walker,Allen Walker,Male,,,https://ui-avatars.com/api/?name=A+W&color=FFFFFF&background=000000,ATHX LONDON 2025,United Kingdom 🇬🇧,2025,Male,ATHX,Strength,,,,,
42,Matthew,Tebb,Matthew Tebb,Male,,,https://ui-avatars.com/api/?name=M+T&color=FFFFFF&background=000000,ATHX LONDON 2025,United Kingdom 🇬🇧,2025,Male,ATHX,Strength,,,,,
42,Maurice,Ryan,Maurice Ryan,Male,,,https://ui-avatars.com/api/?name=M+R&color=FFFFFF&background=000000,ATHX LONDON 2025,United Kingdom 🇬🇧,2025,Male,ATHX,Strength,,,,,
42,Jordan,McCabe,Jordan McCabe,Male,,,https://ui-avatars.com/api/?name=J+M&color=FFFFFF&background=000000,ATHX LONDON 2025,United Kingdom 🇬🇧,2025,Male,ATHX,Strength,,,,,
42,Liam,Horgan,Liam Horgan,Male,,,https://ui-avatars.com/api/?name=L+H&color=FFFFFF&background=000000,ATHX LONDON 2025,United Kingdom 🇬🇧,2025,Male,ATHX,Strength,,,,,
52,Fraser,Tait,Fraser Tait,Male,,,https://ui-avatars.com/api/?name=F+T&color=FFFFFF&background=000000,ATHX LONDON 2025,United Kingdom 🇬🇧,2025,Male,ATHX,Strength,,,,,
53,Jack,Langton,Jack Langton,Male,,,https://ui-avatars.com/api/?name=J+L&color=FFFFFF&background=000000,ATHX LONDON 2025,United Kingdom 🇬🇧,2025,Male,ATHX,Strength,,,,,
54,Ethan,Greene,Ethan Greene,Male,,,https://ui-avatars.com/api/?name=E+G&color=FFFFFF&background=000000,ATHX LONDON 2025,United Kingdom 🇬🇧,2025,Male,ATHX,Strength,,,,,
54,James,Clemmence,James Clemmence,Male,,,https://ui-avatars.com/api/?name=J+C&color=FFFFFF&background=000000,ATHX LONDON 2025,United Kingdom 🇬🇧,2025,Male,ATHX,Strength,,,,,
54,Sean,Quinn,Sean Quinn,Male,,,https://ui-avatars.com/api/?name=S+Q&color=FFFFFF&background=000000,ATHX LONDON 2025,United Kingdom 🇬🇧,2025,Male,ATHX,Strength,,,,,
54,Tony,Noble,Tony Noble,Male,,,https://ui-avatars.com/api/?name=T+N&color=FFFFFF&background=000000,ATHX LONDON 2025,United Kingdom 🇬🇧,2025,Male,ATHX,Strength,,,,,
54,Harry,Fricker,Harry Fricker,Male,,,https://ui-avatars.com/api/?name=H+F&color=FFFFFF&background=000000,ATHX LONDON 2025,United Kingdom 🇬🇧,2025,Male,ATHX,Strength,,,,,
54,Matt,Cooper,Matt Cooper,Male,,,https://ui-avatars.com/api/?name=M+C&color=FFFFFF&background=000000,ATHX LONDON 2025,United Kingdom 🇬🇧,2025,Male,ATHX,Strength,,,,,
54,Jason,Agate,Jason Agate,Male,,,https://ui-avatars.com/api/?name=J+A&color=FFFFFF&background=000000,ATHX LONDON 2025,United Kingdom 🇬🇧,2025,Male,ATHX,Strength,,,,,
54,Scott,Reid,Scott Reid,Male,,,https://ui-avatars.com/api/?name=S+R&color=FFFFFF&background=000000,ATHX LONDON 2025,United Kingdom 🇬🇧,2025,Male,ATHX,Strength,,,,,
54,Cameron,Paton,Cameron Paton,Male,,,https://ui-avatars.com/api/?name=C+P&color=FFFFFF&background=000000,ATHX LONDON 2025,United Kingdom 🇬🇧,2025,Male,ATHX,Strength,,,,,
63,Ben,Hazell,Ben Hazell,Male,,,https://ui-avatars.com/api/?name=B+H&color=FFFFFF&background=000000,ATHX LONDON 2025,United Kingdom 🇬🇧,2025,Male,ATHX,Strength,,,,,
63,Fraser,Hills,Fraser Hills,Male,,,https://ui-avatars.com/api/?name=F+H&color=FFFFFF&background=000000,ATHX LONDON 2025,United Kingdom 🇬🇧,2025,Male,ATHX,Strength,,,,,
65,William,Brown,William Brown,Male,,,https://ui-avatars.com/api/?name=W+B&color=FFFFFF&background=000000,ATHX LONDON 2025,United Kingdom 🇬🇧,2025,Male,ATHX,Strength,,,,,
65,David,Baptiste,David Baptiste,Male,United Kingdom,,https://athxgames.com/storage/profile-photos/dCpYRxLby1AmQUBd4eBhv7XTfMcn08Zii5J9cDR8.jpg,ATHX LONDON 2025,United Kingdom 🇬🇧,2025,Male,ATHX,Strength,,,,,
65,Nathan,Waterfield,Nathan Waterfield,Male,,,https://ui-avatars.com/api/?name=N+W&color=FFFFFF&background=000000,ATHX LONDON 2025,United Kingdom 🇬🇧,2025,Male,ATHX,Strength,,,,,
65,Ben,Kimber,Ben Kimber,Male,,,https://ui-avatars.com/api/?name=B+K&color=FFFFFF&background=000000,ATHX LONDON 2025,United Kingdom 🇬🇧,2025,Male,ATHX,Strength,,,,,
65,Luke,Campsall,Luke Campsall,Male,,,https://ui-avatars.com/api/?name=L+C&color=FFFFFF&background=000000,ATHX LONDON 2025,United Kingdom 🇬🇧,2025,Male,ATHX,Strength,,,,,
65,Jack,Maclean,Jack Maclean,Male,,,https://ui-avatars.com/api/?name=J+M&color=FFFFFF&background=000000,ATHX LONDON 2025,United Kingdom 🇬🇧,2025,Male,ATHX,Strength,,,,,
65,Callum,Ellis,Callum Ellis,Male,,,https://ui-avatars.com/api/?name=C+E&color=FFFFFF&background=000000,ATHX LONDON 2025,United Kingdom 🇬🇧,2025,Male,ATHX,Strength,,,,,
65,Daniel,Jones,Daniel Jones,Male,,,https://ui-avatars.com/api/?name=D+J&color=FFFFFF&background=000000,ATHX LONDON 2025,United Kingdom 🇬🇧,2025,Male,ATHX,Strength,,,,,
65,David,Barry,David Barry,Male,,,https://ui-avatars.com/api/?name=D+B&color=FFFFFF&background=000000,ATHX LONDON 2025,United Kingdom 🇬🇧,2025,Male,ATHX,Strength,,,,,
65,Connor,Mclaren,Connor Mclaren,Male,,,https://ui-avatars.com/api/?name=C+M&color=FFFFFF&background=000000,ATHX LONDON 2025,United Kingdom 🇬🇧,2025,Male,ATHX,Strength,,,,,
65,Archie,Davison,Archie Davison,Male,United Kingdom,One leisure Out Gym,https://ui-avatars.com/api/?name=A+D&color=FFFFFF&background=000000,ATHX LONDON 2025,United Kingdom 🇬🇧,2025,Male,ATHX,Strength,,,,,
65,Reece,Dyer,Reece Dyer,Male,,,https://ui-avatars.com/api/?name=R+D&color=FFFFFF&background=000000,ATHX LONDON 2025,United Kingdom 🇬🇧,2025,Male,ATHX,Strength,,,,,
65,Enoch,Odubote,Enoch Odubote,Male,,,https://ui-avatars.com/api/?name=E+O&color=FFFFFF&background=000000,ATHX LONDON 2025,United Kingdom 🇬🇧,2025,Male,ATHX,Strength,,,,,
65,Sean,Ekila,Sean Ekila,Male,,,https://ui-avatars.com/api/?name=S+E&color=FFFFFF&background=000000,ATHX LONDON 2025,United Kingdom 🇬🇧,2025,Male,ATHX,Strength,,,,,
65,Scott,Firman,Scott Firman,Male,,,https://ui-avatars.com/api/?name=S+F&color=FFFFFF&background=000000,ATHX LONDON 2025,United Kingdom 🇬🇧,2025,Male,ATHX,Strength,,,,,
80,Andrew,Reid,Andrew Reid,Male,,,https://ui-avatars.com/api/?name=A+R&color=FFFFFF&background=000000,ATHX LONDON 2025,United Kingdom 🇬🇧,2025,Male,ATHX,Strength,,,,,
81,Ross,Clarke,Ross Clarke,Male,,,https://ui-avatars.com/api/?name=R+C&color=FFFFFF&background=000000,ATHX LONDON 2025,United Kingdom 🇬🇧,2025,Male,ATHX,Strength,,,,,
81,Zack,Farivarz,Zack Farivarz,Male,,,https://ui-avatars.com/api/?name=Z+F&color=FFFFFF&background=000000,ATHX LONDON 2025,United Kingdom 🇬🇧,2025,Male,ATHX,Strength,,,,,
83,David,Dickie,David Dickie,Male,,,https://ui-avatars.com/api/?name=D+D&color=FFFFFF&background=000000,ATHX LONDON 2025,United Kingdom 🇬🇧,2025,Male,ATHX,Strength,,,,,
84,Adam,Knowles,Adam Knowles,Male,,,https://athxgames.com/storage/profile-photos/egWVCHL8ewbUKzhccoWnLVqzwjQtO9kxZV71HxBJ.jpg,ATHX LONDON 2025,United Kingdom 🇬🇧,2025,Male,ATHX,Strength,,,,,
84,Jonathan,Brooks-Bartlett,Jonathan Brooks-Bartlett,Male,United Kingdom,,https://ui-avatars.com/api/?name=J+B&color=FFFFFF&background=000000,ATHX LONDON 2025,United Kingdom 🇬🇧,2025,Male,ATHX,Strength,,,,,
84,Daniel,Baldwin,Daniel Baldwin,Male,,,https://ui-avatars.com/api/?name=D+B&color=FFFFFF&background=000000,ATHX LONDON 2025,United Kingdom 🇬🇧,2025,Male,ATHX,Strength,,,,,
84,Grant,Laws,Grant Laws,Male,,,https://ui-avatars.com/api/?name=G+L&color=FFFFFF&background=000000,ATHX LONDON 2025,United Kingdom 🇬🇧,2025,Male,ATHX,Strength,,,,,
84,Ryan,Marshall,Ryan Marshall,Male,,,https://ui-avatars.com/api/?name=R+M&color=FFFFFF&background=000000,ATHX LONDON 2025,United Kingdom 🇬🇧,2025,Male,ATHX,Strength,,,,,
84,Nat,Shirley,Nat Shirley,Male,,,https://ui-avatars.com/api/?name=N+S&color=FFFFFF&background=000000,ATHX LONDON 2025,United Kingdom 🇬🇧,2025,Male,ATHX,Strength,,,,,
84,Charlie,Thorne,Charlie Thorne,Male,,,https://ui-avatars.com/api/?name=C+T&color=FFFFFF&background=000000,ATHX LONDON 2025,United Kingdom 🇬🇧,2025,Male,ATHX,Strength,,,,,
84,Bradley,Gayler,Bradley Gayler,Male,,,https://ui-avatars.com/api/?name=B+G&color=FFFFFF&background=000000,ATHX LONDON 2025,United Kingdom 🇬🇧,2025,Male,ATHX,Strength,,,,,
84,Mike,Creamer,Mike Creamer,Male,United Kingdom,Ovrload,https://ui-avatars.com/api/?name=M+C&color=FFFFFF&background=000000,ATHX LONDON 2025,United Kingdom 🇬🇧,2025,Male,ATHX,Strength,,,,,
84,Nick,Jelley,Nick Jelley,Male,United Kingdom,Nix,https://ui-avatars.com/api/?name=N+J&color=FFFFFF&background=000000,ATHX LONDON 2025,United Kingdom 🇬🇧,2025,Male,ATHX,Strength,,,,,
84,Luke,Sallows,Luke Sallows,Male,,,https://ui-avatars.com/api/?name=L+S&color=FFFFFF&background=000000,ATHX LONDON 2025,United Kingdom 🇬🇧,2025,Male,ATHX,Strength,,,,,
84,George,Thatcher,George Thatcher,Male,United Kingdom,,https://ui-avatars.com/api/?name=G+T&color=FFFFFF&background=000000,ATHX LONDON 2025,United Kingdom 🇬🇧,2025,Male,ATHX,Strength,,,,,
96,George,Anderson,George Anderson,Male,,,https://ui-avatars.com/api/?name=G+A&color=FFFFFF&background=000000,ATHX LONDON 2025,United Kingdom 🇬🇧,2025,Male,ATHX,Strength,,,,,
97,David,Thompson,David Thompson,Male,,,https://ui-avatars.com/api/?name=D+T&color=FFFFFF&background=000000,ATHX LONDON 2025,United Kingdom 🇬🇧,2025,Male,ATHX,Strength,,,,,
98,Sam,Griffiths,Sam Griffiths,Male,,CrossFit Verulamium,https://ui-avatars.com/api/?name=S+G&color=FFFFFF&background=000000,ATHX LONDON 2025,United Kingdom 🇬🇧,2025,Male,ATHX,Strength,,,,,
99,Joseph,Miall,Joseph Miall,Male,,,https://ui-avatars.com/api/?name=J+M&color=FFFFFF&background=000000,ATHX LONDON 2025,United Kingdom 🇬🇧,2025,Male,ATHX,Strength,,,,,
99,Cameron,Sayer,Cameron Sayer,Male,,,https://ui-avatars.com/api/?name=C+S&color=FFFFFF&background=000000,ATHX LONDON 2025,United Kingdom 🇬🇧,2025,Male,ATHX,Strength,,,,,
99,Christian,Roebert,Christian Roebert,Male,,,https://ui-avatars.com/api/?name=C+R&color=FFFFFF&background=000000,ATHX LONDON 2025,United Kingdom 🇬🇧,2025,Male,ATHX,Strength,,,,,
99,Nathan,Chisholm,Nathan Chisholm,Male,,,https://ui-avatars.com/api/?name=N+C&color=FFFFFF&background=000000,ATHX LONDON 2025,United Kingdom 🇬🇧,2025,Male,ATHX,Strength,,,,,
99,Luis,Diaz Calvo,Luis Diaz Calvo,Male,,,https://ui-avatars.com/api/?name=L+D+C&color=FFFFFF&background=000000,ATHX LONDON 2025,United Kingdom 🇬🇧,2025,Male,ATHX,Strength,,,,,
99,Ross,Endersby,Ross Endersby,Male,United Kingdom,Sleven,https://ui-avatars.com/api/?name=R+E&color=FFFFFF&background=000000,ATHX LONDON 2025,United Kingdom 🇬🇧,2025,Male,ATHX,Strength,,,,,
99,Lewis,Brightmore,Lewis Brightmore,Male,,,https://ui-avatars.com/api/?name=L+B&color=FFFFFF&background=000000,ATHX LONDON 2025,United Kingdom 🇬🇧,2025,Male,ATHX,Strength,,,,,
99,Josh,Blunt,Josh Blunt,Male,,,https://ui-avatars.com/api/?name=J+B&color=FFFFFF&background=000000,ATHX LONDON 2025,United Kingdom 🇬🇧,2025,Male,ATHX,Strength,,,,,
99,Max,Beishon,Max Beishon,Male,,,https://ui-avatars.com/api/?name=M+B&color=FFFFFF&background=000000,ATHX LONDON 2025,United Kingdom 🇬🇧,2025,Male,ATHX,Strength,,,,,
99,Simon,Pincock,Simon Pincock,Male,,,https://ui-avatars.com/api/?name=S+P&color=FFFFFF&background=000000,ATHX LONDON 2025,United Kingdom 🇬🇧,2025,Male,ATHX,Strength,,,,,
99,Desmond,Jemwa,Desmond Jemwa,Male,,,https://ui-avatars.com/api/?name=D+J&color=FFFFFF&background=000000,ATHX LONDON 2025,United Kingdom 🇬🇧,2025,Male,ATHX,Strength,,,,,
99,Isaiah,James,Isaiah James,Male,,,https://ui-avatars.com/api/?name=I+J&color=FFFFFF&background=000000,ATHX LONDON 2025,United Kingdom 🇬🇧,2025,Male,ATHX,Strength,,,,,
111,Josh,Kane,Josh Kane,Male,,,https://ui-avatars.com/api/?name=J+K&color=FFFFFF&background=000000,ATHX LONDON 2025,United Kingdom 🇬🇧,2025,Male,ATHX,Strength,,,,,
111,Ben,Parsons,Ben Parsons,Male,,,https://ui-avatars.com/api/?name=B+P&color=FFFFFF&background=000000,ATHX LONDON 2025,United Kingdom 🇬🇧,2025,Male,ATHX,Strength,,,,,
113,Luke,Ward,Luke Ward,Male,,,https://ui-avatars.com/api/?name=L+W&color=FFFFFF&background=000000,ATHX LONDON 2025,United Kingdom 🇬🇧,2025,Male,ATHX,Strength,,,,,
113,Liam,Demmon,Liam Demmon,Male,,,https://ui-avatars.com/api/?name=L+D&color=FFFFFF&background=000000,ATHX LONDON 2025,United Kingdom 🇬🇧,2025,Male,ATHX,Strength,,,,,
115,Kieran,McCafferty,Kieran McCafferty,Male,,,https://ui-avatars.com/api/?name=K+M&color=FFFFFF&background=000000,ATHX LONDON 2025,United Kingdom 🇬🇧,2025,Male,ATHX,Strength,,,,,
115,Simon,Pickett,Simon Pickett,Male,United Kingdom,NOMADS Training Club,https://ui-avatars.com/api/?name=S+P&color=FFFFFF&background=000000,ATHX LONDON 2025,United Kingdom 🇬🇧,2025,Male,ATHX,Strength,,,,,
115,Jack,Garforth,Jack Garforth,Male,,,https://ui-avatars.com/api/?name=J+G&color=FFFFFF&background=000000,ATHX LONDON 2025,United Kingdom 🇬🇧,2025,Male,ATHX,Strength,,,,,
115,Steven,Docherty,Steven Docherty,Male,,,https://ui-avatars.com/api/?name=S+D&color=FFFFFF&background=000000,ATHX LONDON 2025,United Kingdom 🇬🇧,2025,Male,ATHX,Strength,,,,,
119,christopher,loisy,christopher loisy,Male,,,https://athxgames.com/storage/profile-photos/dUArgZnuij5jhaJKH1WvNqvbtU8MtL5wyXxEcn5i.jpg,ATHX LONDON 2025,United Kingdom 🇬🇧,2025,Male,ATHX,Strength,,,,,
119,Leon,Copeland,Leon Copeland,Male,,,https://athxgames.com/storage/profile-photos/P5iHNWuRmjZWzCbvNNYfdMZm6jvLmrTbURAHZLV8.jpg,ATHX LONDON 2025,United Kingdom 🇬🇧,2025,Male,ATHX,Strength,,,,,
119,Pedro Henrique,Bernardes,Pedro Henrique Bernardes,Male,Italy,Gymnasium Brixton,https://athxgames.com/storage/profile-photos/6bO0xkIBxXKyZ2cdbY1X288CVno21sCoKyAInTrN.jpg,ATHX LONDON 2025,United Kingdom 🇬🇧,2025,Male,ATHX,Strength,,,,,
119,Germano,Cavallaro,Germano Cavallaro,Male,,,https://ui-avatars.com/api/?name=G+C&color=FFFFFF&background=000000,ATHX LONDON 2025,United Kingdom 🇬🇧,2025,Male,ATHX,Strength,,,,,
119,George,Downs-Wheeler,George Downs-Wheeler,Male,,,https://ui-avatars.com/api/?name=G+D&color=FFFFFF&background=000000,ATHX LONDON 2025,United Kingdom 🇬🇧,2025,Male,ATHX,Strength,,,,,
119,Daniel,BUCKROSS,Daniel BUCKROSS,Male,,,https://ui-avatars.com/api/?name=D+B&color=FFFFFF&background=000000,ATHX LONDON 2025,United Kingdom 🇬🇧,2025,Male,ATHX,Strength,,,,,
119,Joe,Joslyn,Joe Joslyn,Male,,,https://ui-avatars.com/api/?name=J+J&color=FFFFFF&background=000000,ATHX LONDON 2025,United Kingdom 🇬🇧,2025,Male,ATHX,Strength,,,,,
119,Joel,Roystom,Joel Roystom,Male,,,https://ui-avatars.com/api/?name=J+R&color=FFFFFF&background=000000,ATHX LONDON 2025,United Kingdom 🇬🇧,2025,Male,ATHX,Strength,,,,,
119,Jack,Windle,Jack Windle,Male,,,https://ui-avatars.com/api/?name=J+W&color=FFFFFF&background=000000,ATHX LONDON 2025,United Kingdom 🇬🇧,2025,Male,ATHX,Strength,,,,,
119,James,Salmon,James Salmon,Male,,,https://ui-avatars.com/api/?name=J+S&color=FFFFFF&background=000000,ATHX LONDON 2025,United Kingdom 🇬🇧,2025,Male,ATHX,Strength,,,,,
119,Ben,Ruddlesdin,Ben Ruddlesdin,Male,,,https://ui-avatars.com/api/?name=B+R&color=FFFFFF&background=000000,ATHX LONDON 2025,United Kingdom 🇬🇧,2025,Male,ATHX,Strength,,,,,
119,Cameron,Neale,Cameron Neale,Male,,,https://ui-avatars.com/api/?name=C+N&color=FFFFFF&background=000000,ATHX LONDON 2025,United Kingdom 🇬🇧,2025,Male,ATHX,Strength,,,,,
119,Hywel,Rose,Hywel Rose,Male,,,https://ui-avatars.com/api/?name=H+R&color=FFFFFF&background=000000,ATHX LONDON 2025,United Kingdom 🇬🇧,2025,Male,ATHX,Strength,,,,,
119,Sean,Cotter,Sean Cotter,Male,,,https://ui-avatars.com/api/?name=S+C&color=FFFFFF&background=000000,ATHX LONDON 2025,United Kingdom 🇬🇧,2025,Male,ATHX,Strength,,,,,
119,Kassim,Esene,Kassim Esene,Male,,,https://ui-avatars.com/api/?name=K+E&color=FFFFFF&background=000000,ATHX LONDON 2025,United Kingdom 🇬🇧,2025,Male,ATHX,Strength,,,,,
119,Harry,Taylor,Harry Taylor,Male,,,https://ui-avatars.com/api/?name=H+T&color=FFFFFF&background=000000,ATHX LONDON 2025,United Kingdom 🇬🇧,2025,Male,ATHX,Strength,,,,,
119,Perri,Haines,Perri Haines,Male,,,https://ui-avatars.com/api/?name=P+H&color=FFFFFF&background=000000,ATHX LONDON 2025,United Kingdom 🇬🇧,2025,Male,ATHX,Strength,,,,,
136,Taryn,Skinner,Taryn Skinner,Male,,,https://ui-avatars.com/api/?name=T+S&color=FFFFFF&background=000000,ATHX LONDON 2025,United Kingdom 🇬🇧,2025,Male,ATHX,Strength,,,,,
136,Jamie,Rigby,Jamie Rigby,Male,United Kingdom,,https://athxgames.com/storage/profile-photos/r8ZicLhx3TzdSpf2744DAbGdxjj6zwaq6Ekm8TFx.jpg,ATHX LONDON 2025,United Kingdom 🇬🇧,2025,Male,ATHX,Strength,,,,,
138,Francis,Bramble,Francis Bramble,Male,,Coached by Bramble,https://athxgames.com/storage/profile-photos/zEuEGN10kB8OSk2ROlyK6CmMBaY82QCKUMWwsTi5.jpg,ATHX LONDON 2025,United Kingdom 🇬🇧,2025,Male,ATHX,Strength,,,,,
138,Max,Jones,Max Jones,Male,,,https://ui-avatars.com/api/?name=M+J&color=FFFFFF&background=000000,ATHX LONDON 2025,United Kingdom 🇬🇧,2025,Male,ATHX,Strength,,,,,
138,Julian,Wienecke,Julian Wienecke,Male,,,https://ui-avatars.com/api/?name=J+W&color=FFFFFF&background=000000,ATHX LONDON 2025,United Kingdom 🇬🇧,2025,Male,ATHX,Strength,,,,,
141,Ben,Jones,Ben Jones,Male,,,https://ui-avatars.com/api/?name=B+J&color=FFFFFF&background=000000,ATHX LONDON 2025,United Kingdom 🇬🇧,2025,Male,ATHX,Strength,,,,,
141,Chris,Harman,Chris Harman,Male,,,https://ui-avatars.com/api/?name=C+H&color=FFFFFF&background=000000,ATHX LONDON 2025,United Kingdom 🇬🇧,2025,Male,ATHX,Strength,,,,,
141,Peter,Stevenson,Peter Stevenson,Male,,,https://ui-avatars.com/api/?name=P+S&color=FFFFFF&background=000000,ATHX LONDON 2025,United Kingdom 🇬🇧,2025,Male,ATHX,Strength,,,,,
141,Charlie,Griffiths,Charlie Griffiths,Male,,,https://ui-avatars.com/api/?name=C+G&color=FFFFFF&background=000000,ATHX LONDON 2025,United Kingdom 🇬🇧,2025,Male,ATHX,Strength,,,,,
141,Dario,Ruma,Dario Ruma,Male,,,https://ui-avatars.com/api/?name=D+R&color=FFFFFF&background=000000,ATHX LONDON 2025,United Kingdom 🇬🇧,2025,Male,ATHX,Strength,,,,,
141,Alex,Stock,Alex Stock,Male,,,https://ui-avatars.com/api/?name=A+S&color=FFFFFF&background=000000,ATHX LONDON 2025,United Kingdom 🇬🇧,2025,Male,ATHX,Strength,,,,,
141,Alan,Hutchison,Alan Hutchison,Male,,,https://athxgames.com/storage/profile-photos/09svekKzN5TMwT6EWmXgcj1JuanA1cTrGO6F04i0.jpg,ATHX LONDON 2025,United Kingdom 🇬🇧,2025,Male,ATHX,Strength,,,,,
141,Peter,Higgins,Peter Higgins,Male,United Kingdom,,https://ui-avatars.com/api/?name=P+H&color=FFFFFF&background=000000,ATHX LONDON 2025,United Kingdom 🇬🇧,2025,Male,ATHX,Strength,,,,,
141,Aidan,Heron,Aidan Heron,Male,,,https://ui-avatars.com/api/?name=A+H&color=FFFFFF&background=000000,ATHX LONDON 2025,United Kingdom 🇬🇧,2025,Male,ATHX,Strength,,,,,
141,Matthew,Armstrong,Matthew Armstrong,Male,,,https://ui-avatars.com/api/?name=M+A&color=FFFFFF&background=000000,ATHX LONDON 2025,United Kingdom 🇬🇧,2025,Male,ATHX,Strength,,,,,
141,Ben,Scevity,Ben Scevity,Male,,,https://ui-avatars.com/api/?name=B+S&color=FFFFFF&background=000000,ATHX LONDON 2025,United Kingdom 🇬🇧,2025,Male,ATHX,Strength,,,,,
141,Liam,Foweather,Liam Foweather,Male,United Kingdom,Marchon,https://ui-avatars.com/api/?name=L+F&color=FFFFFF&background=000000,ATHX LONDON 2025,United Kingdom 🇬🇧,2025,Male,ATHX,Strength,,,,,
141,Cameron,Okoth,Cameron Okoth,Male,,,https://ui-avatars.com/api/?name=C+O&color=FFFFFF&background=000000,ATHX LONDON 2025,United Kingdom 🇬🇧,2025,Male,ATHX,Strength,,,,,
141,Alex,Blayachi,Alex Blayachi,Male,United Kingdom,Alex,https://ui-avatars.com/api/?name=A+B&color=FFFFFF&background=000000,ATHX LONDON 2025,United Kingdom 🇬🇧,2025,Male,ATHX,Strength,,,,,
141,Scott,Walker,Scott Walker,Male,,,https://ui-avatars.com/api/?name=S+W&color=FFFFFF&background=000000,ATHX LONDON 2025,United Kingdom 🇬🇧,2025,Male,ATHX,Strength,,,,,
141,Patrick,Davies,Patrick Davies,Male,United Kingdom,The vault 164,https://ui-avatars.com/api/?name=P+D&color=FFFFFF&background=000000,ATHX LONDON 2025,United Kingdom 🇬🇧,2025,Male,ATHX,Strength,,,,,
141,Ashley,Snuggs,Ashley Snuggs,Male,,,https://ui-avatars.com/api/?name=A+S&color=FFFFFF&background=000000,ATHX LONDON 2025,United Kingdom 🇬🇧,2025,Male,ATHX,Strength,,,,,
141,Daniel,Turnbull,Daniel Turnbull,Male,,,https://ui-avatars.com/api/?name=D+T&color=FFFFFF&background=000000,ATHX LONDON 2025,United Kingdom 🇬🇧,2025,Male,ATHX,Strength,,,,,
141,Jonathan,Sparkes,Jonathan Sparkes,Male,,,https://athxgames.com/storage/profile-photos/6N0uj5x7wZaIgXHSI3jdpoMMKF2RFBi7fiHPik2Z.jpg,ATHX LONDON 2025,United Kingdom 🇬🇧,2025,Male,ATHX,Strength,,,,,
141,Aurimas,Darguzis,Aurimas Darguzis,Male,,,https://ui-avatars.com/api/?name=A+D&color=FFFFFF&background=000000,ATHX LONDON 2025,United Kingdom 🇬🇧,2025,Male,ATHX,Strength,,,,,
141,Alexander,Sims,Alexander Sims,Male,,,https://ui-avatars.com/api/?name=A+S&color=FFFFFF&background=000000,ATHX LONDON 2025,United Kingdom 🇬🇧,2025,Male,ATHX,Strength,,,,,
141,Dean,Suazo,Dean Suazo,Male,,,https://ui-avatars.com/api/?name=D+S&color=FFFFFF&background=000000,ATHX LONDON 2025,United Kingdom 🇬🇧,2025,Male,ATHX,Strength,,,,,
141,Paul,Spelling,Paul Spelling,Male,,,https://athxgames.com/storage/profile-photos/z5zT64lkU69ZvnuTgiIWq7rQciOjnosTYjhJk48h.jpg,ATHX LONDON 2025,United Kingdom 🇬🇧,2025,Male,ATHX,Strength,,,,,
141,Sam,Roberts,Sam Roberts,Male,Canada,Third Space,https://ui-avatars.com/api/?name=S+R&color=FFFFFF&background=000000,ATHX LONDON 2025,United Kingdom 🇬🇧,2025,Male,ATHX,Strength,,,,,
141,Will,Pate,Will Pate,Male,,,https://ui-avatars.com/api/?name=W+P&color=FFFFFF&background=000000,ATHX LONDON 2025,United Kingdom 🇬🇧,2025,Male,ATHX,Strength,,,,,
141,Rob,O'Neill,Rob O'Neill,Male,,,https://ui-avatars.com/api/?name=R+O&color=FFFFFF&background=000000,ATHX LONDON 2025,United Kingdom 🇬🇧,2025,Male,ATHX,Strength,,,,,
141,Sean,Fontana,Sean Fontana,Male,,Blitz CrossFit,https://athxgames.com/storage/profile-photos/oVbFwerPnZAE4so6UiuvEzZ1Zz2gJc5iTAg1oFja.jpg,ATHX LONDON 2025,United Kingdom 🇬🇧,2025,Male,ATHX,Strength,,,,,
168,Darren,Hancock,Darren Hancock,Male,United Kingdom,Oxhouse,https://ui-avatars.com/api/?name=D+H&color=FFFFFF&background=000000,ATHX LONDON 2025,United Kingdom 🇬🇧,2025,Male,ATHX,Strength,,,,,
169,Joe,Mckeown,Joe Mckeown,Male,,,https://ui-avatars.com/api/?name=J+M&color=FFFFFF&background=000000,ATHX LONDON 2025,United Kingdom 🇬🇧,2025,Male,ATHX,Strength,,,,,
170,Zach,Daniels,Zach Daniels,Male,,,https://ui-avatars.com/api/?name=Z+D&color=FFFFFF&background=000000,ATHX LONDON 2025,United Kingdom 🇬🇧,2025,Male,ATHX,Strength,,,,,
170,Dillon,Thomas,Dillon Thomas,Male,,,https://ui-avatars.com/api/?name=D+T&color=FFFFFF&background=000000,ATHX LONDON 2025,United Kingdom 🇬🇧,2025,Male,ATHX,Strength,,,,,
172,Fin,Dixon,Fin Dixon,Male,,,https://ui-avatars.com/api/?name=F+D&color=FFFFFF&background=000000,ATHX LONDON 2025,United Kingdom 🇬🇧,2025,Male,ATHX,Strength,,,,,
172,Camille,Mulcaire,Camille Mulcaire,Male,,,https://ui-avatars.com/api/?name=C+M&color=FFFFFF&background=000000,ATHX LONDON 2025,United Kingdom 🇬🇧,2025,Male,ATHX,Strength,,,,,
174,Joe,Booth,Joe Booth,Male,,,https://ui-avatars.com/api/?name=J+B&color=FFFFFF&background=000000,ATHX LONDON 2025,United Kingdom 🇬🇧,2025,Male,ATHX,Strength,,,,,
174,Jack,Thompson,Jack Thompson,Male,,,https://ui-avatars.com/api/?name=J+T&color=FFFFFF&background=000000,ATHX LONDON 2025,United Kingdom 🇬🇧,2025,Male,ATHX,Strength,,,,,
174,Alan,Porter,Alan Porter,Male,,,https://ui-avatars.com/api/?name=A+P&color=FFFFFF&background=000000,ATHX LONDON 2025,United Kingdom 🇬🇧,2025,Male,ATHX,Strength,,,,,
174,Scott,Lunnon,Scott Lunnon,Male,United Kingdom,GWD performance,https://ui-avatars.com/api/?name=S+L&color=FFFFFF&background=000000,ATHX LONDON 2025,United Kingdom 🇬🇧,2025,Male,ATHX,Strength,,,,,
174,Alan,Lee,Alan Lee,Male,,,https://ui-avatars.com/api/?name=A+L&color=FFFFFF&background=000000,ATHX LONDON 2025,United Kingdom 🇬🇧,2025,Male,ATHX,Strength,,,,,
174,Robbie,Martin,Robbie Martin,Male,,,https://ui-avatars.com/api/?name=R+M&color=FFFFFF&background=000000,ATHX LONDON 2025,United Kingdom 🇬🇧,2025,Male,ATHX,Strength,,,,,
174,Ali,Campbell-Birkett,Ali Campbell-Birkett,Male,,,https://ui-avatars.com/api/?name=A+C&color=FFFFFF&background=000000,ATHX LONDON 2025,United Kingdom 🇬🇧,2025,Male,ATHX,Strength,,,,,
174,Oli,Mccann,Oli Mccann,Male,,,https://ui-avatars.com/api/?name=O+M&color=FFFFFF&background=000000,ATHX LONDON 2025,United Kingdom 🇬🇧,2025,Male,ATHX,Strength,,,,,
174,Jake,Hankins,Jake Hankins,Male,,,https://athxgames.com/storage/profile-photos/BgtuxTdIz6rE28QUPySVDhJfrvOOg4lywMjBj6me.jpg,ATHX LONDON 2025,United Kingdom 🇬🇧,2025,Male,ATHX,Strength,,,,,
174,James,Lynch,James Lynch,Male,,,https://ui-avatars.com/api/?name=J+L&color=FFFFFF&background=000000,ATHX LONDON 2025,United Kingdom 🇬🇧,2025,Male,ATHX,Strength,,,,,
174,Craig,Rainford,Craig Rainford,Male,,,https://athxgames.com/storage/profile-photos/lxAjPLvKajS1pPuhZpDLKkebHckENUmIBrK5nfMB.png,ATHX LONDON 2025,United Kingdom 🇬🇧,2025,Male,ATHX,Strength,,,,,
174,Shree,Nathoo,Shree Nathoo,Male,United Kingdom,Invictus Fitness,https://ui-avatars.com/api/?name=S+N&color=FFFFFF&background=000000,ATHX LONDON 2025,United Kingdom 🇬🇧,2025,Male,ATHX,Strength,,,,,
174,steve,christophi,steve christophi,Male,,,https://ui-avatars.com/api/?name=s+c&color=FFFFFF&background=000000,ATHX LONDON 2025,United Kingdom 🇬🇧,2025,Male,ATHX,Strength,,,,,
174,Ali,Walker,Ali Walker,Male,,,https://ui-avatars.com/api/?name=A+W&color=FFFFFF&background=000000,ATHX LONDON 2025,United Kingdom 🇬🇧,2025,Male,ATHX,Strength,,,,,
174,Michael,Coutts,Michael Coutts,Male,,,https://ui-avatars.com/api/?name=M+C&color=FFFFFF&background=000000,ATHX LONDON 2025,United Kingdom 🇬🇧,2025,Male,ATHX,Strength,,,,,
174,Chris,Bullough,Chris Bullough,Male,,,https://ui-avatars.com/api/?name=C+B&color=FFFFFF&background=000000,ATHX LONDON 2025,United Kingdom 🇬🇧,2025,Male,ATHX,Strength,,,,,
174,Richard,Potts,Richard Potts,Male,,,https://ui-avatars.com/api/?name=R+P&color=FFFFFF&background=000000,ATHX LONDON 2025,United Kingdom 🇬🇧,2025,Male,ATHX,Strength,,,,,
191,Paul,Whittaker,Paul Whittaker,Male,United Kingdom,Jake Wood PT Nottingham,https://ui-avatars.com/api/?name=P+W&color=FFFFFF&background=000000,ATHX LONDON 2025,United Kingdom 🇬🇧,2025,Male,ATHX,Strength,,,,,
191,Jamie,Wooffitt,Jamie Wooffitt,Male,,,https://ui-avatars.com/api/?name=J+W&color=FFFFFF&background=000000,ATHX LONDON 2025,United Kingdom 🇬🇧,2025,Male,ATHX,Strength,,,,,
191,Shane,Leeks,Shane Leeks,Male,,,https://ui-avatars.com/api/?name=S+L&color=FFFFFF&background=000000,ATHX LONDON 2025,United Kingdom 🇬🇧,2025,Male,ATHX,Strength,,,,,
194,Ollie,Rees,Ollie Rees,Male,United Kingdom,,https://ui-avatars.com/api/?name=O+R&color=FFFFFF&background=000000,ATHX LONDON 2025,United Kingdom 🇬🇧,2025,Male,ATHX,Strength,,,,,
194,Joshua,French,Joshua French,Male,,,https://ui-avatars.com/api/?name=J+F&color=FFFFFF&background=000000,ATHX LONDON 2025,United Kingdom 🇬🇧,2025,Male,ATHX,Strength,,,,,
194,David,Garry,David Garry,Male,,,https://ui-avatars.com/api/?name=D+G&color=FFFFFF&background=000000,ATHX LONDON 2025,United Kingdom 🇬🇧,2025,Male,ATHX,Strength,,,,,
197,Jodee,Pearce,Jodee Pearce,Male,,,https://ui-avatars.com/api/?name=J+P&color=FFFFFF&background=000000,ATHX LONDON 2025,United Kingdom 🇬🇧,2025,Male,ATHX,Strength,,,,,
197,Tom,Palin,Tom Palin,Male,,,https://ui-avatars.com/api/?name=T+P&color=FFFFFF&background=000000,ATHX LONDON 2025,United Kingdom 🇬🇧,2025,Male,ATHX,Strength,,,,,
199,Alex,Koumi,Alex Koumi,Male,,,https://ui-avatars.com/api/?name=A+K&color=FFFFFF&background=000000,ATHX LONDON 2025,United Kingdom 🇬🇧,2025,Male,ATHX,Strength,,,,,
199,Shane,McCall,Shane McCall,Male,,,https://ui-avatars.com/api/?name=S+M&color=FFFFFF&background=000000,ATHX LONDON 2025,United Kingdom 🇬🇧,2025,Male,ATHX,Strength,,,,,
199,Alec,Doran,Alec Doran,Male,,,https://ui-avatars.com/api/?name=A+D&color=FFFFFF&background=000000,ATHX LONDON 2025,United Kingdom 🇬🇧,2025,Male,ATHX,Strength,,,,,
199,Darren,Braybrook,Darren Braybrook,Male,,,https://ui-avatars.com/api/?name=D+B&color=FFFFFF&background=000000,ATHX LONDON 2025,United Kingdom 🇬🇧,2025,Male,ATHX,Strength,,,,,
199,Harry,Wallis,Harry Wallis,Male,United Kingdom,Brigade,https://ui-avatars.com/api/?name=H+W&color=FFFFFF&background=000000,ATHX LONDON 2025,United Kingdom 🇬🇧,2025,Male,ATHX,Strength,,,,,
199,Trevor,Draper,Trevor Draper,Male,,,https://ui-avatars.com/api/?name=T+D&color=FFFFFF&background=000000,ATHX LONDON 2025,United Kingdom 🇬🇧,2025,Male,ATHX,Strength,,,,,
199,Josh,Aldridge,Josh Aldridge,Male,,,https://ui-avatars.com/api/?name=J+A&color=FFFFFF&background=000000,ATHX LONDON 2025,United Kingdom 🇬🇧,2025,Male,ATHX,Strength,,,,,
199,Steve,Perry-Dehaney,Steve Perry-Dehaney,Male,,,https://ui-avatars.com/api/?name=S+P&color=FFFFFF&background=000000,ATHX LONDON 2025,United Kingdom 🇬🇧,2025,Male,ATHX,Strength,,,,,
199,Dom,Tribuzio,Dom Tribuzio,Male,,,https://ui-avatars.com/api/?name=D+T&color=FFFFFF&background=000000,ATHX LONDON 2025,United Kingdom 🇬🇧,2025,Male,ATHX,Strength,,,,,
199,Jon,Kay,Jon Kay,Male,,,https://ui-avatars.com/api/?name=J+K&color=FFFFFF&background=000000,ATHX LONDON 2025,United Kingdom 🇬🇧,2025,Male,ATHX,Strength,,,,,
199,Charlie,Brake,Charlie Brake,Male,,,https://ui-avatars.com/api/?name=C+B&color=FFFFFF&background=000000,ATHX LONDON 2025,United Kingdom 🇬🇧,2025,Male,ATHX,Strength,,,,,
199,Suneil,Paal,Suneil Paal,Male,,,https://ui-avatars.com/api/?name=S+P&color=FFFFFF&background=000000,ATHX LONDON 2025,United Kingdom 🇬🇧,2025,Male,ATHX,Strength,,,,,
199,Dominik,Bulat,Dominik Bulat,Male,,,https://ui-avatars.com/api/?name=D+B&color=FFFFFF&background=000000,ATHX LONDON 2025,United Kingdom 🇬🇧,2025,Male,ATHX,Strength,,,,,
199,Stephen,Ross-Shields,Stephen Ross-Shields,Male,Ireland,Gymnasium,https://ui-avatars.com/api/?name=S+R&color=FFFFFF&background=000000,ATHX LONDON 2025,United Kingdom 🇬🇧,2025,Male,ATHX,Strength,,,,,
199,Marcus,devlin,Marcus devlin,Male,,,https://ui-avatars.com/api/?name=M+d&color=FFFFFF&background=000000,ATHX LONDON 2025,United Kingdom 🇬🇧,2025,Male,ATHX,Strength,,,,,
199,Mams,Sowe,Mams Sowe,Male,,,https://ui-avatars.com/api/?name=M+S&color=FFFFFF&background=000000,ATHX LONDON 2025,United Kingdom 🇬🇧,2025,Male,ATHX,Strength,,,,,
199,Ethan,Butler,Ethan Butler,Male,,,https://ui-avatars.com/api/?name=E+B&color=FFFFFF&background=000000,ATHX LONDON 2025,United Kingdom 🇬🇧,2025,Male,ATHX,Strength,,,,,
199,Hugh,Hamilton-Green,Hugh Hamilton-Green,Male,United Kingdom,Shapesmiths,https://ui-avatars.com/api/?name=H+H&color=FFFFFF&background=000000,ATHX LONDON 2025,United Kingdom 🇬🇧,2025,Male,ATHX,Strength,,,,,
199,Ben,Hamer,Ben Hamer,Male,,,https://ui-avatars.com/api/?name=B+H&color=FFFFFF&background=000000,ATHX LONDON 2025,United Kingdom 🇬🇧,2025,Male,ATHX,Strength,,,,,
199,Austin,Ward,Austin Ward,Male,United Kingdom,,https://ui-avatars.com/api/?name=A+W&color=FFFFFF&background=000000,ATHX LONDON 2025,United Kingdom 🇬🇧,2025,Male,ATHX,Strength,,,,,
199,David,Nolan,David Nolan,Male,,,https://ui-avatars.com/api/?name=D+N&color=FFFFFF&background=000000,ATHX LONDON 2025,United Kingdom 🇬🇧,2025,Male,ATHX,Strength,,,,,
199,Nick,Sharp,Nick Sharp,Male,,,https://ui-avatars.com/api/?name=N+S&color=FFFFFF&background=000000,ATHX LONDON 2025,United Kingdom 🇬🇧,2025,Male,ATHX,Strength,,,,,
199,James,Grimee,James Grimee,Male,,,https://ui-avatars.com/api/?name=J+G&color=FFFFFF&background=000000,ATHX LONDON 2025,United Kingdom 🇬🇧,2025,Male,ATHX,Strength,,,,,
199,Dan,Foreman,Dan Foreman,Male,,,https://ui-avatars.com/api/?name=D+F&color=FFFFFF&background=000000,ATHX LONDON 2025,United Kingdom 🇬🇧,2025,Male,ATHX,Strength,,,,,
223,Roly,Ingleby-MacKenzie,Roly Ingleby-MacKenzie,Male,,,https://ui-avatars.com/api/?name=R+I&color=FFFFFF&background=000000,ATHX LONDON 2025,United Kingdom 🇬🇧,2025,Male,ATHX,Strength,,,,,
223,Chris,Carter,Chris Carter,Male,,,https://athxgames.com/storage/profile-photos/lKgltZWbBR2rPytrOS54PhkApQlwlyLchVZbLtij.jpg,ATHX LONDON 2025,United Kingdom 🇬🇧,2025,Male,ATHX,Strength,,,,,
223,Charles,Nell,Charles Nell,Male,,,https://ui-avatars.com/api/?name=C+N&color=FFFFFF&background=000000,ATHX LONDON 2025,United Kingdom 🇬🇧,2025,Male,ATHX,Strength,,,,,
226,Andrew,Cockrell,Andrew Cockrell,Male,,,https://ui-avatars.com/api/?name=A+C&color=FFFFFF&background=000000,ATHX LONDON 2025,United Kingdom 🇬🇧,2025,Male,ATHX,Strength,,,,,
226,Oliver,Blake,Oliver Blake,Male,,,https://athxgames.com/storage/profile-photos/2MfzBm5pa578G2Jktjlp4Hikda1LF5lQRQChlkf1.jpg,ATHX LONDON 2025,United Kingdom 🇬🇧,2025,Male,ATHX,Strength,,,,,
226,Bruno,Offner,Bruno Offner,Male,,,https://ui-avatars.com/api/?name=B+O&color=FFFFFF&background=000000,ATHX LONDON 2025,United Kingdom 🇬🇧,2025,Male,ATHX,Strength,,,,,
229,James,Rann,James Rann,Male,,,https://ui-avatars.com/api/?name=J+R&color=FFFFFF&background=000000,ATHX LONDON 2025,United Kingdom 🇬🇧,2025,Male,ATHX,Strength,,,,,
230,Luke,Harvey,Luke Harvey,Male,,,https://ui-avatars.com/api/?name=L+H&color=FFFFFF&background=000000,ATHX LONDON 2025,United Kingdom 🇬🇧,2025,Male,ATHX,Strength,,,,,
230,Ben,Harwood,Ben Harwood,Male,,GWD,https://ui-avatars.com/api/?name=B+H&color=FFFFFF&background=000000,ATHX LONDON 2025,United Kingdom 🇬🇧,2025,Male,ATHX,Strength,,,,,
230,Andrew,Darling,Andrew Darling,Male,,,https://ui-avatars.com/api/?name=A+D&color=FFFFFF&background=000000,ATHX LONDON 2025,United Kingdom 🇬🇧,2025,Male,ATHX,Strength,,,,,
230,Andrew,Lines,Andrew Lines,Male,,,https://ui-avatars.com/api/?name=A+L&color=FFFFFF&background=000000,ATHX LONDON 2025,United Kingdom 🇬🇧,2025,Male,ATHX,Strength,,,,,
230,Tomas,Bartlett,Tomas Bartlett,Male,,,https://ui-avatars.com/api/?name=T+B&color=FFFFFF&background=000000,ATHX LONDON 2025,United Kingdom 🇬🇧,2025,Male,ATHX,Strength,,,,,
230,Andy,Woodcock,Andy Woodcock,Male,,,https://ui-avatars.com/api/?name=A+W&color=FFFFFF&background=000000,ATHX LONDON 2025,United Kingdom 🇬🇧,2025,Male,ATHX,Strength,,,,,
230,James,Williams,James Williams,Male,,,https://ui-avatars.com/api/?name=J+W&color=FFFFFF&background=000000,ATHX LONDON 2025,United Kingdom 🇬🇧,2025,Male,ATHX,Strength,,,,,
230,Jason,Lee,Jason Lee,Male,,,https://ui-avatars.com/api/?name=J+L&color=FFFFFF&background=000000,ATHX LONDON 2025,United Kingdom 🇬🇧,2025,Male,ATHX,Strength,,,,,
230,Craig,Pereira,Craig Pereira,Male,,,https://ui-avatars.com/api/?name=C+P&color=FFFFFF&background=000000,ATHX LONDON 2025,United Kingdom 🇬🇧,2025,Male,ATHX,Strength,,,,,
230,Ignacio,Mancera Moreno,Ignacio Mancera Moreno,Male,Spain,The Wick,https://athxgames.com/storage/profile-photos/tKQPvRwhA0Leq61hgf2SD2SZVrt6J8zD5CLWxoyB.jpg,ATHX LONDON 2025,United Kingdom 🇬🇧,2025,Male,ATHX,Strength,,,,,
230,Dan,Woodcock,Dan Woodcock,Male,,,https://ui-avatars.com/api/?name=D+W&color=FFFFFF&background=000000,ATHX LONDON 2025,United Kingdom 🇬🇧,2025,Male,ATHX,Strength,,,,,
230,David,Rolo,David Rolo,Male,,,https://ui-avatars.com/api/?name=D+R&color=FFFFFF&background=000000,ATHX LONDON 2025,United Kingdom 🇬🇧,2025,Male,ATHX,Strength,,,,,
230,Mike,Jones,Mike Jones,Male,,,https://ui-avatars.com/api/?name=M+J&color=FFFFFF&background=000000,ATHX LONDON 2025,United Kingdom 🇬🇧,2025,Male,ATHX,Strength,,,,,
230,Oliver,Ody,Oliver Ody,Male,,,https://ui-avatars.com/api/?name=O+O&color=FFFFFF&background=000000,ATHX LONDON 2025,United Kingdom 🇬🇧,2025,Male,ATHX,Strength,,,,,
230,Christian,Struck,Christian Struck,Male,,,https://ui-avatars.com/api/?name=C+S&color=FFFFFF&background=000000,ATHX LONDON 2025,United Kingdom 🇬🇧,2025,Male,ATHX,Strength,,,,,
230,John,Wooding,John Wooding,Male,,,https://ui-avatars.com/api/?name=J+W&color=FFFFFF&background=000000,ATHX LONDON 2025,United Kingdom 🇬🇧,2025,Male,ATHX,Strength,,,,,
230,Jake,Ostrovskis,Jake Ostrovskis,Male,,,https://ui-avatars.com/api/?name=J+O&color=FFFFFF&background=000000,ATHX LONDON 2025,United Kingdom 🇬🇧,2025,Male,ATHX,Strength,,,,,
247,Mandeep,Dosanjh,Mandeep Dosanjh,Male,,,https://ui-avatars.com/api/?name=M+D&color=FFFFFF&background=000000,ATHX LONDON 2025,United Kingdom 🇬🇧,2025,Male,ATHX,Strength,,,,,
248,Callum,Phillips,Callum Phillips,Male,,,https://ui-avatars.com/api/?name=C+P&color=FFFFFF&background=000000,ATHX LONDON 2025,United Kingdom 🇬🇧,2025,Male,ATHX,Strength,,,,,
248,Myles,McNulty,Myles McNulty,Male,,,https://athxgames.com/storage/profile-photos/19588nLVKLS1AdyQtZ3GmwDZpQcjK1jgXLnwMzVU.jpg,ATHX LONDON 2025,United Kingdom 🇬🇧,2025,Male,ATHX,Strength,,,,,
248,James,Elway,James Elway,Male,,,https://ui-avatars.com/api/?name=J+E&color=FFFFFF&background=000000,ATHX LONDON 2025,United Kingdom 🇬🇧,2025,Male,ATHX,Strength,,,,,
248,Hugh,Boyd-Lambley,Hugh Boyd-Lambley,Male,,,https://ui-avatars.com/api/?name=H+B&color=FFFFFF&background=000000,ATHX LONDON 2025,United Kingdom 🇬🇧,2025,Male,ATHX,Strength,,,,,
252,John,Proudlock,John Proudlock,Male,United Kingdom,F45 Cheltenham,https://ui-avatars.com/api/?name=J+P&color=FFFFFF&background=000000,ATHX LONDON 2025,United Kingdom 🇬🇧,2025,Male,ATHX,Strength,,,,,
253,Chris,Borkloe,Chris Borkloe,Male,,,https://ui-avatars.com/api/?name=C+B&color=FFFFFF&background=000000,ATHX LONDON 2025,United Kingdom 🇬🇧,2025,Male,ATHX,Strength,,,,,
253,GEORGE,CONWAY,GEORGE CONWAY,Male,,,https://ui-avatars.com/api/?name=G+C&color=FFFFFF&background=000000,ATHX LONDON 2025,United Kingdom 🇬🇧,2025,Male,ATHX,Strength,,,,,
255,Peter,Slater,Peter Slater,Male,,,https://ui-avatars.com/api/?name=P+S&color=FFFFFF&background=000000,ATHX LONDON 2025,United Kingdom 🇬🇧,2025,Male,ATHX,Strength,,,,,
255,Ross,Dunlop,Ross Dunlop,Male,,,https://ui-avatars.com/api/?name=R+D&color=FFFFFF&background=000000,ATHX LONDON 2025,United Kingdom 🇬🇧,2025,Male,ATHX,Strength,,,,,
255,Alberto,Parrado,Alberto Parrado,Male,,,https://athxgames.com/storage/profile-photos/gXnIf2yjaof85OLbarp0aLbHEaD5ayjlynwMUwvZ.jpg,ATHX LONDON 2025,United Kingdom 🇬🇧,2025,Male,ATHX,Strength,,,,,
255,Josh,Cooper,Josh Cooper,Male,,,https://ui-avatars.com/api/?name=J+C&color=FFFFFF&background=000000,ATHX LONDON 2025,United Kingdom 🇬🇧,2025,Male,ATHX,Strength,,,,,
255,Michael,Bifulco,Michael Bifulco,Male,,,https://ui-avatars.com/api/?name=M+B&color=FFFFFF&background=000000,ATHX LONDON 2025,United Kingdom 🇬🇧,2025,Male,ATHX,Strength,,,,,
255,Nik,Leeke,Nik Leeke,Male,,,https://ui-avatars.com/api/?name=N+L&color=FFFFFF&background=000000,ATHX LONDON 2025,United Kingdom 🇬🇧,2025,Male,ATHX,Strength,,,,,
255,Matthew,Clements,Matthew Clements,Male,,,https://ui-avatars.com/api/?name=M+C&color=FFFFFF&background=000000,ATHX LONDON 2025,United Kingdom 🇬🇧,2025,Male,ATHX,Strength,,,,,
255,Alastair,McAdam,Alastair McAdam,Male,,,https://ui-avatars.com/api/?name=A+M&color=FFFFFF&background=000000,ATHX LONDON 2025,United Kingdom 🇬🇧,2025,Male,ATHX,Strength,,,,,
255,Milad,Banaei,Milad Banaei,Male,,,https://ui-avatars.com/api/?name=M+B&color=FFFFFF&background=000000,ATHX LONDON 2025,United Kingdom 🇬🇧,2025,Male,ATHX,Strength,,,,,
255,Tom,Shiel,Tom Shiel,Male,,,https://ui-avatars.com/api/?name=T+S&color=FFFFFF&background=000000,ATHX LONDON 2025,United Kingdom 🇬🇧,2025,Male,ATHX,Strength,,,,,
255,Tim,Blundy,Tim Blundy,Male,,,https://ui-avatars.com/api/?name=T+B&color=FFFFFF&background=000000,ATHX LONDON 2025,United Kingdom 🇬🇧,2025,Male,ATHX,Strength,,,,,
255,Alex,Stout,Alex Stout,Male,,,https://ui-avatars.com/api/?name=A+S&color=FFFFFF&background=000000,ATHX LONDON 2025,United Kingdom 🇬🇧,2025,Male,ATHX,Strength,,,,,
255,Stuart,Starkey,Stuart Starkey,Male,,,https://ui-avatars.com/api/?name=S+S&color=FFFFFF&background=000000,ATHX LONDON 2025,United Kingdom 🇬🇧,2025,Male,ATHX,Strength,,,,,
255,Aran,Channa,Aran Channa,Male,,,https://ui-avatars.com/api/?name=A+C&color=FFFFFF&background=000000,ATHX LONDON 2025,United Kingdom 🇬🇧,2025,Male,ATHX,Strength,,,,,
255,Shaun,Ellender,Shaun Ellender,Male,,,https://ui-avatars.com/api/?name=S+E&color=FFFFFF&background=000000,ATHX LONDON 2025,United Kingdom 🇬🇧,2025,Male,ATHX,Strength,,,,,
255,prem,Kushwaha,prem Kushwaha,Male,,,https://ui-avatars.com/api/?name=p+K&color=FFFFFF&background=000000,ATHX LONDON 2025,United Kingdom 🇬🇧,2025,Male,ATHX,Strength,,,,,
255,Laurence,Pannell,Laurence Pannell,Male,,,https://ui-avatars.com/api/?name=L+P&color=FFFFFF&background=000000,ATHX LONDON 2025,United Kingdom 🇬🇧,2025,Male,ATHX,Strength,,,,,
255,Sam,Long,Sam Long,Male,,,https://ui-avatars.com/api/?name=S+L&color=FFFFFF&background=000000,ATHX LONDON 2025,United Kingdom 🇬🇧,2025,Male,ATHX,Strength,,,,,
255,Andy,Hovey,Andy Hovey,Male,,,https://ui-avatars.com/api/?name=A+H&color=FFFFFF&background=000000,ATHX LONDON 2025,United Kingdom 🇬🇧,2025,Male,ATHX,Strength,,,,,
255,Mark,Twigg,Mark Twigg,Male,,,https://ui-avatars.com/api/?name=M+T&color=FFFFFF&background=000000,ATHX LONDON 2025,United Kingdom 🇬🇧,2025,Male,ATHX,Strength,,,,,
255,Adam,Hemming,Adam Hemming,Male,,,https://ui-avatars.com/api/?name=A+H&color=FFFFFF&background=000000,ATHX LONDON 2025,United Kingdom 🇬🇧,2025,Male,ATHX,Strength,,,,,
255,Ed,McKenzie,Ed McKenzie,Male,,,https://ui-avatars.com/api/?name=E+M&color=FFFFFF&background=000000,ATHX LONDON 2025,United Kingdom 🇬🇧,2025,Male,ATHX,Strength,,,,,
255,Jonathan,Dale,Jonathan Dale,Male,,,https://ui-avatars.com/api/?name=J+D&color=FFFFFF&background=000000,ATHX LONDON 2025,United Kingdom 🇬🇧,2025,Male,ATHX,Strength,,,,,
255,Ryan,Crisp,Ryan Crisp,Male,,,https://ui-avatars.com/api/?name=R+C&color=FFFFFF&background=000000,ATHX LONDON 2025,United Kingdom 🇬🇧,2025,Male,ATHX,Strength,,,,,
255,David,Such,David Such,Male,,,https://ui-avatars.com/api/?name=D+S&color=FFFFFF&background=000000,ATHX LONDON 2025,United Kingdom 🇬🇧,2025,Male,ATHX,Strength,,,,,
255,Wayne,Thomas,Wayne Thomas,Male,,,https://ui-avatars.com/api/?name=W+T&color=FFFFFF&background=000000,ATHX LONDON 2025,United Kingdom 🇬🇧,2025,Male,ATHX,Strength,,,,,
255,David,Watson,David Watson,Male,,,https://ui-avatars.com/api/?name=D+W&color=FFFFFF&background=000000,ATHX LONDON 2025,United Kingdom 🇬🇧,2025,Male,ATHX,Strength,,,,,
255,Jay,Smith,Jay Smith,Male,,,https://ui-avatars.com/api/?name=J+S&color=FFFFFF&background=000000,ATHX LONDON 2025,United Kingdom 🇬🇧,2025,Male,ATHX,Strength,,,,,
255,Pete,Berrett,Pete Berrett,Male,,,https://ui-avatars.com/api/?name=P+B&color=FFFFFF&background=000000,ATHX LONDON 2025,United Kingdom 🇬🇧,2025,Male,ATHX,Strength,,,,,
255,Sean,Louw,Sean Louw,Male,British Indian Ocean Territory,CrossFit Crawley,https://ui-avatars.com/api/?name=S+L&color=FFFFFF&background=000000,ATHX LONDON 2025,United Kingdom 🇬🇧,2025,Male,ATHX,Strength,,,,,
255,Ronan,Francis,Ronan Francis,Male,,,https://ui-avatars.com/api/?name=R+F&color=FFFFFF&background=000000,ATHX LONDON 2025,United Kingdom 🇬🇧,2025,Male,ATHX,Strength,,,,,
286,Kio,Apaloo,Kio Apaloo,Male,,,https://ui-avatars.com/api/?name=K+A&color=FFFFFF&background=000000,ATHX LONDON 2025,United Kingdom 🇬🇧,2025,Male,ATHX,Strength,,,,,
287,Marlon,Pinto,Marlon Pinto,Male,United Kingdom,,https://ui-avatars.com/api/?name=M+P&color=FFFFFF&background=000000,ATHX LONDON 2025,United Kingdom 🇬🇧,2025,Male,ATHX,Strength,,,,,
287,Tim,Cima,Tim Cima,Male,,,https://ui-avatars.com/api/?name=T+C&color=FFFFFF&background=000000,ATHX LONDON 2025,United Kingdom 🇬🇧,2025,Male,ATHX,Strength,,,,,
289,Chris,Kaye,Chris Kaye,Male,,,https://ui-avatars.com/api/?name=C+K&color=FFFFFF&background=000000,ATHX LONDON 2025,United Kingdom 🇬🇧,2025,Male,ATHX,Strength,,,,,
290,Mark,Kelly,Mark Kelly,Male,,TTZ WELWYN,https://ui-avatars.com/api/?name=M+K&color=FFFFFF&background=000000,ATHX LONDON 2025,United Kingdom 🇬🇧,2025,Male,ATHX,Strength,,,,,
290,Peter,Small,Peter Small,Male,,,https://ui-avatars.com/api/?name=P+S&color=FFFFFF&background=000000,ATHX LONDON 2025,United Kingdom 🇬🇧,2025,Male,ATHX,Strength,,,,,
292,Paul,Peacock,Paul Peacock,Male,United Kingdom,Elevate,https://ui-avatars.com/api/?name=P+P&color=FFFFFF&background=000000,ATHX LONDON 2025,United Kingdom 🇬🇧,2025,Male,ATHX,Strength,,,,,
292,Guillaume,Brocart,Guillaume Brocart,Male,,,https://athxgames.com/storage/profile-photos/FXiYGBiabiLMEwlQvMbRECpm1PCBzsMaK4uq9rDZ.jpg,ATHX LONDON 2025,United Kingdom 🇬🇧,2025,Male,ATHX,Strength,,,,,
292,Jacob,Finney,Jacob Finney,Male,,,https://ui-avatars.com/api/?name=J+F&color=FFFFFF&background=000000,ATHX LONDON 2025,United Kingdom 🇬🇧,2025,Male,ATHX,Strength,,,,,
292,Elliott,Fowler,Elliott Fowler,Male,United Kingdom,CTPT,https://ui-avatars.com/api/?name=E+F&color=FFFFFF&background=000000,ATHX LONDON 2025,United Kingdom 🇬🇧,2025,Male,ATHX,Strength,,,,,
292,Cooper,Gilmour,Cooper Gilmour,Male,,,https://ui-avatars.com/api/?name=C+G&color=FFFFFF&background=000000,ATHX LONDON 2025,United Kingdom 🇬🇧,2025,Male,ATHX,Strength,,,,,
292,Morgan,Rees,Morgan Rees,Male,,,https://ui-avatars.com/api/?name=M+R&color=FFFFFF&background=000000,ATHX LONDON 2025,United Kingdom 🇬🇧,2025,Male,ATHX,Strength,,,,,
292,Adam,Crickmar,Adam Crickmar,Male,,,https://ui-avatars.com/api/?name=A+C&color=FFFFFF&background=000000,ATHX LONDON 2025,United Kingdom 🇬🇧,2025,Male,ATHX,Strength,,,,,
292,Louis,Franklin,Louis Franklin,Male,,,https://ui-avatars.com/api/?name=L+F&color=FFFFFF&background=000000,ATHX LONDON 2025,United Kingdom 🇬🇧,2025,Male,ATHX,Strength,,,,,
292,Jay,Bennett,Jay Bennett,Male,,,https://ui-avatars.com/api/?name=J+B&color=FFFFFF&background=000000,ATHX LONDON 2025,United Kingdom 🇬🇧,2025,Male,ATHX,Strength,,,,,
292,Adrian,Dimov,Adrian Dimov,Male,,,https://ui-avatars.com/api/?name=A+D&color=FFFFFF&background=000000,ATHX LONDON 2025,United Kingdom 🇬🇧,2025,Male,ATHX,Strength,,,,,
292,Kishan,Patel,Kishan Patel,Male,,,https://ui-avatars.com/api/?name=K+P&color=FFFFFF&background=000000,ATHX LONDON 2025,United Kingdom 🇬🇧,2025,Male,ATHX,Strength,,,,,
292,Richard,Donnelly,Richard Donnelly,Male,United Kingdom,CrossFit Dawn,https://ui-avatars.com/api/?name=R+D&color=FFFFFF&background=000000,ATHX LONDON 2025,United Kingdom 🇬🇧,2025,Male,ATHX,Strength,,,,,
292,Alexandre,Diaz,Alexandre Diaz,Male,,,https://athxgames.com/storage/profile-photos/QGHd8tPMbERQipFF6pjbcqeASF2Ezr0n1SsZy6jk.jpg,ATHX LONDON 2025,United Kingdom 🇬🇧,2025,Male,ATHX,Strength,,,,,
292,Matt,Doyle,Matt Doyle,Male,,,https://ui-avatars.com/api/?name=M+D&color=FFFFFF&background=000000,ATHX LONDON 2025,United Kingdom 🇬🇧,2025,Male,ATHX,Strength,,,,,
292,Ed,Ralph,Ed Ralph,Male,,,https://ui-avatars.com/api/?name=E+R&color=FFFFFF&background=000000,ATHX LONDON 2025,United Kingdom 🇬🇧,2025,Male,ATHX,Strength,,,,,
292,Toby,Comer,Toby Comer,Male,,,https://ui-avatars.com/api/?name=T+C&color=FFFFFF&background=000000,ATHX LONDON 2025,United Kingdom 🇬🇧,2025,Male,ATHX,Strength,,,,,
292,matt,canavan,matt canavan,Male,,,https://ui-avatars.com/api/?name=m+c&color=FFFFFF&background=000000,ATHX LONDON 2025,United Kingdom 🇬🇧,2025,Male,ATHX,Strength,,,,,
309,elliott,rowland,elliott rowland,Male,,,https://ui-avatars.com/api/?name=e+r&color=FFFFFF&background=000000,ATHX LONDON 2025,United Kingdom 🇬🇧,2025,Male,ATHX,Strength,,,,,
309,Clinton,Groome,Clinton Groome,Male,,,https://ui-avatars.com/api/?name=C+G&color=FFFFFF&background=000000,ATHX LONDON 2025,United Kingdom 🇬🇧,2025,Male,ATHX,Strength,,,,,
311,Anson,Chau,Anson Chau,Male,,,https://ui-avatars.com/api/?name=A+C&color=FFFFFF&background=000000,ATHX LONDON 2025,United Kingdom 🇬🇧,2025,Male,ATHX,Strength,,,,,
311,Dan,Coles,Dan Coles,Male,,,https://ui-avatars.com/api/?name=D+C&color=FFFFFF&background=000000,ATHX LONDON 2025,United Kingdom 🇬🇧,2025,Male,ATHX,Strength,,,,,
311,George,Playford,George Playford,Male,,,https://ui-avatars.com/api/?name=G+P&color=FFFFFF&background=000000,ATHX LONDON 2025,United Kingdom 🇬🇧,2025,Male,ATHX,Strength,,,,,
311,Joseph,Richards,Joseph Richards,Male,,,https://ui-avatars.com/api/?name=J+R&color=FFFFFF&background=000000,ATHX LONDON 2025,United Kingdom 🇬🇧,2025,Male,ATHX,Strength,,,,,
315,Tim,Hagon,Tim Hagon,Male,,,https://ui-avatars.com/api/?name=T+H&color=FFFFFF&background=000000,ATHX LONDON 2025,United Kingdom 🇬🇧,2025,Male,ATHX,Strength,,,,,
316,Juan,Olarieta,Juan Olarieta,Male,Argentina,,https://ui-avatars.com/api/?name=J+O&color=FFFFFF&background=000000,ATHX LONDON 2025,United Kingdom 🇬🇧,2025,Male,ATHX,Strength,,,,,
316,Dan,Curtis,Dan Curtis,Male,United Kingdom,Crossfit Blackheath,https://ui-avatars.com/api/?name=D+C&color=FFFFFF&background=000000,ATHX LONDON 2025,United Kingdom 🇬🇧,2025,Male,ATHX,Strength,,,,,
316,Richard,Tanburn,Richard Tanburn,Male,,,https://ui-avatars.com/api/?name=R+T&color=FFFFFF&background=000000,ATHX LONDON 2025,United Kingdom 🇬🇧,2025,Male,ATHX,Strength,,,,,
316,Henry,Morris,Henry Morris,Male,,,https://ui-avatars.com/api/?name=H+M&color=FFFFFF&background=000000,ATHX LONDON 2025,United Kingdom 🇬🇧,2025,Male,ATHX,Strength,,,,,
316,Saladin,Bell,Saladin Bell,Male,,,https://ui-avatars.com/api/?name=S+B&color=FFFFFF&background=000000,ATHX LONDON 2025,United Kingdom 🇬🇧,2025,Male,ATHX,Strength,,,,,
316,Ramsay,Black,Ramsay Black,Male,,,https://ui-avatars.com/api/?name=R+B&color=FFFFFF&background=000000,ATHX LONDON 2025,United Kingdom 🇬🇧,2025,Male,ATHX,Strength,,,,,
316,Fabian,Ortiz-Barrs,Fabian Ortiz-Barrs,Male,,,https://ui-avatars.com/api/?name=F+O&color=FFFFFF&background=000000,ATHX LONDON 2025,United Kingdom 🇬🇧,2025,Male,ATHX,Strength,,,,,
316,Jake,Howells,Jake Howells,Male,,,https://ui-avatars.com/api/?name=J+H&color=FFFFFF&background=000000,ATHX LONDON 2025,United Kingdom 🇬🇧,2025,Male,ATHX,Strength,,,,,
316,Richard,Wiles-Teoh,Richard Wiles-Teoh,Male,,,https://ui-avatars.com/api/?name=R+W&color=FFFFFF&background=000000,ATHX LONDON 2025,United Kingdom 🇬🇧,2025,Male,ATHX,Strength,,,,,
316,Joshua,Woolliscroft,Joshua Woolliscroft,Male,,,https://ui-avatars.com/api/?name=J+W&color=FFFFFF&background=000000,ATHX LONDON 2025,United Kingdom 🇬🇧,2025,Male,ATHX,Strength,,,,,
316,Olie,Moore,Olie Moore,Male,,,https://ui-avatars.com/api/?name=O+M&color=FFFFFF&background=000000,ATHX LONDON 2025,United Kingdom 🇬🇧,2025,Male,ATHX,Strength,,,,,
316,Chris,Hengeveld,Chris Hengeveld,Male,,,https://ui-avatars.com/api/?name=C+H&color=FFFFFF&background=000000,ATHX LONDON 2025,United Kingdom 🇬🇧,2025,Male,ATHX,Strength,,,,,
316,Mark,Lynch,Mark Lynch,Male,,,https://ui-avatars.com/api/?name=M+L&color=FFFFFF&background=000000,ATHX LONDON 2025,United Kingdom 🇬🇧,2025,Male,ATHX,Strength,,,,,
316,Ajay,Bhamra,Ajay Bhamra,Male,,,https://ui-avatars.com/api/?name=A+B&color=FFFFFF&background=000000,ATHX LONDON 2025,United Kingdom 🇬🇧,2025,Male,ATHX,Strength,,,,,
316,Raj,Josan,Raj Josan,Male,,,https://ui-avatars.com/api/?name=R+J&color=FFFFFF&background=000000,ATHX LONDON 2025,United Kingdom 🇬🇧,2025,Male,ATHX,Strength,,,,,
316,Patryk,Piech,Patryk Piech,Male,,,https://ui-avatars.com/api/?name=P+P&color=FFFFFF&background=000000,ATHX LONDON 2025,United Kingdom 🇬🇧,2025,Male,ATHX,Strength,,,,,
316,Kyle,Ginn-Reynolds,Kyle Ginn-Reynolds,Male,,,https://ui-avatars.com/api/?name=K+G&color=FFFFFF&background=000000,ATHX LONDON 2025,United Kingdom 🇬🇧,2025,Male,ATHX,Strength,,,,,
316,Owen,Davies,Owen Davies,Male,,,https://ui-avatars.com/api/?name=O+D&color=FFFFFF&background=000000,ATHX LONDON 2025,United Kingdom 🇬🇧,2025,Male,ATHX,Strength,,,,,
316,Jordan,Roberts,Jordan Roberts,Male,,,https://ui-avatars.com/api/?name=J+R&color=FFFFFF&background=000000,ATHX LONDON 2025,United Kingdom 🇬🇧,2025,Male,ATHX,Strength,,,,,
316,Stuart,Pannell,Stuart Pannell,Male,,,https://ui-avatars.com/api/?name=S+P&color=FFFFFF&background=000000,ATHX LONDON 2025,United Kingdom 🇬🇧,2025,Male,ATHX,Strength,,,,,
316,Alex,Lennard,Alex Lennard,Male,United Kingdom,F45 Chiswick Park,https://ui-avatars.com/api/?name=A+L&color=FFFFFF&background=000000,ATHX LONDON 2025,United Kingdom 🇬🇧,2025,Male,ATHX,Strength,,,,,
316,Greg,Foot,Greg Foot,Male,,,https://ui-avatars.com/api/?name=G+F&color=FFFFFF&background=000000,ATHX LONDON 2025,United Kingdom 🇬🇧,2025,Male,ATHX,Strength,,,,,
316,Liam,Geary,Liam Geary,Male,,,https://ui-avatars.com/api/?name=L+G&color=FFFFFF&background=000000,ATHX LONDON 2025,United Kingdom 🇬🇧,2025,Male,ATHX,Strength,,,,,
316,Dyllan,Schewitz,Dyllan Schewitz,Male,,,https://ui-avatars.com/api/?name=D+S&color=FFFFFF&background=000000,ATHX LONDON 2025,United Kingdom 🇬🇧,2025,Male,ATHX,Strength,,,,,
316,Patryk,Proniewicz,Patryk Proniewicz,Male,,,https://ui-avatars.com/api/?name=P+P&color=FFFFFF&background=000000,ATHX LONDON 2025,United Kingdom 🇬🇧,2025,Male,ATHX,Strength,,,,,
316,Tom,Serle,Tom Serle,Male,,,https://ui-avatars.com/api/?name=T+S&color=FFFFFF&background=000000,ATHX LONDON 2025,United Kingdom 🇬🇧,2025,Male,ATHX,Strength,,,,,
316,John,Penny,John Penny,Male,,,https://ui-avatars.com/api/?name=J+P&color=FFFFFF&background=000000,ATHX LONDON 2025,United Kingdom 🇬🇧,2025,Male,ATHX,Strength,,,,,
316,Mason,Greig,Mason Greig,Male,,,https://ui-avatars.com/api/?name=M+G&color=FFFFFF&background=000000,ATHX LONDON 2025,United Kingdom 🇬🇧,2025,Male,ATHX,Strength,,,,,
316,Ross,Keeley,Ross Keeley,Male,,,https://ui-avatars.com/api/?name=R+K&color=FFFFFF&background=000000,ATHX LONDON 2025,United Kingdom 🇬🇧,2025,Male,ATHX,Strength,,,,,
316,Richard,Dickson-Lowe,Richard Dickson-Lowe,Male,,,https://ui-avatars.com/api/?name=R+D&color=FFFFFF&background=000000,ATHX LONDON 2025,United Kingdom 🇬🇧,2025,Male,ATHX,Strength,,,,,
346,Blair,Brown,Blair Brown,Male,,,https://ui-avatars.com/api/?name=B+B&color=FFFFFF&background=000000,ATHX LONDON 2025,United Kingdom 🇬🇧,2025,Male,ATHX,Strength,,,,,
347,Anth,Barella,Anth Barella,Male,United Kingdom,,https://athxgames.com/storage/profile-photos/ALnqC7ZFvJLR1c5RJHtTwOcEm8jTwJEIx05ojt5f.jpg,ATHX LONDON 2025,United Kingdom 🇬🇧,2025,Male,ATHX,Strength,,,,,
348,Darren,Jones,Darren Jones,Male,,,https://ui-avatars.com/api/?name=D+J&color=FFFFFF&background=000000,ATHX LONDON 2025,United Kingdom 🇬🇧,2025,Male,ATHX,Strength,,,,,
349,Rob,Fearn,Rob Fearn,Male,,,https://ui-avatars.com/api/?name=R+F&color=FFFFFF&background=000000,ATHX LONDON 2025,United Kingdom 🇬🇧,2025,Male,ATHX,Strength,,,,,
349,Mitch,Richards,Mitch Richards,Male,,,https://ui-avatars.com/api/?name=M+R&color=FFFFFF&background=000000,ATHX LONDON 2025,United Kingdom 🇬🇧,2025,Male,ATHX,Strength,,,,,
349,Greg,Bradley,Greg Bradley,Male,,,https://ui-avatars.com/api/?name=G+B&color=FFFFFF&background=000000,ATHX LONDON 2025,United Kingdom 🇬🇧,2025,Male,ATHX,Strength,,,,,
352,Richard,Moore,Richard Moore,Male,,,https://ui-avatars.com/api/?name=R+M&color=FFFFFF&background=000000,ATHX LONDON 2025,United Kingdom 🇬🇧,2025,Male,ATHX,Strength,,,,,
352,Page,Barrington,Page Barrington,Male,,,https://ui-avatars.com/api/?name=P+B&color=FFFFFF&background=000000,ATHX LONDON 2025,United Kingdom 🇬🇧,2025,Male,ATHX,Strength,,,,,
352,Lee,Stephens,Lee Stephens,Male,United Kingdom,Physical Formula,https://athxgames.com/storage/profile-photos/NFvSN4kRIj5IDoNjKkotR1RDUQNJGaMlHRndY3Qy.jpg,ATHX LONDON 2025,United Kingdom 🇬🇧,2025,Male,ATHX,Strength,,,,,
352,Nathan,Moseby,Nathan Moseby,Male,,,https://ui-avatars.com/api/?name=N+M&color=FFFFFF&background=000000,ATHX LONDON 2025,United Kingdom 🇬🇧,2025,Male,ATHX,Strength,,,,,
352,James,Stack,James Stack,Male,,,https://ui-avatars.com/api/?name=J+S&color=FFFFFF&background=000000,ATHX LONDON 2025,United Kingdom 🇬🇧,2025,Male,ATHX,Strength,,,,,
352,Jamie,Burroughs,Jamie Burroughs,Male,,,https://ui-avatars.com/api/?name=J+B&color=FFFFFF&background=000000,ATHX LONDON 2025,United Kingdom 🇬🇧,2025,Male,ATHX,Strength,,,,,
352,James,Garner,James Garner,Male,United Kingdom,Jetts 24HR Fitness,https://athxgames.com/storage/profile-photos/Kpz0Gaf5gZ7ZnLYoeEw4oltZvKSnlQPjVGB1Hclf.jpg,ATHX LONDON 2025,United Kingdom 🇬🇧,2025,Male,ATHX,Strength,,,,,
359,Stuart,Lyall,Stuart Lyall,Male,,,https://ui-avatars.com/api/?name=S+L&color=FFFFFF&background=000000,ATHX LONDON 2025,United Kingdom 🇬🇧,2025,Male,ATHX,Strength,,,,,
359,Ross,Taylor,Ross Taylor,Male,,,https://ui-avatars.com/api/?name=R+T&color=FFFFFF&background=000000,ATHX LONDON 2025,United Kingdom 🇬🇧,2025,Male,ATHX,Strength,,,,,
359,Samuel,Akroum,Samuel Akroum,Male,,,https://ui-avatars.com/api/?name=S+A&color=FFFFFF&background=000000,ATHX LONDON 2025,United Kingdom 🇬🇧,2025,Male,ATHX,Strength,,,,,
362,Russ,Doman,Russ Doman,Male,,Crossfit SOX,https://ui-avatars.com/api/?name=R+D&color=FFFFFF&background=000000,ATHX LONDON 2025,United Kingdom 🇬🇧,2025,Male,ATHX,Strength,,,,,
363,Noah,Arthur-Tinworth,Noah Arthur-Tinworth,Male,,,https://ui-avatars.com/api/?name=N+A&color=FFFFFF&background=000000,ATHX LONDON 2025,United Kingdom 🇬🇧,2025,Male,ATHX,Strength,,,,,
363,Faron,Young,Faron Young,Male,United Kingdom,CrossFit Hove,https://athxgames.com/storage/profile-photos/TLePA9EmkhyDinri36GvkKj3OVjOI1CQfqKFrFbP.jpg,ATHX LONDON 2025,United Kingdom 🇬🇧,2025,Male,ATHX,Strength,,,,,
363,Hakan,Huseyin,Hakan Huseyin,Male,,,https://ui-avatars.com/api/?name=H+H&color=FFFFFF&background=000000,ATHX LONDON 2025,United Kingdom 🇬🇧,2025,Male,ATHX,Strength,,,,,
363,Edward,Weeden,Edward Weeden,Male,,,https://athxgames.com/storage/profile-photos/mBGEt7bAeF74bUEjcf584OiLEMFmqRah6PwJYx4k.jpg,ATHX LONDON 2025,United Kingdom 🇬🇧,2025,Male,ATHX,Strength,,,,,
367,Helder,Nogueira,Helder Nogueira,Male,Portugal,Shredquarters,https://athxgames.com/storage/profile-photos/kkRN1Raf4HVanJ99PkeAASD1cns1uzQlW9lBLZLI.jpg,ATHX LONDON 2025,United Kingdom 🇬🇧,2025,Male,ATHX,Strength,,,,,
367,Vinnie,Martins,Vinnie Martins,Male,,,https://athxgames.com/storage/profile-photos/5y6UoH1ls2bOfZw4Df3M9jN2WNX9A7grGbgdkh4S.jpg,ATHX LONDON 2025,United Kingdom 🇬🇧,2025,Male,ATHX,Strength,,,,,
367,Kevin,Keiley,Kevin Keiley,Male,,,https://ui-avatars.com/api/?name=K+K&color=FFFFFF&background=000000,ATHX LONDON 2025,United Kingdom 🇬🇧,2025,Male,ATHX,Strength,,,,,
367,Alex,Vinter,Alex Vinter,Male,,,https://ui-avatars.com/api/?name=A+V&color=FFFFFF&background=000000,ATHX LONDON 2025,United Kingdom 🇬🇧,2025,Male,ATHX,Strength,,,,,
367,Kevin,Jeffrey,Kevin Jeffrey,Male,,,https://athxgames.com/storage/profile-photos/6PwqqX2PaZ0JLViHQK0wHJ1XpXRCtDod3egJtWSV.png,ATHX LONDON 2025,United Kingdom 🇬🇧,2025,Male,ATHX,Strength,,,,,
367,Andy,Vincent,Andy Vincent,Male,,,https://ui-avatars.com/api/?name=A+V&color=FFFFFF&background=000000,ATHX LONDON 2025,United Kingdom 🇬🇧,2025,Male,ATHX,Strength,,,,,
367,Eoin,Cody,Eoin Cody,Male,,,https://ui-avatars.com/api/?name=E+C&color=FFFFFF&background=000000,ATHX LONDON 2025,United Kingdom 🇬🇧,2025,Male,ATHX,Strength,,,,,
367,Paul,Simmons,Paul Simmons,Male,,,https://ui-avatars.com/api/?name=P+S&color=FFFFFF&background=000000,ATHX LONDON 2025,United Kingdom 🇬🇧,2025,Male,ATHX,Strength,,,,,
367,Walter,Goba,Walter Goba,Male,,,https://ui-avatars.com/api/?name=W+G&color=FFFFFF&background=000000,ATHX LONDON 2025,United Kingdom 🇬🇧,2025,Male,ATHX,Strength,,,,,
367,Alfred,Leutl,Alfred Leutl,Male,Austria,Das Gym,https://ui-avatars.com/api/?name=A+L&color=FFFFFF&background=000000,ATHX LONDON 2025,United Kingdom 🇬🇧,2025,Male,ATHX,Strength,,,,,
367,Adam,Bell,Adam Bell,Male,,,https://ui-avatars.com/api/?name=A+B&color=FFFFFF&background=000000,ATHX LONDON 2025,United Kingdom 🇬🇧,2025,Male,ATHX,Strength,,,,,
367,Simeon,Dukic,Simeon Dukic,Male,,,https://ui-avatars.com/api/?name=S+D&color=FFFFFF&background=000000,ATHX LONDON 2025,United Kingdom 🇬🇧,2025,Male,ATHX,Strength,,,,,
367,Rob,Brown,Rob Brown,Male,,,https://ui-avatars.com/api/?name=R+B&color=FFFFFF&background=000000,ATHX LONDON 2025,United Kingdom 🇬🇧,2025,Male,ATHX,Strength,,,,,
367,Ed,Brown,Ed Brown,Male,,,https://ui-avatars.com/api/?name=E+B&color=FFFFFF&background=000000,ATHX LONDON 2025,United Kingdom 🇬🇧,2025,Male,ATHX,Strength,,,,,
367,GREGORI,APERS,GREGORI APERS,Male,,,https://ui-avatars.com/api/?name=G+A&color=FFFFFF&background=000000,ATHX LONDON 2025,United Kingdom 🇬🇧,2025,Male,ATHX,Strength,,,,,
367,Jamie,Hall,Jamie Hall,Male,,,https://ui-avatars.com/api/?name=J+H&color=FFFFFF&background=000000,ATHX LONDON 2025,United Kingdom 🇬🇧,2025,Male,ATHX,Strength,,,,,
367,Adam,Fung,Adam Fung,Male,,,https://ui-avatars.com/api/?name=A+F&color=FFFFFF&background=000000,ATHX LONDON 2025,United Kingdom 🇬🇧,2025,Male,ATHX,Strength,,,,,
367,Liam,Newman,Liam Newman,Male,,,https://ui-avatars.com/api/?name=L+N&color=FFFFFF&background=000000,ATHX LONDON 2025,United Kingdom 🇬🇧,2025,Male,ATHX,Strength,,,,,
367,Nathan,Parkin,Nathan Parkin,Male,,,https://ui-avatars.com/api/?name=N+P&color=FFFFFF&background=000000,ATHX LONDON 2025,United Kingdom 🇬🇧,2025,Male,ATHX,Strength,,,,,
386,Aaron,Bassett,Aaron Bassett,Male,,Manor,https://ui-avatars.com/api/?name=A+B&color=FFFFFF&background=000000,ATHX LONDON 2025,United Kingdom 🇬🇧,2025,Male,ATHX,Strength,,,,,
386,Tom,Slabber,Tom Slabber,Male,,,https://ui-avatars.com/api/?name=T+S&color=FFFFFF&background=000000,ATHX LONDON 2025,United Kingdom 🇬🇧,2025,Male,ATHX,Strength,,,,,
388,Ani,Alia,Ani Alia,Male,,,https://ui-avatars.com/api/?name=A+A&color=FFFFFF&background=000000,ATHX LONDON 2025,United Kingdom 🇬🇧,2025,Male,ATHX,Strength,,,,,
389,James,Butler,James Butler,Male,,,https://ui-avatars.com/api/?name=J+B&color=FFFFFF&background=000000,ATHX LONDON 2025,United Kingdom 🇬🇧,2025,Male,ATHX,Strength,,,,,
389,Barney,Aldridge,Barney Aldridge,Male,,,https://ui-avatars.com/api/?name=B+A&color=FFFFFF&background=000000,ATHX LONDON 2025,United Kingdom 🇬🇧,2025,Male,ATHX,Strength,,,,,
389,Charbel,Ghossain Arana,Charbel Ghossain Arana,Male,United Kingdom,Third Space,https://ui-avatars.com/api/?name=C+G+A&color=FFFFFF&background=000000,ATHX LONDON 2025,United Kingdom 🇬🇧,2025,Male,ATHX,Strength,,,,,
392,Lee,Woodyard,Lee Woodyard,Male,,,https://ui-avatars.com/api/?name=L+W&color=FFFFFF&background=000000,ATHX LONDON 2025,United Kingdom 🇬🇧,2025,Male,ATHX,Strength,,,,,
392,Craig,Brown,Craig Brown,Male,,,https://ui-avatars.com/api/?name=C+B&color=FFFFFF&background=000000,ATHX LONDON 2025,United Kingdom 🇬🇧,2025,Male,ATHX,Strength,,,,,
392,Lee,morris,Lee morris,Male,,,https://ui-avatars.com/api/?name=L+m&color=FFFFFF&background=000000,ATHX LONDON 2025,United Kingdom 🇬🇧,2025,Male,ATHX,Strength,,,,,
392,SAM,Berg,SAM Berg,Male,United Kingdom,Marchon,https://ui-avatars.com/api/?name=S+B&color=FFFFFF&background=000000,ATHX LONDON 2025,United Kingdom 🇬🇧,2025,Male,ATHX,Strength,,,,,
392,Jonny,Christian,Jonny Christian,Male,,,https://ui-avatars.com/api/?name=J+C&color=FFFFFF&background=000000,ATHX LONDON 2025,United Kingdom 🇬🇧,2025,Male,ATHX,Strength,,,,,
392,Peter,Daniel,Peter Daniel,Male,,,https://ui-avatars.com/api/?name=P+D&color=FFFFFF&background=000000,ATHX LONDON 2025,United Kingdom 🇬🇧,2025,Male,ATHX,Strength,,,,,
392,Adam,O’Reilly,Adam O’Reilly,Male,,,https://ui-avatars.com/api/?name=A+O&color=FFFFFF&background=000000,ATHX LONDON 2025,United Kingdom 🇬🇧,2025,Male,ATHX,Strength,,,,,
392,Ralph,Smith,Ralph Smith,Male,,,https://ui-avatars.com/api/?name=R+S&color=FFFFFF&background=000000,ATHX LONDON 2025,United Kingdom 🇬🇧,2025,Male,ATHX,Strength,,,,,
392,Piers,Davison,Piers Davison,Male,United Kingdom,OneLdn,https://athxgames.com/storage/profile-photos/fjwQcMbpeoe3H5yQbgGHBnYnimqrYz79iG25srG8.jpg,ATHX LONDON 2025,United Kingdom 🇬🇧,2025,Male,ATHX,Strength,,,,,
392,James,Booth,James Booth,Male,,,https://ui-avatars.com/api/?name=J+B&color=FFFFFF&background=000000,ATHX LONDON 2025,United Kingdom 🇬🇧,2025,Male,ATHX,Strength,,,,,
392,Nick,Barber,Nick Barber,Male,,,https://ui-avatars.com/api/?name=N+B&color=FFFFFF&background=000000,ATHX LONDON 2025,United Kingdom 🇬🇧,2025,Male,ATHX,Strength,,,,,
392,Alfred,Joy,Alfred Joy,Male,,,https://ui-avatars.com/api/?name=A+J&color=FFFFFF&background=000000,ATHX LONDON 2025,United Kingdom 🇬🇧,2025,Male,ATHX,Strength,,,,,
404,Richard,Perkins,Richard Perkins,Male,United Kingdom,CrossFit Iron Duke,https://ui-avatars.com/api/?name=R+P&color=FFFFFF&background=000000,ATHX LONDON 2025,United Kingdom 🇬🇧,2025,Male,ATHX,Strength,,,,,
405,Chris,Sumner-Smith,Chris Sumner-Smith,Male,,,https://ui-avatars.com/api/?name=C+S&color=FFFFFF&background=000000,ATHX LONDON 2025,United Kingdom 🇬🇧,2025,Male,ATHX,Strength,,,,,
405,Taylor,Nunn,Taylor Nunn,Male,,,https://athxgames.com/storage/profile-photos/DYejuQew6BkHVVeOlFzOhhawQT1LcbGlEvfhLfWC.png,ATHX LONDON 2025,United Kingdom 🇬🇧,2025,Male,ATHX,Strength,,,,,
407,Callum,Champain,Callum Champain,Male,,,https://ui-avatars.com/api/?name=C+C&color=FFFFFF&background=000000,ATHX LONDON 2025,United Kingdom 🇬🇧,2025,Male,ATHX,Strength,,,,,
408,Ronnie,Slater,Ronnie Slater,Male,,,https://ui-avatars.com/api/?name=R+S&color=FFFFFF&background=000000,ATHX LONDON 2025,United Kingdom 🇬🇧,2025,Male,ATHX,Strength,,,,,
408,Milen,Milushev,Milen Milushev,Male,,,https://ui-avatars.com/api/?name=M+M&color=FFFFFF&background=000000,ATHX LONDON 2025,United Kingdom 🇬🇧,2025,Male,ATHX,Strength,,,,,
408,SILVIO,MOLINARI,SILVIO MOLINARI,Male,,,https://ui-avatars.com/api/?name=S+M&color=FFFFFF&background=000000,ATHX LONDON 2025,United Kingdom 🇬🇧,2025,Male,ATHX,Strength,,,,,
411,Irwin,Chan,Irwin Chan,Male,,,https://ui-avatars.com/api/?name=I+C&color=FFFFFF&background=000000,ATHX LONDON 2025,United Kingdom 🇬🇧,2025,Male,ATHX,Strength,,,,,
411,Chris,Link,Chris Link,Male,United Kingdom,Chris Link,https://ui-avatars.com/api/?name=C+L&color=FFFFFF&background=000000,ATHX LONDON 2025,United Kingdom 🇬🇧,2025,Male,ATHX,Strength,,,,,
411,Richard,Sandell,Richard Sandell,Male,,,https://ui-avatars.com/api/?name=R+S&color=FFFFFF&background=000000,ATHX LONDON 2025,United Kingdom 🇬🇧,2025,Male,ATHX,Strength,,,,,
411,Jack,Rowett,Jack Rowett,Male,,,https://ui-avatars.com/api/?name=J+R&color=FFFFFF&background=000000,ATHX LONDON 2025,United Kingdom 🇬🇧,2025,Male,ATHX,Strength,,,,,
411,Christian,McCaffery,Christian McCaffery,Male,,,https://ui-avatars.com/api/?name=C+M&color=FFFFFF&background=000000,ATHX LONDON 2025,United Kingdom 🇬🇧,2025,Male,ATHX,Strength,,,,,
411,Matt,Bell,Matt Bell,Male,,,https://ui-avatars.com/api/?name=M+B&color=FFFFFF&background=000000,ATHX LONDON 2025,United Kingdom 🇬🇧,2025,Male,ATHX,Strength,,,,,
411,Alex,Young,Alex Young,Male,,,https://ui-avatars.com/api/?name=A+Y&color=FFFFFF&background=000000,ATHX LONDON 2025,United Kingdom 🇬🇧,2025,Male,ATHX,Strength,,,,,
411,Aaron,Houlihan,Aaron Houlihan,Male,,,https://ui-avatars.com/api/?name=A+H&color=FFFFFF&background=000000,ATHX LONDON 2025,United Kingdom 🇬🇧,2025,Male,ATHX,Strength,,,,,
411,Rick,von Kriegenbergh,Rick von Kriegenbergh,Male,,,https://ui-avatars.com/api/?name=R+v+K&color=FFFFFF&background=000000,ATHX LONDON 2025,United Kingdom 🇬🇧,2025,Male,ATHX,Strength,,,,,
411,Connor,MacMillan,Connor MacMillan,Male,,,https://ui-avatars.com/api/?name=C+M&color=FFFFFF&background=000000,ATHX LONDON 2025,United Kingdom 🇬🇧,2025,Male,ATHX,Strength,,,,,
411,David,Gill,David Gill,Male,,,https://ui-avatars.com/api/?name=D+G&color=FFFFFF&background=000000,ATHX LONDON 2025,United Kingdom 🇬🇧,2025,Male,ATHX,Strength,,,,,
411,Matthew,Holt,Matthew Holt,Male,,,https://ui-avatars.com/api/?name=M+H&color=FFFFFF&background=000000,ATHX LONDON 2025,United Kingdom 🇬🇧,2025,Male,ATHX,Strength,,,,,
411,Bob,Armour,Bob Armour,Male,United Kingdom,AL Fitness,https://athxgames.com/storage/profile-photos/FaxzUhDqck9NPYP8fytkLozSeFy1BEW2o81W93Ty.jpg,ATHX LONDON 2025,United Kingdom 🇬🇧,2025,Male,ATHX,Strength,,,,,
411,Benjamin,Mair,Benjamin Mair,Male,United Kingdom,The vault 164,https://ui-avatars.com/api/?name=B+M&color=FFFFFF&background=000000,ATHX LONDON 2025,United Kingdom 🇬🇧,2025,Male,ATHX,Strength,,,,,
425,Chris,Cramer,Chris Cramer,Male,,,https://ui-avatars.com/api/?name=C+C&color=FFFFFF&background=000000,ATHX LONDON 2025,United Kingdom 🇬🇧,2025,Male,ATHX,Strength,,,,,
425,Paul,Wookey,Paul Wookey,Male,,,https://ui-avatars.com/api/?name=P+W&color=FFFFFF&background=000000,ATHX LONDON 2025,United Kingdom 🇬🇧,2025,Male,ATHX,Strength,,,,,
425,Ben,Diaper,Ben Diaper,Male,,,https://ui-avatars.com/api/?name=B+D&color=FFFFFF&background=000000,ATHX LONDON 2025,United Kingdom 🇬🇧,2025,Male,ATHX,Strength,,,,,
425,Lee,Bonnett,Lee Bonnett,Male,,,https://ui-avatars.com/api/?name=L+B&color=FFFFFF&background=000000,ATHX LONDON 2025,United Kingdom 🇬🇧,2025,Male,ATHX,Strength,,,,,
429,Mikey,Henry,Mikey Henry,Male,,,https://athxgames.com/storage/profile-photos/GqL6JXwxpoJighA5TLflcX1XqNbWAymBHYqx8tgz.jpg,ATHX LONDON 2025,United Kingdom 🇬🇧,2025,Male,ATHX,Strength,,,,,
430,Thomas,Church,Thomas Church,Male,,,https://ui-avatars.com/api/?name=T+C&color=FFFFFF&background=000000,ATHX LONDON 2025,United Kingdom 🇬🇧,2025,Male,ATHX,Strength,,,,,
430,Daniel,Granger,Daniel Granger,Male,,,https://ui-avatars.com/api/?name=D+G&color=FFFFFF&background=000000,ATHX LONDON 2025,United Kingdom 🇬🇧,2025,Male,ATHX,Strength,,,,,
430,Danny,Mead,Danny Mead,Male,,,https://ui-avatars.com/api/?name=D+M&color=FFFFFF&background=000000,ATHX LONDON 2025,United Kingdom 🇬🇧,2025,Male,ATHX,Strength,,,,,
430,Joe,Morton,Joe Morton,Male,,,https://ui-avatars.com/api/?name=J+M&color=FFFFFF&background=000000,ATHX LONDON 2025,United Kingdom 🇬🇧,2025,Male,ATHX,Strength,,,,,
430,Aaron,Sharma,Aaron Sharma,Male,,,https://ui-avatars.com/api/?name=A+S&color=FFFFFF&background=000000,ATHX LONDON 2025,United Kingdom 🇬🇧,2025,Male,ATHX,Strength,,,,,
430,Manuel,Mancuso,Manuel Mancuso,Male,,,https://ui-avatars.com/api/?name=M+M&color=FFFFFF&background=000000,ATHX LONDON 2025,United Kingdom 🇬🇧,2025,Male,ATHX,Strength,,,,,
430,Mark,Wright,Mark Wright,Male,,,https://ui-avatars.com/api/?name=M+W&color=FFFFFF&background=000000,ATHX LONDON 2025,United Kingdom 🇬🇧,2025,Male,ATHX,Strength,,,,,
430,JESUTHASAN FRANCIS,Firath,JESUTHASAN FRANCIS Firath,Male,,,https://ui-avatars.com/api/?name=J+F+F&color=FFFFFF&background=000000,ATHX LONDON 2025,United Kingdom 🇬🇧,2025,Male,ATHX,Strength,,,,,
430,Will,Francis,Will Francis,Male,,,https://athxgames.com/storage/profile-photos/sRd4n2zUgm4ukacjcq8v7yF57nOXDHaywAJSMdZM.jpg,ATHX LONDON 2025,United Kingdom 🇬🇧,2025,Male,ATHX,Strength,,,,,
430,Paul,Sawyer,Paul Sawyer,Male,,,https://ui-avatars.com/api/?name=P+S&color=FFFFFF&background=000000,ATHX LONDON 2025,United Kingdom 🇬🇧,2025,Male,ATHX,Strength,,,,,
430,Eamonn,McBride,Eamonn McBride,Male,,,https://athxgames.com/storage/profile-photos/5evwHssxK4H7a4Walu3ZHRjyPXBzyMktTMMJ1DjW.jpg,ATHX LONDON 2025,United Kingdom 🇬🇧,2025,Male,ATHX,Strength,,,,,
441,Nicholas,Charlier,Nicholas Charlier,Male,,,https://ui-avatars.com/api/?name=N+C&color=FFFFFF&background=000000,ATHX LONDON 2025,United Kingdom 🇬🇧,2025,Male,ATHX,Strength,,,,,
441,Alec,Martin,Alec Martin,Male,,,https://ui-avatars.com/api/?name=A+M&color=FFFFFF&background=000000,ATHX LONDON 2025,United Kingdom 🇬🇧,2025,Male,ATHX,Strength,,,,,
443,Edwin,Lewis,Edwin Lewis,Male,,,https://ui-avatars.com/api/?name=E+L&color=FFFFFF&background=000000,ATHX LONDON 2025,United Kingdom 🇬🇧,2025,Male,ATHX,Strength,,,,,
444,Iain,Frost,Iain Frost,Male,,,https://ui-avatars.com/api/?name=I+F&color=FFFFFF&background=000000,ATHX LONDON 2025,United Kingdom 🇬🇧,2025,Male,ATHX,Strength,,,,,
444,Luis,Cortés,Luis Cortés,Male,,,https://ui-avatars.com/api/?name=L+C&color=FFFFFF&background=000000,ATHX LONDON 2025,United Kingdom 🇬🇧,2025,Male,ATHX,Strength,,,,,
444,Neil,Thompson,Neil Thompson,Male,,,https://ui-avatars.com/api/?name=N+T&color=FFFFFF&background=000000,ATHX LONDON 2025,United Kingdom 🇬🇧,2025,Male,ATHX,Strength,,,,,
444,Charles,Hall,Charles Hall,Male,,,https://ui-avatars.com/api/?name=C+H&color=FFFFFF&background=000000,ATHX LONDON 2025,United Kingdom 🇬🇧,2025,Male,ATHX,Strength,,,,,
444,Conor,Monaghan,Conor Monaghan,Male,,,https://ui-avatars.com/api/?name=C+M&color=FFFFFF&background=000000,ATHX LONDON 2025,United Kingdom 🇬🇧,2025,Male,ATHX,Strength,,,,,
444,Michael,Stainer,Michael Stainer,Male,,,https://ui-avatars.com/api/?name=M+S&color=FFFFFF&background=000000,ATHX LONDON 2025,United Kingdom 🇬🇧,2025,Male,ATHX,Strength,,,,,
444,Sam,Cole,Sam Cole,Male,,,https://ui-avatars.com/api/?name=S+C&color=FFFFFF&background=000000,ATHX LONDON 2025,United Kingdom 🇬🇧,2025,Male,ATHX,Strength,,,,,
444,Christopher,Pauli,Christopher Pauli,Male,,,https://ui-avatars.com/api/?name=C+P&color=FFFFFF&background=000000,ATHX LONDON 2025,United Kingdom 🇬🇧,2025,Male,ATHX,Strength,,,,,
444,Robin,French,Robin French,Male,,,https://athxgames.com/storage/profile-photos/VOXSmSWNp3YZxUu91TDRHorWIC4gTdcfpalSfukU.jpg,ATHX LONDON 2025,United Kingdom 🇬🇧,2025,Male,ATHX,Strength,,,,,
444,Lloyd,Mcgregor,Lloyd Mcgregor,Male,United Kingdom,Vault 164,https://ui-avatars.com/api/?name=L+M&color=FFFFFF&background=000000,ATHX LONDON 2025,United Kingdom 🇬🇧,2025,Male,ATHX,Strength,,,,,
444,Carl,Smith,Carl Smith,Male,,,https://ui-avatars.com/api/?name=C+S&color=FFFFFF&background=000000,ATHX LONDON 2025,United Kingdom 🇬🇧,2025,Male,ATHX,Strength,,,,,
444,Max,Löw,Max Löw,Male,,,https://ui-avatars.com/api/?name=M+L&color=FFFFFF&background=000000,ATHX LONDON 2025,United Kingdom 🇬🇧,2025,Male,ATHX,Strength,,,,,
444,Jonny,Sayle,Jonny Sayle,Male,United Kingdom,BattleBox,https://ui-avatars.com/api/?name=J+S&color=FFFFFF&background=000000,ATHX LONDON 2025,United Kingdom 🇬🇧,2025,Male,ATHX,Strength,,,,,
444,Gabriel,Langford,Gabriel Langford,Male,,,https://ui-avatars.com/api/?name=G+L&color=FFFFFF&background=000000,ATHX LONDON 2025,United Kingdom 🇬🇧,2025,Male,ATHX,Strength,,,,,
444,Dan,Wilton,Dan Wilton,Male,,,https://ui-avatars.com/api/?name=D+W&color=FFFFFF&background=000000,ATHX LONDON 2025,United Kingdom 🇬🇧,2025,Male,ATHX,Strength,,,,,
444,Kerin,Barnard,Kerin Barnard,Female,United Kingdom,,https://ui-avatars.com/api/?name=K+B&color=FFFFFF&background=000000,ATHX LONDON 2025,United Kingdom 🇬🇧,2025,Female,ATHX,Strength,,,,,
460,David,Hammond,David Hammond,Male,,,https://ui-avatars.com/api/?name=D+H&color=FFFFFF&background=000000,ATHX LONDON 2025,United Kingdom 🇬🇧,2025,Male,ATHX,Strength,,,,,
461,Neil,Marsh,Neil Marsh,Male,,,https://ui-avatars.com/api/?name=N+M&color=FFFFFF&background=000000,ATHX LONDON 2025,United Kingdom 🇬🇧,2025,Male,ATHX,Strength,,,,,
461,Ert,Erol,Ert Erol,Male,,,https://ui-avatars.com/api/?name=E+E&color=FFFFFF&background=000000,ATHX LONDON 2025,United Kingdom 🇬🇧,2025,Male,ATHX,Strength,,,,,
463,Chris,Pattison,Chris Pattison,Male,United Kingdom,Marchon,https://ui-avatars.com/api/?name=C+P&color=FFFFFF&background=000000,ATHX LONDON 2025,United Kingdom 🇬🇧,2025,Male,ATHX,Strength,,,,,
464,Tom,Rees,Tom Rees,Male,,,https://ui-avatars.com/api/?name=T+R&color=FFFFFF&background=000000,ATHX LONDON 2025,United Kingdom 🇬🇧,2025,Male,ATHX,Strength,,,,,
464,Harvey,Coombes,Harvey Coombes,Male,,,https://ui-avatars.com/api/?name=H+C&color=FFFFFF&background=000000,ATHX LONDON 2025,United Kingdom 🇬🇧,2025,Male,ATHX,Strength,,,,,
464,Aiden,Strong,Aiden Strong,Male,,,https://ui-avatars.com/api/?name=A+S&color=FFFFFF&background=000000,ATHX LONDON 2025,United Kingdom 🇬🇧,2025,Male,ATHX,Strength,,,,,
464,Mark,Beauchamp,Mark Beauchamp,Male,,,https://ui-avatars.com/api/?name=M+B&color=FFFFFF&background=000000,ATHX LONDON 2025,United Kingdom 🇬🇧,2025,Male,ATHX,Strength,,,,,
464,Dan,Clowes,Dan Clowes,Male,,,https://ui-avatars.com/api/?name=D+C&color=FFFFFF&background=000000,ATHX LONDON 2025,United Kingdom 🇬🇧,2025,Male,ATHX,Strength,,,,,
469,Adrian,Gray,Adrian Gray,Male,United Kingdom,Stockbrook,https://ui-avatars.com/api/?name=A+G&color=FFFFFF&background=000000,ATHX LONDON 2025,United Kingdom 🇬🇧,2025,Male,ATHX,Strength,,,,,
470,Leon,Osborne,Leon Osborne,Male,,,https://ui-avatars.com/api/?name=L+O&color=FFFFFF&background=000000,ATHX LONDON 2025,United Kingdom 🇬🇧,2025,Male,ATHX,Strength,,,,,
470,Matt,Lewis,Matt Lewis,Male,,,https://ui-avatars.com/api/?name=M+L&color=FFFFFF&background=000000,ATHX LONDON 2025,United Kingdom 🇬🇧,2025,Male,ATHX,Strength,,,,,
470,Conor,O'Donnell,Conor O'Donnell,Male,Ireland,Gymnasium,https://ui-avatars.com/api/?name=C+O&color=FFFFFF&background=000000,ATHX LONDON 2025,United Kingdom 🇬🇧,2025,Male,ATHX,Strength,,,,,
473,Jack,Heneghan,Jack Heneghan,Male,United Kingdom,,https://ui-avatars.com/api/?name=J+H&color=FFFFFF&background=000000,ATHX LONDON 2025,United Kingdom 🇬🇧,2025,Male,ATHX,Strength,,,,,
473,Hiten,Joshi,Hiten Joshi,Male,,,https://ui-avatars.com/api/?name=H+J&color=FFFFFF&background=000000,ATHX LONDON 2025,United Kingdom 🇬🇧,2025,Male,ATHX,Strength,,,,,
473,Anthony,Evans,Anthony Evans,Male,,,https://ui-avatars.com/api/?name=A+E&color=FFFFFF&background=000000,ATHX LONDON 2025,United Kingdom 🇬🇧,2025,Male,ATHX,Strength,,,,,
473,Mina,Gadulla,Mina Gadulla,Male,,,https://ui-avatars.com/api/?name=M+G&color=FFFFFF&background=000000,ATHX LONDON 2025,United Kingdom 🇬🇧,2025,Male,ATHX,Strength,,,,,
477,Samuel,Sinclair,Samuel Sinclair,Male,,,https://ui-avatars.com/api/?name=S+S&color=FFFFFF&background=000000,ATHX LONDON 2025,United Kingdom 🇬🇧,2025,Male,ATHX,Strength,,,,,
478,Sam,Letts,Sam Letts,Male,,,https://ui-avatars.com/api/?name=S+L&color=FFFFFF&background=000000,ATHX LONDON 2025,United Kingdom 🇬🇧,2025,Male,ATHX,Strength,,,,,
478,Tom,Lippitt,Tom Lippitt,Male,,,https://ui-avatars.com/api/?name=T+L&color=FFFFFF&background=000000,ATHX LONDON 2025,United Kingdom 🇬🇧,2025,Male,ATHX,Strength,,,,,
480,Charlie,Bedson,Charlie Bedson,Male,,,https://ui-avatars.com/api/?name=C+B&color=FFFFFF&background=000000,ATHX LONDON 2025,United Kingdom 🇬🇧,2025,Male,ATHX,Strength,,,,,
480,Bhavin,Shah,Bhavin Shah,Male,United Kingdom,,https://ui-avatars.com/api/?name=B+S&color=FFFFFF&background=000000,ATHX LONDON 2025,United Kingdom 🇬🇧,2025,Male,ATHX,Strength,,,,,
480,Steve,Reynolds,Steve Reynolds,Male,,,https://athxgames.com/storage/profile-photos/kWccFmDzZIa56AqwfllbYo1OG1kQAY39xiDj9d0I.jpg,ATHX LONDON 2025,United Kingdom 🇬🇧,2025,Male,ATHX,Strength,,,,,
480,Alan,Ramos,Alan Ramos,Male,,,https://ui-avatars.com/api/?name=A+R&color=FFFFFF&background=000000,ATHX LONDON 2025,United Kingdom 🇬🇧,2025,Male,ATHX,Strength,,,,,
484,Mike,Linger,Mike Linger,Male,United Kingdom,Essex Games,https://athxgames.com/storage/profile-photos/lpUVaZubhwRMEkpVhAr9cR0GH0y7VssfItTjrV9Y.jpg,ATHX LONDON 2025,United Kingdom 🇬🇧,2025,Male,ATHX,Strength,,,,,
484,Faith Kazadi,Tshibingu,Faith Kazadi Tshibingu,Male,South Africa,BFT East Croydon,https://ui-avatars.com/api/?name=F+K+T&color=FFFFFF&background=000000,ATHX LONDON 2025,United Kingdom 🇬🇧,2025,Male,ATHX,Strength,,,,,
484,Dale,Johnson,Dale Johnson,Male,,,https://ui-avatars.com/api/?name=D+J&color=FFFFFF&background=000000,ATHX LONDON 2025,United Kingdom 🇬🇧,2025,Male,ATHX,Strength,,,,,
484,Miles,Canning,Miles Canning,Male,,,https://ui-avatars.com/api/?name=M+C&color=FFFFFF&background=000000,ATHX LONDON 2025,United Kingdom 🇬🇧,2025,Male,ATHX,Strength,,,,,
484,Jolyon,White,Jolyon White,Male,,,https://ui-avatars.com/api/?name=J+W&color=FFFFFF&background=000000,ATHX LONDON 2025,United Kingdom 🇬🇧,2025,Male,ATHX,Strength,,,,,
489,Matt,Kirkby,Matt Kirkby,Male,,,https://ui-avatars.com/api/?name=M+K&color=FFFFFF&background=000000,ATHX LONDON 2025,United Kingdom 🇬🇧,2025,Male,ATHX,Strength,,,,,
489,Murray,Ringrose,Murray Ringrose,Male,,,https://ui-avatars.com/api/?name=M+R&color=FFFFFF&background=000000,ATHX LONDON 2025,United Kingdom 🇬🇧,2025,Male,ATHX,Strength,,,,,
489,David,Quli,David Quli,Male,,,https://ui-avatars.com/api/?name=D+Q&color=FFFFFF&background=000000,ATHX LONDON 2025,United Kingdom 🇬🇧,2025,Male,ATHX,Strength,,,,,
489,Jonny,Sadler,Jonny Sadler,Male,,,https://ui-avatars.com/api/?name=J+S&color=FFFFFF&background=000000,ATHX LONDON 2025,United Kingdom 🇬🇧,2025,Male,ATHX,Strength,,,,,
493,Andy,Hancox,Andy Hancox,Male,,,https://ui-avatars.com/api/?name=A+H&color=FFFFFF&background=000000,ATHX LONDON 2025,United Kingdom 🇬🇧,2025,Male,ATHX,Strength,,,,,
494,Tom,Ames-Greenall,Tom Ames-Greenall,Male,,,https://athxgames.com/storage/profile-photos/Xi7GlTkRiOBhiTB1pikDQnvMKLYWKuDxx4PsZaWi.jpg,ATHX LONDON 2025,United Kingdom 🇬🇧,2025,Male,ATHX,Strength,,,,,
495,Peter,Vessey,Peter Vessey,Male,,,https://ui-avatars.com/api/?name=P+V&color=FFFFFF&background=000000,ATHX LONDON 2025,United Kingdom 🇬🇧,2025,Male,ATHX,Strength,,,,,
496,Jorge,Garcia,Jorge Garcia,Male,Spain,,https://ui-avatars.com/api/?name=J+G&color=FFFFFF&background=000000,ATHX LONDON 2025,United Kingdom 🇬🇧,2025,Male,ATHX,Strength,,,,,
497,Craig,Windsor,Craig Windsor,Male,United Kingdom,Dan Jones Academy,https://ui-avatars.com/api/?name=C+W&color=FFFFFF&background=000000,ATHX LONDON 2025,United Kingdom 🇬🇧,2025,Male,ATHX,Strength,,,,,
497,Shashank,Shah,Shashank Shah,Male,,,https://ui-avatars.com/api/?name=S+S&color=FFFFFF&background=000000,ATHX LONDON 2025,United Kingdom 🇬🇧,2025,Male,ATHX,Strength,,,,,
497,George,Cleary,George Cleary,Male,,,https://ui-avatars.com/api/?name=G+C&color=FFFFFF&background=000000,ATHX LONDON 2025,United Kingdom 🇬🇧,2025,Male,ATHX,Strength,,,,,
500,Thomas,Symss,Thomas Symss,Male,,,https://ui-avatars.com/api/?name=T+S&color=FFFFFF&background=000000,ATHX LONDON 2025,United Kingdom 🇬🇧,2025,Male,ATHX,Strength,,,,,
501,Justin,Adams,Justin Adams,Male,,,https://ui-avatars.com/api/?name=J+A&color=FFFFFF&background=000000,ATHX LONDON 2025,United Kingdom 🇬🇧,2025,Male,ATHX,Strength,,,,,
502,Nick,Tasker,Nick Tasker,Male,,,https://ui-avatars.com/api/?name=N+T&color=FFFFFF&background=000000,ATHX LONDON 2025,United Kingdom 🇬🇧,2025,Male,ATHX,Strength,,,,,
503,peter,white,peter white,Male,,,https://ui-avatars.com/api/?name=p+w&color=FFFFFF&background=000000,ATHX LONDON 2025,United Kingdom 🇬🇧,2025,Male,ATHX,Strength,,,,,
503,Leonardo,Ruggeri-Falaniko,Leonardo Ruggeri-Falaniko,Male,,Mindfit,https://ui-avatars.com/api/?name=L+R&color=FFFFFF&background=000000,ATHX LONDON 2025,United Kingdom 🇬🇧,2025,Male,ATHX,Strength,,,,,
1,Rachel,Phillips,Rachel Phillips,Female,,,https://ui-avatars.com/api/?name=R+P&color=FFFFFF&background=000000,ATHX LONDON 2025,United Kingdom 🇬🇧,2025,Female,ATHX,Strength,,,,,
2,Emily,Slator,Emily Slator,Female,,,https://ui-avatars.com/api/?name=E+S&color=FFFFFF&background=000000,ATHX LONDON 2025,United Kingdom 🇬🇧,2025,Female,ATHX,Strength,,,,,
3,Chloe,Staines,Chloe Staines,Female,,,https://ui-avatars.com/api/?name=C+S&color=FFFFFF&background=000000,ATHX LONDON 2025,United Kingdom 🇬🇧,2025,Female,ATHX,Strength,,,,,
4,Kirsty,Habel,Kirsty Habel,Female,,,https://ui-avatars.com/api/?name=K+H&color=FFFFFF&background=000000,ATHX LONDON 2025,United Kingdom 🇬🇧,2025,Female,ATHX,Strength,,,,,
5,Hannah,Ledwold,Hannah Ledwold,Female,,,https://ui-avatars.com/api/?name=H+L&color=FFFFFF&background=000000,ATHX LONDON 2025,United Kingdom 🇬🇧,2025,Female,ATHX,Strength,,,,,
6,Hollie,Gerrish,Hollie Gerrish,Female,,,https://ui-avatars.com/api/?name=H+G&color=FFFFFF&background=000000,ATHX LONDON 2025,United Kingdom 🇬🇧,2025,Female,ATHX,Strength,,,,,
7,Sam,Rashid,Sam Rashid,Female,,,https://ui-avatars.com/api/?name=S+R&color=FFFFFF&background=000000,ATHX LONDON 2025,United Kingdom 🇬🇧,2025,Female,ATHX,Strength,,,,,
8,Alison,Reed,Alison Reed,Female,British Indian Ocean Territory,Blackbrook,https://ui-avatars.com/api/?name=A+R&color=FFFFFF&background=000000,ATHX LONDON 2025,United Kingdom 🇬🇧,2025,Female,ATHX,Strength,,,,,
9,Janice,Jin,Janice Jin,Female,,,https://ui-avatars.com/api/?name=J+J&color=FFFFFF&background=000000,ATHX LONDON 2025,United Kingdom 🇬🇧,2025,Female,ATHX,Strength,,,,,
10,Emma,Hope,Emma Hope,Female,,,https://ui-avatars.com/api/?name=E+H&color=FFFFFF&background=000000,ATHX LONDON 2025,United Kingdom 🇬🇧,2025,Female,ATHX,Strength,,,,,
11,Daisy,O’Neill,Daisy O’Neill,Female,,,https://ui-avatars.com/api/?name=D+O&color=FFFFFF&background=000000,ATHX LONDON 2025,United Kingdom 🇬🇧,2025,Female,ATHX,Strength,,,,,
11,Nicola,Guiver,Nicola Guiver,Female,United Kingdom,Revolution Fitness,https://ui-avatars.com/api/?name=N+G&color=FFFFFF&background=000000,ATHX LONDON 2025,United Kingdom 🇬🇧,2025,Female,ATHX,Strength,,,,,
13,Selina,Newcombe,Selina Newcombe,Female,United Kingdom,CrossFit 13,https://ui-avatars.com/api/?name=S+N&color=FFFFFF&background=000000,ATHX LONDON 2025,United Kingdom 🇬🇧,2025,Female,ATHX,Strength,,,,,
13,Jenny,Tong,Jenny Tong,Female,,,https://athxgames.com/storage/profile-photos/4Cxk149uOyMtp9cFK2ZbxvbPJZ18HQNt2Sqmbacs.jpg,ATHX LONDON 2025,United Kingdom 🇬🇧,2025,Female,ATHX,Strength,,,,,
15,Amy,Wright,Amy Wright,Female,,,https://ui-avatars.com/api/?name=A+W&color=FFFFFF&background=000000,ATHX LONDON 2025,United Kingdom 🇬🇧,2025,Female,ATHX,Strength,,,,,
16,Rachel,Faulkner,Rachel Faulkner,Female,,,https://ui-avatars.com/api/?name=R+F&color=FFFFFF&background=000000,ATHX LONDON 2025,United Kingdom 🇬🇧,2025,Female,ATHX,Strength,,,,,
16,Nasmeen,Imran,Nasmeen Imran,Female,,,https://ui-avatars.com/api/?name=N+I&color=FFFFFF&background=000000,ATHX LONDON 2025,United Kingdom 🇬🇧,2025,Female,ATHX,Strength,,,,,
18,Tess,Bateman,Tess Bateman,Female,,,https://ui-avatars.com/api/?name=T+B&color=FFFFFF&background=000000,ATHX LONDON 2025,United Kingdom 🇬🇧,2025,Female,ATHX,Strength,,,,,
18,Laura,Smith,Laura Smith,Female,,,https://ui-avatars.com/api/?name=L+S&color=FFFFFF&background=000000,ATHX LONDON 2025,United Kingdom 🇬🇧,2025,Female,ATHX,Strength,,,,,
18,Ellë,Bolland,Ellë Bolland,Female,United Kingdom,Vault 164,https://athxgames.com/storage/profile-photos/JeikRI0Mltzweqr1cZ7jwYHEvCTCB14bXfcdjONX.jpg,ATHX LONDON 2025,United Kingdom 🇬🇧,2025,Female,ATHX,Strength,,,,,
21,Sue,Smith,Sue Smith,Female,United Kingdom,,https://athxgames.com/storage/profile-photos/LnnJC2Ii5DjXWlsdsIeKSkGcdu3VKxuOo712J0fB.jpg,ATHX LONDON 2025,United Kingdom 🇬🇧,2025,Female,ATHX,Strength,,,,,
21,Jayne,Lo,Jayne Lo,Female,,,https://ui-avatars.com/api/?name=J+L&color=FFFFFF&background=000000,ATHX LONDON 2025,United Kingdom 🇬🇧,2025,Female,ATHX,Strength,,,,,
23,Katrin,Hulme,Katrin Hulme,Female,,,https://ui-avatars.com/api/?name=K+H&color=FFFFFF&background=000000,ATHX LONDON 2025,United Kingdom 🇬🇧,2025,Female,ATHX,Strength,,,,,
24,Sarah,Burningham,Sarah Burningham,Female,,,https://ui-avatars.com/api/?name=S+B&color=FFFFFF&background=000000,ATHX LONDON 2025,United Kingdom 🇬🇧,2025,Female,ATHX,Strength,,,,,
24,Esther,Johnson,Esther Johnson,Female,,,https://ui-avatars.com/api/?name=E+J&color=FFFFFF&background=000000,ATHX LONDON 2025,United Kingdom 🇬🇧,2025,Female,ATHX,Strength,,,,,
24,Folawe,Abraham,Folawe Abraham,Female,,,https://ui-avatars.com/api/?name=F+A&color=FFFFFF&background=000000,ATHX LONDON 2025,United Kingdom 🇬🇧,2025,Female,ATHX,Strength,,,,,
24,Kate,Grimshaw,Kate Grimshaw,Female,,,https://ui-avatars.com/api/?name=K+G&color=FFFFFF&background=000000,ATHX LONDON 2025,United Kingdom 🇬🇧,2025,Female,ATHX,Strength,,,,,
28,karen,Martinez,karen Martinez,Female,,,https://ui-avatars.com/api/?name=k+M&color=FFFFFF&background=000000,ATHX LONDON 2025,United Kingdom 🇬🇧,2025,Female,ATHX,Strength,,,,,
29,Anna,Greco,Anna Greco,Female,United Kingdom,Crossfitcirencester,https://athxgames.com/storage/profile-photos/Xah2NJ1wXhQ9oQ9VhcjlBuLPxogJGhhqZcp9IgRX.jpg,ATHX LONDON 2025,United Kingdom 🇬🇧,2025,Female,ATHX,Strength,,,,,
29,Emma,Kirk-Odunubi,Emma Kirk-Odunubi,Female,,,https://athxgames.com/storage/profile-photos/zGUZJk3jfm8M13DmX1OHdTqrK5xvKzbM2uOz0CmZ.jpg,ATHX LONDON 2025,United Kingdom 🇬🇧,2025,Female,ATHX,Strength,,,,,
29,Rohana,Still,Rohana Still,Female,,,https://ui-avatars.com/api/?name=R+S&color=FFFFFF&background=000000,ATHX LONDON 2025,United Kingdom 🇬🇧,2025,Female,ATHX,Strength,,,,,
32,Amber,Bourne,Amber Bourne,Female,,,https://ui-avatars.com/api/?name=A+B&color=FFFFFF&background=000000,ATHX LONDON 2025,United Kingdom 🇬🇧,2025,Female,ATHX,Strength,,,,,
32,Athina,Hirst,Athina Hirst,Female,,,https://ui-avatars.com/api/?name=A+H&color=FFFFFF&background=000000,ATHX LONDON 2025,United Kingdom 🇬🇧,2025,Female,ATHX,Strength,,,,,
32,Elise,Davis,Elise Davis,Female,,,https://ui-avatars.com/api/?name=E+D&color=FFFFFF&background=000000,ATHX LONDON 2025,United Kingdom 🇬🇧,2025,Female,ATHX,Strength,,,,,
32,Natalie,Branston,Natalie Branston,Female,,,https://ui-avatars.com/api/?name=N+B&color=FFFFFF&background=000000,ATHX LONDON 2025,United Kingdom 🇬🇧,2025,Female,ATHX,Strength,,,,,
36,Chloe,Lawrence,Chloe Lawrence,Female,,,https://ui-avatars.com/api/?name=C+L&color=FFFFFF&background=000000,ATHX LONDON 2025,United Kingdom 🇬🇧,2025,Female,ATHX,Strength,,,,,
37,Mainisha,Lawrence,Mainisha Lawrence,Female,,,https://ui-avatars.com/api/?name=M+L&color=FFFFFF&background=000000,ATHX LONDON 2025,United Kingdom 🇬🇧,2025,Female,ATHX,Strength,,,,,
37,Lisa,Conroy,Lisa Conroy,Female,,,https://ui-avatars.com/api/?name=L+C&color=FFFFFF&background=000000,ATHX LONDON 2025,United Kingdom 🇬🇧,2025,Female,ATHX,Strength,,,,,
37,Hattie,Clapp,Hattie Clapp,Female,,,https://ui-avatars.com/api/?name=H+C&color=FFFFFF&background=000000,ATHX LONDON 2025,United Kingdom 🇬🇧,2025,Female,ATHX,Strength,,,,,
37,Chelsea,Callaghan,Chelsea Callaghan,Female,United Kingdom,,https://athxgames.com/storage/profile-photos/Gy3hKxP9UPwGEgjlmZDX2KIOPRZg8pSvc0fCI14s.jpg,ATHX LONDON 2025,United Kingdom 🇬🇧,2025,Female,ATHX,Strength,,,,,
37,Lydia,Raven,Lydia Raven,Female,,,https://athxgames.com/storage/profile-photos/j6uNx5f0ba8hZhmQeaq6HtdAyS1lEqM6v8KxZ2Bj.jpg,ATHX LONDON 2025,United Kingdom 🇬🇧,2025,Female,ATHX,Strength,,,,,
37,Veronica,Mendes,Veronica Mendes,Female,Spain,Shredquarters,https://ui-avatars.com/api/?name=V+M&color=FFFFFF&background=000000,ATHX LONDON 2025,United Kingdom 🇬🇧,2025,Female,ATHX,Strength,,,,,
37,Kelly,Ellis,Kelly Ellis,Female,,,https://ui-avatars.com/api/?name=K+E&color=FFFFFF&background=000000,ATHX LONDON 2025,United Kingdom 🇬🇧,2025,Female,ATHX,Strength,,,,,
37,Anmol,Sandhu,Anmol Sandhu,Female,,,https://ui-avatars.com/api/?name=A+S&color=FFFFFF&background=000000,ATHX LONDON 2025,United Kingdom 🇬🇧,2025,Female,ATHX,Strength,,,,,
37,Clare,Bambury,Clare Bambury,Female,,,https://ui-avatars.com/api/?name=C+B&color=FFFFFF&background=000000,ATHX LONDON 2025,United Kingdom 🇬🇧,2025,Female,ATHX,Strength,,,,,
46,Cat,Strong,Cat Strong,Female,,,https://ui-avatars.com/api/?name=C+S&color=FFFFFF&background=000000,ATHX LONDON 2025,United Kingdom 🇬🇧,2025,Female,ATHX,Strength,,,,,
46,Chloe,Waghorne,Chloe Waghorne,Female,,,https://ui-avatars.com/api/?name=C+W&color=FFFFFF&background=000000,ATHX LONDON 2025,United Kingdom 🇬🇧,2025,Female,ATHX,Strength,,,,,
46,Olivia,Essex,Olivia Essex,Female,,,https://ui-avatars.com/api/?name=O+E&color=FFFFFF&background=000000,ATHX LONDON 2025,United Kingdom 🇬🇧,2025,Female,ATHX,Strength,,,,,
46,Ellie,Lubin,Ellie Lubin,Female,,,https://ui-avatars.com/api/?name=E+L&color=FFFFFF&background=000000,ATHX LONDON 2025,United Kingdom 🇬🇧,2025,Female,ATHX,Strength,,,,,
46,Chloe,Beeton,Chloe Beeton,Female,,,https://ui-avatars.com/api/?name=C+B&color=FFFFFF&background=000000,ATHX LONDON 2025,United Kingdom 🇬🇧,2025,Female,ATHX,Strength,,,,,
51,Sian,Hancock,Sian Hancock,Female,,,https://ui-avatars.com/api/?name=S+H&color=FFFFFF&background=000000,ATHX LONDON 2025,United Kingdom 🇬🇧,2025,Female,ATHX,Strength,,,,,
51,Alix,Dunlop,Alix Dunlop,Female,,,https://athxgames.com/storage/profile-photos/zWroOd5LJQRYFiZxtw0LOaf8IHjnbydiWPyXgMwb.jpg,ATHX LONDON 2025,United Kingdom 🇬🇧,2025,Female,ATHX,Strength,,,,,
53,Larissa,Francis,Larissa Francis,Female,,,https://ui-avatars.com/api/?name=L+F&color=FFFFFF&background=000000,ATHX LONDON 2025,United Kingdom 🇬🇧,2025,Female,ATHX,Strength,,,,,
53,Ellis,Shaw,Ellis Shaw,Female,,,https://athxgames.com/storage/profile-photos/kwduf0KXN5wd8QB38jr5rsz1WvYfPgd947yXawSX.jpg,ATHX LONDON 2025,United Kingdom 🇬🇧,2025,Female,ATHX,Strength,,,,,
53,hannah,andrzejewski,hannah andrzejewski,Female,,,https://ui-avatars.com/api/?name=h+a&color=FFFFFF&background=000000,ATHX LONDON 2025,United Kingdom 🇬🇧,2025,Female,ATHX,Strength,,,,,
53,Siobhan,Cullern,Siobhan Cullern,Female,,,https://athxgames.com/storage/profile-photos/Kx8hvdWS1tnmt8GX187567WzUQXHdPliOivcHL9D.jpg,ATHX LONDON 2025,United Kingdom 🇬🇧,2025,Female,ATHX,Strength,,,,,
53,Jasmine,Davis,Jasmine Davis,Female,,,https://ui-avatars.com/api/?name=J+D&color=FFFFFF&background=000000,ATHX LONDON 2025,United Kingdom 🇬🇧,2025,Female,ATHX,Strength,,,,,
53,Siobhan,Corlett,Siobhan Corlett,Female,,,https://ui-avatars.com/api/?name=S+C&color=FFFFFF&background=000000,ATHX LONDON 2025,United Kingdom 🇬🇧,2025,Female,ATHX,Strength,,,,,
53,Lucy,Blakey,Lucy Blakey,Female,,,https://ui-avatars.com/api/?name=L+B&color=FFFFFF&background=000000,ATHX LONDON 2025,United Kingdom 🇬🇧,2025,Female,ATHX,Strength,,,,,
53,Sara,Goncalves,Sara Goncalves,Female,,,https://ui-avatars.com/api/?name=S+G&color=FFFFFF&background=000000,ATHX LONDON 2025,United Kingdom 🇬🇧,2025,Female,ATHX,Strength,,,,,
53,Emily,Butler,Emily Butler,Female,,,https://ui-avatars.com/api/?name=E+B&color=FFFFFF&background=000000,ATHX LONDON 2025,United Kingdom 🇬🇧,2025,Female,ATHX,Strength,,,,,
62,Holly,Eccles,Holly Eccles,Female,,,https://ui-avatars.com/api/?name=H+E&color=FFFFFF&background=000000,ATHX LONDON 2025,United Kingdom 🇬🇧,2025,Female,ATHX,Strength,,,,,
62,Sofia,Ball,Sofia Ball,Female,Sweden,Rise,https://ui-avatars.com/api/?name=S+B&color=FFFFFF&background=000000,ATHX LONDON 2025,United Kingdom 🇬🇧,2025,Female,ATHX,Strength,,,,,
64,Ilina,Slaveykova,Ilina Slaveykova,Female,,,https://ui-avatars.com/api/?name=I+S&color=FFFFFF&background=000000,ATHX LONDON 2025,United Kingdom 🇬🇧,2025,Female,ATHX,Strength,,,,,
64,Karin,Steininger,Karin Steininger,Female,,,https://ui-avatars.com/api/?name=K+S&color=FFFFFF&background=000000,ATHX LONDON 2025,United Kingdom 🇬🇧,2025,Female,ATHX,Strength,,,,,
64,Beth,Evans,Beth Evans,Female,,,https://athxgames.com/storage/profile-photos/KtlOewhejTtKIkFwuadQlXRORjHd2I7Upde9T58P.jpg,ATHX LONDON 2025,United Kingdom 🇬🇧,2025,Female,ATHX,Strength,,,,,
64,Vickie,Cole,Vickie Cole,Female,,,https://ui-avatars.com/api/?name=V+C&color=FFFFFF&background=000000,ATHX LONDON 2025,United Kingdom 🇬🇧,2025,Female,ATHX,Strength,,,,,
64,Clare,Rafferty,Clare Rafferty,Female,,,https://ui-avatars.com/api/?name=C+R&color=FFFFFF&background=000000,ATHX LONDON 2025,United Kingdom 🇬🇧,2025,Female,ATHX,Strength,,,,,
64,Sophia,Malik,Sophia Malik,Female,United Kingdom,,https://ui-avatars.com/api/?name=S+M&color=FFFFFF&background=000000,ATHX LONDON 2025,United Kingdom 🇬🇧,2025,Female,ATHX,Strength,,,,,
70,Katia,Hazell,Katia Hazell,Female,United Kingdom,Rigorous Health,https://athxgames.com/storage/profile-photos/y1oV54iSCj5aHj0Fj2V3CGJtjfSTQDjdJ6dyc5mU.jpg,ATHX LONDON 2025,United Kingdom 🇬🇧,2025,Female,ATHX,Strength,,,,,
70,Bella,Humphrey,Bella Humphrey,Female,,,https://ui-avatars.com/api/?name=B+H&color=FFFFFF&background=000000,ATHX LONDON 2025,United Kingdom 🇬🇧,2025,Female,ATHX,Strength,,,,,
70,Romey,Langley,Romey Langley,Female,United Kingdom,Vault,https://ui-avatars.com/api/?name=R+L&color=FFFFFF&background=000000,ATHX LONDON 2025,United Kingdom 🇬🇧,2025,Female,ATHX,Strength,,,,,
70,Antonia,Garton-Sprenger,Antonia Garton-Sprenger,Female,,,https://ui-avatars.com/api/?name=A+G&color=FFFFFF&background=000000,ATHX LONDON 2025,United Kingdom 🇬🇧,2025,Female,ATHX,Strength,,,,,
70,Shalin,Russell,Shalin Russell,Female,,,https://ui-avatars.com/api/?name=S+R&color=FFFFFF&background=000000,ATHX LONDON 2025,United Kingdom 🇬🇧,2025,Female,ATHX,Strength,,,,,
70,Emma,MacDonald,Emma MacDonald,Female,,,https://ui-avatars.com/api/?name=E+M&color=FFFFFF&background=000000,ATHX LONDON 2025,United Kingdom 🇬🇧,2025,Female,ATHX,Strength,,,,,
76,Florence,Kinnafick,Florence Kinnafick,Female,United Kingdom,CrossFit Leamington,https://ui-avatars.com/api/?name=F+K&color=FFFFFF&background=000000,ATHX LONDON 2025,United Kingdom 🇬🇧,2025,Female,ATHX,Strength,,,,,
76,Leonarda,Schotness,Leonarda Schotness,Female,,,https://ui-avatars.com/api/?name=L+S&color=FFFFFF&background=000000,ATHX LONDON 2025,United Kingdom 🇬🇧,2025,Female,ATHX,Strength,,,,,
76,Abigail,Bertelsen,Abigail Bertelsen,Female,,,https://ui-avatars.com/api/?name=A+B&color=FFFFFF&background=000000,ATHX LONDON 2025,United Kingdom 🇬🇧,2025,Female,ATHX,Strength,,,,,
79,Natalie,Chapman,Natalie Chapman,Female,,,https://ui-avatars.com/api/?name=N+C&color=FFFFFF&background=000000,ATHX LONDON 2025,United Kingdom 🇬🇧,2025,Female,ATHX,Strength,,,,,
79,Emily,Hopkins,Emily Hopkins,Female,,,https://ui-avatars.com/api/?name=E+H&color=FFFFFF&background=000000,ATHX LONDON 2025,United Kingdom 🇬🇧,2025,Female,ATHX,Strength,,,,,
79,Jenna,Cook,Jenna Cook,Female,,,https://ui-avatars.com/api/?name=J+C&color=FFFFFF&background=000000,ATHX LONDON 2025,United Kingdom 🇬🇧,2025,Female,ATHX,Strength,,,,,
79,antonia,croft,antonia croft,Female,,,https://ui-avatars.com/api/?name=a+c&color=FFFFFF&background=000000,ATHX LONDON 2025,United Kingdom 🇬🇧,2025,Female,ATHX,Strength,,,,,
79,Kelsey,Bjornsgaard,Kelsey Bjornsgaard,Female,,,https://ui-avatars.com/api/?name=K+B&color=FFFFFF&background=000000,ATHX LONDON 2025,United Kingdom 🇬🇧,2025,Female,ATHX,Strength,,,,,
79,Sharon,O’SULLIVAN,Sharon O’SULLIVAN,Female,United Kingdom,RAW Inc,https://athxgames.com/storage/profile-photos/0VteXynbn9DyoqgZU9AjHsaOROfQTxcKbdsGvRNN.jpg,ATHX LONDON 2025,United Kingdom 🇬🇧,2025,Female,ATHX,Strength,,,,,
79,Phoebe,Brown,Phoebe Brown,Female,,,https://ui-avatars.com/api/?name=P+B&color=FFFFFF&background=000000,ATHX LONDON 2025,United Kingdom 🇬🇧,2025,Female,ATHX,Strength,,,,,
79,Juliette,Denny,Juliette Denny,Female,,Vault 164,https://ui-avatars.com/api/?name=J+D&color=FFFFFF&background=000000,ATHX LONDON 2025,United Kingdom 🇬🇧,2025,Female,ATHX,Strength,,,,,
79,Silja,Fisk,Silja Fisk,Female,,,https://ui-avatars.com/api/?name=S+F&color=FFFFFF&background=000000,ATHX LONDON 2025,United Kingdom 🇬🇧,2025,Female,ATHX,Strength,,,,,
79,Danielle,Todd,Danielle Todd,Female,,,https://ui-avatars.com/api/?name=D+T&color=FFFFFF&background=000000,ATHX LONDON 2025,United Kingdom 🇬🇧,2025,Female,ATHX,Strength,,,,,
79,Siobhan,Hall,Siobhan Hall,Female,,,https://ui-avatars.com/api/?name=S+H&color=FFFFFF&background=000000,ATHX LONDON 2025,United Kingdom 🇬🇧,2025,Female,ATHX,Strength,,,,,
79,Karyna,Manuel,Karyna Manuel,Female,,,https://ui-avatars.com/api/?name=K+M&color=FFFFFF&background=000000,ATHX LONDON 2025,United Kingdom 🇬🇧,2025,Female,ATHX,Strength,,,,,
79,Duda,Lang,Duda Lang,Female,,,https://ui-avatars.com/api/?name=D+L&color=FFFFFF&background=000000,ATHX LONDON 2025,United Kingdom 🇬🇧,2025,Female,ATHX,Strength,,,,,
92,Becca,Neale,Becca Neale,Female,,Blitz,https://athxgames.com/storage/profile-photos/IANBP71dW1BiaNLhbkspxLmBOVxiNkMcyW9f5sp9.jpg,ATHX LONDON 2025,United Kingdom 🇬🇧,2025,Female,ATHX,Strength,,,,,
93,Camille,Marek,Camille Marek,Female,,,https://ui-avatars.com/api/?name=C+M&color=FFFFFF&background=000000,ATHX LONDON 2025,United Kingdom 🇬🇧,2025,Female,ATHX,Strength,,,,,
93,Leigh,Herbst,Leigh Herbst,Female,,,https://ui-avatars.com/api/?name=L+H&color=FFFFFF&background=000000,ATHX LONDON 2025,United Kingdom 🇬🇧,2025,Female,ATHX,Strength,,,,,
93,Karen,Wilcox,Karen Wilcox,Female,,,https://ui-avatars.com/api/?name=K+W&color=FFFFFF&background=000000,ATHX LONDON 2025,United Kingdom 🇬🇧,2025,Female,ATHX,Strength,,,,,
93,laura,Swain,laura Swain,Female,,,https://ui-avatars.com/api/?name=l+S&color=FFFFFF&background=000000,ATHX LONDON 2025,United Kingdom 🇬🇧,2025,Female,ATHX,Strength,,,,,
93,Anna,Talabirtsuk,Anna Talabirtsuk,Female,,,https://ui-avatars.com/api/?name=A+T&color=FFFFFF&background=000000,ATHX LONDON 2025,United Kingdom 🇬🇧,2025,Female,ATHX,Strength,,,,,
93,Chloe,Klarin,Chloe Klarin,Female,,,https://ui-avatars.com/api/?name=C+K&color=FFFFFF&background=000000,ATHX LONDON 2025,United Kingdom 🇬🇧,2025,Female,ATHX,Strength,,,,,
93,Laura,Androsoni,Laura Androsoni,Female,,,https://ui-avatars.com/api/?name=L+A&color=FFFFFF&background=000000,ATHX LONDON 2025,United Kingdom 🇬🇧,2025,Female,ATHX,Strength,,,,,
93,Debbie,Whitchurch,Debbie Whitchurch,Female,,,https://ui-avatars.com/api/?name=D+W&color=FFFFFF&background=000000,ATHX LONDON 2025,United Kingdom 🇬🇧,2025,Female,ATHX,Strength,,,,,
93,Laura,Johnson,Laura Johnson,Female,,,https://ui-avatars.com/api/?name=L+J&color=FFFFFF&background=000000,ATHX LONDON 2025,United Kingdom 🇬🇧,2025,Female,ATHX,Strength,,,,,
93,Claudia,bickers,Claudia bickers,Female,United Kingdom,LS fitness,https://ui-avatars.com/api/?name=C+b&color=FFFFFF&background=000000,ATHX LONDON 2025,United Kingdom 🇬🇧,2025,Female,ATHX,Strength,,,,,
103,Tiffany,Pedley,Tiffany Pedley,Female,,,https://ui-avatars.com/api/?name=T+P&color=FFFFFF&background=000000,ATHX LONDON 2025,United Kingdom 🇬🇧,2025,Female,ATHX,Strength,,,,,
103,Amy,Short,Amy Short,Female,,,https://ui-avatars.com/api/?name=A+S&color=FFFFFF&background=000000,ATHX LONDON 2025,United Kingdom 🇬🇧,2025,Female,ATHX,Strength,,,,,
103,Vicky,Faulkner,Vicky Faulkner,Female,,,https://ui-avatars.com/api/?name=V+F&color=FFFFFF&background=000000,ATHX LONDON 2025,United Kingdom 🇬🇧,2025,Female,ATHX,Strength,,,,,
103,Rachel,Bartholomeusz,Rachel Bartholomeusz,Female,,,https://ui-avatars.com/api/?name=R+B&color=FFFFFF&background=000000,ATHX LONDON 2025,United Kingdom 🇬🇧,2025,Female,ATHX,Strength,,,,,
107,emily,baird,emily baird,Female,,,https://ui-avatars.com/api/?name=e+b&color=FFFFFF&background=000000,ATHX LONDON 2025,United Kingdom 🇬🇧,2025,Female,ATHX,Strength,,,,,
107,Katie,Buckmaster,Katie Buckmaster,Female,,,https://ui-avatars.com/api/?name=K+B&color=FFFFFF&background=000000,ATHX LONDON 2025,United Kingdom 🇬🇧,2025,Female,ATHX,Strength,,,,,
109,Emily,Gooderham,Emily Gooderham,Female,,,https://ui-avatars.com/api/?name=E+G&color=FFFFFF&background=000000,ATHX LONDON 2025,United Kingdom 🇬🇧,2025,Female,ATHX,Strength,,,,,
109,Madeline,Hodge,Madeline Hodge,Female,,,https://ui-avatars.com/api/?name=M+H&color=FFFFFF&background=000000,ATHX LONDON 2025,United Kingdom 🇬🇧,2025,Female,ATHX,Strength,,,,,
109,Natalie,Souster,Natalie Souster,Female,,,https://ui-avatars.com/api/?name=N+S&color=FFFFFF&background=000000,ATHX LONDON 2025,United Kingdom 🇬🇧,2025,Female,ATHX,Strength,,,,,
109,Phoebe,Hockley,Phoebe Hockley,Female,,,https://ui-avatars.com/api/?name=P+H&color=FFFFFF&background=000000,ATHX LONDON 2025,United Kingdom 🇬🇧,2025,Female,ATHX,Strength,,,,,
109,Emilie,Meri,Emilie Meri,Female,,,https://ui-avatars.com/api/?name=E+M&color=FFFFFF&background=000000,ATHX LONDON 2025,United Kingdom 🇬🇧,2025,Female,ATHX,Strength,,,,,
109,Corri,Fox,Corri Fox,Female,,,https://ui-avatars.com/api/?name=C+F&color=FFFFFF&background=000000,ATHX LONDON 2025,United Kingdom 🇬🇧,2025,Female,ATHX,Strength,,,,,
109,Harriet,Ginn-Reynolds,Harriet Ginn-Reynolds,Female,,,https://ui-avatars.com/api/?name=H+G&color=FFFFFF&background=000000,ATHX LONDON 2025,United Kingdom 🇬🇧,2025,Female,ATHX,Strength,,,,,
109,Emily,Grant,Emily Grant,Female,,,https://ui-avatars.com/api/?name=E+G&color=FFFFFF&background=000000,ATHX LONDON 2025,United Kingdom 🇬🇧,2025,Female,ATHX,Strength,,,,,
109,Rachel,Saunders,Rachel Saunders,Female,,,https://ui-avatars.com/api/?name=R+S&color=FFFFFF&background=000000,ATHX LONDON 2025,United Kingdom 🇬🇧,2025,Female,ATHX,Strength,,,,,
109,Hayleigh,Carr,Hayleigh Carr,Female,,,https://ui-avatars.com/api/?name=H+C&color=FFFFFF&background=000000,ATHX LONDON 2025,United Kingdom 🇬🇧,2025,Female,ATHX,Strength,,,,,
109,Karina,Hastie,Karina Hastie,Female,,,https://ui-avatars.com/api/?name=K+H&color=FFFFFF&background=000000,ATHX LONDON 2025,United Kingdom 🇬🇧,2025,Female,ATHX,Strength,,,,,
109,Evelyn,Tong,Evelyn Tong,Female,,,https://ui-avatars.com/api/?name=E+T&color=FFFFFF&background=000000,ATHX LONDON 2025,United Kingdom 🇬🇧,2025,Female,ATHX,Strength,,,,,
109,Grace,Wiles,Grace Wiles,Female,,,https://ui-avatars.com/api/?name=G+W&color=FFFFFF&background=000000,ATHX LONDON 2025,United Kingdom 🇬🇧,2025,Female,ATHX,Strength,,,,,
109,Jessica,Dale,Jessica Dale,Female,,,https://ui-avatars.com/api/?name=J+D&color=FFFFFF&background=000000,ATHX LONDON 2025,United Kingdom 🇬🇧,2025,Female,ATHX,Strength,,,,,
109,Constance,Umusu,Constance Umusu,Female,United Kingdom,T2Fit (Purley),https://athxgames.com/storage/profile-photos/wSyvL6AACrp4xMIY5iRN1bzdLDKLb4ttcTWtZoJ3.jpg,ATHX LONDON 2025,United Kingdom 🇬🇧,2025,Female,ATHX,Strength,,,,,
109,Nikki,Stewart,Nikki Stewart,Female,,,https://ui-avatars.com/api/?name=N+S&color=FFFFFF&background=000000,ATHX LONDON 2025,United Kingdom 🇬🇧,2025,Female,ATHX,Strength,,,,,
109,Gemma,Picton,Gemma Picton,Female,,,https://ui-avatars.com/api/?name=G+P&color=FFFFFF&background=000000,ATHX LONDON 2025,United Kingdom 🇬🇧,2025,Female,ATHX,Strength,,,,,
109,Rebecca,Iona-Smith,Rebecca Iona-Smith,Female,,,https://ui-avatars.com/api/?name=R+I&color=FFFFFF&background=000000,ATHX LONDON 2025,United Kingdom 🇬🇧,2025,Female,ATHX,Strength,,,,,
109,Lara,Gadsdon,Lara Gadsdon,Female,,,https://ui-avatars.com/api/?name=L+G&color=FFFFFF&background=000000,ATHX LONDON 2025,United Kingdom 🇬🇧,2025,Female,ATHX,Strength,,,,,
109,Kelly,Pace,Kelly Pace,Female,,,https://ui-avatars.com/api/?name=K+P&color=FFFFFF&background=000000,ATHX LONDON 2025,United Kingdom 🇬🇧,2025,Female,ATHX,Strength,,,,,
109,Danielle,Taylor,Danielle Taylor,Female,United Kingdom,Two Tails CrossFit,https://ui-avatars.com/api/?name=D+T&color=FFFFFF&background=000000,ATHX LONDON 2025,United Kingdom 🇬🇧,2025,Female,ATHX,Strength,,,,,
109,Emily,Hughes,Emily Hughes,Female,,,https://ui-avatars.com/api/?name=E+H&color=FFFFFF&background=000000,ATHX LONDON 2025,United Kingdom 🇬🇧,2025,Female,ATHX,Strength,,,,,
109,Liv,Huse,Liv Huse,Female,United Kingdom,BEAT Fitness,https://athxgames.com/storage/profile-photos/jL79kNXYhofHSHkOcq7jV3F3VK6PVhiGOPTvCBvz.jpg,ATHX LONDON 2025,United Kingdom 🇬🇧,2025,Female,ATHX,Strength,,,,,
109,Samantha,Kayser,Samantha Kayser,Female,,,https://ui-avatars.com/api/?name=S+K&color=FFFFFF&background=000000,ATHX LONDON 2025,United Kingdom 🇬🇧,2025,Female,ATHX,Strength,,,,,
133,Inbar,Hadar,Inbar Hadar,Female,,,https://ui-avatars.com/api/?name=I+H&color=FFFFFF&background=000000,ATHX LONDON 2025,United Kingdom 🇬🇧,2025,Female,ATHX,Strength,,,,,
133,Con,Polydor,Con Polydor,Female,Australia,The Vault 164,https://ui-avatars.com/api/?name=C+P&color=FFFFFF&background=000000,ATHX LONDON 2025,United Kingdom 🇬🇧,2025,Female,ATHX,Strength,,,,,
135,Loren,Hiller,Loren Hiller,Female,,,https://ui-avatars.com/api/?name=L+H&color=FFFFFF&background=000000,ATHX LONDON 2025,United Kingdom 🇬🇧,2025,Female,ATHX,Strength,,,,,
135,Rafaela,Elliston,Rafaela Elliston,Female,,,https://ui-avatars.com/api/?name=R+E&color=FFFFFF&background=000000,ATHX LONDON 2025,United Kingdom 🇬🇧,2025,Female,ATHX,Strength,,,,,
135,Sophie,Fowles,Sophie Fowles,Female,,,https://ui-avatars.com/api/?name=S+F&color=FFFFFF&background=000000,ATHX LONDON 2025,United Kingdom 🇬🇧,2025,Female,ATHX,Strength,,,,,
135,Manuela,Pichler,Manuela Pichler,Female,,,https://athxgames.com/storage/profile-photos/67SHw9Cqt9qLU3ubhgJtcjVheA28rgZBBNhm7trd.jpg,ATHX LONDON 2025,United Kingdom 🇬🇧,2025,Female,ATHX,Strength,,,,,
135,Drita,Nunes,Drita Nunes,Female,United Kingdom,,https://ui-avatars.com/api/?name=D+N&color=FFFFFF&background=000000,ATHX LONDON 2025,United Kingdom 🇬🇧,2025,Female,ATHX,Strength,,,,,
135,Ana,Coles,Ana Coles,Female,,,https://ui-avatars.com/api/?name=A+C&color=FFFFFF&background=000000,ATHX LONDON 2025,United Kingdom 🇬🇧,2025,Female,ATHX,Strength,,,,,
135,Genevieve,Hickin,Genevieve Hickin,Female,,,https://ui-avatars.com/api/?name=G+H&color=FFFFFF&background=000000,ATHX LONDON 2025,United Kingdom 🇬🇧,2025,Female,ATHX,Strength,,,,,
135,Fiona,Pagan,Fiona Pagan,Female,,,https://ui-avatars.com/api/?name=F+P&color=FFFFFF&background=000000,ATHX LONDON 2025,United Kingdom 🇬🇧,2025,Female,ATHX,Strength,,,,,
135,Kim,Mansell,Kim Mansell,Female,,,https://ui-avatars.com/api/?name=K+M&color=FFFFFF&background=000000,ATHX LONDON 2025,United Kingdom 🇬🇧,2025,Female,ATHX,Strength,,,,,
144,Charlotte,Mccrossin,Charlotte Mccrossin,Female,,,https://ui-avatars.com/api/?name=C+M&color=FFFFFF&background=000000,ATHX LONDON 2025,United Kingdom 🇬🇧,2025,Female,ATHX,Strength,,,,,
145,Courtney Cole,Loconto,Courtney Cole Loconto,Female,,,https://ui-avatars.com/api/?name=C+C+L&color=FFFFFF&background=000000,ATHX LONDON 2025,United Kingdom 🇬🇧,2025,Female,ATHX,Strength,,,,,
145,Maria,Goncalves da Cunha,Maria Goncalves da Cunha,Female,,,https://ui-avatars.com/api/?name=M+G+d+C&color=FFFFFF&background=000000,ATHX LONDON 2025,United Kingdom 🇬🇧,2025,Female,ATHX,Strength,,,,,
145,Ana,Castro,Ana Castro,Female,,,https://ui-avatars.com/api/?name=A+C&color=FFFFFF&background=000000,ATHX LONDON 2025,United Kingdom 🇬🇧,2025,Female,ATHX,Strength,,,,,
145,Teresa,McGillivray,Teresa McGillivray,Female,,,https://ui-avatars.com/api/?name=T+M&color=FFFFFF&background=000000,ATHX LONDON 2025,United Kingdom 🇬🇧,2025,Female,ATHX,Strength,,,,,
145,Francesca,Stephens,Francesca Stephens,Female,United Kingdom,Realfit,https://ui-avatars.com/api/?name=F+S&color=FFFFFF&background=000000,ATHX LONDON 2025,United Kingdom 🇬🇧,2025,Female,ATHX,Strength,,,,,
145,Kyra,Waterfall,Kyra Waterfall,Female,,,https://ui-avatars.com/api/?name=K+W&color=FFFFFF&background=000000,ATHX LONDON 2025,United Kingdom 🇬🇧,2025,Female,ATHX,Strength,,,,,
145,Honor,honor_greaves@yahoo.com,Honor honor_greaves@yahoo.com,Female,,,https://ui-avatars.com/api/?name=H+h&color=FFFFFF&background=000000,ATHX LONDON 2025,United Kingdom 🇬🇧,2025,Female,ATHX,Strength,,,,,
145,Molly,John,Molly John,Female,,,https://athxgames.com/storage/profile-photos/XwJWkxxf9goo9EJMYfILc9OclxfTYdQtsj6wVHgf.jpg,ATHX LONDON 2025,United Kingdom 🇬🇧,2025,Female,ATHX,Strength,,,,,
145,Nadine,Heron,Nadine Heron,Female,,,https://ui-avatars.com/api/?name=N+H&color=FFFFFF&background=000000,ATHX LONDON 2025,United Kingdom 🇬🇧,2025,Female,ATHX,Strength,,,,,
145,Angela,du Boulay,Angela du Boulay,Female,Australia,Marchon Stratford,https://ui-avatars.com/api/?name=A+d+B&color=FFFFFF&background=000000,ATHX LONDON 2025,United Kingdom 🇬🇧,2025,Female,ATHX,Strength,,,,,
145,Sima,Patel,Sima Patel,Female,,,https://ui-avatars.com/api/?name=S+P&color=FFFFFF&background=000000,ATHX LONDON 2025,United Kingdom 🇬🇧,2025,Female,ATHX,Strength,,,,,
145,Kelsie,Johnson,Kelsie Johnson,Female,,,https://ui-avatars.com/api/?name=K+J&color=FFFFFF&background=000000,ATHX LONDON 2025,United Kingdom 🇬🇧,2025,Female,ATHX,Strength,,,,,
145,Katy,Twigg,Katy Twigg,Female,United Kingdom,,https://athxgames.com/storage/profile-photos/arvmgE176DxfrgxnIWajBpEiXZyFglgykHpril5F.jpg,ATHX LONDON 2025,United Kingdom 🇬🇧,2025,Female,ATHX,Strength,,,,,
145,Michelle,Ramirez,Michelle Ramirez,Female,,,https://ui-avatars.com/api/?name=M+R&color=FFFFFF&background=000000,ATHX LONDON 2025,United Kingdom 🇬🇧,2025,Female,ATHX,Strength,,,,,
145,Poppy,Ogilvie,Poppy Ogilvie,Female,,,https://ui-avatars.com/api/?name=P+O&color=FFFFFF&background=000000,ATHX LONDON 2025,United Kingdom 🇬🇧,2025,Female,ATHX,Strength,,,,,
145,Sally,Mason,Sally Mason,Female,,,https://ui-avatars.com/api/?name=S+M&color=FFFFFF&background=000000,ATHX LONDON 2025,United Kingdom 🇬🇧,2025,Female,ATHX,Strength,,,,,
145,Kara,Wagland,Kara Wagland,Female,,,https://ui-avatars.com/api/?name=K+W&color=FFFFFF&background=000000,ATHX LONDON 2025,United Kingdom 🇬🇧,2025,Female,ATHX,Strength,,,,,
145,Liz,Tatarintseva,Liz Tatarintseva,Female,,,https://ui-avatars.com/api/?name=L+T&color=FFFFFF&background=000000,ATHX LONDON 2025,United Kingdom 🇬🇧,2025,Female,ATHX,Strength,,,,,
145,Georgina,Farmer,Georgina Farmer,Female,,,https://ui-avatars.com/api/?name=G+F&color=FFFFFF&background=000000,ATHX LONDON 2025,United Kingdom 🇬🇧,2025,Female,ATHX,Strength,,,,,
145,Alix,Andrews,Alix Andrews,Female,,,https://ui-avatars.com/api/?name=A+A&color=FFFFFF&background=000000,ATHX LONDON 2025,United Kingdom 🇬🇧,2025,Female,ATHX,Strength,,,,,
145,Victoria,Knight,Victoria Knight,Female,,,https://ui-avatars.com/api/?name=V+K&color=FFFFFF&background=000000,ATHX LONDON 2025,United Kingdom 🇬🇧,2025,Female,ATHX,Strength,,,,,
166,Valerie,Villanueva,Valerie Villanueva,Female,,,https://ui-avatars.com/api/?name=V+V&color=FFFFFF&background=000000,ATHX LONDON 2025,United Kingdom 🇬🇧,2025,Female,ATHX,Strength,,,,,
166,Kerys,Borg,Kerys Borg,Female,,,https://ui-avatars.com/api/?name=K+B&color=FFFFFF&background=000000,ATHX LONDON 2025,United Kingdom 🇬🇧,2025,Female,ATHX,Strength,,,,,
166,Amy,Arella,Amy Arella,Female,,,https://ui-avatars.com/api/?name=A+A&color=FFFFFF&background=000000,ATHX LONDON 2025,United Kingdom 🇬🇧,2025,Female,ATHX,Strength,,,,,
169,Juliane,Groß,Juliane Groß,Female,,,https://athxgames.com/storage/profile-photos/KEMCiEzyKsuqBCa2Vl0z1qVbbYlv9iFHqK1aVf40.jpg,ATHX LONDON 2025,United Kingdom 🇬🇧,2025,Female,ATHX,Strength,,,,,
169,Lillie,Bailey,Lillie Bailey,Female,,,https://ui-avatars.com/api/?name=L+B&color=FFFFFF&background=000000,ATHX LONDON 2025,United Kingdom 🇬🇧,2025,Female,ATHX,Strength,,,,,
169,Lucy,Brundish,Lucy Brundish,Female,,,https://athxgames.com/storage/profile-photos/Hpzq5yPentwzSiH6H3MsGCLFn6NMILAqado1Yghn.jpg,ATHX LONDON 2025,United Kingdom 🇬🇧,2025,Female,ATHX,Strength,,,,,
169,Rae,Smith,Rae Smith,Female,,,https://athxgames.com/storage/profile-photos/Mvq4gjoO2uALRo4B6fEHEKoLl7ZpcntIvfwn2MVK.jpg,ATHX LONDON 2025,United Kingdom 🇬🇧,2025,Female,ATHX,Strength,,,,,
169,Sally,Wade,Sally Wade,Female,,,https://ui-avatars.com/api/?name=S+W&color=FFFFFF&background=000000,ATHX LONDON 2025,United Kingdom 🇬🇧,2025,Female,ATHX,Strength,,,,,
169,CLEMENTINA,DE GREGORIO,CLEMENTINA DE GREGORIO,Female,,,https://athxgames.com/storage/profile-photos/bvoridznopWxCuBNXYsnz8UmHw04PggZPbdctGsN.jpg,ATHX LONDON 2025,United Kingdom 🇬🇧,2025,Female,ATHX,Strength,,,,,
169,Amber,Pyott,Amber Pyott,Female,,,https://ui-avatars.com/api/?name=A+P&color=FFFFFF&background=000000,ATHX LONDON 2025,United Kingdom 🇬🇧,2025,Female,ATHX,Strength,,,,,
169,Renata,Mulerskaite,Renata Mulerskaite,Female,,,https://ui-avatars.com/api/?name=R+M&color=FFFFFF&background=000000,ATHX LONDON 2025,United Kingdom 🇬🇧,2025,Female,ATHX,Strength,,,,,
169,Sarah,Hamid,Sarah Hamid,Female,,,https://ui-avatars.com/api/?name=S+H&color=FFFFFF&background=000000,ATHX LONDON 2025,United Kingdom 🇬🇧,2025,Female,ATHX,Strength,,,,,
169,Katy,Brabbin,Katy Brabbin,Female,,,https://ui-avatars.com/api/?name=K+B&color=FFFFFF&background=000000,ATHX LONDON 2025,United Kingdom 🇬🇧,2025,Female,ATHX,Strength,,,,,
169,Katie,Burningham,Katie Burningham,Female,,,https://ui-avatars.com/api/?name=K+B&color=FFFFFF&background=000000,ATHX LONDON 2025,United Kingdom 🇬🇧,2025,Female,ATHX,Strength,,,,,
169,Elena,Lolova,Elena Lolova,Female,,,https://ui-avatars.com/api/?name=E+L&color=FFFFFF&background=000000,ATHX LONDON 2025,United Kingdom 🇬🇧,2025,Female,ATHX,Strength,,,,,
169,Laura,Such,Laura Such,Female,,,https://ui-avatars.com/api/?name=L+S&color=FFFFFF&background=000000,ATHX LONDON 2025,United Kingdom 🇬🇧,2025,Female,ATHX,Strength,,,,,
169,Niamh,Fitzgerald,Niamh Fitzgerald,Female,,,https://ui-avatars.com/api/?name=N+F&color=FFFFFF&background=000000,ATHX LONDON 2025,United Kingdom 🇬🇧,2025,Female,ATHX,Strength,,,,,
183,Sara,Smith,Sara Smith,Female,United Kingdom,Crossfit Fort Ashton,https://ui-avatars.com/api/?name=S+S&color=FFFFFF&background=000000,ATHX LONDON 2025,United Kingdom 🇬🇧,2025,Female,ATHX,Strength,,,,,
183,Jenny,Pritchard,Jenny Pritchard,Female,,,https://ui-avatars.com/api/?name=J+P&color=FFFFFF&background=000000,ATHX LONDON 2025,United Kingdom 🇬🇧,2025,Female,ATHX,Strength,,,,,
183,Aimee,McCarthy,Aimee McCarthy,Female,,,https://ui-avatars.com/api/?name=A+M&color=FFFFFF&background=000000,ATHX LONDON 2025,United Kingdom 🇬🇧,2025,Female,ATHX,Strength,,,,,
183,Daniela,Pereira,Daniela Pereira,Female,,,https://ui-avatars.com/api/?name=D+P&color=FFFFFF&background=000000,ATHX LONDON 2025,United Kingdom 🇬🇧,2025,Female,ATHX,Strength,,,,,
183,Imogen,Philp,Imogen Philp,Female,,,https://ui-avatars.com/api/?name=I+P&color=FFFFFF&background=000000,ATHX LONDON 2025,United Kingdom 🇬🇧,2025,Female,ATHX,Strength,,,,,
183,MAXINE,WOOD,MAXINE WOOD,Female,,,https://ui-avatars.com/api/?name=M+W&color=FFFFFF&background=000000,ATHX LONDON 2025,United Kingdom 🇬🇧,2025,Female,ATHX,Strength,,,,,
183,Holly,Hammill,Holly Hammill,Female,,,https://ui-avatars.com/api/?name=H+H&color=FFFFFF&background=000000,ATHX LONDON 2025,United Kingdom 🇬🇧,2025,Female,ATHX,Strength,,,,,
183,Kate,Dale,Kate Dale,Female,,Crossfit Oxhouse,https://ui-avatars.com/api/?name=K+D&color=FFFFFF&background=000000,ATHX LONDON 2025,United Kingdom 🇬🇧,2025,Female,ATHX,Strength,,,,,
191,Emily,Wilson,Emily Wilson,Female,,,https://athxgames.com/storage/profile-photos/Zrlpl9xtvIG87fK18baje7C2bkv8tMWBtWDISnHo.jpg,ATHX LONDON 2025,United Kingdom 🇬🇧,2025,Female,ATHX,Strength,,,,,
191,Seona,Fives,Seona Fives,Female,,,https://ui-avatars.com/api/?name=S+F&color=FFFFFF&background=000000,ATHX LONDON 2025,United Kingdom 🇬🇧,2025,Female,ATHX,Strength,,,,,
191,Jaeden,Worthington,Jaeden Worthington,Female,,,https://ui-avatars.com/api/?name=J+W&color=FFFFFF&background=000000,ATHX LONDON 2025,United Kingdom 🇬🇧,2025,Female,ATHX,Strength,,,,,
191,Beth,Fletcher,Beth Fletcher,Female,,,https://ui-avatars.com/api/?name=B+F&color=FFFFFF&background=000000,ATHX LONDON 2025,United Kingdom 🇬🇧,2025,Female,ATHX,Strength,,,,,
191,Rebecca,Ajewole,Rebecca Ajewole,Female,,,https://ui-avatars.com/api/?name=R+A&color=FFFFFF&background=000000,ATHX LONDON 2025,United Kingdom 🇬🇧,2025,Female,ATHX,Strength,,,,,
191,Nina,Luca,Nina Luca,Female,,,https://ui-avatars.com/api/?name=N+L&color=FFFFFF&background=000000,ATHX LONDON 2025,United Kingdom 🇬🇧,2025,Female,ATHX,Strength,,,,,
191,Florence,Winter,Florence Winter,Female,,,https://ui-avatars.com/api/?name=F+W&color=FFFFFF&background=000000,ATHX LONDON 2025,United Kingdom 🇬🇧,2025,Female,ATHX,Strength,,,,,
191,Amy,Fletcher,Amy Fletcher,Female,,,https://ui-avatars.com/api/?name=A+F&color=FFFFFF&background=000000,ATHX LONDON 2025,United Kingdom 🇬🇧,2025,Female,ATHX,Strength,,,,,
199,Carmen,Powell,Carmen Powell,Female,,,https://ui-avatars.com/api/?name=C+P&color=FFFFFF&background=000000,ATHX LONDON 2025,United Kingdom 🇬🇧,2025,Female,ATHX,Strength,,,,,
199,Julia,Bowden,Julia Bowden,Female,,,https://ui-avatars.com/api/?name=J+B&color=FFFFFF&background=000000,ATHX LONDON 2025,United Kingdom 🇬🇧,2025,Female,ATHX,Strength,,,,,
199,Pia,Carson-Moore,Pia Carson-Moore,Female,,,https://ui-avatars.com/api/?name=P+C&color=FFFFFF&background=000000,ATHX LONDON 2025,United Kingdom 🇬🇧,2025,Female,ATHX,Strength,,,,,
199,Aldona,Lee,Aldona Lee,Female,,,https://athxgames.com/storage/profile-photos/trRxkuafrfJA45XCPyMJrYKaxFFUhjd5rYIV79qL.jpg,ATHX LONDON 2025,United Kingdom 🇬🇧,2025,Female,ATHX,Strength,,,,,
199,Zoe,Bennfors,Zoe Bennfors,Female,,,https://ui-avatars.com/api/?name=Z+B&color=FFFFFF&background=000000,ATHX LONDON 2025,United Kingdom 🇬🇧,2025,Female,ATHX,Strength,,,,,
199,Emily,Lewis,Emily Lewis,Female,,,https://ui-avatars.com/api/?name=E+L&color=FFFFFF&background=000000,ATHX LONDON 2025,United Kingdom 🇬🇧,2025,Female,ATHX,Strength,,,,,
199,Stepheny,Kau,Stepheny Kau,Female,,,https://ui-avatars.com/api/?name=S+K&color=FFFFFF&background=000000,ATHX LONDON 2025,United Kingdom 🇬🇧,2025,Female,ATHX,Strength,,,,,
199,Bethan,Davies,Bethan Davies,Female,,,https://ui-avatars.com/api/?name=B+D&color=FFFFFF&background=000000,ATHX LONDON 2025,United Kingdom 🇬🇧,2025,Female,ATHX,Strength,,,,,
199,Steph,Harber,Steph Harber,Female,,,https://ui-avatars.com/api/?name=S+H&color=FFFFFF&background=000000,ATHX LONDON 2025,United Kingdom 🇬🇧,2025,Female,ATHX,Strength,,,,,
199,Olga,artolga92@gmail.com,Olga artolga92@gmail.com,Female,Estonia,,https://athxgames.com/storage/profile-photos/B7Gj3G9Fb2HFRF9zs6pelScuMCwTZElw5xHi6gfI.jpg,ATHX LONDON 2025,United Kingdom 🇬🇧,2025,Female,ATHX,Strength,,,,,
199,Sara,Ginn,Sara Ginn,Female,United Kingdom,Marchon Athletic,https://athxgames.com/storage/profile-photos/oEzwDcFrAc41mpxkEWHFDOkiN8zlM8XrtAMsG49G.jpg,ATHX LONDON 2025,United Kingdom 🇬🇧,2025,Female,ATHX,Strength,,,,,
199,Hannah,Casserley,Hannah Casserley,Female,,,https://ui-avatars.com/api/?name=H+C&color=FFFFFF&background=000000,ATHX LONDON 2025,United Kingdom 🇬🇧,2025,Female,ATHX,Strength,,,,,
199,fay,jagger,fay jagger,Female,,,https://ui-avatars.com/api/?name=f+j&color=FFFFFF&background=000000,ATHX LONDON 2025,United Kingdom 🇬🇧,2025,Female,ATHX,Strength,,,,,
199,Carolina,Iraci,Carolina Iraci,Female,,,https://ui-avatars.com/api/?name=C+I&color=FFFFFF&background=000000,ATHX LONDON 2025,United Kingdom 🇬🇧,2025,Female,ATHX,Strength,,,,,
199,Jess,Dinmore,Jess Dinmore,Female,,,https://athxgames.com/storage/profile-photos/eF0IKsGSUWBjEoQRaAcP1Blx5eQiWpUaIKQGDVDU.jpg,ATHX LONDON 2025,United Kingdom 🇬🇧,2025,Female,ATHX,Strength,,,,,
199,Eleanor,Williams,Eleanor Williams,Female,,,https://ui-avatars.com/api/?name=E+W&color=FFFFFF&background=000000,ATHX LONDON 2025,United Kingdom 🇬🇧,2025,Female,ATHX,Strength,,,,,
199,Alessandra,Distefano,Alessandra Distefano,Female,,,https://athxgames.com/storage/profile-photos/DD59Hb9FMVFqvXS7HlIjDQNBj0boMvBfRloG2efk.jpg,ATHX LONDON 2025,United Kingdom 🇬🇧,2025,Female,ATHX,Strength,,,,,
199,Katie,Novis,Katie Novis,Female,,,https://ui-avatars.com/api/?name=K+N&color=FFFFFF&background=000000,ATHX LONDON 2025,United Kingdom 🇬🇧,2025,Female,ATHX,Strength,,,,,
199,Kaye,Stiemer,Kaye Stiemer,Female,,,https://athxgames.com/storage/profile-photos/vO4J35vC1R6z0b5NkWJW8eWOp9s4opjATJBVJlYR.jpg,ATHX LONDON 2025,United Kingdom 🇬🇧,2025,Female,ATHX,Strength,,,,,
199,Mollie,Laurens-Chalmers,Mollie Laurens-Chalmers,Female,,,https://athxgames.com/storage/profile-photos/yFJle1i8uAHMMJ3WH2P7E475FzkbvzOdQgkR5fZM.jpg,ATHX LONDON 2025,United Kingdom 🇬🇧,2025,Female,ATHX,Strength,,,,,
199,Bea,Davies,Bea Davies,Female,Germany,,https://ui-avatars.com/api/?name=B+D&color=FFFFFF&background=000000,ATHX LONDON 2025,United Kingdom 🇬🇧,2025,Female,ATHX,Strength,,,,,
199,Sophie,Lawson,Sophie Lawson,Female,,,https://ui-avatars.com/api/?name=S+L&color=FFFFFF&background=000000,ATHX LONDON 2025,United Kingdom 🇬🇧,2025,Female,ATHX,Strength,,,,,
199,Holly,Barton-Brown,Holly Barton-Brown,Female,,,https://ui-avatars.com/api/?name=H+B&color=FFFFFF&background=000000,ATHX LONDON 2025,United Kingdom 🇬🇧,2025,Female,ATHX,Strength,,,,,
199,Laura,Jones,Laura Jones,Female,,,https://ui-avatars.com/api/?name=L+J&color=FFFFFF&background=000000,ATHX LONDON 2025,United Kingdom 🇬🇧,2025,Female,ATHX,Strength,,,,,
199,Chloe,Ward,Chloe Ward,Female,,,https://ui-avatars.com/api/?name=C+W&color=FFFFFF&background=000000,ATHX LONDON 2025,United Kingdom 🇬🇧,2025,Female,ATHX,Strength,,,,,
199,Sarah,Read,Sarah Read,Female,,,https://ui-avatars.com/api/?name=S+R&color=FFFFFF&background=000000,ATHX LONDON 2025,United Kingdom 🇬🇧,2025,Female,ATHX,Strength,,,,,
199,Jade,Foxcroft,Jade Foxcroft,Female,,,https://ui-avatars.com/api/?name=J+F&color=FFFFFF&background=000000,ATHX LONDON 2025,United Kingdom 🇬🇧,2025,Female,ATHX,Strength,,,,,
199,Lara Jane,Hedgecock,Lara Jane Hedgecock,Female,United Kingdom,Vault 164,https://ui-avatars.com/api/?name=L+J+H&color=FFFFFF&background=000000,ATHX LONDON 2025,United Kingdom 🇬🇧,2025,Female,ATHX,Strength,,,,,
199,Laura,Epsztein,Laura Epsztein,Female,,,https://ui-avatars.com/api/?name=L+E&color=FFFFFF&background=000000,ATHX LONDON 2025,United Kingdom 🇬🇧,2025,Female,ATHX,Strength,,,,,
199,Hayley,Blundy,Hayley Blundy,Female,,,https://athxgames.com/storage/profile-photos/smNWatiX4kRGEbNBHykowMVvoEuB61vKVElGlNLA.jpg,ATHX LONDON 2025,United Kingdom 🇬🇧,2025,Female,ATHX,Strength,,,,,
229,Shelly,Lai,Shelly Lai,Female,,,https://ui-avatars.com/api/?name=S+L&color=FFFFFF&background=000000,ATHX LONDON 2025,United Kingdom 🇬🇧,2025,Female,ATHX,Strength,,,,,
229,Molly-May,Waghorne,Molly-May Waghorne,Female,,,https://ui-avatars.com/api/?name=M+W&color=FFFFFF&background=000000,ATHX LONDON 2025,United Kingdom 🇬🇧,2025,Female,ATHX,Strength,,,,,
231,Tiffany,Vessey,Tiffany Vessey,Female,,,https://ui-avatars.com/api/?name=T+V&color=FFFFFF&background=000000,ATHX LONDON 2025,United Kingdom 🇬🇧,2025,Female,ATHX,Strength,,,,,
231,Alison,Dyer,Alison Dyer,Female,,,https://ui-avatars.com/api/?name=A+D&color=FFFFFF&background=000000,ATHX LONDON 2025,United Kingdom 🇬🇧,2025,Female,ATHX,Strength,,,,,
231,Grace,Smart,Grace Smart,Female,,,https://ui-avatars.com/api/?name=G+S&color=FFFFFF&background=000000,ATHX LONDON 2025,United Kingdom 🇬🇧,2025,Female,ATHX,Strength,,,,,
231,Georgia,Testa,Georgia Testa,Female,,,https://ui-avatars.com/api/?name=G+T&color=FFFFFF&background=000000,ATHX LONDON 2025,United Kingdom 🇬🇧,2025,Female,ATHX,Strength,,,,,
231,Lauren,Mollyneaux,Lauren Mollyneaux,Female,United Kingdom,T2FIT,https://ui-avatars.com/api/?name=L+M&color=FFFFFF&background=000000,ATHX LONDON 2025,United Kingdom 🇬🇧,2025,Female,ATHX,Strength,,,,,
231,Rachel,Bell,Rachel Bell,Female,United Kingdom,Marchon,https://ui-avatars.com/api/?name=R+B&color=FFFFFF&background=000000,ATHX LONDON 2025,United Kingdom 🇬🇧,2025,Female,ATHX,Strength,,,,,
231,Emily,Higham,Emily Higham,Female,,,https://ui-avatars.com/api/?name=E+H&color=FFFFFF&background=000000,ATHX LONDON 2025,United Kingdom 🇬🇧,2025,Female,ATHX,Strength,,,,,
231,Amy,Darch,Amy Darch,Female,,,https://ui-avatars.com/api/?name=A+D&color=FFFFFF&background=000000,ATHX LONDON 2025,United Kingdom 🇬🇧,2025,Female,ATHX,Strength,,,,,
231,Max,Cotterell-East,Max Cotterell-East,Female,Jamaica,,https://athxgames.com/storage/profile-photos/McLLGRigkCNwO987L3FrlaDyxpsZ7VJaM5Ltzo8y.jpg,ATHX LONDON 2025,United Kingdom 🇬🇧,2025,Female,ATHX,Strength,,,,,
231,Annabel,Williams,Annabel Williams,Female,,,https://ui-avatars.com/api/?name=A+W&color=FFFFFF&background=000000,ATHX LONDON 2025,United Kingdom 🇬🇧,2025,Female,ATHX,Strength,,,,,
231,Lauren,Cartwright,Lauren Cartwright,Female,United Kingdom,CrossFit Sonning Common,https://ui-avatars.com/api/?name=L+C&color=FFFFFF&background=000000,ATHX LONDON 2025,United Kingdom 🇬🇧,2025,Female,ATHX,Strength,,,,,
231,Juliette,Girin,Juliette Girin,Female,France,,https://ui-avatars.com/api/?name=J+G&color=FFFFFF&background=000000,ATHX LONDON 2025,United Kingdom 🇬🇧,2025,Female,ATHX,Strength,,,,,
243,Jess,Allen,Jess Allen,Female,,,https://ui-avatars.com/api/?name=J+A&color=FFFFFF&background=000000,ATHX LONDON 2025,United Kingdom 🇬🇧,2025,Female,ATHX,Strength,,,,,
243,Catherine,Sansom,Catherine Sansom,Female,,,https://ui-avatars.com/api/?name=C+S&color=FFFFFF&background=000000,ATHX LONDON 2025,United Kingdom 🇬🇧,2025,Female,ATHX,Strength,,,,,
243,Sarah,Fabes,Sarah Fabes,Female,,,https://ui-avatars.com/api/?name=S+F&color=FFFFFF&background=000000,ATHX LONDON 2025,United Kingdom 🇬🇧,2025,Female,ATHX,Strength,,,,,
243,Becky,Schvartz,Becky Schvartz,Female,,,https://ui-avatars.com/api/?name=B+S&color=FFFFFF&background=000000,ATHX LONDON 2025,United Kingdom 🇬🇧,2025,Female,ATHX,Strength,,,,,
243,Molly,Napier,Molly Napier,Female,,,https://ui-avatars.com/api/?name=M+N&color=FFFFFF&background=000000,ATHX LONDON 2025,United Kingdom 🇬🇧,2025,Female,ATHX,Strength,,,,,
243,Olivia,Lukasewich,Olivia Lukasewich,Female,,,https://athxgames.com/storage/profile-photos/Eg39uzyfp4rqKsS8IwQJxEIIIDkpvvLEOm5CJC5J.jpg,ATHX LONDON 2025,United Kingdom 🇬🇧,2025,Female,ATHX,Strength,,,,,
243,Joss,Rein,Joss Rein,Female,,,https://ui-avatars.com/api/?name=J+R&color=FFFFFF&background=000000,ATHX LONDON 2025,United Kingdom 🇬🇧,2025,Female,ATHX,Strength,,,,,
243,Zoe,Toumazos,Zoe Toumazos,Female,,,https://ui-avatars.com/api/?name=Z+T&color=FFFFFF&background=000000,ATHX LONDON 2025,United Kingdom 🇬🇧,2025,Female,ATHX,Strength,,,,,
251,Victoria,Brackin,Victoria Brackin,Female,,,https://athxgames.com/storage/profile-photos/2tldcEPdo0ZstZvDMJbJD1li9lPsiW8RwlgGgwD7.jpg,ATHX LONDON 2025,United Kingdom 🇬🇧,2025,Female,ATHX,Strength,,,,,
252,Lisa,Taylor,Lisa Taylor,Female,,,https://ui-avatars.com/api/?name=L+T&color=FFFFFF&background=000000,ATHX LONDON 2025,United Kingdom 🇬🇧,2025,Female,ATHX,Strength,,,,,
252,Claire,Oconnor,Claire Oconnor,Female,,,https://ui-avatars.com/api/?name=C+O&color=FFFFFF&background=000000,ATHX LONDON 2025,United Kingdom 🇬🇧,2025,Female,ATHX,Strength,,,,,
252,Becky,beckykeal28@hotmail.co.uk,Becky beckykeal28@hotmail.co.uk,Female,,,https://ui-avatars.com/api/?name=B+b&color=FFFFFF&background=000000,ATHX LONDON 2025,United Kingdom 🇬🇧,2025,Female,ATHX,Strength,,,,,
252,Leanne,Bradley,Leanne Bradley,Female,,,https://ui-avatars.com/api/?name=L+B&color=FFFFFF&background=000000,ATHX LONDON 2025,United Kingdom 🇬🇧,2025,Female,ATHX,Strength,,,,,
252,Samantha,Roberts,Samantha Roberts,Female,,,https://ui-avatars.com/api/?name=S+R&color=FFFFFF&background=000000,ATHX LONDON 2025,United Kingdom 🇬🇧,2025,Female,ATHX,Strength,,,,,
252,Lucy,Cook,Lucy Cook,Female,,,https://ui-avatars.com/api/?name=L+C&color=FFFFFF&background=000000,ATHX LONDON 2025,United Kingdom 🇬🇧,2025,Female,ATHX,Strength,,,,,
252,Amy,Little,Amy Little,Female,,,https://ui-avatars.com/api/?name=A+L&color=FFFFFF&background=000000,ATHX LONDON 2025,United Kingdom 🇬🇧,2025,Female,ATHX,Strength,,,,,
252,Gizem,Tevfik,Gizem Tevfik,Female,,,https://ui-avatars.com/api/?name=G+T&color=FFFFFF&background=000000,ATHX LONDON 2025,United Kingdom 🇬🇧,2025,Female,ATHX,Strength,,,,,
252,Vanina,Principi,Vanina Principi,Female,,,https://ui-avatars.com/api/?name=V+P&color=FFFFFF&background=000000,ATHX LONDON 2025,United Kingdom 🇬🇧,2025,Female,ATHX,Strength,,,,,
252,Lucy,Dawson,Lucy Dawson,Female,,,https://ui-avatars.com/api/?name=L+D&color=FFFFFF&background=000000,ATHX LONDON 2025,United Kingdom 🇬🇧,2025,Female,ATHX,Strength,,,,,
252,Karen,Haines,Karen Haines,Female,United Kingdom,CR Fitness Lincoln,https://ui-avatars.com/api/?name=K+H&color=FFFFFF&background=000000,ATHX LONDON 2025,United Kingdom 🇬🇧,2025,Female,ATHX,Strength,,,,,
252,Yasmin,Stevenson,Yasmin Stevenson,Female,,,https://ui-avatars.com/api/?name=Y+S&color=FFFFFF&background=000000,ATHX LONDON 2025,United Kingdom 🇬🇧,2025,Female,ATHX,Strength,,,,,
252,Donna,Conlon-Jones,Donna Conlon-Jones,Female,,Kokoro Fitness,https://ui-avatars.com/api/?name=D+C&color=FFFFFF&background=000000,ATHX LONDON 2025,United Kingdom 🇬🇧,2025,Female,ATHX,Strength,,,,,
252,Jenny,Hill,Jenny Hill,Female,,,https://ui-avatars.com/api/?name=J+H&color=FFFFFF&background=000000,ATHX LONDON 2025,United Kingdom 🇬🇧,2025,Female,ATHX,Strength,,,,,
252,Bethany,Thomson,Bethany Thomson,Female,,,https://ui-avatars.com/api/?name=B+T&color=FFFFFF&background=000000,ATHX LONDON 2025,United Kingdom 🇬🇧,2025,Female,ATHX,Strength,,,,,
252,Emily,Meikle,Emily Meikle,Female,,,https://ui-avatars.com/api/?name=E+M&color=FFFFFF&background=000000,ATHX LONDON 2025,United Kingdom 🇬🇧,2025,Female,ATHX,Strength,,,,,
252,Danielle,Sargent,Danielle Sargent,Female,,,https://ui-avatars.com/api/?name=D+S&color=FFFFFF&background=000000,ATHX LONDON 2025,United Kingdom 🇬🇧,2025,Female,ATHX,Strength,,,,,
252,Georgia,Isaacs,Georgia Isaacs,Female,,,https://ui-avatars.com/api/?name=G+I&color=FFFFFF&background=000000,ATHX LONDON 2025,United Kingdom 🇬🇧,2025,Female,ATHX,Strength,,,,,
252,Rachael,Lawson,Rachael Lawson,Female,United Kingdom,,https://ui-avatars.com/api/?name=R+L&color=FFFFFF&background=000000,ATHX LONDON 2025,United Kingdom 🇬🇧,2025,Female,ATHX,Strength,,,,,
252,Lucy,Puddephatt,Lucy Puddephatt,Female,,,https://ui-avatars.com/api/?name=L+P&color=FFFFFF&background=000000,ATHX LONDON 2025,United Kingdom 🇬🇧,2025,Female,ATHX,Strength,,,,,
252,tracey,whitfield,tracey whitfield,Female,,,https://ui-avatars.com/api/?name=t+w&color=FFFFFF&background=000000,ATHX LONDON 2025,United Kingdom 🇬🇧,2025,Female,ATHX,Strength,,,,,
252,Alice,Ashwin-Tribe,Alice Ashwin-Tribe,Female,,,https://ui-avatars.com/api/?name=A+A&color=FFFFFF&background=000000,ATHX LONDON 2025,United Kingdom 🇬🇧,2025,Female,ATHX,Strength,,,,,
252,Nicole,Gasson,Nicole Gasson,Female,,,https://ui-avatars.com/api/?name=N+G&color=FFFFFF&background=000000,ATHX LONDON 2025,United Kingdom 🇬🇧,2025,Female,ATHX,Strength,,,,,
252,Juliette,Barron,Juliette Barron,Female,,,https://ui-avatars.com/api/?name=J+B&color=FFFFFF&background=000000,ATHX LONDON 2025,United Kingdom 🇬🇧,2025,Female,ATHX,Strength,,,,,
276,Nicola,Waters,Nicola Waters,Female,,,https://ui-avatars.com/api/?name=N+W&color=FFFFFF&background=000000,ATHX LONDON 2025,United Kingdom 🇬🇧,2025,Female,ATHX,Strength,,,,,
276,Louise,Melliss,Louise Melliss,Female,,,https://ui-avatars.com/api/?name=L+M&color=FFFFFF&background=000000,ATHX LONDON 2025,United Kingdom 🇬🇧,2025,Female,ATHX,Strength,,,,,
276,Christine,Chapman,Christine Chapman,Female,,,https://ui-avatars.com/api/?name=C+C&color=FFFFFF&background=000000,ATHX LONDON 2025,United Kingdom 🇬🇧,2025,Female,ATHX,Strength,,,,,
279,Stacey,Lines,Stacey Lines,Female,United Kingdom,,https://ui-avatars.com/api/?name=S+L&color=FFFFFF&background=000000,ATHX LONDON 2025,United Kingdom 🇬🇧,2025,Female,ATHX,Strength,,,,,
279,Jaime,Parker,Jaime Parker,Female,United Kingdom,whitehart,https://athxgames.com/storage/profile-photos/HKQhOzWBT52YXGbaO09kOJGaXQcp5ogEfoFzZrnC.jpg,ATHX LONDON 2025,United Kingdom 🇬🇧,2025,Female,ATHX,Strength,,,,,
279,Rebekah,Jones,Rebekah Jones,Female,,,https://ui-avatars.com/api/?name=R+J&color=FFFFFF&background=000000,ATHX LONDON 2025,United Kingdom 🇬🇧,2025,Female,ATHX,Strength,,,,,
279,Michaela,Witney,Michaela Witney,Female,,,https://ui-avatars.com/api/?name=M+W&color=FFFFFF&background=000000,ATHX LONDON 2025,United Kingdom 🇬🇧,2025,Female,ATHX,Strength,,,,,
279,Alicia,Payne,Alicia Payne,Female,,,https://ui-avatars.com/api/?name=A+P&color=FFFFFF&background=000000,ATHX LONDON 2025,United Kingdom 🇬🇧,2025,Female,ATHX,Strength,,,,,
279,Martha,WOOLLARD,Martha WOOLLARD,Female,,,https://ui-avatars.com/api/?name=M+W&color=FFFFFF&background=000000,ATHX LONDON 2025,United Kingdom 🇬🇧,2025,Female,ATHX,Strength,,,,,
279,Liza,Smith,Liza Smith,Female,,,https://athxgames.com/storage/profile-photos/qO9ZaAeT9F9qlJkT1RJbK1mRwxzWVmOe9vEUIvja.jpg,ATHX LONDON 2025,United Kingdom 🇬🇧,2025,Female,ATHX,Strength,,,,,
279,Jaimie,Munday,Jaimie Munday,Female,,,https://ui-avatars.com/api/?name=J+M&color=FFFFFF&background=000000,ATHX LONDON 2025,United Kingdom 🇬🇧,2025,Female,ATHX,Strength,,,,,
287,Gabi,Chiu,Gabi Chiu,Female,,,https://ui-avatars.com/api/?name=G+C&color=FFFFFF&background=000000,ATHX LONDON 2025,United Kingdom 🇬🇧,2025,Female,ATHX,Strength,,,,,
287,Margeaux,Creaturo,Margeaux Creaturo,Female,,,https://ui-avatars.com/api/?name=M+C&color=FFFFFF&background=000000,ATHX LONDON 2025,United Kingdom 🇬🇧,2025,Female,ATHX,Strength,,,,,
287,Abi,Lee,Abi Lee,Female,,,https://ui-avatars.com/api/?name=A+L&color=FFFFFF&background=000000,ATHX LONDON 2025,United Kingdom 🇬🇧,2025,Female,ATHX,Strength,,,,,
287,Laura,Lucas,Laura Lucas,Female,,,https://ui-avatars.com/api/?name=L+L&color=FFFFFF&background=000000,ATHX LONDON 2025,United Kingdom 🇬🇧,2025,Female,ATHX,Strength,,,,,
287,Pippa,Larkin,Pippa Larkin,Female,,,https://ui-avatars.com/api/?name=P+L&color=FFFFFF&background=000000,ATHX LONDON 2025,United Kingdom 🇬🇧,2025,Female,ATHX,Strength,,,,,
292,Beth,Salter,Beth Salter,Female,,,https://ui-avatars.com/api/?name=B+S&color=FFFFFF&background=000000,ATHX LONDON 2025,United Kingdom 🇬🇧,2025,Female,ATHX,Strength,,,,,
292,Heather,Thompson-Cooke,Heather Thompson-Cooke,Female,,,https://ui-avatars.com/api/?name=H+T&color=FFFFFF&background=000000,ATHX LONDON 2025,United Kingdom 🇬🇧,2025,Female,ATHX,Strength,,,,,
292,Jignasha,Patel,Jignasha Patel,Female,,,https://ui-avatars.com/api/?name=J+P&color=FFFFFF&background=000000,ATHX LONDON 2025,United Kingdom 🇬🇧,2025,Female,ATHX,Strength,,,,,
292,Penny,Northwood,Penny Northwood,Female,,,https://ui-avatars.com/api/?name=P+N&color=FFFFFF&background=000000,ATHX LONDON 2025,United Kingdom 🇬🇧,2025,Female,ATHX,Strength,,,,,
292,Lauren,Dickson-Lowe,Lauren Dickson-Lowe,Female,,,https://ui-avatars.com/api/?name=L+D&color=FFFFFF&background=000000,ATHX LONDON 2025,United Kingdom 🇬🇧,2025,Female,ATHX,Strength,,,,,
297,paola,collins,paola collins,Female,,,https://ui-avatars.com/api/?name=p+c&color=FFFFFF&background=000000,ATHX LONDON 2025,United Kingdom 🇬🇧,2025,Female,ATHX,Strength,,,,,
297,Ellie,Silvey,Ellie Silvey,Female,,,https://ui-avatars.com/api/?name=E+S&color=FFFFFF&background=000000,ATHX LONDON 2025,United Kingdom 🇬🇧,2025,Female,ATHX,Strength,,,,,
297,Zoe,Bonnett,Zoe Bonnett,Female,,,https://ui-avatars.com/api/?name=Z+B&color=FFFFFF&background=000000,ATHX LONDON 2025,United Kingdom 🇬🇧,2025,Female,ATHX,Strength,,,,,
297,Priya,Swainson,Priya Swainson,Female,,,https://ui-avatars.com/api/?name=P+S&color=FFFFFF&background=000000,ATHX LONDON 2025,United Kingdom 🇬🇧,2025,Female,ATHX,Strength,,,,,
297,Cassy,Fitzpatrick,Cassy Fitzpatrick,Female,,,https://ui-avatars.com/api/?name=C+F&color=FFFFFF&background=000000,ATHX LONDON 2025,United Kingdom 🇬🇧,2025,Female,ATHX,Strength,,,,,
297,Hannah,Jones,Hannah Jones,Female,,,https://ui-avatars.com/api/?name=H+J&color=FFFFFF&background=000000,ATHX LONDON 2025,United Kingdom 🇬🇧,2025,Female,ATHX,Strength,,,,,
297,Lisa,Price,Lisa Price,Female,,,https://ui-avatars.com/api/?name=L+P&color=FFFFFF&background=000000,ATHX LONDON 2025,United Kingdom 🇬🇧,2025,Female,ATHX,Strength,,,,,
297,Nerys,James,Nerys James,Female,United Kingdom,BMF Urban Crystal Palace,https://ui-avatars.com/api/?name=N+J&color=FFFFFF&background=000000,ATHX LONDON 2025,United Kingdom 🇬🇧,2025,Female,ATHX,Strength,,,,,
297,Lucy,Hemming,Lucy Hemming,Female,,,https://ui-avatars.com/api/?name=L+H&color=FFFFFF&background=000000,ATHX LONDON 2025,United Kingdom 🇬🇧,2025,Female,ATHX,Strength,,,,,
297,Claire,Doyle,Claire Doyle,Female,,,https://ui-avatars.com/api/?name=C+D&color=FFFFFF&background=000000,ATHX LONDON 2025,United Kingdom 🇬🇧,2025,Female,ATHX,Strength,,,,,
297,Flossy,Fox,Flossy Fox,Female,United Kingdom,Flossy Fox,https://ui-avatars.com/api/?name=F+F&color=FFFFFF&background=000000,ATHX LONDON 2025,United Kingdom 🇬🇧,2025,Female,ATHX,Strength,,,,,
297,Sally,Rees,Sally Rees,Female,,,https://ui-avatars.com/api/?name=S+R&color=FFFFFF&background=000000,ATHX LONDON 2025,United Kingdom 🇬🇧,2025,Female,ATHX,Strength,,,,,
297,Marie-Louise,Nicholson,Marie-Louise Nicholson,Female,,,https://ui-avatars.com/api/?name=M+N&color=FFFFFF&background=000000,ATHX LONDON 2025,United Kingdom 🇬🇧,2025,Female,ATHX,Strength,,,,,
297,Jodie,MacDonald,Jodie MacDonald,Female,,,https://ui-avatars.com/api/?name=J+M&color=FFFFFF&background=000000,ATHX LONDON 2025,United Kingdom 🇬🇧,2025,Female,ATHX,Strength,,,,,
297,Dixie,Firman,Dixie Firman,Female,,,https://athxgames.com/storage/profile-photos/3TsLLhtqbRsR9UXyjfJEzXcyQgkpGlrygo3kIyL7.jpg,ATHX LONDON 2025,United Kingdom 🇬🇧,2025,Female,ATHX,Strength,,,,,
312,Maicie,Ernestine,Maicie Ernestine,Female,,,https://ui-avatars.com/api/?name=M+E&color=FFFFFF&background=000000,ATHX LONDON 2025,United Kingdom 🇬🇧,2025,Female,ATHX,Strength,,,,,
312,Jess,Cummins,Jess Cummins,Female,,,https://ui-avatars.com/api/?name=J+C&color=FFFFFF&background=000000,ATHX LONDON 2025,United Kingdom 🇬🇧,2025,Female,ATHX,Strength,,,,,
312,Sally,Scott,Sally Scott,Female,,,https://ui-avatars.com/api/?name=S+S&color=FFFFFF&background=000000,ATHX LONDON 2025,United Kingdom 🇬🇧,2025,Female,ATHX,Strength,,,,,
315,Izzy,Hathaway,Izzy Hathaway,Female,,,https://ui-avatars.com/api/?name=I+H&color=FFFFFF&background=000000,ATHX LONDON 2025,United Kingdom 🇬🇧,2025,Female,ATHX,Strength,,,,,
315,Anna,Barella,Anna Barella,Female,United Kingdom,,https://athxgames.com/storage/profile-photos/mnuOhK8UynwiiOBvP7mmmEqpnShzvXCAIsSFdSQo.jpg,ATHX LONDON 2025,United Kingdom 🇬🇧,2025,Female,ATHX,Strength,,,,,
315,Fay,Coles,Fay Coles,Female,,,https://ui-avatars.com/api/?name=F+C&color=FFFFFF&background=000000,ATHX LONDON 2025,United Kingdom 🇬🇧,2025,Female,ATHX,Strength,,,,,
315,Christel,Dee,Christel Dee,Female,,,https://ui-avatars.com/api/?name=C+D&color=FFFFFF&background=000000,ATHX LONDON 2025,United Kingdom 🇬🇧,2025,Female,ATHX,Strength,,,,,
315,Martha,Skillern,Martha Skillern,Female,,,https://ui-avatars.com/api/?name=M+S&color=FFFFFF&background=000000,ATHX LONDON 2025,United Kingdom 🇬🇧,2025,Female,ATHX,Strength,,,,,
315,Rhia,Patel,Rhia Patel,Female,,,https://ui-avatars.com/api/?name=R+P&color=FFFFFF&background=000000,ATHX LONDON 2025,United Kingdom 🇬🇧,2025,Female,ATHX,Strength,,,,,
321,Erika,Villalobos,Erika Villalobos,Female,,,https://ui-avatars.com/api/?name=E+V&color=FFFFFF&background=000000,ATHX LONDON 2025,United Kingdom 🇬🇧,2025,Female,ATHX,Strength,,,,,
321,Kristine,Agbunag,Kristine Agbunag,Female,,,https://ui-avatars.com/api/?name=K+A&color=FFFFFF&background=000000,ATHX LONDON 2025,United Kingdom 🇬🇧,2025,Female,ATHX,Strength,,,,,
321,Jak,Gibson,Jak Gibson,Female,,,https://ui-avatars.com/api/?name=J+G&color=FFFFFF&background=000000,ATHX LONDON 2025,United Kingdom 🇬🇧,2025,Female,ATHX,Strength,,,,,
321,Ceri,Clarke,Ceri Clarke,Female,,,https://ui-avatars.com/api/?name=C+C&color=FFFFFF&background=000000,ATHX LONDON 2025,United Kingdom 🇬🇧,2025,Female,ATHX,Strength,,,,,
321,Holly,Avery,Holly Avery,Female,United Kingdom,,https://ui-avatars.com/api/?name=H+A&color=FFFFFF&background=000000,ATHX LONDON 2025,United Kingdom 🇬🇧,2025,Female,ATHX,Strength,,,,,
321,Sophie,Kent,Sophie Kent,Female,,,https://ui-avatars.com/api/?name=S+K&color=FFFFFF&background=000000,ATHX LONDON 2025,United Kingdom 🇬🇧,2025,Female,ATHX,Strength,,,,,
321,laura,hargreaves,laura hargreaves,Female,,,https://ui-avatars.com/api/?name=l+h&color=FFFFFF&background=000000,ATHX LONDON 2025,United Kingdom 🇬🇧,2025,Female,ATHX,Strength,,,,,
321,Charlotte,Reilly,Charlotte Reilly,Female,,,https://ui-avatars.com/api/?name=C+R&color=FFFFFF&background=000000,ATHX LONDON 2025,United Kingdom 🇬🇧,2025,Female,ATHX,Strength,,,,,
321,Naomi,Green,Naomi Green,Female,,,https://ui-avatars.com/api/?name=N+G&color=FFFFFF&background=000000,ATHX LONDON 2025,United Kingdom 🇬🇧,2025,Female,ATHX,Strength,,,,,
321,Jenny,Last,Jenny Last,Female,,,https://ui-avatars.com/api/?name=J+L&color=FFFFFF&background=000000,ATHX LONDON 2025,United Kingdom 🇬🇧,2025,Female,ATHX,Strength,,,,,
321,Suki,Lekkas,Suki Lekkas,Female,,,https://ui-avatars.com/api/?name=S+L&color=FFFFFF&background=000000,ATHX LONDON 2025,United Kingdom 🇬🇧,2025,Female,ATHX,Strength,,,,,
321,Emily,Hibberd,Emily Hibberd,Female,,,https://ui-avatars.com/api/?name=E+H&color=FFFFFF&background=000000,ATHX LONDON 2025,United Kingdom 🇬🇧,2025,Female,ATHX,Strength,,,,,
321,Olivia,Thackeray,Olivia Thackeray,Female,,,https://ui-avatars.com/api/?name=O+T&color=FFFFFF&background=000000,ATHX LONDON 2025,United Kingdom 🇬🇧,2025,Female,ATHX,Strength,,,,,
321,Samantha,Creasey,Samantha Creasey,Female,,,https://ui-avatars.com/api/?name=S+C&color=FFFFFF&background=000000,ATHX LONDON 2025,United Kingdom 🇬🇧,2025,Female,ATHX,Strength,,,,,
321,Kate,Ratcliff,Kate Ratcliff,Female,United Kingdom,TRIBE,https://ui-avatars.com/api/?name=K+R&color=FFFFFF&background=000000,ATHX LONDON 2025,United Kingdom 🇬🇧,2025,Female,ATHX,Strength,,,,,
336,Nikki,Redden,Nikki Redden,Female,,,https://ui-avatars.com/api/?name=N+R&color=FFFFFF&background=000000,ATHX LONDON 2025,United Kingdom 🇬🇧,2025,Female,ATHX,Strength,,,,,
336,Sophie,Thomson,Sophie Thomson,Female,,,https://ui-avatars.com/api/?name=S+T&color=FFFFFF&background=000000,ATHX LONDON 2025,United Kingdom 🇬🇧,2025,Female,ATHX,Strength,,,,,
338,Sharon,Houlton,Sharon Houlton,Female,United Kingdom,Wolf pack strength and fitness,https://ui-avatars.com/api/?name=S+H&color=FFFFFF&background=000000,ATHX LONDON 2025,United Kingdom 🇬🇧,2025,Female,ATHX,Strength,,,,,
338,Esme,ONeil,Esme ONeil,Female,,,https://ui-avatars.com/api/?name=E+O&color=FFFFFF&background=000000,ATHX LONDON 2025,United Kingdom 🇬🇧,2025,Female,ATHX,Strength,,,,,
338,Michele,Davies,Michele Davies,Female,,,https://ui-avatars.com/api/?name=M+D&color=FFFFFF&background=000000,ATHX LONDON 2025,United Kingdom 🇬🇧,2025,Female,ATHX,Strength,,,,,
338,Sophie,Dobbs,Sophie Dobbs,Female,,,https://ui-avatars.com/api/?name=S+D&color=FFFFFF&background=000000,ATHX LONDON 2025,United Kingdom 🇬🇧,2025,Female,ATHX,Strength,,,,,
338,Gloria,Montironi,Gloria Montironi,Female,,,https://ui-avatars.com/api/?name=G+M&color=FFFFFF&background=000000,ATHX LONDON 2025,United Kingdom 🇬🇧,2025,Female,ATHX,Strength,,,,,
338,Georgie,Stooks,Georgie Stooks,Female,,,https://ui-avatars.com/api/?name=G+S&color=FFFFFF&background=000000,ATHX LONDON 2025,United Kingdom 🇬🇧,2025,Female,ATHX,Strength,,,,,
338,Sophie,Ramsey,Sophie Ramsey,Female,,,https://ui-avatars.com/api/?name=S+R&color=FFFFFF&background=000000,ATHX LONDON 2025,United Kingdom 🇬🇧,2025,Female,ATHX,Strength,,,,,
338,Louise,Stranks,Louise Stranks,Female,,,https://ui-avatars.com/api/?name=L+S&color=FFFFFF&background=000000,ATHX LONDON 2025,United Kingdom 🇬🇧,2025,Female,ATHX,Strength,,,,,
338,Natalia,Ruszczuk,Natalia Ruszczuk,Female,,,https://athxgames.com/storage/profile-photos/eyNNXSuJRDSmnsDIwBAJ2a64hjdFrCrQarXAWTGg.jpg,ATHX LONDON 2025,United Kingdom 🇬🇧,2025,Female,ATHX,Strength,,,,,
338,daisy,lucker,daisy lucker,Female,United Kingdom,,https://ui-avatars.com/api/?name=d+l&color=FFFFFF&background=000000,ATHX LONDON 2025,United Kingdom 🇬🇧,2025,Female,ATHX,Strength,,,,,
338,Carly,Davis,Carly Davis,Female,Australia,,https://ui-avatars.com/api/?name=C+D&color=FFFFFF&background=000000,ATHX LONDON 2025,United Kingdom 🇬🇧,2025,Female,ATHX,Strength,,,,,
338,Hannah,Brown,Hannah Brown,Female,,,https://ui-avatars.com/api/?name=H+B&color=FFFFFF&background=000000,ATHX LONDON 2025,United Kingdom 🇬🇧,2025,Female,ATHX,Strength,,,,,
338,Madeline,Efford,Madeline Efford,Female,,,https://ui-avatars.com/api/?name=M+E&color=FFFFFF&background=000000,ATHX LONDON 2025,United Kingdom 🇬🇧,2025,Female,ATHX,Strength,,,,,
351,Shawne,Anderson,Shawne Anderson,Female,,,https://ui-avatars.com/api/?name=S+A&color=FFFFFF&background=000000,ATHX LONDON 2025,United Kingdom 🇬🇧,2025,Female,ATHX,Strength,,,,,
351,Ellen,Jaycock,Ellen Jaycock,Female,,,https://ui-avatars.com/api/?name=E+J&color=FFFFFF&background=000000,ATHX LONDON 2025,United Kingdom 🇬🇧,2025,Female,ATHX,Strength,,,,,
351,Neha,Pannu,Neha Pannu,Female,,,https://ui-avatars.com/api/?name=N+P&color=FFFFFF&background=000000,ATHX LONDON 2025,United Kingdom 🇬🇧,2025,Female,ATHX,Strength,,,,,
351,Laurie-Anne,HUANG,Laurie-Anne HUANG,Female,,,https://ui-avatars.com/api/?name=L+H&color=FFFFFF&background=000000,ATHX LONDON 2025,United Kingdom 🇬🇧,2025,Female,ATHX,Strength,,,,,
351,Alexandra,ABERGEL,Alexandra ABERGEL,Female,,,https://ui-avatars.com/api/?name=A+A&color=FFFFFF&background=000000,ATHX LONDON 2025,United Kingdom 🇬🇧,2025,Female,ATHX,Strength,,,,,
351,Ashleigh,Kroeger,Ashleigh Kroeger,Female,,,https://ui-avatars.com/api/?name=A+K&color=FFFFFF&background=000000,ATHX LONDON 2025,United Kingdom 🇬🇧,2025,Female,ATHX,Strength,,,,,
351,Serena,Torpey,Serena Torpey,Female,United Kingdom,,https://ui-avatars.com/api/?name=S+T&color=FFFFFF&background=000000,ATHX LONDON 2025,United Kingdom 🇬🇧,2025,Female,ATHX,Strength,,,,,
358,Emily,Coyle,Emily Coyle,Female,,,https://ui-avatars.com/api/?name=E+C&color=FFFFFF&background=000000,ATHX LONDON 2025,United Kingdom 🇬🇧,2025,Female,ATHX,Strength,,,,,
358,Charlotte,Myers,Charlotte Myers,Female,,,https://ui-avatars.com/api/?name=C+M&color=FFFFFF&background=000000,ATHX LONDON 2025,United Kingdom 🇬🇧,2025,Female,ATHX,Strength,,,,,
358,Dora,Nikoletopoulou,Dora Nikoletopoulou,Female,,,https://ui-avatars.com/api/?name=D+N&color=FFFFFF&background=000000,ATHX LONDON 2025,United Kingdom 🇬🇧,2025,Female,ATHX,Strength,,,,,
358,Helen,Le,Helen Le,Female,,,https://ui-avatars.com/api/?name=H+L&color=FFFFFF&background=000000,ATHX LONDON 2025,United Kingdom 🇬🇧,2025,Female,ATHX,Strength,,,,,
358,Ella,Price,Ella Price,Female,United Kingdom,T2Fit,https://ui-avatars.com/api/?name=E+P&color=FFFFFF&background=000000,ATHX LONDON 2025,United Kingdom 🇬🇧,2025,Female,ATHX,Strength,,,,,
358,Aphra,Luchesa,Aphra Luchesa,Female,,,https://ui-avatars.com/api/?name=A+L&color=FFFFFF&background=000000,ATHX LONDON 2025,United Kingdom 🇬🇧,2025,Female,ATHX,Strength,,,,,
358,Nina,Henderson,Nina Henderson,Female,,,https://ui-avatars.com/api/?name=N+H&color=FFFFFF&background=000000,ATHX LONDON 2025,United Kingdom 🇬🇧,2025,Female,ATHX,Strength,,,,,
358,Elise,Bursztejn,Elise Bursztejn,Female,France,,https://ui-avatars.com/api/?name=E+B&color=FFFFFF&background=000000,ATHX LONDON 2025,United Kingdom 🇬🇧,2025,Female,ATHX,Strength,,,,,
358,Emily,Galman,Emily Galman,Female,,,https://ui-avatars.com/api/?name=E+G&color=FFFFFF&background=000000,ATHX LONDON 2025,United Kingdom 🇬🇧,2025,Female,ATHX,Strength,,,,,
358,MARGAUX,VALERY,MARGAUX VALERY,Female,,,https://ui-avatars.com/api/?name=M+V&color=FFFFFF&background=000000,ATHX LONDON 2025,United Kingdom 🇬🇧,2025,Female,ATHX,Strength,,,,,
368,Hannah,Harwood,Hannah Harwood,Female,,,https://ui-avatars.com/api/?name=H+H&color=FFFFFF&background=000000,ATHX LONDON 2025,United Kingdom 🇬🇧,2025,Female,ATHX,Strength,,,,,
368,Sammy,Cole,Sammy Cole,Female,,,https://ui-avatars.com/api/?name=S+C&color=FFFFFF&background=000000,ATHX LONDON 2025,United Kingdom 🇬🇧,2025,Female,ATHX,Strength,,,,,
368,Lizy,Gill,Lizy Gill,Female,,,https://ui-avatars.com/api/?name=L+G&color=FFFFFF&background=000000,ATHX LONDON 2025,United Kingdom 🇬🇧,2025,Female,ATHX,Strength,,,,,
368,Ashlin,Smith,Ashlin Smith,Female,,,https://ui-avatars.com/api/?name=A+S&color=FFFFFF&background=000000,ATHX LONDON 2025,United Kingdom 🇬🇧,2025,Female,ATHX,Strength,,,,,
372,Lauren,Marchon,Lauren Marchon,Female,,,https://ui-avatars.com/api/?name=L+M&color=FFFFFF&background=000000,ATHX LONDON 2025,United Kingdom 🇬🇧,2025,Female,ATHX,Strength,,,,,
373,Dominica,Masarova,Dominica Masarova,Female,,,https://ui-avatars.com/api/?name=D+M&color=FFFFFF&background=000000,ATHX LONDON 2025,United Kingdom 🇬🇧,2025,Female,ATHX,Strength,,,,,
373,Sandra,Brauer,Sandra Brauer,Female,,,https://ui-avatars.com/api/?name=S+B&color=FFFFFF&background=000000,ATHX LONDON 2025,United Kingdom 🇬🇧,2025,Female,ATHX,Strength,,,,,
373,Lydia,Bentley,Lydia Bentley,Female,,,https://ui-avatars.com/api/?name=L+B&color=FFFFFF&background=000000,ATHX LONDON 2025,United Kingdom 🇬🇧,2025,Female,ATHX,Strength,,,,,
373,Jo,Down,Jo Down,Female,,,https://ui-avatars.com/api/?name=J+D&color=FFFFFF&background=000000,ATHX LONDON 2025,United Kingdom 🇬🇧,2025,Female,ATHX,Strength,,,,,
373,Courtney,Parker,Courtney Parker,Female,,,https://ui-avatars.com/api/?name=C+P&color=FFFFFF&background=000000,ATHX LONDON 2025,United Kingdom 🇬🇧,2025,Female,ATHX,Strength,,,,,
373,Ellie,Williams,Ellie Williams,Female,,,https://ui-avatars.com/api/?name=E+W&color=FFFFFF&background=000000,ATHX LONDON 2025,United Kingdom 🇬🇧,2025,Female,ATHX,Strength,,,,,
373,Sophie,Croucher,Sophie Croucher,Female,United Kingdom,,https://ui-avatars.com/api/?name=S+C&color=FFFFFF&background=000000,ATHX LONDON 2025,United Kingdom 🇬🇧,2025,Female,ATHX,Strength,,,,,
373,Georgie,Shute,Georgie Shute,Female,,,https://ui-avatars.com/api/?name=G+S&color=FFFFFF&background=000000,ATHX LONDON 2025,United Kingdom 🇬🇧,2025,Female,ATHX,Strength,,,,,
373,Nila,Shah,Nila Shah,Female,,T2FIT,https://ui-avatars.com/api/?name=N+S&color=FFFFFF&background=000000,ATHX LONDON 2025,United Kingdom 🇬🇧,2025,Female,ATHX,Strength,,,,,
373,Trish,Pereira,Trish Pereira,Female,,,https://ui-avatars.com/api/?name=T+P&color=FFFFFF&background=000000,ATHX LONDON 2025,United Kingdom 🇬🇧,2025,Female,ATHX,Strength,,,,,
373,Niamh,Duncan,Niamh Duncan,Female,,,https://ui-avatars.com/api/?name=N+D&color=FFFFFF&background=000000,ATHX LONDON 2025,United Kingdom 🇬🇧,2025,Female,ATHX,Strength,,,,,
373,Ruth,Williams,Ruth Williams,Female,,,https://ui-avatars.com/api/?name=R+W&color=FFFFFF&background=000000,ATHX LONDON 2025,United Kingdom 🇬🇧,2025,Female,ATHX,Strength,,,,,
373,Aimee,Styles,Aimee Styles,Female,,,https://ui-avatars.com/api/?name=A+S&color=FFFFFF&background=000000,ATHX LONDON 2025,United Kingdom 🇬🇧,2025,Female,ATHX,Strength,,,,,
373,Nevin,Prendergast,Nevin Prendergast,Female,,,https://ui-avatars.com/api/?name=N+P&color=FFFFFF&background=000000,ATHX LONDON 2025,United Kingdom 🇬🇧,2025,Female,ATHX,Strength,,,,,
387,Sarah,Hengeveld,Sarah Hengeveld,Female,United Kingdom,The Park Health Club,https://athxgames.com/storage/profile-photos/511NJh9ov6F8NG6Qzg7FgBCi1ti8X4Q1gfbqZMxr.jpg,ATHX LONDON 2025,United Kingdom 🇬🇧,2025,Female,ATHX,Strength,,,,,
387,Karen,Chalmers,Karen Chalmers,Female,,,https://ui-avatars.com/api/?name=K+C&color=FFFFFF&background=000000,ATHX LONDON 2025,United Kingdom 🇬🇧,2025,Female,ATHX,Strength,,,,,
387,Paula,Hamilton,Paula Hamilton,Female,United Kingdom,T2FIT Coulsdon,https://ui-avatars.com/api/?name=P+H&color=FFFFFF&background=000000,ATHX LONDON 2025,United Kingdom 🇬🇧,2025,Female,ATHX,Strength,,,,,
387,Suzanne,Robinson,Suzanne Robinson,Female,,,https://ui-avatars.com/api/?name=S+R&color=FFFFFF&background=000000,ATHX LONDON 2025,United Kingdom 🇬🇧,2025,Female,ATHX,Strength,,,,,
387,Louise,KIRK,Louise KIRK,Female,,,https://ui-avatars.com/api/?name=L+K&color=FFFFFF&background=000000,ATHX LONDON 2025,United Kingdom 🇬🇧,2025,Female,ATHX,Strength,,,,,
387,sarah,Cannons,sarah Cannons,Female,,,https://ui-avatars.com/api/?name=s+C&color=FFFFFF&background=000000,ATHX LONDON 2025,United Kingdom 🇬🇧,2025,Female,ATHX,Strength,,,,,
393,Charlie,Keiley,Charlie Keiley,Female,,,https://ui-avatars.com/api/?name=C+K&color=FFFFFF&background=000000,ATHX LONDON 2025,United Kingdom 🇬🇧,2025,Female,ATHX,Strength,,,,,
393,Hanna,Tarling,Hanna Tarling,Female,,,https://ui-avatars.com/api/?name=H+T&color=FFFFFF&background=000000,ATHX LONDON 2025,United Kingdom 🇬🇧,2025,Female,ATHX,Strength,,,,,
393,Hannah,Dempsey,Hannah Dempsey,Female,United Kingdom,,https://ui-avatars.com/api/?name=H+D&color=FFFFFF&background=000000,ATHX LONDON 2025,United Kingdom 🇬🇧,2025,Female,ATHX,Strength,,,,,
393,Bina,Savla,Bina Savla,Female,United Kingdom,T2fit,https://ui-avatars.com/api/?name=B+S&color=FFFFFF&background=000000,ATHX LONDON 2025,United Kingdom 🇬🇧,2025,Female,ATHX,Strength,,,,,
393,Sonia,Tutt,Sonia Tutt,Female,,,https://athxgames.com/storage/profile-photos/dGnl1QGiGZXJhd2RpuLJIV3qVZEux9sp3Lbde5kh.jpg,ATHX LONDON 2025,United Kingdom 🇬🇧,2025,Female,ATHX,Strength,,,,,
398,ANNA,KUZBIK,ANNA KUZBIK,Female,Poland,AK,https://ui-avatars.com/api/?name=A+K&color=FFFFFF&background=000000,ATHX LONDON 2025,United Kingdom 🇬🇧,2025,Female,ATHX,Strength,,,,,
398,Ashley,Webb,Ashley Webb,Female,,,https://ui-avatars.com/api/?name=A+W&color=FFFFFF&background=000000,ATHX LONDON 2025,United Kingdom 🇬🇧,2025,Female,ATHX,Strength,,,,,
398,Ife,Lawrence,Ife Lawrence,Female,,,https://ui-avatars.com/api/?name=I+L&color=FFFFFF&background=000000,ATHX LONDON 2025,United Kingdom 🇬🇧,2025,Female,ATHX,Strength,,,,,
401,Rachael,Castleton,Rachael Castleton,Female,,,https://ui-avatars.com/api/?name=R+C&color=FFFFFF&background=000000,ATHX LONDON 2025,United Kingdom 🇬🇧,2025,Female,ATHX,Strength,,,,,
401,Clare,Maskery,Clare Maskery,Female,,,https://ui-avatars.com/api/?name=C+M&color=FFFFFF&background=000000,ATHX LONDON 2025,United Kingdom 🇬🇧,2025,Female,ATHX,Strength,,,,,
401,Hannah,Moore,Hannah Moore,Female,,,https://ui-avatars.com/api/?name=H+M&color=FFFFFF&background=000000,ATHX LONDON 2025,United Kingdom 🇬🇧,2025,Female,ATHX,Strength,,,,,
401,Kasae,Fraser,Kasae Fraser,Female,,,https://ui-avatars.com/api/?name=K+F&color=FFFFFF&background=000000,ATHX LONDON 2025,United Kingdom 🇬🇧,2025,Female,ATHX,Strength,,,,,
401,nancy,chacha,nancy chacha,Female,,,https://ui-avatars.com/api/?name=n+c&color=FFFFFF&background=000000,ATHX LONDON 2025,United Kingdom 🇬🇧,2025,Female,ATHX,Strength,,,,,
401,Niamh,Turnbull,Niamh Turnbull,Female,,,https://ui-avatars.com/api/?name=N+T&color=FFFFFF&background=000000,ATHX LONDON 2025,United Kingdom 🇬🇧,2025,Female,ATHX,Strength,,,,,
401,Ilona,Sofer,Ilona Sofer,Female,,,https://ui-avatars.com/api/?name=I+S&color=FFFFFF&background=000000,ATHX LONDON 2025,United Kingdom 🇬🇧,2025,Female,ATHX,Strength,,,,,
401,Emma,Roe,Emma Roe,Female,,,https://ui-avatars.com/api/?name=E+R&color=FFFFFF&background=000000,ATHX LONDON 2025,United Kingdom 🇬🇧,2025,Female,ATHX,Strength,,,,,
401,Renny,Nazemi,Renny Nazemi,Female,,,https://ui-avatars.com/api/?name=R+N&color=FFFFFF&background=000000,ATHX LONDON 2025,United Kingdom 🇬🇧,2025,Female,ATHX,Strength,,,,,
401,Dajana,Paliokaite,Dajana Paliokaite,Female,,,https://ui-avatars.com/api/?name=D+P&color=FFFFFF&background=000000,ATHX LONDON 2025,United Kingdom 🇬🇧,2025,Female,ATHX,Strength,,,,,
401,Rebecca,Devaney,Rebecca Devaney,Female,,,https://ui-avatars.com/api/?name=R+D&color=FFFFFF&background=000000,ATHX LONDON 2025,United Kingdom 🇬🇧,2025,Female,ATHX,Strength,,,,,
401,Cicely,Proudlock,Cicely Proudlock,Female,,,https://ui-avatars.com/api/?name=C+P&color=FFFFFF&background=000000,ATHX LONDON 2025,United Kingdom 🇬🇧,2025,Female,ATHX,Strength,,,,,
413,Ellie,Hunter,Ellie Hunter,Female,,,https://ui-avatars.com/api/?name=E+H&color=FFFFFF&background=000000,ATHX LONDON 2025,United Kingdom 🇬🇧,2025,Female,ATHX,Strength,,,,,
413,Tash,Melunsky,Tash Melunsky,Female,,,https://ui-avatars.com/api/?name=T+M&color=FFFFFF&background=000000,ATHX LONDON 2025,United Kingdom 🇬🇧,2025,Female,ATHX,Strength,,,,,
413,Sophie,Kerr,Sophie Kerr,Female,United Kingdom,Marchon,https://ui-avatars.com/api/?name=S+K&color=FFFFFF&background=000000,ATHX LONDON 2025,United Kingdom 🇬🇧,2025,Female,ATHX,Strength,,,,,
413,Clara,Charasson,Clara Charasson,Female,,,https://ui-avatars.com/api/?name=C+C&color=FFFFFF&background=000000,ATHX LONDON 2025,United Kingdom 🇬🇧,2025,Female,ATHX,Strength,,,,,
417,Taryn,Smythe,Taryn Smythe,Female,,,https://ui-avatars.com/api/?name=T+S&color=FFFFFF&background=000000,ATHX LONDON 2025,United Kingdom 🇬🇧,2025,Female,ATHX,Strength,,,,,
417,Leyla,Paradot,Leyla Paradot,Female,,,https://ui-avatars.com/api/?name=L+P&color=FFFFFF&background=000000,ATHX LONDON 2025,United Kingdom 🇬🇧,2025,Female,ATHX,Strength,,,,,
417,Sarah,Aït Benali,Sarah Aït Benali,Female,,,https://ui-avatars.com/api/?name=S+A+B&color=FFFFFF&background=000000,ATHX LONDON 2025,United Kingdom 🇬🇧,2025,Female,ATHX,Strength,,,,,
417,Heather,Garrick,Heather Garrick,Female,,,https://ui-avatars.com/api/?name=H+G&color=FFFFFF&background=000000,ATHX LONDON 2025,United Kingdom 🇬🇧,2025,Female,ATHX,Strength,,,,,
417,Francesca,Whittaker,Francesca Whittaker,Female,United Kingdom,CrossFit Colchester,https://athxgames.com/storage/profile-photos/sjFuLJx1SpLAIhK3iI7F0Tgmii7wXco4XJfKxNKx.jpg,ATHX LONDON 2025,United Kingdom 🇬🇧,2025,Female,ATHX,Strength,,,,,
422,Lauren,Planner,Lauren Planner,Female,,,https://ui-avatars.com/api/?name=L+P&color=FFFFFF&background=000000,ATHX LONDON 2025,United Kingdom 🇬🇧,2025,Female,ATHX,Strength,,,,,
422,Roxan,Charleston,Roxan Charleston,Female,United Kingdom,Marchon HQ,https://ui-avatars.com/api/?name=R+C&color=FFFFFF&background=000000,ATHX LONDON 2025,United Kingdom 🇬🇧,2025,Female,ATHX,Strength,,,,,
422,Laureline,Gellie,Laureline Gellie,Female,,,https://athxgames.com/storage/profile-photos/sb2RP1XwxTWeE3obKilIuTOrers2AEE8HEyNMFJx.jpg,ATHX LONDON 2025,United Kingdom 🇬🇧,2025,Female,ATHX,Strength,,,,,
422,Alanna,Fagan,Alanna Fagan,Female,,,https://ui-avatars.com/api/?name=A+F&color=FFFFFF&background=000000,ATHX LONDON 2025,United Kingdom 🇬🇧,2025,Female,ATHX,Strength,,,,,
422,Gemma,Oneill,Gemma Oneill,Female,,,https://ui-avatars.com/api/?name=G+O&color=FFFFFF&background=000000,ATHX LONDON 2025,United Kingdom 🇬🇧,2025,Female,ATHX,Strength,,,,,
427,Meike,Martin,Meike Martin,Female,,,https://ui-avatars.com/api/?name=M+M&color=FFFFFF&background=000000,ATHX LONDON 2025,United Kingdom 🇬🇧,2025,Female,ATHX,Strength,,,,,
427,Melanie,Willoughby,Melanie Willoughby,Female,,,https://ui-avatars.com/api/?name=M+W&color=FFFFFF&background=000000,ATHX LONDON 2025,United Kingdom 🇬🇧,2025,Female,ATHX,Strength,,,,,
427,Kate,Corfield,Kate Corfield,Female,,,https://ui-avatars.com/api/?name=K+C&color=FFFFFF&background=000000,ATHX LONDON 2025,United Kingdom 🇬🇧,2025,Female,ATHX,Strength,,,,,
427,Maddie,Thompson,Maddie Thompson,Female,,,https://ui-avatars.com/api/?name=M+T&color=FFFFFF&background=000000,ATHX LONDON 2025,United Kingdom 🇬🇧,2025,Female,ATHX,Strength,,,,,
427,Hanna,Moazam,Hanna Moazam,Female,,,https://ui-avatars.com/api/?name=H+M&color=FFFFFF&background=000000,ATHX LONDON 2025,United Kingdom 🇬🇧,2025,Female,ATHX,Strength,,,,,
427,Aliyah,Zaman,Aliyah Zaman,Female,,,https://ui-avatars.com/api/?name=A+Z&color=FFFFFF&background=000000,ATHX LONDON 2025,United Kingdom 🇬🇧,2025,Female,ATHX,Strength,,,,,
427,Hollie,Sharp,Hollie Sharp,Female,,Hollie sharp,https://ui-avatars.com/api/?name=H+S&color=FFFFFF&background=000000,ATHX LONDON 2025,United Kingdom 🇬🇧,2025,Female,ATHX,Strength,,,,,
427,Louise,Young,Louise Young,Female,,,https://ui-avatars.com/api/?name=L+Y&color=FFFFFF&background=000000,ATHX LONDON 2025,United Kingdom 🇬🇧,2025,Female,ATHX,Strength,,,,,
427,Harinder,Garcha,Harinder Garcha,Female,,,https://ui-avatars.com/api/?name=H+G&color=FFFFFF&background=000000,ATHX LONDON 2025,United Kingdom 🇬🇧,2025,Female,ATHX,Strength,,,,,
427,Rachael,Mason,Rachael Mason,Female,,,https://ui-avatars.com/api/?name=R+M&color=FFFFFF&background=000000,ATHX LONDON 2025,United Kingdom 🇬🇧,2025,Female,ATHX,Strength,,,,,
427,Frances,Bingham,Frances Bingham,Female,,,https://ui-avatars.com/api/?name=F+B&color=FFFFFF&background=000000,ATHX LONDON 2025,United Kingdom 🇬🇧,2025,Female,ATHX,Strength,,,,,
438,Emma,Lax,Emma Lax,Female,,,https://ui-avatars.com/api/?name=E+L&color=FFFFFF&background=000000,ATHX LONDON 2025,United Kingdom 🇬🇧,2025,Female,ATHX,Strength,,,,,
438,Emma,Regan,Emma Regan,Female,,,https://ui-avatars.com/api/?name=E+R&color=FFFFFF&background=000000,ATHX LONDON 2025,United Kingdom 🇬🇧,2025,Female,ATHX,Strength,,,,,
440,Anaïs,Schumm,Anaïs Schumm,Female,,,https://ui-avatars.com/api/?name=A+S&color=FFFFFF&background=000000,ATHX LONDON 2025,United Kingdom 🇬🇧,2025,Female,ATHX,Strength,,,,,
441,Lexi,Racheru,Lexi Racheru,Female,,,https://ui-avatars.com/api/?name=L+R&color=FFFFFF&background=000000,ATHX LONDON 2025,United Kingdom 🇬🇧,2025,Female,ATHX,Strength,,,,,
442,Katie,Nicholson,Katie Nicholson,Female,,,https://ui-avatars.com/api/?name=K+N&color=FFFFFF&background=000000,ATHX LONDON 2025,United Kingdom 🇬🇧,2025,Female,ATHX,Strength,,,,,
442,Carys,Phillips,Carys Phillips,Female,,,https://ui-avatars.com/api/?name=C+P&color=FFFFFF&background=000000,ATHX LONDON 2025,United Kingdom 🇬🇧,2025,Female,ATHX,Strength,,,,,
442,Chelsea,Lucas,Chelsea Lucas,Female,,,https://ui-avatars.com/api/?name=C+L&color=FFFFFF&background=000000,ATHX LONDON 2025,United Kingdom 🇬🇧,2025,Female,ATHX,Strength,,,,,
442,Beth,Marshall,Beth Marshall,Female,,,https://ui-avatars.com/api/?name=B+M&color=FFFFFF&background=000000,ATHX LONDON 2025,United Kingdom 🇬🇧,2025,Female,ATHX,Strength,,,,,
446,Katie,Campbell,Katie Campbell,Female,,,https://ui-avatars.com/api/?name=K+C&color=FFFFFF&background=000000,ATHX LONDON 2025,United Kingdom 🇬🇧,2025,Female,ATHX,Strength,,,,,
446,Ely,Boscarelli,Ely Boscarelli,Female,,,https://ui-avatars.com/api/?name=E+B&color=FFFFFF&background=000000,ATHX LONDON 2025,United Kingdom 🇬🇧,2025,Female,ATHX,Strength,,,,,
446,Pippa,Harvey,Pippa Harvey,Female,,,https://ui-avatars.com/api/?name=P+H&color=FFFFFF&background=000000,ATHX LONDON 2025,United Kingdom 🇬🇧,2025,Female,ATHX,Strength,,,,,
449,Brigid,O'Donnell,Brigid O'Donnell,Female,,,https://ui-avatars.com/api/?name=B+O&color=FFFFFF&background=000000,ATHX LONDON 2025,United Kingdom 🇬🇧,2025,Female,ATHX,Strength,,,,,
449,Nirali,Patel,Nirali Patel,Female,,,https://ui-avatars.com/api/?name=N+P&color=FFFFFF&background=000000,ATHX LONDON 2025,United Kingdom 🇬🇧,2025,Female,ATHX,Strength,,,,,
451,Alice,Wright,Alice Wright,Female,,,https://ui-avatars.com/api/?name=A+W&color=FFFFFF&background=000000,ATHX LONDON 2025,United Kingdom 🇬🇧,2025,Female,ATHX,Strength,,,,,
452,Emma,Gregory,Emma Gregory,Female,,,https://ui-avatars.com/api/?name=E+G&color=FFFFFF&background=000000,ATHX LONDON 2025,United Kingdom 🇬🇧,2025,Female,ATHX,Strength,,,,,
452,Nancy,Prabhakar,Nancy Prabhakar,Female,,,https://ui-avatars.com/api/?name=N+P&color=FFFFFF&background=000000,ATHX LONDON 2025,United Kingdom 🇬🇧,2025,Female,ATHX,Strength,,,,,
452,Rebecca,Alia,Rebecca Alia,Female,,,https://ui-avatars.com/api/?name=R+A&color=FFFFFF&background=000000,ATHX LONDON 2025,United Kingdom 🇬🇧,2025,Female,ATHX,Strength,,,,,
452,Lou,Munday,Lou Munday,Female,United Kingdom,studio 281,https://ui-avatars.com/api/?name=L+M&color=FFFFFF&background=000000,ATHX LONDON 2025,United Kingdom 🇬🇧,2025,Female,ATHX,Strength,,,,,
456,Andra,Serban,Andra Serban,Female,,,https://ui-avatars.com/api/?name=A+S&color=FFFFFF&background=000000,ATHX LONDON 2025,United Kingdom 🇬🇧,2025,Female,ATHX,Strength,,,,,
456,Barbara,Jimenez,Barbara Jimenez,Female,,,https://ui-avatars.com/api/?name=B+J&color=FFFFFF&background=000000,ATHX LONDON 2025,United Kingdom 🇬🇧,2025,Female,ATHX,Strength,,,,,
458,Charlotte,Jones,Charlotte Jones,Female,,,https://athxgames.com/storage/profile-photos/WrlNwsPbtCzC3rZ6lrhsm9uaYmQPqs8dSd7xtiYS.jpg,ATHX LONDON 2025,United Kingdom 🇬🇧,2025,Female,ATHX,Strength,,,,,
459,Maxine,Mills,Maxine Mills,Female,United Kingdom,Shredquarters,https://ui-avatars.com/api/?name=M+M&color=FFFFFF&background=000000,ATHX LONDON 2025,United Kingdom 🇬🇧,2025,Female,ATHX,Strength,,,,,
460,Rebecca,Loisy,Rebecca Loisy,Female,,,https://ui-avatars.com/api/?name=R+L&color=FFFFFF&background=000000,ATHX LONDON 2025,United Kingdom 🇬🇧,2025,Female,ATHX,Strength,,,,,
460,Katie,Kett,Katie Kett,Female,,,https://ui-avatars.com/api/?name=K+K&color=FFFFFF&background=000000,ATHX LONDON 2025,United Kingdom 🇬🇧,2025,Female,ATHX,Strength,,,,,
460,Sophia,Kelleher,Sophia Kelleher,Female,,,https://ui-avatars.com/api/?name=S+K&color=FFFFFF&background=000000,ATHX LONDON 2025,United Kingdom 🇬🇧,2025,Female,ATHX,Strength,,,,,
460,Lisa,Ramsawak,Lisa Ramsawak,Female,,,https://ui-avatars.com/api/?name=L+R&color=FFFFFF&background=000000,ATHX LONDON 2025,United Kingdom 🇬🇧,2025,Female,ATHX,Strength,,,,,
460,Mathilde,Meguira,Mathilde Meguira,Female,,,https://ui-avatars.com/api/?name=M+M&color=FFFFFF&background=000000,ATHX LONDON 2025,United Kingdom 🇬🇧,2025,Female,ATHX,Strength,,,,,
460,Ashley,Killick,Ashley Killick,Female,,The Vault 164,https://ui-avatars.com/api/?name=A+K&color=FFFFFF&background=000000,ATHX LONDON 2025,United Kingdom 🇬🇧,2025,Female,ATHX,Strength,,,,,
466,Jemma,Rees,Jemma Rees,Female,,,https://ui-avatars.com/api/?name=J+R&color=FFFFFF&background=000000,ATHX LONDON 2025,United Kingdom 🇬🇧,2025,Female,ATHX,Strength,,,,,
467,Kylie,Pang,Kylie Pang,Female,,,https://ui-avatars.com/api/?name=K+P&color=FFFFFF&background=000000,ATHX LONDON 2025,United Kingdom 🇬🇧,2025,Female,ATHX,Strength,,,,,
468,Katie,Caird,Katie Caird,Female,,,https://ui-avatars.com/api/?name=K+C&color=FFFFFF&background=000000,ATHX LONDON 2025,United Kingdom 🇬🇧,2025,Female,ATHX,Strength,,,,,
468,Anna,Goddard,Anna Goddard,Female,,,https://ui-avatars.com/api/?name=A+G&color=FFFFFF&background=000000,ATHX LONDON 2025,United Kingdom 🇬🇧,2025,Female,ATHX,Strength,,,,,
468,Sej,Hindocha-Shah,Sej Hindocha-Shah,Female,United Kingdom,,https://ui-avatars.com/api/?name=S+H&color=FFFFFF&background=000000,ATHX LONDON 2025,United Kingdom 🇬🇧,2025,Female,ATHX,Strength,,,,,
471,Sian,Thompson-Birks,Sian Thompson-Birks,Female,,,https://ui-avatars.com/api/?name=S+T&color=FFFFFF&background=000000,ATHX LONDON 2025,United Kingdom 🇬🇧,2025,Female,ATHX,Strength,,,,,
471,Tracey,Vaughan,Tracey Vaughan,Female,,,https://ui-avatars.com/api/?name=T+V&color=FFFFFF&background=000000,ATHX LONDON 2025,United Kingdom 🇬🇧,2025,Female,ATHX,Strength,,,,,
473,Karina,Ng,Karina Ng,Female,,,https://ui-avatars.com/api/?name=K+N&color=FFFFFF&background=000000,ATHX LONDON 2025,United Kingdom 🇬🇧,2025,Female,ATHX,Strength,,,,,
474,Sarah,Appleby,Sarah Appleby,Female,,,https://ui-avatars.com/api/?name=S+A&color=FFFFFF&background=000000,ATHX LONDON 2025,United Kingdom 🇬🇧,2025,Female,ATHX,Strength,,,,,
475,Kiki,Bustos,Kiki Bustos,Female,,,https://ui-avatars.com/api/?name=K+B&color=FFFFFF&background=000000,ATHX LONDON 2025,United Kingdom 🇬🇧,2025,Female,ATHX,Strength,,,,,
1,Jenni,Banks,Jenni Banks,Female,,,https://ui-avatars.com/api/?name=J+B&color=FFFFFF&background=000000,ATHX LONDON 2025,United Kingdom 🇬🇧,2025,Female,ATHX Pro,Strength,,,,,
2,Tamara,O’Sullivan,Tamara O’Sullivan,Female,,,https://ui-avatars.com/api/?name=T+O&color=FFFFFF&background=000000,ATHX LONDON 2025,United Kingdom 🇬🇧,2025,Female,ATHX Pro,Strength,,,,,
3,Ursula,Hardy,Ursula Hardy,Female,,,https://ui-avatars.com/api/?name=U+H&color=FFFFFF&background=000000,ATHX LONDON 2025,United Kingdom 🇬🇧,2025,Female,ATHX Pro,Strength,,,,,
4,Robin,Swinkels,Robin Swinkels,Female,Netherlands,EindhovenGym,https://ui-avatars.com/api/?name=R+S&color=FFFFFF&background=000000,ATHX LONDON 2025,United Kingdom 🇬🇧,2025,Female,ATHX Pro,Strength,,,,,
5,Anastassija,Nikitina,Anastassija Nikitina,Female,,,https://ui-avatars.com/api/?name=A+N&color=FFFFFF&background=000000,ATHX LONDON 2025,United Kingdom 🇬🇧,2025,Female,ATHX Pro,Strength,,,,,
6,Gigi,Erhardt,Gigi Erhardt,Female,,,https://ui-avatars.com/api/?name=G+E&color=FFFFFF&background=000000,ATHX LONDON 2025,United Kingdom 🇬🇧,2025,Female,ATHX Pro,Strength,,,,,
7,Laura,Bedford,Laura Bedford,Female,,,https://ui-avatars.com/api/?name=L+B&color=FFFFFF&background=000000,ATHX LONDON 2025,United Kingdom 🇬🇧,2025,Female,ATHX Pro,Strength,,,,,
8,Tara,Kafke,Tara Kafke,Female,,,https://ui-avatars.com/api/?name=T+K&color=FFFFFF&background=000000,ATHX LONDON 2025,United Kingdom 🇬🇧,2025,Female,ATHX Pro,Strength,,,,,
8,Jade,Packer,Jade Packer,Female,,,https://ui-avatars.com/api/?name=J+P&color=FFFFFF&background=000000,ATHX LONDON 2025,United Kingdom 🇬🇧,2025,Female,ATHX Pro,Strength,,,,,
10,Olivia,Castle,Olivia Castle,Female,,,https://ui-avatars.com/api/?name=O+C&color=FFFFFF&background=000000,ATHX LONDON 2025,United Kingdom 🇬🇧,2025,Female,ATHX Pro,Strength,,,,,
11,Sophie,Storey,Sophie Storey,Female,United Kingdom,Crossfit Weyside,https://ui-avatars.com/api/?name=S+S&color=FFFFFF&background=000000,ATHX LONDON 2025,United Kingdom 🇬🇧,2025,Female,ATHX Pro,Strength,,,,,
12,Micca,Borda,Micca Borda,Female,,,https://ui-avatars.com/api/?name=M+B&color=FFFFFF&background=000000,ATHX LONDON 2025,United Kingdom 🇬🇧,2025,Female,ATHX Pro,Strength,,,,,
13,Colleen,Owen,Colleen Owen,Female,,,https://ui-avatars.com/api/?name=C+O&color=FFFFFF&background=000000,ATHX LONDON 2025,United Kingdom 🇬🇧,2025,Female,ATHX Pro,Strength,,,,,
14,Ariane,Vanco,Ariane Vanco,Female,,,https://ui-avatars.com/api/?name=A+V&color=FFFFFF&background=000000,ATHX LONDON 2025,United Kingdom 🇬🇧,2025,Female,ATHX Pro,Strength,,,,,
15,Clelia,Edouard,Clelia Edouard,Female,,,https://ui-avatars.com/api/?name=C+E&color=FFFFFF&background=000000,ATHX LONDON 2025,United Kingdom 🇬🇧,2025,Female,ATHX Pro,Strength,,,,,
16,Sophie,Sanchez,Sophie Sanchez,Female,,,https://ui-avatars.com/api/?name=S+S&color=FFFFFF&background=000000,ATHX LONDON 2025,United Kingdom 🇬🇧,2025,Female,ATHX Pro,Strength,,,,,
16,Mili,Elizalde,Mili Elizalde,Female,,,https://ui-avatars.com/api/?name=M+E&color=FFFFFF&background=000000,ATHX LONDON 2025,United Kingdom 🇬🇧,2025,Female,ATHX Pro,Strength,,,,,
18,Olena,Arkhipova,Olena Arkhipova,Female,Ukraine,Third Space,https://athxgames.com/storage/profile-photos/RHizN9BKYIHNyY6x8Zj0PDWqybmvZjvYaAo5AgN3.jpg,ATHX LONDON 2025,United Kingdom 🇬🇧,2025,Female,ATHX Pro,Strength,,,,,
19,Emily,Haynes,Emily Haynes,Female,,,https://ui-avatars.com/api/?name=E+H&color=FFFFFF&background=000000,ATHX LONDON 2025,United Kingdom 🇬🇧,2025,Female,ATHX Pro,Strength,,,,,
19,Victoria,Pallett,Victoria Pallett,Female,,,https://ui-avatars.com/api/?name=V+P&color=FFFFFF&background=000000,ATHX LONDON 2025,United Kingdom 🇬🇧,2025,Female,ATHX Pro,Strength,,,,,
21,Sietske,van Hees,Sietske van Hees,Female,,,https://ui-avatars.com/api/?name=S+v+H&color=FFFFFF&background=000000,ATHX LONDON 2025,United Kingdom 🇬🇧,2025,Female,ATHX Pro,Strength,,,,,
22,Dana,Manco Pau,Dana Manco Pau,Female,Malaysia,,https://athxgames.com/storage/profile-photos/qXNnTVtXNppVcBrxtjN5S8T8ECqJgGLXrqVZOEdy.jpg,ATHX LONDON 2025,United Kingdom 🇬🇧,2025,Female,ATHX Pro,Strength,,,,,
23,Holly,Richards,Holly Richards,Female,,,https://ui-avatars.com/api/?name=H+R&color=FFFFFF&background=000000,ATHX LONDON 2025,United Kingdom 🇬🇧,2025,Female,ATHX Pro,Strength,,,,,
24,Claudia,bickers,Claudia bickers,Female,United Kingdom,LS fitness,https://ui-avatars.com/api/?name=C+b&color=FFFFFF&background=000000,ATHX LONDON 2025,United Kingdom 🇬🇧,2025,Female,ATHX Pro,Strength,,,,,
1,Max,Baggio,Max Baggio,Male,,,https://ui-avatars.com/api/?name=M+B&color=FFFFFF&background=000000,ATHX LONDON 2025,United Kingdom 🇬🇧,2025,Male,ATHX Pro,Strength,,,,,
2,Leo,Lundgren,Leo Lundgren,Male,,,https://athxgames.com/storage/profile-photos/1YP609REhADyuRKX2oL30AUk3XQe4WVIhMjaolQ3.jpg,ATHX LONDON 2025,United Kingdom 🇬🇧,2025,Male,ATHX Pro,Strength,,,,,
2,Omar,Ellaboudy,Omar Ellaboudy,Male,,,https://ui-avatars.com/api/?name=O+E&color=FFFFFF&background=000000,ATHX LONDON 2025,United Kingdom 🇬🇧,2025,Male,ATHX Pro,Strength,,,,,
4,Brandon,Mills,Brandon Mills,Male,United Kingdom,MARCHON Victoria,https://athxgames.com/storage/profile-photos/3Ljc5NG2XyMDrFLoXYqj3gJKA75Xr7ytQZxN2JmN.jpg,ATHX LONDON 2025,United Kingdom 🇬🇧,2025,Male,ATHX Pro,Strength,,,,,
5,jonathan,blackman,jonathan blackman,Male,,,https://ui-avatars.com/api/?name=j+b&color=FFFFFF&background=000000,ATHX LONDON 2025,United Kingdom 🇬🇧,2025,Male,ATHX Pro,Strength,,,,,
6,Ryan,Healy,Ryan Healy,Male,Ireland,MARCHON,https://ui-avatars.com/api/?name=R+H&color=FFFFFF&background=000000,ATHX LONDON 2025,United Kingdom 🇬🇧,2025,Male,ATHX Pro,Strength,,,,,
7,Harry,Reynolds,Harry Reynolds,Male,,,https://ui-avatars.com/api/?name=H+R&color=FFFFFF&background=000000,ATHX LONDON 2025,United Kingdom 🇬🇧,2025,Male,ATHX Pro,Strength,,,,,
8,Justin,Lee,Justin Lee,Male,,,https://ui-avatars.com/api/?name=J+L&color=FFFFFF&background=000000,ATHX LONDON 2025,United Kingdom 🇬🇧,2025,Male,ATHX Pro,Strength,,,,,
9,Kennet,Newall-Hearn,Kennet Newall-Hearn,Male,,,https://ui-avatars.com/api/?name=K+N&color=FFFFFF&background=000000,ATHX LONDON 2025,United Kingdom 🇬🇧,2025,Male,ATHX Pro,Strength,,,,,
9,Warren,Hart,Warren Hart,Male,,,https://ui-avatars.com/api/?name=W+H&color=FFFFFF&background=000000,ATHX LONDON 2025,United Kingdom 🇬🇧,2025,Male,ATHX Pro,Strength,,,,,
11,Ross,Manester,Ross Manester,Male,,,https://ui-avatars.com/api/?name=R+M&color=FFFFFF&background=000000,ATHX LONDON 2025,United Kingdom 🇬🇧,2025,Male,ATHX Pro,Strength,,,,,
12,Harrison,Edgson,Harrison Edgson,Male,,,https://ui-avatars.com/api/?name=H+E&color=FFFFFF&background=000000,ATHX LONDON 2025,United Kingdom 🇬🇧,2025,Male,ATHX Pro,Strength,,,,,
12,Rory,McAusland,Rory McAusland,Male,United Kingdom,,https://ui-avatars.com/api/?name=R+M&color=FFFFFF&background=000000,ATHX LONDON 2025,United Kingdom 🇬🇧,2025,Male,ATHX Pro,Strength,,,,,
14,Oliver,MARCHON,Oliver MARCHON,Male,,,https://ui-avatars.com/api/?name=O+M&color=FFFFFF&background=000000,ATHX LONDON 2025,United Kingdom 🇬🇧,2025,Male,ATHX Pro,Strength,,,,,
14,Jake,Wright,Jake Wright,Male,,,https://ui-avatars.com/api/?name=J+W&color=FFFFFF&background=000000,ATHX LONDON 2025,United Kingdom 🇬🇧,2025,Male,ATHX Pro,Strength,,,,,
16,Daniel,Edmondson,Daniel Edmondson,Male,,Built by novo,https://ui-avatars.com/api/?name=D+E&color=FFFFFF&background=000000,ATHX LONDON 2025,United Kingdom 🇬🇧,2025,Male,ATHX Pro,Strength,,,,,
17,Alan,Krzempek,Alan Krzempek,Male,,,https://ui-avatars.com/api/?name=A+K&color=FFFFFF&background=000000,ATHX LONDON 2025,United Kingdom 🇬🇧,2025,Male,ATHX Pro,Strength,,,,,
17,Karim,Djidel,Karim Djidel,Male,,,https://ui-avatars.com/api/?name=K+D&color=FFFFFF&background=000000,ATHX LONDON 2025,United Kingdom 🇬🇧,2025,Male,ATHX Pro,Strength,,,,,
19,Ozzy,Caliskan,Ozzy Caliskan,Male,United Kingdom,Independent,https://athxgames.com/storage/profile-photos/ahGqPKvwNbFCSeoVWMCnwDZPodxdR0UDaGLvV8Rk.jpg,ATHX LONDON 2025,United Kingdom 🇬🇧,2025,Male,ATHX Pro,Strength,,,,,
19,Ryan,McCarthy,Ryan McCarthy,Male,,,https://ui-avatars.com/api/?name=R+M&color=FFFFFF&background=000000,ATHX LONDON 2025,United Kingdom 🇬🇧,2025,Male,ATHX Pro,Strength,,,,,
21,Eric,Botsford,Eric Botsford,Male,,,https://ui-avatars.com/api/?name=E+B&color=FFFFFF&background=000000,ATHX LONDON 2025,United Kingdom 🇬🇧,2025,Male,ATHX Pro,Strength,,,,,
21,Moe,Metwally,Moe Metwally,Male,,,https://ui-avatars.com/api/?name=M+M&color=FFFFFF&background=000000,ATHX LONDON 2025,United Kingdom 🇬🇧,2025,Male,ATHX Pro,Strength,,,,,
23,Alexandrew B,David,Alexandrew B David,Male,,,https://ui-avatars.com/api/?name=A+B+D&color=FFFFFF&background=000000,ATHX LONDON 2025,United Kingdom 🇬🇧,2025,Male,ATHX Pro,Strength,,,,,
24,Mitchell,Gates,Mitchell Gates,Male,,,https://ui-avatars.com/api/?name=M+G&color=FFFFFF&background=000000,ATHX LONDON 2025,United Kingdom 🇬🇧,2025,Male,ATHX Pro,Strength,,,,,
24,Harrison,Bogdanovs,Harrison Bogdanovs,Male,,,https://ui-avatars.com/api/?name=H+B&color=FFFFFF&background=000000,ATHX LONDON 2025,United Kingdom 🇬🇧,2025,Male,ATHX Pro,Strength,,,,,
26,Declan,Price,Declan Price,Male,,,https://ui-avatars.com/api/?name=D+P&color=FFFFFF&background=000000,ATHX LONDON 2025,United Kingdom 🇬🇧,2025,Male,ATHX Pro,Strength,,,,,
26,Matt,Hansell,Matt Hansell,Male,,,https://ui-avatars.com/api/?name=M+H&color=FFFFFF&background=000000,ATHX LONDON 2025,United Kingdom 🇬🇧,2025,Male,ATHX Pro,Strength,,,,,
28,Henry,Jaynes,Henry Jaynes,Male,,,https://ui-avatars.com/api/?name=H+J&color=FFFFFF&background=000000,ATHX LONDON 2025,United Kingdom 🇬🇧,2025,Male,ATHX Pro,Strength,,,,,
28,Kyle,Clark,Kyle Clark,Male,,,https://ui-avatars.com/api/?name=K+C&color=FFFFFF&background=000000,ATHX LONDON 2025,United Kingdom 🇬🇧,2025,Male,ATHX Pro,Strength,,,,,
30,Brett,McCall,Brett McCall,Male,,,https://athxgames.com/storage/profile-photos/3sNhNZ2NwarA0dI0APKGwP9RsGV2Z6B7VEfFu7Tk.jpg,ATHX LONDON 2025,United Kingdom 🇬🇧,2025,Male,ATHX Pro,Strength,,,,,
31,Andrew,French,Andrew French,Male,,,https://athxgames.com/storage/profile-photos/Zp8P5TQbKio5U2F8nrkO3mALQ9AKcxqBswzfpTDW.jpg,ATHX LONDON 2025,United Kingdom 🇬🇧,2025,Male,ATHX Pro,Strength,,,,,
31,Markus,Spöhnmann,Markus Spöhnmann,Male,Germany,CrossFit Tübingen,https://athxgames.com/storage/profile-photos/PZDuHA2K2gtfLry0RyQ3gMCnHYpJl21oStVkptzO.jpg,ATHX LONDON 2025,United Kingdom 🇬🇧,2025,Male,ATHX Pro,Strength,,,,,
31,Gareth,Wayt,Gareth Wayt,Male,,,https://ui-avatars.com/api/?name=G+W&color=FFFFFF&background=000000,ATHX LONDON 2025,United Kingdom 🇬🇧,2025,Male,ATHX Pro,Strength,,,,,
31,Matthew,Goodman,Matthew Goodman,Male,,,https://ui-avatars.com/api/?name=M+G&color=FFFFFF&background=000000,ATHX LONDON 2025,United Kingdom 🇬🇧,2025,Male,ATHX Pro,Strength,,,,,
35,Stefan,Kowalczyk,Stefan Kowalczyk,Male,,,https://ui-avatars.com/api/?name=S+K&color=FFFFFF&background=000000,ATHX LONDON 2025,United Kingdom 🇬🇧,2025,Male,ATHX Pro,Strength,,,,,
36,Marco,Paolillo,Marco Paolillo,Male,,,https://ui-avatars.com/api/?name=M+P&color=FFFFFF&background=000000,ATHX LONDON 2025,United Kingdom 🇬🇧,2025,Male,ATHX Pro,Strength,,,,,
36,Jamie,Bourne,Jamie Bourne,Male,,,https://ui-avatars.com/api/?name=J+B&color=FFFFFF&background=000000,ATHX LONDON 2025,United Kingdom 🇬🇧,2025,Male,ATHX Pro,Strength,,,,,
38,Ivan,Leong,Ivan Leong,Male,Seychelles,STPZ CrossFit E15,https://ui-avatars.com/api/?name=I+L&color=FFFFFF&background=000000,ATHX LONDON 2025,United Kingdom 🇬🇧,2025,Male,ATHX Pro,Strength,,,,,
38,Windson,Almeida Santos,Windson Almeida Santos,Male,Brazil,One more rep,https://ui-avatars.com/api/?name=W+A+S&color=FFFFFF&background=000000,ATHX LONDON 2025,United Kingdom 🇬🇧,2025,Male,ATHX Pro,Strength,,,,,
40,Luca,Cavicchiolo,Luca Cavicchiolo,Male,,,https://ui-avatars.com/api/?name=L+C&color=FFFFFF&background=000000,ATHX LONDON 2025,United Kingdom 🇬🇧,2025,Male,ATHX Pro,Strength,,,,,
41,Spyridon,Mouratis,Spyridon Mouratis,Male,,,https://ui-avatars.com/api/?name=S+M&color=FFFFFF&background=000000,ATHX LONDON 2025,United Kingdom 🇬🇧,2025,Male,ATHX Pro,Strength,,,,,
42,Lukas,Hammer,Lukas Hammer,Male,,,https://ui-avatars.com/api/?name=L+H&color=FFFFFF&background=000000,ATHX LONDON 2025,United Kingdom 🇬🇧,2025,Male,ATHX Pro,Strength,,,,,
43,Michael,Stonley,Michael Stonley,Male,United Kingdom,,https://ui-avatars.com/api/?name=M+S&color=FFFFFF&background=000000,ATHX LONDON 2025,United Kingdom 🇬🇧,2025,Male,ATHX Pro,Strength,,,,,
44,Phil,Jones,Phil Jones,Male,,,https://ui-avatars.com/api/?name=P+J&color=FFFFFF&background=000000,ATHX LONDON 2025,United Kingdom 🇬🇧,2025,Male,ATHX Pro,Strength,,,,,
45,drew,teo,drew teo,Male,,,https://ui-avatars.com/api/?name=d+t&color=FFFFFF&background=000000,ATHX LONDON 2025,United Kingdom 🇬🇧,2025,Male,ATHX Pro,Strength,,,,,
46,Scott,Gibbs,Scott Gibbs,Male,,,https://ui-avatars.com/api/?name=S+G&color=FFFFFF&background=000000,ATHX LONDON 2025,United Kingdom 🇬🇧,2025,Male,ATHX Pro,Strength,,,,,
47,Alex,Jack,Alex Jack,Male,,,https://ui-avatars.com/api/?name=A+J&color=FFFFFF&background=000000,ATHX LONDON 2025,United Kingdom 🇬🇧,2025,Male,ATHX Pro,Strength,,,,,
48,Fergal,Keaney,Fergal Keaney,Male,,,https://ui-avatars.com/api/?name=F+K&color=FFFFFF&background=000000,ATHX LONDON 2025,United Kingdom 🇬🇧,2025,Male,ATHX Pro,Strength,,,,,
48,Ish,O'connor,Ish O'connor,Male,United Kingdom,Ish fitness,https://ui-avatars.com/api/?name=I+O&color=FFFFFF&background=000000,ATHX LONDON 2025,United Kingdom 🇬🇧,2025,Male,ATHX Pro,Strength,,,,,
50,George,Eynon-Lewis,George Eynon-Lewis,Male,,,https://ui-avatars.com/api/?name=G+E&color=FFFFFF&background=000000,ATHX LONDON 2025,United Kingdom 🇬🇧,2025,Male,ATHX Pro,Strength,,,,,
51,Shaun,Walters,Shaun Walters,Male,,,https://ui-avatars.com/api/?name=S+W&color=FFFFFF&background=000000,ATHX LONDON 2025,United Kingdom 🇬🇧,2025,Male,ATHX Pro,Strength,,,,,
51,Ola,Sogbanmu,Ola Sogbanmu,Male,,,https://ui-avatars.com/api/?name=O+S&color=FFFFFF&background=000000,ATHX LONDON 2025,United Kingdom 🇬🇧,2025,Male,ATHX Pro,Strength,,,,,
53,Mohammad,Haiqal,Mohammad Haiqal,Male,,,https://ui-avatars.com/api/?name=M+H&color=FFFFFF&background=000000,ATHX LONDON 2025,United Kingdom 🇬🇧,2025,Male,ATHX Pro,Strength,,,,,
53,Sam,Walford,Sam Walford,Male,,,https://ui-avatars.com/api/?name=S+W&color=FFFFFF&background=000000,ATHX LONDON 2025,United Kingdom 🇬🇧,2025,Male,ATHX Pro,Strength,,,,,
55,Darren,O'Reilly,Darren O'Reilly,Male,Ireland,Gymnasium,https://ui-avatars.com/api/?name=D+O&color=FFFFFF&background=000000,ATHX LONDON 2025,United Kingdom 🇬🇧,2025,Male,ATHX Pro,Strength,,,,,
56,Will,Johnston,Will Johnston,Male,,,https://ui-avatars.com/api/?name=W+J&color=FFFFFF&background=000000,ATHX LONDON 2025,United Kingdom 🇬🇧,2025,Male,ATHX Pro,Strength,,,,,
57,Doug,Harrison,Doug Harrison,Male,,,https://ui-avatars.com/api/?name=D+H&color=FFFFFF&background=000000,ATHX LONDON 2025,United Kingdom 🇬🇧,2025,Male,ATHX Pro,Strength,,,,,
57,Sean,Phillips,Sean Phillips,Male,,,https://ui-avatars.com/api/?name=S+P&color=FFFFFF&background=000000,ATHX LONDON 2025,United Kingdom 🇬🇧,2025,Male,ATHX Pro,Strength,,,,,
59,John,McShane,John McShane,Male,,,https://ui-avatars.com/api/?name=J+M&color=FFFFFF&background=000000,ATHX LONDON 2025,United Kingdom 🇬🇧,2025,Male,ATHX Pro,Strength,,,,,
59,Anson,Lam,Anson Lam,Male,,,https://athxgames.com/storage/profile-photos/R1cpa4xKHdmbD8dDrJReQtYt8MVSHR6voxA8AyKQ.jpg,ATHX LONDON 2025,United Kingdom 🇬🇧,2025,Male,ATHX Pro,Strength,,,,,
61,Alessandro,Iacobucci,Alessandro Iacobucci,Male,Italy,NoDaysOff Seveso,https://ui-avatars.com/api/?name=A+I&color=FFFFFF&background=000000,ATHX LONDON 2025,United Kingdom 🇬🇧,2025,Male,ATHX Pro,Strength,,,,,
62,Kishan,Naidu,Kishan Naidu,Male,,,https://ui-avatars.com/api/?name=K+N&color=FFFFFF&background=000000,ATHX LONDON 2025,United Kingdom 🇬🇧,2025,Male,ATHX Pro,Strength,,,,,
63,Sam,Johnston,Sam Johnston,Male,United Kingdom,EDC CrossFit Wessex,https://ui-avatars.com/api/?name=S+J&color=FFFFFF&background=000000,ATHX LONDON 2025,United Kingdom 🇬🇧,2025,Male,ATHX Pro,Strength,,,,,
63,Amine,Mejaat,Amine Mejaat,Male,,,https://ui-avatars.com/api/?name=A+M&color=FFFFFF&background=000000,ATHX LONDON 2025,United Kingdom 🇬🇧,2025,Male,ATHX Pro,Strength,,,,,
65,Madhur,Subhash,Madhur Subhash,Male,,,https://ui-avatars.com/api/?name=M+S&color=FFFFFF&background=000000,ATHX LONDON 2025,United Kingdom 🇬🇧,2025,Male,ATHX Pro,Strength,,,,,
66,Luka,Špik,Luka Špik,Male,,,https://ui-avatars.com/api/?name=L+%C5%A0&color=FFFFFF&background=000000,ATHX LONDON 2025,United Kingdom 🇬🇧,2025,Male,ATHX Pro,Strength,,,,,
67,Roland,Maccoon,Roland Maccoon,Male,,,https://ui-avatars.com/api/?name=R+M&color=FFFFFF&background=000000,ATHX LONDON 2025,United Kingdom 🇬🇧,2025,Male,ATHX Pro,Strength,,,,,
68,Andrew,Rees-Reynolds,Andrew Rees-Reynolds,Male,,,https://ui-avatars.com/api/?name=A+R&color=FFFFFF&background=000000,ATHX LONDON 2025,United Kingdom 🇬🇧,2025,Male,ATHX Pro,Strength,,,,,
69,Nicolas,Vilalongue,Nicolas Vilalongue,Male,,,https://ui-avatars.com/api/?name=N+V&color=FFFFFF&background=000000,ATHX LONDON 2025,United Kingdom 🇬🇧,2025,Male,ATHX Pro,Strength,,,,,
70,Andrii,Kolesnyk,Andrii Kolesnyk,Male,,,https://ui-avatars.com/api/?name=A+K&color=FFFFFF&background=000000,ATHX LONDON 2025,United Kingdom 🇬🇧,2025,Male,ATHX Pro,Strength,,,,,
71,Joel,Carr,Joel Carr,Male,,,https://ui-avatars.com/api/?name=J+C&color=FFFFFF&background=000000,ATHX LONDON 2025,United Kingdom 🇬🇧,2025,Male,ATHX Pro,Strength,,,,,
72,Rob,Moores,Rob Moores,Male,,,https://ui-avatars.com/api/?name=R+M&color=FFFFFF&background=000000,ATHX LONDON 2025,United Kingdom 🇬🇧,2025,Male,ATHX Pro,Strength,,,,,
73,Daniel,DaCosta,Daniel DaCosta,Male,,,https://ui-avatars.com/api/?name=D+D&color=FFFFFF&background=000000,ATHX LONDON 2025,United Kingdom 🇬🇧,2025,Male,ATHX Pro,Strength,,,,,
74,Mason,Greig,Mason Greig,Male,,,https://ui-avatars.com/api/?name=M+G&color=FFFFFF&background=000000,ATHX LONDON 2025,United Kingdom 🇬🇧,2025,Male,ATHX Pro,Strength,,,,,
1,Kim,Mansell,Kim Mansell,Female,,,https://ui-avatars.com/api/?name=K+M&color=FFFFFF&background=000000,ATHX LONDON 2025,United Kingdom 🇬🇧,2025,Female,ATHX,Endurance,,,,,
2,Martha,WOOLLARD,Martha WOOLLARD,Female,,,https://ui-avatars.com/api/?name=M+W&color=FFFFFF&background=000000,ATHX LONDON 2025,United Kingdom 🇬🇧,2025,Female,ATHX,Endurance,,,,,
3,Katrin,Hulme,Katrin Hulme,Female,,,https://ui-avatars.com/api/?name=K+H&color=FFFFFF&background=000000,ATHX LONDON 2025,United Kingdom 🇬🇧,2025,Female,ATHX,Endurance,,,,,
4,Marie-Louise,Nicholson,Marie-Louise Nicholson,Female,,,https://ui-avatars.com/api/?name=M+N&color=FFFFFF&background=000000,ATHX LONDON 2025,United Kingdom 🇬🇧,2025,Female,ATHX,Endurance,,,,,
5,Donna,Conlon-Jones,Donna Conlon-Jones,Female,,Kokoro Fitness,https://ui-avatars.com/api/?name=D+C&color=FFFFFF&background=000000,ATHX LONDON 2025,United Kingdom 🇬🇧,2025,Female,ATHX,Endurance,,,,,
6,daisy,lucker,daisy lucker,Female,United Kingdom,,https://ui-avatars.com/api/?name=d+l&color=FFFFFF&background=000000,ATHX LONDON 2025,United Kingdom 🇬🇧,2025,Female,ATHX,Endurance,,,,,
7,Grace,Wiles,Grace Wiles,Female,,,https://ui-avatars.com/api/?name=G+W&color=FFFFFF&background=000000,ATHX LONDON 2025,United Kingdom 🇬🇧,2025,Female,ATHX,Endurance,,,,,
8,Frances,Bingham,Frances Bingham,Female,,,https://ui-avatars.com/api/?name=F+B&color=FFFFFF&background=000000,ATHX LONDON 2025,United Kingdom 🇬🇧,2025,Female,ATHX,Endurance,,,,,
9,Hannah,Casserley,Hannah Casserley,Female,,,https://ui-avatars.com/api/?name=H+C&color=FFFFFF&background=000000,ATHX LONDON 2025,United Kingdom 🇬🇧,2025,Female,ATHX,Endurance,,,,,
9,Rachael,Mason,Rachael Mason,Female,,,https://ui-avatars.com/api/?name=R+M&color=FFFFFF&background=000000,ATHX LONDON 2025,United Kingdom 🇬🇧,2025,Female,ATHX,Endurance,,,,,
11,Elise,Davis,Elise Davis,Female,,,https://ui-avatars.com/api/?name=E+D&color=FFFFFF&background=000000,ATHX LONDON 2025,United Kingdom 🇬🇧,2025,Female,ATHX,Endurance,,,,,
12,Tash,Melunsky,Tash Melunsky,Female,,,https://ui-avatars.com/api/?name=T+M&color=FFFFFF&background=000000,ATHX LONDON 2025,United Kingdom 🇬🇧,2025,Female,ATHX,Endurance,,,,,
13,Naomi,Green,Naomi Green,Female,,,https://ui-avatars.com/api/?name=N+G&color=FFFFFF&background=000000,ATHX LONDON 2025,United Kingdom 🇬🇧,2025,Female,ATHX,Endurance,,,,,
14,Annabel,Williams,Annabel Williams,Female,,,https://ui-avatars.com/api/?name=A+W&color=FFFFFF&background=000000,ATHX LONDON 2025,United Kingdom 🇬🇧,2025,Female,ATHX,Endurance,,,,,
15,Chelsea,Callaghan,Chelsea Callaghan,Female,United Kingdom,,https://athxgames.com/storage/profile-photos/Gy3hKxP9UPwGEgjlmZDX2KIOPRZg8pSvc0fCI14s.jpg,ATHX LONDON 2025,United Kingdom 🇬🇧,2025,Female,ATHX,Endurance,,,,,
16,Emily,Gooderham,Emily Gooderham,Female,,,https://ui-avatars.com/api/?name=E+G&color=FFFFFF&background=000000,ATHX LONDON 2025,United Kingdom 🇬🇧,2025,Female,ATHX,Endurance,,,,,
17,Folawe,Abraham,Folawe Abraham,Female,,,https://ui-avatars.com/api/?name=F+A&color=FFFFFF&background=000000,ATHX LONDON 2025,United Kingdom 🇬🇧,2025,Female,ATHX,Endurance,,,,,
18,Katia,Hazell,Katia Hazell,Female,United Kingdom,Rigorous Health,https://athxgames.com/storage/profile-photos/y1oV54iSCj5aHj0Fj2V3CGJtjfSTQDjdJ6dyc5mU.jpg,ATHX LONDON 2025,United Kingdom 🇬🇧,2025,Female,ATHX,Endurance,,,,,
19,Chelsea,Lucas,Chelsea Lucas,Female,,,https://ui-avatars.com/api/?name=C+L&color=FFFFFF&background=000000,ATHX LONDON 2025,United Kingdom 🇬🇧,2025,Female,ATHX,Endurance,,,,,
20,Con,Polydor,Con Polydor,Female,Australia,The Vault 164,https://ui-avatars.com/api/?name=C+P&color=FFFFFF&background=000000,ATHX LONDON 2025,United Kingdom 🇬🇧,2025,Female,ATHX,Endurance,,,,,
21,Laura,Johnson,Laura Johnson,Female,,,https://ui-avatars.com/api/?name=L+J&color=FFFFFF&background=000000,ATHX LONDON 2025,United Kingdom 🇬🇧,2025,Female,ATHX,Endurance,,,,,
22,Kara,Wagland,Kara Wagland,Female,,,https://ui-avatars.com/api/?name=K+W&color=FFFFFF&background=000000,ATHX LONDON 2025,United Kingdom 🇬🇧,2025,Female,ATHX,Endurance,,,,,
23,Lucy,Brundish,Lucy Brundish,Female,,,https://athxgames.com/storage/profile-photos/Hpzq5yPentwzSiH6H3MsGCLFn6NMILAqado1Yghn.jpg,ATHX LONDON 2025,United Kingdom 🇬🇧,2025,Female,ATHX,Endurance,,,,,
24,Poppy,Ogilvie,Poppy Ogilvie,Female,,,https://ui-avatars.com/api/?name=P+O&color=FFFFFF&background=000000,ATHX LONDON 2025,United Kingdom 🇬🇧,2025,Female,ATHX,Endurance,,,,,
25,Zoe,Toumazos,Zoe Toumazos,Female,,,https://ui-avatars.com/api/?name=Z+T&color=FFFFFF&background=000000,ATHX LONDON 2025,United Kingdom 🇬🇧,2025,Female,ATHX,Endurance,,,,,
26,Natalia,Ruszczuk,Natalia Ruszczuk,Female,,,https://athxgames.com/storage/profile-photos/eyNNXSuJRDSmnsDIwBAJ2a64hjdFrCrQarXAWTGg.jpg,ATHX LONDON 2025,United Kingdom 🇬🇧,2025,Female,ATHX,Endurance,,,,,
27,Renata,Mulerskaite,Renata Mulerskaite,Female,,,https://ui-avatars.com/api/?name=R+M&color=FFFFFF&background=000000,ATHX LONDON 2025,United Kingdom 🇬🇧,2025,Female,ATHX,Endurance,,,,,
28,Karen,Chalmers,Karen Chalmers,Female,,,https://ui-avatars.com/api/?name=K+C&color=FFFFFF&background=000000,ATHX LONDON 2025,United Kingdom 🇬🇧,2025,Female,ATHX,Endurance,,,,,
29,Fiona,Pagan,Fiona Pagan,Female,,,https://ui-avatars.com/api/?name=F+P&color=FFFFFF&background=000000,ATHX LONDON 2025,United Kingdom 🇬🇧,2025,Female,ATHX,Endurance,,,,,
30,Kate,Dale,Kate Dale,Female,,Crossfit Oxhouse,https://ui-avatars.com/api/?name=K+D&color=FFFFFF&background=000000,ATHX LONDON 2025,United Kingdom 🇬🇧,2025,Female,ATHX,Endurance,,,,,
31,Kerys,Borg,Kerys Borg,Female,,,https://ui-avatars.com/api/?name=K+B&color=FFFFFF&background=000000,ATHX LONDON 2025,United Kingdom 🇬🇧,2025,Female,ATHX,Endurance,,,,,
32,Anna,Greco,Anna Greco,Female,United Kingdom,Crossfitcirencester,https://athxgames.com/storage/profile-photos/Xah2NJ1wXhQ9oQ9VhcjlBuLPxogJGhhqZcp9IgRX.jpg,ATHX LONDON 2025,United Kingdom 🇬🇧,2025,Female,ATHX,Endurance,,,,,
33,Ashlin,Smith,Ashlin Smith,Female,,,https://ui-avatars.com/api/?name=A+S&color=FFFFFF&background=000000,ATHX LONDON 2025,United Kingdom 🇬🇧,2025,Female,ATHX,Endurance,,,,,
34,Hollie,Gerrish,Hollie Gerrish,Female,,,https://ui-avatars.com/api/?name=H+G&color=FFFFFF&background=000000,ATHX LONDON 2025,United Kingdom 🇬🇧,2025,Female,ATHX,Endurance,,,,,
35,Laura,Androsoni,Laura Androsoni,Female,,,https://ui-avatars.com/api/?name=L+A&color=FFFFFF&background=000000,ATHX LONDON 2025,United Kingdom 🇬🇧,2025,Female,ATHX,Endurance,,,,,
36,Kelly,Ellis,Kelly Ellis,Female,,,https://ui-avatars.com/api/?name=K+E&color=FFFFFF&background=000000,ATHX LONDON 2025,United Kingdom 🇬🇧,2025,Female,ATHX,Endurance,,,,,
37,Rafaela,Elliston,Rafaela Elliston,Female,,,https://ui-avatars.com/api/?name=R+E&color=FFFFFF&background=000000,ATHX LONDON 2025,United Kingdom 🇬🇧,2025,Female,ATHX,Endurance,,,,,
38,Emily,Grant,Emily Grant,Female,,,https://ui-avatars.com/api/?name=E+G&color=FFFFFF&background=000000,ATHX LONDON 2025,United Kingdom 🇬🇧,2025,Female,ATHX,Endurance,,,,,
39,Lauren,Planner,Lauren Planner,Female,,,https://ui-avatars.com/api/?name=L+P&color=FFFFFF&background=000000,ATHX LONDON 2025,United Kingdom 🇬🇧,2025,Female,ATHX,Endurance,,,,,
40,Olivia,Essex,Olivia Essex,Female,,,https://ui-avatars.com/api/?name=O+E&color=FFFFFF&background=000000,ATHX LONDON 2025,United Kingdom 🇬🇧,2025,Female,ATHX,Endurance,,,,,
41,Stacey,Lines,Stacey Lines,Female,United Kingdom,,https://ui-avatars.com/api/?name=S+L&color=FFFFFF&background=000000,ATHX LONDON 2025,United Kingdom 🇬🇧,2025,Female,ATHX,Endurance,,,,,
42,Amy,Darch,Amy Darch,Female,,,https://ui-avatars.com/api/?name=A+D&color=FFFFFF&background=000000,ATHX LONDON 2025,United Kingdom 🇬🇧,2025,Female,ATHX,Endurance,,,,,
42,Cicely,Proudlock,Cicely Proudlock,Female,,,https://ui-avatars.com/api/?name=C+P&color=FFFFFF&background=000000,ATHX LONDON 2025,United Kingdom 🇬🇧,2025,Female,ATHX,Endurance,,,,,
44,Ellis,Shaw,Ellis Shaw,Female,,,https://athxgames.com/storage/profile-photos/kwduf0KXN5wd8QB38jr5rsz1WvYfPgd947yXawSX.jpg,ATHX LONDON 2025,United Kingdom 🇬🇧,2025,Female,ATHX,Endurance,,,,,
45,Lucy,Dawson,Lucy Dawson,Female,,,https://ui-avatars.com/api/?name=L+D&color=FFFFFF&background=000000,ATHX LONDON 2025,United Kingdom 🇬🇧,2025,Female,ATHX,Endurance,,,,,
46,CLEMENTINA,DE GREGORIO,CLEMENTINA DE GREGORIO,Female,,,https://athxgames.com/storage/profile-photos/bvoridznopWxCuBNXYsnz8UmHw04PggZPbdctGsN.jpg,ATHX LONDON 2025,United Kingdom 🇬🇧,2025,Female,ATHX,Endurance,,,,,
47,Kelsey,Bjornsgaard,Kelsey Bjornsgaard,Female,,,https://ui-avatars.com/api/?name=K+B&color=FFFFFF&background=000000,ATHX LONDON 2025,United Kingdom 🇬🇧,2025,Female,ATHX,Endurance,,,,,
48,Olivia,Lukasewich,Olivia Lukasewich,Female,,,https://athxgames.com/storage/profile-photos/Eg39uzyfp4rqKsS8IwQJxEIIIDkpvvLEOm5CJC5J.jpg,ATHX LONDON 2025,United Kingdom 🇬🇧,2025,Female,ATHX,Endurance,,,,,
49,Sophia,Malik,Sophia Malik,Female,United Kingdom,,https://ui-avatars.com/api/?name=S+M&color=FFFFFF&background=000000,ATHX LONDON 2025,United Kingdom 🇬🇧,2025,Female,ATHX,Endurance,,,,,
50,Hannah,Jones,Hannah Jones,Female,,,https://ui-avatars.com/api/?name=H+J&color=FFFFFF&background=000000,ATHX LONDON 2025,United Kingdom 🇬🇧,2025,Female,ATHX,Endurance,,,,,
51,Emilie,Meri,Emilie Meri,Female,,,https://ui-avatars.com/api/?name=E+M&color=FFFFFF&background=000000,ATHX LONDON 2025,United Kingdom 🇬🇧,2025,Female,ATHX,Endurance,,,,,
52,antonia,croft,antonia croft,Female,,,https://ui-avatars.com/api/?name=a+c&color=FFFFFF&background=000000,ATHX LONDON 2025,United Kingdom 🇬🇧,2025,Female,ATHX,Endurance,,,,,
53,Alanna,Fagan,Alanna Fagan,Female,,,https://ui-avatars.com/api/?name=A+F&color=FFFFFF&background=000000,ATHX LONDON 2025,United Kingdom 🇬🇧,2025,Female,ATHX,Endurance,,,,,
54,Joss,Rein,Joss Rein,Female,,,https://ui-avatars.com/api/?name=J+R&color=FFFFFF&background=000000,ATHX LONDON 2025,United Kingdom 🇬🇧,2025,Female,ATHX,Endurance,,,,,
54,Niamh,Fitzgerald,Niamh Fitzgerald,Female,,,https://ui-avatars.com/api/?name=N+F&color=FFFFFF&background=000000,ATHX LONDON 2025,United Kingdom 🇬🇧,2025,Female,ATHX,Endurance,,,,,
56,Suzanne,Robinson,Suzanne Robinson,Female,,,https://ui-avatars.com/api/?name=S+R&color=FFFFFF&background=000000,ATHX LONDON 2025,United Kingdom 🇬🇧,2025,Female,ATHX,Endurance,,,,,
56,Natalie,Branston,Natalie Branston,Female,,,https://ui-avatars.com/api/?name=N+B&color=FFFFFF&background=000000,ATHX LONDON 2025,United Kingdom 🇬🇧,2025,Female,ATHX,Endurance,,,,,
58,Renny,Nazemi,Renny Nazemi,Female,,,https://ui-avatars.com/api/?name=R+N&color=FFFFFF&background=000000,ATHX LONDON 2025,United Kingdom 🇬🇧,2025,Female,ATHX,Endurance,,,,,
59,Sophie,Fowles,Sophie Fowles,Female,,,https://ui-avatars.com/api/?name=S+F&color=FFFFFF&background=000000,ATHX LONDON 2025,United Kingdom 🇬🇧,2025,Female,ATHX,Endurance,,,,,
59,Siobhan,Cullern,Siobhan Cullern,Female,,,https://athxgames.com/storage/profile-photos/Kx8hvdWS1tnmt8GX187567WzUQXHdPliOivcHL9D.jpg,ATHX LONDON 2025,United Kingdom 🇬🇧,2025,Female,ATHX,Endurance,,,,,
61,Nina,Henderson,Nina Henderson,Female,,,https://ui-avatars.com/api/?name=N+H&color=FFFFFF&background=000000,ATHX LONDON 2025,United Kingdom 🇬🇧,2025,Female,ATHX,Endurance,,,,,
62,Antonia,Garton-Sprenger,Antonia Garton-Sprenger,Female,,,https://ui-avatars.com/api/?name=A+G&color=FFFFFF&background=000000,ATHX LONDON 2025,United Kingdom 🇬🇧,2025,Female,ATHX,Endurance,,,,,
63,Lillie,Bailey,Lillie Bailey,Female,,,https://ui-avatars.com/api/?name=L+B&color=FFFFFF&background=000000,ATHX LONDON 2025,United Kingdom 🇬🇧,2025,Female,ATHX,Endurance,,,,,
64,Jessica,Dale,Jessica Dale,Female,,,https://ui-avatars.com/api/?name=J+D&color=FFFFFF&background=000000,ATHX LONDON 2025,United Kingdom 🇬🇧,2025,Female,ATHX,Endurance,,,,,
65,karen,Martinez,karen Martinez,Female,,,https://ui-avatars.com/api/?name=k+M&color=FFFFFF&background=000000,ATHX LONDON 2025,United Kingdom 🇬🇧,2025,Female,ATHX,Endurance,,,,,
66,Dixie,Firman,Dixie Firman,Female,,,https://athxgames.com/storage/profile-photos/3TsLLhtqbRsR9UXyjfJEzXcyQgkpGlrygo3kIyL7.jpg,ATHX LONDON 2025,United Kingdom 🇬🇧,2025,Female,ATHX,Endurance,,,,,
67,Beth,Fletcher,Beth Fletcher,Female,,,https://ui-avatars.com/api/?name=B+F&color=FFFFFF&background=000000,ATHX LONDON 2025,United Kingdom 🇬🇧,2025,Female,ATHX,Endurance,,,,,
68,Constance,Umusu,Constance Umusu,Female,United Kingdom,T2Fit (Purley),https://athxgames.com/storage/profile-photos/wSyvL6AACrp4xMIY5iRN1bzdLDKLb4ttcTWtZoJ3.jpg,ATHX LONDON 2025,United Kingdom 🇬🇧,2025,Female,ATHX,Endurance,,,,,
69,Hannah,Brown,Hannah Brown,Female,,,https://ui-avatars.com/api/?name=H+B&color=FFFFFF&background=000000,ATHX LONDON 2025,United Kingdom 🇬🇧,2025,Female,ATHX,Endurance,,,,,
70,Jaeden,Worthington,Jaeden Worthington,Female,,,https://ui-avatars.com/api/?name=J+W&color=FFFFFF&background=000000,ATHX LONDON 2025,United Kingdom 🇬🇧,2025,Female,ATHX,Endurance,,,,,
71,Juliane,Groß,Juliane Groß,Female,,,https://athxgames.com/storage/profile-photos/KEMCiEzyKsuqBCa2Vl0z1qVbbYlv9iFHqK1aVf40.jpg,ATHX LONDON 2025,United Kingdom 🇬🇧,2025,Female,ATHX,Endurance,,,,,
72,Angela,du Boulay,Angela du Boulay,Female,Australia,Marchon Stratford,https://ui-avatars.com/api/?name=A+d+B&color=FFFFFF&background=000000,ATHX LONDON 2025,United Kingdom 🇬🇧,2025,Female,ATHX,Endurance,,,,,
73,Sammy,Cole,Sammy Cole,Female,,,https://ui-avatars.com/api/?name=S+C&color=FFFFFF&background=000000,ATHX LONDON 2025,United Kingdom 🇬🇧,2025,Female,ATHX,Endurance,,,,,
73,Clare,Rafferty,Clare Rafferty,Female,,,https://ui-avatars.com/api/?name=C+R&color=FFFFFF&background=000000,ATHX LONDON 2025,United Kingdom 🇬🇧,2025,Female,ATHX,Endurance,,,,,
75,Trish,Pereira,Trish Pereira,Female,,,https://ui-avatars.com/api/?name=T+P&color=FFFFFF&background=000000,ATHX LONDON 2025,United Kingdom 🇬🇧,2025,Female,ATHX,Endurance,,,,,
76,Charlie,Keiley,Charlie Keiley,Female,,,https://ui-avatars.com/api/?name=C+K&color=FFFFFF&background=000000,ATHX LONDON 2025,United Kingdom 🇬🇧,2025,Female,ATHX,Endurance,,,,,
76,Molly,John,Molly John,Female,,,https://athxgames.com/storage/profile-photos/XwJWkxxf9goo9EJMYfILc9OclxfTYdQtsj6wVHgf.jpg,ATHX LONDON 2025,United Kingdom 🇬🇧,2025,Female,ATHX,Endurance,,,,,
78,Ellen,Jaycock,Ellen Jaycock,Female,,,https://ui-avatars.com/api/?name=E+J&color=FFFFFF&background=000000,ATHX LONDON 2025,United Kingdom 🇬🇧,2025,Female,ATHX,Endurance,,,,,
79,Katie,Buckmaster,Katie Buckmaster,Female,,,https://ui-avatars.com/api/?name=K+B&color=FFFFFF&background=000000,ATHX LONDON 2025,United Kingdom 🇬🇧,2025,Female,ATHX,Endurance,,,,,
80,Jayne,Lo,Jayne Lo,Female,,,https://ui-avatars.com/api/?name=J+L&color=FFFFFF&background=000000,ATHX LONDON 2025,United Kingdom 🇬🇧,2025,Female,ATHX,Endurance,,,,,
81,Evelyn,Tong,Evelyn Tong,Female,,,https://ui-avatars.com/api/?name=E+T&color=FFFFFF&background=000000,ATHX LONDON 2025,United Kingdom 🇬🇧,2025,Female,ATHX,Endurance,,,,,
82,Holly,Barton-Brown,Holly Barton-Brown,Female,,,https://ui-avatars.com/api/?name=H+B&color=FFFFFF&background=000000,ATHX LONDON 2025,United Kingdom 🇬🇧,2025,Female,ATHX,Endurance,,,,,
83,Rohana,Still,Rohana Still,Female,,,https://ui-avatars.com/api/?name=R+S&color=FFFFFF&background=000000,ATHX LONDON 2025,United Kingdom 🇬🇧,2025,Female,ATHX,Endurance,,,,,
84,Carolina,Iraci,Carolina Iraci,Female,,,https://ui-avatars.com/api/?name=C+I&color=FFFFFF&background=000000,ATHX LONDON 2025,United Kingdom 🇬🇧,2025,Female,ATHX,Endurance,,,,,
85,Rachel,Bartholomeusz,Rachel Bartholomeusz,Female,,,https://ui-avatars.com/api/?name=R+B&color=FFFFFF&background=000000,ATHX LONDON 2025,United Kingdom 🇬🇧,2025,Female,ATHX,Endurance,,,,,
86,Teresa,McGillivray,Teresa McGillivray,Female,,,https://ui-avatars.com/api/?name=T+M&color=FFFFFF&background=000000,ATHX LONDON 2025,United Kingdom 🇬🇧,2025,Female,ATHX,Endurance,,,,,
87,Maria,Goncalves da Cunha,Maria Goncalves da Cunha,Female,,,https://ui-avatars.com/api/?name=M+G+d+C&color=FFFFFF&background=000000,ATHX LONDON 2025,United Kingdom 🇬🇧,2025,Female,ATHX,Endurance,,,,,
88,Sophie,Kent,Sophie Kent,Female,,,https://ui-avatars.com/api/?name=S+K&color=FFFFFF&background=000000,ATHX LONDON 2025,United Kingdom 🇬🇧,2025,Female,ATHX,Endurance,,,,,
89,Jenny,Last,Jenny Last,Female,,,https://ui-avatars.com/api/?name=J+L&color=FFFFFF&background=000000,ATHX LONDON 2025,United Kingdom 🇬🇧,2025,Female,ATHX,Endurance,,,,,
90,sarah,Cannons,sarah Cannons,Female,,,https://ui-avatars.com/api/?name=s+C&color=FFFFFF&background=000000,ATHX LONDON 2025,United Kingdom 🇬🇧,2025,Female,ATHX,Endurance,,,,,
91,Emma,Kirk-Odunubi,Emma Kirk-Odunubi,Female,,,https://athxgames.com/storage/profile-photos/zGUZJk3jfm8M13DmX1OHdTqrK5xvKzbM2uOz0CmZ.jpg,ATHX LONDON 2025,United Kingdom 🇬🇧,2025,Female,ATHX,Endurance,,,,,
92,Ellë,Bolland,Ellë Bolland,Female,United Kingdom,Vault 164,https://athxgames.com/storage/profile-photos/JeikRI0Mltzweqr1cZ7jwYHEvCTCB14bXfcdjONX.jpg,ATHX LONDON 2025,United Kingdom 🇬🇧,2025,Female,ATHX,Endurance,,,,,
92,Elena,Lolova,Elena Lolova,Female,,,https://ui-avatars.com/api/?name=E+L&color=FFFFFF&background=000000,ATHX LONDON 2025,United Kingdom 🇬🇧,2025,Female,ATHX,Endurance,,,,,
94,Holly,Hammill,Holly Hammill,Female,,,https://ui-avatars.com/api/?name=H+H&color=FFFFFF&background=000000,ATHX LONDON 2025,United Kingdom 🇬🇧,2025,Female,ATHX,Endurance,,,,,
95,Duda,Lang,Duda Lang,Female,,,https://ui-avatars.com/api/?name=D+L&color=FFFFFF&background=000000,ATHX LONDON 2025,United Kingdom 🇬🇧,2025,Female,ATHX,Endurance,,,,,
96,Brigid,O'Donnell,Brigid O'Donnell,Female,,,https://ui-avatars.com/api/?name=B+O&color=FFFFFF&background=000000,ATHX LONDON 2025,United Kingdom 🇬🇧,2025,Female,ATHX,Endurance,,,,,
97,Max,Cotterell-East,Max Cotterell-East,Female,Jamaica,,https://athxgames.com/storage/profile-photos/McLLGRigkCNwO987L3FrlaDyxpsZ7VJaM5Ltzo8y.jpg,ATHX LONDON 2025,United Kingdom 🇬🇧,2025,Female,ATHX,Endurance,,,,,
98,Romey,Langley,Romey Langley,Female,United Kingdom,Vault,https://ui-avatars.com/api/?name=R+L&color=FFFFFF&background=000000,ATHX LONDON 2025,United Kingdom 🇬🇧,2025,Female,ATHX,Endurance,,,,,
99,Sarah,Read,Sarah Read,Female,,,https://ui-avatars.com/api/?name=S+R&color=FFFFFF&background=000000,ATHX LONDON 2025,United Kingdom 🇬🇧,2025,Female,ATHX,Endurance,,,,,
100,Lisa,Ramsawak,Lisa Ramsawak,Female,,,https://ui-avatars.com/api/?name=L+R&color=FFFFFF&background=000000,ATHX LONDON 2025,United Kingdom 🇬🇧,2025,Female,ATHX,Endurance,,,,,
101,Rachel,Faulkner,Rachel Faulkner,Female,,,https://ui-avatars.com/api/?name=R+F&color=FFFFFF&background=000000,ATHX LONDON 2025,United Kingdom 🇬🇧,2025,Female,ATHX,Endurance,,,,,
102,Chloe,Lawrence,Chloe Lawrence,Female,,,https://ui-avatars.com/api/?name=C+L&color=FFFFFF&background=000000,ATHX LONDON 2025,United Kingdom 🇬🇧,2025,Female,ATHX,Endurance,,,,,
103,Abigail,Bertelsen,Abigail Bertelsen,Female,,,https://ui-avatars.com/api/?name=A+B&color=FFFFFF&background=000000,ATHX LONDON 2025,United Kingdom 🇬🇧,2025,Female,ATHX,Endurance,,,,,
104,Georgina,Farmer,Georgina Farmer,Female,,,https://ui-avatars.com/api/?name=G+F&color=FFFFFF&background=000000,ATHX LONDON 2025,United Kingdom 🇬🇧,2025,Female,ATHX,Endurance,,,,,
105,Becca,Neale,Becca Neale,Female,,Blitz,https://athxgames.com/storage/profile-photos/IANBP71dW1BiaNLhbkspxLmBOVxiNkMcyW9f5sp9.jpg,ATHX LONDON 2025,United Kingdom 🇬🇧,2025,Female,ATHX,Endurance,,,,,
106,Emily,Hopkins,Emily Hopkins,Female,,,https://ui-avatars.com/api/?name=E+H&color=FFFFFF&background=000000,ATHX LONDON 2025,United Kingdom 🇬🇧,2025,Female,ATHX,Endurance,,,,,
107,Ana,Castro,Ana Castro,Female,,,https://ui-avatars.com/api/?name=A+C&color=FFFFFF&background=000000,ATHX LONDON 2025,United Kingdom 🇬🇧,2025,Female,ATHX,Endurance,,,,,
108,Nerys,James,Nerys James,Female,United Kingdom,BMF Urban Crystal Palace,https://ui-avatars.com/api/?name=N+J&color=FFFFFF&background=000000,ATHX LONDON 2025,United Kingdom 🇬🇧,2025,Female,ATHX,Endurance,,,,,
109,Emily,Lewis,Emily Lewis,Female,,,https://ui-avatars.com/api/?name=E+L&color=FFFFFF&background=000000,ATHX LONDON 2025,United Kingdom 🇬🇧,2025,Female,ATHX,Endurance,,,,,
110,Pippa,Harvey,Pippa Harvey,Female,,,https://ui-avatars.com/api/?name=P+H&color=FFFFFF&background=000000,ATHX LONDON 2025,United Kingdom 🇬🇧,2025,Female,ATHX,Endurance,,,,,
111,Jaimie,Munday,Jaimie Munday,Female,,,https://ui-avatars.com/api/?name=J+M&color=FFFFFF&background=000000,ATHX LONDON 2025,United Kingdom 🇬🇧,2025,Female,ATHX,Endurance,,,,,
112,Genevieve,Hickin,Genevieve Hickin,Female,,,https://ui-avatars.com/api/?name=G+H&color=FFFFFF&background=000000,ATHX LONDON 2025,United Kingdom 🇬🇧,2025,Female,ATHX,Endurance,,,,,
113,Janice,Jin,Janice Jin,Female,,,https://ui-avatars.com/api/?name=J+J&color=FFFFFF&background=000000,ATHX LONDON 2025,United Kingdom 🇬🇧,2025,Female,ATHX,Endurance,,,,,
114,Florence,Kinnafick,Florence Kinnafick,Female,United Kingdom,CrossFit Leamington,https://ui-avatars.com/api/?name=F+K&color=FFFFFF&background=000000,ATHX LONDON 2025,United Kingdom 🇬🇧,2025,Female,ATHX,Endurance,,,,,
115,Maicie,Ernestine,Maicie Ernestine,Female,,,https://ui-avatars.com/api/?name=M+E&color=FFFFFF&background=000000,ATHX LONDON 2025,United Kingdom 🇬🇧,2025,Female,ATHX,Endurance,,,,,
116,Laura,Such,Laura Such,Female,,,https://ui-avatars.com/api/?name=L+S&color=FFFFFF&background=000000,ATHX LONDON 2025,United Kingdom 🇬🇧,2025,Female,ATHX,Endurance,,,,,
117,Jodie,MacDonald,Jodie MacDonald,Female,,,https://ui-avatars.com/api/?name=J+M&color=FFFFFF&background=000000,ATHX LONDON 2025,United Kingdom 🇬🇧,2025,Female,ATHX,Endurance,,,,,
118,Michaela,Witney,Michaela Witney,Female,,,https://ui-avatars.com/api/?name=M+W&color=FFFFFF&background=000000,ATHX LONDON 2025,United Kingdom 🇬🇧,2025,Female,ATHX,Endurance,,,,,
119,Kate,Ratcliff,Kate Ratcliff,Female,United Kingdom,TRIBE,https://ui-avatars.com/api/?name=K+R&color=FFFFFF&background=000000,ATHX LONDON 2025,United Kingdom 🇬🇧,2025,Female,ATHX,Endurance,,,,,
120,Leonarda,Schotness,Leonarda Schotness,Female,,,https://ui-avatars.com/api/?name=L+S&color=FFFFFF&background=000000,ATHX LONDON 2025,United Kingdom 🇬🇧,2025,Female,ATHX,Endurance,,,,,
121,Karyna,Manuel,Karyna Manuel,Female,,,https://ui-avatars.com/api/?name=K+M&color=FFFFFF&background=000000,ATHX LONDON 2025,United Kingdom 🇬🇧,2025,Female,ATHX,Endurance,,,,,
122,Lucy,Cook,Lucy Cook,Female,,,https://ui-avatars.com/api/?name=L+C&color=FFFFFF&background=000000,ATHX LONDON 2025,United Kingdom 🇬🇧,2025,Female,ATHX,Endurance,,,,,
123,Gemma,Picton,Gemma Picton,Female,,,https://ui-avatars.com/api/?name=G+P&color=FFFFFF&background=000000,ATHX LONDON 2025,United Kingdom 🇬🇧,2025,Female,ATHX,Endurance,,,,,
124,Kate,Grimshaw,Kate Grimshaw,Female,,,https://ui-avatars.com/api/?name=K+G&color=FFFFFF&background=000000,ATHX LONDON 2025,United Kingdom 🇬🇧,2025,Female,ATHX,Endurance,,,,,
125,Laura,Epsztein,Laura Epsztein,Female,,,https://ui-avatars.com/api/?name=L+E&color=FFFFFF&background=000000,ATHX LONDON 2025,United Kingdom 🇬🇧,2025,Female,ATHX,Endurance,,,,,
126,Juliette,Barron,Juliette Barron,Female,,,https://ui-avatars.com/api/?name=J+B&color=FFFFFF&background=000000,ATHX LONDON 2025,United Kingdom 🇬🇧,2025,Female,ATHX,Endurance,,,,,
127,Alison,Reed,Alison Reed,Female,British Indian Ocean Territory,Blackbrook,https://ui-avatars.com/api/?name=A+R&color=FFFFFF&background=000000,ATHX LONDON 2025,United Kingdom 🇬🇧,2025,Female,ATHX,Endurance,,,,,
128,Hannah,Ledwold,Hannah Ledwold,Female,,,https://ui-avatars.com/api/?name=H+L&color=FFFFFF&background=000000,ATHX LONDON 2025,United Kingdom 🇬🇧,2025,Female,ATHX,Endurance,,,,,
129,Seona,Fives,Seona Fives,Female,,,https://ui-avatars.com/api/?name=S+F&color=FFFFFF&background=000000,ATHX LONDON 2025,United Kingdom 🇬🇧,2025,Female,ATHX,Endurance,,,,,
130,Karina,Hastie,Karina Hastie,Female,,,https://ui-avatars.com/api/?name=K+H&color=FFFFFF&background=000000,ATHX LONDON 2025,United Kingdom 🇬🇧,2025,Female,ATHX,Endurance,,,,,
131,Danielle,Todd,Danielle Todd,Female,,,https://ui-avatars.com/api/?name=D+T&color=FFFFFF&background=000000,ATHX LONDON 2025,United Kingdom 🇬🇧,2025,Female,ATHX,Endurance,,,,,
132,Emily,Butler,Emily Butler,Female,,,https://ui-avatars.com/api/?name=E+B&color=FFFFFF&background=000000,ATHX LONDON 2025,United Kingdom 🇬🇧,2025,Female,ATHX,Endurance,,,,,
133,Ely,Boscarelli,Ely Boscarelli,Female,,,https://ui-avatars.com/api/?name=E+B&color=FFFFFF&background=000000,ATHX LONDON 2025,United Kingdom 🇬🇧,2025,Female,ATHX,Endurance,,,,,
134,Alice,Ashwin-Tribe,Alice Ashwin-Tribe,Female,,,https://ui-avatars.com/api/?name=A+A&color=FFFFFF&background=000000,ATHX LONDON 2025,United Kingdom 🇬🇧,2025,Female,ATHX,Endurance,,,,,
135,Penny,Northwood,Penny Northwood,Female,,,https://ui-avatars.com/api/?name=P+N&color=FFFFFF&background=000000,ATHX LONDON 2025,United Kingdom 🇬🇧,2025,Female,ATHX,Endurance,,,,,
136,Kyra,Waterfall,Kyra Waterfall,Female,,,https://ui-avatars.com/api/?name=K+W&color=FFFFFF&background=000000,ATHX LONDON 2025,United Kingdom 🇬🇧,2025,Female,ATHX,Endurance,,,,,
137,Lauren,Marchon,Lauren Marchon,Female,,,https://ui-avatars.com/api/?name=L+M&color=FFFFFF&background=000000,ATHX LONDON 2025,United Kingdom 🇬🇧,2025,Female,ATHX,Endurance,,,,,
138,Michele,Davies,Michele Davies,Female,,,https://ui-avatars.com/api/?name=M+D&color=FFFFFF&background=000000,ATHX LONDON 2025,United Kingdom 🇬🇧,2025,Female,ATHX,Endurance,,,,,
139,ANNA,KUZBIK,ANNA KUZBIK,Female,Poland,AK,https://ui-avatars.com/api/?name=A+K&color=FFFFFF&background=000000,ATHX LONDON 2025,United Kingdom 🇬🇧,2025,Female,ATHX,Endurance,,,,,
140,Karin,Steininger,Karin Steininger,Female,,,https://ui-avatars.com/api/?name=K+S&color=FFFFFF&background=000000,ATHX LONDON 2025,United Kingdom 🇬🇧,2025,Female,ATHX,Endurance,,,,,
140,Beth,Evans,Beth Evans,Female,,,https://athxgames.com/storage/profile-photos/KtlOewhejTtKIkFwuadQlXRORjHd2I7Upde9T58P.jpg,ATHX LONDON 2025,United Kingdom 🇬🇧,2025,Female,ATHX,Endurance,,,,,
142,Alessandra,Distefano,Alessandra Distefano,Female,,,https://athxgames.com/storage/profile-photos/DD59Hb9FMVFqvXS7HlIjDQNBj0boMvBfRloG2efk.jpg,ATHX LONDON 2025,United Kingdom 🇬🇧,2025,Female,ATHX,Endurance,,,,,
143,Cat,Strong,Cat Strong,Female,,,https://ui-avatars.com/api/?name=C+S&color=FFFFFF&background=000000,ATHX LONDON 2025,United Kingdom 🇬🇧,2025,Female,ATHX,Endurance,,,,,
144,Sally,Mason,Sally Mason,Female,,,https://ui-avatars.com/api/?name=S+M&color=FFFFFF&background=000000,ATHX LONDON 2025,United Kingdom 🇬🇧,2025,Female,ATHX,Endurance,,,,,
145,Rachel,Saunders,Rachel Saunders,Female,,,https://ui-avatars.com/api/?name=R+S&color=FFFFFF&background=000000,ATHX LONDON 2025,United Kingdom 🇬🇧,2025,Female,ATHX,Endurance,,,,,
146,Ana,Coles,Ana Coles,Female,,,https://ui-avatars.com/api/?name=A+C&color=FFFFFF&background=000000,ATHX LONDON 2025,United Kingdom 🇬🇧,2025,Female,ATHX,Endurance,,,,,
147,Leigh,Herbst,Leigh Herbst,Female,,,https://ui-avatars.com/api/?name=L+H&color=FFFFFF&background=000000,ATHX LONDON 2025,United Kingdom 🇬🇧,2025,Female,ATHX,Endurance,,,,,
148,Lydia,Raven,Lydia Raven,Female,,,https://athxgames.com/storage/profile-photos/j6uNx5f0ba8hZhmQeaq6HtdAyS1lEqM6v8KxZ2Bj.jpg,ATHX LONDON 2025,United Kingdom 🇬🇧,2025,Female,ATHX,Endurance,,,,,
149,Katie,Burningham,Katie Burningham,Female,,,https://ui-avatars.com/api/?name=K+B&color=FFFFFF&background=000000,ATHX LONDON 2025,United Kingdom 🇬🇧,2025,Female,ATHX,Endurance,,,,,
150,emily,baird,emily baird,Female,,,https://ui-avatars.com/api/?name=e+b&color=FFFFFF&background=000000,ATHX LONDON 2025,United Kingdom 🇬🇧,2025,Female,ATHX,Endurance,,,,,
151,Georgia,Testa,Georgia Testa,Female,,,https://ui-avatars.com/api/?name=G+T&color=FFFFFF&background=000000,ATHX LONDON 2025,United Kingdom 🇬🇧,2025,Female,ATHX,Endurance,,,,,
152,Nina,Luca,Nina Luca,Female,,,https://ui-avatars.com/api/?name=N+L&color=FFFFFF&background=000000,ATHX LONDON 2025,United Kingdom 🇬🇧,2025,Female,ATHX,Endurance,,,,,
153,Corri,Fox,Corri Fox,Female,,,https://ui-avatars.com/api/?name=C+F&color=FFFFFF&background=000000,ATHX LONDON 2025,United Kingdom 🇬🇧,2025,Female,ATHX,Endurance,,,,,
154,Pippa,Larkin,Pippa Larkin,Female,,,https://ui-avatars.com/api/?name=P+L&color=FFFFFF&background=000000,ATHX LONDON 2025,United Kingdom 🇬🇧,2025,Female,ATHX,Endurance,,,,,
155,Molly,Napier,Molly Napier,Female,,,https://ui-avatars.com/api/?name=M+N&color=FFFFFF&background=000000,ATHX LONDON 2025,United Kingdom 🇬🇧,2025,Female,ATHX,Endurance,,,,,
156,Ellie,Lubin,Ellie Lubin,Female,,,https://ui-avatars.com/api/?name=E+L&color=FFFFFF&background=000000,ATHX LONDON 2025,United Kingdom 🇬🇧,2025,Female,ATHX,Endurance,,,,,
156,Serena,Torpey,Serena Torpey,Female,United Kingdom,,https://ui-avatars.com/api/?name=S+T&color=FFFFFF&background=000000,ATHX LONDON 2025,United Kingdom 🇬🇧,2025,Female,ATHX,Endurance,,,,,
158,Jess,Allen,Jess Allen,Female,,,https://ui-avatars.com/api/?name=J+A&color=FFFFFF&background=000000,ATHX LONDON 2025,United Kingdom 🇬🇧,2025,Female,ATHX,Endurance,,,,,
159,Kelsie,Johnson,Kelsie Johnson,Female,,,https://ui-avatars.com/api/?name=K+J&color=FFFFFF&background=000000,ATHX LONDON 2025,United Kingdom 🇬🇧,2025,Female,ATHX,Endurance,,,,,
160,Aphra,Luchesa,Aphra Luchesa,Female,,,https://ui-avatars.com/api/?name=A+L&color=FFFFFF&background=000000,ATHX LONDON 2025,United Kingdom 🇬🇧,2025,Female,ATHX,Endurance,,,,,
161,Shawne,Anderson,Shawne Anderson,Female,,,https://ui-avatars.com/api/?name=S+A&color=FFFFFF&background=000000,ATHX LONDON 2025,United Kingdom 🇬🇧,2025,Female,ATHX,Endurance,,,,,
161,Dora,Nikoletopoulou,Dora Nikoletopoulou,Female,,,https://ui-avatars.com/api/?name=D+N&color=FFFFFF&background=000000,ATHX LONDON 2025,United Kingdom 🇬🇧,2025,Female,ATHX,Endurance,,,,,
163,Dominica,Masarova,Dominica Masarova,Female,,,https://ui-avatars.com/api/?name=D+M&color=FFFFFF&background=000000,ATHX LONDON 2025,United Kingdom 🇬🇧,2025,Female,ATHX,Endurance,,,,,
163,Claire,Doyle,Claire Doyle,Female,,,https://ui-avatars.com/api/?name=C+D&color=FFFFFF&background=000000,ATHX LONDON 2025,United Kingdom 🇬🇧,2025,Female,ATHX,Endurance,,,,,
165,Izzy,Hathaway,Izzy Hathaway,Female,,,https://ui-avatars.com/api/?name=I+H&color=FFFFFF&background=000000,ATHX LONDON 2025,United Kingdom 🇬🇧,2025,Female,ATHX,Endurance,,,,,
165,Heather,Garrick,Heather Garrick,Female,,,https://ui-avatars.com/api/?name=H+G&color=FFFFFF&background=000000,ATHX LONDON 2025,United Kingdom 🇬🇧,2025,Female,ATHX,Endurance,,,,,
167,Alix,Andrews,Alix Andrews,Female,,,https://ui-avatars.com/api/?name=A+A&color=FFFFFF&background=000000,ATHX LONDON 2025,United Kingdom 🇬🇧,2025,Female,ATHX,Endurance,,,,,
168,Sarah,Aït Benali,Sarah Aït Benali,Female,,,https://ui-avatars.com/api/?name=S+A+B&color=FFFFFF&background=000000,ATHX LONDON 2025,United Kingdom 🇬🇧,2025,Female,ATHX,Endurance,,,,,
168,Drita,Nunes,Drita Nunes,Female,United Kingdom,,https://ui-avatars.com/api/?name=D+N&color=FFFFFF&background=000000,ATHX LONDON 2025,United Kingdom 🇬🇧,2025,Female,ATHX,Endurance,,,,,
170,Laura,Lucas,Laura Lucas,Female,,,https://ui-avatars.com/api/?name=L+L&color=FFFFFF&background=000000,ATHX LONDON 2025,United Kingdom 🇬🇧,2025,Female,ATHX,Endurance,,,,,
171,Grace,Smart,Grace Smart,Female,,,https://ui-avatars.com/api/?name=G+S&color=FFFFFF&background=000000,ATHX LONDON 2025,United Kingdom 🇬🇧,2025,Female,ATHX,Endurance,,,,,
172,Jak,Gibson,Jak Gibson,Female,,,https://ui-avatars.com/api/?name=J+G&color=FFFFFF&background=000000,ATHX LONDON 2025,United Kingdom 🇬🇧,2025,Female,ATHX,Endurance,,,,,
173,Sally,Scott,Sally Scott,Female,,,https://ui-avatars.com/api/?name=S+S&color=FFFFFF&background=000000,ATHX LONDON 2025,United Kingdom 🇬🇧,2025,Female,ATHX,Endurance,,,,,
174,Charlotte,Mccrossin,Charlotte Mccrossin,Female,,,https://ui-avatars.com/api/?name=C+M&color=FFFFFF&background=000000,ATHX LONDON 2025,United Kingdom 🇬🇧,2025,Female,ATHX,Endurance,,,,,
175,Lucy,Puddephatt,Lucy Puddephatt,Female,,,https://ui-avatars.com/api/?name=L+P&color=FFFFFF&background=000000,ATHX LONDON 2025,United Kingdom 🇬🇧,2025,Female,ATHX,Endurance,,,,,
176,Emily,Higham,Emily Higham,Female,,,https://ui-avatars.com/api/?name=E+H&color=FFFFFF&background=000000,ATHX LONDON 2025,United Kingdom 🇬🇧,2025,Female,ATHX,Endurance,,,,,
177,Claire,Oconnor,Claire Oconnor,Female,,,https://ui-avatars.com/api/?name=C+O&color=FFFFFF&background=000000,ATHX LONDON 2025,United Kingdom 🇬🇧,2025,Female,ATHX,Endurance,,,,,
177,Rachel,Bell,Rachel Bell,Female,United Kingdom,Marchon,https://ui-avatars.com/api/?name=R+B&color=FFFFFF&background=000000,ATHX LONDON 2025,United Kingdom 🇬🇧,2025,Female,ATHX,Endurance,,,,,
179,Sophie,Lawson,Sophie Lawson,Female,,,https://ui-avatars.com/api/?name=S+L&color=FFFFFF&background=000000,ATHX LONDON 2025,United Kingdom 🇬🇧,2025,Female,ATHX,Endurance,,,,,
180,Lucy,Blakey,Lucy Blakey,Female,,,https://ui-avatars.com/api/?name=L+B&color=FFFFFF&background=000000,ATHX LONDON 2025,United Kingdom 🇬🇧,2025,Female,ATHX,Endurance,,,,,
181,Ilona,Sofer,Ilona Sofer,Female,,,https://ui-avatars.com/api/?name=I+S&color=FFFFFF&background=000000,ATHX LONDON 2025,United Kingdom 🇬🇧,2025,Female,ATHX,Endurance,,,,,
182,Sarah,Burningham,Sarah Burningham,Female,,,https://ui-avatars.com/api/?name=S+B&color=FFFFFF&background=000000,ATHX LONDON 2025,United Kingdom 🇬🇧,2025,Female,ATHX,Endurance,,,,,
182,Katie,Novis,Katie Novis,Female,,,https://ui-avatars.com/api/?name=K+N&color=FFFFFF&background=000000,ATHX LONDON 2025,United Kingdom 🇬🇧,2025,Female,ATHX,Endurance,,,,,
184,Olga,artolga92@gmail.com,Olga artolga92@gmail.com,Female,Estonia,,https://athxgames.com/storage/profile-photos/B7Gj3G9Fb2HFRF9zs6pelScuMCwTZElw5xHi6gfI.jpg,ATHX LONDON 2025,United Kingdom 🇬🇧,2025,Female,ATHX,Endurance,,,,,
185,Rebecca,Iona-Smith,Rebecca Iona-Smith,Female,,,https://ui-avatars.com/api/?name=R+I&color=FFFFFF&background=000000,ATHX LONDON 2025,United Kingdom 🇬🇧,2025,Female,ATHX,Endurance,,,,,
186,Sally,Wade,Sally Wade,Female,,,https://ui-avatars.com/api/?name=S+W&color=FFFFFF&background=000000,ATHX LONDON 2025,United Kingdom 🇬🇧,2025,Female,ATHX,Endurance,,,,,
186,Bethany,Thomson,Bethany Thomson,Female,,,https://ui-avatars.com/api/?name=B+T&color=FFFFFF&background=000000,ATHX LONDON 2025,United Kingdom 🇬🇧,2025,Female,ATHX,Endurance,,,,,
188,Meike,Martin,Meike Martin,Female,,,https://ui-avatars.com/api/?name=M+M&color=FFFFFF&background=000000,ATHX LONDON 2025,United Kingdom 🇬🇧,2025,Female,ATHX,Endurance,,,,,
189,Hannah,Harwood,Hannah Harwood,Female,,,https://ui-avatars.com/api/?name=H+H&color=FFFFFF&background=000000,ATHX LONDON 2025,United Kingdom 🇬🇧,2025,Female,ATHX,Endurance,,,,,
190,Leyla,Paradot,Leyla Paradot,Female,,,https://ui-avatars.com/api/?name=L+P&color=FFFFFF&background=000000,ATHX LONDON 2025,United Kingdom 🇬🇧,2025,Female,ATHX,Endurance,,,,,
191,Sandra,Brauer,Sandra Brauer,Female,,,https://ui-avatars.com/api/?name=S+B&color=FFFFFF&background=000000,ATHX LONDON 2025,United Kingdom 🇬🇧,2025,Female,ATHX,Endurance,,,,,
192,Aimee,McCarthy,Aimee McCarthy,Female,,,https://ui-avatars.com/api/?name=A+M&color=FFFFFF&background=000000,ATHX LONDON 2025,United Kingdom 🇬🇧,2025,Female,ATHX,Endurance,,,,,
193,Lauren,Cartwright,Lauren Cartwright,Female,United Kingdom,CrossFit Sonning Common,https://ui-avatars.com/api/?name=L+C&color=FFFFFF&background=000000,ATHX LONDON 2025,United Kingdom 🇬🇧,2025,Female,ATHX,Endurance,,,,,
194,Harriet,Ginn-Reynolds,Harriet Ginn-Reynolds,Female,,,https://ui-avatars.com/api/?name=H+G&color=FFFFFF&background=000000,ATHX LONDON 2025,United Kingdom 🇬🇧,2025,Female,ATHX,Endurance,,,,,
195,Ceri,Clarke,Ceri Clarke,Female,,,https://ui-avatars.com/api/?name=C+C&color=FFFFFF&background=000000,ATHX LONDON 2025,United Kingdom 🇬🇧,2025,Female,ATHX,Endurance,,,,,
196,Jo,Down,Jo Down,Female,,,https://ui-avatars.com/api/?name=J+D&color=FFFFFF&background=000000,ATHX LONDON 2025,United Kingdom 🇬🇧,2025,Female,ATHX,Endurance,,,,,
197,Heather,Thompson-Cooke,Heather Thompson-Cooke,Female,,,https://ui-avatars.com/api/?name=H+T&color=FFFFFF&background=000000,ATHX LONDON 2025,United Kingdom 🇬🇧,2025,Female,ATHX,Endurance,,,,,
198,Silja,Fisk,Silja Fisk,Female,,,https://ui-avatars.com/api/?name=S+F&color=FFFFFF&background=000000,ATHX LONDON 2025,United Kingdom 🇬🇧,2025,Female,ATHX,Endurance,,,,,
199,Madeline,Hodge,Madeline Hodge,Female,,,https://ui-avatars.com/api/?name=M+H&color=FFFFFF&background=000000,ATHX LONDON 2025,United Kingdom 🇬🇧,2025,Female,ATHX,Endurance,,,,,
200,Leanne,Bradley,Leanne Bradley,Female,,,https://ui-avatars.com/api/?name=L+B&color=FFFFFF&background=000000,ATHX LONDON 2025,United Kingdom 🇬🇧,2025,Female,ATHX,Endurance,,,,,
201,Danielle,Taylor,Danielle Taylor,Female,United Kingdom,Two Tails CrossFit,https://ui-avatars.com/api/?name=D+T&color=FFFFFF&background=000000,ATHX LONDON 2025,United Kingdom 🇬🇧,2025,Female,ATHX,Endurance,,,,,
202,laura,Swain,laura Swain,Female,,,https://ui-avatars.com/api/?name=l+S&color=FFFFFF&background=000000,ATHX LONDON 2025,United Kingdom 🇬🇧,2025,Female,ATHX,Endurance,,,,,
202,Steph,Harber,Steph Harber,Female,,,https://ui-avatars.com/api/?name=S+H&color=FFFFFF&background=000000,ATHX LONDON 2025,United Kingdom 🇬🇧,2025,Female,ATHX,Endurance,,,,,
202,Sophie,Ramsey,Sophie Ramsey,Female,,,https://ui-avatars.com/api/?name=S+R&color=FFFFFF&background=000000,ATHX LONDON 2025,United Kingdom 🇬🇧,2025,Female,ATHX,Endurance,,,,,
205,Chloe,Beeton,Chloe Beeton,Female,,,https://ui-avatars.com/api/?name=C+B&color=FFFFFF&background=000000,ATHX LONDON 2025,United Kingdom 🇬🇧,2025,Female,ATHX,Endurance,,,,,
206,Courtney Cole,Loconto,Courtney Cole Loconto,Female,,,https://ui-avatars.com/api/?name=C+C+L&color=FFFFFF&background=000000,ATHX LONDON 2025,United Kingdom 🇬🇧,2025,Female,ATHX,Endurance,,,,,
207,Sara,Ginn,Sara Ginn,Female,United Kingdom,Marchon Athletic,https://athxgames.com/storage/profile-photos/oEzwDcFrAc41mpxkEWHFDOkiN8zlM8XrtAMsG49G.jpg,ATHX LONDON 2025,United Kingdom 🇬🇧,2025,Female,ATHX,Endurance,,,,,
208,Emma,MacDonald,Emma MacDonald,Female,,,https://ui-avatars.com/api/?name=E+M&color=FFFFFF&background=000000,ATHX LONDON 2025,United Kingdom 🇬🇧,2025,Female,ATHX,Endurance,,,,,
209,Lauren,Dickson-Lowe,Lauren Dickson-Lowe,Female,,,https://ui-avatars.com/api/?name=L+D&color=FFFFFF&background=000000,ATHX LONDON 2025,United Kingdom 🇬🇧,2025,Female,ATHX,Endurance,,,,,
210,Jess,Dinmore,Jess Dinmore,Female,,,https://athxgames.com/storage/profile-photos/eF0IKsGSUWBjEoQRaAcP1Blx5eQiWpUaIKQGDVDU.jpg,ATHX LONDON 2025,United Kingdom 🇬🇧,2025,Female,ATHX,Endurance,,,,,
211,Samantha,Kayser,Samantha Kayser,Female,,,https://ui-avatars.com/api/?name=S+K&color=FFFFFF&background=000000,ATHX LONDON 2025,United Kingdom 🇬🇧,2025,Female,ATHX,Endurance,,,,,
212,Maxine,Mills,Maxine Mills,Female,United Kingdom,Shredquarters,https://ui-avatars.com/api/?name=M+M&color=FFFFFF&background=000000,ATHX LONDON 2025,United Kingdom 🇬🇧,2025,Female,ATHX,Endurance,,,,,
213,Holly,Eccles,Holly Eccles,Female,,,https://ui-avatars.com/api/?name=H+E&color=FFFFFF&background=000000,ATHX LONDON 2025,United Kingdom 🇬🇧,2025,Female,ATHX,Endurance,,,,,
214,Beth,Marshall,Beth Marshall,Female,,,https://ui-avatars.com/api/?name=B+M&color=FFFFFF&background=000000,ATHX LONDON 2025,United Kingdom 🇬🇧,2025,Female,ATHX,Endurance,,,,,
215,Christel,Dee,Christel Dee,Female,,,https://ui-avatars.com/api/?name=C+D&color=FFFFFF&background=000000,ATHX LONDON 2025,United Kingdom 🇬🇧,2025,Female,ATHX,Endurance,,,,,
216,Katy,Twigg,Katy Twigg,Female,United Kingdom,,https://athxgames.com/storage/profile-photos/arvmgE176DxfrgxnIWajBpEiXZyFglgykHpril5F.jpg,ATHX LONDON 2025,United Kingdom 🇬🇧,2025,Female,ATHX,Endurance,,,,,
217,Louise,KIRK,Louise KIRK,Female,,,https://ui-avatars.com/api/?name=L+K&color=FFFFFF&background=000000,ATHX LONDON 2025,United Kingdom 🇬🇧,2025,Female,ATHX,Endurance,,,,,
218,Ashley,Webb,Ashley Webb,Female,,,https://ui-avatars.com/api/?name=A+W&color=FFFFFF&background=000000,ATHX LONDON 2025,United Kingdom 🇬🇧,2025,Female,ATHX,Endurance,,,,,
218,Jenny,Hill,Jenny Hill,Female,,,https://ui-avatars.com/api/?name=J+H&color=FFFFFF&background=000000,ATHX LONDON 2025,United Kingdom 🇬🇧,2025,Female,ATHX,Endurance,,,,,
220,Selina,Newcombe,Selina Newcombe,Female,United Kingdom,CrossFit 13,https://ui-avatars.com/api/?name=S+N&color=FFFFFF&background=000000,ATHX LONDON 2025,United Kingdom 🇬🇧,2025,Female,ATHX,Endurance,,,,,
220,Rebecca,Alia,Rebecca Alia,Female,,,https://ui-avatars.com/api/?name=R+A&color=FFFFFF&background=000000,ATHX LONDON 2025,United Kingdom 🇬🇧,2025,Female,ATHX,Endurance,,,,,
222,Vicky,Faulkner,Vicky Faulkner,Female,,,https://ui-avatars.com/api/?name=V+F&color=FFFFFF&background=000000,ATHX LONDON 2025,United Kingdom 🇬🇧,2025,Female,ATHX,Endurance,,,,,
223,Chloe,Ward,Chloe Ward,Female,,,https://ui-avatars.com/api/?name=C+W&color=FFFFFF&background=000000,ATHX LONDON 2025,United Kingdom 🇬🇧,2025,Female,ATHX,Endurance,,,,,
224,Anmol,Sandhu,Anmol Sandhu,Female,,,https://ui-avatars.com/api/?name=A+S&color=FFFFFF&background=000000,ATHX LONDON 2025,United Kingdom 🇬🇧,2025,Female,ATHX,Endurance,,,,,
225,Vickie,Cole,Vickie Cole,Female,,,https://ui-avatars.com/api/?name=V+C&color=FFFFFF&background=000000,ATHX LONDON 2025,United Kingdom 🇬🇧,2025,Female,ATHX,Endurance,,,,,
226,Amber,Pyott,Amber Pyott,Female,,,https://ui-avatars.com/api/?name=A+P&color=FFFFFF&background=000000,ATHX LONDON 2025,United Kingdom 🇬🇧,2025,Female,ATHX,Endurance,,,,,
227,Sara,Smith,Sara Smith,Female,United Kingdom,Crossfit Fort Ashton,https://ui-avatars.com/api/?name=S+S&color=FFFFFF&background=000000,ATHX LONDON 2025,United Kingdom 🇬🇧,2025,Female,ATHX,Endurance,,,,,
228,Juliette,Girin,Juliette Girin,Female,France,,https://ui-avatars.com/api/?name=J+G&color=FFFFFF&background=000000,ATHX LONDON 2025,United Kingdom 🇬🇧,2025,Female,ATHX,Endurance,,,,,
229,Courtney,Parker,Courtney Parker,Female,,,https://ui-avatars.com/api/?name=C+P&color=FFFFFF&background=000000,ATHX LONDON 2025,United Kingdom 🇬🇧,2025,Female,ATHX,Endurance,,,,,
230,Lizy,Gill,Lizy Gill,Female,,,https://ui-avatars.com/api/?name=L+G&color=FFFFFF&background=000000,ATHX LONDON 2025,United Kingdom 🇬🇧,2025,Female,ATHX,Endurance,,,,,
231,Jemma,Rees,Jemma Rees,Female,,,https://ui-avatars.com/api/?name=J+R&color=FFFFFF&background=000000,ATHX LONDON 2025,United Kingdom 🇬🇧,2025,Female,ATHX,Endurance,,,,,
232,Ellie,Silvey,Ellie Silvey,Female,,,https://ui-avatars.com/api/?name=E+S&color=FFFFFF&background=000000,ATHX LONDON 2025,United Kingdom 🇬🇧,2025,Female,ATHX,Endurance,,,,,
233,Tiffany,Pedley,Tiffany Pedley,Female,,,https://ui-avatars.com/api/?name=T+P&color=FFFFFF&background=000000,ATHX LONDON 2025,United Kingdom 🇬🇧,2025,Female,ATHX,Endurance,,,,,
234,Rebecca,Devaney,Rebecca Devaney,Female,,,https://ui-avatars.com/api/?name=R+D&color=FFFFFF&background=000000,ATHX LONDON 2025,United Kingdom 🇬🇧,2025,Female,ATHX,Endurance,,,,,
235,Clare,Maskery,Clare Maskery,Female,,,https://ui-avatars.com/api/?name=C+M&color=FFFFFF&background=000000,ATHX LONDON 2025,United Kingdom 🇬🇧,2025,Female,ATHX,Endurance,,,,,
236,Victoria,Brackin,Victoria Brackin,Female,,,https://athxgames.com/storage/profile-photos/2tldcEPdo0ZstZvDMJbJD1li9lPsiW8RwlgGgwD7.jpg,ATHX LONDON 2025,United Kingdom 🇬🇧,2025,Female,ATHX,Endurance,,,,,
237,Sofia,Ball,Sofia Ball,Female,Sweden,Rise,https://ui-avatars.com/api/?name=S+B&color=FFFFFF&background=000000,ATHX LONDON 2025,United Kingdom 🇬🇧,2025,Female,ATHX,Endurance,,,,,
238,Julia,Bowden,Julia Bowden,Female,,,https://ui-avatars.com/api/?name=J+B&color=FFFFFF&background=000000,ATHX LONDON 2025,United Kingdom 🇬🇧,2025,Female,ATHX,Endurance,,,,,
239,Aldona,Lee,Aldona Lee,Female,,,https://athxgames.com/storage/profile-photos/trRxkuafrfJA45XCPyMJrYKaxFFUhjd5rYIV79qL.jpg,ATHX LONDON 2025,United Kingdom 🇬🇧,2025,Female,ATHX,Endurance,,,,,
240,Hattie,Clapp,Hattie Clapp,Female,,,https://ui-avatars.com/api/?name=H+C&color=FFFFFF&background=000000,ATHX LONDON 2025,United Kingdom 🇬🇧,2025,Female,ATHX,Endurance,,,,,
241,Loren,Hiller,Loren Hiller,Female,,,https://ui-avatars.com/api/?name=L+H&color=FFFFFF&background=000000,ATHX LONDON 2025,United Kingdom 🇬🇧,2025,Female,ATHX,Endurance,,,,,
241,Lara Jane,Hedgecock,Lara Jane Hedgecock,Female,United Kingdom,Vault 164,https://ui-avatars.com/api/?name=L+J+H&color=FFFFFF&background=000000,ATHX LONDON 2025,United Kingdom 🇬🇧,2025,Female,ATHX,Endurance,,,,,
243,Ashleigh,Kroeger,Ashleigh Kroeger,Female,,,https://ui-avatars.com/api/?name=A+K&color=FFFFFF&background=000000,ATHX LONDON 2025,United Kingdom 🇬🇧,2025,Female,ATHX,Endurance,,,,,
244,Nevin,Prendergast,Nevin Prendergast,Female,,,https://ui-avatars.com/api/?name=N+P&color=FFFFFF&background=000000,ATHX LONDON 2025,United Kingdom 🇬🇧,2025,Female,ATHX,Endurance,,,,,
245,Hannah,Moore,Hannah Moore,Female,,,https://ui-avatars.com/api/?name=H+M&color=FFFFFF&background=000000,ATHX LONDON 2025,United Kingdom 🇬🇧,2025,Female,ATHX,Endurance,,,,,
246,Natalie,Chapman,Natalie Chapman,Female,,,https://ui-avatars.com/api/?name=N+C&color=FFFFFF&background=000000,ATHX LONDON 2025,United Kingdom 🇬🇧,2025,Female,ATHX,Endurance,,,,,
246,Vanina,Principi,Vanina Principi,Female,,,https://ui-avatars.com/api/?name=V+P&color=FFFFFF&background=000000,ATHX LONDON 2025,United Kingdom 🇬🇧,2025,Female,ATHX,Endurance,,,,,
248,Erika,Villalobos,Erika Villalobos,Female,,,https://ui-avatars.com/api/?name=E+V&color=FFFFFF&background=000000,ATHX LONDON 2025,United Kingdom 🇬🇧,2025,Female,ATHX,Endurance,,,,,
249,Jenny,Pritchard,Jenny Pritchard,Female,,,https://ui-avatars.com/api/?name=J+P&color=FFFFFF&background=000000,ATHX LONDON 2025,United Kingdom 🇬🇧,2025,Female,ATHX,Endurance,,,,,
249,Sophie,Dobbs,Sophie Dobbs,Female,,,https://ui-avatars.com/api/?name=S+D&color=FFFFFF&background=000000,ATHX LONDON 2025,United Kingdom 🇬🇧,2025,Female,ATHX,Endurance,,,,,
251,Liv,Huse,Liv Huse,Female,United Kingdom,BEAT Fitness,https://athxgames.com/storage/profile-photos/jL79kNXYhofHSHkOcq7jV3F3VK6PVhiGOPTvCBvz.jpg,ATHX LONDON 2025,United Kingdom 🇬🇧,2025,Female,ATHX,Endurance,,,,,
252,Bella,Humphrey,Bella Humphrey,Female,,,https://ui-avatars.com/api/?name=B+H&color=FFFFFF&background=000000,ATHX LONDON 2025,United Kingdom 🇬🇧,2025,Female,ATHX,Endurance,,,,,
252,Amy,Arella,Amy Arella,Female,,,https://ui-avatars.com/api/?name=A+A&color=FFFFFF&background=000000,ATHX LONDON 2025,United Kingdom 🇬🇧,2025,Female,ATHX,Endurance,,,,,
254,Katie,Campbell,Katie Campbell,Female,,,https://ui-avatars.com/api/?name=K+C&color=FFFFFF&background=000000,ATHX LONDON 2025,United Kingdom 🇬🇧,2025,Female,ATHX,Endurance,,,,,
255,Sophie,Kerr,Sophie Kerr,Female,United Kingdom,Marchon,https://ui-avatars.com/api/?name=S+K&color=FFFFFF&background=000000,ATHX LONDON 2025,United Kingdom 🇬🇧,2025,Female,ATHX,Endurance,,,,,
255,Nicole,Gasson,Nicole Gasson,Female,,,https://ui-avatars.com/api/?name=N+G&color=FFFFFF&background=000000,ATHX LONDON 2025,United Kingdom 🇬🇧,2025,Female,ATHX,Endurance,,,,,
257,Ruth,Williams,Ruth Williams,Female,,,https://ui-avatars.com/api/?name=R+W&color=FFFFFF&background=000000,ATHX LONDON 2025,United Kingdom 🇬🇧,2025,Female,ATHX,Endurance,,,,,
258,Katy,Brabbin,Katy Brabbin,Female,,,https://ui-avatars.com/api/?name=K+B&color=FFFFFF&background=000000,ATHX LONDON 2025,United Kingdom 🇬🇧,2025,Female,ATHX,Endurance,,,,,
259,Sonia,Tutt,Sonia Tutt,Female,,,https://athxgames.com/storage/profile-photos/dGnl1QGiGZXJhd2RpuLJIV3qVZEux9sp3Lbde5kh.jpg,ATHX LONDON 2025,United Kingdom 🇬🇧,2025,Female,ATHX,Endurance,,,,,
260,Natalie,Souster,Natalie Souster,Female,,,https://ui-avatars.com/api/?name=N+S&color=FFFFFF&background=000000,ATHX LONDON 2025,United Kingdom 🇬🇧,2025,Female,ATHX,Endurance,,,,,
261,Georgia,Isaacs,Georgia Isaacs,Female,,,https://ui-avatars.com/api/?name=G+I&color=FFFFFF&background=000000,ATHX LONDON 2025,United Kingdom 🇬🇧,2025,Female,ATHX,Endurance,,,,,
262,Liza,Smith,Liza Smith,Female,,,https://athxgames.com/storage/profile-photos/qO9ZaAeT9F9qlJkT1RJbK1mRwxzWVmOe9vEUIvja.jpg,ATHX LONDON 2025,United Kingdom 🇬🇧,2025,Female,ATHX,Endurance,,,,,
263,Fay,Coles,Fay Coles,Female,,,https://ui-avatars.com/api/?name=F+C&color=FFFFFF&background=000000,ATHX LONDON 2025,United Kingdom 🇬🇧,2025,Female,ATHX,Endurance,,,,,
264,Louise,Stranks,Louise Stranks,Female,,,https://ui-avatars.com/api/?name=L+S&color=FFFFFF&background=000000,ATHX LONDON 2025,United Kingdom 🇬🇧,2025,Female,ATHX,Endurance,,,,,
265,Rachel,Phillips,Rachel Phillips,Female,,,https://ui-avatars.com/api/?name=R+P&color=FFFFFF&background=000000,ATHX LONDON 2025,United Kingdom 🇬🇧,2025,Female,ATHX,Endurance,,,,,
266,Hayley,Blundy,Hayley Blundy,Female,,,https://athxgames.com/storage/profile-photos/smNWatiX4kRGEbNBHykowMVvoEuB61vKVElGlNLA.jpg,ATHX LONDON 2025,United Kingdom 🇬🇧,2025,Female,ATHX,Endurance,,,,,
267,Sally,Rees,Sally Rees,Female,,,https://ui-avatars.com/api/?name=S+R&color=FFFFFF&background=000000,ATHX LONDON 2025,United Kingdom 🇬🇧,2025,Female,ATHX,Endurance,,,,,
268,Martha,Skillern,Martha Skillern,Female,,,https://ui-avatars.com/api/?name=M+S&color=FFFFFF&background=000000,ATHX LONDON 2025,United Kingdom 🇬🇧,2025,Female,ATHX,Endurance,,,,,
269,Sophie,Thomson,Sophie Thomson,Female,,,https://ui-avatars.com/api/?name=S+T&color=FFFFFF&background=000000,ATHX LONDON 2025,United Kingdom 🇬🇧,2025,Female,ATHX,Endurance,,,,,
270,Katie,Nicholson,Katie Nicholson,Female,,,https://ui-avatars.com/api/?name=K+N&color=FFFFFF&background=000000,ATHX LONDON 2025,United Kingdom 🇬🇧,2025,Female,ATHX,Endurance,,,,,
271,Nadine,Heron,Nadine Heron,Female,,,https://ui-avatars.com/api/?name=N+H&color=FFFFFF&background=000000,ATHX LONDON 2025,United Kingdom 🇬🇧,2025,Female,ATHX,Endurance,,,,,
272,Niamh,Duncan,Niamh Duncan,Female,,,https://ui-avatars.com/api/?name=N+D&color=FFFFFF&background=000000,ATHX LONDON 2025,United Kingdom 🇬🇧,2025,Female,ATHX,Endurance,,,,,
273,Tiffany,Vessey,Tiffany Vessey,Female,,,https://ui-avatars.com/api/?name=T+V&color=FFFFFF&background=000000,ATHX LONDON 2025,United Kingdom 🇬🇧,2025,Female,ATHX,Endurance,,,,,
274,Sarah,Appleby,Sarah Appleby,Female,,,https://ui-avatars.com/api/?name=S+A&color=FFFFFF&background=000000,ATHX LONDON 2025,United Kingdom 🇬🇧,2025,Female,ATHX,Endurance,,,,,
275,Sophia,Kelleher,Sophia Kelleher,Female,,,https://ui-avatars.com/api/?name=S+K&color=FFFFFF&background=000000,ATHX LONDON 2025,United Kingdom 🇬🇧,2025,Female,ATHX,Endurance,,,,,
275,Jenny,Tong,Jenny Tong,Female,,,https://athxgames.com/storage/profile-photos/4Cxk149uOyMtp9cFK2ZbxvbPJZ18HQNt2Sqmbacs.jpg,ATHX LONDON 2025,United Kingdom 🇬🇧,2025,Female,ATHX,Endurance,,,,,
277,Jasmine,Davis,Jasmine Davis,Female,,,https://ui-avatars.com/api/?name=J+D&color=FFFFFF&background=000000,ATHX LONDON 2025,United Kingdom 🇬🇧,2025,Female,ATHX,Endurance,,,,,
278,Ilina,Slaveykova,Ilina Slaveykova,Female,,,https://ui-avatars.com/api/?name=I+S&color=FFFFFF&background=000000,ATHX LONDON 2025,United Kingdom 🇬🇧,2025,Female,ATHX,Endurance,,,,,
278,Emily,Galman,Emily Galman,Female,,,https://ui-avatars.com/api/?name=E+G&color=FFFFFF&background=000000,ATHX LONDON 2025,United Kingdom 🇬🇧,2025,Female,ATHX,Endurance,,,,,
280,Carly,Davis,Carly Davis,Female,Australia,,https://ui-avatars.com/api/?name=C+D&color=FFFFFF&background=000000,ATHX LONDON 2025,United Kingdom 🇬🇧,2025,Female,ATHX,Endurance,,,,,
281,Juliette,Denny,Juliette Denny,Female,,Vault 164,https://ui-avatars.com/api/?name=J+D&color=FFFFFF&background=000000,ATHX LONDON 2025,United Kingdom 🇬🇧,2025,Female,ATHX,Endurance,,,,,
282,Alix,Dunlop,Alix Dunlop,Female,,,https://athxgames.com/storage/profile-photos/zWroOd5LJQRYFiZxtw0LOaf8IHjnbydiWPyXgMwb.jpg,ATHX LONDON 2025,United Kingdom 🇬🇧,2025,Female,ATHX,Endurance,,,,,
283,Cassy,Fitzpatrick,Cassy Fitzpatrick,Female,,,https://ui-avatars.com/api/?name=C+F&color=FFFFFF&background=000000,ATHX LONDON 2025,United Kingdom 🇬🇧,2025,Female,ATHX,Endurance,,,,,
284,Louise,Melliss,Louise Melliss,Female,,,https://ui-avatars.com/api/?name=L+M&color=FFFFFF&background=000000,ATHX LONDON 2025,United Kingdom 🇬🇧,2025,Female,ATHX,Endurance,,,,,
285,Amber,Bourne,Amber Bourne,Female,,,https://ui-avatars.com/api/?name=A+B&color=FFFFFF&background=000000,ATHX LONDON 2025,United Kingdom 🇬🇧,2025,Female,ATHX,Endurance,,,,,
285,Imogen,Philp,Imogen Philp,Female,,,https://ui-avatars.com/api/?name=I+P&color=FFFFFF&background=000000,ATHX LONDON 2025,United Kingdom 🇬🇧,2025,Female,ATHX,Endurance,,,,,
287,Siobhan,Hall,Siobhan Hall,Female,,,https://ui-avatars.com/api/?name=S+H&color=FFFFFF&background=000000,ATHX LONDON 2025,United Kingdom 🇬🇧,2025,Female,ATHX,Endurance,,,,,
288,Roxan,Charleston,Roxan Charleston,Female,United Kingdom,Marchon HQ,https://ui-avatars.com/api/?name=R+C&color=FFFFFF&background=000000,ATHX LONDON 2025,United Kingdom 🇬🇧,2025,Female,ATHX,Endurance,,,,,
289,Chloe,Waghorne,Chloe Waghorne,Female,,,https://ui-avatars.com/api/?name=C+W&color=FFFFFF&background=000000,ATHX LONDON 2025,United Kingdom 🇬🇧,2025,Female,ATHX,Endurance,,,,,
290,Kelly,Pace,Kelly Pace,Female,,,https://ui-avatars.com/api/?name=K+P&color=FFFFFF&background=000000,ATHX LONDON 2025,United Kingdom 🇬🇧,2025,Female,ATHX,Endurance,,,,,
291,Sarah,Fabes,Sarah Fabes,Female,,,https://ui-avatars.com/api/?name=S+F&color=FFFFFF&background=000000,ATHX LONDON 2025,United Kingdom 🇬🇧,2025,Female,ATHX,Endurance,,,,,
292,Esther,Johnson,Esther Johnson,Female,,,https://ui-avatars.com/api/?name=E+J&color=FFFFFF&background=000000,ATHX LONDON 2025,United Kingdom 🇬🇧,2025,Female,ATHX,Endurance,,,,,
293,Nancy,Prabhakar,Nancy Prabhakar,Female,,,https://ui-avatars.com/api/?name=N+P&color=FFFFFF&background=000000,ATHX LONDON 2025,United Kingdom 🇬🇧,2025,Female,ATHX,Endurance,,,,,
293,Elise,Bursztejn,Elise Bursztejn,Female,France,,https://ui-avatars.com/api/?name=E+B&color=FFFFFF&background=000000,ATHX LONDON 2025,United Kingdom 🇬🇧,2025,Female,ATHX,Endurance,,,,,
295,Honor,honor_greaves@yahoo.com,Honor honor_greaves@yahoo.com,Female,,,https://ui-avatars.com/api/?name=H+h&color=FFFFFF&background=000000,ATHX LONDON 2025,United Kingdom 🇬🇧,2025,Female,ATHX,Endurance,,,,,
296,Lydia,Bentley,Lydia Bentley,Female,,,https://ui-avatars.com/api/?name=L+B&color=FFFFFF&background=000000,ATHX LONDON 2025,United Kingdom 🇬🇧,2025,Female,ATHX,Endurance,,,,,
297,Sarah,Hengeveld,Sarah Hengeveld,Female,United Kingdom,The Park Health Club,https://athxgames.com/storage/profile-photos/511NJh9ov6F8NG6Qzg7FgBCi1ti8X4Q1gfbqZMxr.jpg,ATHX LONDON 2025,United Kingdom 🇬🇧,2025,Female,ATHX,Endurance,,,,,
298,Georgie,Shute,Georgie Shute,Female,,,https://ui-avatars.com/api/?name=G+S&color=FFFFFF&background=000000,ATHX LONDON 2025,United Kingdom 🇬🇧,2025,Female,ATHX,Endurance,,,,,
299,Camille,Marek,Camille Marek,Female,,,https://ui-avatars.com/api/?name=C+M&color=FFFFFF&background=000000,ATHX LONDON 2025,United Kingdom 🇬🇧,2025,Female,ATHX,Endurance,,,,,
300,Margeaux,Creaturo,Margeaux Creaturo,Female,,,https://ui-avatars.com/api/?name=M+C&color=FFFFFF&background=000000,ATHX LONDON 2025,United Kingdom 🇬🇧,2025,Female,ATHX,Endurance,,,,,
300,Rhia,Patel,Rhia Patel,Female,,,https://ui-avatars.com/api/?name=R+P&color=FFFFFF&background=000000,ATHX LONDON 2025,United Kingdom 🇬🇧,2025,Female,ATHX,Endurance,,,,,
302,Beth,Salter,Beth Salter,Female,,,https://ui-avatars.com/api/?name=B+S&color=FFFFFF&background=000000,ATHX LONDON 2025,United Kingdom 🇬🇧,2025,Female,ATHX,Endurance,,,,,
303,Mainisha,Lawrence,Mainisha Lawrence,Female,,,https://ui-avatars.com/api/?name=M+L&color=FFFFFF&background=000000,ATHX LONDON 2025,United Kingdom 🇬🇧,2025,Female,ATHX,Endurance,,,,,
304,fay,jagger,fay jagger,Female,,,https://ui-avatars.com/api/?name=f+j&color=FFFFFF&background=000000,ATHX LONDON 2025,United Kingdom 🇬🇧,2025,Female,ATHX,Endurance,,,,,
305,Emma,Roe,Emma Roe,Female,,,https://ui-avatars.com/api/?name=E+R&color=FFFFFF&background=000000,ATHX LONDON 2025,United Kingdom 🇬🇧,2025,Female,ATHX,Endurance,,,,,
306,Nicola,Guiver,Nicola Guiver,Female,United Kingdom,Revolution Fitness,https://ui-avatars.com/api/?name=N+G&color=FFFFFF&background=000000,ATHX LONDON 2025,United Kingdom 🇬🇧,2025,Female,ATHX,Endurance,,,,,
306,Nikki,Stewart,Nikki Stewart,Female,,,https://ui-avatars.com/api/?name=N+S&color=FFFFFF&background=000000,ATHX LONDON 2025,United Kingdom 🇬🇧,2025,Female,ATHX,Endurance,,,,,
308,Anna,Barella,Anna Barella,Female,United Kingdom,,https://athxgames.com/storage/profile-photos/mnuOhK8UynwiiOBvP7mmmEqpnShzvXCAIsSFdSQo.jpg,ATHX LONDON 2025,United Kingdom 🇬🇧,2025,Female,ATHX,Endurance,,,,,
309,Bethan,Davies,Bethan Davies,Female,,,https://ui-avatars.com/api/?name=B+D&color=FFFFFF&background=000000,ATHX LONDON 2025,United Kingdom 🇬🇧,2025,Female,ATHX,Endurance,,,,,
310,Ellie,Hunter,Ellie Hunter,Female,,,https://ui-avatars.com/api/?name=E+H&color=FFFFFF&background=000000,ATHX LONDON 2025,United Kingdom 🇬🇧,2025,Female,ATHX,Endurance,,,,,
311,Hayleigh,Carr,Hayleigh Carr,Female,,,https://ui-avatars.com/api/?name=H+C&color=FFFFFF&background=000000,ATHX LONDON 2025,United Kingdom 🇬🇧,2025,Female,ATHX,Endurance,,,,,
312,Veronica,Mendes,Veronica Mendes,Female,Spain,Shredquarters,https://ui-avatars.com/api/?name=V+M&color=FFFFFF&background=000000,ATHX LONDON 2025,United Kingdom 🇬🇧,2025,Female,ATHX,Endurance,,,,,
313,Taryn,Smythe,Taryn Smythe,Female,,,https://ui-avatars.com/api/?name=T+S&color=FFFFFF&background=000000,ATHX LONDON 2025,United Kingdom 🇬🇧,2025,Female,ATHX,Endurance,,,,,
313,Charlotte,Reilly,Charlotte Reilly,Female,,,https://ui-avatars.com/api/?name=C+R&color=FFFFFF&background=000000,ATHX LONDON 2025,United Kingdom 🇬🇧,2025,Female,ATHX,Endurance,,,,,
315,Eleanor,Williams,Eleanor Williams,Female,,,https://ui-avatars.com/api/?name=E+W&color=FFFFFF&background=000000,ATHX LONDON 2025,United Kingdom 🇬🇧,2025,Female,ATHX,Endurance,,,,,
316,Sharon,O’SULLIVAN,Sharon O’SULLIVAN,Female,United Kingdom,RAW Inc,https://athxgames.com/storage/profile-photos/0VteXynbn9DyoqgZU9AjHsaOROfQTxcKbdsGvRNN.jpg,ATHX LONDON 2025,United Kingdom 🇬🇧,2025,Female,ATHX,Endurance,,,,,
317,Tracey,Vaughan,Tracey Vaughan,Female,,,https://ui-avatars.com/api/?name=T+V&color=FFFFFF&background=000000,ATHX LONDON 2025,United Kingdom 🇬🇧,2025,Female,ATHX,Endurance,,,,,
318,MAXINE,WOOD,MAXINE WOOD,Female,,,https://ui-avatars.com/api/?name=M+W&color=FFFFFF&background=000000,ATHX LONDON 2025,United Kingdom 🇬🇧,2025,Female,ATHX,Endurance,,,,,
319,hannah,andrzejewski,hannah andrzejewski,Female,,,https://ui-avatars.com/api/?name=h+a&color=FFFFFF&background=000000,ATHX LONDON 2025,United Kingdom 🇬🇧,2025,Female,ATHX,Endurance,,,,,
320,Larissa,Francis,Larissa Francis,Female,,,https://ui-avatars.com/api/?name=L+F&color=FFFFFF&background=000000,ATHX LONDON 2025,United Kingdom 🇬🇧,2025,Female,ATHX,Endurance,,,,,
320,Melanie,Willoughby,Melanie Willoughby,Female,,,https://ui-avatars.com/api/?name=M+W&color=FFFFFF&background=000000,ATHX LONDON 2025,United Kingdom 🇬🇧,2025,Female,ATHX,Endurance,,,,,
320,Alice,Wright,Alice Wright,Female,,,https://ui-avatars.com/api/?name=A+W&color=FFFFFF&background=000000,ATHX LONDON 2025,United Kingdom 🇬🇧,2025,Female,ATHX,Endurance,,,,,
323,Helen,Le,Helen Le,Female,,,https://ui-avatars.com/api/?name=H+L&color=FFFFFF&background=000000,ATHX LONDON 2025,United Kingdom 🇬🇧,2025,Female,ATHX,Endurance,,,,,
324,Amy,Little,Amy Little,Female,,,https://ui-avatars.com/api/?name=A+L&color=FFFFFF&background=000000,ATHX LONDON 2025,United Kingdom 🇬🇧,2025,Female,ATHX,Endurance,,,,,
325,Ashley,Killick,Ashley Killick,Female,,The Vault 164,https://ui-avatars.com/api/?name=A+K&color=FFFFFF&background=000000,ATHX LONDON 2025,United Kingdom 🇬🇧,2025,Female,ATHX,Endurance,,,,,
326,Hanna,Tarling,Hanna Tarling,Female,,,https://ui-avatars.com/api/?name=H+T&color=FFFFFF&background=000000,ATHX LONDON 2025,United Kingdom 🇬🇧,2025,Female,ATHX,Endurance,,,,,
327,Aimee,Styles,Aimee Styles,Female,,,https://ui-avatars.com/api/?name=A+S&color=FFFFFF&background=000000,ATHX LONDON 2025,United Kingdom 🇬🇧,2025,Female,ATHX,Endurance,,,,,
328,Laura,Jones,Laura Jones,Female,,,https://ui-avatars.com/api/?name=L+J&color=FFFFFF&background=000000,ATHX LONDON 2025,United Kingdom 🇬🇧,2025,Female,ATHX,Endurance,,,,,
329,Tess,Bateman,Tess Bateman,Female,,,https://ui-avatars.com/api/?name=T+B&color=FFFFFF&background=000000,ATHX LONDON 2025,United Kingdom 🇬🇧,2025,Female,ATHX,Endurance,,,,,
330,Neha,Pannu,Neha Pannu,Female,,,https://ui-avatars.com/api/?name=N+P&color=FFFFFF&background=000000,ATHX LONDON 2025,United Kingdom 🇬🇧,2025,Female,ATHX,Endurance,,,,,
331,Sian,Hancock,Sian Hancock,Female,,,https://ui-avatars.com/api/?name=S+H&color=FFFFFF&background=000000,ATHX LONDON 2025,United Kingdom 🇬🇧,2025,Female,ATHX,Endurance,,,,,
332,Yasmin,Stevenson,Yasmin Stevenson,Female,,,https://ui-avatars.com/api/?name=Y+S&color=FFFFFF&background=000000,ATHX LONDON 2025,United Kingdom 🇬🇧,2025,Female,ATHX,Endurance,,,,,
333,Becky,Schvartz,Becky Schvartz,Female,,,https://ui-avatars.com/api/?name=B+S&color=FFFFFF&background=000000,ATHX LONDON 2025,United Kingdom 🇬🇧,2025,Female,ATHX,Endurance,,,,,
334,Rae,Smith,Rae Smith,Female,,,https://athxgames.com/storage/profile-photos/Mvq4gjoO2uALRo4B6fEHEKoLl7ZpcntIvfwn2MVK.jpg,ATHX LONDON 2025,United Kingdom 🇬🇧,2025,Female,ATHX,Endurance,,,,,
335,Francesca,Stephens,Francesca Stephens,Female,United Kingdom,Realfit,https://ui-avatars.com/api/?name=F+S&color=FFFFFF&background=000000,ATHX LONDON 2025,United Kingdom 🇬🇧,2025,Female,ATHX,Endurance,,,,,
336,Katie,Caird,Katie Caird,Female,,,https://ui-avatars.com/api/?name=K+C&color=FFFFFF&background=000000,ATHX LONDON 2025,United Kingdom 🇬🇧,2025,Female,ATHX,Endurance,,,,,
337,Flossy,Fox,Flossy Fox,Female,United Kingdom,Flossy Fox,https://ui-avatars.com/api/?name=F+F&color=FFFFFF&background=000000,ATHX LONDON 2025,United Kingdom 🇬🇧,2025,Female,ATHX,Endurance,,,,,
338,Harinder,Garcha,Harinder Garcha,Female,,,https://ui-avatars.com/api/?name=H+G&color=FFFFFF&background=000000,ATHX LONDON 2025,United Kingdom 🇬🇧,2025,Female,ATHX,Endurance,,,,,
338,Mollie,Laurens-Chalmers,Mollie Laurens-Chalmers,Female,,,https://athxgames.com/storage/profile-photos/yFJle1i8uAHMMJ3WH2P7E475FzkbvzOdQgkR5fZM.jpg,ATHX LONDON 2025,United Kingdom 🇬🇧,2025,Female,ATHX,Endurance,,,,,
340,Valerie,Villanueva,Valerie Villanueva,Female,,,https://ui-avatars.com/api/?name=V+V&color=FFFFFF&background=000000,ATHX LONDON 2025,United Kingdom 🇬🇧,2025,Female,ATHX,Endurance,,,,,
340,Becky,beckykeal28@hotmail.co.uk,Becky beckykeal28@hotmail.co.uk,Female,,,https://ui-avatars.com/api/?name=B+b&color=FFFFFF&background=000000,ATHX LONDON 2025,United Kingdom 🇬🇧,2025,Female,ATHX,Endurance,,,,,
342,Karen,Wilcox,Karen Wilcox,Female,,,https://ui-avatars.com/api/?name=K+W&color=FFFFFF&background=000000,ATHX LONDON 2025,United Kingdom 🇬🇧,2025,Female,ATHX,Endurance,,,,,
342,Nicola,Waters,Nicola Waters,Female,,,https://ui-avatars.com/api/?name=N+W&color=FFFFFF&background=000000,ATHX LONDON 2025,United Kingdom 🇬🇧,2025,Female,ATHX,Endurance,,,,,
344,Emily,Coyle,Emily Coyle,Female,,,https://ui-avatars.com/api/?name=E+C&color=FFFFFF&background=000000,ATHX LONDON 2025,United Kingdom 🇬🇧,2025,Female,ATHX,Endurance,,,,,
345,Zoe,Bennfors,Zoe Bennfors,Female,,,https://ui-avatars.com/api/?name=Z+B&color=FFFFFF&background=000000,ATHX LONDON 2025,United Kingdom 🇬🇧,2025,Female,ATHX,Endurance,,,,,
346,Samantha,Roberts,Samantha Roberts,Female,,,https://ui-avatars.com/api/?name=S+R&color=FFFFFF&background=000000,ATHX LONDON 2025,United Kingdom 🇬🇧,2025,Female,ATHX,Endurance,,,,,
347,Rachael,Castleton,Rachael Castleton,Female,,,https://ui-avatars.com/api/?name=R+C&color=FFFFFF&background=000000,ATHX LONDON 2025,United Kingdom 🇬🇧,2025,Female,ATHX,Endurance,,,,,
347,Anna,Talabirtsuk,Anna Talabirtsuk,Female,,,https://ui-avatars.com/api/?name=A+T&color=FFFFFF&background=000000,ATHX LONDON 2025,United Kingdom 🇬🇧,2025,Female,ATHX,Endurance,,,,,
349,Charlotte,Jones,Charlotte Jones,Female,,,https://athxgames.com/storage/profile-photos/WrlNwsPbtCzC3rZ6lrhsm9uaYmQPqs8dSd7xtiYS.jpg,ATHX LONDON 2025,United Kingdom 🇬🇧,2025,Female,ATHX,Endurance,,,,,
350,Shalin,Russell,Shalin Russell,Female,,,https://ui-avatars.com/api/?name=S+R&color=FFFFFF&background=000000,ATHX LONDON 2025,United Kingdom 🇬🇧,2025,Female,ATHX,Endurance,,,,,
351,paola,collins,paola collins,Female,,,https://ui-avatars.com/api/?name=p+c&color=FFFFFF&background=000000,ATHX LONDON 2025,United Kingdom 🇬🇧,2025,Female,ATHX,Endurance,,,,,
351,Karen,Haines,Karen Haines,Female,United Kingdom,CR Fitness Lincoln,https://ui-avatars.com/api/?name=K+H&color=FFFFFF&background=000000,ATHX LONDON 2025,United Kingdom 🇬🇧,2025,Female,ATHX,Endurance,,,,,
353,Christine,Chapman,Christine Chapman,Female,,,https://ui-avatars.com/api/?name=C+C&color=FFFFFF&background=000000,ATHX LONDON 2025,United Kingdom 🇬🇧,2025,Female,ATHX,Endurance,,,,,
354,Kylie,Pang,Kylie Pang,Female,,,https://ui-avatars.com/api/?name=K+P&color=FFFFFF&background=000000,ATHX LONDON 2025,United Kingdom 🇬🇧,2025,Female,ATHX,Endurance,,,,,
355,Lara,Gadsdon,Lara Gadsdon,Female,,,https://ui-avatars.com/api/?name=L+G&color=FFFFFF&background=000000,ATHX LONDON 2025,United Kingdom 🇬🇧,2025,Female,ATHX,Endurance,,,,,
356,Lucy,Hemming,Lucy Hemming,Female,,,https://ui-avatars.com/api/?name=L+H&color=FFFFFF&background=000000,ATHX LONDON 2025,United Kingdom 🇬🇧,2025,Female,ATHX,Endurance,,,,,
357,Jaime,Parker,Jaime Parker,Female,United Kingdom,whitehart,https://athxgames.com/storage/profile-photos/HKQhOzWBT52YXGbaO09kOJGaXQcp5ogEfoFzZrnC.jpg,ATHX LONDON 2025,United Kingdom 🇬🇧,2025,Female,ATHX,Endurance,,,,,
358,Emma,Regan,Emma Regan,Female,,,https://ui-avatars.com/api/?name=E+R&color=FFFFFF&background=000000,ATHX LONDON 2025,United Kingdom 🇬🇧,2025,Female,ATHX,Endurance,,,,,
359,Gloria,Montironi,Gloria Montironi,Female,,,https://ui-avatars.com/api/?name=G+M&color=FFFFFF&background=000000,ATHX LONDON 2025,United Kingdom 🇬🇧,2025,Female,ATHX,Endurance,,,,,
360,Niamh,Turnbull,Niamh Turnbull,Female,,,https://ui-avatars.com/api/?name=N+T&color=FFFFFF&background=000000,ATHX LONDON 2025,United Kingdom 🇬🇧,2025,Female,ATHX,Endurance,,,,,
361,Bea,Davies,Bea Davies,Female,Germany,,https://ui-avatars.com/api/?name=B+D&color=FFFFFF&background=000000,ATHX LONDON 2025,United Kingdom 🇬🇧,2025,Female,ATHX,Endurance,,,,,
362,Emily,Hughes,Emily Hughes,Female,,,https://ui-avatars.com/api/?name=E+H&color=FFFFFF&background=000000,ATHX LONDON 2025,United Kingdom 🇬🇧,2025,Female,ATHX,Endurance,,,,,
363,Daisy,O’Neill,Daisy O’Neill,Female,,,https://ui-avatars.com/api/?name=D+O&color=FFFFFF&background=000000,ATHX LONDON 2025,United Kingdom 🇬🇧,2025,Female,ATHX,Endurance,,,,,
364,Francesca,Whittaker,Francesca Whittaker,Female,United Kingdom,CrossFit Colchester,https://athxgames.com/storage/profile-photos/sjFuLJx1SpLAIhK3iI7F0Tgmii7wXco4XJfKxNKx.jpg,ATHX LONDON 2025,United Kingdom 🇬🇧,2025,Female,ATHX,Endurance,,,,,
365,Siobhan,Corlett,Siobhan Corlett,Female,,,https://ui-avatars.com/api/?name=S+C&color=FFFFFF&background=000000,ATHX LONDON 2025,United Kingdom 🇬🇧,2025,Female,ATHX,Endurance,,,,,
366,Gizem,Tevfik,Gizem Tevfik,Female,,,https://ui-avatars.com/api/?name=G+T&color=FFFFFF&background=000000,ATHX LONDON 2025,United Kingdom 🇬🇧,2025,Female,ATHX,Endurance,,,,,
367,Stepheny,Kau,Stepheny Kau,Female,,,https://ui-avatars.com/api/?name=S+K&color=FFFFFF&background=000000,ATHX LONDON 2025,United Kingdom 🇬🇧,2025,Female,ATHX,Endurance,,,,,
368,Laura,Smith,Laura Smith,Female,,,https://ui-avatars.com/api/?name=L+S&color=FFFFFF&background=000000,ATHX LONDON 2025,United Kingdom 🇬🇧,2025,Female,ATHX,Endurance,,,,,
369,Lauren,Mollyneaux,Lauren Mollyneaux,Female,United Kingdom,T2FIT,https://ui-avatars.com/api/?name=L+M&color=FFFFFF&background=000000,ATHX LONDON 2025,United Kingdom 🇬🇧,2025,Female,ATHX,Endurance,,,,,
370,Liz,Tatarintseva,Liz Tatarintseva,Female,,,https://ui-avatars.com/api/?name=L+T&color=FFFFFF&background=000000,ATHX LONDON 2025,United Kingdom 🇬🇧,2025,Female,ATHX,Endurance,,,,,
371,Inbar,Hadar,Inbar Hadar,Female,,,https://ui-avatars.com/api/?name=I+H&color=FFFFFF&background=000000,ATHX LONDON 2025,United Kingdom 🇬🇧,2025,Female,ATHX,Endurance,,,,,
372,Phoebe,Hockley,Phoebe Hockley,Female,,,https://ui-avatars.com/api/?name=P+H&color=FFFFFF&background=000000,ATHX LONDON 2025,United Kingdom 🇬🇧,2025,Female,ATHX,Endurance,,,,,
373,Jade,Foxcroft,Jade Foxcroft,Female,,,https://ui-avatars.com/api/?name=J+F&color=FFFFFF&background=000000,ATHX LONDON 2025,United Kingdom 🇬🇧,2025,Female,ATHX,Endurance,,,,,
374,Athina,Hirst,Athina Hirst,Female,,,https://ui-avatars.com/api/?name=A+H&color=FFFFFF&background=000000,ATHX LONDON 2025,United Kingdom 🇬🇧,2025,Female,ATHX,Endurance,,,,,
375,Sophie,Croucher,Sophie Croucher,Female,United Kingdom,,https://ui-avatars.com/api/?name=S+C&color=FFFFFF&background=000000,ATHX LONDON 2025,United Kingdom 🇬🇧,2025,Female,ATHX,Endurance,,,,,
376,Kate,Corfield,Kate Corfield,Female,,,https://ui-avatars.com/api/?name=K+C&color=FFFFFF&background=000000,ATHX LONDON 2025,United Kingdom 🇬🇧,2025,Female,ATHX,Endurance,,,,,
377,tracey,whitfield,tracey whitfield,Female,,,https://ui-avatars.com/api/?name=t+w&color=FFFFFF&background=000000,ATHX LONDON 2025,United Kingdom 🇬🇧,2025,Female,ATHX,Endurance,,,,,
378,Barbara,Jimenez,Barbara Jimenez,Female,,,https://ui-avatars.com/api/?name=B+J&color=FFFFFF&background=000000,ATHX LONDON 2025,United Kingdom 🇬🇧,2025,Female,ATHX,Endurance,,,,,
379,Rachael,Lawson,Rachael Lawson,Female,United Kingdom,,https://ui-avatars.com/api/?name=R+L&color=FFFFFF&background=000000,ATHX LONDON 2025,United Kingdom 🇬🇧,2025,Female,ATHX,Endurance,,,,,
380,Holly,Avery,Holly Avery,Female,United Kingdom,,https://ui-avatars.com/api/?name=H+A&color=FFFFFF&background=000000,ATHX LONDON 2025,United Kingdom 🇬🇧,2025,Female,ATHX,Endurance,,,,,
380,Emma,Gregory,Emma Gregory,Female,,,https://ui-avatars.com/api/?name=E+G&color=FFFFFF&background=000000,ATHX LONDON 2025,United Kingdom 🇬🇧,2025,Female,ATHX,Endurance,,,,,
382,Georgie,Stooks,Georgie Stooks,Female,,,https://ui-avatars.com/api/?name=G+S&color=FFFFFF&background=000000,ATHX LONDON 2025,United Kingdom 🇬🇧,2025,Female,ATHX,Endurance,,,,,
383,Phoebe,Brown,Phoebe Brown,Female,,,https://ui-avatars.com/api/?name=P+B&color=FFFFFF&background=000000,ATHX LONDON 2025,United Kingdom 🇬🇧,2025,Female,ATHX,Endurance,,,,,
384,Nirali,Patel,Nirali Patel,Female,,,https://ui-avatars.com/api/?name=N+P&color=FFFFFF&background=000000,ATHX LONDON 2025,United Kingdom 🇬🇧,2025,Female,ATHX,Endurance,,,,,
385,Gemma,Oneill,Gemma Oneill,Female,,,https://ui-avatars.com/api/?name=G+O&color=FFFFFF&background=000000,ATHX LONDON 2025,United Kingdom 🇬🇧,2025,Female,ATHX,Endurance,,,,,
386,Amy,Wright,Amy Wright,Female,,,https://ui-avatars.com/api/?name=A+W&color=FFFFFF&background=000000,ATHX LONDON 2025,United Kingdom 🇬🇧,2025,Female,ATHX,Endurance,,,,,
387,Charlotte,Myers,Charlotte Myers,Female,,,https://ui-avatars.com/api/?name=C+M&color=FFFFFF&background=000000,ATHX LONDON 2025,United Kingdom 🇬🇧,2025,Female,ATHX,Endurance,,,,,
388,Sam,Rashid,Sam Rashid,Female,,,https://ui-avatars.com/api/?name=S+R&color=FFFFFF&background=000000,ATHX LONDON 2025,United Kingdom 🇬🇧,2025,Female,ATHX,Endurance,,,,,
389,Laureline,Gellie,Laureline Gellie,Female,,,https://athxgames.com/storage/profile-photos/sb2RP1XwxTWeE3obKilIuTOrers2AEE8HEyNMFJx.jpg,ATHX LONDON 2025,United Kingdom 🇬🇧,2025,Female,ATHX,Endurance,,,,,
390,Victoria,Knight,Victoria Knight,Female,,,https://ui-avatars.com/api/?name=V+K&color=FFFFFF&background=000000,ATHX LONDON 2025,United Kingdom 🇬🇧,2025,Female,ATHX,Endurance,,,,,
391,Nikki,Redden,Nikki Redden,Female,,,https://ui-avatars.com/api/?name=N+R&color=FFFFFF&background=000000,ATHX LONDON 2025,United Kingdom 🇬🇧,2025,Female,ATHX,Endurance,,,,,
392,Rebekah,Jones,Rebekah Jones,Female,,,https://ui-avatars.com/api/?name=R+J&color=FFFFFF&background=000000,ATHX LONDON 2025,United Kingdom 🇬🇧,2025,Female,ATHX,Endurance,,,,,
393,laura,hargreaves,laura hargreaves,Female,,,https://ui-avatars.com/api/?name=l+h&color=FFFFFF&background=000000,ATHX LONDON 2025,United Kingdom 🇬🇧,2025,Female,ATHX,Endurance,,,,,
394,Carys,Phillips,Carys Phillips,Female,,,https://ui-avatars.com/api/?name=C+P&color=FFFFFF&background=000000,ATHX LONDON 2025,United Kingdom 🇬🇧,2025,Female,ATHX,Endurance,,,,,
395,Amy,Short,Amy Short,Female,,,https://ui-avatars.com/api/?name=A+S&color=FFFFFF&background=000000,ATHX LONDON 2025,United Kingdom 🇬🇧,2025,Female,ATHX,Endurance,,,,,
396,Abi,Lee,Abi Lee,Female,,,https://ui-avatars.com/api/?name=A+L&color=FFFFFF&background=000000,ATHX LONDON 2025,United Kingdom 🇬🇧,2025,Female,ATHX,Endurance,,,,,
397,Katie,Kett,Katie Kett,Female,,,https://ui-avatars.com/api/?name=K+K&color=FFFFFF&background=000000,ATHX LONDON 2025,United Kingdom 🇬🇧,2025,Female,ATHX,Endurance,,,,,
398,Daniela,Pereira,Daniela Pereira,Female,,,https://ui-avatars.com/api/?name=D+P&color=FFFFFF&background=000000,ATHX LONDON 2025,United Kingdom 🇬🇧,2025,Female,ATHX,Endurance,,,,,
399,Dajana,Paliokaite,Dajana Paliokaite,Female,,,https://ui-avatars.com/api/?name=D+P&color=FFFFFF&background=000000,ATHX LONDON 2025,United Kingdom 🇬🇧,2025,Female,ATHX,Endurance,,,,,
400,Madeline,Efford,Madeline Efford,Female,,,https://ui-avatars.com/api/?name=M+E&color=FFFFFF&background=000000,ATHX LONDON 2025,United Kingdom 🇬🇧,2025,Female,ATHX,Endurance,,,,,
401,MARGAUX,VALERY,MARGAUX VALERY,Female,,,https://ui-avatars.com/api/?name=M+V&color=FFFFFF&background=000000,ATHX LONDON 2025,United Kingdom 🇬🇧,2025,Female,ATHX,Endurance,,,,,
402,Zoe,Bonnett,Zoe Bonnett,Female,,,https://ui-avatars.com/api/?name=Z+B&color=FFFFFF&background=000000,ATHX LONDON 2025,United Kingdom 🇬🇧,2025,Female,ATHX,Endurance,,,,,
402,Emma,Hope,Emma Hope,Female,,,https://ui-avatars.com/api/?name=E+H&color=FFFFFF&background=000000,ATHX LONDON 2025,United Kingdom 🇬🇧,2025,Female,ATHX,Endurance,,,,,
404,Amy,Fletcher,Amy Fletcher,Female,,,https://ui-avatars.com/api/?name=A+F&color=FFFFFF&background=000000,ATHX LONDON 2025,United Kingdom 🇬🇧,2025,Female,ATHX,Endurance,,,,,
405,Clare,Bambury,Clare Bambury,Female,,,https://ui-avatars.com/api/?name=C+B&color=FFFFFF&background=000000,ATHX LONDON 2025,United Kingdom 🇬🇧,2025,Female,ATHX,Endurance,,,,,
406,Sara,Goncalves,Sara Goncalves,Female,,,https://ui-avatars.com/api/?name=S+G&color=FFFFFF&background=000000,ATHX LONDON 2025,United Kingdom 🇬🇧,2025,Female,ATHX,Endurance,,,,,
407,Sue,Smith,Sue Smith,Female,United Kingdom,,https://athxgames.com/storage/profile-photos/LnnJC2Ii5DjXWlsdsIeKSkGcdu3VKxuOo712J0fB.jpg,ATHX LONDON 2025,United Kingdom 🇬🇧,2025,Female,ATHX,Endurance,,,,,
408,Hannah,Dempsey,Hannah Dempsey,Female,United Kingdom,,https://ui-avatars.com/api/?name=H+D&color=FFFFFF&background=000000,ATHX LONDON 2025,United Kingdom 🇬🇧,2025,Female,ATHX,Endurance,,,,,
409,Esme,ONeil,Esme ONeil,Female,,,https://ui-avatars.com/api/?name=E+O&color=FFFFFF&background=000000,ATHX LONDON 2025,United Kingdom 🇬🇧,2025,Female,ATHX,Endurance,,,,,
410,Sharon,Houlton,Sharon Houlton,Female,United Kingdom,Wolf pack strength and fitness,https://ui-avatars.com/api/?name=S+H&color=FFFFFF&background=000000,ATHX LONDON 2025,United Kingdom 🇬🇧,2025,Female,ATHX,Endurance,,,,,
411,Alicia,Payne,Alicia Payne,Female,,,https://ui-avatars.com/api/?name=A+P&color=FFFFFF&background=000000,ATHX LONDON 2025,United Kingdom 🇬🇧,2025,Female,ATHX,Endurance,,,,,
412,Catherine,Sansom,Catherine Sansom,Female,,,https://ui-avatars.com/api/?name=C+S&color=FFFFFF&background=000000,ATHX LONDON 2025,United Kingdom 🇬🇧,2025,Female,ATHX,Endurance,,,,,
413,Olivia,Thackeray,Olivia Thackeray,Female,,,https://ui-avatars.com/api/?name=O+T&color=FFFFFF&background=000000,ATHX LONDON 2025,United Kingdom 🇬🇧,2025,Female,ATHX,Endurance,,,,,
414,Louise,Young,Louise Young,Female,,,https://ui-avatars.com/api/?name=L+Y&color=FFFFFF&background=000000,ATHX LONDON 2025,United Kingdom 🇬🇧,2025,Female,ATHX,Endurance,,,,,
415,Kasae,Fraser,Kasae Fraser,Female,,,https://ui-avatars.com/api/?name=K+F&color=FFFFFF&background=000000,ATHX LONDON 2025,United Kingdom 🇬🇧,2025,Female,ATHX,Endurance,,,,,
416,Debbie,Whitchurch,Debbie Whitchurch,Female,,,https://ui-avatars.com/api/?name=D+W&color=FFFFFF&background=000000,ATHX LONDON 2025,United Kingdom 🇬🇧,2025,Female,ATHX,Endurance,,,,,
417,Emily,Wilson,Emily Wilson,Female,,,https://athxgames.com/storage/profile-photos/Zrlpl9xtvIG87fK18baje7C2bkv8tMWBtWDISnHo.jpg,ATHX LONDON 2025,United Kingdom 🇬🇧,2025,Female,ATHX,Endurance,,,,,
418,Nila,Shah,Nila Shah,Female,,T2FIT,https://ui-avatars.com/api/?name=N+S&color=FFFFFF&background=000000,ATHX LONDON 2025,United Kingdom 🇬🇧,2025,Female,ATHX,Endurance,,,,,
418,Andra,Serban,Andra Serban,Female,,,https://ui-avatars.com/api/?name=A+S&color=FFFFFF&background=000000,ATHX LONDON 2025,United Kingdom 🇬🇧,2025,Female,ATHX,Endurance,,,,,
420,Chloe,Klarin,Chloe Klarin,Female,,,https://ui-avatars.com/api/?name=C+K&color=FFFFFF&background=000000,ATHX LONDON 2025,United Kingdom 🇬🇧,2025,Female,ATHX,Endurance,,,,,
421,Anna,Goddard,Anna Goddard,Female,,,https://ui-avatars.com/api/?name=A+G&color=FFFFFF&background=000000,ATHX LONDON 2025,United Kingdom 🇬🇧,2025,Female,ATHX,Endurance,,,,,
421,Samantha,Creasey,Samantha Creasey,Female,,,https://ui-avatars.com/api/?name=S+C&color=FFFFFF&background=000000,ATHX LONDON 2025,United Kingdom 🇬🇧,2025,Female,ATHX,Endurance,,,,,
421,Kaye,Stiemer,Kaye Stiemer,Female,,,https://athxgames.com/storage/profile-photos/vO4J35vC1R6z0b5NkWJW8eWOp9s4opjATJBVJlYR.jpg,ATHX LONDON 2025,United Kingdom 🇬🇧,2025,Female,ATHX,Endurance,,,,,
424,Emily,Meikle,Emily Meikle,Female,,,https://ui-avatars.com/api/?name=E+M&color=FFFFFF&background=000000,ATHX LONDON 2025,United Kingdom 🇬🇧,2025,Female,ATHX,Endurance,,,,,
425,Shelly,Lai,Shelly Lai,Female,,,https://ui-avatars.com/api/?name=S+L&color=FFFFFF&background=000000,ATHX LONDON 2025,United Kingdom 🇬🇧,2025,Female,ATHX,Endurance,,,,,
426,Clara,Charasson,Clara Charasson,Female,,,https://ui-avatars.com/api/?name=C+C&color=FFFFFF&background=000000,ATHX LONDON 2025,United Kingdom 🇬🇧,2025,Female,ATHX,Endurance,,,,,
427,Maddie,Thompson,Maddie Thompson,Female,,,https://ui-avatars.com/api/?name=M+T&color=FFFFFF&background=000000,ATHX LONDON 2025,United Kingdom 🇬🇧,2025,Female,ATHX,Endurance,,,,,
428,Jignasha,Patel,Jignasha Patel,Female,,,https://ui-avatars.com/api/?name=J+P&color=FFFFFF&background=000000,ATHX LONDON 2025,United Kingdom 🇬🇧,2025,Female,ATHX,Endurance,,,,,
429,Jenna,Cook,Jenna Cook,Female,,,https://ui-avatars.com/api/?name=J+C&color=FFFFFF&background=000000,ATHX LONDON 2025,United Kingdom 🇬🇧,2025,Female,ATHX,Endurance,,,,,
430,Sima,Patel,Sima Patel,Female,,,https://ui-avatars.com/api/?name=S+P&color=FFFFFF&background=000000,ATHX LONDON 2025,United Kingdom 🇬🇧,2025,Female,ATHX,Endurance,,,,,
431,Michelle,Ramirez,Michelle Ramirez,Female,,,https://ui-avatars.com/api/?name=M+R&color=FFFFFF&background=000000,ATHX LONDON 2025,United Kingdom 🇬🇧,2025,Female,ATHX,Endurance,,,,,
431,Emily,Hibberd,Emily Hibberd,Female,,,https://ui-avatars.com/api/?name=E+H&color=FFFFFF&background=000000,ATHX LONDON 2025,United Kingdom 🇬🇧,2025,Female,ATHX,Endurance,,,,,
433,Mathilde,Meguira,Mathilde Meguira,Female,,,https://ui-avatars.com/api/?name=M+M&color=FFFFFF&background=000000,ATHX LONDON 2025,United Kingdom 🇬🇧,2025,Female,ATHX,Endurance,,,,,
434,Gabi,Chiu,Gabi Chiu,Female,,,https://ui-avatars.com/api/?name=G+C&color=FFFFFF&background=000000,ATHX LONDON 2025,United Kingdom 🇬🇧,2025,Female,ATHX,Endurance,,,,,
435,Florence,Winter,Florence Winter,Female,,,https://ui-avatars.com/api/?name=F+W&color=FFFFFF&background=000000,ATHX LONDON 2025,United Kingdom 🇬🇧,2025,Female,ATHX,Endurance,,,,,
436,Laurie-Anne,HUANG,Laurie-Anne HUANG,Female,,,https://ui-avatars.com/api/?name=L+H&color=FFFFFF&background=000000,ATHX LONDON 2025,United Kingdom 🇬🇧,2025,Female,ATHX,Endurance,,,,,
437,Molly-May,Waghorne,Molly-May Waghorne,Female,,,https://ui-avatars.com/api/?name=M+W&color=FFFFFF&background=000000,ATHX LONDON 2025,United Kingdom 🇬🇧,2025,Female,ATHX,Endurance,,,,,
438,Lou,Munday,Lou Munday,Female,United Kingdom,studio 281,https://ui-avatars.com/api/?name=L+M&color=FFFFFF&background=000000,ATHX LONDON 2025,United Kingdom 🇬🇧,2025,Female,ATHX,Endurance,,,,,
439,Sarah,Hamid,Sarah Hamid,Female,,,https://ui-avatars.com/api/?name=S+H&color=FFFFFF&background=000000,ATHX LONDON 2025,United Kingdom 🇬🇧,2025,Female,ATHX,Endurance,,,,,
440,Lisa,Taylor,Lisa Taylor,Female,,,https://ui-avatars.com/api/?name=L+T&color=FFFFFF&background=000000,ATHX LONDON 2025,United Kingdom 🇬🇧,2025,Female,ATHX,Endurance,,,,,
441,Bina,Savla,Bina Savla,Female,United Kingdom,T2fit,https://ui-avatars.com/api/?name=B+S&color=FFFFFF&background=000000,ATHX LONDON 2025,United Kingdom 🇬🇧,2025,Female,ATHX,Endurance,,,,,
442,Anaïs,Schumm,Anaïs Schumm,Female,,,https://ui-avatars.com/api/?name=A+S&color=FFFFFF&background=000000,ATHX LONDON 2025,United Kingdom 🇬🇧,2025,Female,ATHX,Endurance,,,,,
443,Aliyah,Zaman,Aliyah Zaman,Female,,,https://ui-avatars.com/api/?name=A+Z&color=FFFFFF&background=000000,ATHX LONDON 2025,United Kingdom 🇬🇧,2025,Female,ATHX,Endurance,,,,,
444,Alison,Dyer,Alison Dyer,Female,,,https://ui-avatars.com/api/?name=A+D&color=FFFFFF&background=000000,ATHX LONDON 2025,United Kingdom 🇬🇧,2025,Female,ATHX,Endurance,,,,,
445,Nasmeen,Imran,Nasmeen Imran,Female,,,https://ui-avatars.com/api/?name=N+I&color=FFFFFF&background=000000,ATHX LONDON 2025,United Kingdom 🇬🇧,2025,Female,ATHX,Endurance,,,,,
446,Ellie,Williams,Ellie Williams,Female,,,https://ui-avatars.com/api/?name=E+W&color=FFFFFF&background=000000,ATHX LONDON 2025,United Kingdom 🇬🇧,2025,Female,ATHX,Endurance,,,,,
446,Alexandra,ABERGEL,Alexandra ABERGEL,Female,,,https://ui-avatars.com/api/?name=A+A&color=FFFFFF&background=000000,ATHX LONDON 2025,United Kingdom 🇬🇧,2025,Female,ATHX,Endurance,,,,,
448,Kristine,Agbunag,Kristine Agbunag,Female,,,https://ui-avatars.com/api/?name=K+A&color=FFFFFF&background=000000,ATHX LONDON 2025,United Kingdom 🇬🇧,2025,Female,ATHX,Endurance,,,,,
449,Danielle,Sargent,Danielle Sargent,Female,,,https://ui-avatars.com/api/?name=D+S&color=FFFFFF&background=000000,ATHX LONDON 2025,United Kingdom 🇬🇧,2025,Female,ATHX,Endurance,,,,,
450,Lisa,Conroy,Lisa Conroy,Female,,,https://ui-avatars.com/api/?name=L+C&color=FFFFFF&background=000000,ATHX LONDON 2025,United Kingdom 🇬🇧,2025,Female,ATHX,Endurance,,,,,
451,Lexi,Racheru,Lexi Racheru,Female,,,https://ui-avatars.com/api/?name=L+R&color=FFFFFF&background=000000,ATHX LONDON 2025,United Kingdom 🇬🇧,2025,Female,ATHX,Endurance,,,,,
452,Ella,Price,Ella Price,Female,United Kingdom,T2Fit,https://ui-avatars.com/api/?name=E+P&color=FFFFFF&background=000000,ATHX LONDON 2025,United Kingdom 🇬🇧,2025,Female,ATHX,Endurance,,,,,
453,Jess,Cummins,Jess Cummins,Female,,,https://ui-avatars.com/api/?name=J+C&color=FFFFFF&background=000000,ATHX LONDON 2025,United Kingdom 🇬🇧,2025,Female,ATHX,Endurance,,,,,
454,Karina,Ng,Karina Ng,Female,,,https://ui-avatars.com/api/?name=K+N&color=FFFFFF&background=000000,ATHX LONDON 2025,United Kingdom 🇬🇧,2025,Female,ATHX,Endurance,,,,,
455,Paula,Hamilton,Paula Hamilton,Female,United Kingdom,T2FIT Coulsdon,https://ui-avatars.com/api/?name=P+H&color=FFFFFF&background=000000,ATHX LONDON 2025,United Kingdom 🇬🇧,2025,Female,ATHX,Endurance,,,,,
455,Priya,Swainson,Priya Swainson,Female,,,https://ui-avatars.com/api/?name=P+S&color=FFFFFF&background=000000,ATHX LONDON 2025,United Kingdom 🇬🇧,2025,Female,ATHX,Endurance,,,,,
457,Pia,Carson-Moore,Pia Carson-Moore,Female,,,https://ui-avatars.com/api/?name=P+C&color=FFFFFF&background=000000,ATHX LONDON 2025,United Kingdom 🇬🇧,2025,Female,ATHX,Endurance,,,,,
458,Rebecca,Ajewole,Rebecca Ajewole,Female,,,https://ui-avatars.com/api/?name=R+A&color=FFFFFF&background=000000,ATHX LONDON 2025,United Kingdom 🇬🇧,2025,Female,ATHX,Endurance,,,,,
459,Rebecca,Loisy,Rebecca Loisy,Female,,,https://ui-avatars.com/api/?name=R+L&color=FFFFFF&background=000000,ATHX LONDON 2025,United Kingdom 🇬🇧,2025,Female,ATHX,Endurance,,,,,
460,Hanna,Moazam,Hanna Moazam,Female,,,https://ui-avatars.com/api/?name=H+M&color=FFFFFF&background=000000,ATHX LONDON 2025,United Kingdom 🇬🇧,2025,Female,ATHX,Endurance,,,,,
461,Manuela,Pichler,Manuela Pichler,Female,,,https://athxgames.com/storage/profile-photos/67SHw9Cqt9qLU3ubhgJtcjVheA28rgZBBNhm7trd.jpg,ATHX LONDON 2025,United Kingdom 🇬🇧,2025,Female,ATHX,Endurance,,,,,
462,Hollie,Sharp,Hollie Sharp,Female,,Hollie sharp,https://ui-avatars.com/api/?name=H+S&color=FFFFFF&background=000000,ATHX LONDON 2025,United Kingdom 🇬🇧,2025,Female,ATHX,Endurance,,,,,
463,Sian,Thompson-Birks,Sian Thompson-Birks,Female,,,https://ui-avatars.com/api/?name=S+T&color=FFFFFF&background=000000,ATHX LONDON 2025,United Kingdom 🇬🇧,2025,Female,ATHX,Endurance,,,,,
464,Lisa,Price,Lisa Price,Female,,,https://ui-avatars.com/api/?name=L+P&color=FFFFFF&background=000000,ATHX LONDON 2025,United Kingdom 🇬🇧,2025,Female,ATHX,Endurance,,,,,
465,nancy,chacha,nancy chacha,Female,,,https://ui-avatars.com/api/?name=n+c&color=FFFFFF&background=000000,ATHX LONDON 2025,United Kingdom 🇬🇧,2025,Female,ATHX,Endurance,,,,,
466,Carmen,Powell,Carmen Powell,Female,,,https://ui-avatars.com/api/?name=C+P&color=FFFFFF&background=000000,ATHX LONDON 2025,United Kingdom 🇬🇧,2025,Female,ATHX,Endurance,,,,,
467,Ife,Lawrence,Ife Lawrence,Female,,,https://ui-avatars.com/api/?name=I+L&color=FFFFFF&background=000000,ATHX LONDON 2025,United Kingdom 🇬🇧,2025,Female,ATHX,Endurance,,,,,
468,Sej,Hindocha-Shah,Sej Hindocha-Shah,Female,United Kingdom,,https://ui-avatars.com/api/?name=S+H&color=FFFFFF&background=000000,ATHX LONDON 2025,United Kingdom 🇬🇧,2025,Female,ATHX,Endurance,,,,,
1,Sean,Fontana,Sean Fontana,Male,,Blitz CrossFit,https://athxgames.com/storage/profile-photos/oVbFwerPnZAE4so6UiuvEzZ1Zz2gJc5iTAg1oFja.jpg,ATHX LONDON 2025,United Kingdom 🇬🇧,2025,Male,ATHX,Endurance,,,,,
2,Blair,Brown,Blair Brown,Male,,,https://ui-avatars.com/api/?name=B+B&color=FFFFFF&background=000000,ATHX LONDON 2025,United Kingdom 🇬🇧,2025,Male,ATHX,Endurance,,,,,
3,Josh,Clarke,Josh Clarke,Male,,,https://ui-avatars.com/api/?name=J+C&color=FFFFFF&background=000000,ATHX LONDON 2025,United Kingdom 🇬🇧,2025,Male,ATHX,Endurance,,,,,
4,Bruno,Offner,Bruno Offner,Male,,,https://ui-avatars.com/api/?name=B+O&color=FFFFFF&background=000000,ATHX LONDON 2025,United Kingdom 🇬🇧,2025,Male,ATHX,Endurance,,,,,
5,Ed,Ralph,Ed Ralph,Male,,,https://ui-avatars.com/api/?name=E+R&color=FFFFFF&background=000000,ATHX LONDON 2025,United Kingdom 🇬🇧,2025,Male,ATHX,Endurance,,,,,
6,George,Playford,George Playford,Male,,,https://ui-avatars.com/api/?name=G+P&color=FFFFFF&background=000000,ATHX LONDON 2025,United Kingdom 🇬🇧,2025,Male,ATHX,Endurance,,,,,
7,Simon,Pincock,Simon Pincock,Male,,,https://ui-avatars.com/api/?name=S+P&color=FFFFFF&background=000000,ATHX LONDON 2025,United Kingdom 🇬🇧,2025,Male,ATHX,Endurance,,,,,
8,Conor,O'Donnell,Conor O'Donnell,Male,Ireland,Gymnasium,https://ui-avatars.com/api/?name=C+O&color=FFFFFF&background=000000,ATHX LONDON 2025,United Kingdom 🇬🇧,2025,Male,ATHX,Endurance,,,,,
9,Piers,Davison,Piers Davison,Male,United Kingdom,OneLdn,https://athxgames.com/storage/profile-photos/fjwQcMbpeoe3H5yQbgGHBnYnimqrYz79iG25srG8.jpg,ATHX LONDON 2025,United Kingdom 🇬🇧,2025,Male,ATHX,Endurance,,,,,
10,Greg,Foot,Greg Foot,Male,,,https://ui-avatars.com/api/?name=G+F&color=FFFFFF&background=000000,ATHX LONDON 2025,United Kingdom 🇬🇧,2025,Male,ATHX,Endurance,,,,,
11,Taryn,Skinner,Taryn Skinner,Male,,,https://ui-avatars.com/api/?name=T+S&color=FFFFFF&background=000000,ATHX LONDON 2025,United Kingdom 🇬🇧,2025,Male,ATHX,Endurance,,,,,
12,George,Anderson,George Anderson,Male,,,https://ui-avatars.com/api/?name=G+A&color=FFFFFF&background=000000,ATHX LONDON 2025,United Kingdom 🇬🇧,2025,Male,ATHX,Endurance,,,,,
13,Alfie,Burton,Alfie Burton,Male,,,https://ui-avatars.com/api/?name=A+B&color=FFFFFF&background=000000,ATHX LONDON 2025,United Kingdom 🇬🇧,2025,Male,ATHX,Endurance,,,,,
14,Jerome,Anyata,Jerome Anyata,Male,,,https://ui-avatars.com/api/?name=J+A&color=FFFFFF&background=000000,ATHX LONDON 2025,United Kingdom 🇬🇧,2025,Male,ATHX,Endurance,,,,,
15,Hywel,Rose,Hywel Rose,Male,,,https://ui-avatars.com/api/?name=H+R&color=FFFFFF&background=000000,ATHX LONDON 2025,United Kingdom 🇬🇧,2025,Male,ATHX,Endurance,,,,,
16,Connor,MacMillan,Connor MacMillan,Male,,,https://ui-avatars.com/api/?name=C+M&color=FFFFFF&background=000000,ATHX LONDON 2025,United Kingdom 🇬🇧,2025,Male,ATHX,Endurance,,,,,
17,James,Grimee,James Grimee,Male,,,https://ui-avatars.com/api/?name=J+G&color=FFFFFF&background=000000,ATHX LONDON 2025,United Kingdom 🇬🇧,2025,Male,ATHX,Endurance,,,,,
17,Max,Beishon,Max Beishon,Male,,,https://ui-avatars.com/api/?name=M+B&color=FFFFFF&background=000000,ATHX LONDON 2025,United Kingdom 🇬🇧,2025,Male,ATHX,Endurance,,,,,
19,Ben,Hazell,Ben Hazell,Male,,,https://ui-avatars.com/api/?name=B+H&color=FFFFFF&background=000000,ATHX LONDON 2025,United Kingdom 🇬🇧,2025,Male,ATHX,Endurance,,,,,
20,Greg,Bradley,Greg Bradley,Male,,,https://ui-avatars.com/api/?name=G+B&color=FFFFFF&background=000000,ATHX LONDON 2025,United Kingdom 🇬🇧,2025,Male,ATHX,Endurance,,,,,
21,David,Gill,David Gill,Male,,,https://ui-avatars.com/api/?name=D+G&color=FFFFFF&background=000000,ATHX LONDON 2025,United Kingdom 🇬🇧,2025,Male,ATHX,Endurance,,,,,
22,Oli,Mccann,Oli Mccann,Male,,,https://ui-avatars.com/api/?name=O+M&color=FFFFFF&background=000000,ATHX LONDON 2025,United Kingdom 🇬🇧,2025,Male,ATHX,Endurance,,,,,
23,Sam,Letts,Sam Letts,Male,,,https://ui-avatars.com/api/?name=S+L&color=FFFFFF&background=000000,ATHX LONDON 2025,United Kingdom 🇬🇧,2025,Male,ATHX,Endurance,,,,,
24,Ali,Campbell-Birkett,Ali Campbell-Birkett,Male,,,https://ui-avatars.com/api/?name=A+C&color=FFFFFF&background=000000,ATHX LONDON 2025,United Kingdom 🇬🇧,2025,Male,ATHX,Endurance,,,,,
24,Miles,Canning,Miles Canning,Male,,,https://ui-avatars.com/api/?name=M+C&color=FFFFFF&background=000000,ATHX LONDON 2025,United Kingdom 🇬🇧,2025,Male,ATHX,Endurance,,,,,
26,Nathan,Parkin,Nathan Parkin,Male,,,https://ui-avatars.com/api/?name=N+P&color=FFFFFF&background=000000,ATHX LONDON 2025,United Kingdom 🇬🇧,2025,Male,ATHX,Endurance,,,,,
27,Steven,Docherty,Steven Docherty,Male,,,https://ui-avatars.com/api/?name=S+D&color=FFFFFF&background=000000,ATHX LONDON 2025,United Kingdom 🇬🇧,2025,Male,ATHX,Endurance,,,,,
28,Mark,Twigg,Mark Twigg,Male,,,https://ui-avatars.com/api/?name=M+T&color=FFFFFF&background=000000,ATHX LONDON 2025,United Kingdom 🇬🇧,2025,Male,ATHX,Endurance,,,,,
29,Oli,Gilbert,Oli Gilbert,Male,United Kingdom,Marchon,https://ui-avatars.com/api/?name=O+G&color=FFFFFF&background=000000,ATHX LONDON 2025,United Kingdom 🇬🇧,2025,Male,ATHX,Endurance,,,,,
30,Liam,Horgan,Liam Horgan,Male,,,https://ui-avatars.com/api/?name=L+H&color=FFFFFF&background=000000,ATHX LONDON 2025,United Kingdom 🇬🇧,2025,Male,ATHX,Endurance,,,,,
31,Ryan,Crisp,Ryan Crisp,Male,,,https://ui-avatars.com/api/?name=R+C&color=FFFFFF&background=000000,ATHX LONDON 2025,United Kingdom 🇬🇧,2025,Male,ATHX,Endurance,,,,,
32,Nick,Rigby,Nick Rigby,Male,,,https://ui-avatars.com/api/?name=N+R&color=FFFFFF&background=000000,ATHX LONDON 2025,United Kingdom 🇬🇧,2025,Male,ATHX,Endurance,,,,,
33,Florian,Groß,Florian Groß,Male,,,https://ui-avatars.com/api/?name=F+G&color=FFFFFF&background=000000,ATHX LONDON 2025,United Kingdom 🇬🇧,2025,Male,ATHX,Endurance,,,,,
34,Paul,Spelling,Paul Spelling,Male,,,https://athxgames.com/storage/profile-photos/z5zT64lkU69ZvnuTgiIWq7rQciOjnosTYjhJk48h.jpg,ATHX LONDON 2025,United Kingdom 🇬🇧,2025,Male,ATHX,Endurance,,,,,
35,Nick,Jelley,Nick Jelley,Male,United Kingdom,Nix,https://ui-avatars.com/api/?name=N+J&color=FFFFFF&background=000000,ATHX LONDON 2025,United Kingdom 🇬🇧,2025,Male,ATHX,Endurance,,,,,
36,Aidan,Heron,Aidan Heron,Male,,,https://ui-avatars.com/api/?name=A+H&color=FFFFFF&background=000000,ATHX LONDON 2025,United Kingdom 🇬🇧,2025,Male,ATHX,Endurance,,,,,
37,David,Baptiste,David Baptiste,Male,United Kingdom,,https://athxgames.com/storage/profile-photos/dCpYRxLby1AmQUBd4eBhv7XTfMcn08Zii5J9cDR8.jpg,ATHX LONDON 2025,United Kingdom 🇬🇧,2025,Male,ATHX,Endurance,,,,,
38,Richard,Wiles-Teoh,Richard Wiles-Teoh,Male,,,https://ui-avatars.com/api/?name=R+W&color=FFFFFF&background=000000,ATHX LONDON 2025,United Kingdom 🇬🇧,2025,Male,ATHX,Endurance,,,,,
39,Ben,Whateley-Harris,Ben Whateley-Harris,Male,,,https://ui-avatars.com/api/?name=B+W&color=FFFFFF&background=000000,ATHX LONDON 2025,United Kingdom 🇬🇧,2025,Male,ATHX,Endurance,,,,,
40,Peter,Daniel,Peter Daniel,Male,,,https://ui-avatars.com/api/?name=P+D&color=FFFFFF&background=000000,ATHX LONDON 2025,United Kingdom 🇬🇧,2025,Male,ATHX,Endurance,,,,,
41,Alexander,Sims,Alexander Sims,Male,,,https://ui-avatars.com/api/?name=A+S&color=FFFFFF&background=000000,ATHX LONDON 2025,United Kingdom 🇬🇧,2025,Male,ATHX,Endurance,,,,,
42,Fin,Dixon,Fin Dixon,Male,,,https://ui-avatars.com/api/?name=F+D&color=FFFFFF&background=000000,ATHX LONDON 2025,United Kingdom 🇬🇧,2025,Male,ATHX,Endurance,,,,,
43,Max,Löw,Max Löw,Male,,,https://ui-avatars.com/api/?name=M+L&color=FFFFFF&background=000000,ATHX LONDON 2025,United Kingdom 🇬🇧,2025,Male,ATHX,Endurance,,,,,
44,Noah,Arthur-Tinworth,Noah Arthur-Tinworth,Male,,,https://ui-avatars.com/api/?name=N+A&color=FFFFFF&background=000000,ATHX LONDON 2025,United Kingdom 🇬🇧,2025,Male,ATHX,Endurance,,,,,
45,Cameron,Paton,Cameron Paton,Male,,,https://ui-avatars.com/api/?name=C+P&color=FFFFFF&background=000000,ATHX LONDON 2025,United Kingdom 🇬🇧,2025,Male,ATHX,Endurance,,,,,
46,Thomas,Farrand,Thomas Farrand,Male,,,https://ui-avatars.com/api/?name=T+F&color=FFFFFF&background=000000,ATHX LONDON 2025,United Kingdom 🇬🇧,2025,Male,ATHX,Endurance,,,,,
47,Jodee,Pearce,Jodee Pearce,Male,,,https://ui-avatars.com/api/?name=J+P&color=FFFFFF&background=000000,ATHX LONDON 2025,United Kingdom 🇬🇧,2025,Male,ATHX,Endurance,,,,,
48,James,Booth,James Booth,Male,,,https://ui-avatars.com/api/?name=J+B&color=FFFFFF&background=000000,ATHX LONDON 2025,United Kingdom 🇬🇧,2025,Male,ATHX,Endurance,,,,,
49,Austin,Ward,Austin Ward,Male,United Kingdom,,https://ui-avatars.com/api/?name=A+W&color=FFFFFF&background=000000,ATHX LONDON 2025,United Kingdom 🇬🇧,2025,Male,ATHX,Endurance,,,,,
50,Dan,Woodcock,Dan Woodcock,Male,,,https://ui-avatars.com/api/?name=D+W&color=FFFFFF&background=000000,ATHX LONDON 2025,United Kingdom 🇬🇧,2025,Male,ATHX,Endurance,,,,,
51,Fabian,Johnson,Fabian Johnson,Male,United Kingdom,Marchon,https://athxgames.com/storage/profile-photos/ERY0izAiNIA7iqSt2lkS1s5qICA0roeGCNn8PfD1.jpg,ATHX LONDON 2025,United Kingdom 🇬🇧,2025,Male,ATHX,Endurance,,,,,
52,Andrew,Darling,Andrew Darling,Male,,,https://ui-avatars.com/api/?name=A+D&color=FFFFFF&background=000000,ATHX LONDON 2025,United Kingdom 🇬🇧,2025,Male,ATHX,Endurance,,,,,
53,Richard,Potts,Richard Potts,Male,,,https://ui-avatars.com/api/?name=R+P&color=FFFFFF&background=000000,ATHX LONDON 2025,United Kingdom 🇬🇧,2025,Male,ATHX,Endurance,,,,,
54,Mark,Wright,Mark Wright,Male,,,https://ui-avatars.com/api/?name=M+W&color=FFFFFF&background=000000,ATHX LONDON 2025,United Kingdom 🇬🇧,2025,Male,ATHX,Endurance,,,,,
55,Matt,Cooper,Matt Cooper,Male,,,https://ui-avatars.com/api/?name=M+C&color=FFFFFF&background=000000,ATHX LONDON 2025,United Kingdom 🇬🇧,2025,Male,ATHX,Endurance,,,,,
56,Aurimas,Darguzis,Aurimas Darguzis,Male,,,https://ui-avatars.com/api/?name=A+D&color=FFFFFF&background=000000,ATHX LONDON 2025,United Kingdom 🇬🇧,2025,Male,ATHX,Endurance,,,,,
57,GEORGE,CONWAY,GEORGE CONWAY,Male,,,https://ui-avatars.com/api/?name=G+C&color=FFFFFF&background=000000,ATHX LONDON 2025,United Kingdom 🇬🇧,2025,Male,ATHX,Endurance,,,,,
58,Charlie,Bedson,Charlie Bedson,Male,,,https://ui-avatars.com/api/?name=C+B&color=FFFFFF&background=000000,ATHX LONDON 2025,United Kingdom 🇬🇧,2025,Male,ATHX,Endurance,,,,,
59,Hugh,Hamilton-Green,Hugh Hamilton-Green,Male,United Kingdom,Shapesmiths,https://ui-avatars.com/api/?name=H+H&color=FFFFFF&background=000000,ATHX LONDON 2025,United Kingdom 🇬🇧,2025,Male,ATHX,Endurance,,,,,
60,Scott,Walker,Scott Walker,Male,,,https://ui-avatars.com/api/?name=S+W&color=FFFFFF&background=000000,ATHX LONDON 2025,United Kingdom 🇬🇧,2025,Male,ATHX,Endurance,,,,,
61,Roly,Ingleby-MacKenzie,Roly Ingleby-MacKenzie,Male,,,https://ui-avatars.com/api/?name=R+I&color=FFFFFF&background=000000,ATHX LONDON 2025,United Kingdom 🇬🇧,2025,Male,ATHX,Endurance,,,,,
62,Bradley,Gayler,Bradley Gayler,Male,,,https://ui-avatars.com/api/?name=B+G&color=FFFFFF&background=000000,ATHX LONDON 2025,United Kingdom 🇬🇧,2025,Male,ATHX,Endurance,,,,,
63,Ross,Endersby,Ross Endersby,Male,United Kingdom,Sleven,https://ui-avatars.com/api/?name=R+E&color=FFFFFF&background=000000,ATHX LONDON 2025,United Kingdom 🇬🇧,2025,Male,ATHX,Endurance,,,,,
64,Olie,Moore,Olie Moore,Male,,,https://ui-avatars.com/api/?name=O+M&color=FFFFFF&background=000000,ATHX LONDON 2025,United Kingdom 🇬🇧,2025,Male,ATHX,Endurance,,,,,
65,Shane,Leeks,Shane Leeks,Male,,,https://ui-avatars.com/api/?name=S+L&color=FFFFFF&background=000000,ATHX LONDON 2025,United Kingdom 🇬🇧,2025,Male,ATHX,Endurance,,,,,
66,Callum,Phillips,Callum Phillips,Male,,,https://ui-avatars.com/api/?name=C+P&color=FFFFFF&background=000000,ATHX LONDON 2025,United Kingdom 🇬🇧,2025,Male,ATHX,Endurance,,,,,
67,Daniel,Furnell,Daniel Furnell,Male,,,https://ui-avatars.com/api/?name=D+F&color=FFFFFF&background=000000,ATHX LONDON 2025,United Kingdom 🇬🇧,2025,Male,ATHX,Endurance,,,,,
68,Dan,Wilton,Dan Wilton,Male,,,https://ui-avatars.com/api/?name=D+W&color=FFFFFF&background=000000,ATHX LONDON 2025,United Kingdom 🇬🇧,2025,Male,ATHX,Endurance,,,,,
69,James,Lynch,James Lynch,Male,,,https://ui-avatars.com/api/?name=J+L&color=FFFFFF&background=000000,ATHX LONDON 2025,United Kingdom 🇬🇧,2025,Male,ATHX,Endurance,,,,,
70,Robin,Wilkins,Robin Wilkins,Male,,,https://ui-avatars.com/api/?name=R+W&color=FFFFFF&background=000000,ATHX LONDON 2025,United Kingdom 🇬🇧,2025,Male,ATHX,Endurance,,,,,
71,Luke,Campsall,Luke Campsall,Male,,,https://ui-avatars.com/api/?name=L+C&color=FFFFFF&background=000000,ATHX LONDON 2025,United Kingdom 🇬🇧,2025,Male,ATHX,Endurance,,,,,
72,Aaron,Sharma,Aaron Sharma,Male,,,https://ui-avatars.com/api/?name=A+S&color=FFFFFF&background=000000,ATHX LONDON 2025,United Kingdom 🇬🇧,2025,Male,ATHX,Endurance,,,,,
72,Julian,Wienecke,Julian Wienecke,Male,,,https://ui-avatars.com/api/?name=J+W&color=FFFFFF&background=000000,ATHX LONDON 2025,United Kingdom 🇬🇧,2025,Male,ATHX,Endurance,,,,,
74,Richard,Tanburn,Richard Tanburn,Male,,,https://ui-avatars.com/api/?name=R+T&color=FFFFFF&background=000000,ATHX LONDON 2025,United Kingdom 🇬🇧,2025,Male,ATHX,Endurance,,,,,
75,Jack,Rowett,Jack Rowett,Male,,,https://ui-avatars.com/api/?name=J+R&color=FFFFFF&background=000000,ATHX LONDON 2025,United Kingdom 🇬🇧,2025,Male,ATHX,Endurance,,,,,
76,Harry,Charlier,Harry Charlier,Male,,,https://athxgames.com/storage/profile-photos/h0CkiUqPshDF7B2odV4XpoItKUgy0HJwtmR3ShSh.jpg,ATHX LONDON 2025,United Kingdom 🇬🇧,2025,Male,ATHX,Endurance,,,,,
76,Pete,Berrett,Pete Berrett,Male,,,https://ui-avatars.com/api/?name=P+B&color=FFFFFF&background=000000,ATHX LONDON 2025,United Kingdom 🇬🇧,2025,Male,ATHX,Endurance,,,,,
78,Fraser,Tait,Fraser Tait,Male,,,https://ui-avatars.com/api/?name=F+T&color=FFFFFF&background=000000,ATHX LONDON 2025,United Kingdom 🇬🇧,2025,Male,ATHX,Endurance,,,,,
79,Matthew,Armstrong,Matthew Armstrong,Male,,,https://ui-avatars.com/api/?name=M+A&color=FFFFFF&background=000000,ATHX LONDON 2025,United Kingdom 🇬🇧,2025,Male,ATHX,Endurance,,,,,
80,Rob,Smith,Rob Smith,Male,,,https://ui-avatars.com/api/?name=R+S&color=FFFFFF&background=000000,ATHX LONDON 2025,United Kingdom 🇬🇧,2025,Male,ATHX,Endurance,,,,,
81,David,Quli,David Quli,Male,,,https://ui-avatars.com/api/?name=D+Q&color=FFFFFF&background=000000,ATHX LONDON 2025,United Kingdom 🇬🇧,2025,Male,ATHX,Endurance,,,,,
82,Richard,Donnelly,Richard Donnelly,Male,United Kingdom,CrossFit Dawn,https://ui-avatars.com/api/?name=R+D&color=FFFFFF&background=000000,ATHX LONDON 2025,United Kingdom 🇬🇧,2025,Male,ATHX,Endurance,,,,,
83,Ross,Keeley,Ross Keeley,Male,,,https://ui-avatars.com/api/?name=R+K&color=FFFFFF&background=000000,ATHX LONDON 2025,United Kingdom 🇬🇧,2025,Male,ATHX,Endurance,,,,,
84,Max,Jones,Max Jones,Male,,,https://ui-avatars.com/api/?name=M+J&color=FFFFFF&background=000000,ATHX LONDON 2025,United Kingdom 🇬🇧,2025,Male,ATHX,Endurance,,,,,
85,Mike,Linger,Mike Linger,Male,United Kingdom,Essex Games,https://athxgames.com/storage/profile-photos/lpUVaZubhwRMEkpVhAr9cR0GH0y7VssfItTjrV9Y.jpg,ATHX LONDON 2025,United Kingdom 🇬🇧,2025,Male,ATHX,Endurance,,,,,
85,Callum,Champain,Callum Champain,Male,,,https://ui-avatars.com/api/?name=C+C&color=FFFFFF&background=000000,ATHX LONDON 2025,United Kingdom 🇬🇧,2025,Male,ATHX,Endurance,,,,,
87,Robin,French,Robin French,Male,,,https://athxgames.com/storage/profile-photos/VOXSmSWNp3YZxUu91TDRHorWIC4gTdcfpalSfukU.jpg,ATHX LONDON 2025,United Kingdom 🇬🇧,2025,Male,ATHX,Endurance,,,,,
88,Rob,Fearn,Rob Fearn,Male,,,https://ui-avatars.com/api/?name=R+F&color=FFFFFF&background=000000,ATHX LONDON 2025,United Kingdom 🇬🇧,2025,Male,ATHX,Endurance,,,,,
89,Josh,Cooper,Josh Cooper,Male,,,https://ui-avatars.com/api/?name=J+C&color=FFFFFF&background=000000,ATHX LONDON 2025,United Kingdom 🇬🇧,2025,Male,ATHX,Endurance,,,,,
89,Adrian,Dimov,Adrian Dimov,Male,,,https://ui-avatars.com/api/?name=A+D&color=FFFFFF&background=000000,ATHX LONDON 2025,United Kingdom 🇬🇧,2025,Male,ATHX,Endurance,,,,,
89,Mike,Jones,Mike Jones,Male,,,https://ui-avatars.com/api/?name=M+J&color=FFFFFF&background=000000,ATHX LONDON 2025,United Kingdom 🇬🇧,2025,Male,ATHX,Endurance,,,,,
92,Craig,Rainford,Craig Rainford,Male,,,https://athxgames.com/storage/profile-photos/lxAjPLvKajS1pPuhZpDLKkebHckENUmIBrK5nfMB.png,ATHX LONDON 2025,United Kingdom 🇬🇧,2025,Male,ATHX,Endurance,,,,,
93,Alex,Stout,Alex Stout,Male,,,https://ui-avatars.com/api/?name=A+S&color=FFFFFF&background=000000,ATHX LONDON 2025,United Kingdom 🇬🇧,2025,Male,ATHX,Endurance,,,,,
93,Jon,Kay,Jon Kay,Male,,,https://ui-avatars.com/api/?name=J+K&color=FFFFFF&background=000000,ATHX LONDON 2025,United Kingdom 🇬🇧,2025,Male,ATHX,Endurance,,,,,
95,Richard,Moore,Richard Moore,Male,,,https://ui-avatars.com/api/?name=R+M&color=FFFFFF&background=000000,ATHX LONDON 2025,United Kingdom 🇬🇧,2025,Male,ATHX,Endurance,,,,,
96,Sam,Long,Sam Long,Male,,,https://ui-avatars.com/api/?name=S+L&color=FFFFFF&background=000000,ATHX LONDON 2025,United Kingdom 🇬🇧,2025,Male,ATHX,Endurance,,,,,
97,David,Kelly,David Kelly,Male,,,https://ui-avatars.com/api/?name=D+K&color=FFFFFF&background=000000,ATHX LONDON 2025,United Kingdom 🇬🇧,2025,Male,ATHX,Endurance,,,,,
98,Berry,Yirrell,Berry Yirrell,Male,,,https://ui-avatars.com/api/?name=B+Y&color=FFFFFF&background=000000,ATHX LONDON 2025,United Kingdom 🇬🇧,2025,Male,ATHX,Endurance,,,,,
99,Daniel,Turnbull,Daniel Turnbull,Male,,,https://ui-avatars.com/api/?name=D+T&color=FFFFFF&background=000000,ATHX LONDON 2025,United Kingdom 🇬🇧,2025,Male,ATHX,Endurance,,,,,
100,Ryan,Marshall,Ryan Marshall,Male,,,https://ui-avatars.com/api/?name=R+M&color=FFFFFF&background=000000,ATHX LONDON 2025,United Kingdom 🇬🇧,2025,Male,ATHX,Endurance,,,,,
101,Louis,Franklin,Louis Franklin,Male,,,https://ui-avatars.com/api/?name=L+F&color=FFFFFF&background=000000,ATHX LONDON 2025,United Kingdom 🇬🇧,2025,Male,ATHX,Endurance,,,,,
101,Kyle,Ginn-Reynolds,Kyle Ginn-Reynolds,Male,,,https://ui-avatars.com/api/?name=K+G&color=FFFFFF&background=000000,ATHX LONDON 2025,United Kingdom 🇬🇧,2025,Male,ATHX,Endurance,,,,,
101,Jake,Hankins,Jake Hankins,Male,,,https://athxgames.com/storage/profile-photos/BgtuxTdIz6rE28QUPySVDhJfrvOOg4lywMjBj6me.jpg,ATHX LONDON 2025,United Kingdom 🇬🇧,2025,Male,ATHX,Endurance,,,,,
104,Neil,Webb,Neil Webb,Male,,Strong Outdoor Fitness,https://ui-avatars.com/api/?name=N+W&color=FFFFFF&background=000000,ATHX LONDON 2025,United Kingdom 🇬🇧,2025,Male,ATHX,Endurance,,,,,
105,Andrew,Alexander,Andrew Alexander,Male,,,https://ui-avatars.com/api/?name=A+A&color=FFFFFF&background=000000,ATHX LONDON 2025,United Kingdom 🇬🇧,2025,Male,ATHX,Endurance,,,,,
106,Tom,Serle,Tom Serle,Male,,,https://ui-avatars.com/api/?name=T+S&color=FFFFFF&background=000000,ATHX LONDON 2025,United Kingdom 🇬🇧,2025,Male,ATHX,Endurance,,,,,
107,Clinton,Groome,Clinton Groome,Male,,,https://ui-avatars.com/api/?name=C+G&color=FFFFFF&background=000000,ATHX LONDON 2025,United Kingdom 🇬🇧,2025,Male,ATHX,Endurance,,,,,
108,Daniel,Baldwin,Daniel Baldwin,Male,,,https://ui-avatars.com/api/?name=D+B&color=FFFFFF&background=000000,ATHX LONDON 2025,United Kingdom 🇬🇧,2025,Male,ATHX,Endurance,,,,,
108,Matt,Doyle,Matt Doyle,Male,,,https://ui-avatars.com/api/?name=M+D&color=FFFFFF&background=000000,ATHX LONDON 2025,United Kingdom 🇬🇧,2025,Male,ATHX,Endurance,,,,,
110,Shane,McCall,Shane McCall,Male,,,https://ui-avatars.com/api/?name=S+M&color=FFFFFF&background=000000,ATHX LONDON 2025,United Kingdom 🇬🇧,2025,Male,ATHX,Endurance,,,,,
111,Will,Francis,Will Francis,Male,,,https://athxgames.com/storage/profile-photos/sRd4n2zUgm4ukacjcq8v7yF57nOXDHaywAJSMdZM.jpg,ATHX LONDON 2025,United Kingdom 🇬🇧,2025,Male,ATHX,Endurance,,,,,
112,Alex,Blayachi,Alex Blayachi,Male,United Kingdom,Alex,https://ui-avatars.com/api/?name=A+B&color=FFFFFF&background=000000,ATHX LONDON 2025,United Kingdom 🇬🇧,2025,Male,ATHX,Endurance,,,,,
113,David,Watson,David Watson,Male,,,https://ui-avatars.com/api/?name=D+W&color=FFFFFF&background=000000,ATHX LONDON 2025,United Kingdom 🇬🇧,2025,Male,ATHX,Endurance,,,,,
114,Jack,Windle,Jack Windle,Male,,,https://ui-avatars.com/api/?name=J+W&color=FFFFFF&background=000000,ATHX LONDON 2025,United Kingdom 🇬🇧,2025,Male,ATHX,Endurance,,,,,
115,Ollie,Rees,Ollie Rees,Male,United Kingdom,,https://ui-avatars.com/api/?name=O+R&color=FFFFFF&background=000000,ATHX LONDON 2025,United Kingdom 🇬🇧,2025,Male,ATHX,Endurance,,,,,
116,Daniel,Horn,Daniel Horn,Male,United Kingdom,Dunstable,https://athxgames.com/storage/profile-photos/ZKAe4FNsdTdDsWqDb9pXIYOZOTu0sb5UUqxXTIeo.jpg,ATHX LONDON 2025,United Kingdom 🇬🇧,2025,Male,ATHX,Endurance,,,,,
117,James,Butler,James Butler,Male,,,https://ui-avatars.com/api/?name=J+B&color=FFFFFF&background=000000,ATHX LONDON 2025,United Kingdom 🇬🇧,2025,Male,ATHX,Endurance,,,,,
118,Raj,Josan,Raj Josan,Male,,,https://ui-avatars.com/api/?name=R+J&color=FFFFFF&background=000000,ATHX LONDON 2025,United Kingdom 🇬🇧,2025,Male,ATHX,Endurance,,,,,
119,Charles,Nell,Charles Nell,Male,,,https://ui-avatars.com/api/?name=C+N&color=FFFFFF&background=000000,ATHX LONDON 2025,United Kingdom 🇬🇧,2025,Male,ATHX,Endurance,,,,,
119,Ani,Alia,Ani Alia,Male,,,https://ui-avatars.com/api/?name=A+A&color=FFFFFF&background=000000,ATHX LONDON 2025,United Kingdom 🇬🇧,2025,Male,ATHX,Endurance,,,,,
121,Laurence,Pannell,Laurence Pannell,Male,,,https://ui-avatars.com/api/?name=L+P&color=FFFFFF&background=000000,ATHX LONDON 2025,United Kingdom 🇬🇧,2025,Male,ATHX,Endurance,,,,,
122,Josh,Cox,Josh Cox,Male,,,https://athxgames.com/storage/profile-photos/EzlBA1lyzHGYP9G3yQ7jhSeLvCZypXevOjSBgmAN.jpg,ATHX LONDON 2025,United Kingdom 🇬🇧,2025,Male,ATHX,Endurance,,,,,
123,Ronnie,Slater,Ronnie Slater,Male,,,https://ui-avatars.com/api/?name=R+S&color=FFFFFF&background=000000,ATHX LONDON 2025,United Kingdom 🇬🇧,2025,Male,ATHX,Endurance,,,,,
124,Jamie,Rigby,Jamie Rigby,Male,United Kingdom,,https://athxgames.com/storage/profile-photos/r8ZicLhx3TzdSpf2744DAbGdxjj6zwaq6Ekm8TFx.jpg,ATHX LONDON 2025,United Kingdom 🇬🇧,2025,Male,ATHX,Endurance,,,,,
125,Christian,Roebert,Christian Roebert,Male,,,https://ui-avatars.com/api/?name=C+R&color=FFFFFF&background=000000,ATHX LONDON 2025,United Kingdom 🇬🇧,2025,Male,ATHX,Endurance,,,,,
126,Nathan,Waterfield,Nathan Waterfield,Male,,,https://ui-avatars.com/api/?name=N+W&color=FFFFFF&background=000000,ATHX LONDON 2025,United Kingdom 🇬🇧,2025,Male,ATHX,Endurance,,,,,
127,Tomas,Bartlett,Tomas Bartlett,Male,,,https://ui-avatars.com/api/?name=T+B&color=FFFFFF&background=000000,ATHX LONDON 2025,United Kingdom 🇬🇧,2025,Male,ATHX,Endurance,,,,,
128,Andy,Hovey,Andy Hovey,Male,,,https://ui-avatars.com/api/?name=A+H&color=FFFFFF&background=000000,ATHX LONDON 2025,United Kingdom 🇬🇧,2025,Male,ATHX,Endurance,,,,,
129,Alan,Porter,Alan Porter,Male,,,https://ui-avatars.com/api/?name=A+P&color=FFFFFF&background=000000,ATHX LONDON 2025,United Kingdom 🇬🇧,2025,Male,ATHX,Endurance,,,,,
130,Enoch,Odubote,Enoch Odubote,Male,,,https://ui-avatars.com/api/?name=E+O&color=FFFFFF&background=000000,ATHX LONDON 2025,United Kingdom 🇬🇧,2025,Male,ATHX,Endurance,,,,,
131,David,Nolan,David Nolan,Male,,,https://ui-avatars.com/api/?name=D+N&color=FFFFFF&background=000000,ATHX LONDON 2025,United Kingdom 🇬🇧,2025,Male,ATHX,Endurance,,,,,
132,Dean,Suazo,Dean Suazo,Male,,,https://ui-avatars.com/api/?name=D+S&color=FFFFFF&background=000000,ATHX LONDON 2025,United Kingdom 🇬🇧,2025,Male,ATHX,Endurance,,,,,
133,Sam,Griffiths,Sam Griffiths,Male,,CrossFit Verulamium,https://ui-avatars.com/api/?name=S+G&color=FFFFFF&background=000000,ATHX LONDON 2025,United Kingdom 🇬🇧,2025,Male,ATHX,Endurance,,,,,
134,Michael,Coutts,Michael Coutts,Male,,,https://ui-avatars.com/api/?name=M+C&color=FFFFFF&background=000000,ATHX LONDON 2025,United Kingdom 🇬🇧,2025,Male,ATHX,Endurance,,,,,
135,Charlie,Griffiths,Charlie Griffiths,Male,,,https://ui-avatars.com/api/?name=C+G&color=FFFFFF&background=000000,ATHX LONDON 2025,United Kingdom 🇬🇧,2025,Male,ATHX,Endurance,,,,,
136,Jack,Langton,Jack Langton,Male,,,https://ui-avatars.com/api/?name=J+L&color=FFFFFF&background=000000,ATHX LONDON 2025,United Kingdom 🇬🇧,2025,Male,ATHX,Endurance,,,,,
137,Paul,Whittaker,Paul Whittaker,Male,United Kingdom,Jake Wood PT Nottingham,https://ui-avatars.com/api/?name=P+W&color=FFFFFF&background=000000,ATHX LONDON 2025,United Kingdom 🇬🇧,2025,Male,ATHX,Endurance,,,,,
137,Jonny,Christian,Jonny Christian,Male,,,https://ui-avatars.com/api/?name=J+C&color=FFFFFF&background=000000,ATHX LONDON 2025,United Kingdom 🇬🇧,2025,Male,ATHX,Endurance,,,,,
139,Alex,Lennard,Alex Lennard,Male,United Kingdom,F45 Chiswick Park,https://ui-avatars.com/api/?name=A+L&color=FFFFFF&background=000000,ATHX LONDON 2025,United Kingdom 🇬🇧,2025,Male,ATHX,Endurance,,,,,
140,Alec,Doran,Alec Doran,Male,,,https://ui-avatars.com/api/?name=A+D&color=FFFFFF&background=000000,ATHX LONDON 2025,United Kingdom 🇬🇧,2025,Male,ATHX,Endurance,,,,,
140,Chris,Carter,Chris Carter,Male,,,https://athxgames.com/storage/profile-photos/lKgltZWbBR2rPytrOS54PhkApQlwlyLchVZbLtij.jpg,ATHX LONDON 2025,United Kingdom 🇬🇧,2025,Male,ATHX,Endurance,,,,,
142,Jonny,Sadler,Jonny Sadler,Male,,,https://ui-avatars.com/api/?name=J+S&color=FFFFFF&background=000000,ATHX LONDON 2025,United Kingdom 🇬🇧,2025,Male,ATHX,Endurance,,,,,
143,Ben,Hamer,Ben Hamer,Male,,,https://ui-avatars.com/api/?name=B+H&color=FFFFFF&background=000000,ATHX LONDON 2025,United Kingdom 🇬🇧,2025,Male,ATHX,Endurance,,,,,
144,Christian,Struck,Christian Struck,Male,,,https://ui-avatars.com/api/?name=C+S&color=FFFFFF&background=000000,ATHX LONDON 2025,United Kingdom 🇬🇧,2025,Male,ATHX,Endurance,,,,,
145,Isaiah,James,Isaiah James,Male,,,https://ui-avatars.com/api/?name=I+J&color=FFFFFF&background=000000,ATHX LONDON 2025,United Kingdom 🇬🇧,2025,Male,ATHX,Endurance,,,,,
146,Perri,Haines,Perri Haines,Male,,,https://ui-avatars.com/api/?name=P+H&color=FFFFFF&background=000000,ATHX LONDON 2025,United Kingdom 🇬🇧,2025,Male,ATHX,Endurance,,,,,
147,Ross,Dunlop,Ross Dunlop,Male,,,https://ui-avatars.com/api/?name=R+D&color=FFFFFF&background=000000,ATHX LONDON 2025,United Kingdom 🇬🇧,2025,Male,ATHX,Endurance,,,,,
147,Fraser,Hills,Fraser Hills,Male,,,https://ui-avatars.com/api/?name=F+H&color=FFFFFF&background=000000,ATHX LONDON 2025,United Kingdom 🇬🇧,2025,Male,ATHX,Endurance,,,,,
147,matt,canavan,matt canavan,Male,,,https://ui-avatars.com/api/?name=m+c&color=FFFFFF&background=000000,ATHX LONDON 2025,United Kingdom 🇬🇧,2025,Male,ATHX,Endurance,,,,,
150,Ben,Parsons,Ben Parsons,Male,,,https://ui-avatars.com/api/?name=B+P&color=FFFFFF&background=000000,ATHX LONDON 2025,United Kingdom 🇬🇧,2025,Male,ATHX,Endurance,,,,,
151,Joshua,French,Joshua French,Male,,,https://ui-avatars.com/api/?name=J+F&color=FFFFFF&background=000000,ATHX LONDON 2025,United Kingdom 🇬🇧,2025,Male,ATHX,Endurance,,,,,
152,Sean,Cotter,Sean Cotter,Male,,,https://ui-avatars.com/api/?name=S+C&color=FFFFFF&background=000000,ATHX LONDON 2025,United Kingdom 🇬🇧,2025,Male,ATHX,Endurance,,,,,
153,Grant,Laws,Grant Laws,Male,,,https://ui-avatars.com/api/?name=G+L&color=FFFFFF&background=000000,ATHX LONDON 2025,United Kingdom 🇬🇧,2025,Male,ATHX,Endurance,,,,,
154,Faron,Young,Faron Young,Male,United Kingdom,CrossFit Hove,https://athxgames.com/storage/profile-photos/TLePA9EmkhyDinri36GvkKj3OVjOI1CQfqKFrFbP.jpg,ATHX LONDON 2025,United Kingdom 🇬🇧,2025,Male,ATHX,Endurance,,,,,
154,David,Thompson,David Thompson,Male,,,https://ui-avatars.com/api/?name=D+T&color=FFFFFF&background=000000,ATHX LONDON 2025,United Kingdom 🇬🇧,2025,Male,ATHX,Endurance,,,,,
156,Nicholas,Charlier,Nicholas Charlier,Male,,,https://ui-avatars.com/api/?name=N+C&color=FFFFFF&background=000000,ATHX LONDON 2025,United Kingdom 🇬🇧,2025,Male,ATHX,Endurance,,,,,
157,Joe,Morton,Joe Morton,Male,,,https://ui-avatars.com/api/?name=J+M&color=FFFFFF&background=000000,ATHX LONDON 2025,United Kingdom 🇬🇧,2025,Male,ATHX,Endurance,,,,,
158,Joseph,Miall,Joseph Miall,Male,,,https://ui-avatars.com/api/?name=J+M&color=FFFFFF&background=000000,ATHX LONDON 2025,United Kingdom 🇬🇧,2025,Male,ATHX,Endurance,,,,,
159,James,Garner,James Garner,Male,United Kingdom,Jetts 24HR Fitness,https://athxgames.com/storage/profile-photos/Kpz0Gaf5gZ7ZnLYoeEw4oltZvKSnlQPjVGB1Hclf.jpg,ATHX LONDON 2025,United Kingdom 🇬🇧,2025,Male,ATHX,Endurance,,,,,
160,George,Thatcher,George Thatcher,Male,United Kingdom,,https://ui-avatars.com/api/?name=G+T&color=FFFFFF&background=000000,ATHX LONDON 2025,United Kingdom 🇬🇧,2025,Male,ATHX,Endurance,,,,,
161,Matt,Kirkby,Matt Kirkby,Male,,,https://ui-avatars.com/api/?name=M+K&color=FFFFFF&background=000000,ATHX LONDON 2025,United Kingdom 🇬🇧,2025,Male,ATHX,Endurance,,,,,
162,Marlon,Pinto,Marlon Pinto,Male,United Kingdom,,https://ui-avatars.com/api/?name=M+P&color=FFFFFF&background=000000,ATHX LONDON 2025,United Kingdom 🇬🇧,2025,Male,ATHX,Endurance,,,,,
162,Jay,Smith,Jay Smith,Male,,,https://ui-avatars.com/api/?name=J+S&color=FFFFFF&background=000000,ATHX LONDON 2025,United Kingdom 🇬🇧,2025,Male,ATHX,Endurance,,,,,
164,Cameron,Okoth,Cameron Okoth,Male,,,https://ui-avatars.com/api/?name=C+O&color=FFFFFF&background=000000,ATHX LONDON 2025,United Kingdom 🇬🇧,2025,Male,ATHX,Endurance,,,,,
165,Iain,Frost,Iain Frost,Male,,,https://ui-avatars.com/api/?name=I+F&color=FFFFFF&background=000000,ATHX LONDON 2025,United Kingdom 🇬🇧,2025,Male,ATHX,Endurance,,,,,
166,Joel,Thomas,Joel Thomas,Male,,,https://ui-avatars.com/api/?name=J+T&color=FFFFFF&background=000000,ATHX LONDON 2025,United Kingdom 🇬🇧,2025,Male,ATHX,Endurance,,,,,
167,Sam,Kipling,Sam Kipling,Male,,,https://ui-avatars.com/api/?name=S+K&color=FFFFFF&background=000000,ATHX LONDON 2025,United Kingdom 🇬🇧,2025,Male,ATHX,Endurance,,,,,
168,Jonathan,Dale,Jonathan Dale,Male,,,https://ui-avatars.com/api/?name=J+D&color=FFFFFF&background=000000,ATHX LONDON 2025,United Kingdom 🇬🇧,2025,Male,ATHX,Endurance,,,,,
169,Joe,Booth,Joe Booth,Male,,,https://ui-avatars.com/api/?name=J+B&color=FFFFFF&background=000000,ATHX LONDON 2025,United Kingdom 🇬🇧,2025,Male,ATHX,Endurance,,,,,
170,Cameron,Sayer,Cameron Sayer,Male,,,https://ui-avatars.com/api/?name=C+S&color=FFFFFF&background=000000,ATHX LONDON 2025,United Kingdom 🇬🇧,2025,Male,ATHX,Endurance,,,,,
170,Lee,morris,Lee morris,Male,,,https://ui-avatars.com/api/?name=L+m&color=FFFFFF&background=000000,ATHX LONDON 2025,United Kingdom 🇬🇧,2025,Male,ATHX,Endurance,,,,,
172,Dyllan,Schewitz,Dyllan Schewitz,Male,,,https://ui-avatars.com/api/?name=D+S&color=FFFFFF&background=000000,ATHX LONDON 2025,United Kingdom 🇬🇧,2025,Male,ATHX,Endurance,,,,,
173,Ashley,Snuggs,Ashley Snuggs,Male,,,https://ui-avatars.com/api/?name=A+S&color=FFFFFF&background=000000,ATHX LONDON 2025,United Kingdom 🇬🇧,2025,Male,ATHX,Endurance,,,,,
174,Jake,Howells,Jake Howells,Male,,,https://ui-avatars.com/api/?name=J+H&color=FFFFFF&background=000000,ATHX LONDON 2025,United Kingdom 🇬🇧,2025,Male,ATHX,Endurance,,,,,
175,Fabian,Ortiz-Barrs,Fabian Ortiz-Barrs,Male,,,https://ui-avatars.com/api/?name=F+O&color=FFFFFF&background=000000,ATHX LONDON 2025,United Kingdom 🇬🇧,2025,Male,ATHX,Endurance,,,,,
176,Henry,Morris,Henry Morris,Male,,,https://ui-avatars.com/api/?name=H+M&color=FFFFFF&background=000000,ATHX LONDON 2025,United Kingdom 🇬🇧,2025,Male,ATHX,Endurance,,,,,
177,Darren,Braybrook,Darren Braybrook,Male,,,https://ui-avatars.com/api/?name=D+B&color=FFFFFF&background=000000,ATHX LONDON 2025,United Kingdom 🇬🇧,2025,Male,ATHX,Endurance,,,,,
177,Alexander,Tagg,Alexander Tagg,Male,,,https://ui-avatars.com/api/?name=A+T&color=FFFFFF&background=000000,ATHX LONDON 2025,United Kingdom 🇬🇧,2025,Male,ATHX,Endurance,,,,,
179,Josh,Kane,Josh Kane,Male,,,https://ui-avatars.com/api/?name=J+K&color=FFFFFF&background=000000,ATHX LONDON 2025,United Kingdom 🇬🇧,2025,Male,ATHX,Endurance,,,,,
180,Camille,Mulcaire,Camille Mulcaire,Male,,,https://ui-avatars.com/api/?name=C+M&color=FFFFFF&background=000000,ATHX LONDON 2025,United Kingdom 🇬🇧,2025,Male,ATHX,Endurance,,,,,
181,Max,Craven,Max Craven,Male,,,https://ui-avatars.com/api/?name=M+C&color=FFFFFF&background=000000,ATHX LONDON 2025,United Kingdom 🇬🇧,2025,Male,ATHX,Endurance,,,,,
182,Tim,Blundy,Tim Blundy,Male,,,https://ui-avatars.com/api/?name=T+B&color=FFFFFF&background=000000,ATHX LONDON 2025,United Kingdom 🇬🇧,2025,Male,ATHX,Endurance,,,,,
182,Richard,Mcleod,Richard Mcleod,Male,,,https://ui-avatars.com/api/?name=R+M&color=FFFFFF&background=000000,ATHX LONDON 2025,United Kingdom 🇬🇧,2025,Male,ATHX,Endurance,,,,,
184,Alan,Lee,Alan Lee,Male,,,https://ui-avatars.com/api/?name=A+L&color=FFFFFF&background=000000,ATHX LONDON 2025,United Kingdom 🇬🇧,2025,Male,ATHX,Endurance,,,,,
184,Richard,Perkins,Richard Perkins,Male,United Kingdom,CrossFit Iron Duke,https://ui-avatars.com/api/?name=R+P&color=FFFFFF&background=000000,ATHX LONDON 2025,United Kingdom 🇬🇧,2025,Male,ATHX,Endurance,,,,,
186,Alastair,McAdam,Alastair McAdam,Male,,,https://ui-avatars.com/api/?name=A+M&color=FFFFFF&background=000000,ATHX LONDON 2025,United Kingdom 🇬🇧,2025,Male,ATHX,Endurance,,,,,
187,Sean,Louw,Sean Louw,Male,British Indian Ocean Territory,CrossFit Crawley,https://ui-avatars.com/api/?name=S+L&color=FFFFFF&background=000000,ATHX LONDON 2025,United Kingdom 🇬🇧,2025,Male,ATHX,Endurance,,,,,
188,Eamonn,McBride,Eamonn McBride,Male,,,https://athxgames.com/storage/profile-photos/5evwHssxK4H7a4Walu3ZHRjyPXBzyMktTMMJ1DjW.jpg,ATHX LONDON 2025,United Kingdom 🇬🇧,2025,Male,ATHX,Endurance,,,,,
189,Charles,Hall,Charles Hall,Male,,,https://ui-avatars.com/api/?name=C+H&color=FFFFFF&background=000000,ATHX LONDON 2025,United Kingdom 🇬🇧,2025,Male,ATHX,Endurance,,,,,
190,Alex,Young,Alex Young,Male,,,https://ui-avatars.com/api/?name=A+Y&color=FFFFFF&background=000000,ATHX LONDON 2025,United Kingdom 🇬🇧,2025,Male,ATHX,Endurance,,,,,
191,Joe,Mckeown,Joe Mckeown,Male,,,https://ui-avatars.com/api/?name=J+M&color=FFFFFF&background=000000,ATHX LONDON 2025,United Kingdom 🇬🇧,2025,Male,ATHX,Endurance,,,,,
192,Darren,Hancock,Darren Hancock,Male,United Kingdom,Oxhouse,https://ui-avatars.com/api/?name=D+H&color=FFFFFF&background=000000,ATHX LONDON 2025,United Kingdom 🇬🇧,2025,Male,ATHX,Endurance,,,,,
193,Nat,Shirley,Nat Shirley,Male,,,https://ui-avatars.com/api/?name=N+S&color=FFFFFF&background=000000,ATHX LONDON 2025,United Kingdom 🇬🇧,2025,Male,ATHX,Endurance,,,,,
194,Joe,Joslyn,Joe Joslyn,Male,,,https://ui-avatars.com/api/?name=J+J&color=FFFFFF&background=000000,ATHX LONDON 2025,United Kingdom 🇬🇧,2025,Male,ATHX,Endurance,,,,,
195,Sam,Roberts,Sam Roberts,Male,Canada,Third Space,https://ui-avatars.com/api/?name=S+R&color=FFFFFF&background=000000,ATHX LONDON 2025,United Kingdom 🇬🇧,2025,Male,ATHX,Endurance,,,,,
196,Lewis,Brightmore,Lewis Brightmore,Male,,,https://ui-avatars.com/api/?name=L+B&color=FFFFFF&background=000000,ATHX LONDON 2025,United Kingdom 🇬🇧,2025,Male,ATHX,Endurance,,,,,
197,Josh,Aldridge,Josh Aldridge,Male,,,https://ui-avatars.com/api/?name=J+A&color=FFFFFF&background=000000,ATHX LONDON 2025,United Kingdom 🇬🇧,2025,Male,ATHX,Endurance,,,,,
198,Luke,Sallows,Luke Sallows,Male,,,https://ui-avatars.com/api/?name=L+S&color=FFFFFF&background=000000,ATHX LONDON 2025,United Kingdom 🇬🇧,2025,Male,ATHX,Endurance,,,,,
199,Stuart,Starkey,Stuart Starkey,Male,,,https://ui-avatars.com/api/?name=S+S&color=FFFFFF&background=000000,ATHX LONDON 2025,United Kingdom 🇬🇧,2025,Male,ATHX,Endurance,,,,,
200,Dominik,Bulat,Dominik Bulat,Male,,,https://ui-avatars.com/api/?name=D+B&color=FFFFFF&background=000000,ATHX LONDON 2025,United Kingdom 🇬🇧,2025,Male,ATHX,Endurance,,,,,
201,Matt,Lewis,Matt Lewis,Male,,,https://ui-avatars.com/api/?name=M+L&color=FFFFFF&background=000000,ATHX LONDON 2025,United Kingdom 🇬🇧,2025,Male,ATHX,Endurance,,,,,
202,David,Dickie,David Dickie,Male,,,https://ui-avatars.com/api/?name=D+D&color=FFFFFF&background=000000,ATHX LONDON 2025,United Kingdom 🇬🇧,2025,Male,ATHX,Endurance,,,,,
203,Aaron,Bassett,Aaron Bassett,Male,,Manor,https://ui-avatars.com/api/?name=A+B&color=FFFFFF&background=000000,ATHX LONDON 2025,United Kingdom 🇬🇧,2025,Male,ATHX,Endurance,,,,,
204,Ethan,Greene,Ethan Greene,Male,,,https://ui-avatars.com/api/?name=E+G&color=FFFFFF&background=000000,ATHX LONDON 2025,United Kingdom 🇬🇧,2025,Male,ATHX,Endurance,,,,,
205,Grant,Walpole,Grant Walpole,Male,,,https://ui-avatars.com/api/?name=G+W&color=FFFFFF&background=000000,ATHX LONDON 2025,United Kingdom 🇬🇧,2025,Male,ATHX,Endurance,,,,,
206,Alex,Vinter,Alex Vinter,Male,,,https://ui-avatars.com/api/?name=A+V&color=FFFFFF&background=000000,ATHX LONDON 2025,United Kingdom 🇬🇧,2025,Male,ATHX,Endurance,,,,,
207,Chris,Bullough,Chris Bullough,Male,,,https://ui-avatars.com/api/?name=C+B&color=FFFFFF&background=000000,ATHX LONDON 2025,United Kingdom 🇬🇧,2025,Male,ATHX,Endurance,,,,,
208,John,Penny,John Penny,Male,,,https://ui-avatars.com/api/?name=J+P&color=FFFFFF&background=000000,ATHX LONDON 2025,United Kingdom 🇬🇧,2025,Male,ATHX,Endurance,,,,,
209,Juan,Olarieta,Juan Olarieta,Male,Argentina,,https://ui-avatars.com/api/?name=J+O&color=FFFFFF&background=000000,ATHX LONDON 2025,United Kingdom 🇬🇧,2025,Male,ATHX,Endurance,,,,,
210,Peter,Slater,Peter Slater,Male,,,https://ui-avatars.com/api/?name=P+S&color=FFFFFF&background=000000,ATHX LONDON 2025,United Kingdom 🇬🇧,2025,Male,ATHX,Endurance,,,,,
211,Germano,Cavallaro,Germano Cavallaro,Male,,,https://ui-avatars.com/api/?name=G+C&color=FFFFFF&background=000000,ATHX LONDON 2025,United Kingdom 🇬🇧,2025,Male,ATHX,Endurance,,,,,
212,Alberto,Parrado,Alberto Parrado,Male,,,https://athxgames.com/storage/profile-photos/gXnIf2yjaof85OLbarp0aLbHEaD5ayjlynwMUwvZ.jpg,ATHX LONDON 2025,United Kingdom 🇬🇧,2025,Male,ATHX,Endurance,,,,,
213,Ross,Clarke,Ross Clarke,Male,,,https://ui-avatars.com/api/?name=R+C&color=FFFFFF&background=000000,ATHX LONDON 2025,United Kingdom 🇬🇧,2025,Male,ATHX,Endurance,,,,,
213,Peter,Small,Peter Small,Male,,,https://ui-avatars.com/api/?name=P+S&color=FFFFFF&background=000000,ATHX LONDON 2025,United Kingdom 🇬🇧,2025,Male,ATHX,Endurance,,,,,
215,Tim,Cima,Tim Cima,Male,,,https://ui-avatars.com/api/?name=T+C&color=FFFFFF&background=000000,ATHX LONDON 2025,United Kingdom 🇬🇧,2025,Male,ATHX,Endurance,,,,,
216,Liam,Foweather,Liam Foweather,Male,United Kingdom,Marchon,https://ui-avatars.com/api/?name=L+F&color=FFFFFF&background=000000,ATHX LONDON 2025,United Kingdom 🇬🇧,2025,Male,ATHX,Endurance,,,,,
217,christopher,loisy,christopher loisy,Male,,,https://athxgames.com/storage/profile-photos/dUArgZnuij5jhaJKH1WvNqvbtU8MtL5wyXxEcn5i.jpg,ATHX LONDON 2025,United Kingdom 🇬🇧,2025,Male,ATHX,Endurance,,,,,
218,Alexandre,Diaz,Alexandre Diaz,Male,,,https://athxgames.com/storage/profile-photos/QGHd8tPMbERQipFF6pjbcqeASF2Ezr0n1SsZy6jk.jpg,ATHX LONDON 2025,United Kingdom 🇬🇧,2025,Male,ATHX,Endurance,,,,,
219,Adam,Bell,Adam Bell,Male,,,https://ui-avatars.com/api/?name=A+B&color=FFFFFF&background=000000,ATHX LONDON 2025,United Kingdom 🇬🇧,2025,Male,ATHX,Endurance,,,,,
220,Trevor,Draper,Trevor Draper,Male,,,https://ui-avatars.com/api/?name=T+D&color=FFFFFF&background=000000,ATHX LONDON 2025,United Kingdom 🇬🇧,2025,Male,ATHX,Endurance,,,,,
221,Jamie,Hall,Jamie Hall,Male,,,https://ui-avatars.com/api/?name=J+H&color=FFFFFF&background=000000,ATHX LONDON 2025,United Kingdom 🇬🇧,2025,Male,ATHX,Endurance,,,,,
222,Richard,Sandell,Richard Sandell,Male,,,https://ui-avatars.com/api/?name=R+S&color=FFFFFF&background=000000,ATHX LONDON 2025,United Kingdom 🇬🇧,2025,Male,ATHX,Endurance,,,,,
223,Christian,McCaffery,Christian McCaffery,Male,,,https://ui-avatars.com/api/?name=C+M&color=FFFFFF&background=000000,ATHX LONDON 2025,United Kingdom 🇬🇧,2025,Male,ATHX,Endurance,,,,,
224,SILVIO,MOLINARI,SILVIO MOLINARI,Male,,,https://ui-avatars.com/api/?name=S+M&color=FFFFFF&background=000000,ATHX LONDON 2025,United Kingdom 🇬🇧,2025,Male,ATHX,Endurance,,,,,
225,Chris,Sumner-Smith,Chris Sumner-Smith,Male,,,https://ui-avatars.com/api/?name=C+S&color=FFFFFF&background=000000,ATHX LONDON 2025,United Kingdom 🇬🇧,2025,Male,ATHX,Endurance,,,,,
226,Thomas,Symss,Thomas Symss,Male,,,https://ui-avatars.com/api/?name=T+S&color=FFFFFF&background=000000,ATHX LONDON 2025,United Kingdom 🇬🇧,2025,Male,ATHX,Endurance,,,,,
227,Dom,Tribuzio,Dom Tribuzio,Male,,,https://ui-avatars.com/api/?name=D+T&color=FFFFFF&background=000000,ATHX LONDON 2025,United Kingdom 🇬🇧,2025,Male,ATHX,Endurance,,,,,
228,Samuel,Akroum,Samuel Akroum,Male,,,https://ui-avatars.com/api/?name=S+A&color=FFFFFF&background=000000,ATHX LONDON 2025,United Kingdom 🇬🇧,2025,Male,ATHX,Endurance,,,,,
229,Francis,Bramble,Francis Bramble,Male,,Coached by Bramble,https://athxgames.com/storage/profile-photos/zEuEGN10kB8OSk2ROlyK6CmMBaY82QCKUMWwsTi5.jpg,ATHX LONDON 2025,United Kingdom 🇬🇧,2025,Male,ATHX,Endurance,,,,,
230,Ben,Jones,Ben Jones,Male,,,https://ui-avatars.com/api/?name=B+J&color=FFFFFF&background=000000,ATHX LONDON 2025,United Kingdom 🇬🇧,2025,Male,ATHX,Endurance,,,,,
231,Lee,Woodyard,Lee Woodyard,Male,,,https://ui-avatars.com/api/?name=L+W&color=FFFFFF&background=000000,ATHX LONDON 2025,United Kingdom 🇬🇧,2025,Male,ATHX,Endurance,,,,,
232,Tim,Hagon,Tim Hagon,Male,,,https://ui-avatars.com/api/?name=T+H&color=FFFFFF&background=000000,ATHX LONDON 2025,United Kingdom 🇬🇧,2025,Male,ATHX,Endurance,,,,,
233,Ben,Harwood,Ben Harwood,Male,,GWD,https://ui-avatars.com/api/?name=B+H&color=FFFFFF&background=000000,ATHX LONDON 2025,United Kingdom 🇬🇧,2025,Male,ATHX,Endurance,,,,,
234,Matthew,Clements,Matthew Clements,Male,,,https://ui-avatars.com/api/?name=M+C&color=FFFFFF&background=000000,ATHX LONDON 2025,United Kingdom 🇬🇧,2025,Male,ATHX,Endurance,,,,,
235,Liam,Demmon,Liam Demmon,Male,,,https://ui-avatars.com/api/?name=L+D&color=FFFFFF&background=000000,ATHX LONDON 2025,United Kingdom 🇬🇧,2025,Male,ATHX,Endurance,,,,,
236,Angus,Cross,Angus Cross,Male,,,https://ui-avatars.com/api/?name=A+C&color=FFFFFF&background=000000,ATHX LONDON 2025,United Kingdom 🇬🇧,2025,Male,ATHX,Endurance,,,,,
237,Luke,Rogers,Luke Rogers,Male,,,https://ui-avatars.com/api/?name=L+R&color=FFFFFF&background=000000,ATHX LONDON 2025,United Kingdom 🇬🇧,2025,Male,ATHX,Endurance,,,,,
238,Dan,Curtis,Dan Curtis,Male,United Kingdom,Crossfit Blackheath,https://ui-avatars.com/api/?name=D+C&color=FFFFFF&background=000000,ATHX LONDON 2025,United Kingdom 🇬🇧,2025,Male,ATHX,Endurance,,,,,
239,Simon,Pickett,Simon Pickett,Male,United Kingdom,NOMADS Training Club,https://ui-avatars.com/api/?name=S+P&color=FFFFFF&background=000000,ATHX LONDON 2025,United Kingdom 🇬🇧,2025,Male,ATHX,Endurance,,,,,
240,Michael,Bifulco,Michael Bifulco,Male,,,https://ui-avatars.com/api/?name=M+B&color=FFFFFF&background=000000,ATHX LONDON 2025,United Kingdom 🇬🇧,2025,Male,ATHX,Endurance,,,,,
241,Stuart,Lyall,Stuart Lyall,Male,,,https://ui-avatars.com/api/?name=S+L&color=FFFFFF&background=000000,ATHX LONDON 2025,United Kingdom 🇬🇧,2025,Male,ATHX,Endurance,,,,,
242,Tom,Shiel,Tom Shiel,Male,,,https://ui-avatars.com/api/?name=T+S&color=FFFFFF&background=000000,ATHX LONDON 2025,United Kingdom 🇬🇧,2025,Male,ATHX,Endurance,,,,,
243,Alex,Koumi,Alex Koumi,Male,,,https://ui-avatars.com/api/?name=A+K&color=FFFFFF&background=000000,ATHX LONDON 2025,United Kingdom 🇬🇧,2025,Male,ATHX,Endurance,,,,,
244,Thomas,Church,Thomas Church,Male,,,https://ui-avatars.com/api/?name=T+C&color=FFFFFF&background=000000,ATHX LONDON 2025,United Kingdom 🇬🇧,2025,Male,ATHX,Endurance,,,,,
245,Harry,Fricker,Harry Fricker,Male,,,https://ui-avatars.com/api/?name=H+F&color=FFFFFF&background=000000,ATHX LONDON 2025,United Kingdom 🇬🇧,2025,Male,ATHX,Endurance,,,,,
246,George,Downs-Wheeler,George Downs-Wheeler,Male,,,https://ui-avatars.com/api/?name=G+D&color=FFFFFF&background=000000,ATHX LONDON 2025,United Kingdom 🇬🇧,2025,Male,ATHX,Endurance,,,,,
247,Lloyd,d’Hotman de Villiers,Lloyd d’Hotman de Villiers,Male,,,https://ui-avatars.com/api/?name=L+d+d+V&color=FFFFFF&background=000000,ATHX LONDON 2025,United Kingdom 🇬🇧,2025,Male,ATHX,Endurance,,,,,
248,Kieran,McCafferty,Kieran McCafferty,Male,,,https://ui-avatars.com/api/?name=K+M&color=FFFFFF&background=000000,ATHX LONDON 2025,United Kingdom 🇬🇧,2025,Male,ATHX,Endurance,,,,,
248,Alan,Ramos,Alan Ramos,Male,,,https://ui-avatars.com/api/?name=A+R&color=FFFFFF&background=000000,ATHX LONDON 2025,United Kingdom 🇬🇧,2025,Male,ATHX,Endurance,,,,,
250,Chris,Pattison,Chris Pattison,Male,United Kingdom,Marchon,https://ui-avatars.com/api/?name=C+P&color=FFFFFF&background=000000,ATHX LONDON 2025,United Kingdom 🇬🇧,2025,Male,ATHX,Endurance,,,,,
251,Ben,Diaper,Ben Diaper,Male,,,https://ui-avatars.com/api/?name=B+D&color=FFFFFF&background=000000,ATHX LONDON 2025,United Kingdom 🇬🇧,2025,Male,ATHX,Endurance,,,,,
252,Patrick,Davies,Patrick Davies,Male,United Kingdom,The vault 164,https://ui-avatars.com/api/?name=P+D&color=FFFFFF&background=000000,ATHX LONDON 2025,United Kingdom 🇬🇧,2025,Male,ATHX,Endurance,,,,,
253,Alex,Stock,Alex Stock,Male,,,https://ui-avatars.com/api/?name=A+S&color=FFFFFF&background=000000,ATHX LONDON 2025,United Kingdom 🇬🇧,2025,Male,ATHX,Endurance,,,,,
254,Steve,Reynolds,Steve Reynolds,Male,,,https://athxgames.com/storage/profile-photos/kWccFmDzZIa56AqwfllbYo1OG1kQAY39xiDj9d0I.jpg,ATHX LONDON 2025,United Kingdom 🇬🇧,2025,Male,ATHX,Endurance,,,,,
255,Ciaran,Preston,Ciaran Preston,Male,,,https://ui-avatars.com/api/?name=C+P&color=FFFFFF&background=000000,ATHX LONDON 2025,United Kingdom 🇬🇧,2025,Male,ATHX,Endurance,,,,,
255,Ramsay,Black,Ramsay Black,Male,,,https://ui-avatars.com/api/?name=R+B&color=FFFFFF&background=000000,ATHX LONDON 2025,United Kingdom 🇬🇧,2025,Male,ATHX,Endurance,,,,,
257,Chris,Link,Chris Link,Male,United Kingdom,Chris Link,https://ui-avatars.com/api/?name=C+L&color=FFFFFF&background=000000,ATHX LONDON 2025,United Kingdom 🇬🇧,2025,Male,ATHX,Endurance,,,,,
257,Oliver,Ody,Oliver Ody,Male,,,https://ui-avatars.com/api/?name=O+O&color=FFFFFF&background=000000,ATHX LONDON 2025,United Kingdom 🇬🇧,2025,Male,ATHX,Endurance,,,,,
259,James,Salmon,James Salmon,Male,,,https://ui-avatars.com/api/?name=J+S&color=FFFFFF&background=000000,ATHX LONDON 2025,United Kingdom 🇬🇧,2025,Male,ATHX,Endurance,,,,,
259,Matthew,Holt,Matthew Holt,Male,,,https://ui-avatars.com/api/?name=M+H&color=FFFFFF&background=000000,ATHX LONDON 2025,United Kingdom 🇬🇧,2025,Male,ATHX,Endurance,,,,,
261,Peter,Vessey,Peter Vessey,Male,,,https://ui-avatars.com/api/?name=P+V&color=FFFFFF&background=000000,ATHX LONDON 2025,United Kingdom 🇬🇧,2025,Male,ATHX,Endurance,,,,,
262,Joseph,Richards,Joseph Richards,Male,,,https://ui-avatars.com/api/?name=J+R&color=FFFFFF&background=000000,ATHX LONDON 2025,United Kingdom 🇬🇧,2025,Male,ATHX,Endurance,,,,,
263,Carl,Smith,Carl Smith,Male,,,https://ui-avatars.com/api/?name=C+S&color=FFFFFF&background=000000,ATHX LONDON 2025,United Kingdom 🇬🇧,2025,Male,ATHX,Endurance,,,,,
263,Jamie,Burroughs,Jamie Burroughs,Male,,,https://ui-avatars.com/api/?name=J+B&color=FFFFFF&background=000000,ATHX LONDON 2025,United Kingdom 🇬🇧,2025,Male,ATHX,Endurance,,,,,
263,James,Stack,James Stack,Male,,,https://ui-avatars.com/api/?name=J+S&color=FFFFFF&background=000000,ATHX LONDON 2025,United Kingdom 🇬🇧,2025,Male,ATHX,Endurance,,,,,
266,James,Elway,James Elway,Male,,,https://ui-avatars.com/api/?name=J+E&color=FFFFFF&background=000000,ATHX LONDON 2025,United Kingdom 🇬🇧,2025,Male,ATHX,Endurance,,,,,
267,Zack,Farivarz,Zack Farivarz,Male,,,https://ui-avatars.com/api/?name=Z+F&color=FFFFFF&background=000000,ATHX LONDON 2025,United Kingdom 🇬🇧,2025,Male,ATHX,Endurance,,,,,
268,Matthew,Tebb,Matthew Tebb,Male,,,https://ui-avatars.com/api/?name=M+T&color=FFFFFF&background=000000,ATHX LONDON 2025,United Kingdom 🇬🇧,2025,Male,ATHX,Endurance,,,,,
269,Robbie,Martin,Robbie Martin,Male,,,https://ui-avatars.com/api/?name=R+M&color=FFFFFF&background=000000,ATHX LONDON 2025,United Kingdom 🇬🇧,2025,Male,ATHX,Endurance,,,,,
270,Adam,Knowles,Adam Knowles,Male,,,https://athxgames.com/storage/profile-photos/egWVCHL8ewbUKzhccoWnLVqzwjQtO9kxZV71HxBJ.jpg,ATHX LONDON 2025,United Kingdom 🇬🇧,2025,Male,ATHX,Endurance,,,,,
271,Paul,Sawyer,Paul Sawyer,Male,,,https://ui-avatars.com/api/?name=P+S&color=FFFFFF&background=000000,ATHX LONDON 2025,United Kingdom 🇬🇧,2025,Male,ATHX,Endurance,,,,,
272,Darren,Jones,Darren Jones,Male,,,https://ui-avatars.com/api/?name=D+J&color=FFFFFF&background=000000,ATHX LONDON 2025,United Kingdom 🇬🇧,2025,Male,ATHX,Endurance,,,,,
273,Michael,Stainer,Michael Stainer,Male,,,https://ui-avatars.com/api/?name=M+S&color=FFFFFF&background=000000,ATHX LONDON 2025,United Kingdom 🇬🇧,2025,Male,ATHX,Endurance,,,,,
273,Rick,von Kriegenbergh,Rick von Kriegenbergh,Male,,,https://ui-avatars.com/api/?name=R+v+K&color=FFFFFF&background=000000,ATHX LONDON 2025,United Kingdom 🇬🇧,2025,Male,ATHX,Endurance,,,,,
275,Ben,Scevity,Ben Scevity,Male,,,https://ui-avatars.com/api/?name=B+S&color=FFFFFF&background=000000,ATHX LONDON 2025,United Kingdom 🇬🇧,2025,Male,ATHX,Endurance,,,,,
276,Ronan,Francis,Ronan Francis,Male,,,https://ui-avatars.com/api/?name=R+F&color=FFFFFF&background=000000,ATHX LONDON 2025,United Kingdom 🇬🇧,2025,Male,ATHX,Endurance,,,,,
277,David,Hammond,David Hammond,Male,,,https://ui-avatars.com/api/?name=D+H&color=FFFFFF&background=000000,ATHX LONDON 2025,United Kingdom 🇬🇧,2025,Male,ATHX,Endurance,,,,,
278,Jack,Garforth,Jack Garforth,Male,,,https://ui-avatars.com/api/?name=J+G&color=FFFFFF&background=000000,ATHX LONDON 2025,United Kingdom 🇬🇧,2025,Male,ATHX,Endurance,,,,,
279,Rob,O'Neill,Rob O'Neill,Male,,,https://ui-avatars.com/api/?name=R+O&color=FFFFFF&background=000000,ATHX LONDON 2025,United Kingdom 🇬🇧,2025,Male,ATHX,Endurance,,,,,
280,Andy,Vincent,Andy Vincent,Male,,,https://ui-avatars.com/api/?name=A+V&color=FFFFFF&background=000000,ATHX LONDON 2025,United Kingdom 🇬🇧,2025,Male,ATHX,Endurance,,,,,
280,Danny,Mead,Danny Mead,Male,,,https://ui-avatars.com/api/?name=D+M&color=FFFFFF&background=000000,ATHX LONDON 2025,United Kingdom 🇬🇧,2025,Male,ATHX,Endurance,,,,,
282,Aaron,Edwards,Aaron Edwards,Male,,,https://ui-avatars.com/api/?name=A+E&color=FFFFFF&background=000000,ATHX LONDON 2025,United Kingdom 🇬🇧,2025,Male,ATHX,Endurance,,,,,
283,Scott,Lunnon,Scott Lunnon,Male,United Kingdom,GWD performance,https://ui-avatars.com/api/?name=S+L&color=FFFFFF&background=000000,ATHX LONDON 2025,United Kingdom 🇬🇧,2025,Male,ATHX,Endurance,,,,,
284,Jake,Ostrovskis,Jake Ostrovskis,Male,,,https://ui-avatars.com/api/?name=J+O&color=FFFFFF&background=000000,ATHX LONDON 2025,United Kingdom 🇬🇧,2025,Male,ATHX,Endurance,,,,,
285,Luis,Cortés,Luis Cortés,Male,,,https://ui-avatars.com/api/?name=L+C&color=FFFFFF&background=000000,ATHX LONDON 2025,United Kingdom 🇬🇧,2025,Male,ATHX,Endurance,,,,,
286,Milad,Banaei,Milad Banaei,Male,,,https://ui-avatars.com/api/?name=M+B&color=FFFFFF&background=000000,ATHX LONDON 2025,United Kingdom 🇬🇧,2025,Male,ATHX,Endurance,,,,,
287,Benjamin,Mair,Benjamin Mair,Male,United Kingdom,The vault 164,https://ui-avatars.com/api/?name=B+M&color=FFFFFF&background=000000,ATHX LONDON 2025,United Kingdom 🇬🇧,2025,Male,ATHX,Endurance,,,,,
288,Eoin,Cody,Eoin Cody,Male,,,https://ui-avatars.com/api/?name=E+C&color=FFFFFF&background=000000,ATHX LONDON 2025,United Kingdom 🇬🇧,2025,Male,ATHX,Endurance,,,,,
289,Conor,Monaghan,Conor Monaghan,Male,,,https://ui-avatars.com/api/?name=C+M&color=FFFFFF&background=000000,ATHX LONDON 2025,United Kingdom 🇬🇧,2025,Male,ATHX,Endurance,,,,,
290,steve,christophi,steve christophi,Male,,,https://ui-avatars.com/api/?name=s+c&color=FFFFFF&background=000000,ATHX LONDON 2025,United Kingdom 🇬🇧,2025,Male,ATHX,Endurance,,,,,
291,Paul,Peacock,Paul Peacock,Male,United Kingdom,Elevate,https://ui-avatars.com/api/?name=P+P&color=FFFFFF&background=000000,ATHX LONDON 2025,United Kingdom 🇬🇧,2025,Male,ATHX,Endurance,,,,,
291,Jack,Maclean,Jack Maclean,Male,,,https://ui-avatars.com/api/?name=J+M&color=FFFFFF&background=000000,ATHX LONDON 2025,United Kingdom 🇬🇧,2025,Male,ATHX,Endurance,,,,,
293,Ajay,Bhamra,Ajay Bhamra,Male,,,https://ui-avatars.com/api/?name=A+B&color=FFFFFF&background=000000,ATHX LONDON 2025,United Kingdom 🇬🇧,2025,Male,ATHX,Endurance,,,,,
294,Elliott,Jenkins,Elliott Jenkins,Male,,,https://ui-avatars.com/api/?name=E+J&color=FFFFFF&background=000000,ATHX LONDON 2025,United Kingdom 🇬🇧,2025,Male,ATHX,Endurance,,,,,
295,Sam,Cole,Sam Cole,Male,,,https://ui-avatars.com/api/?name=S+C&color=FFFFFF&background=000000,ATHX LONDON 2025,United Kingdom 🇬🇧,2025,Male,ATHX,Endurance,,,,,
296,Lee,Stephens,Lee Stephens,Male,United Kingdom,Physical Formula,https://athxgames.com/storage/profile-photos/NFvSN4kRIj5IDoNjKkotR1RDUQNJGaMlHRndY3Qy.jpg,ATHX LONDON 2025,United Kingdom 🇬🇧,2025,Male,ATHX,Endurance,,,,,
297,Tom,Ames-Greenall,Tom Ames-Greenall,Male,,,https://athxgames.com/storage/profile-photos/Xi7GlTkRiOBhiTB1pikDQnvMKLYWKuDxx4PsZaWi.jpg,ATHX LONDON 2025,United Kingdom 🇬🇧,2025,Male,ATHX,Endurance,,,,,
298,Oliver,Blake,Oliver Blake,Male,,,https://athxgames.com/storage/profile-photos/2MfzBm5pa578G2Jktjlp4Hikda1LF5lQRQChlkf1.jpg,ATHX LONDON 2025,United Kingdom 🇬🇧,2025,Male,ATHX,Endurance,,,,,
299,Hugh,Boyd-Lambley,Hugh Boyd-Lambley,Male,,,https://ui-avatars.com/api/?name=H+B&color=FFFFFF&background=000000,ATHX LONDON 2025,United Kingdom 🇬🇧,2025,Male,ATHX,Endurance,,,,,
300,Peter,Stevenson,Peter Stevenson,Male,,,https://ui-avatars.com/api/?name=P+S&color=FFFFFF&background=000000,ATHX LONDON 2025,United Kingdom 🇬🇧,2025,Male,ATHX,Endurance,,,,,
300,Andrew,Lines,Andrew Lines,Male,,,https://ui-avatars.com/api/?name=A+L&color=FFFFFF&background=000000,ATHX LONDON 2025,United Kingdom 🇬🇧,2025,Male,ATHX,Endurance,,,,,
302,Jack,Thompson,Jack Thompson,Male,,,https://ui-avatars.com/api/?name=J+T&color=FFFFFF&background=000000,ATHX LONDON 2025,United Kingdom 🇬🇧,2025,Male,ATHX,Endurance,,,,,
303,Dale,Johnson,Dale Johnson,Male,,,https://ui-avatars.com/api/?name=D+J&color=FFFFFF&background=000000,ATHX LONDON 2025,United Kingdom 🇬🇧,2025,Male,ATHX,Endurance,,,,,
303,Andrew,Reid,Andrew Reid,Male,,,https://ui-avatars.com/api/?name=A+R&color=FFFFFF&background=000000,ATHX LONDON 2025,United Kingdom 🇬🇧,2025,Male,ATHX,Endurance,,,,,
305,Guillaume,Brocart,Guillaume Brocart,Male,,,https://athxgames.com/storage/profile-photos/FXiYGBiabiLMEwlQvMbRECpm1PCBzsMaK4uq9rDZ.jpg,ATHX LONDON 2025,United Kingdom 🇬🇧,2025,Male,ATHX,Endurance,,,,,
306,Jason,Lee,Jason Lee,Male,,,https://ui-avatars.com/api/?name=J+L&color=FFFFFF&background=000000,ATHX LONDON 2025,United Kingdom 🇬🇧,2025,Male,ATHX,Endurance,,,,,
307,Chris,Borkloe,Chris Borkloe,Male,,,https://ui-avatars.com/api/?name=C+B&color=FFFFFF&background=000000,ATHX LONDON 2025,United Kingdom 🇬🇧,2025,Male,ATHX,Endurance,,,,,
308,Nathan,Moseby,Nathan Moseby,Male,,,https://ui-avatars.com/api/?name=N+M&color=FFFFFF&background=000000,ATHX LONDON 2025,United Kingdom 🇬🇧,2025,Male,ATHX,Endurance,,,,,
309,Jacob,Finney,Jacob Finney,Male,,,https://ui-avatars.com/api/?name=J+F&color=FFFFFF&background=000000,ATHX LONDON 2025,United Kingdom 🇬🇧,2025,Male,ATHX,Endurance,,,,,
310,Cameron,Neale,Cameron Neale,Male,,,https://ui-avatars.com/api/?name=C+N&color=FFFFFF&background=000000,ATHX LONDON 2025,United Kingdom 🇬🇧,2025,Male,ATHX,Endurance,,,,,
311,Kit,Timmis,Kit Timmis,Male,,,https://ui-avatars.com/api/?name=K+T&color=FFFFFF&background=000000,ATHX LONDON 2025,United Kingdom 🇬🇧,2025,Male,ATHX,Endurance,,,,,
312,Lloyd,Mcgregor,Lloyd Mcgregor,Male,United Kingdom,Vault 164,https://ui-avatars.com/api/?name=L+M&color=FFFFFF&background=000000,ATHX LONDON 2025,United Kingdom 🇬🇧,2025,Male,ATHX,Endurance,,,,,
313,Charlie,Brake,Charlie Brake,Male,,,https://ui-avatars.com/api/?name=C+B&color=FFFFFF&background=000000,ATHX LONDON 2025,United Kingdom 🇬🇧,2025,Male,ATHX,Endurance,,,,,
314,Vinnie,Martins,Vinnie Martins,Male,,,https://athxgames.com/storage/profile-photos/5y6UoH1ls2bOfZw4Df3M9jN2WNX9A7grGbgdkh4S.jpg,ATHX LONDON 2025,United Kingdom 🇬🇧,2025,Male,ATHX,Endurance,,,,,
315,Alec,Martin,Alec Martin,Male,,,https://ui-avatars.com/api/?name=A+M&color=FFFFFF&background=000000,ATHX LONDON 2025,United Kingdom 🇬🇧,2025,Male,ATHX,Endurance,,,,,
316,Myles,McNulty,Myles McNulty,Male,,,https://athxgames.com/storage/profile-photos/19588nLVKLS1AdyQtZ3GmwDZpQcjK1jgXLnwMzVU.jpg,ATHX LONDON 2025,United Kingdom 🇬🇧,2025,Male,ATHX,Endurance,,,,,
317,SAM,Berg,SAM Berg,Male,United Kingdom,Marchon,https://ui-avatars.com/api/?name=S+B&color=FFFFFF&background=000000,ATHX LONDON 2025,United Kingdom 🇬🇧,2025,Male,ATHX,Endurance,,,,,
318,Anth,Barella,Anth Barella,Male,United Kingdom,,https://athxgames.com/storage/profile-photos/ALnqC7ZFvJLR1c5RJHtTwOcEm8jTwJEIx05ojt5f.jpg,ATHX LONDON 2025,United Kingdom 🇬🇧,2025,Male,ATHX,Endurance,,,,,
319,Gabriel,Langford,Gabriel Langford,Male,,,https://ui-avatars.com/api/?name=G+L&color=FFFFFF&background=000000,ATHX LONDON 2025,United Kingdom 🇬🇧,2025,Male,ATHX,Endurance,,,,,
319,Alfred,Joy,Alfred Joy,Male,,,https://ui-avatars.com/api/?name=A+J&color=FFFFFF&background=000000,ATHX LONDON 2025,United Kingdom 🇬🇧,2025,Male,ATHX,Endurance,,,,,
321,Jonathan,Brooks-Bartlett,Jonathan Brooks-Bartlett,Male,United Kingdom,,https://ui-avatars.com/api/?name=J+B&color=FFFFFF&background=000000,ATHX LONDON 2025,United Kingdom 🇬🇧,2025,Male,ATHX,Endurance,,,,,
322,Ben,Ruddlesdin,Ben Ruddlesdin,Male,,,https://ui-avatars.com/api/?name=B+R&color=FFFFFF&background=000000,ATHX LONDON 2025,United Kingdom 🇬🇧,2025,Male,ATHX,Endurance,,,,,
323,Luis,Diaz Calvo,Luis Diaz Calvo,Male,,,https://ui-avatars.com/api/?name=L+D+C&color=FFFFFF&background=000000,ATHX LONDON 2025,United Kingdom 🇬🇧,2025,Male,ATHX,Endurance,,,,,
324,Barney,Aldridge,Barney Aldridge,Male,,,https://ui-avatars.com/api/?name=B+A&color=FFFFFF&background=000000,ATHX LONDON 2025,United Kingdom 🇬🇧,2025,Male,ATHX,Endurance,,,,,
325,Connor,Mclaren,Connor Mclaren,Male,,,https://ui-avatars.com/api/?name=C+M&color=FFFFFF&background=000000,ATHX LONDON 2025,United Kingdom 🇬🇧,2025,Male,ATHX,Endurance,,,,,
326,Jay,Bennett,Jay Bennett,Male,,,https://ui-avatars.com/api/?name=J+B&color=FFFFFF&background=000000,ATHX LONDON 2025,United Kingdom 🇬🇧,2025,Male,ATHX,Endurance,,,,,
327,Ignacio,Mancera Moreno,Ignacio Mancera Moreno,Male,Spain,The Wick,https://athxgames.com/storage/profile-photos/tKQPvRwhA0Leq61hgf2SD2SZVrt6J8zD5CLWxoyB.jpg,ATHX LONDON 2025,United Kingdom 🇬🇧,2025,Male,ATHX,Endurance,,,,,
328,Ed,Brown,Ed Brown,Male,,,https://ui-avatars.com/api/?name=E+B&color=FFFFFF&background=000000,ATHX LONDON 2025,United Kingdom 🇬🇧,2025,Male,ATHX,Endurance,,,,,
329,Tarik,Jones,Tarik Jones,Male,,,https://ui-avatars.com/api/?name=T+J&color=FFFFFF&background=000000,ATHX LONDON 2025,United Kingdom 🇬🇧,2025,Male,ATHX,Endurance,,,,,
330,elliott,rowland,elliott rowland,Male,,,https://ui-avatars.com/api/?name=e+r&color=FFFFFF&background=000000,ATHX LONDON 2025,United Kingdom 🇬🇧,2025,Male,ATHX,Endurance,,,,,
331,Saladin,Bell,Saladin Bell,Male,,,https://ui-avatars.com/api/?name=S+B&color=FFFFFF&background=000000,ATHX LONDON 2025,United Kingdom 🇬🇧,2025,Male,ATHX,Endurance,,,,,
331,Craig,Brown,Craig Brown,Male,,,https://ui-avatars.com/api/?name=C+B&color=FFFFFF&background=000000,ATHX LONDON 2025,United Kingdom 🇬🇧,2025,Male,ATHX,Endurance,,,,,
333,Mikey,Henry,Mikey Henry,Male,,,https://athxgames.com/storage/profile-photos/GqL6JXwxpoJighA5TLflcX1XqNbWAymBHYqx8tgz.jpg,ATHX LONDON 2025,United Kingdom 🇬🇧,2025,Male,ATHX,Endurance,,,,,
334,Ross,Taylor,Ross Taylor,Male,,,https://ui-avatars.com/api/?name=R+T&color=FFFFFF&background=000000,ATHX LONDON 2025,United Kingdom 🇬🇧,2025,Male,ATHX,Endurance,,,,,
335,Murray,Ringrose,Murray Ringrose,Male,,,https://ui-avatars.com/api/?name=M+R&color=FFFFFF&background=000000,ATHX LONDON 2025,United Kingdom 🇬🇧,2025,Male,ATHX,Endurance,,,,,
336,Kevin,Jeffrey,Kevin Jeffrey,Male,,,https://athxgames.com/storage/profile-photos/6PwqqX2PaZ0JLViHQK0wHJ1XpXRCtDod3egJtWSV.png,ATHX LONDON 2025,United Kingdom 🇬🇧,2025,Male,ATHX,Endurance,,,,,
337,Faith Kazadi,Tshibingu,Faith Kazadi Tshibingu,Male,South Africa,BFT East Croydon,https://ui-avatars.com/api/?name=F+K+T&color=FFFFFF&background=000000,ATHX LONDON 2025,United Kingdom 🇬🇧,2025,Male,ATHX,Endurance,,,,,
337,Daniel,Jones,Daniel Jones,Male,,,https://ui-avatars.com/api/?name=D+J&color=FFFFFF&background=000000,ATHX LONDON 2025,United Kingdom 🇬🇧,2025,Male,ATHX,Endurance,,,,,
339,Allen,Walker,Allen Walker,Male,,,https://ui-avatars.com/api/?name=A+W&color=FFFFFF&background=000000,ATHX LONDON 2025,United Kingdom 🇬🇧,2025,Male,ATHX,Endurance,,,,,
340,Nick,Barber,Nick Barber,Male,,,https://ui-avatars.com/api/?name=N+B&color=FFFFFF&background=000000,ATHX LONDON 2025,United Kingdom 🇬🇧,2025,Male,ATHX,Endurance,,,,,
341,Mina,Gadulla,Mina Gadulla,Male,,,https://ui-avatars.com/api/?name=M+G&color=FFFFFF&background=000000,ATHX LONDON 2025,United Kingdom 🇬🇧,2025,Male,ATHX,Endurance,,,,,
342,Scott,Firman,Scott Firman,Male,,,https://ui-avatars.com/api/?name=S+F&color=FFFFFF&background=000000,ATHX LONDON 2025,United Kingdom 🇬🇧,2025,Male,ATHX,Endurance,,,,,
343,Leon,Osborne,Leon Osborne,Male,,,https://ui-avatars.com/api/?name=L+O&color=FFFFFF&background=000000,ATHX LONDON 2025,United Kingdom 🇬🇧,2025,Male,ATHX,Endurance,,,,,
344,Jack,Heneghan,Jack Heneghan,Male,United Kingdom,,https://ui-avatars.com/api/?name=J+H&color=FFFFFF&background=000000,ATHX LONDON 2025,United Kingdom 🇬🇧,2025,Male,ATHX,Endurance,,,,,
345,Dan,Ayre,Dan Ayre,Male,,,https://ui-avatars.com/api/?name=D+A&color=FFFFFF&background=000000,ATHX LONDON 2025,United Kingdom 🇬🇧,2025,Male,ATHX,Endurance,,,,,
346,Ben,Kimber,Ben Kimber,Male,,,https://ui-avatars.com/api/?name=B+K&color=FFFFFF&background=000000,ATHX LONDON 2025,United Kingdom 🇬🇧,2025,Male,ATHX,Endurance,,,,,
346,Charbel,Ghossain Arana,Charbel Ghossain Arana,Male,United Kingdom,Third Space,https://ui-avatars.com/api/?name=C+G+A&color=FFFFFF&background=000000,ATHX LONDON 2025,United Kingdom 🇬🇧,2025,Male,ATHX,Endurance,,,,,
348,Jamie,Wooffitt,Jamie Wooffitt,Male,,,https://ui-avatars.com/api/?name=J+W&color=FFFFFF&background=000000,ATHX LONDON 2025,United Kingdom 🇬🇧,2025,Male,ATHX,Endurance,,,,,
349,Anthony,Evans,Anthony Evans,Male,,,https://ui-avatars.com/api/?name=A+E&color=FFFFFF&background=000000,ATHX LONDON 2025,United Kingdom 🇬🇧,2025,Male,ATHX,Endurance,,,,,
350,David,Barry,David Barry,Male,,,https://ui-avatars.com/api/?name=D+B&color=FFFFFF&background=000000,ATHX LONDON 2025,United Kingdom 🇬🇧,2025,Male,ATHX,Endurance,,,,,
351,Archie,Davison,Archie Davison,Male,United Kingdom,One leisure Out Gym,https://ui-avatars.com/api/?name=A+D&color=FFFFFF&background=000000,ATHX LONDON 2025,United Kingdom 🇬🇧,2025,Male,ATHX,Endurance,,,,,
352,Mark,Kelly,Mark Kelly,Male,,TTZ WELWYN,https://ui-avatars.com/api/?name=M+K&color=FFFFFF&background=000000,ATHX LONDON 2025,United Kingdom 🇬🇧,2025,Male,ATHX,Endurance,,,,,
353,Shree,Nathoo,Shree Nathoo,Male,United Kingdom,Invictus Fitness,https://ui-avatars.com/api/?name=S+N&color=FFFFFF&background=000000,ATHX LONDON 2025,United Kingdom 🇬🇧,2025,Male,ATHX,Endurance,,,,,
354,Jolyon,White,Jolyon White,Male,,,https://ui-avatars.com/api/?name=J+W&color=FFFFFF&background=000000,ATHX LONDON 2025,United Kingdom 🇬🇧,2025,Male,ATHX,Endurance,,,,,
355,Stuart,Pannell,Stuart Pannell,Male,,,https://ui-avatars.com/api/?name=S+P&color=FFFFFF&background=000000,ATHX LONDON 2025,United Kingdom 🇬🇧,2025,Male,ATHX,Endurance,,,,,
356,Liam,Newman,Liam Newman,Male,,,https://ui-avatars.com/api/?name=L+N&color=FFFFFF&background=000000,ATHX LONDON 2025,United Kingdom 🇬🇧,2025,Male,ATHX,Endurance,,,,,
357,Hamish,Orr Ewing,Hamish Orr Ewing,Male,,,https://ui-avatars.com/api/?name=H+O+E&color=FFFFFF&background=000000,ATHX LONDON 2025,United Kingdom 🇬🇧,2025,Male,ATHX,Endurance,,,,,
357,Tom,Lippitt,Tom Lippitt,Male,,,https://ui-avatars.com/api/?name=T+L&color=FFFFFF&background=000000,ATHX LONDON 2025,United Kingdom 🇬🇧,2025,Male,ATHX,Endurance,,,,,
359,Callum,Ellis,Callum Ellis,Male,,,https://ui-avatars.com/api/?name=C+E&color=FFFFFF&background=000000,ATHX LONDON 2025,United Kingdom 🇬🇧,2025,Male,ATHX,Endurance,,,,,
360,Harry,Taylor,Harry Taylor,Male,,,https://ui-avatars.com/api/?name=H+T&color=FFFFFF&background=000000,ATHX LONDON 2025,United Kingdom 🇬🇧,2025,Male,ATHX,Endurance,,,,,
361,Luke,Harvey,Luke Harvey,Male,,,https://ui-avatars.com/api/?name=L+H&color=FFFFFF&background=000000,ATHX LONDON 2025,United Kingdom 🇬🇧,2025,Male,ATHX,Endurance,,,,,
362,Luke,Ward,Luke Ward,Male,,,https://ui-avatars.com/api/?name=L+W&color=FFFFFF&background=000000,ATHX LONDON 2025,United Kingdom 🇬🇧,2025,Male,ATHX,Endurance,,,,,
363,Daniel,BUCKROSS,Daniel BUCKROSS,Male,,,https://ui-avatars.com/api/?name=D+B&color=FFFFFF&background=000000,ATHX LONDON 2025,United Kingdom 🇬🇧,2025,Male,ATHX,Endurance,,,,,
364,David,Garry,David Garry,Male,,,https://ui-avatars.com/api/?name=D+G&color=FFFFFF&background=000000,ATHX LONDON 2025,United Kingdom 🇬🇧,2025,Male,ATHX,Endurance,,,,,
365,Patryk,Proniewicz,Patryk Proniewicz,Male,,,https://ui-avatars.com/api/?name=P+P&color=FFFFFF&background=000000,ATHX LONDON 2025,United Kingdom 🇬🇧,2025,Male,ATHX,Endurance,,,,,
366,Nick,Sharp,Nick Sharp,Male,,,https://ui-avatars.com/api/?name=N+S&color=FFFFFF&background=000000,ATHX LONDON 2025,United Kingdom 🇬🇧,2025,Male,ATHX,Endurance,,,,,
367,Adam,Fung,Adam Fung,Male,,,https://ui-avatars.com/api/?name=A+F&color=FFFFFF&background=000000,ATHX LONDON 2025,United Kingdom 🇬🇧,2025,Male,ATHX,Endurance,,,,,
368,Adam,O’Reilly,Adam O’Reilly,Male,,,https://ui-avatars.com/api/?name=A+O&color=FFFFFF&background=000000,ATHX LONDON 2025,United Kingdom 🇬🇧,2025,Male,ATHX,Endurance,,,,,
369,Adrian,Gray,Adrian Gray,Male,United Kingdom,Stockbrook,https://ui-avatars.com/api/?name=A+G&color=FFFFFF&background=000000,ATHX LONDON 2025,United Kingdom 🇬🇧,2025,Male,ATHX,Endurance,,,,,
370,Mark,Lynch,Mark Lynch,Male,,,https://ui-avatars.com/api/?name=M+L&color=FFFFFF&background=000000,ATHX LONDON 2025,United Kingdom 🇬🇧,2025,Male,ATHX,Endurance,,,,,
370,Jason,Agate,Jason Agate,Male,,,https://ui-avatars.com/api/?name=J+A&color=FFFFFF&background=000000,ATHX LONDON 2025,United Kingdom 🇬🇧,2025,Male,ATHX,Endurance,,,,,
372,David,Such,David Such,Male,,,https://ui-avatars.com/api/?name=D+S&color=FFFFFF&background=000000,ATHX LONDON 2025,United Kingdom 🇬🇧,2025,Male,ATHX,Endurance,,,,,
373,John,Wooding,John Wooding,Male,,,https://ui-avatars.com/api/?name=J+W&color=FFFFFF&background=000000,ATHX LONDON 2025,United Kingdom 🇬🇧,2025,Male,ATHX,Endurance,,,,,
374,Ert,Erol,Ert Erol,Male,,,https://ui-avatars.com/api/?name=E+E&color=FFFFFF&background=000000,ATHX LONDON 2025,United Kingdom 🇬🇧,2025,Male,ATHX,Endurance,,,,,
375,Paul,Wookey,Paul Wookey,Male,,,https://ui-avatars.com/api/?name=P+W&color=FFFFFF&background=000000,ATHX LONDON 2025,United Kingdom 🇬🇧,2025,Male,ATHX,Endurance,,,,,
376,Steve,Perry-Dehaney,Steve Perry-Dehaney,Male,,,https://ui-avatars.com/api/?name=S+P&color=FFFFFF&background=000000,ATHX LONDON 2025,United Kingdom 🇬🇧,2025,Male,ATHX,Endurance,,,,,
376,Adam,Hemming,Adam Hemming,Male,,,https://ui-avatars.com/api/?name=A+H&color=FFFFFF&background=000000,ATHX LONDON 2025,United Kingdom 🇬🇧,2025,Male,ATHX,Endurance,,,,,
378,Leon,Copeland,Leon Copeland,Male,,,https://athxgames.com/storage/profile-photos/P5iHNWuRmjZWzCbvNNYfdMZm6jvLmrTbURAHZLV8.jpg,ATHX LONDON 2025,United Kingdom 🇬🇧,2025,Male,ATHX,Endurance,,,,,
378,Joel,Roystom,Joel Roystom,Male,,,https://ui-avatars.com/api/?name=J+R&color=FFFFFF&background=000000,ATHX LONDON 2025,United Kingdom 🇬🇧,2025,Male,ATHX,Endurance,,,,,
380,Matt,Bell,Matt Bell,Male,,,https://ui-avatars.com/api/?name=M+B&color=FFFFFF&background=000000,ATHX LONDON 2025,United Kingdom 🇬🇧,2025,Male,ATHX,Endurance,,,,,
381,Tom,Palin,Tom Palin,Male,,,https://ui-avatars.com/api/?name=T+P&color=FFFFFF&background=000000,ATHX LONDON 2025,United Kingdom 🇬🇧,2025,Male,ATHX,Endurance,,,,,
382,Rob,Brown,Rob Brown,Male,,,https://ui-avatars.com/api/?name=R+B&color=FFFFFF&background=000000,ATHX LONDON 2025,United Kingdom 🇬🇧,2025,Male,ATHX,Endurance,,,,,
383,Helder,Nogueira,Helder Nogueira,Male,Portugal,Shredquarters,https://athxgames.com/storage/profile-photos/kkRN1Raf4HVanJ99PkeAASD1cns1uzQlW9lBLZLI.jpg,ATHX LONDON 2025,United Kingdom 🇬🇧,2025,Male,ATHX,Endurance,,,,,
384,Reece,Dyer,Reece Dyer,Male,,,https://ui-avatars.com/api/?name=R+D&color=FFFFFF&background=000000,ATHX LONDON 2025,United Kingdom 🇬🇧,2025,Male,ATHX,Endurance,,,,,
385,Lee,Bonnett,Lee Bonnett,Male,,,https://ui-avatars.com/api/?name=L+B&color=FFFFFF&background=000000,ATHX LONDON 2025,United Kingdom 🇬🇧,2025,Male,ATHX,Endurance,,,,,
386,Milen,Milushev,Milen Milushev,Male,,,https://ui-avatars.com/api/?name=M+M&color=FFFFFF&background=000000,ATHX LONDON 2025,United Kingdom 🇬🇧,2025,Male,ATHX,Endurance,,,,,
387,Nathan,Chisholm,Nathan Chisholm,Male,,,https://ui-avatars.com/api/?name=N+C&color=FFFFFF&background=000000,ATHX LONDON 2025,United Kingdom 🇬🇧,2025,Male,ATHX,Endurance,,,,,
388,Jordan,McCabe,Jordan McCabe,Male,,,https://ui-avatars.com/api/?name=J+M&color=FFFFFF&background=000000,ATHX LONDON 2025,United Kingdom 🇬🇧,2025,Male,ATHX,Endurance,,,,,
389,Adam,Newman,Adam Newman,Male,,,https://ui-avatars.com/api/?name=A+N&color=FFFFFF&background=000000,ATHX LONDON 2025,United Kingdom 🇬🇧,2025,Male,ATHX,Endurance,,,,,
389,GREGORI,APERS,GREGORI APERS,Male,,,https://ui-avatars.com/api/?name=G+A&color=FFFFFF&background=000000,ATHX LONDON 2025,United Kingdom 🇬🇧,2025,Male,ATHX,Endurance,,,,,
391,Simon,Mooi,Simon Mooi,Male,,,https://ui-avatars.com/api/?name=S+M&color=FFFFFF&background=000000,ATHX LONDON 2025,United Kingdom 🇬🇧,2025,Male,ATHX,Endurance,,,,,
392,Mike,Creamer,Mike Creamer,Male,United Kingdom,Ovrload,https://ui-avatars.com/api/?name=M+C&color=FFFFFF&background=000000,ATHX LONDON 2025,United Kingdom 🇬🇧,2025,Male,ATHX,Endurance,,,,,
393,Taylor,Nunn,Taylor Nunn,Male,,,https://athxgames.com/storage/profile-photos/DYejuQew6BkHVVeOlFzOhhawQT1LcbGlEvfhLfWC.png,ATHX LONDON 2025,United Kingdom 🇬🇧,2025,Male,ATHX,Endurance,,,,,
394,Mark,Beauchamp,Mark Beauchamp,Male,,,https://ui-avatars.com/api/?name=M+B&color=FFFFFF&background=000000,ATHX LONDON 2025,United Kingdom 🇬🇧,2025,Male,ATHX,Endurance,,,,,
395,Desmond,Jemwa,Desmond Jemwa,Male,,,https://ui-avatars.com/api/?name=D+J&color=FFFFFF&background=000000,ATHX LONDON 2025,United Kingdom 🇬🇧,2025,Male,ATHX,Endurance,,,,,
396,Billy,Brown,Billy Brown,Male,United Kingdom,Dual Strength & Fitness,https://athxgames.com/storage/profile-photos/t8EkikOXXxoqjCFcJaWJ2z6vMycFDNPz5A4iUKUU.jpg,ATHX LONDON 2025,United Kingdom 🇬🇧,2025,Male,ATHX,Endurance,,,,,
397,Elliott,Fowler,Elliott Fowler,Male,United Kingdom,CTPT,https://ui-avatars.com/api/?name=E+F&color=FFFFFF&background=000000,ATHX LONDON 2025,United Kingdom 🇬🇧,2025,Male,ATHX,Endurance,,,,,
398,Dan,Foreman,Dan Foreman,Male,,,https://ui-avatars.com/api/?name=D+F&color=FFFFFF&background=000000,ATHX LONDON 2025,United Kingdom 🇬🇧,2025,Male,ATHX,Endurance,,,,,
399,David,Rolo,David Rolo,Male,,,https://ui-avatars.com/api/?name=D+R&color=FFFFFF&background=000000,ATHX LONDON 2025,United Kingdom 🇬🇧,2025,Male,ATHX,Endurance,,,,,
400,Morgan,Rees,Morgan Rees,Male,,,https://ui-avatars.com/api/?name=M+R&color=FFFFFF&background=000000,ATHX LONDON 2025,United Kingdom 🇬🇧,2025,Male,ATHX,Endurance,,,,,
401,Ralph,Smith,Ralph Smith,Male,,,https://ui-avatars.com/api/?name=R+S&color=FFFFFF&background=000000,ATHX LONDON 2025,United Kingdom 🇬🇧,2025,Male,ATHX,Endurance,,,,,
402,Kevin,Keiley,Kevin Keiley,Male,,,https://ui-avatars.com/api/?name=K+K&color=FFFFFF&background=000000,ATHX LONDON 2025,United Kingdom 🇬🇧,2025,Male,ATHX,Endurance,,,,,
403,Ali,Walker,Ali Walker,Male,,,https://ui-avatars.com/api/?name=A+W&color=FFFFFF&background=000000,ATHX LONDON 2025,United Kingdom 🇬🇧,2025,Male,ATHX,Endurance,,,,,
404,Craig,Windsor,Craig Windsor,Male,United Kingdom,Dan Jones Academy,https://ui-avatars.com/api/?name=C+W&color=FFFFFF&background=000000,ATHX LONDON 2025,United Kingdom 🇬🇧,2025,Male,ATHX,Endurance,,,,,
405,James,Rann,James Rann,Male,,,https://ui-avatars.com/api/?name=J+R&color=FFFFFF&background=000000,ATHX LONDON 2025,United Kingdom 🇬🇧,2025,Male,ATHX,Endurance,,,,,
406,Alan,Hutchison,Alan Hutchison,Male,,,https://athxgames.com/storage/profile-photos/09svekKzN5TMwT6EWmXgcj1JuanA1cTrGO6F04i0.jpg,ATHX LONDON 2025,United Kingdom 🇬🇧,2025,Male,ATHX,Endurance,,,,,
407,JESUTHASAN FRANCIS,Firath,JESUTHASAN FRANCIS Firath,Male,,,https://ui-avatars.com/api/?name=J+F+F&color=FFFFFF&background=000000,ATHX LONDON 2025,United Kingdom 🇬🇧,2025,Male,ATHX,Endurance,,,,,
408,Neil,Marsh,Neil Marsh,Male,,,https://ui-avatars.com/api/?name=N+M&color=FFFFFF&background=000000,ATHX LONDON 2025,United Kingdom 🇬🇧,2025,Male,ATHX,Endurance,,,,,
409,Hiten,Joshi,Hiten Joshi,Male,,,https://ui-avatars.com/api/?name=H+J&color=FFFFFF&background=000000,ATHX LONDON 2025,United Kingdom 🇬🇧,2025,Male,ATHX,Endurance,,,,,
409,Daniel,Granger,Daniel Granger,Male,,,https://ui-avatars.com/api/?name=D+G&color=FFFFFF&background=000000,ATHX LONDON 2025,United Kingdom 🇬🇧,2025,Male,ATHX,Endurance,,,,,
411,Harry,Wallis,Harry Wallis,Male,United Kingdom,Brigade,https://ui-avatars.com/api/?name=H+W&color=FFFFFF&background=000000,ATHX LONDON 2025,United Kingdom 🇬🇧,2025,Male,ATHX,Endurance,,,,,
412,Aran,Channa,Aran Channa,Male,,,https://ui-avatars.com/api/?name=A+C&color=FFFFFF&background=000000,ATHX LONDON 2025,United Kingdom 🇬🇧,2025,Male,ATHX,Endurance,,,,,
412,Jonathan,Sparkes,Jonathan Sparkes,Male,,,https://athxgames.com/storage/profile-photos/6N0uj5x7wZaIgXHSI3jdpoMMKF2RFBi7fiHPik2Z.jpg,ATHX LONDON 2025,United Kingdom 🇬🇧,2025,Male,ATHX,Endurance,,,,,
414,Ed,McKenzie,Ed McKenzie,Male,,,https://ui-avatars.com/api/?name=E+M&color=FFFFFF&background=000000,ATHX LONDON 2025,United Kingdom 🇬🇧,2025,Male,ATHX,Endurance,,,,,
415,Richard,Dickson-Lowe,Richard Dickson-Lowe,Male,,,https://ui-avatars.com/api/?name=R+D&color=FFFFFF&background=000000,ATHX LONDON 2025,United Kingdom 🇬🇧,2025,Male,ATHX,Endurance,,,,,
416,Nick,Tasker,Nick Tasker,Male,,,https://ui-avatars.com/api/?name=N+T&color=FFFFFF&background=000000,ATHX LONDON 2025,United Kingdom 🇬🇧,2025,Male,ATHX,Endurance,,,,,
417,Kishan,Patel,Kishan Patel,Male,,,https://ui-avatars.com/api/?name=K+P&color=FFFFFF&background=000000,ATHX LONDON 2025,United Kingdom 🇬🇧,2025,Male,ATHX,Endurance,,,,,
418,Chris,Harman,Chris Harman,Male,,,https://ui-avatars.com/api/?name=C+H&color=FFFFFF&background=000000,ATHX LONDON 2025,United Kingdom 🇬🇧,2025,Male,ATHX,Endurance,,,,,
419,Simeon,Dukic,Simeon Dukic,Male,,,https://ui-avatars.com/api/?name=S+D&color=FFFFFF&background=000000,ATHX LONDON 2025,United Kingdom 🇬🇧,2025,Male,ATHX,Endurance,,,,,
420,Dan,Clowes,Dan Clowes,Male,,,https://ui-avatars.com/api/?name=D+C&color=FFFFFF&background=000000,ATHX LONDON 2025,United Kingdom 🇬🇧,2025,Male,ATHX,Endurance,,,,,
421,Cooper,Gilmour,Cooper Gilmour,Male,,,https://ui-avatars.com/api/?name=C+G&color=FFFFFF&background=000000,ATHX LONDON 2025,United Kingdom 🇬🇧,2025,Male,ATHX,Endurance,,,,,
422,Josh,Blunt,Josh Blunt,Male,,,https://ui-avatars.com/api/?name=J+B&color=FFFFFF&background=000000,ATHX LONDON 2025,United Kingdom 🇬🇧,2025,Male,ATHX,Endurance,,,,,
423,Andrew,Cockrell,Andrew Cockrell,Male,,,https://ui-avatars.com/api/?name=A+C&color=FFFFFF&background=000000,ATHX LONDON 2025,United Kingdom 🇬🇧,2025,Male,ATHX,Endurance,,,,,
424,Alfred,Leutl,Alfred Leutl,Male,Austria,Das Gym,https://ui-avatars.com/api/?name=A+L&color=FFFFFF&background=000000,ATHX LONDON 2025,United Kingdom 🇬🇧,2025,Male,ATHX,Endurance,,,,,
425,Dillon,Thomas,Dillon Thomas,Male,,,https://ui-avatars.com/api/?name=D+T&color=FFFFFF&background=000000,ATHX LONDON 2025,United Kingdom 🇬🇧,2025,Male,ATHX,Endurance,,,,,
426,Jordan,Roberts,Jordan Roberts,Male,,,https://ui-avatars.com/api/?name=J+R&color=FFFFFF&background=000000,ATHX LONDON 2025,United Kingdom 🇬🇧,2025,Male,ATHX,Endurance,,,,,
427,Christopher,Pauli,Christopher Pauli,Male,,,https://ui-avatars.com/api/?name=C+P&color=FFFFFF&background=000000,ATHX LONDON 2025,United Kingdom 🇬🇧,2025,Male,ATHX,Endurance,,,,,
427,Scott,Reid,Scott Reid,Male,,,https://ui-avatars.com/api/?name=S+R&color=FFFFFF&background=000000,ATHX LONDON 2025,United Kingdom 🇬🇧,2025,Male,ATHX,Endurance,,,,,
429,Aaron,Houlihan,Aaron Houlihan,Male,,,https://ui-avatars.com/api/?name=A+H&color=FFFFFF&background=000000,ATHX LONDON 2025,United Kingdom 🇬🇧,2025,Male,ATHX,Endurance,,,,,
430,James,Williams,James Williams,Male,,,https://ui-avatars.com/api/?name=J+W&color=FFFFFF&background=000000,ATHX LONDON 2025,United Kingdom 🇬🇧,2025,Male,ATHX,Endurance,,,,,
431,Chris,Cramer,Chris Cramer,Male,,,https://ui-avatars.com/api/?name=C+C&color=FFFFFF&background=000000,ATHX LONDON 2025,United Kingdom 🇬🇧,2025,Male,ATHX,Endurance,,,,,
432,Neil,Thompson,Neil Thompson,Male,,,https://ui-avatars.com/api/?name=N+T&color=FFFFFF&background=000000,ATHX LONDON 2025,United Kingdom 🇬🇧,2025,Male,ATHX,Endurance,,,,,
433,Nana,Osei,Nana Osei,Male,,,https://ui-avatars.com/api/?name=N+O&color=FFFFFF&background=000000,ATHX LONDON 2025,United Kingdom 🇬🇧,2025,Male,ATHX,Endurance,,,,,
434,Richard,James,Richard James,Male,United Kingdom,The Park,https://ui-avatars.com/api/?name=R+J&color=FFFFFF&background=000000,ATHX LONDON 2025,United Kingdom 🇬🇧,2025,Male,ATHX,Endurance,,,,,
434,Stephen,Ross-Shields,Stephen Ross-Shields,Male,Ireland,Gymnasium,https://ui-avatars.com/api/?name=S+R&color=FFFFFF&background=000000,ATHX LONDON 2025,United Kingdom 🇬🇧,2025,Male,ATHX,Endurance,,,,,
436,Dan,Coles,Dan Coles,Male,,,https://ui-avatars.com/api/?name=D+C&color=FFFFFF&background=000000,ATHX LONDON 2025,United Kingdom 🇬🇧,2025,Male,ATHX,Endurance,,,,,
437,Kio,Apaloo,Kio Apaloo,Male,,,https://ui-avatars.com/api/?name=K+A&color=FFFFFF&background=000000,ATHX LONDON 2025,United Kingdom 🇬🇧,2025,Male,ATHX,Endurance,,,,,
438,Edward,Weeden,Edward Weeden,Male,,,https://athxgames.com/storage/profile-photos/mBGEt7bAeF74bUEjcf584OiLEMFmqRah6PwJYx4k.jpg,ATHX LONDON 2025,United Kingdom 🇬🇧,2025,Male,ATHX,Endurance,,,,,
439,Page,Barrington,Page Barrington,Male,,,https://ui-avatars.com/api/?name=P+B&color=FFFFFF&background=000000,ATHX LONDON 2025,United Kingdom 🇬🇧,2025,Male,ATHX,Endurance,,,,,
440,Paul,Simmons,Paul Simmons,Male,,,https://ui-avatars.com/api/?name=P+S&color=FFFFFF&background=000000,ATHX LONDON 2025,United Kingdom 🇬🇧,2025,Male,ATHX,Endurance,,,,,
441,Andy,Woodcock,Andy Woodcock,Male,,,https://ui-avatars.com/api/?name=A+W&color=FFFFFF&background=000000,ATHX LONDON 2025,United Kingdom 🇬🇧,2025,Male,ATHX,Endurance,,,,,
442,Pedro Henrique,Bernardes,Pedro Henrique Bernardes,Male,Italy,Gymnasium Brixton,https://athxgames.com/storage/profile-photos/6bO0xkIBxXKyZ2cdbY1X288CVno21sCoKyAInTrN.jpg,ATHX LONDON 2025,United Kingdom 🇬🇧,2025,Male,ATHX,Endurance,,,,,
443,Tony,Noble,Tony Noble,Male,,,https://ui-avatars.com/api/?name=T+N&color=FFFFFF&background=000000,ATHX LONDON 2025,United Kingdom 🇬🇧,2025,Male,ATHX,Endurance,,,,,
443,William,Brown,William Brown,Male,,,https://ui-avatars.com/api/?name=W+B&color=FFFFFF&background=000000,ATHX LONDON 2025,United Kingdom 🇬🇧,2025,Male,ATHX,Endurance,,,,,
445,Mams,Sowe,Mams Sowe,Male,,,https://ui-avatars.com/api/?name=M+S&color=FFFFFF&background=000000,ATHX LONDON 2025,United Kingdom 🇬🇧,2025,Male,ATHX,Endurance,,,,,
446,Peter,Higgins,Peter Higgins,Male,United Kingdom,,https://ui-avatars.com/api/?name=P+H&color=FFFFFF&background=000000,ATHX LONDON 2025,United Kingdom 🇬🇧,2025,Male,ATHX,Endurance,,,,,
446,Will,Pate,Will Pate,Male,,,https://ui-avatars.com/api/?name=W+P&color=FFFFFF&background=000000,ATHX LONDON 2025,United Kingdom 🇬🇧,2025,Male,ATHX,Endurance,,,,,
448,Kassim,Esene,Kassim Esene,Male,,,https://ui-avatars.com/api/?name=K+E&color=FFFFFF&background=000000,ATHX LONDON 2025,United Kingdom 🇬🇧,2025,Male,ATHX,Endurance,,,,,
449,Chris,Hengeveld,Chris Hengeveld,Male,,,https://ui-avatars.com/api/?name=C+H&color=FFFFFF&background=000000,ATHX LONDON 2025,United Kingdom 🇬🇧,2025,Male,ATHX,Endurance,,,,,
450,Mitch,Richards,Mitch Richards,Male,,,https://ui-avatars.com/api/?name=M+R&color=FFFFFF&background=000000,ATHX LONDON 2025,United Kingdom 🇬🇧,2025,Male,ATHX,Endurance,,,,,
451,Sean,Ekila,Sean Ekila,Male,,,https://ui-avatars.com/api/?name=S+E&color=FFFFFF&background=000000,ATHX LONDON 2025,United Kingdom 🇬🇧,2025,Male,ATHX,Endurance,,,,,
452,Wayne,Thomas,Wayne Thomas,Male,,,https://ui-avatars.com/api/?name=W+T&color=FFFFFF&background=000000,ATHX LONDON 2025,United Kingdom 🇬🇧,2025,Male,ATHX,Endurance,,,,,
453,Gary,Sharlott,Gary Sharlott,Male,,,https://ui-avatars.com/api/?name=G+S&color=FFFFFF&background=000000,ATHX LONDON 2025,United Kingdom 🇬🇧,2025,Male,ATHX,Endurance,,,,,
454,James,Clemmence,James Clemmence,Male,,,https://ui-avatars.com/api/?name=J+C&color=FFFFFF&background=000000,ATHX LONDON 2025,United Kingdom 🇬🇧,2025,Male,ATHX,Endurance,,,,,
455,Russ,Doman,Russ Doman,Male,,Crossfit SOX,https://ui-avatars.com/api/?name=R+D&color=FFFFFF&background=000000,ATHX LONDON 2025,United Kingdom 🇬🇧,2025,Male,ATHX,Endurance,,,,,
456,Owen,Davies,Owen Davies,Male,,,https://ui-avatars.com/api/?name=O+D&color=FFFFFF&background=000000,ATHX LONDON 2025,United Kingdom 🇬🇧,2025,Male,ATHX,Endurance,,,,,
457,Edwin,Lewis,Edwin Lewis,Male,,,https://ui-avatars.com/api/?name=E+L&color=FFFFFF&background=000000,ATHX LONDON 2025,United Kingdom 🇬🇧,2025,Male,ATHX,Endurance,,,,,
458,Anson,Chau,Anson Chau,Male,,,https://ui-avatars.com/api/?name=A+C&color=FFFFFF&background=000000,ATHX LONDON 2025,United Kingdom 🇬🇧,2025,Male,ATHX,Endurance,,,,,
459,Aiden,Strong,Aiden Strong,Male,,,https://ui-avatars.com/api/?name=A+S&color=FFFFFF&background=000000,ATHX LONDON 2025,United Kingdom 🇬🇧,2025,Male,ATHX,Endurance,,,,,
460,Hakan,Huseyin,Hakan Huseyin,Male,,,https://ui-avatars.com/api/?name=H+H&color=FFFFFF&background=000000,ATHX LONDON 2025,United Kingdom 🇬🇧,2025,Male,ATHX,Endurance,,,,,
461,Patryk,Piech,Patryk Piech,Male,,,https://ui-avatars.com/api/?name=P+P&color=FFFFFF&background=000000,ATHX LONDON 2025,United Kingdom 🇬🇧,2025,Male,ATHX,Endurance,,,,,
462,Charlie,Thorne,Charlie Thorne,Male,,,https://ui-avatars.com/api/?name=C+T&color=FFFFFF&background=000000,ATHX LONDON 2025,United Kingdom 🇬🇧,2025,Male,ATHX,Endurance,,,,,
463,Walter,Goba,Walter Goba,Male,,,https://ui-avatars.com/api/?name=W+G&color=FFFFFF&background=000000,ATHX LONDON 2025,United Kingdom 🇬🇧,2025,Male,ATHX,Endurance,,,,,
463,Tom,Slabber,Tom Slabber,Male,,,https://ui-avatars.com/api/?name=T+S&color=FFFFFF&background=000000,ATHX LONDON 2025,United Kingdom 🇬🇧,2025,Male,ATHX,Endurance,,,,,
465,Ethan,Butler,Ethan Butler,Male,,,https://ui-avatars.com/api/?name=E+B&color=FFFFFF&background=000000,ATHX LONDON 2025,United Kingdom 🇬🇧,2025,Male,ATHX,Endurance,,,,,
466,Liam,Geary,Liam Geary,Male,,,https://ui-avatars.com/api/?name=L+G&color=FFFFFF&background=000000,ATHX LONDON 2025,United Kingdom 🇬🇧,2025,Male,ATHX,Endurance,,,,,
467,Jordan,Archer,Jordan Archer,Male,,,https://ui-avatars.com/api/?name=J+A&color=FFFFFF&background=000000,ATHX LONDON 2025,United Kingdom 🇬🇧,2025,Male,ATHX,Endurance,,,,,
468,Toby,Comer,Toby Comer,Male,,,https://ui-avatars.com/api/?name=T+C&color=FFFFFF&background=000000,ATHX LONDON 2025,United Kingdom 🇬🇧,2025,Male,ATHX,Endurance,,,,,
469,Dario,Ruma,Dario Ruma,Male,,,https://ui-avatars.com/api/?name=D+R&color=FFFFFF&background=000000,ATHX LONDON 2025,United Kingdom 🇬🇧,2025,Male,ATHX,Endurance,,,,,
470,Andy,Hancox,Andy Hancox,Male,,,https://ui-avatars.com/api/?name=A+H&color=FFFFFF&background=000000,ATHX LONDON 2025,United Kingdom 🇬🇧,2025,Male,ATHX,Endurance,,,,,
471,Nik,Leeke,Nik Leeke,Male,,,https://ui-avatars.com/api/?name=N+L&color=FFFFFF&background=000000,ATHX LONDON 2025,United Kingdom 🇬🇧,2025,Male,ATHX,Endurance,,,,,
472,Irwin,Chan,Irwin Chan,Male,,,https://ui-avatars.com/api/?name=I+C&color=FFFFFF&background=000000,ATHX LONDON 2025,United Kingdom 🇬🇧,2025,Male,ATHX,Endurance,,,,,
473,George,Cleary,George Cleary,Male,,,https://ui-avatars.com/api/?name=G+C&color=FFFFFF&background=000000,ATHX LONDON 2025,United Kingdom 🇬🇧,2025,Male,ATHX,Endurance,,,,,
474,Bob,Armour,Bob Armour,Male,United Kingdom,AL Fitness,https://athxgames.com/storage/profile-photos/FaxzUhDqck9NPYP8fytkLozSeFy1BEW2o81W93Ty.jpg,ATHX LONDON 2025,United Kingdom 🇬🇧,2025,Male,ATHX,Endurance,,,,,
475,Sean,Quinn,Sean Quinn,Male,,,https://ui-avatars.com/api/?name=S+Q&color=FFFFFF&background=000000,ATHX LONDON 2025,United Kingdom 🇬🇧,2025,Male,ATHX,Endurance,,,,,
476,John,Proudlock,John Proudlock,Male,United Kingdom,F45 Cheltenham,https://ui-avatars.com/api/?name=J+P&color=FFFFFF&background=000000,ATHX LONDON 2025,United Kingdom 🇬🇧,2025,Male,ATHX,Endurance,,,,,
477,Jonny,Sayle,Jonny Sayle,Male,United Kingdom,BattleBox,https://ui-avatars.com/api/?name=J+S&color=FFFFFF&background=000000,ATHX LONDON 2025,United Kingdom 🇬🇧,2025,Male,ATHX,Endurance,,,,,
478,Adam,Crickmar,Adam Crickmar,Male,,,https://ui-avatars.com/api/?name=A+C&color=FFFFFF&background=000000,ATHX LONDON 2025,United Kingdom 🇬🇧,2025,Male,ATHX,Endurance,,,,,
479,Manuel,Mancuso,Manuel Mancuso,Male,,,https://ui-avatars.com/api/?name=M+M&color=FFFFFF&background=000000,ATHX LONDON 2025,United Kingdom 🇬🇧,2025,Male,ATHX,Endurance,,,,,
480,Zach,Daniels,Zach Daniels,Male,,,https://ui-avatars.com/api/?name=Z+D&color=FFFFFF&background=000000,ATHX LONDON 2025,United Kingdom 🇬🇧,2025,Male,ATHX,Endurance,,,,,
481,Shaun,Ellender,Shaun Ellender,Male,,,https://ui-avatars.com/api/?name=S+E&color=FFFFFF&background=000000,ATHX LONDON 2025,United Kingdom 🇬🇧,2025,Male,ATHX,Endurance,,,,,
482,Tom,Rees,Tom Rees,Male,,,https://ui-avatars.com/api/?name=T+R&color=FFFFFF&background=000000,ATHX LONDON 2025,United Kingdom 🇬🇧,2025,Male,ATHX,Endurance,,,,,
483,Tom,Rawlins,Tom Rawlins,Male,,,https://ui-avatars.com/api/?name=T+R&color=FFFFFF&background=000000,ATHX LONDON 2025,United Kingdom 🇬🇧,2025,Male,ATHX,Endurance,,,,,
484,Harvey,Coombes,Harvey Coombes,Male,,,https://ui-avatars.com/api/?name=H+C&color=FFFFFF&background=000000,ATHX LONDON 2025,United Kingdom 🇬🇧,2025,Male,ATHX,Endurance,,,,,
485,Kerin,Barnard,Kerin Barnard,Female,United Kingdom,,https://ui-avatars.com/api/?name=K+B&color=FFFFFF&background=000000,ATHX LONDON 2025,United Kingdom 🇬🇧,2025,Female,ATHX,Endurance,,,,,
486,David,Long,David Long,Male,United Kingdom,CrossFit Cirencester,https://athxgames.com/storage/profile-photos/LLTo8ypQJmJSVDZwi9zv9wripKRFgUkrnh4y0fcl.jpg,ATHX LONDON 2025,United Kingdom 🇬🇧,2025,Male,ATHX,Endurance,,,,,
487,Suneil,Paal,Suneil Paal,Male,,,https://ui-avatars.com/api/?name=S+P&color=FFFFFF&background=000000,ATHX LONDON 2025,United Kingdom 🇬🇧,2025,Male,ATHX,Endurance,,,,,
488,Bhavin,Shah,Bhavin Shah,Male,United Kingdom,,https://ui-avatars.com/api/?name=B+S&color=FFFFFF&background=000000,ATHX LONDON 2025,United Kingdom 🇬🇧,2025,Male,ATHX,Endurance,,,,,
489,prem,Kushwaha,prem Kushwaha,Male,,,https://ui-avatars.com/api/?name=p+K&color=FFFFFF&background=000000,ATHX LONDON 2025,United Kingdom 🇬🇧,2025,Male,ATHX,Endurance,,,,,
490,Mandeep,Dosanjh,Mandeep Dosanjh,Male,,,https://ui-avatars.com/api/?name=M+D&color=FFFFFF&background=000000,ATHX LONDON 2025,United Kingdom 🇬🇧,2025,Male,ATHX,Endurance,,,,,
491,Justin,Adams,Justin Adams,Male,,,https://ui-avatars.com/api/?name=J+A&color=FFFFFF&background=000000,ATHX LONDON 2025,United Kingdom 🇬🇧,2025,Male,ATHX,Endurance,,,,,
492,Jorge,Garcia,Jorge Garcia,Male,Spain,,https://ui-avatars.com/api/?name=J+G&color=FFFFFF&background=000000,ATHX LONDON 2025,United Kingdom 🇬🇧,2025,Male,ATHX,Endurance,,,,,
493,Maurice,Ryan,Maurice Ryan,Male,,,https://ui-avatars.com/api/?name=M+R&color=FFFFFF&background=000000,ATHX LONDON 2025,United Kingdom 🇬🇧,2025,Male,ATHX,Endurance,,,,,
494,Joshua,Woolliscroft,Joshua Woolliscroft,Male,,,https://ui-avatars.com/api/?name=J+W&color=FFFFFF&background=000000,ATHX LONDON 2025,United Kingdom 🇬🇧,2025,Male,ATHX,Endurance,,,,,
495,Craig,Pereira,Craig Pereira,Male,,,https://ui-avatars.com/api/?name=C+P&color=FFFFFF&background=000000,ATHX LONDON 2025,United Kingdom 🇬🇧,2025,Male,ATHX,Endurance,,,,,
496,Shashank,Shah,Shashank Shah,Male,,,https://ui-avatars.com/api/?name=S+S&color=FFFFFF&background=000000,ATHX LONDON 2025,United Kingdom 🇬🇧,2025,Male,ATHX,Endurance,,,,,
1,Micca,Borda,Micca Borda,Female,,,https://ui-avatars.com/api/?name=M+B&color=FFFFFF&background=000000,ATHX LONDON 2025,United Kingdom 🇬🇧,2025,Female,ATHX Pro,Endurance,,,,,
2,Robin,Swinkels,Robin Swinkels,Female,Netherlands,EindhovenGym,https://ui-avatars.com/api/?name=R+S&color=FFFFFF&background=000000,ATHX LONDON 2025,United Kingdom 🇬🇧,2025,Female,ATHX Pro,Endurance,,,,,
3,Jade,Packer,Jade Packer,Female,,,https://ui-avatars.com/api/?name=J+P&color=FFFFFF&background=000000,ATHX LONDON 2025,United Kingdom 🇬🇧,2025,Female,ATHX Pro,Endurance,,,,,
4,Ursula,Hardy,Ursula Hardy,Female,,,https://ui-avatars.com/api/?name=U+H&color=FFFFFF&background=000000,ATHX LONDON 2025,United Kingdom 🇬🇧,2025,Female,ATHX Pro,Endurance,,,,,
5,Sophie,Storey,Sophie Storey,Female,United Kingdom,Crossfit Weyside,https://ui-avatars.com/api/?name=S+S&color=FFFFFF&background=000000,ATHX LONDON 2025,United Kingdom 🇬🇧,2025,Female,ATHX Pro,Endurance,,,,,
6,Dana,Manco Pau,Dana Manco Pau,Female,Malaysia,,https://athxgames.com/storage/profile-photos/qXNnTVtXNppVcBrxtjN5S8T8ECqJgGLXrqVZOEdy.jpg,ATHX LONDON 2025,United Kingdom 🇬🇧,2025,Female,ATHX Pro,Endurance,,,,,
7,Emily,Haynes,Emily Haynes,Female,,,https://ui-avatars.com/api/?name=E+H&color=FFFFFF&background=000000,ATHX LONDON 2025,United Kingdom 🇬🇧,2025,Female,ATHX Pro,Endurance,,,,,
8,Mili,Elizalde,Mili Elizalde,Female,,,https://ui-avatars.com/api/?name=M+E&color=FFFFFF&background=000000,ATHX LONDON 2025,United Kingdom 🇬🇧,2025,Female,ATHX Pro,Endurance,,,,,
9,Clelia,Edouard,Clelia Edouard,Female,,,https://ui-avatars.com/api/?name=C+E&color=FFFFFF&background=000000,ATHX LONDON 2025,United Kingdom 🇬🇧,2025,Female,ATHX Pro,Endurance,,,,,
10,Sietske,van Hees,Sietske van Hees,Female,,,https://ui-avatars.com/api/?name=S+v+H&color=FFFFFF&background=000000,ATHX LONDON 2025,United Kingdom 🇬🇧,2025,Female,ATHX Pro,Endurance,,,,,
11,Colleen,Owen,Colleen Owen,Female,,,https://ui-avatars.com/api/?name=C+O&color=FFFFFF&background=000000,ATHX LONDON 2025,United Kingdom 🇬🇧,2025,Female,ATHX Pro,Endurance,,,,,
12,Olena,Arkhipova,Olena Arkhipova,Female,Ukraine,Third Space,https://athxgames.com/storage/profile-photos/RHizN9BKYIHNyY6x8Zj0PDWqybmvZjvYaAo5AgN3.jpg,ATHX LONDON 2025,United Kingdom 🇬🇧,2025,Female,ATHX Pro,Endurance,,,,,
13,Jenni,Banks,Jenni Banks,Female,,,https://ui-avatars.com/api/?name=J+B&color=FFFFFF&background=000000,ATHX LONDON 2025,United Kingdom 🇬🇧,2025,Female,ATHX Pro,Endurance,,,,,
14,Tamara,O’Sullivan,Tamara O’Sullivan,Female,,,https://ui-avatars.com/api/?name=T+O&color=FFFFFF&background=000000,ATHX LONDON 2025,United Kingdom 🇬🇧,2025,Female,ATHX Pro,Endurance,,,,,
15,Gigi,Erhardt,Gigi Erhardt,Female,,,https://ui-avatars.com/api/?name=G+E&color=FFFFFF&background=000000,ATHX LONDON 2025,United Kingdom 🇬🇧,2025,Female,ATHX Pro,Endurance,,,,,
16,Olivia,Castle,Olivia Castle,Female,,,https://ui-avatars.com/api/?name=O+C&color=FFFFFF&background=000000,ATHX LONDON 2025,United Kingdom 🇬🇧,2025,Female,ATHX Pro,Endurance,,,,,
17,Claudia,bickers,Claudia bickers,Female,United Kingdom,LS fitness,https://ui-avatars.com/api/?name=C+b&color=FFFFFF&background=000000,ATHX LONDON 2025,United Kingdom 🇬🇧,2025,Female,ATHX Pro,Endurance,,,,,
18,Holly,Richards,Holly Richards,Female,,,https://ui-avatars.com/api/?name=H+R&color=FFFFFF&background=000000,ATHX LONDON 2025,United Kingdom 🇬🇧,2025,Female,ATHX Pro,Endurance,,,,,
19,Anastassija,Nikitina,Anastassija Nikitina,Female,,,https://ui-avatars.com/api/?name=A+N&color=FFFFFF&background=000000,ATHX LONDON 2025,United Kingdom 🇬🇧,2025,Female,ATHX Pro,Endurance,,,,,
20,Victoria,Pallett,Victoria Pallett,Female,,,https://ui-avatars.com/api/?name=V+P&color=FFFFFF&background=000000,ATHX LONDON 2025,United Kingdom 🇬🇧,2025,Female,ATHX Pro,Endurance,,,,,
21,Laura,Bedford,Laura Bedford,Female,,,https://ui-avatars.com/api/?name=L+B&color=FFFFFF&background=000000,ATHX LONDON 2025,United Kingdom 🇬🇧,2025,Female,ATHX Pro,Endurance,,,,,
22,Ariane,Vanco,Ariane Vanco,Female,,,https://ui-avatars.com/api/?name=A+V&color=FFFFFF&background=000000,ATHX LONDON 2025,United Kingdom 🇬🇧,2025,Female,ATHX Pro,Endurance,,,,,
23,Sophie,Sanchez,Sophie Sanchez,Female,,,https://ui-avatars.com/api/?name=S+S&color=FFFFFF&background=000000,ATHX LONDON 2025,United Kingdom 🇬🇧,2025,Female,ATHX Pro,Endurance,,,,,
24,Tara,Kafke,Tara Kafke,Female,,,https://ui-avatars.com/api/?name=T+K&color=FFFFFF&background=000000,ATHX LONDON 2025,United Kingdom 🇬🇧,2025,Female,ATHX Pro,Endurance,,,,,
1,Leo,Lundgren,Leo Lundgren,Male,,,https://athxgames.com/storage/profile-photos/1YP609REhADyuRKX2oL30AUk3XQe4WVIhMjaolQ3.jpg,ATHX LONDON 2025,United Kingdom 🇬🇧,2025,Male,ATHX Pro,Endurance,,,,,
2,Sean,Phillips,Sean Phillips,Male,,,https://ui-avatars.com/api/?name=S+P&color=FFFFFF&background=000000,ATHX LONDON 2025,United Kingdom 🇬🇧,2025,Male,ATHX Pro,Endurance,,,,,
3,Andrew,Rees-Reynolds,Andrew Rees-Reynolds,Male,,,https://ui-avatars.com/api/?name=A+R&color=FFFFFF&background=000000,ATHX LONDON 2025,United Kingdom 🇬🇧,2025,Male,ATHX Pro,Endurance,,,,,
4,Phil,Jones,Phil Jones,Male,,,https://ui-avatars.com/api/?name=P+J&color=FFFFFF&background=000000,ATHX LONDON 2025,United Kingdom 🇬🇧,2025,Male,ATHX Pro,Endurance,,,,,
5,Oliver,MARCHON,Oliver MARCHON,Male,,,https://ui-avatars.com/api/?name=O+M&color=FFFFFF&background=000000,ATHX LONDON 2025,United Kingdom 🇬🇧,2025,Male,ATHX Pro,Endurance,,,,,
6,jonathan,blackman,jonathan blackman,Male,,,https://ui-avatars.com/api/?name=j+b&color=FFFFFF&background=000000,ATHX LONDON 2025,United Kingdom 🇬🇧,2025,Male,ATHX Pro,Endurance,,,,,
7,Rory,McAusland,Rory McAusland,Male,United Kingdom,,https://ui-avatars.com/api/?name=R+M&color=FFFFFF&background=000000,ATHX LONDON 2025,United Kingdom 🇬🇧,2025,Male,ATHX Pro,Endurance,,,,,
8,Alessandro,Iacobucci,Alessandro Iacobucci,Male,Italy,NoDaysOff Seveso,https://ui-avatars.com/api/?name=A+I&color=FFFFFF&background=000000,ATHX LONDON 2025,United Kingdom 🇬🇧,2025,Male,ATHX Pro,Endurance,,,,,
9,Karim,Djidel,Karim Djidel,Male,,,https://ui-avatars.com/api/?name=K+D&color=FFFFFF&background=000000,ATHX LONDON 2025,United Kingdom 🇬🇧,2025,Male,ATHX Pro,Endurance,,,,,
10,Anson,Lam,Anson Lam,Male,,,https://athxgames.com/storage/profile-photos/R1cpa4xKHdmbD8dDrJReQtYt8MVSHR6voxA8AyKQ.jpg,ATHX LONDON 2025,United Kingdom 🇬🇧,2025,Male,ATHX Pro,Endurance,,,,,
11,Sam,Walford,Sam Walford,Male,,,https://ui-avatars.com/api/?name=S+W&color=FFFFFF&background=000000,ATHX LONDON 2025,United Kingdom 🇬🇧,2025,Male,ATHX Pro,Endurance,,,,,
12,Luka,Špik,Luka Špik,Male,,,https://ui-avatars.com/api/?name=L+%C5%A0&color=FFFFFF&background=000000,ATHX LONDON 2025,United Kingdom 🇬🇧,2025,Male,ATHX Pro,Endurance,,,,,
13,Kennet,Newall-Hearn,Kennet Newall-Hearn,Male,,,https://ui-avatars.com/api/?name=K+N&color=FFFFFF&background=000000,ATHX LONDON 2025,United Kingdom 🇬🇧,2025,Male,ATHX Pro,Endurance,,,,,
14,George,Eynon-Lewis,George Eynon-Lewis,Male,,,https://ui-avatars.com/api/?name=G+E&color=FFFFFF&background=000000,ATHX LONDON 2025,United Kingdom 🇬🇧,2025,Male,ATHX Pro,Endurance,,,,,
15,Harry,Reynolds,Harry Reynolds,Male,,,https://ui-avatars.com/api/?name=H+R&color=FFFFFF&background=000000,ATHX LONDON 2025,United Kingdom 🇬🇧,2025,Male,ATHX Pro,Endurance,,,,,
16,Sam,Johnston,Sam Johnston,Male,United Kingdom,EDC CrossFit Wessex,https://ui-avatars.com/api/?name=S+J&color=FFFFFF&background=000000,ATHX LONDON 2025,United Kingdom 🇬🇧,2025,Male,ATHX Pro,Endurance,,,,,
17,Matthew,Goodman,Matthew Goodman,Male,,,https://ui-avatars.com/api/?name=M+G&color=FFFFFF&background=000000,ATHX LONDON 2025,United Kingdom 🇬🇧,2025,Male,ATHX Pro,Endurance,,,,,
18,Luca,Cavicchiolo,Luca Cavicchiolo,Male,,,https://ui-avatars.com/api/?name=L+C&color=FFFFFF&background=000000,ATHX LONDON 2025,United Kingdom 🇬🇧,2025,Male,ATHX Pro,Endurance,,,,,
19,Marco,Paolillo,Marco Paolillo,Male,,,https://ui-avatars.com/api/?name=M+P&color=FFFFFF&background=000000,ATHX LONDON 2025,United Kingdom 🇬🇧,2025,Male,ATHX Pro,Endurance,,,,,
20,Brett,McCall,Brett McCall,Male,,,https://athxgames.com/storage/profile-photos/3sNhNZ2NwarA0dI0APKGwP9RsGV2Z6B7VEfFu7Tk.jpg,ATHX LONDON 2025,United Kingdom 🇬🇧,2025,Male,ATHX Pro,Endurance,,,,,
21,Lukas,Hammer,Lukas Hammer,Male,,,https://ui-avatars.com/api/?name=L+H&color=FFFFFF&background=000000,ATHX LONDON 2025,United Kingdom 🇬🇧,2025,Male,ATHX Pro,Endurance,,,,,
22,Markus,Spöhnmann,Markus Spöhnmann,Male,Germany,CrossFit Tübingen,https://athxgames.com/storage/profile-photos/PZDuHA2K2gtfLry0RyQ3gMCnHYpJl21oStVkptzO.jpg,ATHX LONDON 2025,United Kingdom 🇬🇧,2025,Male,ATHX Pro,Endurance,,,,,
23,Max,Baggio,Max Baggio,Male,,,https://ui-avatars.com/api/?name=M+B&color=FFFFFF&background=000000,ATHX LONDON 2025,United Kingdom 🇬🇧,2025,Male,ATHX Pro,Endurance,,,,,
24,Warren,Hart,Warren Hart,Male,,,https://ui-avatars.com/api/?name=W+H&color=FFFFFF&background=000000,ATHX LONDON 2025,United Kingdom 🇬🇧,2025,Male,ATHX Pro,Endurance,,,,,
25,Jamie,Bourne,Jamie Bourne,Male,,,https://ui-avatars.com/api/?name=J+B&color=FFFFFF&background=000000,ATHX LONDON 2025,United Kingdom 🇬🇧,2025,Male,ATHX Pro,Endurance,,,,,
26,Daniel,DaCosta,Daniel DaCosta,Male,,,https://ui-avatars.com/api/?name=D+D&color=FFFFFF&background=000000,ATHX LONDON 2025,United Kingdom 🇬🇧,2025,Male,ATHX Pro,Endurance,,,,,
27,Ross,Manester,Ross Manester,Male,,,https://ui-avatars.com/api/?name=R+M&color=FFFFFF&background=000000,ATHX LONDON 2025,United Kingdom 🇬🇧,2025,Male,ATHX Pro,Endurance,,,,,
28,Fergal,Keaney,Fergal Keaney,Male,,,https://ui-avatars.com/api/?name=F+K&color=FFFFFF&background=000000,ATHX LONDON 2025,United Kingdom 🇬🇧,2025,Male,ATHX Pro,Endurance,,,,,
29,Eric,Botsford,Eric Botsford,Male,,,https://ui-avatars.com/api/?name=E+B&color=FFFFFF&background=000000,ATHX LONDON 2025,United Kingdom 🇬🇧,2025,Male,ATHX Pro,Endurance,,,,,
30,Matt,Hansell,Matt Hansell,Male,,,https://ui-avatars.com/api/?name=M+H&color=FFFFFF&background=000000,ATHX LONDON 2025,United Kingdom 🇬🇧,2025,Male,ATHX Pro,Endurance,,,,,
31,Spyridon,Mouratis,Spyridon Mouratis,Male,,,https://ui-avatars.com/api/?name=S+M&color=FFFFFF&background=000000,ATHX LONDON 2025,United Kingdom 🇬🇧,2025,Male,ATHX Pro,Endurance,,,,,
32,Madhur,Subhash,Madhur Subhash,Male,,,https://ui-avatars.com/api/?name=M+S&color=FFFFFF&background=000000,ATHX LONDON 2025,United Kingdom 🇬🇧,2025,Male,ATHX Pro,Endurance,,,,,
33,Declan,Price,Declan Price,Male,,,https://ui-avatars.com/api/?name=D+P&color=FFFFFF&background=000000,ATHX LONDON 2025,United Kingdom 🇬🇧,2025,Male,ATHX Pro,Endurance,,,,,
34,Windson,Almeida Santos,Windson Almeida Santos,Male,Brazil,One more rep,https://ui-avatars.com/api/?name=W+A+S&color=FFFFFF&background=000000,ATHX LONDON 2025,United Kingdom 🇬🇧,2025,Male,ATHX Pro,Endurance,,,,,
35,Mitchell,Gates,Mitchell Gates,Male,,,https://ui-avatars.com/api/?name=M+G&color=FFFFFF&background=000000,ATHX LONDON 2025,United Kingdom 🇬🇧,2025,Male,ATHX Pro,Endurance,,,,,
35,Harrison,Bogdanovs,Harrison Bogdanovs,Male,,,https://ui-avatars.com/api/?name=H+B&color=FFFFFF&background=000000,ATHX LONDON 2025,United Kingdom 🇬🇧,2025,Male,ATHX Pro,Endurance,,,,,
37,Scott,Gibbs,Scott Gibbs,Male,,,https://ui-avatars.com/api/?name=S+G&color=FFFFFF&background=000000,ATHX LONDON 2025,United Kingdom 🇬🇧,2025,Male,ATHX Pro,Endurance,,,,,
38,Jake,Wright,Jake Wright,Male,,,https://ui-avatars.com/api/?name=J+W&color=FFFFFF&background=000000,ATHX LONDON 2025,United Kingdom 🇬🇧,2025,Male,ATHX Pro,Endurance,,,,,
39,Alan,Krzempek,Alan Krzempek,Male,,,https://ui-avatars.com/api/?name=A+K&color=FFFFFF&background=000000,ATHX LONDON 2025,United Kingdom 🇬🇧,2025,Male,ATHX Pro,Endurance,,,,,
40,Brandon,Mills,Brandon Mills,Male,United Kingdom,MARCHON Victoria,https://athxgames.com/storage/profile-photos/3Ljc5NG2XyMDrFLoXYqj3gJKA75Xr7ytQZxN2JmN.jpg,ATHX LONDON 2025,United Kingdom 🇬🇧,2025,Male,ATHX Pro,Endurance,,,,,
41,Andrew,French,Andrew French,Male,,,https://athxgames.com/storage/profile-photos/Zp8P5TQbKio5U2F8nrkO3mALQ9AKcxqBswzfpTDW.jpg,ATHX LONDON 2025,United Kingdom 🇬🇧,2025,Male,ATHX Pro,Endurance,,,,,
42,Moe,Metwally,Moe Metwally,Male,,,https://ui-avatars.com/api/?name=M+M&color=FFFFFF&background=000000,ATHX LONDON 2025,United Kingdom 🇬🇧,2025,Male,ATHX Pro,Endurance,,,,,
43,Alex,Jack,Alex Jack,Male,,,https://ui-avatars.com/api/?name=A+J&color=FFFFFF&background=000000,ATHX LONDON 2025,United Kingdom 🇬🇧,2025,Male,ATHX Pro,Endurance,,,,,
44,Ryan,Healy,Ryan Healy,Male,Ireland,MARCHON,https://ui-avatars.com/api/?name=R+H&color=FFFFFF&background=000000,ATHX LONDON 2025,United Kingdom 🇬🇧,2025,Male,ATHX Pro,Endurance,,,,,
45,Ozzy,Caliskan,Ozzy Caliskan,Male,United Kingdom,Independent,https://athxgames.com/storage/profile-photos/ahGqPKvwNbFCSeoVWMCnwDZPodxdR0UDaGLvV8Rk.jpg,ATHX LONDON 2025,United Kingdom 🇬🇧,2025,Male,ATHX Pro,Endurance,,,,,
46,Omar,Ellaboudy,Omar Ellaboudy,Male,,,https://ui-avatars.com/api/?name=O+E&color=FFFFFF&background=000000,ATHX LONDON 2025,United Kingdom 🇬🇧,2025,Male,ATHX Pro,Endurance,,,,,
47,Will,Johnston,Will Johnston,Male,,,https://ui-avatars.com/api/?name=W+J&color=FFFFFF&background=000000,ATHX LONDON 2025,United Kingdom 🇬🇧,2025,Male,ATHX Pro,Endurance,,,,,
48,Ryan,McCarthy,Ryan McCarthy,Male,,,https://ui-avatars.com/api/?name=R+M&color=FFFFFF&background=000000,ATHX LONDON 2025,United Kingdom 🇬🇧,2025,Male,ATHX Pro,Endurance,,,,,
49,Harrison,Edgson,Harrison Edgson,Male,,,https://ui-avatars.com/api/?name=H+E&color=FFFFFF&background=000000,ATHX LONDON 2025,United Kingdom 🇬🇧,2025,Male,ATHX Pro,Endurance,,,,,
50,Nicolas,Vilalongue,Nicolas Vilalongue,Male,,,https://ui-avatars.com/api/?name=N+V&color=FFFFFF&background=000000,ATHX LONDON 2025,United Kingdom 🇬🇧,2025,Male,ATHX Pro,Endurance,,,,,
51,Stefan,Kowalczyk,Stefan Kowalczyk,Male,,,https://ui-avatars.com/api/?name=S+K&color=FFFFFF&background=000000,ATHX LONDON 2025,United Kingdom 🇬🇧,2025,Male,ATHX Pro,Endurance,,,,,
52,Gareth,Wayt,Gareth Wayt,Male,,,https://ui-avatars.com/api/?name=G+W&color=FFFFFF&background=000000,ATHX LONDON 2025,United Kingdom 🇬🇧,2025,Male,ATHX Pro,Endurance,,,,,
53,Henry,Jaynes,Henry Jaynes,Male,,,https://ui-avatars.com/api/?name=H+J&color=FFFFFF&background=000000,ATHX LONDON 2025,United Kingdom 🇬🇧,2025,Male,ATHX Pro,Endurance,,,,,
54,Daniel,Edmondson,Daniel Edmondson,Male,,Built by novo,https://ui-avatars.com/api/?name=D+E&color=FFFFFF&background=000000,ATHX LONDON 2025,United Kingdom 🇬🇧,2025,Male,ATHX Pro,Endurance,,,,,
55,Darren,O'Reilly,Darren O'Reilly,Male,Ireland,Gymnasium,https://ui-avatars.com/api/?name=D+O&color=FFFFFF&background=000000,ATHX LONDON 2025,United Kingdom 🇬🇧,2025,Male,ATHX Pro,Endurance,,,,,
56,Andrii,Kolesnyk,Andrii Kolesnyk,Male,,,https://ui-avatars.com/api/?name=A+K&color=FFFFFF&background=000000,ATHX LONDON 2025,United Kingdom 🇬🇧,2025,Male,ATHX Pro,Endurance,,,,,
57,Doug,Harrison,Doug Harrison,Male,,,https://ui-avatars.com/api/?name=D+H&color=FFFFFF&background=000000,ATHX LONDON 2025,United Kingdom 🇬🇧,2025,Male,ATHX Pro,Endurance,,,,,
58,Mohammad,Haiqal,Mohammad Haiqal,Male,,,https://ui-avatars.com/api/?name=M+H&color=FFFFFF&background=000000,ATHX LONDON 2025,United Kingdom 🇬🇧,2025,Male,ATHX Pro,Endurance,,,,,
59,Michael,Stonley,Michael Stonley,Male,United Kingdom,,https://ui-avatars.com/api/?name=M+S&color=FFFFFF&background=000000,ATHX LONDON 2025,United Kingdom 🇬🇧,2025,Male,ATHX Pro,Endurance,,,,,
60,Shaun,Walters,Shaun Walters,Male,,,https://ui-avatars.com/api/?name=S+W&color=FFFFFF&background=000000,ATHX LONDON 2025,United Kingdom 🇬🇧,2025,Male,ATHX Pro,Endurance,,,,,
61,John,McShane,John McShane,Male,,,https://ui-avatars.com/api/?name=J+M&color=FFFFFF&background=000000,ATHX LONDON 2025,United Kingdom 🇬🇧,2025,Male,ATHX Pro,Endurance,,,,,
62,Ivan,Leong,Ivan Leong,Male,Seychelles,STPZ CrossFit E15,https://ui-avatars.com/api/?name=I+L&color=FFFFFF&background=000000,ATHX LONDON 2025,United Kingdom 🇬🇧,2025,Male,ATHX Pro,Endurance,,,,,
63,Amine,Mejaat,Amine Mejaat,Male,,,https://ui-avatars.com/api/?name=A+M&color=FFFFFF&background=000000,ATHX LONDON 2025,United Kingdom 🇬🇧,2025,Male,ATHX Pro,Endurance,,,,,
64,Roland,Maccoon,Roland Maccoon,Male,,,https://ui-avatars.com/api/?name=R+M&color=FFFFFF&background=000000,ATHX LONDON 2025,United Kingdom 🇬🇧,2025,Male,ATHX Pro,Endurance,,,,,
65,Kishan,Naidu,Kishan Naidu,Male,,,https://ui-avatars.com/api/?name=K+N&color=FFFFFF&background=000000,ATHX LONDON 2025,United Kingdom 🇬🇧,2025,Male,ATHX Pro,Endurance,,,,,
66,Alexandrew B,David,Alexandrew B David,Male,,,https://ui-avatars.com/api/?name=A+B+D&color=FFFFFF&background=000000,ATHX LONDON 2025,United Kingdom 🇬🇧,2025,Male,ATHX Pro,Endurance,,,,,
67,Kyle,Clark,Kyle Clark,Male,,,https://ui-avatars.com/api/?name=K+C&color=FFFFFF&background=000000,ATHX LONDON 2025,United Kingdom 🇬🇧,2025,Male,ATHX Pro,Endurance,,,,,
68,Rob,Moores,Rob Moores,Male,,,https://ui-avatars.com/api/?name=R+M&color=FFFFFF&background=000000,ATHX LONDON 2025,United Kingdom 🇬🇧,2025,Male,ATHX Pro,Endurance,,,,,
69,Joel,Carr,Joel Carr,Male,,,https://ui-avatars.com/api/?name=J+C&color=FFFFFF&background=000000,ATHX LONDON 2025,United Kingdom 🇬🇧,2025,Male,ATHX Pro,Endurance,,,,,
70,Ish,O'connor,Ish O'connor,Male,United Kingdom,Ish fitness,https://ui-avatars.com/api/?name=I+O&color=FFFFFF&background=000000,ATHX LONDON 2025,United Kingdom 🇬🇧,2025,Male,ATHX Pro,Endurance,,,,,
71,Mason,Greig,Mason Greig,Male,,,https://ui-avatars.com/api/?name=M+G&color=FFFFFF&background=000000,ATHX LONDON 2025,United Kingdom 🇬🇧,2025,Male,ATHX Pro,Endurance,,,,,
72,Justin,Lee,Justin Lee,Male,,,https://ui-avatars.com/api/?name=J+L&color=FFFFFF&background=000000,ATHX LONDON 2025,United Kingdom 🇬🇧,2025,Male,ATHX Pro,Endurance,,,,,
73,Ola,Sogbanmu,Ola Sogbanmu,Male,,,https://ui-avatars.com/api/?name=O+S&color=FFFFFF&background=000000,ATHX LONDON 2025,United Kingdom 🇬🇧,2025,Male,ATHX Pro,Endurance,,,,,
74,drew,teo,drew teo,Male,,,https://ui-avatars.com/api/?name=d+t&color=FFFFFF&background=000000,ATHX LONDON 2025,United Kingdom 🇬🇧,2025,Male,ATHX Pro,Endurance,,,,,
