rank,first_name,last_name,full_name,gender,nationality,gym_name,profile_photo_url,event,country,year,division,event_category,workout_filter,1RM Strict Press,3RM Back Squat,5RM Deadlift,Run,Row
1,Vanessa,Mazzarella,Vanessa Mazzarella,Female,,,https://ui-avatars.com/api/?name=V+M&color=FFFFFF&background=000000,ATHX BERLIN 2026,Germany 🇩🇪,2026,Female,ATHX Pro,Endurance,,,,2KM,3.127KM
2,Emma,Ray,Emma Ray,Female,,,https://ui-avatars.com/api/?name=E+R&color=FFFFFF&background=000000,ATHX BERLIN 2026,Germany 🇩🇪,2026,Female,ATHX Pro,Endurance,,,,2KM,2.976KM
3,Uli,Glöckner,Uli Glöckner,Female,Germany,,https://ui-avatars.com/api/?name=U+G&color=FFFFFF&background=000000,ATHX BERLIN 2026,Germany 🇩🇪,2026,Female,ATHX Pro,Endurance,,,,2.564KM,2.357KM
4,Luisa,Pfrommer,Luisa Pfrommer,Female,Germany,CF Calw,https://athxgames.com/storage/profile-photos/A9p95gNGIS0OYTWBbFdp3yAjDDqwQUr3WinD20yo.jpg,ATHX BERLIN 2026,Germany 🇩🇪,2026,Female,ATHX Pro,Endurance,,,,2.942KM,1.89KM
5,Sandra,Hegwein,Sandra Hegwein,Female,,,https://ui-avatars.com/api/?name=S+H&color=FFFFFF&background=000000,ATHX BERLIN 2026,Germany 🇩🇪,2026,Female,ATHX Pro,Endurance,,,,2.504KM,2.269KM
6,Maya,Halliday,Maya Halliday,Female,,,https://ui-avatars.com/api/?name=M+H&color=FFFFFF&background=000000,ATHX BERLIN 2026,Germany 🇩🇪,2026,Female,ATHX Pro,Endurance,,,,2.278KM,2.491KM
7,Finja,Thoroe,Finja Thoroe,Female,Germany,New Energy,https://ui-avatars.com/api/?name=F+T&color=FFFFFF&background=000000,ATHX BERLIN 2026,Germany 🇩🇪,2026,Female,ATHX Pro,Endurance,,,,1.971KM,2.797KM
8,Layla,Siebert,Layla Siebert,Female,,,https://ui-avatars.com/api/?name=L+S&color=FFFFFF&background=000000,ATHX BERLIN 2026,Germany 🇩🇪,2026,Female,ATHX Pro,Endurance,,,,2.279KM,2.401KM
9,Inga-Marie,Ganssauge,Inga-Marie Ganssauge,Female,,,https://ui-avatars.com/api/?name=I+G&color=FFFFFF&background=000000,ATHX BERLIN 2026,Germany 🇩🇪,2026,Female,ATHX Pro,Endurance,,,,2.343KM,2.313KM
10,Franziska,Kühlthau,Franziska Kühlthau,Female,,,https://ui-avatars.com/api/?name=F+K&color=FFFFFF&background=000000,ATHX BERLIN 2026,Germany 🇩🇪,2026,Female,ATHX Pro,Endurance,,,,2.466KM,2.153KM
11,Anne-Marie,Hansen,Anne-Marie Hansen,Female,,,https://ui-avatars.com/api/?name=A+H&color=FFFFFF&background=000000,ATHX BERLIN 2026,Germany 🇩🇪,2026,Female,ATHX Pro,Endurance,,,,2.102KM,2.462KM
12,Fina Lale,Kutz,Fina Lale Kutz,Female,,,https://ui-avatars.com/api/?name=F+L+K&color=FFFFFF&background=000000,ATHX BERLIN 2026,Germany 🇩🇪,2026,Female,ATHX Pro,Endurance,,,,2.161KM,2.398KM
13,Cara,Halliday,Cara Halliday,Female,United Kingdom,SORELLA,https://ui-avatars.com/api/?name=C+H&color=FFFFFF&background=000000,ATHX BERLIN 2026,Germany 🇩🇪,2026,Female,ATHX Pro,Endurance,,,,2KM,2.553KM
14,Anja,Meusel,Anja Meusel,Female,,,https://ui-avatars.com/api/?name=A+M&color=FFFFFF&background=000000,ATHX BERLIN 2026,Germany 🇩🇪,2026,Female,ATHX Pro,Endurance,,,,2KM,2.455KM
15,Lena,Fechner,Lena Fechner,Female,,,https://ui-avatars.com/api/?name=L+F&color=FFFFFF&background=000000,ATHX BERLIN 2026,Germany 🇩🇪,2026,Female,ATHX Pro,Endurance,,,,2.125KM,2.317KM
16,Caroline,Norton,Caroline Norton,Female,,,https://ui-avatars.com/api/?name=C+N&color=FFFFFF&background=000000,ATHX BERLIN 2026,Germany 🇩🇪,2026,Female,ATHX Pro,Endurance,,,,2.293KM,2.092KM
17,Melanie,Swoboda,Melanie Swoboda,Female,,,https://ui-avatars.com/api/?name=M+S&color=FFFFFF&background=000000,ATHX BERLIN 2026,Germany 🇩🇪,2026,Female,ATHX Pro,Endurance,,,,2KM,2.34KM
18,Sandra,Sommer,Sandra Sommer,Female,,,https://ui-avatars.com/api/?name=S+S&color=FFFFFF&background=000000,ATHX BERLIN 2026,Germany 🇩🇪,2026,Female,ATHX Pro,Endurance,,,,1.239KM,3.063KM
19,Justyna,Dzieciol,Justyna Dzieciol,Female,Poland,,https://ui-avatars.com/api/?name=J+D&color=FFFFFF&background=000000,ATHX BERLIN 2026,Germany 🇩🇪,2026,Female,ATHX Pro,Endurance,,,,2KM,2.235KM
20,Julia,Matthies,Julia Matthies,Female,,,https://athxgames.com/storage/profile-photos/CeAw45UtYMprh4ayAO9yWToBEcvGgWPZ5r2Re45f.jpg,ATHX BERLIN 2026,Germany 🇩🇪,2026,Female,ATHX Pro,Endurance,,,,2KM,2.133KM
21,Michaela,Ressel,Michaela Ressel,Female,,,https://ui-avatars.com/api/?name=M+R&color=FFFFFF&background=000000,ATHX BERLIN 2026,Germany 🇩🇪,2026,Female,ATHX Pro,Endurance,,,,2KM,2.027KM
22,Anne,Koch,Anne Koch,Female,,,https://ui-avatars.com/api/?name=A+K&color=FFFFFF&background=000000,ATHX BERLIN 2026,Germany 🇩🇪,2026,Female,ATHX Pro,Endurance,,,,2.438KM,1.451KM
23,Weronika,Białowąs,Weronika Białowąs,Female,,,https://ui-avatars.com/api/?name=W+B&color=FFFFFF&background=000000,ATHX BERLIN 2026,Germany 🇩🇪,2026,Female,ATHX Pro,Endurance,,,,1.75KM,1.874KM
24,Lena,Sassano,Lena Sassano,Female,Germany,LiftingWomen,https://ui-avatars.com/api/?name=L+S&color=FFFFFF&background=000000,ATHX BERLIN 2026,Germany 🇩🇪,2026,Female,ATHX Pro,Endurance,,,,2.166KM,1.382KM
1,Philipp,Grunert,Philipp Grunert,Male,,,https://ui-avatars.com/api/?name=P+G&color=FFFFFF&background=000000,ATHX BERLIN 2026,Germany 🇩🇪,2026,Male,ATHX Pro,Endurance,,,,2KM,3.907KM
2,Philipp,Wamser,Philipp Wamser,Male,,,https://ui-avatars.com/api/?name=P+W&color=FFFFFF&background=000000,ATHX BERLIN 2026,Germany 🇩🇪,2026,Male,ATHX Pro,Endurance,,,,2KM,3.777KM
3,Bjarne,Jensen,Bjarne Jensen,Male,,,https://ui-avatars.com/api/?name=B+J&color=FFFFFF&background=000000,ATHX BERLIN 2026,Germany 🇩🇪,2026,Male,ATHX Pro,Endurance,,,,2KM,3.656KM
4,Lewys,Morgan-Smith,Lewys Morgan-Smith,Male,,,https://ui-avatars.com/api/?name=L+M&color=FFFFFF&background=000000,ATHX BERLIN 2026,Germany 🇩🇪,2026,Male,ATHX Pro,Endurance,,,,2.5KM,2.805KM
5,Torben,Krohn,Torben Krohn,Male,,,https://ui-avatars.com/api/?name=T+K&color=FFFFFF&background=000000,ATHX BERLIN 2026,Germany 🇩🇪,2026,Male,ATHX Pro,Endurance,,,,2KM,3.241KM
6,Nils,Mattern,Nils Mattern,Male,,,https://ui-avatars.com/api/?name=N+M&color=FFFFFF&background=000000,ATHX BERLIN 2026,Germany 🇩🇪,2026,Male,ATHX Pro,Endurance,,,,2KM,3.225KM
7,Max,Pieper,Max Pieper,Male,,,https://ui-avatars.com/api/?name=M+P&color=FFFFFF&background=000000,ATHX BERLIN 2026,Germany 🇩🇪,2026,Male,ATHX Pro,Endurance,,,,2KM,3.17KM
8,Steven,Knieriemen,Steven Knieriemen,Male,,,https://ui-avatars.com/api/?name=S+K&color=FFFFFF&background=000000,ATHX BERLIN 2026,Germany 🇩🇪,2026,Male,ATHX Pro,Endurance,,,,2KM,3.139KM
9,Alexander,Sonnenthal,Alexander Sonnenthal,Male,,,https://ui-avatars.com/api/?name=A+S&color=FFFFFF&background=000000,ATHX BERLIN 2026,Germany 🇩🇪,2026,Male,ATHX Pro,Endurance,,,,2.392KM,2.708KM
10,Baz,gouldsbury,Baz gouldsbury,Male,,,https://ui-avatars.com/api/?name=B+g&color=FFFFFF&background=000000,ATHX BERLIN 2026,Germany 🇩🇪,2026,Male,ATHX Pro,Endurance,,,,2KM,2.998KM
11,Alexander,Mory,Alexander Mory,Male,Germany,Evope,https://ui-avatars.com/api/?name=A+M&color=FFFFFF&background=000000,ATHX BERLIN 2026,Germany 🇩🇪,2026,Male,ATHX Pro,Endurance,,,,2KM,2.989KM
12,Lennart,Finke,Lennart Finke,Male,,,https://athxgames.com/storage/profile-photos/3JiLi6Ez5gv5LjP5Ornyupg6IzhOd3e8eQ8JUio5.jpg,ATHX BERLIN 2026,Germany 🇩🇪,2026,Male,ATHX Pro,Endurance,,,,2KM,2.969KM
13,Valentin,Dorn,Valentin Dorn,Male,,,https://ui-avatars.com/api/?name=V+D&color=FFFFFF&background=000000,ATHX BERLIN 2026,Germany 🇩🇪,2026,Male,ATHX Pro,Endurance,,,,2.607KM,2.338KM
14,Marc,Katzensteiner,Marc Katzensteiner,Male,,,https://ui-avatars.com/api/?name=M+K&color=FFFFFF&background=000000,ATHX BERLIN 2026,Germany 🇩🇪,2026,Male,ATHX Pro,Endurance,,,,2KM,2.933KM
15,philipp,Ketzer,philipp Ketzer,Male,,,https://ui-avatars.com/api/?name=p+K&color=FFFFFF&background=000000,ATHX BERLIN 2026,Germany 🇩🇪,2026,Male,ATHX Pro,Endurance,,,,2KM,2.922KM
16,Daniel,Lemke,Daniel Lemke,Male,,,https://ui-avatars.com/api/?name=D+L&color=FFFFFF&background=000000,ATHX BERLIN 2026,Germany 🇩🇪,2026,Male,ATHX Pro,Endurance,,,,2KM,2.911KM
16,Maciek,Dzięcioł,Maciek Dzięcioł,Male,Poland,Move Club Poznań,https://ui-avatars.com/api/?name=M+D&color=FFFFFF&background=000000,ATHX BERLIN 2026,Germany 🇩🇪,2026,Male,ATHX Pro,Endurance,,,,2KM,2.911KM
18,Thomas,Rieger,Thomas Rieger,Male,,,https://ui-avatars.com/api/?name=T+R&color=FFFFFF&background=000000,ATHX BERLIN 2026,Germany 🇩🇪,2026,Male,ATHX Pro,Endurance,,,,1.75KM,3.16KM
19,Jens,Koppe,Jens Koppe,Male,,,https://ui-avatars.com/api/?name=J+K&color=FFFFFF&background=000000,ATHX BERLIN 2026,Germany 🇩🇪,2026,Male,ATHX Pro,Endurance,,,,1.75KM,3.156KM
20,Sören,Findeisen,Sören Findeisen,Male,Germany,,https://ui-avatars.com/api/?name=S+F&color=FFFFFF&background=000000,ATHX BERLIN 2026,Germany 🇩🇪,2026,Male,ATHX Pro,Endurance,,,,1.75KM,3.149KM
21,Jochen,Köhler,Jochen Köhler,Male,,,https://ui-avatars.com/api/?name=J+K&color=FFFFFF&background=000000,ATHX BERLIN 2026,Germany 🇩🇪,2026,Male,ATHX Pro,Endurance,,,,2.461KM,2.422KM
22,Tom,Maischak,Tom Maischak,Male,,,https://ui-avatars.com/api/?name=T+M&color=FFFFFF&background=000000,ATHX BERLIN 2026,Germany 🇩🇪,2026,Male,ATHX Pro,Endurance,,,,1.75KM,3.131KM
23,Christian,Freese,Christian Freese,Male,,,https://ui-avatars.com/api/?name=C+F&color=FFFFFF&background=000000,ATHX BERLIN 2026,Germany 🇩🇪,2026,Male,ATHX Pro,Endurance,,,,2KM,2.858KM
24,Yannick,Sieberg,Yannick Sieberg,Male,Germany,CrossFit mit Schmackes,https://ui-avatars.com/api/?name=Y+S&color=FFFFFF&background=000000,ATHX BERLIN 2026,Germany 🇩🇪,2026,Male,ATHX Pro,Endurance,,,,2KM,2.857KM
25,Alexander,Kress,Alexander Kress,Male,,,https://ui-avatars.com/api/?name=A+K&color=FFFFFF&background=000000,ATHX BERLIN 2026,Germany 🇩🇪,2026,Male,ATHX Pro,Endurance,,,,1.75KM,3.052KM
26,Andre,Theis,Andre Theis,Male,,,https://ui-avatars.com/api/?name=A+T&color=FFFFFF&background=000000,ATHX BERLIN 2026,Germany 🇩🇪,2026,Male,ATHX Pro,Endurance,,,,1.956KM,2.823KM
27,Leonel,Quinta,Leonel Quinta,Male,,,https://ui-avatars.com/api/?name=L+Q&color=FFFFFF&background=000000,ATHX BERLIN 2026,Germany 🇩🇪,2026,Male,ATHX Pro,Endurance,,,,2.183KM,2.593KM
27,Marc,Ketzer,Marc Ketzer,Male,,,https://ui-avatars.com/api/?name=M+K&color=FFFFFF&background=000000,ATHX BERLIN 2026,Germany 🇩🇪,2026,Male,ATHX Pro,Endurance,,,,2.392KM,2.384KM
29,Marlon,Kampmann,Marlon Kampmann,Male,Germany,Crossfit mit Schmackes,https://ui-avatars.com/api/?name=M+K&color=FFFFFF&background=000000,ATHX BERLIN 2026,Germany 🇩🇪,2026,Male,ATHX Pro,Endurance,,,,2.175KM,2.525KM
30,Sebastian,Białowąs,Sebastian Białowąs,Male,Poland,,https://ui-avatars.com/api/?name=S+B&color=FFFFFF&background=000000,ATHX BERLIN 2026,Germany 🇩🇪,2026,Male,ATHX Pro,Endurance,,,,2KM,2.644KM
31,Ralph,Wachter,Ralph Wachter,Male,Austria,DasGYM,https://ui-avatars.com/api/?name=R+W&color=FFFFFF&background=000000,ATHX BERLIN 2026,Germany 🇩🇪,2026,Male,ATHX Pro,Endurance,,,,2.293KM,2.342KM
32,Andreas,Kirsch,Andreas Kirsch,Male,,,https://ui-avatars.com/api/?name=A+K&color=FFFFFF&background=000000,ATHX BERLIN 2026,Germany 🇩🇪,2026,Male,ATHX Pro,Endurance,,,,1.982KM,2.652KM
33,Juergen,Deckert,Juergen Deckert,Male,Germany,,https://ui-avatars.com/api/?name=J+D&color=FFFFFF&background=000000,ATHX BERLIN 2026,Germany 🇩🇪,2026,Male,ATHX Pro,Endurance,,,,1.572KM,3.03KM
34,Johannes,Kluge,Johannes Kluge,Male,Germany,CrossFit DD,https://ui-avatars.com/api/?name=J+K&color=FFFFFF&background=000000,ATHX BERLIN 2026,Germany 🇩🇪,2026,Male,ATHX Pro,Endurance,,,,2KM,2.54KM
35,Horatiu,Kraus,Horatiu Kraus,Male,,,https://ui-avatars.com/api/?name=H+K&color=FFFFFF&background=000000,ATHX BERLIN 2026,Germany 🇩🇪,2026,Male,ATHX Pro,Endurance,,,,2KM,2.503KM
36,Steve,Federow,Steve Federow,Male,,,https://ui-avatars.com/api/?name=S+F&color=FFFFFF&background=000000,ATHX BERLIN 2026,Germany 🇩🇪,2026,Male,ATHX Pro,Endurance,,,,2KM,2.467KM
37,Björn,Wittig,Björn Wittig,Male,Germany,,https://athxgames.com/storage/profile-photos/UP5rqv7TcV6a1itx5PdErtudKtohsNsNt0aoGtqS.jpg,ATHX BERLIN 2026,Germany 🇩🇪,2026,Male,ATHX Pro,Endurance,,,,1.727KM,2.679KM
38,Tobi,Kleibe,Tobi Kleibe,Male,,,https://ui-avatars.com/api/?name=T+K&color=FFFFFF&background=000000,ATHX BERLIN 2026,Germany 🇩🇪,2026,Male,ATHX Pro,Endurance,,,,2KM,2.371KM
39,Marcel,Knäblein,Marcel Knäblein,Male,,,https://ui-avatars.com/api/?name=M+K&color=FFFFFF&background=000000,ATHX BERLIN 2026,Germany 🇩🇪,2026,Male,ATHX Pro,Endurance,,,,2.178KM,1.893KM
40,Christof,Hahn,Christof Hahn,Male,Germany,,https://ui-avatars.com/api/?name=C+H&color=FFFFFF&background=000000,ATHX BERLIN 2026,Germany 🇩🇪,2026,Male,ATHX Pro,Endurance,,,,1.787KM,2.283KM
41,Robert,Koch,Robert Koch,Male,,,https://ui-avatars.com/api/?name=R+K&color=FFFFFF&background=000000,ATHX BERLIN 2026,Germany 🇩🇪,2026,Male,ATHX Pro,Endurance,,,,1.75KM,2.314KM
42,Detlef,Martach,Detlef Martach,Male,Germany,,https://ui-avatars.com/api/?name=D+M&color=FFFFFF&background=000000,ATHX BERLIN 2026,Germany 🇩🇪,2026,Male,ATHX Pro,Endurance,,,,1.335KM,2.628KM
1,Charlotte,Schindler,Charlotte Schindler,Female,Germany,CFM,https://ui-avatars.com/api/?name=C+S&color=FFFFFF&background=000000,ATHX BERLIN 2026,Germany 🇩🇪,2026,Female,ATHX Lite,Endurance,,,,1.091KM,3.465KM
2,Rebecca,Mengering,Rebecca Mengering,Female,,,https://ui-avatars.com/api/?name=R+M&color=FFFFFF&background=000000,ATHX BERLIN 2026,Germany 🇩🇪,2026,Female,ATHX Lite,Endurance,,,,1.649KM,2.857KM
3,Amelie,Wendelaar Bonga,Amelie Wendelaar Bonga,Female,,,https://ui-avatars.com/api/?name=A+W+B&color=FFFFFF&background=000000,ATHX BERLIN 2026,Germany 🇩🇪,2026,Female,ATHX Lite,Endurance,,,,2KM,2.335KM
4,Michy,Mann,Michy Mann,Female,,,https://ui-avatars.com/api/?name=M+M&color=FFFFFF&background=000000,ATHX BERLIN 2026,Germany 🇩🇪,2026,Female,ATHX Lite,Endurance,,,,2KM,2.279KM
5,Jana,Lobe,Jana Lobe,Female,,,https://ui-avatars.com/api/?name=J+L&color=FFFFFF&background=000000,ATHX BERLIN 2026,Germany 🇩🇪,2026,Female,ATHX Lite,Endurance,,,,1.703KM,2.524KM
6,Helen,Rinckens,Helen Rinckens,Female,,,https://ui-avatars.com/api/?name=H+R&color=FFFFFF&background=000000,ATHX BERLIN 2026,Germany 🇩🇪,2026,Female,ATHX Lite,Endurance,,,,1.934KM,2.264KM
7,Marit,Paschke,Marit Paschke,Female,,,https://ui-avatars.com/api/?name=M+P&color=FFFFFF&background=000000,ATHX BERLIN 2026,Germany 🇩🇪,2026,Female,ATHX Lite,Endurance,,,,1.973KM,2.214KM
8,Susanne,Bliesner,Susanne Bliesner,Female,,,https://ui-avatars.com/api/?name=S+B&color=FFFFFF&background=000000,ATHX BERLIN 2026,Germany 🇩🇪,2026,Female,ATHX Lite,Endurance,,,,1.5KM,2.654KM
9,Tina,Dragutinovic-Moos,Tina Dragutinovic-Moos,Female,,,https://ui-avatars.com/api/?name=T+D&color=FFFFFF&background=000000,ATHX BERLIN 2026,Germany 🇩🇪,2026,Female,ATHX Lite,Endurance,,,,2KM,2.144KM
10,Alessa,Frey,Alessa Frey,Female,,,https://ui-avatars.com/api/?name=A+F&color=FFFFFF&background=000000,ATHX BERLIN 2026,Germany 🇩🇪,2026,Female,ATHX Lite,Endurance,,,,1.92KM,2.223KM
11,Justyna,Niemczyk,Justyna Niemczyk,Female,Poland,,https://ui-avatars.com/api/?name=J+N&color=FFFFFF&background=000000,ATHX BERLIN 2026,Germany 🇩🇪,2026,Female,ATHX Lite,Endurance,,,,1.717KM,2.382KM
12,Naruna Kamala,Viana Guimarães Vierling,Naruna Kamala Viana Guimarães Vierling,Female,Brazil,,https://ui-avatars.com/api/?name=N+K+V+G+V&color=FFFFFF&background=000000,ATHX BERLIN 2026,Germany 🇩🇪,2026,Female,ATHX Lite,Endurance,,,,1.5KM,2.553KM
13,Miriam,Post,Miriam Post,Female,,,https://ui-avatars.com/api/?name=M+P&color=FFFFFF&background=000000,ATHX BERLIN 2026,Germany 🇩🇪,2026,Female,ATHX Lite,Endurance,,,,1.69KM,2.355KM
14,Bianca,Flender,Bianca Flender,Female,,,https://ui-avatars.com/api/?name=B+F&color=FFFFFF&background=000000,ATHX BERLIN 2026,Germany 🇩🇪,2026,Female,ATHX Lite,Endurance,,,,1.767KM,2.179KM
15,Vanessa,Schilde,Vanessa Schilde,Female,,,https://ui-avatars.com/api/?name=V+S&color=FFFFFF&background=000000,ATHX BERLIN 2026,Germany 🇩🇪,2026,Female,ATHX Lite,Endurance,,,,1.5KM,2.425KM
16,Diellza,Isufaj,Diellza Isufaj,Female,,,https://ui-avatars.com/api/?name=D+I&color=FFFFFF&background=000000,ATHX BERLIN 2026,Germany 🇩🇪,2026,Female,ATHX Lite,Endurance,,,,1.675KM,2.205KM
17,Vanja,Lier,Vanja Lier,Female,,,https://athxgames.com/storage/profile-photos/lIA6uca3GEQsy8iUFtiHxn8805tb5ehYSMC7ZW7A.jpg,ATHX BERLIN 2026,Germany 🇩🇪,2026,Female,ATHX Lite,Endurance,,,,1.941KM,1.937KM
18,Janina,Paaß,Janina Paaß,Female,,,https://ui-avatars.com/api/?name=J+P&color=FFFFFF&background=000000,ATHX BERLIN 2026,Germany 🇩🇪,2026,Female,ATHX Lite,Endurance,,,,1.5KM,2.362KM
19,Elena,Siepe,Elena Siepe,Female,,,https://ui-avatars.com/api/?name=E+S&color=FFFFFF&background=000000,ATHX BERLIN 2026,Germany 🇩🇪,2026,Female,ATHX Lite,Endurance,,,,1.646KM,2.194KM
20,Maren,Kaspers,Maren Kaspers,Female,,,https://ui-avatars.com/api/?name=M+K&color=FFFFFF&background=000000,ATHX BERLIN 2026,Germany 🇩🇪,2026,Female,ATHX Lite,Endurance,,,,1.5KM,2.339KM
21,Jasmina,Schmidt,Jasmina Schmidt,Female,,,https://ui-avatars.com/api/?name=J+S&color=FFFFFF&background=000000,ATHX BERLIN 2026,Germany 🇩🇪,2026,Female,ATHX Lite,Endurance,,,,1.828KM,2.001KM
22,Christina,Leuker,Christina Leuker,Female,,,https://ui-avatars.com/api/?name=C+L&color=FFFFFF&background=000000,ATHX BERLIN 2026,Germany 🇩🇪,2026,Female,ATHX Lite,Endurance,,,,0.953KM,2.859KM
23,Inke,Nissen,Inke Nissen,Female,,,https://ui-avatars.com/api/?name=I+N&color=FFFFFF&background=000000,ATHX BERLIN 2026,Germany 🇩🇪,2026,Female,ATHX Lite,Endurance,,,,1.5KM,2.285KM
24,Josephine,Schröder,Josephine Schröder,Female,,,https://ui-avatars.com/api/?name=J+S&color=FFFFFF&background=000000,ATHX BERLIN 2026,Germany 🇩🇪,2026,Female,ATHX Lite,Endurance,,,,2KM,1.783KM
25,Amy,Wake,Amy Wake,Female,,,https://ui-avatars.com/api/?name=A+W&color=FFFFFF&background=000000,ATHX BERLIN 2026,Germany 🇩🇪,2026,Female,ATHX Lite,Endurance,,,,1.853KM,1.924KM
26,Diana,Petersen,Diana Petersen,Female,,,https://ui-avatars.com/api/?name=D+P&color=FFFFFF&background=000000,ATHX BERLIN 2026,Germany 🇩🇪,2026,Female,ATHX Lite,Endurance,,,,1.5KM,2.263KM
27,Sara,Kosnacova,Sara Kosnacova,Female,,,https://ui-avatars.com/api/?name=S+K&color=FFFFFF&background=000000,ATHX BERLIN 2026,Germany 🇩🇪,2026,Female,ATHX Lite,Endurance,,,,1.824KM,1.894KM
28,Lara,Farwick,Lara Farwick,Female,Germany,,https://ui-avatars.com/api/?name=L+F&color=FFFFFF&background=000000,ATHX BERLIN 2026,Germany 🇩🇪,2026,Female,ATHX Lite,Endurance,,,,1.5KM,2.193KM
29,Jessica,Kourie,Jessica Kourie,Female,,,https://ui-avatars.com/api/?name=J+K&color=FFFFFF&background=000000,ATHX BERLIN 2026,Germany 🇩🇪,2026,Female,ATHX Lite,Endurance,,,,1.966KM,1.7KM
30,Franziska,Wilsky,Franziska Wilsky,Female,,,https://ui-avatars.com/api/?name=F+W&color=FFFFFF&background=000000,ATHX BERLIN 2026,Germany 🇩🇪,2026,Female,ATHX Lite,Endurance,,,,1.5KM,2.161KM
31,Anja,Rausch,Anja Rausch,Female,,,https://ui-avatars.com/api/?name=A+R&color=FFFFFF&background=000000,ATHX BERLIN 2026,Germany 🇩🇪,2026,Female,ATHX Lite,Endurance,,,,1.698KM,1.932KM
32,Janine,Balzer,Janine Balzer,Female,,,https://ui-avatars.com/api/?name=J+B&color=FFFFFF&background=000000,ATHX BERLIN 2026,Germany 🇩🇪,2026,Female,ATHX Lite,Endurance,,,,1.5KM,2.125KM
33,Sara,Douedari,Sara Douedari,Female,,,https://ui-avatars.com/api/?name=S+D&color=FFFFFF&background=000000,ATHX BERLIN 2026,Germany 🇩🇪,2026,Female,ATHX Lite,Endurance,,,,1.408KM,2.211KM
34,Pia,Rüther,Pia Rüther,Female,,,https://ui-avatars.com/api/?name=P+R&color=FFFFFF&background=000000,ATHX BERLIN 2026,Germany 🇩🇪,2026,Female,ATHX Lite,Endurance,,,,1.665KM,1.944KM
35,Milena,Belitzer,Milena Belitzer,Female,Germany,T.S.S Crossfit,https://ui-avatars.com/api/?name=M+B&color=FFFFFF&background=000000,ATHX BERLIN 2026,Germany 🇩🇪,2026,Female,ATHX Lite,Endurance,,,,1.75KM,1.848KM
36,Nicole,Bredfeldt,Nicole Bredfeldt,Female,Germany,Trave CrossFit,https://ui-avatars.com/api/?name=N+B&color=FFFFFF&background=000000,ATHX BERLIN 2026,Germany 🇩🇪,2026,Female,ATHX Lite,Endurance,,,,1.25KM,2.339KM
37,Sandy,Sorger,Sandy Sorger,Female,,,https://ui-avatars.com/api/?name=S+S&color=FFFFFF&background=000000,ATHX BERLIN 2026,Germany 🇩🇪,2026,Female,ATHX Lite,Endurance,,,,1.596KM,1.98KM
38,Saskia-Alessandra,Forkel,Saskia-Alessandra Forkel,Female,,,https://ui-avatars.com/api/?name=S+F&color=FFFFFF&background=000000,ATHX BERLIN 2026,Germany 🇩🇪,2026,Female,ATHX Lite,Endurance,,,,1.5KM,1.993KM
39,Katerina,Giannoglou,Katerina Giannoglou,Female,,,https://ui-avatars.com/api/?name=K+G&color=FFFFFF&background=000000,ATHX BERLIN 2026,Germany 🇩🇪,2026,Female,ATHX Lite,Endurance,,,,1.5KM,1.978KM
39,Saskia,Naujok,Saskia Naujok,Female,,,https://ui-avatars.com/api/?name=S+N&color=FFFFFF&background=000000,ATHX BERLIN 2026,Germany 🇩🇪,2026,Female,ATHX Lite,Endurance,,,,1.5KM,1.978KM
41,Timotée,Gbaguidi,Timotée Gbaguidi,Female,,,https://ui-avatars.com/api/?name=T+G&color=FFFFFF&background=000000,ATHX BERLIN 2026,Germany 🇩🇪,2026,Female,ATHX Lite,Endurance,,,,1.5KM,1.97KM
42,Benita-Francesca,Teichmann,Benita-Francesca Teichmann,Female,,,https://ui-avatars.com/api/?name=B+T&color=FFFFFF&background=000000,ATHX BERLIN 2026,Germany 🇩🇪,2026,Female,ATHX Lite,Endurance,,,,1.512KM,1.943KM
43,Emily,Morgenstern,Emily Morgenstern,Female,,,https://ui-avatars.com/api/?name=E+M&color=FFFFFF&background=000000,ATHX BERLIN 2026,Germany 🇩🇪,2026,Female,ATHX Lite,Endurance,,,,1.5KM,1.907KM
43,Terézia,Nadaska,Terézia Nadaska,Female,,,https://ui-avatars.com/api/?name=T+N&color=FFFFFF&background=000000,ATHX BERLIN 2026,Germany 🇩🇪,2026,Female,ATHX Lite,Endurance,,,,1.5KM,1.907KM
45,Sina,Rieckhoff,Sina Rieckhoff,Female,,,https://ui-avatars.com/api/?name=S+R&color=FFFFFF&background=000000,ATHX BERLIN 2026,Germany 🇩🇪,2026,Female,ATHX Lite,Endurance,,,,0.927KM,2.467KM
46,Martina,Burkert,Martina Burkert,Female,,,https://ui-avatars.com/api/?name=M+B&color=FFFFFF&background=000000,ATHX BERLIN 2026,Germany 🇩🇪,2026,Female,ATHX Lite,Endurance,,,,2KM,1.388KM
47,Anna-Marie,Rose,Anna-Marie Rose,Female,,,https://ui-avatars.com/api/?name=A+R&color=FFFFFF&background=000000,ATHX BERLIN 2026,Germany 🇩🇪,2026,Female,ATHX Lite,Endurance,,,,1.75KM,1.511KM
48,Vasiliki,Koutsogianni,Vasiliki Koutsogianni,Female,,,https://ui-avatars.com/api/?name=V+K&color=FFFFFF&background=000000,ATHX BERLIN 2026,Germany 🇩🇪,2026,Female,ATHX Lite,Endurance,,,,1.5KM,1.76KM
49,Stefanie,Preuß,Stefanie Preuß,Female,,,https://ui-avatars.com/api/?name=S+P&color=FFFFFF&background=000000,ATHX BERLIN 2026,Germany 🇩🇪,2026,Female,ATHX Lite,Endurance,,,,1.5KM,1.683KM
50,Desi,Lundoloki,Desi Lundoloki,Female,,,https://ui-avatars.com/api/?name=D+L&color=FFFFFF&background=000000,ATHX BERLIN 2026,Germany 🇩🇪,2026,Female,ATHX Lite,Endurance,,,,1.5KM,1.68KM
51,Burcin,Özcelik,Burcin Özcelik,Female,,,https://ui-avatars.com/api/?name=B+%C3%96&color=FFFFFF&background=000000,ATHX BERLIN 2026,Germany 🇩🇪,2026,Female,ATHX Lite,Endurance,,,,1.448KM,1.669KM
1,Jens,Koppe,Jens Koppe,Male,,,https://ui-avatars.com/api/?name=J+K&color=FFFFFF&background=000000,ATHX BERLIN 2026,Germany 🇩🇪,2026,Male,ATHX Pro,Strength,100KG,205KG,230KG,,
2,Baz,gouldsbury,Baz gouldsbury,Male,,,https://ui-avatars.com/api/?name=B+g&color=FFFFFF&background=000000,ATHX BERLIN 2026,Germany 🇩🇪,2026,Male,ATHX Pro,Strength,95KG,190KG,180KG,,
3,Lewys,Morgan-Smith,Lewys Morgan-Smith,Male,,,https://ui-avatars.com/api/?name=L+M&color=FFFFFF&background=000000,ATHX BERLIN 2026,Germany 🇩🇪,2026,Male,ATHX Pro,Strength,85KG,190KG,180KG,,
3,Thomas,Rieger,Thomas Rieger,Male,,,https://ui-avatars.com/api/?name=T+R&color=FFFFFF&background=000000,ATHX BERLIN 2026,Germany 🇩🇪,2026,Male,ATHX Pro,Strength,80KG,175KG,200KG,,
5,Philipp,Wamser,Philipp Wamser,Male,,,https://ui-avatars.com/api/?name=P+W&color=FFFFFF&background=000000,ATHX BERLIN 2026,Germany 🇩🇪,2026,Male,ATHX Pro,Strength,90KG,170KG,190KG,,
6,Tom,Maischak,Tom Maischak,Male,,,https://ui-avatars.com/api/?name=T+M&color=FFFFFF&background=000000,ATHX BERLIN 2026,Germany 🇩🇪,2026,Male,ATHX Pro,Strength,85KG,158KG,200KG,,
7,Alexander,Sonnenthal,Alexander Sonnenthal,Male,,,https://ui-avatars.com/api/?name=A+S&color=FFFFFF&background=000000,ATHX BERLIN 2026,Germany 🇩🇪,2026,Male,ATHX Pro,Strength,85KG,160KG,190KG,,
8,Nils,Mattern,Nils Mattern,Male,,,https://ui-avatars.com/api/?name=N+M&color=FFFFFF&background=000000,ATHX BERLIN 2026,Germany 🇩🇪,2026,Male,ATHX Pro,Strength,75KG,160KG,190KG,,
9,Sören,Findeisen,Sören Findeisen,Male,Germany,,https://ui-avatars.com/api/?name=S+F&color=FFFFFF&background=000000,ATHX BERLIN 2026,Germany 🇩🇪,2026,Male,ATHX Pro,Strength,86KG,146KG,191KG,,
10,Max,Pieper,Max Pieper,Male,,,https://ui-avatars.com/api/?name=M+P&color=FFFFFF&background=000000,ATHX BERLIN 2026,Germany 🇩🇪,2026,Male,ATHX Pro,Strength,89KG,145KG,185KG,,
11,Ralph,Wachter,Ralph Wachter,Male,Austria,DasGYM,https://ui-avatars.com/api/?name=R+W&color=FFFFFF&background=000000,ATHX BERLIN 2026,Germany 🇩🇪,2026,Male,ATHX Pro,Strength,65KG,165KG,185KG,,
12,Horatiu,Kraus,Horatiu Kraus,Male,,,https://ui-avatars.com/api/?name=H+K&color=FFFFFF&background=000000,ATHX BERLIN 2026,Germany 🇩🇪,2026,Male,ATHX Pro,Strength,82KG,146KG,183KG,,
13,Daniel,Lemke,Daniel Lemke,Male,,,https://ui-avatars.com/api/?name=D+L&color=FFFFFF&background=000000,ATHX BERLIN 2026,Germany 🇩🇪,2026,Male,ATHX Pro,Strength,70KG,170KG,170KG,,
14,Andre,Theis,Andre Theis,Male,,,https://ui-avatars.com/api/?name=A+T&color=FFFFFF&background=000000,ATHX BERLIN 2026,Germany 🇩🇪,2026,Male,ATHX Pro,Strength,87KG,140KG,171KG,,
15,Andreas,Kirsch,Andreas Kirsch,Male,,,https://ui-avatars.com/api/?name=A+K&color=FFFFFF&background=000000,ATHX BERLIN 2026,Germany 🇩🇪,2026,Male,ATHX Pro,Strength,80KG,140KG,170KG,,
15,Bjarne,Jensen,Bjarne Jensen,Male,,,https://ui-avatars.com/api/?name=B+J&color=FFFFFF&background=000000,ATHX BERLIN 2026,Germany 🇩🇪,2026,Male,ATHX Pro,Strength,50KG,155KG,185KG,,
15,philipp,Ketzer,philipp Ketzer,Male,,,https://ui-avatars.com/api/?name=p+K&color=FFFFFF&background=000000,ATHX BERLIN 2026,Germany 🇩🇪,2026,Male,ATHX Pro,Strength,70KG,140KG,180KG,,
18,Alexander,Mory,Alexander Mory,Male,Germany,Evope,https://ui-avatars.com/api/?name=A+M&color=FFFFFF&background=000000,ATHX BERLIN 2026,Germany 🇩🇪,2026,Male,ATHX Pro,Strength,72KG,146KG,170KG,,
19,Steven,Knieriemen,Steven Knieriemen,Male,,,https://ui-avatars.com/api/?name=S+K&color=FFFFFF&background=000000,ATHX BERLIN 2026,Germany 🇩🇪,2026,Male,ATHX Pro,Strength,77KG,143KG,166KG,,
20,Tobi,Kleibe,Tobi Kleibe,Male,,,https://ui-avatars.com/api/?name=T+K&color=FFFFFF&background=000000,ATHX BERLIN 2026,Germany 🇩🇪,2026,Male,ATHX Pro,Strength,75KG,135KG,175KG,,
21,Christian,Freese,Christian Freese,Male,,,https://ui-avatars.com/api/?name=C+F&color=FFFFFF&background=000000,ATHX BERLIN 2026,Germany 🇩🇪,2026,Male,ATHX Pro,Strength,70KG,146KG,165KG,,
22,Philipp,Grunert,Philipp Grunert,Male,,,https://ui-avatars.com/api/?name=P+G&color=FFFFFF&background=000000,ATHX BERLIN 2026,Germany 🇩🇪,2026,Male,ATHX Pro,Strength,75KG,135KG,165KG,,
23,Leonel,Quinta,Leonel Quinta,Male,,,https://ui-avatars.com/api/?name=L+Q&color=FFFFFF&background=000000,ATHX BERLIN 2026,Germany 🇩🇪,2026,Male,ATHX Pro,Strength,65KG,140KG,160KG,,
24,Johannes,Kluge,Johannes Kluge,Male,Germany,CrossFit DD,https://ui-avatars.com/api/?name=J+K&color=FFFFFF&background=000000,ATHX BERLIN 2026,Germany 🇩🇪,2026,Male,ATHX Pro,Strength,63KG,140KG,160KG,,
25,Christof,Hahn,Christof Hahn,Male,Germany,,https://ui-avatars.com/api/?name=C+H&color=FFFFFF&background=000000,ATHX BERLIN 2026,Germany 🇩🇪,2026,Male,ATHX Pro,Strength,79KG,120KG,160KG,,
26,Lennart,Finke,Lennart Finke,Male,,,https://athxgames.com/storage/profile-photos/3JiLi6Ez5gv5LjP5Ornyupg6IzhOd3e8eQ8JUio5.jpg,ATHX BERLIN 2026,Germany 🇩🇪,2026,Male,ATHX Pro,Strength,65KG,135KG,150KG,,
26,Detlef,Martach,Detlef Martach,Male,Germany,,https://ui-avatars.com/api/?name=D+M&color=FFFFFF&background=000000,ATHX BERLIN 2026,Germany 🇩🇪,2026,Male,ATHX Pro,Strength,55KG,130KG,165KG,,
28,Jochen,Köhler,Jochen Köhler,Male,,,https://ui-avatars.com/api/?name=J+K&color=FFFFFF&background=000000,ATHX BERLIN 2026,Germany 🇩🇪,2026,Male,ATHX Pro,Strength,52KG,140KG,155KG,,
29,Marc,Ketzer,Marc Ketzer,Male,,,https://ui-avatars.com/api/?name=M+K&color=FFFFFF&background=000000,ATHX BERLIN 2026,Germany 🇩🇪,2026,Male,ATHX Pro,Strength,65KG,130KG,150KG,,
30,Alexander,Kress,Alexander Kress,Male,,,https://ui-avatars.com/api/?name=A+K&color=FFFFFF&background=000000,ATHX BERLIN 2026,Germany 🇩🇪,2026,Male,ATHX Pro,Strength,62KG,130KG,150KG,,
31,Marc,Katzensteiner,Marc Katzensteiner,Male,,,https://ui-avatars.com/api/?name=M+K&color=FFFFFF&background=000000,ATHX BERLIN 2026,Germany 🇩🇪,2026,Male,ATHX Pro,Strength,70KG,110KG,160KG,,
32,Marlon,Kampmann,Marlon Kampmann,Male,Germany,Crossfit mit Schmackes,https://ui-avatars.com/api/?name=M+K&color=FFFFFF&background=000000,ATHX BERLIN 2026,Germany 🇩🇪,2026,Male,ATHX Pro,Strength,58KG,118KG,155KG,,
33,Valentin,Dorn,Valentin Dorn,Male,,,https://ui-avatars.com/api/?name=V+D&color=FFFFFF&background=000000,ATHX BERLIN 2026,Germany 🇩🇪,2026,Male,ATHX Pro,Strength,65KG,110KG,155KG,,
33,Björn,Wittig,Björn Wittig,Male,Germany,,https://athxgames.com/storage/profile-photos/UP5rqv7TcV6a1itx5PdErtudKtohsNsNt0aoGtqS.jpg,ATHX BERLIN 2026,Germany 🇩🇪,2026,Male,ATHX Pro,Strength,75KG,110KG,145KG,,
35,Torben,Krohn,Torben Krohn,Male,,,https://ui-avatars.com/api/?name=T+K&color=FFFFFF&background=000000,ATHX BERLIN 2026,Germany 🇩🇪,2026,Male,ATHX Pro,Strength,65KG,120KG,143KG,,
35,Yannick,Sieberg,Yannick Sieberg,Male,Germany,CrossFit mit Schmackes,https://ui-avatars.com/api/?name=Y+S&color=FFFFFF&background=000000,ATHX BERLIN 2026,Germany 🇩🇪,2026,Male,ATHX Pro,Strength,60KG,118KG,150KG,,
37,Marcel,Knäblein,Marcel Knäblein,Male,,,https://ui-avatars.com/api/?name=M+K&color=FFFFFF&background=000000,ATHX BERLIN 2026,Germany 🇩🇪,2026,Male,ATHX Pro,Strength,60KG,120KG,140KG,,
38,Juergen,Deckert,Juergen Deckert,Male,Germany,,https://ui-avatars.com/api/?name=J+D&color=FFFFFF&background=000000,ATHX BERLIN 2026,Germany 🇩🇪,2026,Male,ATHX Pro,Strength,80KG,110KG,120KG,,
39,Sebastian,Białowąs,Sebastian Białowąs,Male,Poland,,https://ui-avatars.com/api/?name=S+B&color=FFFFFF&background=000000,ATHX BERLIN 2026,Germany 🇩🇪,2026,Male,ATHX Pro,Strength,55KG,100KG,130KG,,
40,Maciek,Dzięcioł,Maciek Dzięcioł,Male,Poland,Move Club Poznań,https://ui-avatars.com/api/?name=M+D&color=FFFFFF&background=000000,ATHX BERLIN 2026,Germany 🇩🇪,2026,Male,ATHX Pro,Strength,55KG,112KG,115KG,,
41,Robert,Koch,Robert Koch,Male,,,https://ui-avatars.com/api/?name=R+K&color=FFFFFF&background=000000,ATHX BERLIN 2026,Germany 🇩🇪,2026,Male,ATHX Pro,Strength,55KG,102KG,104KG,,
42,Steve,Federow,Steve Federow,Male,,,https://ui-avatars.com/api/?name=S+F&color=FFFFFF&background=000000,ATHX BERLIN 2026,Germany 🇩🇪,2026,Male,ATHX Pro,Strength,47KG,75KG,120KG,,
1,Enzo,Helbling,Enzo Helbling,Male,Switzerland,,https://ui-avatars.com/api/?name=E+H&color=FFFFFF&background=000000,ATHX BERLIN 2026,Germany 🇩🇪,2026,Male,ATHX,Strength,100KG,210KG,250KG,,
1,Lukasz,Debek,Lukasz Debek,Male,Poland,Trained by Lucas,https://athxgames.com/storage/profile-photos/7UOZbv7rsQTJ6OHrvIdpqTtIc1YGp56jdcnTR0Y9.jpg,ATHX BERLIN 2026,Germany 🇩🇪,2026,Male,ATHX,Strength,110KG,215KG,235KG,,
3,Arran,Arogundade,Arran Arogundade,Male,,,https://ui-avatars.com/api/?name=A+A&color=FFFFFF&background=000000,ATHX BERLIN 2026,Germany 🇩🇪,2026,Male,ATHX,Strength,100KG,190KG,230KG,,
4,Justus,Herrenbrück,Justus Herrenbrück,Male,Germany,,https://ui-avatars.com/api/?name=J+H&color=FFFFFF&background=000000,ATHX BERLIN 2026,Germany 🇩🇪,2026,Male,ATHX,Strength,85KG,180KG,233KG,,
5,Lorenz,Petri,Lorenz Petri,Male,Germany,Die Krafthalle,https://ui-avatars.com/api/?name=L+P&color=FFFFFF&background=000000,ATHX BERLIN 2026,Germany 🇩🇪,2026,Male,ATHX,Strength,95KG,190KG,210KG,,
6,Raffaele,Del piano,Raffaele Del piano,Male,,,https://ui-avatars.com/api/?name=R+D+p&color=FFFFFF&background=000000,ATHX BERLIN 2026,Germany 🇩🇪,2026,Male,ATHX,Strength,95KG,190KG,190KG,,
7,Lars,Kortenbach,Lars Kortenbach,Male,,,https://ui-avatars.com/api/?name=L+K&color=FFFFFF&background=000000,ATHX BERLIN 2026,Germany 🇩🇪,2026,Male,ATHX,Strength,90KG,180KG,200KG,,
8,Euan,MacRury,Euan MacRury,Male,,,https://ui-avatars.com/api/?name=E+M&color=FFFFFF&background=000000,ATHX BERLIN 2026,Germany 🇩🇪,2026,Male,ATHX,Strength,66KG,210KG,190KG,,
9,Simon,schmidt,Simon schmidt,Male,,,https://ui-avatars.com/api/?name=S+s&color=FFFFFF&background=000000,ATHX BERLIN 2026,Germany 🇩🇪,2026,Male,ATHX,Strength,95KG,170KG,200KG,,
10,Adam,Dadok,Adam Dadok,Male,,,https://ui-avatars.com/api/?name=A+D&color=FFFFFF&background=000000,ATHX BERLIN 2026,Germany 🇩🇪,2026,Male,ATHX,Strength,91KG,170KG,200KG,,
11,Erik,Walther,Erik Walther,Male,,,https://ui-avatars.com/api/?name=E+W&color=FFFFFF&background=000000,ATHX BERLIN 2026,Germany 🇩🇪,2026,Male,ATHX,Strength,100KG,180KG,180KG,,
11,Yannick,Braun,Yannick Braun,Male,,,https://ui-avatars.com/api/?name=Y+B&color=FFFFFF&background=000000,ATHX BERLIN 2026,Germany 🇩🇪,2026,Male,ATHX,Strength,80KG,190KG,190KG,,
13,Erik,Olbert,Erik Olbert,Male,,,https://ui-avatars.com/api/?name=E+O&color=FFFFFF&background=000000,ATHX BERLIN 2026,Germany 🇩🇪,2026,Male,ATHX,Strength,60KG,120KG,275KG,,
13,Sebastian,Whitton,Sebastian Whitton,Male,United Kingdom,,https://athxgames.com/storage/profile-photos/n9mz67jfDdAeVle0yMnwI4qMJapQvSTNVvZrk4QS.jpg,ATHX BERLIN 2026,Germany 🇩🇪,2026,Male,ATHX,Strength,95KG,160KG,200KG,,
15,Jan,Andryszak,Jan Andryszak,Male,,,https://ui-avatars.com/api/?name=J+A&color=FFFFFF&background=000000,ATHX BERLIN 2026,Germany 🇩🇪,2026,Male,ATHX,Strength,93KG,180KG,180KG,,
16,Jörn,Sattler,Jörn Sattler,Male,,,https://ui-avatars.com/api/?name=J+S&color=FFFFFF&background=000000,ATHX BERLIN 2026,Germany 🇩🇪,2026,Male,ATHX,Strength,90KG,180KG,180KG,,
16,Jonas,Wintergerst,Jonas Wintergerst,Male,,,https://ui-avatars.com/api/?name=J+W&color=FFFFFF&background=000000,ATHX BERLIN 2026,Germany 🇩🇪,2026,Male,ATHX,Strength,70KG,180KG,200KG,,
16,Michal,Schwarz,Michal Schwarz,Male,Czech Republic,,https://ui-avatars.com/api/?name=M+S&color=FFFFFF&background=000000,ATHX BERLIN 2026,Germany 🇩🇪,2026,Male,ATHX,Strength,85KG,160KG,205KG,,
19,Julian,Roppelt,Julian Roppelt,Male,,,https://ui-avatars.com/api/?name=J+R&color=FFFFFF&background=000000,ATHX BERLIN 2026,Germany 🇩🇪,2026,Male,ATHX,Strength,80KG,165KG,200KG,,
20,Liam,Eldridge,Liam Eldridge,Male,United Kingdom,Liam Eldridge,https://athxgames.com/storage/profile-photos/sgRVRv0WoiPH3i254Xv8JqQHIHvuoBE1iENxntmR.jpg,ATHX BERLIN 2026,Germany 🇩🇪,2026,Male,ATHX,Strength,90KG,165KG,189KG,,
21,Marvin,Gedlich,Marvin Gedlich,Male,,,https://ui-avatars.com/api/?name=M+G&color=FFFFFF&background=000000,ATHX BERLIN 2026,Germany 🇩🇪,2026,Male,ATHX,Strength,80KG,160KG,200KG,,
22,Joshua,Sacher,Joshua Sacher,Male,,,https://ui-avatars.com/api/?name=J+S&color=FFFFFF&background=000000,ATHX BERLIN 2026,Germany 🇩🇪,2026,Male,ATHX,Strength,85KG,160KG,190KG,,
23,Daniel,Hasselmann,Daniel Hasselmann,Male,,,https://ui-avatars.com/api/?name=D+H&color=FFFFFF&background=000000,ATHX BERLIN 2026,Germany 🇩🇪,2026,Male,ATHX,Strength,83KG,160KG,190KG,,
24,Dustin,Schliwka,Dustin Schliwka,Male,,,https://ui-avatars.com/api/?name=D+S&color=FFFFFF&background=000000,ATHX BERLIN 2026,Germany 🇩🇪,2026,Male,ATHX,Strength,70KG,145KG,215KG,,
24,Marco,Friedrichs,Marco Friedrichs,Male,,,https://ui-avatars.com/api/?name=M+F&color=FFFFFF&background=000000,ATHX BERLIN 2026,Germany 🇩🇪,2026,Male,ATHX,Strength,100KG,140KG,190KG,,
26,Simone,Tavarani,Simone Tavarani,Male,Italy,,https://ui-avatars.com/api/?name=S+T&color=FFFFFF&background=000000,ATHX BERLIN 2026,Germany 🇩🇪,2026,Male,ATHX,Strength,85KG,170KG,170KG,,
26,Felix Michael,Müller,Felix Michael Müller,Male,,,https://ui-avatars.com/api/?name=F+M+M&color=FFFFFF&background=000000,ATHX BERLIN 2026,Germany 🇩🇪,2026,Male,ATHX,Strength,85KG,150KG,190KG,,
28,Sebastian,Lary,Sebastian Lary,Male,,,https://ui-avatars.com/api/?name=S+L&color=FFFFFF&background=000000,ATHX BERLIN 2026,Germany 🇩🇪,2026,Male,ATHX,Strength,80KG,160KG,181KG,,
29,Boubacar,Bah,Boubacar Bah,Male,,,https://ui-avatars.com/api/?name=B+B&color=FFFFFF&background=000000,ATHX BERLIN 2026,Germany 🇩🇪,2026,Male,ATHX,Strength,80KG,160KG,180KG,,
29,Burak,Kara,Burak Kara,Male,,,https://athxgames.com/storage/profile-photos/ownkdlOIVvhmAbC91R3tAXtuCW95QesVVeQfniI2.jpg,ATHX BERLIN 2026,Germany 🇩🇪,2026,Male,ATHX,Strength,75KG,160KG,185KG,,
31,Kevin,Hoos,Kevin Hoos,Male,,,https://ui-avatars.com/api/?name=K+H&color=FFFFFF&background=000000,ATHX BERLIN 2026,Germany 🇩🇪,2026,Male,ATHX,Strength,77KG,162KG,180KG,,
32,Jona,Kozmin,Jona Kozmin,Male,Germany,,https://ui-avatars.com/api/?name=J+K&color=FFFFFF&background=000000,ATHX BERLIN 2026,Germany 🇩🇪,2026,Male,ATHX,Strength,78KG,160KG,180KG,,
33,Philipp,Reb,Philipp Reb,Male,,,https://ui-avatars.com/api/?name=P+R&color=FFFFFF&background=000000,ATHX BERLIN 2026,Germany 🇩🇪,2026,Male,ATHX,Strength,85KG,150KG,180KG,,
33,Jonathan,Bunel joly,Jonathan Bunel joly,Male,France,,https://ui-avatars.com/api/?name=J+B+j&color=FFFFFF&background=000000,ATHX BERLIN 2026,Germany 🇩🇪,2026,Male,ATHX,Strength,80KG,155KG,180KG,,
33,Denis,Rduch,Denis Rduch,Male,Germany,Stronghold - Kettlebell Strength,https://ui-avatars.com/api/?name=D+R&color=FFFFFF&background=000000,ATHX BERLIN 2026,Germany 🇩🇪,2026,Male,ATHX,Strength,75KG,140KG,200KG,,
36,Luca,Hardt,Luca Hardt,Male,,,https://ui-avatars.com/api/?name=L+H&color=FFFFFF&background=000000,ATHX BERLIN 2026,Germany 🇩🇪,2026,Male,ATHX,Strength,78KG,155KG,180KG,,
37,Omar,Baritello,Omar Baritello,Male,Italy,3 ZONE TRAINING - FUNCTIONAL GYM POTSDAM,https://ui-avatars.com/api/?name=O+B&color=FFFFFF&background=000000,ATHX BERLIN 2026,Germany 🇩🇪,2026,Male,ATHX,Strength,82KG,150KG,180KG,,
38,Pascal,Giger,Pascal Giger,Male,,,https://ui-avatars.com/api/?name=P+G&color=FFFFFF&background=000000,ATHX BERLIN 2026,Germany 🇩🇪,2026,Male,ATHX,Strength,75KG,155KG,180KG,,
38,Bernd,grosse Siemer,Bernd grosse Siemer,Male,,,https://ui-avatars.com/api/?name=B+g+S&color=FFFFFF&background=000000,ATHX BERLIN 2026,Germany 🇩🇪,2026,Male,ATHX,Strength,85KG,140KG,185KG,,
38,Maximilian,Brandl,Maximilian Brandl,Male,,,https://ui-avatars.com/api/?name=M+B&color=FFFFFF&background=000000,ATHX BERLIN 2026,Germany 🇩🇪,2026,Male,ATHX,Strength,72KG,158KG,180KG,,
38,Erik,Larsen,Erik Larsen,Male,,,https://ui-avatars.com/api/?name=E+L&color=FFFFFF&background=000000,ATHX BERLIN 2026,Germany 🇩🇪,2026,Male,ATHX,Strength,70KG,160KG,180KG,,
42,Fabian,Bullack,Fabian Bullack,Male,,,https://ui-avatars.com/api/?name=F+B&color=FFFFFF&background=000000,ATHX BERLIN 2026,Germany 🇩🇪,2026,Male,ATHX,Strength,73KG,155KG,180KG,,
43,Marek,Rok,Marek Rok,Male,,,https://ui-avatars.com/api/?name=M+R&color=FFFFFF&background=000000,ATHX BERLIN 2026,Germany 🇩🇪,2026,Male,ATHX,Strength,75KG,143KG,188KG,,
44,Deniz,Galander,Deniz Galander,Male,Germany,,https://ui-avatars.com/api/?name=D+G&color=FFFFFF&background=000000,ATHX BERLIN 2026,Germany 🇩🇪,2026,Male,ATHX,Strength,85KG,140KG,180KG,,
44,Jan,Danowski,Jan Danowski,Male,,,https://ui-avatars.com/api/?name=J+D&color=FFFFFF&background=000000,ATHX BERLIN 2026,Germany 🇩🇪,2026,Male,ATHX,Strength,85KG,140KG,180KG,,
44,Armin,Uhl,Armin Uhl,Male,,,https://ui-avatars.com/api/?name=A+U&color=FFFFFF&background=000000,ATHX BERLIN 2026,Germany 🇩🇪,2026,Male,ATHX,Strength,75KG,160KG,170KG,,
44,Florian,Meier,Florian Meier,Male,Germany,Riginal Crossfit Nürnberg,https://ui-avatars.com/api/?name=F+M&color=FFFFFF&background=000000,ATHX BERLIN 2026,Germany 🇩🇪,2026,Male,ATHX,Strength,71KG,162KG,172KG,,
44,Manfred,Moser,Manfred Moser,Male,,,https://ui-avatars.com/api/?name=M+M&color=FFFFFF&background=000000,ATHX BERLIN 2026,Germany 🇩🇪,2026,Male,ATHX,Strength,85KG,140KG,180KG,,
44,Dischner,Korbinian,Dischner Korbinian,Male,,,https://ui-avatars.com/api/?name=D+K&color=FFFFFF&background=000000,ATHX BERLIN 2026,Germany 🇩🇪,2026,Male,ATHX,Strength,80KG,150KG,175KG,,
50,Kristian,Czyz,Kristian Czyz,Male,,,https://ui-avatars.com/api/?name=K+C&color=FFFFFF&background=000000,ATHX BERLIN 2026,Germany 🇩🇪,2026,Male,ATHX,Strength,70KG,144KG,190KG,,
50,Fabian,Schießl,Fabian Schießl,Male,,,https://ui-avatars.com/api/?name=F+S&color=FFFFFF&background=000000,ATHX BERLIN 2026,Germany 🇩🇪,2026,Male,ATHX,Strength,70KG,154KG,180KG,,
52,Fabian,Kettlitz,Fabian Kettlitz,Male,,,https://ui-avatars.com/api/?name=F+K&color=FFFFFF&background=000000,ATHX BERLIN 2026,Germany 🇩🇪,2026,Male,ATHX,Strength,83KG,140KG,180KG,,
53,Andreas,Stenberg,Andreas Stenberg,Male,,,https://ui-avatars.com/api/?name=A+S&color=FFFFFF&background=000000,ATHX BERLIN 2026,Germany 🇩🇪,2026,Male,ATHX,Strength,77KG,145KG,180KG,,
53,Eugen,Wiens,Eugen Wiens,Male,,,https://ui-avatars.com/api/?name=E+W&color=FFFFFF&background=000000,ATHX BERLIN 2026,Germany 🇩🇪,2026,Male,ATHX,Strength,77KG,155KG,170KG,,
55,Adam,Kugli,Adam Kugli,Male,Hungary,KADUZS AC,https://ui-avatars.com/api/?name=A+K&color=FFFFFF&background=000000,ATHX BERLIN 2026,Germany 🇩🇪,2026,Male,ATHX,Strength,75KG,130KG,195KG,,
55,Henry,Bauer,Henry Bauer,Male,,,https://ui-avatars.com/api/?name=H+B&color=FFFFFF&background=000000,ATHX BERLIN 2026,Germany 🇩🇪,2026,Male,ATHX,Strength,80KG,140KG,180KG,,
55,Brooklyn,Lange,Brooklyn Lange,Male,,,https://ui-avatars.com/api/?name=B+L&color=FFFFFF&background=000000,ATHX BERLIN 2026,Germany 🇩🇪,2026,Male,ATHX,Strength,75KG,140KG,185KG,,
55,Frank,Bauer,Frank Bauer,Male,Germany,Sports Performance Klaar Kiming,https://athxgames.com/storage/profile-photos/ok6hgBDNUd5RDwtJ0PFZBdGQvltq5w3JItP0JkR4.png,ATHX BERLIN 2026,Germany 🇩🇪,2026,Male,ATHX,Strength,75KG,125KG,200KG,,
55,Robert,Ettrich,Robert Ettrich,Male,,,https://ui-avatars.com/api/?name=R+E&color=FFFFFF&background=000000,ATHX BERLIN 2026,Germany 🇩🇪,2026,Male,ATHX,Strength,80KG,130KG,190KG,,
55,Lars,Ulbricht,Lars Ulbricht,Male,,,https://ui-avatars.com/api/?name=L+U&color=FFFFFF&background=000000,ATHX BERLIN 2026,Germany 🇩🇪,2026,Male,ATHX,Strength,80KG,150KG,170KG,,
61,Rustem,Masgutov,Rustem Masgutov,Male,,,https://ui-avatars.com/api/?name=R+M&color=FFFFFF&background=000000,ATHX BERLIN 2026,Germany 🇩🇪,2026,Male,ATHX,Strength,78KG,150KG,170KG,,
62,Vangelis,Papanikolaou,Vangelis Papanikolaou,Male,,,https://ui-avatars.com/api/?name=V+P&color=FFFFFF&background=000000,ATHX BERLIN 2026,Germany 🇩🇪,2026,Male,ATHX,Strength,60KG,160KG,175KG,,
62,Tayfun,Simsek,Tayfun Simsek,Male,Palestine,bhc.club,https://athxgames.com/storage/profile-photos/Fylye2GA1EXMm9bdNFnJQJbUJJ6Id8T1D6HHEAZV.jpg,ATHX BERLIN 2026,Germany 🇩🇪,2026,Male,ATHX,Strength,75KG,160KG,160KG,,
64,Martin,Dahlman,Martin Dahlman,Male,,,https://ui-avatars.com/api/?name=M+D&color=FFFFFF&background=000000,ATHX BERLIN 2026,Germany 🇩🇪,2026,Male,ATHX,Strength,84KG,130KG,180KG,,
65,Stephan,Friedrich,Stephan Friedrich,Male,Germany,Crossfit Box Eching,https://athxgames.com/storage/profile-photos/Oa2DGd1hq4WGjsTSaprsDEJYSySiqGRAzqNeKEri.jpg,ATHX BERLIN 2026,Germany 🇩🇪,2026,Male,ATHX,Strength,83KG,140KG,170KG,,
66,Christian,Leutner,Christian Leutner,Male,Germany,Crossfit Adendorf,https://ui-avatars.com/api/?name=C+L&color=FFFFFF&background=000000,ATHX BERLIN 2026,Germany 🇩🇪,2026,Male,ATHX,Strength,83KG,145KG,163KG,,
66,Thies,Nicolaisen,Thies Nicolaisen,Male,,,https://ui-avatars.com/api/?name=T+N&color=FFFFFF&background=000000,ATHX BERLIN 2026,Germany 🇩🇪,2026,Male,ATHX,Strength,71KG,140KG,180KG,,
68,Adam,Johnston,Adam Johnston,Male,,,https://ui-avatars.com/api/?name=A+J&color=FFFFFF&background=000000,ATHX BERLIN 2026,Germany 🇩🇪,2026,Male,ATHX,Strength,70KG,150KG,170KG,,
68,Federico,Benedetti,Federico Benedetti,Male,Italy,bennisundae,https://ui-avatars.com/api/?name=F+B&color=FFFFFF&background=000000,ATHX BERLIN 2026,Germany 🇩🇪,2026,Male,ATHX,Strength,70KG,150KG,170KG,,
68,Fadi,Joumaa,Fadi Joumaa,Male,,,https://ui-avatars.com/api/?name=F+J&color=FFFFFF&background=000000,ATHX BERLIN 2026,Germany 🇩🇪,2026,Male,ATHX,Strength,80KG,130KG,180KG,,
71,Dan,Baaken,Dan Baaken,Male,,,https://ui-avatars.com/api/?name=D+B&color=FFFFFF&background=000000,ATHX BERLIN 2026,Germany 🇩🇪,2026,Male,ATHX,Strength,70KG,125KG,190KG,,
71,Martin,Prasch,Martin Prasch,Male,,,https://ui-avatars.com/api/?name=M+P&color=FFFFFF&background=000000,ATHX BERLIN 2026,Germany 🇩🇪,2026,Male,ATHX,Strength,75KG,145KG,165KG,,
71,Sasha,Hinderlich,Sasha Hinderlich,Male,Germany,Welldone,https://athxgames.com/storage/profile-photos/0t83PdWIGkvZbb29EwZCp4JN6NdzBZFTpNTJAUNb.jpg,ATHX BERLIN 2026,Germany 🇩🇪,2026,Male,ATHX,Strength,75KG,150KG,160KG,,
74,Philip,Heitmann,Philip Heitmann,Male,,,https://ui-avatars.com/api/?name=P+H&color=FFFFFF&background=000000,ATHX BERLIN 2026,Germany 🇩🇪,2026,Male,ATHX,Strength,70KG,140KG,170KG,,
74,Maximilian,Köckritz,Maximilian Köckritz,Male,Germany,CrossFit Cham,https://ui-avatars.com/api/?name=M+K&color=FFFFFF&background=000000,ATHX BERLIN 2026,Germany 🇩🇪,2026,Male,ATHX,Strength,80KG,140KG,160KG,,
74,Leo,Chiricone,Leo Chiricone,Male,Italy,,https://athxgames.com/storage/profile-photos/DB9Amnprdx26C5l2tOqjSi4aR6NHfdgDiLQ8eTLN.jpg,ATHX BERLIN 2026,Germany 🇩🇪,2026,Male,ATHX,Strength,60KG,150KG,170KG,,
74,Hannes,Tüllmann,Hannes Tüllmann,Male,,,https://ui-avatars.com/api/?name=H+T&color=FFFFFF&background=000000,ATHX BERLIN 2026,Germany 🇩🇪,2026,Male,ATHX,Strength,90KG,130KG,160KG,,
78,Tom,Grindel,Tom Grindel,Male,United Kingdom,TBL,https://athxgames.com/storage/profile-photos/tXGDJrnpzyBLm00BHpAJqiezYhjbB4oA8txZoOYb.jpg,ATHX BERLIN 2026,Germany 🇩🇪,2026,Male,ATHX,Strength,77KG,125KG,177KG,,
79,Daniel,Birca,Daniel Birca,Male,,,https://athxgames.com/storage/profile-photos/zPsHJCMXThyvseOIuCEbb5dSBiBFLKDgBgn5BqPy.jpg,ATHX BERLIN 2026,Germany 🇩🇪,2026,Male,ATHX,Strength,75KG,133KG,170KG,,
80,Euan,Duff,Euan Duff,Male,,,https://ui-avatars.com/api/?name=E+D&color=FFFFFF&background=000000,ATHX BERLIN 2026,Germany 🇩🇪,2026,Male,ATHX,Strength,62KG,150KG,165KG,,
81,Hannes,Gey,Hannes Gey,Male,Germany,CrossFit Leipzig,https://ui-avatars.com/api/?name=H+G&color=FFFFFF&background=000000,ATHX BERLIN 2026,Germany 🇩🇪,2026,Male,ATHX,Strength,70KG,145KG,160KG,,
81,Sven,Lang,Sven Lang,Male,,,https://ui-avatars.com/api/?name=S+L&color=FFFFFF&background=000000,ATHX BERLIN 2026,Germany 🇩🇪,2026,Male,ATHX,Strength,75KG,130KG,170KG,,
81,Felix,Schier,Felix Schier,Male,,,https://ui-avatars.com/api/?name=F+S&color=FFFFFF&background=000000,ATHX BERLIN 2026,Germany 🇩🇪,2026,Male,ATHX,Strength,80KG,145KG,150KG,,
81,Jan-Niclas,Faasch,Jan-Niclas Faasch,Male,,,https://ui-avatars.com/api/?name=J+F&color=FFFFFF&background=000000,ATHX BERLIN 2026,Germany 🇩🇪,2026,Male,ATHX,Strength,75KG,130KG,170KG,,
81,Kayode,Passos,Kayode Passos,Male,Brazil,B-Sport,https://ui-avatars.com/api/?name=K+P&color=FFFFFF&background=000000,ATHX BERLIN 2026,Germany 🇩🇪,2026,Male,ATHX,Strength,75KG,140KG,160KG,,
81,Leon,Horn,Leon Horn,Male,,,https://ui-avatars.com/api/?name=L+H&color=FFFFFF&background=000000,ATHX BERLIN 2026,Germany 🇩🇪,2026,Male,ATHX,Strength,75KG,130KG,170KG,,
81,Daniel,Rath,Daniel Rath,Male,,,https://ui-avatars.com/api/?name=D+R&color=FFFFFF&background=000000,ATHX BERLIN 2026,Germany 🇩🇪,2026,Male,ATHX,Strength,65KG,150KG,160KG,,
81,Sergio,Kaiser,Sergio Kaiser,Male,Germany,AC Bavaria Forchheim 1908 e.V.,https://ui-avatars.com/api/?name=S+K&color=FFFFFF&background=000000,ATHX BERLIN 2026,Germany 🇩🇪,2026,Male,ATHX,Strength,65KG,140KG,170KG,,
89,Tim,Weyland,Tim Weyland,Male,Germany,CROSSFIT MIT SCHMACKES,https://ui-avatars.com/api/?name=T+W&color=FFFFFF&background=000000,ATHX BERLIN 2026,Germany 🇩🇪,2026,Male,ATHX,Strength,64KG,140KG,170KG,,
90,Juri,Maier,Juri Maier,Male,,,https://ui-avatars.com/api/?name=J+M&color=FFFFFF&background=000000,ATHX BERLIN 2026,Germany 🇩🇪,2026,Male,ATHX,Strength,73KG,150KG,150KG,,
91,Benedikt,Meyer-Drabert,Benedikt Meyer-Drabert,Male,,,https://ui-avatars.com/api/?name=B+M&color=FFFFFF&background=000000,ATHX BERLIN 2026,Germany 🇩🇪,2026,Male,ATHX,Strength,72KG,140KG,160KG,,
92,Pascal,Pech,Pascal Pech,Male,,,https://ui-avatars.com/api/?name=P+P&color=FFFFFF&background=000000,ATHX BERLIN 2026,Germany 🇩🇪,2026,Male,ATHX,Strength,67KG,138KG,165KG,,
92,Bernardo,Mercado Coimbra,Bernardo Mercado Coimbra,Male,,,https://ui-avatars.com/api/?name=B+M+C&color=FFFFFF&background=000000,ATHX BERLIN 2026,Germany 🇩🇪,2026,Male,ATHX,Strength,70KG,140KG,160KG,,
92,Nils,Bind,Nils Bind,Male,,,https://ui-avatars.com/api/?name=N+B&color=FFFFFF&background=000000,ATHX BERLIN 2026,Germany 🇩🇪,2026,Male,ATHX,Strength,70KG,120KG,180KG,,
92,Igor,Roller,Igor Roller,Male,Germany,,https://ui-avatars.com/api/?name=I+R&color=FFFFFF&background=000000,ATHX BERLIN 2026,Germany 🇩🇪,2026,Male,ATHX,Strength,65KG,120KG,185KG,,
92,Lorenz,Funk,Lorenz Funk,Male,,,https://ui-avatars.com/api/?name=L+F&color=FFFFFF&background=000000,ATHX BERLIN 2026,Germany 🇩🇪,2026,Male,ATHX,Strength,80KG,120KG,170KG,,
92,Christian,Böttger,Christian Böttger,Male,,,https://ui-avatars.com/api/?name=C+B&color=FFFFFF&background=000000,ATHX BERLIN 2026,Germany 🇩🇪,2026,Male,ATHX,Strength,70KG,135KG,165KG,,
92,Joel,Hill,Joel Hill,Male,Canada,,https://ui-avatars.com/api/?name=J+H&color=FFFFFF&background=000000,ATHX BERLIN 2026,Germany 🇩🇪,2026,Male,ATHX,Strength,70KG,140KG,160KG,,
92,Julian,Chahal,Julian Chahal,Male,,,https://ui-avatars.com/api/?name=J+C&color=FFFFFF&background=000000,ATHX BERLIN 2026,Germany 🇩🇪,2026,Male,ATHX,Strength,80KG,130KG,160KG,,
100,Chris,Pawson,Chris Pawson,Male,,,https://ui-avatars.com/api/?name=C+P&color=FFFFFF&background=000000,ATHX BERLIN 2026,Germany 🇩🇪,2026,Male,ATHX,Strength,78KG,130KG,160KG,,
101,Chris,Lenton,Chris Lenton,Male,,,https://ui-avatars.com/api/?name=C+L&color=FFFFFF&background=000000,ATHX BERLIN 2026,Germany 🇩🇪,2026,Male,ATHX,Strength,77KG,130KG,160KG,,
101,Filip,Antoszewski,Filip Antoszewski,Male,,,https://ui-avatars.com/api/?name=F+A&color=FFFFFF&background=000000,ATHX BERLIN 2026,Germany 🇩🇪,2026,Male,ATHX,Strength,65KG,131KG,171KG,,
103,Manuel,Stepanow,Manuel Stepanow,Male,Germany,CrossFit Frankfurt,https://ui-avatars.com/api/?name=M+S&color=FFFFFF&background=000000,ATHX BERLIN 2026,Germany 🇩🇪,2026,Male,ATHX,Strength,70KG,130KG,165KG,,
103,Hendrik,Behrens,Hendrik Behrens,Male,Germany,CFM Berlin Mitte,https://athxgames.com/storage/profile-photos/eFDWi3QPyKE34hJA775gjzQzu8DLgDAr2NSxMJmn.jpg,ATHX BERLIN 2026,Germany 🇩🇪,2026,Male,ATHX,Strength,70KG,125KG,170KG,,
103,Daniel,Alvarado,Daniel Alvarado,Male,,,https://ui-avatars.com/api/?name=D+A&color=FFFFFF&background=000000,ATHX BERLIN 2026,Germany 🇩🇪,2026,Male,ATHX,Strength,65KG,135KG,165KG,,
103,Mischa,Schneider,Mischa Schneider,Male,,,https://ui-avatars.com/api/?name=M+S&color=FFFFFF&background=000000,ATHX BERLIN 2026,Germany 🇩🇪,2026,Male,ATHX,Strength,75KG,140KG,150KG,,
103,Philipp,Pecher,Philipp Pecher,Male,,,https://ui-avatars.com/api/?name=P+P&color=FFFFFF&background=000000,ATHX BERLIN 2026,Germany 🇩🇪,2026,Male,ATHX,Strength,75KG,130KG,160KG,,
103,Michael,Bartsch,Michael Bartsch,Male,,,https://ui-avatars.com/api/?name=M+B&color=FFFFFF&background=000000,ATHX BERLIN 2026,Germany 🇩🇪,2026,Male,ATHX,Strength,75KG,130KG,160KG,,
103,Mark,Hine,Mark Hine,Male,,,https://ui-avatars.com/api/?name=M+H&color=FFFFFF&background=000000,ATHX BERLIN 2026,Germany 🇩🇪,2026,Male,ATHX,Strength,65KG,130KG,170KG,,
110,Andreas,Synak,Andreas Synak,Male,,,https://ui-avatars.com/api/?name=A+S&color=FFFFFF&background=000000,ATHX BERLIN 2026,Germany 🇩🇪,2026,Male,ATHX,Strength,73KG,145KG,145KG,,
111,Marc,Ewers,Marc Ewers,Male,Germany,,https://ui-avatars.com/api/?name=M+E&color=FFFFFF&background=000000,ATHX BERLIN 2026,Germany 🇩🇪,2026,Male,ATHX,Strength,68KG,135KG,159KG,,
111,Martin,Gruner,Martin Gruner,Male,,,https://ui-avatars.com/api/?name=M+G&color=FFFFFF&background=000000,ATHX BERLIN 2026,Germany 🇩🇪,2026,Male,ATHX,Strength,79KG,140KG,143KG,,
111,WIlli,Kellich,WIlli Kellich,Male,,,https://ui-avatars.com/api/?name=W+K&color=FFFFFF&background=000000,ATHX BERLIN 2026,Germany 🇩🇪,2026,Male,ATHX,Strength,58KG,142KG,162KG,,
114,Szabolcs,Lukacs,Szabolcs Lukacs,Male,,,https://ui-avatars.com/api/?name=S+L&color=FFFFFF&background=000000,ATHX BERLIN 2026,Germany 🇩🇪,2026,Male,ATHX,Strength,70KG,130KG,160KG,,
114,sebastian,cifuentes,sebastian cifuentes,Male,,,https://ui-avatars.com/api/?name=s+c&color=FFFFFF&background=000000,ATHX BERLIN 2026,Germany 🇩🇪,2026,Male,ATHX,Strength,70KG,130KG,160KG,,
114,Nico,Schulze,Nico Schulze,Male,,,https://ui-avatars.com/api/?name=N+S&color=FFFFFF&background=000000,ATHX BERLIN 2026,Germany 🇩🇪,2026,Male,ATHX,Strength,65KG,130KG,165KG,,
114,Mateusz,Florczak,Mateusz Florczak,Male,,,https://ui-avatars.com/api/?name=M+F&color=FFFFFF&background=000000,ATHX BERLIN 2026,Germany 🇩🇪,2026,Male,ATHX,Strength,80KG,120KG,160KG,,
114,Malte,Sieger,Malte Sieger,Male,,,https://athxgames.com/storage/profile-photos/ZTR8xVgWiJPn6L5dbyy7HVOgGldBPiHJHMuA3RKc.jpg,ATHX BERLIN 2026,Germany 🇩🇪,2026,Male,ATHX,Strength,60KG,130KG,170KG,,
119,Luis,Willer,Luis Willer,Male,,,https://ui-avatars.com/api/?name=L+W&color=FFFFFF&background=000000,ATHX BERLIN 2026,Germany 🇩🇪,2026,Male,ATHX,Strength,72KG,126KG,161KG,,
120,Jason,Henkel,Jason Henkel,Male,,,https://ui-avatars.com/api/?name=J+H&color=FFFFFF&background=000000,ATHX BERLIN 2026,Germany 🇩🇪,2026,Male,ATHX,Strength,70KG,120KG,168KG,,
121,David,Piesik,David Piesik,Male,,Crossfit Rabbit Hole,https://ui-avatars.com/api/?name=D+P&color=FFFFFF&background=000000,ATHX BERLIN 2026,Germany 🇩🇪,2026,Male,ATHX,Strength,72KG,130KG,155KG,,
122,Jaime,Bodelon,Jaime Bodelon,Male,,,https://ui-avatars.com/api/?name=J+B&color=FFFFFF&background=000000,ATHX BERLIN 2026,Germany 🇩🇪,2026,Male,ATHX,Strength,70KG,125KG,160KG,,
122,Malte,Frontzek,Malte Frontzek,Male,,,https://ui-avatars.com/api/?name=M+F&color=FFFFFF&background=000000,ATHX BERLIN 2026,Germany 🇩🇪,2026,Male,ATHX,Strength,85KG,120KG,150KG,,
122,Benjamin,Lux,Benjamin Lux,Male,,,https://ui-avatars.com/api/?name=B+L&color=FFFFFF&background=000000,ATHX BERLIN 2026,Germany 🇩🇪,2026,Male,ATHX,Strength,75KG,110KG,170KG,,
122,Eric,Brockmann,Eric Brockmann,Male,,,https://ui-avatars.com/api/?name=E+B&color=FFFFFF&background=000000,ATHX BERLIN 2026,Germany 🇩🇪,2026,Male,ATHX,Strength,60KG,135KG,160KG,,
122,Finn,Crozier,Finn Crozier,Male,,,https://ui-avatars.com/api/?name=F+C&color=FFFFFF&background=000000,ATHX BERLIN 2026,Germany 🇩🇪,2026,Male,ATHX,Strength,70KG,125KG,160KG,,
127,Alexander,Spießl,Alexander Spießl,Male,Germany,,https://ui-avatars.com/api/?name=A+S&color=FFFFFF&background=000000,ATHX BERLIN 2026,Germany 🇩🇪,2026,Male,ATHX,Strength,74KG,130KG,150KG,,
128,Gabriel,Lichtenstein,Gabriel Lichtenstein,Male,,,https://ui-avatars.com/api/?name=G+L&color=FFFFFF&background=000000,ATHX BERLIN 2026,Germany 🇩🇪,2026,Male,ATHX,Strength,60KG,130KG,160KG,,
128,Tom,Haufe,Tom Haufe,Male,Germany,,https://ui-avatars.com/api/?name=T+H&color=FFFFFF&background=000000,ATHX BERLIN 2026,Germany 🇩🇪,2026,Male,ATHX,Strength,75KG,130KG,145KG,,
128,Daniel,Fuentealba,Daniel Fuentealba,Male,,,https://ui-avatars.com/api/?name=D+F&color=FFFFFF&background=000000,ATHX BERLIN 2026,Germany 🇩🇪,2026,Male,ATHX,Strength,65KG,125KG,160KG,,
128,Jan,Koch,Jan Koch,Male,,,https://ui-avatars.com/api/?name=J+K&color=FFFFFF&background=000000,ATHX BERLIN 2026,Germany 🇩🇪,2026,Male,ATHX,Strength,70KG,140KG,140KG,,
132,Michael,Walch,Michael Walch,Male,,,https://ui-avatars.com/api/?name=M+W&color=FFFFFF&background=000000,ATHX BERLIN 2026,Germany 🇩🇪,2026,Male,ATHX,Strength,69KG,120KG,160KG,,
133,Lars,Prager,Lars Prager,Male,,,https://ui-avatars.com/api/?name=L+P&color=FFFFFF&background=000000,ATHX BERLIN 2026,Germany 🇩🇪,2026,Male,ATHX,Strength,68KG,130KG,150KG,,
133,Sebastian,Brauer,Sebastian Brauer,Male,,,https://ui-avatars.com/api/?name=S+B&color=FFFFFF&background=000000,ATHX BERLIN 2026,Germany 🇩🇪,2026,Male,ATHX,Strength,68KG,130KG,150KG,,
133,Leon Huzeyfe,Erdal,Leon Huzeyfe Erdal,Male,,,https://ui-avatars.com/api/?name=L+H+E&color=FFFFFF&background=000000,ATHX BERLIN 2026,Germany 🇩🇪,2026,Male,ATHX,Strength,78KG,120KG,150KG,,
136,Dennis,Hypa,Dennis Hypa,Male,,,https://ui-avatars.com/api/?name=D+H&color=FFFFFF&background=000000,ATHX BERLIN 2026,Germany 🇩🇪,2026,Male,ATHX,Strength,79KG,125KG,143KG,,
137,Felix,Fischer,Felix Fischer,Male,,,https://ui-avatars.com/api/?name=F+F&color=FFFFFF&background=000000,ATHX BERLIN 2026,Germany 🇩🇪,2026,Male,ATHX,Strength,71KG,125KG,150KG,,
138,Bastian,Bienlein,Bastian Bienlein,Male,,,https://ui-avatars.com/api/?name=B+B&color=FFFFFF&background=000000,ATHX BERLIN 2026,Germany 🇩🇪,2026,Male,ATHX,Strength,60KG,125KG,160KG,,
138,Ilija,Markovic,Ilija Markovic,Male,Croatia,,https://ui-avatars.com/api/?name=I+M&color=FFFFFF&background=000000,ATHX BERLIN 2026,Germany 🇩🇪,2026,Male,ATHX,Strength,65KG,120KG,160KG,,
140,Bastian,Barthel,Bastian Barthel,Male,,,https://ui-avatars.com/api/?name=B+B&color=FFFFFF&background=000000,ATHX BERLIN 2026,Germany 🇩🇪,2026,Male,ATHX,Strength,67KG,130KG,147KG,,
141,André,Sadra,André Sadra,Male,,,https://ui-avatars.com/api/?name=A+S&color=FFFFFF&background=000000,ATHX BERLIN 2026,Germany 🇩🇪,2026,Male,ATHX,Strength,68KG,120KG,155KG,,
142,Keith,McCrae,Keith McCrae,Male,United Kingdom,CrossFit Seyst,https://ui-avatars.com/api/?name=K+M&color=FFFFFF&background=000000,ATHX BERLIN 2026,Germany 🇩🇪,2026,Male,ATHX,Strength,62KG,150KG,130KG,,
142,Alexander,Hien,Alexander Hien,Male,,,https://ui-avatars.com/api/?name=A+H&color=FFFFFF&background=000000,ATHX BERLIN 2026,Germany 🇩🇪,2026,Male,ATHX,Strength,66KG,125KG,151KG,,
142,Luis,Recinos,Luis Recinos,Male,,,https://ui-avatars.com/api/?name=L+R&color=FFFFFF&background=000000,ATHX BERLIN 2026,Germany 🇩🇪,2026,Male,ATHX,Strength,60KG,120KG,162KG,,
145,Perry,Haki,Perry Haki,Male,,,https://ui-avatars.com/api/?name=P+H&color=FFFFFF&background=000000,ATHX BERLIN 2026,Germany 🇩🇪,2026,Male,ATHX,Strength,70KG,120KG,150KG,,
145,Luis,Jouve Gutiérrez,Luis Jouve Gutiérrez,Male,,,https://ui-avatars.com/api/?name=L+J+G&color=FFFFFF&background=000000,ATHX BERLIN 2026,Germany 🇩🇪,2026,Male,ATHX,Strength,60KG,120KG,160KG,,
145,Nico,Bremer,Nico Bremer,Male,,,https://ui-avatars.com/api/?name=N+B&color=FFFFFF&background=000000,ATHX BERLIN 2026,Germany 🇩🇪,2026,Male,ATHX,Strength,65KG,125KG,150KG,,
145,Alberto,Mesas,Alberto Mesas,Male,,,https://ui-avatars.com/api/?name=A+M&color=FFFFFF&background=000000,ATHX BERLIN 2026,Germany 🇩🇪,2026,Male,ATHX,Strength,60KG,120KG,160KG,,
145,Andreas,Wikström,Andreas Wikström,Male,,,https://ui-avatars.com/api/?name=A+W&color=FFFFFF&background=000000,ATHX BERLIN 2026,Germany 🇩🇪,2026,Male,ATHX,Strength,70KG,120KG,150KG,,
145,Bruno,Alves,Bruno Alves,Male,Portugal,,https://ui-avatars.com/api/?name=B+A&color=FFFFFF&background=000000,ATHX BERLIN 2026,Germany 🇩🇪,2026,Male,ATHX,Strength,50KG,130KG,160KG,,
145,Christian,Maksvitat,Christian Maksvitat,Male,Germany,,https://ui-avatars.com/api/?name=C+M&color=FFFFFF&background=000000,ATHX BERLIN 2026,Germany 🇩🇪,2026,Male,ATHX,Strength,75KG,115KG,150KG,,
145,Lukas,Quackatz,Lukas Quackatz,Male,,,https://ui-avatars.com/api/?name=L+Q&color=FFFFFF&background=000000,ATHX BERLIN 2026,Germany 🇩🇪,2026,Male,ATHX,Strength,80KG,110KG,150KG,,
153,Marten,Kiersch,Marten Kiersch,Male,,,https://ui-avatars.com/api/?name=M+K&color=FFFFFF&background=000000,ATHX BERLIN 2026,Germany 🇩🇪,2026,Male,ATHX,Strength,58KG,140KG,140KG,,
153,Denis,Brandt,Denis Brandt,Male,,,https://ui-avatars.com/api/?name=D+B&color=FFFFFF&background=000000,ATHX BERLIN 2026,Germany 🇩🇪,2026,Male,ATHX,Strength,62KG,115KG,161KG,,
155,Sebastian,Vermaat,Sebastian Vermaat,Male,,,https://athxgames.com/storage/profile-photos/YjtuairfZy059IFMbPaezOs7l40cMYSxV6wrObMU.jpg,ATHX BERLIN 2026,Germany 🇩🇪,2026,Male,ATHX,Strength,75KG,120KG,140KG,,
155,Martin,Hennig,Martin Hennig,Male,,,https://ui-avatars.com/api/?name=M+H&color=FFFFFF&background=000000,ATHX BERLIN 2026,Germany 🇩🇪,2026,Male,ATHX,Strength,70KG,115KG,150KG,,
155,Peter,Jonas,Peter Jonas,Male,,,https://ui-avatars.com/api/?name=P+J&color=FFFFFF&background=000000,ATHX BERLIN 2026,Germany 🇩🇪,2026,Male,ATHX,Strength,60KG,125KG,150KG,,
155,Martin,Michelius,Martin Michelius,Male,,,https://ui-avatars.com/api/?name=M+M&color=FFFFFF&background=000000,ATHX BERLIN 2026,Germany 🇩🇪,2026,Male,ATHX,Strength,75KG,110KG,150KG,,
155,Erik,Wrage,Erik Wrage,Male,,,https://ui-avatars.com/api/?name=E+W&color=FFFFFF&background=000000,ATHX BERLIN 2026,Germany 🇩🇪,2026,Male,ATHX,Strength,65KG,120KG,150KG,,
155,Benjamin,Wilck,Benjamin Wilck,Male,,,https://ui-avatars.com/api/?name=B+W&color=FFFFFF&background=000000,ATHX BERLIN 2026,Germany 🇩🇪,2026,Male,ATHX,Strength,55KG,130KG,150KG,,
155,Thomas,Range,Thomas Range,Male,Germany,Crossfit Ahoi,https://athxgames.com/storage/profile-photos/Pryiy0u94oO7iI3MSYr8qPDfAytOCM4Js1UbsjM5.jpg,ATHX BERLIN 2026,Germany 🇩🇪,2026,Male,ATHX,Strength,60KG,120KG,155KG,,
155,Alexander,Karpf,Alexander Karpf,Male,,,https://ui-avatars.com/api/?name=A+K&color=FFFFFF&background=000000,ATHX BERLIN 2026,Germany 🇩🇪,2026,Male,ATHX,Strength,75KG,125KG,135KG,,
163,Henry,Kaschel,Henry Kaschel,Male,,,https://athxgames.com/storage/profile-photos/1WBevumJsVKFdAHV5aKdNqzHoYKnHM1ix3vE7zeH.jpg,ATHX BERLIN 2026,Germany 🇩🇪,2026,Male,ATHX,Strength,68KG,115KG,150KG,,
163,Marcel,Wichert,Marcel Wichert,Male,Germany,CrossFit MINS,https://ui-avatars.com/api/?name=M+W&color=FFFFFF&background=000000,ATHX BERLIN 2026,Germany 🇩🇪,2026,Male,ATHX,Strength,63KG,120KG,150KG,,
163,Daniel,Blank,Daniel Blank,Male,,,https://ui-avatars.com/api/?name=D+B&color=FFFFFF&background=000000,ATHX BERLIN 2026,Germany 🇩🇪,2026,Male,ATHX,Strength,73KG,110KG,150KG,,
163,Kevin,Weltzien,Kevin Weltzien,Male,Germany,21highcrossschwerin,https://ui-avatars.com/api/?name=K+W&color=FFFFFF&background=000000,ATHX BERLIN 2026,Germany 🇩🇪,2026,Male,ATHX,Strength,68KG,115KG,150KG,,
163,Moritz,Winkler,Moritz Winkler,Male,,,https://ui-avatars.com/api/?name=M+W&color=FFFFFF&background=000000,ATHX BERLIN 2026,Germany 🇩🇪,2026,Male,ATHX,Strength,78KG,115KG,140KG,,
168,Hannes,Röhrle,Hannes Röhrle,Male,,,https://ui-avatars.com/api/?name=H+R&color=FFFFFF&background=000000,ATHX BERLIN 2026,Germany 🇩🇪,2026,Male,ATHX,Strength,61KG,111KG,160KG,,
169,Ole,Petschner,Ole Petschner,Male,,,https://ui-avatars.com/api/?name=O+P&color=FFFFFF&background=000000,ATHX BERLIN 2026,Germany 🇩🇪,2026,Male,ATHX,Strength,70KG,110KG,150KG,,
169,Eloy,López de Carrión,Eloy López de Carrión,Male,,,https://ui-avatars.com/api/?name=E+L+d+C&color=FFFFFF&background=000000,ATHX BERLIN 2026,Germany 🇩🇪,2026,Male,ATHX,Strength,55KG,125KG,150KG,,
169,Denis,Fuchs,Denis Fuchs,Male,,,https://ui-avatars.com/api/?name=D+F&color=FFFFFF&background=000000,ATHX BERLIN 2026,Germany 🇩🇪,2026,Male,ATHX,Strength,65KG,120KG,145KG,,
169,friedrich,morisak,friedrich morisak,Male,Germany,Crossfit dinslaken,https://ui-avatars.com/api/?name=f+m&color=FFFFFF&background=000000,ATHX BERLIN 2026,Germany 🇩🇪,2026,Male,ATHX,Strength,60KG,110KG,160KG,,
169,Luca,Hofmann,Luca Hofmann,Male,Germany,,https://ui-avatars.com/api/?name=L+H&color=FFFFFF&background=000000,ATHX BERLIN 2026,Germany 🇩🇪,2026,Male,ATHX,Strength,70KG,120KG,140KG,,
169,Markus,Bäumler,Markus Bäumler,Male,,,https://ui-avatars.com/api/?name=M+B&color=FFFFFF&background=000000,ATHX BERLIN 2026,Germany 🇩🇪,2026,Male,ATHX,Strength,55KG,125KG,150KG,,
169,Christian,Schnur,Christian Schnur,Male,Germany,Heidekreis Athletik,https://ui-avatars.com/api/?name=C+S&color=FFFFFF&background=000000,ATHX BERLIN 2026,Germany 🇩🇪,2026,Male,ATHX,Strength,70KG,120KG,140KG,,
169,Vincent,To-Sanguan,Vincent To-Sanguan,Male,,,https://ui-avatars.com/api/?name=V+T&color=FFFFFF&background=000000,ATHX BERLIN 2026,Germany 🇩🇪,2026,Male,ATHX,Strength,70KG,110KG,150KG,,
169,Mark,Halasi,Mark Halasi,Male,,,https://ui-avatars.com/api/?name=M+H&color=FFFFFF&background=000000,ATHX BERLIN 2026,Germany 🇩🇪,2026,Male,ATHX,Strength,50KG,120KG,160KG,,
178,David,Stein,David Stein,Male,,,https://ui-avatars.com/api/?name=D+S&color=FFFFFF&background=000000,ATHX BERLIN 2026,Germany 🇩🇪,2026,Male,ATHX,Strength,73KG,121KG,133KG,,
178,Marko,Weber-Schönherr,Marko Weber-Schönherr,Male,Germany,Florcross Görlitz,https://ui-avatars.com/api/?name=M+W&color=FFFFFF&background=000000,ATHX BERLIN 2026,Germany 🇩🇪,2026,Male,ATHX,Strength,68KG,122KG,137KG,,
180,Alexander,Irmscher,Alexander Irmscher,Male,Germany,Athletik Club Konstanz,https://athxgames.com/storage/profile-photos/vBvXC6ADZWsqcTmm0QjFseJtk7uq2USZFNK5pxH7.jpg,ATHX BERLIN 2026,Germany 🇩🇪,2026,Male,ATHX,Strength,65KG,121KG,140KG,,
181,Cedric,LEJARD,Cedric LEJARD,Male,,Crossfit Rive gauche,https://athxgames.com/storage/profile-photos/JAT3O7v0bB1KvxgublKd9RmVU40wPsWoyU7O7zFD.jpg,ATHX BERLIN 2026,Germany 🇩🇪,2026,Male,ATHX,Strength,55KG,110KG,160KG,,
181,Florian,Vielweber,Florian Vielweber,Male,Germany,Crossfit T.S.S.,https://ui-avatars.com/api/?name=F+V&color=FFFFFF&background=000000,ATHX BERLIN 2026,Germany 🇩🇪,2026,Male,ATHX,Strength,70KG,115KG,140KG,,
181,Leo Marcello,Polack,Leo Marcello Polack,Male,,,https://ui-avatars.com/api/?name=L+M+P&color=FFFFFF&background=000000,ATHX BERLIN 2026,Germany 🇩🇪,2026,Male,ATHX,Strength,75KG,110KG,140KG,,
181,Lukas,Bossert,Lukas Bossert,Male,,,https://ui-avatars.com/api/?name=L+B&color=FFFFFF&background=000000,ATHX BERLIN 2026,Germany 🇩🇪,2026,Male,ATHX,Strength,65KG,120KG,140KG,,
181,Leonhard,Wedel,Leonhard Wedel,Male,,,https://ui-avatars.com/api/?name=L+W&color=FFFFFF&background=000000,ATHX BERLIN 2026,Germany 🇩🇪,2026,Male,ATHX,Strength,75KG,110KG,140KG,,
181,Slaven,Sestic,Slaven Sestic,Male,Germany,,https://ui-avatars.com/api/?name=S+S&color=FFFFFF&background=000000,ATHX BERLIN 2026,Germany 🇩🇪,2026,Male,ATHX,Strength,70KG,110KG,145KG,,
181,Stefan,Zipfel,Stefan Zipfel,Male,,,https://ui-avatars.com/api/?name=S+Z&color=FFFFFF&background=000000,ATHX BERLIN 2026,Germany 🇩🇪,2026,Male,ATHX,Strength,65KG,110KG,150KG,,
181,Luka,Braun,Luka Braun,Male,,,https://ui-avatars.com/api/?name=L+B&color=FFFFFF&background=000000,ATHX BERLIN 2026,Germany 🇩🇪,2026,Male,ATHX,Strength,65KG,110KG,150KG,,
189,Oliver,Patzelt,Oliver Patzelt,Male,Germany,Crossfit Potsdam,https://ui-avatars.com/api/?name=O+P&color=FFFFFF&background=000000,ATHX BERLIN 2026,Germany 🇩🇪,2026,Male,ATHX,Strength,64KG,120KG,140KG,,
190,Anton,Savitsky,Anton Savitsky,Male,,,https://ui-avatars.com/api/?name=A+S&color=FFFFFF&background=000000,ATHX BERLIN 2026,Germany 🇩🇪,2026,Male,ATHX,Strength,60KG,120KG,142KG,,
190,Jens,Nordmeier,Jens Nordmeier,Male,,,https://ui-avatars.com/api/?name=J+N&color=FFFFFF&background=000000,ATHX BERLIN 2026,Germany 🇩🇪,2026,Male,ATHX,Strength,72KG,120KG,130KG,,
192,Marius,Grad,Marius Grad,Male,,,https://ui-avatars.com/api/?name=M+G&color=FFFFFF&background=000000,ATHX BERLIN 2026,Germany 🇩🇪,2026,Male,ATHX,Strength,61KG,100KG,160KG,,
193,Jeremy,Kausel,Jeremy Kausel,Male,,,https://ui-avatars.com/api/?name=J+K&color=FFFFFF&background=000000,ATHX BERLIN 2026,Germany 🇩🇪,2026,Male,ATHX,Strength,55KG,125KG,140KG,,
193,Nick,Schuster,Nick Schuster,Male,,,https://ui-avatars.com/api/?name=N+S&color=FFFFFF&background=000000,ATHX BERLIN 2026,Germany 🇩🇪,2026,Male,ATHX,Strength,60KG,120KG,140KG,,
193,Gianluca,Mamone,Gianluca Mamone,Male,Germany,,https://ui-avatars.com/api/?name=G+M&color=FFFFFF&background=000000,ATHX BERLIN 2026,Germany 🇩🇪,2026,Male,ATHX,Strength,70KG,120KG,130KG,,
193,Jannes,Werner,Jannes Werner,Male,,,https://ui-avatars.com/api/?name=J+W&color=FFFFFF&background=000000,ATHX BERLIN 2026,Germany 🇩🇪,2026,Male,ATHX,Strength,60KG,120KG,140KG,,
193,Dennis,Hannemann,Dennis Hannemann,Male,Germany,Crossfit Adendorf,https://ui-avatars.com/api/?name=D+H&color=FFFFFF&background=000000,ATHX BERLIN 2026,Germany 🇩🇪,2026,Male,ATHX,Strength,60KG,110KG,150KG,,
193,Peter,Freundel,Peter Freundel,Male,,,https://ui-avatars.com/api/?name=P+F&color=FFFFFF&background=000000,ATHX BERLIN 2026,Germany 🇩🇪,2026,Male,ATHX,Strength,65KG,115KG,140KG,,
193,Bjarne,Rogall,Bjarne Rogall,Male,,,https://ui-avatars.com/api/?name=B+R&color=FFFFFF&background=000000,ATHX BERLIN 2026,Germany 🇩🇪,2026,Male,ATHX,Strength,70KG,110KG,140KG,,
193,Jean-Maxime,Rivière,Jean-Maxime Rivière,Male,,,https://ui-avatars.com/api/?name=J+R&color=FFFFFF&background=000000,ATHX BERLIN 2026,Germany 🇩🇪,2026,Male,ATHX,Strength,65KG,125KG,130KG,,
201,Philipp,Dannenberg,Philipp Dannenberg,Male,,,https://ui-avatars.com/api/?name=P+D&color=FFFFFF&background=000000,ATHX BERLIN 2026,Germany 🇩🇪,2026,Male,ATHX,Strength,75KG,105KG,139KG,,
201,Florian,Sebald,Florian Sebald,Male,,,https://ui-avatars.com/api/?name=F+S&color=FFFFFF&background=000000,ATHX BERLIN 2026,Germany 🇩🇪,2026,Male,ATHX,Strength,49KG,130KG,140KG,,
201,Steffen,Waibel,Steffen Waibel,Male,,,https://ui-avatars.com/api/?name=S+W&color=FFFFFF&background=000000,ATHX BERLIN 2026,Germany 🇩🇪,2026,Male,ATHX,Strength,64KG,105KG,150KG,,
204,Lucas,Altmann,Lucas Altmann,Male,,,https://ui-avatars.com/api/?name=L+A&color=FFFFFF&background=000000,ATHX BERLIN 2026,Germany 🇩🇪,2026,Male,ATHX,Strength,73KG,115KG,130KG,,
204,Erik,Endelich,Erik Endelich,Male,,,https://ui-avatars.com/api/?name=E+E&color=FFFFFF&background=000000,ATHX BERLIN 2026,Germany 🇩🇪,2026,Male,ATHX,Strength,65KG,100KG,153KG,,
204,Stephan,Hotzy,Stephan Hotzy,Male,,,https://ui-avatars.com/api/?name=S+H&color=FFFFFF&background=000000,ATHX BERLIN 2026,Germany 🇩🇪,2026,Male,ATHX,Strength,58KG,130KG,130KG,,
207,Marco,Scardino,Marco Scardino,Male,,,https://ui-avatars.com/api/?name=M+S&color=FFFFFF&background=000000,ATHX BERLIN 2026,Germany 🇩🇪,2026,Male,ATHX,Strength,60KG,117KG,140KG,,
207,Till,Wintgen,Till Wintgen,Male,,,https://ui-avatars.com/api/?name=T+W&color=FFFFFF&background=000000,ATHX BERLIN 2026,Germany 🇩🇪,2026,Male,ATHX,Strength,67KG,100KG,150KG,,
207,Alexander,Hespeler,Alexander Hespeler,Male,,,https://ui-avatars.com/api/?name=A+H&color=FFFFFF&background=000000,ATHX BERLIN 2026,Germany 🇩🇪,2026,Male,ATHX,Strength,62KG,115KG,140KG,,
210,Sébastien,Petit,Sébastien Petit,Male,,,https://athxgames.com/storage/profile-photos/3CGjIpFjOt9tlr1hw611dCfJC8OIHPAoc9uQoYmN.jpg,ATHX BERLIN 2026,Germany 🇩🇪,2026,Male,ATHX,Strength,65KG,110KG,140KG,,
210,Piran,Asci,Piran Asci,Male,,,https://ui-avatars.com/api/?name=P+A&color=FFFFFF&background=000000,ATHX BERLIN 2026,Germany 🇩🇪,2026,Male,ATHX,Strength,65KG,110KG,140KG,,
210,Christoph,Depner,Christoph Depner,Male,,,https://ui-avatars.com/api/?name=C+D&color=FFFFFF&background=000000,ATHX BERLIN 2026,Germany 🇩🇪,2026,Male,ATHX,Strength,60KG,125KG,130KG,,
213,Markus,Riesner-Körner,Markus Riesner-Körner,Male,,,https://ui-avatars.com/api/?name=M+R&color=FFFFFF&background=000000,ATHX BERLIN 2026,Germany 🇩🇪,2026,Male,ATHX,Strength,78KG,115KG,120KG,,
213,Simon,Rossmann,Simon Rossmann,Male,,,https://ui-avatars.com/api/?name=S+R&color=FFFFFF&background=000000,ATHX BERLIN 2026,Germany 🇩🇪,2026,Male,ATHX,Strength,58KG,105KG,150KG,,
213,Aliaksandr,Kochneu,Aliaksandr Kochneu,Male,Belarus,,https://ui-avatars.com/api/?name=A+K&color=FFFFFF&background=000000,ATHX BERLIN 2026,Germany 🇩🇪,2026,Male,ATHX,Strength,58KG,115KG,140KG,,
216,Erik,M,Erik M,Male,Germany,crossfit horde,https://ui-avatars.com/api/?name=E+M&color=FFFFFF&background=000000,ATHX BERLIN 2026,Germany 🇩🇪,2026,Male,ATHX,Strength,72KG,120KG,120KG,,
217,Florian,Kowalczyk,Florian Kowalczyk,Male,,,https://ui-avatars.com/api/?name=F+K&color=FFFFFF&background=000000,ATHX BERLIN 2026,Germany 🇩🇪,2026,Male,ATHX,Strength,65KG,121KG,125KG,,
218,Stephan,Rabsch,Stephan Rabsch,Male,,,https://ui-avatars.com/api/?name=S+R&color=FFFFFF&background=000000,ATHX BERLIN 2026,Germany 🇩🇪,2026,Male,ATHX,Strength,60KG,120KG,130KG,,
218,Pit Alexander,Klepatz,Pit Alexander Klepatz,Male,Germany,CrossFit Nordlicht,https://ui-avatars.com/api/?name=P+A+K&color=FFFFFF&background=000000,ATHX BERLIN 2026,Germany 🇩🇪,2026,Male,ATHX,Strength,55KG,120KG,135KG,,
218,Steffen,Bosch,Steffen Bosch,Male,,,https://ui-avatars.com/api/?name=S+B&color=FFFFFF&background=000000,ATHX BERLIN 2026,Germany 🇩🇪,2026,Male,ATHX,Strength,75KG,110KG,125KG,,
218,Sebastian,Raeck,Sebastian Raeck,Male,,,https://ui-avatars.com/api/?name=S+R&color=FFFFFF&background=000000,ATHX BERLIN 2026,Germany 🇩🇪,2026,Male,ATHX,Strength,60KG,100KG,150KG,,
218,Sami,Mardnli,Sami Mardnli,Male,,,https://ui-avatars.com/api/?name=S+M&color=FFFFFF&background=000000,ATHX BERLIN 2026,Germany 🇩🇪,2026,Male,ATHX,Strength,90KG,110KG,110KG,,
223,Henning,Reimers,Henning Reimers,Male,,,https://ui-avatars.com/api/?name=H+R&color=FFFFFF&background=000000,ATHX BERLIN 2026,Germany 🇩🇪,2026,Male,ATHX,Strength,62KG,115KG,130KG,,
223,Markus,Oesteritz,Markus Oesteritz,Male,,,https://ui-avatars.com/api/?name=M+O&color=FFFFFF&background=000000,ATHX BERLIN 2026,Germany 🇩🇪,2026,Male,ATHX,Strength,63KG,100KG,144KG,,
225,Federico,Orlandini,Federico Orlandini,Male,,,https://ui-avatars.com/api/?name=F+O&color=FFFFFF&background=000000,ATHX BERLIN 2026,Germany 🇩🇪,2026,Male,ATHX,Strength,65KG,100KG,140KG,,
225,Fritz,Theden-Schow,Fritz Theden-Schow,Male,Germany,,https://ui-avatars.com/api/?name=F+T&color=FFFFFF&background=000000,ATHX BERLIN 2026,Germany 🇩🇪,2026,Male,ATHX,Strength,65KG,105KG,135KG,,
227,Dave,Gummelt,Dave Gummelt,Male,,,https://ui-avatars.com/api/?name=D+G&color=FFFFFF&background=000000,ATHX BERLIN 2026,Germany 🇩🇪,2026,Male,ATHX,Strength,65KG,109KG,130KG,,
228,Christoph,Huber,Christoph Huber,Male,Germany,CrossFit im Woid,https://ui-avatars.com/api/?name=C+H&color=FFFFFF&background=000000,ATHX BERLIN 2026,Germany 🇩🇪,2026,Male,ATHX,Strength,60KG,105KG,135KG,,
228,Jens,Wudick,Jens Wudick,Male,,,https://ui-avatars.com/api/?name=J+W&color=FFFFFF&background=000000,ATHX BERLIN 2026,Germany 🇩🇪,2026,Male,ATHX,Strength,60KG,110KG,130KG,,
228,Martin,Rapierski,Martin Rapierski,Male,,,https://ui-avatars.com/api/?name=M+R&color=FFFFFF&background=000000,ATHX BERLIN 2026,Germany 🇩🇪,2026,Male,ATHX,Strength,60KG,110KG,130KG,,
228,Jop,Siewe,Jop Siewe,Male,,,https://ui-avatars.com/api/?name=J+S&color=FFFFFF&background=000000,ATHX BERLIN 2026,Germany 🇩🇪,2026,Male,ATHX,Strength,60KG,110KG,130KG,,
228,Thomas,Führer,Thomas Führer,Male,,,https://ui-avatars.com/api/?name=T+F&color=FFFFFF&background=000000,ATHX BERLIN 2026,Germany 🇩🇪,2026,Male,ATHX,Strength,60KG,100KG,140KG,,
228,Philipp,Schneider,Philipp Schneider,Male,,,https://ui-avatars.com/api/?name=P+S&color=FFFFFF&background=000000,ATHX BERLIN 2026,Germany 🇩🇪,2026,Male,ATHX,Strength,60KG,100KG,140KG,,
228,Steve,Enning,Steve Enning,Male,Germany,CrossfitKulmbach,https://ui-avatars.com/api/?name=S+E&color=FFFFFF&background=000000,ATHX BERLIN 2026,Germany 🇩🇪,2026,Male,ATHX,Strength,55KG,105KG,140KG,,
228,Tobias,Schuster,Tobias Schuster,Male,,,https://ui-avatars.com/api/?name=T+S&color=FFFFFF&background=000000,ATHX BERLIN 2026,Germany 🇩🇪,2026,Male,ATHX,Strength,70KG,60KG,170KG,,
236,Anatoli,Guschan,Anatoli Guschan,Male,Germany,Crossfit Paderborn,https://ui-avatars.com/api/?name=A+G&color=FFFFFF&background=000000,ATHX BERLIN 2026,Germany 🇩🇪,2026,Male,ATHX,Strength,62KG,115KG,120KG,,
236,Patrick,Röhrl,Patrick Röhrl,Male,,,https://ui-avatars.com/api/?name=P+R&color=FFFFFF&background=000000,ATHX BERLIN 2026,Germany 🇩🇪,2026,Male,ATHX,Strength,57KG,105KG,135KG,,
238,Drew,Pronko,Drew Pronko,Male,United States,,https://ui-avatars.com/api/?name=D+P&color=FFFFFF&background=000000,ATHX BERLIN 2026,Germany 🇩🇪,2026,Male,ATHX,Strength,65KG,100KG,130KG,,
238,Daniel,Kochmann,Daniel Kochmann,Male,,,https://ui-avatars.com/api/?name=D+K&color=FFFFFF&background=000000,ATHX BERLIN 2026,Germany 🇩🇪,2026,Male,ATHX,Strength,55KG,100KG,140KG,,
240,Nicolas,Cichos,Nicolas Cichos,Male,,,https://ui-avatars.com/api/?name=N+C&color=FFFFFF&background=000000,ATHX BERLIN 2026,Germany 🇩🇪,2026,Male,ATHX,Strength,58KG,115KG,120KG,,
240,Jörg,Schröder,Jörg Schröder,Male,,,https://ui-avatars.com/api/?name=J+S&color=FFFFFF&background=000000,ATHX BERLIN 2026,Germany 🇩🇪,2026,Male,ATHX,Strength,60KG,100KG,133KG,,
242,Steven,Roese,Steven Roese,Male,,,https://ui-avatars.com/api/?name=S+R&color=FFFFFF&background=000000,ATHX BERLIN 2026,Germany 🇩🇪,2026,Male,ATHX,Strength,62KG,100KG,130KG,,
242,Angelo,E,Angelo E,Male,,,https://ui-avatars.com/api/?name=A+E&color=FFFFFF&background=000000,ATHX BERLIN 2026,Germany 🇩🇪,2026,Male,ATHX,Strength,67KG,105KG,120KG,,
244,Marcel,Schreiber,Marcel Schreiber,Male,,,https://ui-avatars.com/api/?name=M+S&color=FFFFFF&background=000000,ATHX BERLIN 2026,Germany 🇩🇪,2026,Male,ATHX,Strength,61KG,100KG,130KG,,
245,Martin,Hanson,Martin Hanson,Male,United Kingdom,,https://ui-avatars.com/api/?name=M+H&color=FFFFFF&background=000000,ATHX BERLIN 2026,Germany 🇩🇪,2026,Male,ATHX,Strength,60KG,100KG,130KG,,
246,Sam,Jobson,Sam Jobson,Male,,,https://ui-avatars.com/api/?name=S+J&color=FFFFFF&background=000000,ATHX BERLIN 2026,Germany 🇩🇪,2026,Male,ATHX,Strength,54KG,115KG,120KG,,
247,Alex,Haberberger,Alex Haberberger,Male,,,https://ui-avatars.com/api/?name=A+H&color=FFFFFF&background=000000,ATHX BERLIN 2026,Germany 🇩🇪,2026,Male,ATHX,Strength,60KG,103KG,125KG,,
248,Ferdinand,Greinacher,Ferdinand Greinacher,Male,,,https://ui-avatars.com/api/?name=F+G&color=FFFFFF&background=000000,ATHX BERLIN 2026,Germany 🇩🇪,2026,Male,ATHX,Strength,60KG,107KG,120KG,,
248,Vincenzo,Pesce,Vincenzo Pesce,Male,,,https://ui-avatars.com/api/?name=V+P&color=FFFFFF&background=000000,ATHX BERLIN 2026,Germany 🇩🇪,2026,Male,ATHX,Strength,52KG,100KG,135KG,,
250,Max,Anossow,Max Anossow,Male,,,https://ui-avatars.com/api/?name=M+A&color=FFFFFF&background=000000,ATHX BERLIN 2026,Germany 🇩🇪,2026,Male,ATHX,Strength,65KG,100KG,120KG,,
250,Leon,Hütter,Leon Hütter,Male,Germany,,https://ui-avatars.com/api/?name=L+H&color=FFFFFF&background=000000,ATHX BERLIN 2026,Germany 🇩🇪,2026,Male,ATHX,Strength,50KG,105KG,130KG,,
250,Sebastian,Schramm,Sebastian Schramm,Male,,,https://ui-avatars.com/api/?name=S+S&color=FFFFFF&background=000000,ATHX BERLIN 2026,Germany 🇩🇪,2026,Male,ATHX,Strength,60KG,100KG,125KG,,
253,Marcel,M,Marcel M,Male,,,https://ui-avatars.com/api/?name=M+M&color=FFFFFF&background=000000,ATHX BERLIN 2026,Germany 🇩🇪,2026,Male,ATHX,Strength,64KG,100KG,120KG,,
254,Zbigniew,Moltzan,Zbigniew Moltzan,Male,Poland,Enklawa Torun,https://ui-avatars.com/api/?name=Z+M&color=FFFFFF&background=000000,ATHX BERLIN 2026,Germany 🇩🇪,2026,Male,ATHX,Strength,58KG,100KG,125KG,,
254,Murat,Hasan,Murat Hasan,Male,,,https://ui-avatars.com/api/?name=M+H&color=FFFFFF&background=000000,ATHX BERLIN 2026,Germany 🇩🇪,2026,Male,ATHX,Strength,58KG,90KG,135KG,,
254,Szymon,Sekula,Szymon Sekula,Male,,,https://ui-avatars.com/api/?name=S+S&color=FFFFFF&background=000000,ATHX BERLIN 2026,Germany 🇩🇪,2026,Male,ATHX,Strength,58KG,105KG,120KG,,
257,Felix,Gotsch,Felix Gotsch,Male,,,https://ui-avatars.com/api/?name=F+G&color=FFFFFF&background=000000,ATHX BERLIN 2026,Germany 🇩🇪,2026,Male,ATHX,Strength,62KG,90KG,130KG,,
257,René,Marohn,René Marohn,Male,Germany,,https://ui-avatars.com/api/?name=R+M&color=FFFFFF&background=000000,ATHX BERLIN 2026,Germany 🇩🇪,2026,Male,ATHX,Strength,62KG,100KG,120KG,,
259,Kamil,Burkhanov,Kamil Burkhanov,Male,,,https://athxgames.com/storage/profile-photos/lIw6iEJ5VM3m5OKaz4KzQ2DYXfHIqhYBWn36mr5M.jpg,ATHX BERLIN 2026,Germany 🇩🇪,2026,Male,ATHX,Strength,60KG,100KG,120KG,,
259,Marcel,Weise,Marcel Weise,Male,,,https://ui-avatars.com/api/?name=M+W&color=FFFFFF&background=000000,ATHX BERLIN 2026,Germany 🇩🇪,2026,Male,ATHX,Strength,60KG,90KG,130KG,,
261,Manuel,Holzmann,Manuel Holzmann,Male,,,https://ui-avatars.com/api/?name=M+H&color=FFFFFF&background=000000,ATHX BERLIN 2026,Germany 🇩🇪,2026,Male,ATHX,Strength,58KG,100KG,120KG,,
261,Alexander,Ebert,Alexander Ebert,Male,,,https://ui-avatars.com/api/?name=A+E&color=FFFFFF&background=000000,ATHX BERLIN 2026,Germany 🇩🇪,2026,Male,ATHX,Strength,68KG,90KG,120KG,,
263,Phuc,Luu,Phuc Luu,Male,,,https://ui-avatars.com/api/?name=P+L&color=FFFFFF&background=000000,ATHX BERLIN 2026,Germany 🇩🇪,2026,Male,ATHX,Strength,57KG,120KG,100KG,,
264,Christian,Borka,Christian Borka,Male,,,https://ui-avatars.com/api/?name=C+B&color=FFFFFF&background=000000,ATHX BERLIN 2026,Germany 🇩🇪,2026,Male,ATHX,Strength,65KG,90KG,120KG,,
264,Nino,Rum,Nino Rum,Male,,,https://ui-avatars.com/api/?name=N+R&color=FFFFFF&background=000000,ATHX BERLIN 2026,Germany 🇩🇪,2026,Male,ATHX,Strength,55KG,90KG,130KG,,
264,Nico,Küttner,Nico Küttner,Male,Germany,,https://athxgames.com/storage/profile-photos/NJrA9Gtge9xHKiD3yI0TRxDpc8fQnMT9emDYjo4q.jpg,ATHX BERLIN 2026,Germany 🇩🇪,2026,Male,ATHX,Strength,60KG,90KG,125KG,,
267,Lengsfeld,Maximilian,Lengsfeld Maximilian,Male,Germany,Joy Fitness Schwerin,https://athxgames.com/storage/profile-photos/Xj4k0EnHpXEwpBQs4zgh1d4WvwZgb3R9LEmbo8Dg.jpg,ATHX BERLIN 2026,Germany 🇩🇪,2026,Male,ATHX,Strength,58KG,100KG,115KG,,
267,Christian,Nolde,Christian Nolde,Male,,,https://ui-avatars.com/api/?name=C+N&color=FFFFFF&background=000000,ATHX BERLIN 2026,Germany 🇩🇪,2026,Male,ATHX,Strength,63KG,100KG,110KG,,
269,Jannes,Stubbemann,Jannes Stubbemann,Male,,,https://ui-avatars.com/api/?name=J+S&color=FFFFFF&background=000000,ATHX BERLIN 2026,Germany 🇩🇪,2026,Male,ATHX,Strength,62KG,90KG,120KG,,
269,Christopher,Funk,Christopher Funk,Male,,,https://athxgames.com/storage/profile-photos/ey0URRxsU8nQAEs6mhgNPnUU7REENH0sBKvkCQ3p.jpg,ATHX BERLIN 2026,Germany 🇩🇪,2026,Male,ATHX,Strength,42KG,100KG,130KG,,
271,Patrick,Siehoff,Patrick Siehoff,Male,,,https://ui-avatars.com/api/?name=P+S&color=FFFFFF&background=000000,ATHX BERLIN 2026,Germany 🇩🇪,2026,Male,ATHX,Strength,71KG,90KG,110KG,,
272,Sebastian,Letz,Sebastian Letz,Male,,,https://ui-avatars.com/api/?name=S+L&color=FFFFFF&background=000000,ATHX BERLIN 2026,Germany 🇩🇪,2026,Male,ATHX,Strength,60KG,100KG,110KG,,
272,Maxime,Pracisnore,Maxime Pracisnore,Male,,,https://ui-avatars.com/api/?name=M+P&color=FFFFFF&background=000000,ATHX BERLIN 2026,Germany 🇩🇪,2026,Male,ATHX,Strength,50KG,100KG,120KG,,
272,Erik,Fengler,Erik Fengler,Male,,,https://ui-avatars.com/api/?name=E+F&color=FFFFFF&background=000000,ATHX BERLIN 2026,Germany 🇩🇪,2026,Male,ATHX,Strength,50KG,105KG,115KG,,
272,Dom,Stroh,Dom Stroh,Male,,,https://ui-avatars.com/api/?name=D+S&color=FFFFFF&background=000000,ATHX BERLIN 2026,Germany 🇩🇪,2026,Male,ATHX,Strength,60KG,100KG,110KG,,
272,Louis Aisosa,Omoregbee,Louis Aisosa Omoregbee,Male,,,https://ui-avatars.com/api/?name=L+A+O&color=FFFFFF&background=000000,ATHX BERLIN 2026,Germany 🇩🇪,2026,Male,ATHX,Strength,60KG,90KG,120KG,,
272,Simon,Cichos,Simon Cichos,Male,,,https://ui-avatars.com/api/?name=S+C&color=FFFFFF&background=000000,ATHX BERLIN 2026,Germany 🇩🇪,2026,Male,ATHX,Strength,55KG,100KG,115KG,,
272,Steffen,Mädger,Steffen Mädger,Male,,,https://ui-avatars.com/api/?name=S+M&color=FFFFFF&background=000000,ATHX BERLIN 2026,Germany 🇩🇪,2026,Male,ATHX,Strength,55KG,95KG,120KG,,
272,Diego,Estrada,Diego Estrada,Male,,,https://ui-avatars.com/api/?name=D+E&color=FFFFFF&background=000000,ATHX BERLIN 2026,Germany 🇩🇪,2026,Male,ATHX,Strength,50KG,100KG,120KG,,
272,Frederic,Ruppel,Frederic Ruppel,Male,Germany,Amity Athletics,https://ui-avatars.com/api/?name=F+R&color=FFFFFF&background=000000,ATHX BERLIN 2026,Germany 🇩🇪,2026,Male,ATHX,Strength,60KG,100KG,110KG,,
281,Hanno,Focken,Hanno Focken,Male,,,https://ui-avatars.com/api/?name=H+F&color=FFFFFF&background=000000,ATHX BERLIN 2026,Germany 🇩🇪,2026,Male,ATHX,Strength,67KG,80KG,120KG,,
281,Sven,Riek,Sven Riek,Male,,,https://ui-avatars.com/api/?name=S+R&color=FFFFFF&background=000000,ATHX BERLIN 2026,Germany 🇩🇪,2026,Male,ATHX,Strength,57KG,90KG,120KG,,
283,Antonio,Villani,Antonio Villani,Male,Germany,Crossfit mit Schmackes,https://ui-avatars.com/api/?name=A+V&color=FFFFFF&background=000000,ATHX BERLIN 2026,Germany 🇩🇪,2026,Male,ATHX,Strength,56KG,85KG,125KG,,
284,Arne,Knüppel,Arne Knüppel,Male,,,https://ui-avatars.com/api/?name=A+K&color=FFFFFF&background=000000,ATHX BERLIN 2026,Germany 🇩🇪,2026,Male,ATHX,Strength,65KG,70KG,130KG,,
284,Thorsten,Pfeilschifter,Thorsten Pfeilschifter,Male,,,https://athxgames.com/storage/profile-photos/3IasOigpEwgNikFX9o1dz3m7HFLShWsgjaG8KXEF.jpg,ATHX BERLIN 2026,Germany 🇩🇪,2026,Male,ATHX,Strength,55KG,110KG,100KG,,
286,ibrahim,Zeghzeghi,ibrahim Zeghzeghi,Male,,,https://ui-avatars.com/api/?name=i+Z&color=FFFFFF&background=000000,ATHX BERLIN 2026,Germany 🇩🇪,2026,Male,ATHX,Strength,55KG,93KG,115KG,,
286,Jan,Gimbel,Jan Gimbel,Male,,,https://ui-avatars.com/api/?name=J+G&color=FFFFFF&background=000000,ATHX BERLIN 2026,Germany 🇩🇪,2026,Male,ATHX,Strength,64KG,92KG,107KG,,
288,Jakob,Handy,Jakob Handy,Male,,,https://ui-avatars.com/api/?name=J+H&color=FFFFFF&background=000000,ATHX BERLIN 2026,Germany 🇩🇪,2026,Male,ATHX,Strength,60KG,80KG,120KG,,
288,Franz,Gratz,Franz Gratz,Male,,,https://ui-avatars.com/api/?name=F+G&color=FFFFFF&background=000000,ATHX BERLIN 2026,Germany 🇩🇪,2026,Male,ATHX,Strength,60KG,100KG,100KG,,
288,Dennis,Humann,Dennis Humann,Male,,,https://ui-avatars.com/api/?name=D+H&color=FFFFFF&background=000000,ATHX BERLIN 2026,Germany 🇩🇪,2026,Male,ATHX,Strength,65KG,105KG,90KG,,
288,Max,Doege,Max Doege,Male,,,https://ui-avatars.com/api/?name=M+D&color=FFFFFF&background=000000,ATHX BERLIN 2026,Germany 🇩🇪,2026,Male,ATHX,Strength,60KG,100KG,100KG,,
288,sefer ahmet,özkan,sefer ahmet özkan,Male,,,https://ui-avatars.com/api/?name=s+a+%C3%B6&color=FFFFFF&background=000000,ATHX BERLIN 2026,Germany 🇩🇪,2026,Male,ATHX,Strength,50KG,90KG,120KG,,
293,Rainer,De Lima Knappe,Rainer De Lima Knappe,Male,,,https://ui-avatars.com/api/?name=R+D+L+K&color=FFFFFF&background=000000,ATHX BERLIN 2026,Germany 🇩🇪,2026,Male,ATHX,Strength,59KG,85KG,115KG,,
294,Marijo,Sucic,Marijo Sucic,Male,Croatia,,https://ui-avatars.com/api/?name=M+S&color=FFFFFF&background=000000,ATHX BERLIN 2026,Germany 🇩🇪,2026,Male,ATHX,Strength,68KG,80KG,110KG,,
295,Florian,Schatz,Florian Schatz,Male,,CrossFit Frauenfeld,https://athxgames.com/storage/profile-photos/CSZmFdryimln4x8k6xWSLlIeJWVbFeIgQ88Cqtw2.jpg,ATHX BERLIN 2026,Germany 🇩🇪,2026,Male,ATHX,Strength,50KG,75KG,130KG,,
295,Marek,Buschmann,Marek Buschmann,Male,,,https://ui-avatars.com/api/?name=M+B&color=FFFFFF&background=000000,ATHX BERLIN 2026,Germany 🇩🇪,2026,Male,ATHX,Strength,60KG,90KG,105KG,,
295,Dirk,Heinze,Dirk Heinze,Male,Germany,Adidas Sports Base (Beats & Burpees),https://athxgames.com/storage/profile-photos/dvxkQTD5yox0UDSBZCimNDNN8XajRQ6qcRVGMoZn.jpg,ATHX BERLIN 2026,Germany 🇩🇪,2026,Male,ATHX,Strength,55KG,90KG,110KG,,
298,Thomas,Helbig,Thomas Helbig,Male,,,https://ui-avatars.com/api/?name=T+H&color=FFFFFF&background=000000,ATHX BERLIN 2026,Germany 🇩🇪,2026,Male,ATHX,Strength,55KG,78KG,120KG,,
299,Stefan,Koch,Stefan Koch,Male,,,https://ui-avatars.com/api/?name=S+K&color=FFFFFF&background=000000,ATHX BERLIN 2026,Germany 🇩🇪,2026,Male,ATHX,Strength,52KG,90KG,110KG,,
299,Tim,Wiedenmann,Tim Wiedenmann,Male,,,https://ui-avatars.com/api/?name=T+W&color=FFFFFF&background=000000,ATHX BERLIN 2026,Germany 🇩🇪,2026,Male,ATHX,Strength,52KG,80KG,120KG,,
299,Hugo,Heid,Hugo Heid,Male,,,https://ui-avatars.com/api/?name=H+H&color=FFFFFF&background=000000,ATHX BERLIN 2026,Germany 🇩🇪,2026,Male,ATHX,Strength,52KG,105KG,95KG,,
302,Marco,Ruffani,Marco Ruffani,Male,Germany,CROSSROXX Fitness,https://ui-avatars.com/api/?name=M+R&color=FFFFFF&background=000000,ATHX BERLIN 2026,Germany 🇩🇪,2026,Male,ATHX,Strength,48KG,80KG,120KG,,
303,Eric,Wothe,Eric Wothe,Male,,,https://ui-avatars.com/api/?name=E+W&color=FFFFFF&background=000000,ATHX BERLIN 2026,Germany 🇩🇪,2026,Male,ATHX,Strength,62KG,95KG,90KG,,
304,Konstantin,Hoffmann,Konstantin Hoffmann,Male,Germany,B-Sport Berlin,https://athxgames.com/storage/profile-photos/7WSYRamhTGHPhmShKH51WloEwZUgNjsZs1uWUcR2.jpg,ATHX BERLIN 2026,Germany 🇩🇪,2026,Male,ATHX,Strength,65KG,80KG,100KG,,
304,Jerome,Kubaschek,Jerome Kubaschek,Male,,,https://ui-avatars.com/api/?name=J+K&color=FFFFFF&background=000000,ATHX BERLIN 2026,Germany 🇩🇪,2026,Male,ATHX,Strength,55KG,90KG,100KG,,
304,Jakob,Sieger,Jakob Sieger,Male,,,https://ui-avatars.com/api/?name=J+S&color=FFFFFF&background=000000,ATHX BERLIN 2026,Germany 🇩🇪,2026,Male,ATHX,Strength,50KG,85KG,110KG,,
307,Alexander,Schellinger,Alexander Schellinger,Male,,,https://ui-avatars.com/api/?name=A+S&color=FFFFFF&background=000000,ATHX BERLIN 2026,Germany 🇩🇪,2026,Male,ATHX,Strength,52KG,90KG,100KG,,
308,Maximilian,schöngen,Maximilian schöngen,Male,,,https://ui-avatars.com/api/?name=M+s&color=FFFFFF&background=000000,ATHX BERLIN 2026,Germany 🇩🇪,2026,Male,ATHX,Strength,60KG,70KG,110KG,,
308,Maik,Leber,Maik Leber,Male,,,https://ui-avatars.com/api/?name=M+L&color=FFFFFF&background=000000,ATHX BERLIN 2026,Germany 🇩🇪,2026,Male,ATHX,Strength,53KG,82KG,105KG,,
308,Oliver,Lange,Oliver Lange,Male,,,https://ui-avatars.com/api/?name=O+L&color=FFFFFF&background=000000,ATHX BERLIN 2026,Germany 🇩🇪,2026,Male,ATHX,Strength,45KG,85KG,110KG,,
311,Robert,Steinberg,Robert Steinberg,Male,,,https://ui-avatars.com/api/?name=R+S&color=FFFFFF&background=000000,ATHX BERLIN 2026,Germany 🇩🇪,2026,Male,ATHX,Strength,65KG,100KG,70KG,,
312,Thomas,Lau,Thomas Lau,Male,,,https://ui-avatars.com/api/?name=T+L&color=FFFFFF&background=000000,ATHX BERLIN 2026,Germany 🇩🇪,2026,Male,ATHX,Strength,44KG,80KG,110KG,,
313,Patrick,Löchel,Patrick Löchel,Male,,,https://ui-avatars.com/api/?name=P+L&color=FFFFFF&background=000000,ATHX BERLIN 2026,Germany 🇩🇪,2026,Male,ATHX,Strength,45KG,90KG,93KG,,
314,Marc,Wudick,Marc Wudick,Male,,,https://ui-avatars.com/api/?name=M+W&color=FFFFFF&background=000000,ATHX BERLIN 2026,Germany 🇩🇪,2026,Male,ATHX,Strength,40KG,80KG,100KG,,
315,Daniel,Stimpson,Daniel Stimpson,Male,,,https://ui-avatars.com/api/?name=D+S&color=FFFFFF&background=000000,ATHX BERLIN 2026,Germany 🇩🇪,2026,Male,ATHX,Strength,52KG,65KG,100KG,,
316,Filip,Schade,Filip Schade,Male,,,https://ui-avatars.com/api/?name=F+S&color=FFFFFF&background=000000,ATHX BERLIN 2026,Germany 🇩🇪,2026,Male,ATHX,Strength,38KG,80KG,93KG,,
316,Bernhard,Koelbl,Bernhard Koelbl,Male,,,https://ui-avatars.com/api/?name=B+K&color=FFFFFF&background=000000,ATHX BERLIN 2026,Germany 🇩🇪,2026,Male,ATHX,Strength,49KG,70KG,92KG,,
318,Lars,Neumann,Lars Neumann,Male,,,https://ui-avatars.com/api/?name=L+N&color=FFFFFF&background=000000,ATHX BERLIN 2026,Germany 🇩🇪,2026,Male,ATHX,Strength,50KG,70KG,90KG,,
319,Jana,Monin,Jana Monin,Male,,Kaifu Lodge,https://ui-avatars.com/api/?name=J+M&color=FFFFFF&background=000000,ATHX BERLIN 2026,Germany 🇩🇪,2026,Male,ATHX,Strength,37KG,85KG,85KG,,
319,Florian,Koehler,Florian Koehler,Male,,,https://ui-avatars.com/api/?name=F+K&color=FFFFFF&background=000000,ATHX BERLIN 2026,Germany 🇩🇪,2026,Male,ATHX,Strength,45KG,70KG,92KG,,
321,Heiko,Hoferer,Heiko Hoferer,Male,,,https://ui-avatars.com/api/?name=H+H&color=FFFFFF&background=000000,ATHX BERLIN 2026,Germany 🇩🇪,2026,Male,ATHX,Strength,47KG,77KG,80KG,,
322,Konrad,Larsen,Konrad Larsen,Male,,,https://ui-avatars.com/api/?name=K+L&color=FFFFFF&background=000000,ATHX BERLIN 2026,Germany 🇩🇪,2026,Male,ATHX,Strength,55KG,50KG,60KG,,
323,Jens,Noack,Jens Noack,Male,,,https://ui-avatars.com/api/?name=J+N&color=FFFFFF&background=000000,ATHX BERLIN 2026,Germany 🇩🇪,2026,Male,ATHX,Strength,0KG,0KG,0KG,,
323,Yannis,Schmirgal,Yannis Schmirgal,Male,,,https://ui-avatars.com/api/?name=Y+S&color=FFFFFF&background=000000,ATHX BERLIN 2026,Germany 🇩🇪,2026,Male,ATHX,Strength,0KG,0KG,0KG,,
1,Julia,Matthies,Julia Matthies,Female,,,https://athxgames.com/storage/profile-photos/CeAw45UtYMprh4ayAO9yWToBEcvGgWPZ5r2Re45f.jpg,ATHX BERLIN 2026,Germany 🇩🇪,2026,Female,ATHX Pro,Strength,38KG,133KG,142KG,,
2,Lena,Fechner,Lena Fechner,Female,,,https://ui-avatars.com/api/?name=L+F&color=FFFFFF&background=000000,ATHX BERLIN 2026,Germany 🇩🇪,2026,Female,ATHX Pro,Strength,52KG,115KG,130KG,,
3,Maya,Halliday,Maya Halliday,Female,,,https://ui-avatars.com/api/?name=M+H&color=FFFFFF&background=000000,ATHX BERLIN 2026,Germany 🇩🇪,2026,Female,ATHX Pro,Strength,50KG,110KG,130KG,,
3,Luisa,Pfrommer,Luisa Pfrommer,Female,Germany,CF Calw,https://athxgames.com/storage/profile-photos/A9p95gNGIS0OYTWBbFdp3yAjDDqwQUr3WinD20yo.jpg,ATHX BERLIN 2026,Germany 🇩🇪,2026,Female,ATHX Pro,Strength,55KG,100KG,135KG,,
5,Layla,Siebert,Layla Siebert,Female,,,https://ui-avatars.com/api/?name=L+S&color=FFFFFF&background=000000,ATHX BERLIN 2026,Germany 🇩🇪,2026,Female,ATHX Pro,Strength,48KG,105KG,130KG,,
5,Cara,Halliday,Cara Halliday,Female,United Kingdom,SORELLA,https://ui-avatars.com/api/?name=C+H&color=FFFFFF&background=000000,ATHX BERLIN 2026,Germany 🇩🇪,2026,Female,ATHX Pro,Strength,48KG,105KG,130KG,,
7,Sandra,Hegwein,Sandra Hegwein,Female,,,https://ui-avatars.com/api/?name=S+H&color=FFFFFF&background=000000,ATHX BERLIN 2026,Germany 🇩🇪,2026,Female,ATHX Pro,Strength,52KG,98KG,130KG,,
7,Sandra,Sommer,Sandra Sommer,Female,,,https://ui-avatars.com/api/?name=S+S&color=FFFFFF&background=000000,ATHX BERLIN 2026,Germany 🇩🇪,2026,Female,ATHX Pro,Strength,50KG,100KG,130KG,,
9,Emma,Ray,Emma Ray,Female,,,https://ui-avatars.com/api/?name=E+R&color=FFFFFF&background=000000,ATHX BERLIN 2026,Germany 🇩🇪,2026,Female,ATHX Pro,Strength,47KG,100KG,120KG,,
10,Uli,Glöckner,Uli Glöckner,Female,Germany,,https://ui-avatars.com/api/?name=U+G&color=FFFFFF&background=000000,ATHX BERLIN 2026,Germany 🇩🇪,2026,Female,ATHX Pro,Strength,46KG,95KG,125KG,,
11,Lena,Sassano,Lena Sassano,Female,Germany,LiftingWomen,https://ui-avatars.com/api/?name=L+S&color=FFFFFF&background=000000,ATHX BERLIN 2026,Germany 🇩🇪,2026,Female,ATHX Pro,Strength,49KG,90KG,118KG,,
12,Fina Lale,Kutz,Fina Lale Kutz,Female,,,https://ui-avatars.com/api/?name=F+L+K&color=FFFFFF&background=000000,ATHX BERLIN 2026,Germany 🇩🇪,2026,Female,ATHX Pro,Strength,37KG,92KG,110KG,,
13,Caroline,Norton,Caroline Norton,Female,,,https://ui-avatars.com/api/?name=C+N&color=FFFFFF&background=000000,ATHX BERLIN 2026,Germany 🇩🇪,2026,Female,ATHX Pro,Strength,49KG,83KG,105KG,,
14,Finja,Thoroe,Finja Thoroe,Female,Germany,New Energy,https://ui-avatars.com/api/?name=F+T&color=FFFFFF&background=000000,ATHX BERLIN 2026,Germany 🇩🇪,2026,Female,ATHX Pro,Strength,44KG,85KG,100KG,,
15,Anne-Marie,Hansen,Anne-Marie Hansen,Female,,,https://ui-avatars.com/api/?name=A+H&color=FFFFFF&background=000000,ATHX BERLIN 2026,Germany 🇩🇪,2026,Female,ATHX Pro,Strength,35KG,81KG,111KG,,
16,Justyna,Dzieciol,Justyna Dzieciol,Female,Poland,,https://ui-avatars.com/api/?name=J+D&color=FFFFFF&background=000000,ATHX BERLIN 2026,Germany 🇩🇪,2026,Female,ATHX Pro,Strength,38KG,85KG,95KG,,
17,Michaela,Ressel,Michaela Ressel,Female,,,https://ui-avatars.com/api/?name=M+R&color=FFFFFF&background=000000,ATHX BERLIN 2026,Germany 🇩🇪,2026,Female,ATHX Pro,Strength,42KG,75KG,100KG,,
18,Melanie,Swoboda,Melanie Swoboda,Female,,,https://ui-avatars.com/api/?name=M+S&color=FFFFFF&background=000000,ATHX BERLIN 2026,Germany 🇩🇪,2026,Female,ATHX Pro,Strength,40KG,85KG,90KG,,
19,Anja,Meusel,Anja Meusel,Female,,,https://ui-avatars.com/api/?name=A+M&color=FFFFFF&background=000000,ATHX BERLIN 2026,Germany 🇩🇪,2026,Female,ATHX Pro,Strength,42KG,68KG,100KG,,
19,Weronika,Białowąs,Weronika Białowąs,Female,,,https://ui-avatars.com/api/?name=W+B&color=FFFFFF&background=000000,ATHX BERLIN 2026,Germany 🇩🇪,2026,Female,ATHX Pro,Strength,40KG,75KG,95KG,,
21,Inga-Marie,Ganssauge,Inga-Marie Ganssauge,Female,,,https://ui-avatars.com/api/?name=I+G&color=FFFFFF&background=000000,ATHX BERLIN 2026,Germany 🇩🇪,2026,Female,ATHX Pro,Strength,38KG,70KG,90KG,,
22,Franziska,Kühlthau,Franziska Kühlthau,Female,,,https://ui-avatars.com/api/?name=F+K&color=FFFFFF&background=000000,ATHX BERLIN 2026,Germany 🇩🇪,2026,Female,ATHX Pro,Strength,31KG,71KG,81KG,,
23,Vanessa,Mazzarella,Vanessa Mazzarella,Female,,,https://ui-avatars.com/api/?name=V+M&color=FFFFFF&background=000000,ATHX BERLIN 2026,Germany 🇩🇪,2026,Female,ATHX Pro,Strength,32KG,55KG,75KG,,
24,Anne,Koch,Anne Koch,Female,,,https://ui-avatars.com/api/?name=A+K&color=FFFFFF&background=000000,ATHX BERLIN 2026,Germany 🇩🇪,2026,Female,ATHX Pro,Strength,26KG,60KG,67KG,,
1,Nicole,Bredfeldt,Nicole Bredfeldt,Female,Germany,Trave CrossFit,https://ui-avatars.com/api/?name=N+B&color=FFFFFF&background=000000,ATHX BERLIN 2026,Germany 🇩🇪,2026,Female,ATHX Lite,Strength,46KG,105KG,140KG,,
2,Tina,Dragutinovic-Moos,Tina Dragutinovic-Moos,Female,,,https://ui-avatars.com/api/?name=T+D&color=FFFFFF&background=000000,ATHX BERLIN 2026,Germany 🇩🇪,2026,Female,ATHX Lite,Strength,50KG,100KG,110KG,,
3,Justyna,Niemczyk,Justyna Niemczyk,Female,Poland,,https://ui-avatars.com/api/?name=J+N&color=FFFFFF&background=000000,ATHX BERLIN 2026,Germany 🇩🇪,2026,Female,ATHX Lite,Strength,43KG,85KG,98KG,,
4,Janina,Paaß,Janina Paaß,Female,,,https://ui-avatars.com/api/?name=J+P&color=FFFFFF&background=000000,ATHX BERLIN 2026,Germany 🇩🇪,2026,Female,ATHX Lite,Strength,40KG,75KG,107KG,,
5,Timotée,Gbaguidi,Timotée Gbaguidi,Female,,,https://ui-avatars.com/api/?name=T+G&color=FFFFFF&background=000000,ATHX BERLIN 2026,Germany 🇩🇪,2026,Female,ATHX Lite,Strength,37KG,80KG,95KG,,
6,Sandy,Sorger,Sandy Sorger,Female,,,https://ui-avatars.com/api/?name=S+S&color=FFFFFF&background=000000,ATHX BERLIN 2026,Germany 🇩🇪,2026,Female,ATHX Lite,Strength,38KG,78KG,95KG,,
7,Benita-Francesca,Teichmann,Benita-Francesca Teichmann,Female,,,https://ui-avatars.com/api/?name=B+T&color=FFFFFF&background=000000,ATHX BERLIN 2026,Germany 🇩🇪,2026,Female,ATHX Lite,Strength,38KG,80KG,90KG,,
8,Diellza,Isufaj,Diellza Isufaj,Female,,,https://ui-avatars.com/api/?name=D+I&color=FFFFFF&background=000000,ATHX BERLIN 2026,Germany 🇩🇪,2026,Female,ATHX Lite,Strength,30KG,75KG,100KG,,
8,Stefanie,Preuß,Stefanie Preuß,Female,,,https://ui-avatars.com/api/?name=S+P&color=FFFFFF&background=000000,ATHX BERLIN 2026,Germany 🇩🇪,2026,Female,ATHX Lite,Strength,40KG,65KG,100KG,,
10,Vasiliki,Koutsogianni,Vasiliki Koutsogianni,Female,,,https://ui-avatars.com/api/?name=V+K&color=FFFFFF&background=000000,ATHX BERLIN 2026,Germany 🇩🇪,2026,Female,ATHX Lite,Strength,37KG,65KG,100KG,,
11,Desi,Lundoloki,Desi Lundoloki,Female,,,https://ui-avatars.com/api/?name=D+L&color=FFFFFF&background=000000,ATHX BERLIN 2026,Germany 🇩🇪,2026,Female,ATHX Lite,Strength,41KG,60KG,100KG,,
12,Lara,Farwick,Lara Farwick,Female,Germany,,https://ui-avatars.com/api/?name=L+F&color=FFFFFF&background=000000,ATHX BERLIN 2026,Germany 🇩🇪,2026,Female,ATHX Lite,Strength,35KG,70KG,95KG,,
13,Christina,Leuker,Christina Leuker,Female,,,https://ui-avatars.com/api/?name=C+L&color=FFFFFF&background=000000,ATHX BERLIN 2026,Germany 🇩🇪,2026,Female,ATHX Lite,Strength,37KG,72KG,90KG,,
14,Anja,Rausch,Anja Rausch,Female,,,https://ui-avatars.com/api/?name=A+R&color=FFFFFF&background=000000,ATHX BERLIN 2026,Germany 🇩🇪,2026,Female,ATHX Lite,Strength,35KG,75KG,85KG,,
15,Emily,Morgenstern,Emily Morgenstern,Female,,,https://ui-avatars.com/api/?name=E+M&color=FFFFFF&background=000000,ATHX BERLIN 2026,Germany 🇩🇪,2026,Female,ATHX Lite,Strength,36KG,75KG,83KG,,
16,Miriam,Post,Miriam Post,Female,,,https://ui-avatars.com/api/?name=M+P&color=FFFFFF&background=000000,ATHX BERLIN 2026,Germany 🇩🇪,2026,Female,ATHX Lite,Strength,33KG,75KG,85KG,,
17,Sina,Rieckhoff,Sina Rieckhoff,Female,,,https://ui-avatars.com/api/?name=S+R&color=FFFFFF&background=000000,ATHX BERLIN 2026,Germany 🇩🇪,2026,Female,ATHX Lite,Strength,35KG,60KG,95KG,,
17,Saskia,Naujok,Saskia Naujok,Female,,,https://ui-avatars.com/api/?name=S+N&color=FFFFFF&background=000000,ATHX BERLIN 2026,Germany 🇩🇪,2026,Female,ATHX Lite,Strength,35KG,70KG,85KG,,
17,Inke,Nissen,Inke Nissen,Female,,,https://ui-avatars.com/api/?name=I+N&color=FFFFFF&background=000000,ATHX BERLIN 2026,Germany 🇩🇪,2026,Female,ATHX Lite,Strength,35KG,65KG,90KG,,
20,Susanne,Bliesner,Susanne Bliesner,Female,,,https://ui-avatars.com/api/?name=S+B&color=FFFFFF&background=000000,ATHX BERLIN 2026,Germany 🇩🇪,2026,Female,ATHX Lite,Strength,37KG,60KG,87KG,,
21,Saskia-Alessandra,Forkel,Saskia-Alessandra Forkel,Female,,,https://ui-avatars.com/api/?name=S+F&color=FFFFFF&background=000000,ATHX BERLIN 2026,Germany 🇩🇪,2026,Female,ATHX Lite,Strength,38KG,60KG,80KG,,
22,Marit,Paschke,Marit Paschke,Female,,,https://ui-avatars.com/api/?name=M+P&color=FFFFFF&background=000000,ATHX BERLIN 2026,Germany 🇩🇪,2026,Female,ATHX Lite,Strength,37KG,55KG,84KG,,
23,Diana,Petersen,Diana Petersen,Female,,,https://ui-avatars.com/api/?name=D+P&color=FFFFFF&background=000000,ATHX BERLIN 2026,Germany 🇩🇪,2026,Female,ATHX Lite,Strength,33KG,55KG,85KG,,
24,Rebecca,Mengering,Rebecca Mengering,Female,,,https://ui-avatars.com/api/?name=R+M&color=FFFFFF&background=000000,ATHX BERLIN 2026,Germany 🇩🇪,2026,Female,ATHX Lite,Strength,30KG,60KG,80KG,,
24,Michy,Mann,Michy Mann,Female,,,https://ui-avatars.com/api/?name=M+M&color=FFFFFF&background=000000,ATHX BERLIN 2026,Germany 🇩🇪,2026,Female,ATHX Lite,Strength,33KG,57KG,80KG,,
24,Franziska,Wilsky,Franziska Wilsky,Female,,,https://ui-avatars.com/api/?name=F+W&color=FFFFFF&background=000000,ATHX BERLIN 2026,Germany 🇩🇪,2026,Female,ATHX Lite,Strength,40KG,55KG,75KG,,
24,Jana,Lobe,Jana Lobe,Female,,,https://ui-avatars.com/api/?name=J+L&color=FFFFFF&background=000000,ATHX BERLIN 2026,Germany 🇩🇪,2026,Female,ATHX Lite,Strength,34KG,60KG,76KG,,
28,Amy,Wake,Amy Wake,Female,,,https://ui-avatars.com/api/?name=A+W&color=FFFFFF&background=000000,ATHX BERLIN 2026,Germany 🇩🇪,2026,Female,ATHX Lite,Strength,29KG,60KG,80KG,,
28,Naruna Kamala,Viana Guimarães Vierling,Naruna Kamala Viana Guimarães Vierling,Female,Brazil,,https://ui-avatars.com/api/?name=N+K+V+G+V&color=FFFFFF&background=000000,ATHX BERLIN 2026,Germany 🇩🇪,2026,Female,ATHX Lite,Strength,39KG,45KG,85KG,,
30,Vanessa,Schilde,Vanessa Schilde,Female,,,https://ui-avatars.com/api/?name=V+S&color=FFFFFF&background=000000,ATHX BERLIN 2026,Germany 🇩🇪,2026,Female,ATHX Lite,Strength,34KG,60KG,71KG,,
31,Josephine,Schröder,Josephine Schröder,Female,,,https://ui-avatars.com/api/?name=J+S&color=FFFFFF&background=000000,ATHX BERLIN 2026,Germany 🇩🇪,2026,Female,ATHX Lite,Strength,26KG,58KG,80KG,,
32,Maren,Kaspers,Maren Kaspers,Female,,,https://ui-avatars.com/api/?name=M+K&color=FFFFFF&background=000000,ATHX BERLIN 2026,Germany 🇩🇪,2026,Female,ATHX Lite,Strength,33KG,50KG,75KG,,
33,Burcin,Özcelik,Burcin Özcelik,Female,,,https://ui-avatars.com/api/?name=B+%C3%96&color=FFFFFF&background=000000,ATHX BERLIN 2026,Germany 🇩🇪,2026,Female,ATHX Lite,Strength,35KG,50KG,70KG,,
34,Vanja,Lier,Vanja Lier,Female,,,https://athxgames.com/storage/profile-photos/lIA6uca3GEQsy8iUFtiHxn8805tb5ehYSMC7ZW7A.jpg,ATHX BERLIN 2026,Germany 🇩🇪,2026,Female,ATHX Lite,Strength,29KG,55KG,70KG,,
34,Jasmina,Schmidt,Jasmina Schmidt,Female,,,https://ui-avatars.com/api/?name=J+S&color=FFFFFF&background=000000,ATHX BERLIN 2026,Germany 🇩🇪,2026,Female,ATHX Lite,Strength,28KG,55KG,71KG,,
36,Katerina,Giannoglou,Katerina Giannoglou,Female,,,https://ui-avatars.com/api/?name=K+G&color=FFFFFF&background=000000,ATHX BERLIN 2026,Germany 🇩🇪,2026,Female,ATHX Lite,Strength,30KG,54KG,69KG,,
36,Sara,Kosnacova,Sara Kosnacova,Female,,,https://ui-avatars.com/api/?name=S+K&color=FFFFFF&background=000000,ATHX BERLIN 2026,Germany 🇩🇪,2026,Female,ATHX Lite,Strength,31KG,52KG,70KG,,
36,Charlotte,Schindler,Charlotte Schindler,Female,Germany,CFM,https://ui-avatars.com/api/?name=C+S&color=FFFFFF&background=000000,ATHX BERLIN 2026,Germany 🇩🇪,2026,Female,ATHX Lite,Strength,28KG,55KG,70KG,,
36,Sara,Douedari,Sara Douedari,Female,,,https://ui-avatars.com/api/?name=S+D&color=FFFFFF&background=000000,ATHX BERLIN 2026,Germany 🇩🇪,2026,Female,ATHX Lite,Strength,38KG,45KG,70KG,,
40,Anna-Marie,Rose,Anna-Marie Rose,Female,,,https://ui-avatars.com/api/?name=A+R&color=FFFFFF&background=000000,ATHX BERLIN 2026,Germany 🇩🇪,2026,Female,ATHX Lite,Strength,33KG,28KG,90KG,,
41,Alessa,Frey,Alessa Frey,Female,,,https://ui-avatars.com/api/?name=A+F&color=FFFFFF&background=000000,ATHX BERLIN 2026,Germany 🇩🇪,2026,Female,ATHX Lite,Strength,25KG,48KG,75KG,,
42,Jessica,Kourie,Jessica Kourie,Female,,,https://ui-avatars.com/api/?name=J+K&color=FFFFFF&background=000000,ATHX BERLIN 2026,Germany 🇩🇪,2026,Female,ATHX Lite,Strength,35KG,45KG,65KG,,
43,Martina,Burkert,Martina Burkert,Female,,,https://ui-avatars.com/api/?name=M+B&color=FFFFFF&background=000000,ATHX BERLIN 2026,Germany 🇩🇪,2026,Female,ATHX Lite,Strength,30KG,50KG,64KG,,
43,Pia,Rüther,Pia Rüther,Female,,,https://ui-avatars.com/api/?name=P+R&color=FFFFFF&background=000000,ATHX BERLIN 2026,Germany 🇩🇪,2026,Female,ATHX Lite,Strength,29KG,45KG,70KG,,
45,Milena,Belitzer,Milena Belitzer,Female,Germany,T.S.S Crossfit,https://ui-avatars.com/api/?name=M+B&color=FFFFFF&background=000000,ATHX BERLIN 2026,Germany 🇩🇪,2026,Female,ATHX Lite,Strength,33KG,30KG,80KG,,
45,Elena,Siepe,Elena Siepe,Female,,,https://ui-avatars.com/api/?name=E+S&color=FFFFFF&background=000000,ATHX BERLIN 2026,Germany 🇩🇪,2026,Female,ATHX Lite,Strength,28KG,55KG,60KG,,
47,Bianca,Flender,Bianca Flender,Female,,,https://ui-avatars.com/api/?name=B+F&color=FFFFFF&background=000000,ATHX BERLIN 2026,Germany 🇩🇪,2026,Female,ATHX Lite,Strength,25KG,50KG,65KG,,
48,Terézia,Nadaska,Terézia Nadaska,Female,,,https://ui-avatars.com/api/?name=T+N&color=FFFFFF&background=000000,ATHX BERLIN 2026,Germany 🇩🇪,2026,Female,ATHX Lite,Strength,27KG,52KG,60KG,,
49,Amelie,Wendelaar Bonga,Amelie Wendelaar Bonga,Female,,,https://ui-avatars.com/api/?name=A+W+B&color=FFFFFF&background=000000,ATHX BERLIN 2026,Germany 🇩🇪,2026,Female,ATHX Lite,Strength,26KG,39KG,60KG,,
49,Helen,Rinckens,Helen Rinckens,Female,,,https://ui-avatars.com/api/?name=H+R&color=FFFFFF&background=000000,ATHX BERLIN 2026,Germany 🇩🇪,2026,Female,ATHX Lite,Strength,25KG,45KG,55KG,,
51,Janine,Balzer,Janine Balzer,Female,,,https://ui-avatars.com/api/?name=J+B&color=FFFFFF&background=000000,ATHX BERLIN 2026,Germany 🇩🇪,2026,Female,ATHX Lite,Strength,25KG,45KG,45KG,,
1,Christian,Ambichl,Christian Ambichl,Male,,,https://ui-avatars.com/api/?name=C+A&color=FFFFFF&background=000000,ATHX BERLIN 2026,Germany 🇩🇪,2026,Male,ATHX Lite,Strength,70KG,153KG,170KG,,
1,Tobias,Moos,Tobias Moos,Male,Germany,,https://ui-avatars.com/api/?name=T+M&color=FFFFFF&background=000000,ATHX BERLIN 2026,Germany 🇩🇪,2026,Male,ATHX Lite,Strength,83KG,150KG,160KG,,
3,Daniel,Brandis,Daniel Brandis,Male,,,https://ui-avatars.com/api/?name=D+B&color=FFFFFF&background=000000,ATHX BERLIN 2026,Germany 🇩🇪,2026,Male,ATHX Lite,Strength,75KG,140KG,160KG,,
4,Julian,Schwikart,Julian Schwikart,Male,Germany,FFM CrossFit,https://ui-avatars.com/api/?name=J+S&color=FFFFFF&background=000000,ATHX BERLIN 2026,Germany 🇩🇪,2026,Male,ATHX Lite,Strength,68KG,130KG,170KG,,
5,Jay,Jones,Jay Jones,Male,,,https://ui-avatars.com/api/?name=J+J&color=FFFFFF&background=000000,ATHX BERLIN 2026,Germany 🇩🇪,2026,Male,ATHX Lite,Strength,75KG,115KG,150KG,,
6,Matthias,Trumpold,Matthias Trumpold,Male,,,https://ui-avatars.com/api/?name=M+T&color=FFFFFF&background=000000,ATHX BERLIN 2026,Germany 🇩🇪,2026,Male,ATHX Lite,Strength,70KG,120KG,140KG,,
7,Marco,Gravera,Marco Gravera,Male,,,https://ui-avatars.com/api/?name=M+G&color=FFFFFF&background=000000,ATHX BERLIN 2026,Germany 🇩🇪,2026,Male,ATHX Lite,Strength,65KG,120KG,140KG,,
8,Frank,Piotraschke,Frank Piotraschke,Male,,,https://ui-avatars.com/api/?name=F+P&color=FFFFFF&background=000000,ATHX BERLIN 2026,Germany 🇩🇪,2026,Male,ATHX Lite,Strength,80KG,100KG,140KG,,
9,Miguel,Azevedo,Miguel Azevedo,Male,,,https://ui-avatars.com/api/?name=M+A&color=FFFFFF&background=000000,ATHX BERLIN 2026,Germany 🇩🇪,2026,Male,ATHX Lite,Strength,65KG,110KG,140KG,,
10,Richard,Marston,Richard Marston,Male,,,https://ui-avatars.com/api/?name=R+M&color=FFFFFF&background=000000,ATHX BERLIN 2026,Germany 🇩🇪,2026,Male,ATHX Lite,Strength,70KG,94KG,150KG,,
11,Georgios,Kanistras,Georgios Kanistras,Male,Germany,Coburg Crossfit,https://athxgames.com/storage/profile-photos/xOeOFzEJikmMCsFotZvxYlKLEStc1ZckNvP753WS.jpg,ATHX BERLIN 2026,Germany 🇩🇪,2026,Male,ATHX Lite,Strength,65KG,95KG,153KG,,
12,Paul-Louis,Kuhnke,Paul-Louis Kuhnke,Male,,,https://ui-avatars.com/api/?name=P+K&color=FFFFFF&background=000000,ATHX BERLIN 2026,Germany 🇩🇪,2026,Male,ATHX Lite,Strength,52KG,120KG,135KG,,
13,Rhydian,Powell,Rhydian Powell,Male,,,https://ui-avatars.com/api/?name=R+P&color=FFFFFF&background=000000,ATHX BERLIN 2026,Germany 🇩🇪,2026,Male,ATHX Lite,Strength,60KG,120KG,120KG,,
13,Kacper,Duc,Kacper Duc,Male,Poland,,https://ui-avatars.com/api/?name=K+D&color=FFFFFF&background=000000,ATHX BERLIN 2026,Germany 🇩🇪,2026,Male,ATHX Lite,Strength,70KG,110KG,120KG,,
15,Florian,Rüther,Florian Rüther,Male,,,https://ui-avatars.com/api/?name=F+R&color=FFFFFF&background=000000,ATHX BERLIN 2026,Germany 🇩🇪,2026,Male,ATHX Lite,Strength,69KG,110KG,115KG,,
16,Carsten,Rothmann,Carsten Rothmann,Male,Germany,Zündstoff,https://athxgames.com/storage/profile-photos/sPvLOeNaf1Zt6PyGNxeIMOUD3j0FIav52TEULPCQ.png,ATHX BERLIN 2026,Germany 🇩🇪,2026,Male,ATHX Lite,Strength,60KG,80KG,150KG,,
17,Heiko,Weirauch,Heiko Weirauch,Male,,,https://ui-avatars.com/api/?name=H+W&color=FFFFFF&background=000000,ATHX BERLIN 2026,Germany 🇩🇪,2026,Male,ATHX Lite,Strength,45KG,100KG,140KG,,
17,Diego,Juarez,Diego Juarez,Male,,,https://ui-avatars.com/api/?name=D+J&color=FFFFFF&background=000000,ATHX BERLIN 2026,Germany 🇩🇪,2026,Male,ATHX Lite,Strength,65KG,110KG,110KG,,
19,Adrian,Dreßler,Adrian Dreßler,Male,,,https://ui-avatars.com/api/?name=A+D&color=FFFFFF&background=000000,ATHX BERLIN 2026,Germany 🇩🇪,2026,Male,ATHX Lite,Strength,52KG,90KG,140KG,,
20,Bünyamin,Özcelik,Bünyamin Özcelik,Male,,,https://ui-avatars.com/api/?name=B+%C3%96&color=FFFFFF&background=000000,ATHX BERLIN 2026,Germany 🇩🇪,2026,Male,ATHX Lite,Strength,70KG,100KG,110KG,,
21,Sven,Preuß,Sven Preuß,Male,,,https://ui-avatars.com/api/?name=S+P&color=FFFFFF&background=000000,ATHX BERLIN 2026,Germany 🇩🇪,2026,Male,ATHX Lite,Strength,53KG,100KG,125KG,,
22,Johannes,Hatz,Johannes Hatz,Male,,,https://athxgames.com/storage/profile-photos/w5YWtgvo7xNaE5pFyzjW3QWvc1tH2X4Hdj73gRjY.png,ATHX BERLIN 2026,Germany 🇩🇪,2026,Male,ATHX Lite,Strength,55KG,100KG,120KG,,
23,Thiago,Costas,Thiago Costas,Male,,,https://athxgames.com/storage/profile-photos/4UjNXTiHzC4Q2uIARe9tiU4DDLMOCGXzdb7U7oSm.jpg,ATHX BERLIN 2026,Germany 🇩🇪,2026,Male,ATHX Lite,Strength,55KG,100KG,110KG,,
24,Michael,Adelhardt,Michael Adelhardt,Male,Germany,,https://ui-avatars.com/api/?name=M+A&color=FFFFFF&background=000000,ATHX BERLIN 2026,Germany 🇩🇪,2026,Male,ATHX Lite,Strength,54KG,85KG,115KG,,
25,Robert,Wiersbinski,Robert Wiersbinski,Male,Germany,,https://athxgames.com/storage/profile-photos/fgOcjTU56euANA18QoPuX2FR7yBr6E8wRc8PE0go.jpg,ATHX BERLIN 2026,Germany 🇩🇪,2026,Male,ATHX Lite,Strength,53KG,90KG,110KG,,
26,Nils,Bonacker,Nils Bonacker,Male,,,https://ui-avatars.com/api/?name=N+B&color=FFFFFF&background=000000,ATHX BERLIN 2026,Germany 🇩🇪,2026,Male,ATHX Lite,Strength,65KG,80KG,105KG,,
26,Jim,Orlando,Jim Orlando,Male,,,https://ui-avatars.com/api/?name=J+O&color=FFFFFF&background=000000,ATHX BERLIN 2026,Germany 🇩🇪,2026,Male,ATHX Lite,Strength,50KG,90KG,110KG,,
28,Constantin,Jorde,Constantin Jorde,Male,,,https://ui-avatars.com/api/?name=C+J&color=FFFFFF&background=000000,ATHX BERLIN 2026,Germany 🇩🇪,2026,Male,ATHX Lite,Strength,45KG,85KG,115KG,,
29,Tammo,Bettex,Tammo Bettex,Male,,,https://ui-avatars.com/api/?name=T+B&color=FFFFFF&background=000000,ATHX BERLIN 2026,Germany 🇩🇪,2026,Male,ATHX Lite,Strength,53KG,85KG,100KG,,
30,Reinhard,Rubow,Reinhard Rubow,Male,Germany,CrossFit Tübingen,https://ui-avatars.com/api/?name=R+R&color=FFFFFF&background=000000,ATHX BERLIN 2026,Germany 🇩🇪,2026,Male,ATHX Lite,Strength,40KG,80KG,103KG,,
31,Christian,Zittel,Christian Zittel,Male,Germany,zündstoff CrossFit,https://ui-avatars.com/api/?name=C+Z&color=FFFFFF&background=000000,ATHX BERLIN 2026,Germany 🇩🇪,2026,Male,ATHX Lite,Strength,45KG,65KG,105KG,,
1,Andrea,Hendry,Andrea Hendry,Female,,,https://ui-avatars.com/api/?name=A+H&color=FFFFFF&background=000000,ATHX BERLIN 2026,Germany 🇩🇪,2026,Female,ATHX,Strength,38KG,125KG,143KG,,
2,Stephanie,Busch,Stephanie Busch,Female,,,https://ui-avatars.com/api/?name=S+B&color=FFFFFF&background=000000,ATHX BERLIN 2026,Germany 🇩🇪,2026,Female,ATHX,Strength,55KG,115KG,125KG,,
3,Anna,Connor-Astreos,Anna Connor-Astreos,Female,,,https://ui-avatars.com/api/?name=A+C&color=FFFFFF&background=000000,ATHX BERLIN 2026,Germany 🇩🇪,2026,Female,ATHX,Strength,47KG,122KG,125KG,,
4,Nicole,Bredfeldt,Nicole Bredfeldt,Female,Germany,Trave CrossFit,https://ui-avatars.com/api/?name=N+B&color=FFFFFF&background=000000,ATHX BERLIN 2026,Germany 🇩🇪,2026,Female,ATHX,Strength,46KG,105KG,140KG,,
5,Anna,Heuschmann,Anna Heuschmann,Female,,,https://ui-avatars.com/api/?name=A+H&color=FFFFFF&background=000000,ATHX BERLIN 2026,Germany 🇩🇪,2026,Female,ATHX,Strength,50KG,110KG,125KG,,
6,Adrian,Roseanu,Adrian Roseanu,Female,,Kaifu Lodge,https://ui-avatars.com/api/?name=A+R&color=FFFFFF&background=000000,ATHX BERLIN 2026,Germany 🇩🇪,2026,Female,ATHX,Strength,64KG,105KG,110KG,,
6,Nina,Knieriemen,Nina Knieriemen,Female,Germany,Crossfit Saarlouis,https://ui-avatars.com/api/?name=N+K&color=FFFFFF&background=000000,ATHX BERLIN 2026,Germany 🇩🇪,2026,Female,ATHX,Strength,53KG,106KG,120KG,,
8,Chiara,Regli,Chiara Regli,Female,,,https://ui-avatars.com/api/?name=C+R&color=FFFFFF&background=000000,ATHX BERLIN 2026,Germany 🇩🇪,2026,Female,ATHX,Strength,44KG,110KG,115KG,,
8,Kim,Rosner,Kim Rosner,Female,,,https://ui-avatars.com/api/?name=K+R&color=FFFFFF&background=000000,ATHX BERLIN 2026,Germany 🇩🇪,2026,Female,ATHX,Strength,53KG,100KG,116KG,,
10,Jessica,Lindenthal,Jessica Lindenthal,Female,,,https://ui-avatars.com/api/?name=J+L&color=FFFFFF&background=000000,ATHX BERLIN 2026,Germany 🇩🇪,2026,Female,ATHX,Strength,55KG,95KG,115KG,,
11,Jennifer,Bechtold,Jennifer Bechtold,Female,,,https://ui-avatars.com/api/?name=J+B&color=FFFFFF&background=000000,ATHX BERLIN 2026,Germany 🇩🇪,2026,Female,ATHX,Strength,45KG,94KG,125KG,,
12,Wiebke,Eggers,Wiebke Eggers,Female,Germany,Kamroc,https://ui-avatars.com/api/?name=W+E&color=FFFFFF&background=000000,ATHX BERLIN 2026,Germany 🇩🇪,2026,Female,ATHX,Strength,49KG,98KG,115KG,,
13,Celina,Fischer,Celina Fischer,Female,,,https://ui-avatars.com/api/?name=C+F&color=FFFFFF&background=000000,ATHX BERLIN 2026,Germany 🇩🇪,2026,Female,ATHX,Strength,45KG,95KG,120KG,,
13,Anne,Lux,Anne Lux,Female,,,https://ui-avatars.com/api/?name=A+L&color=FFFFFF&background=000000,ATHX BERLIN 2026,Germany 🇩🇪,2026,Female,ATHX,Strength,45KG,95KG,120KG,,
13,Joana,Müller,Joana Müller,Female,,,https://ui-avatars.com/api/?name=J+M&color=FFFFFF&background=000000,ATHX BERLIN 2026,Germany 🇩🇪,2026,Female,ATHX,Strength,42KG,100KG,118KG,,
13,Bernadett,Békési,Bernadett Békési,Female,,,https://ui-avatars.com/api/?name=B+B&color=FFFFFF&background=000000,ATHX BERLIN 2026,Germany 🇩🇪,2026,Female,ATHX,Strength,36KG,104KG,120KG,,
13,Paula,Loibl,Paula Loibl,Female,,,https://ui-avatars.com/api/?name=P+L&color=FFFFFF&background=000000,ATHX BERLIN 2026,Germany 🇩🇪,2026,Female,ATHX,Strength,38KG,97KG,125KG,,
18,Anna,Menzel-Giourelis,Anna Menzel-Giourelis,Female,,,https://ui-avatars.com/api/?name=A+M&color=FFFFFF&background=000000,ATHX BERLIN 2026,Germany 🇩🇪,2026,Female,ATHX,Strength,42KG,94KG,123KG,,
18,Erika,Cavigiolo,Erika Cavigiolo,Female,,,https://ui-avatars.com/api/?name=E+C&color=FFFFFF&background=000000,ATHX BERLIN 2026,Germany 🇩🇪,2026,Female,ATHX,Strength,46KG,88KG,125KG,,
20,Judith,Claßen,Judith Claßen,Female,,,https://ui-avatars.com/api/?name=J+C&color=FFFFFF&background=000000,ATHX BERLIN 2026,Germany 🇩🇪,2026,Female,ATHX,Strength,48KG,95KG,115KG,,
21,Sina,Bertelsbeck,Sina Bertelsbeck,Female,,,https://ui-avatars.com/api/?name=S+B&color=FFFFFF&background=000000,ATHX BERLIN 2026,Germany 🇩🇪,2026,Female,ATHX,Strength,50KG,95KG,112KG,,
21,Kelley,Griffiths,Kelley Griffiths,Female,,,https://ui-avatars.com/api/?name=K+G&color=FFFFFF&background=000000,ATHX BERLIN 2026,Germany 🇩🇪,2026,Female,ATHX,Strength,45KG,102KG,110KG,,
23,Romy,Trömel,Romy Trömel,Female,,,https://ui-avatars.com/api/?name=R+T&color=FFFFFF&background=000000,ATHX BERLIN 2026,Germany 🇩🇪,2026,Female,ATHX,Strength,50KG,90KG,115KG,,
23,Emily,Kavanagh,Emily Kavanagh,Female,,,https://ui-avatars.com/api/?name=E+K&color=FFFFFF&background=000000,ATHX BERLIN 2026,Germany 🇩🇪,2026,Female,ATHX,Strength,40KG,90KG,125KG,,
25,Hannah,Danowski,Hannah Danowski,Female,,,https://ui-avatars.com/api/?name=H+D&color=FFFFFF&background=000000,ATHX BERLIN 2026,Germany 🇩🇪,2026,Female,ATHX,Strength,48KG,90KG,115KG,,
25,Ann-Kristin,Freitag,Ann-Kristin Freitag,Female,,,https://ui-avatars.com/api/?name=A+F&color=FFFFFF&background=000000,ATHX BERLIN 2026,Germany 🇩🇪,2026,Female,ATHX,Strength,43KG,95KG,115KG,,
27,Janine,Gatzke,Janine Gatzke,Female,,Crossfit mit Schmackes,https://ui-avatars.com/api/?name=J+G&color=FFFFFF&background=000000,ATHX BERLIN 2026,Germany 🇩🇪,2026,Female,ATHX,Strength,42KG,92KG,118KG,,
27,Kathrin,Limmer,Kathrin Limmer,Female,Germany,,https://ui-avatars.com/api/?name=K+L&color=FFFFFF&background=000000,ATHX BERLIN 2026,Germany 🇩🇪,2026,Female,ATHX,Strength,50KG,96KG,106KG,,
29,Kim Jennifer,Struckmann,Kim Jennifer Struckmann,Female,Germany,CrossFit Nordlicht,https://ui-avatars.com/api/?name=K+J+S&color=FFFFFF&background=000000,ATHX BERLIN 2026,Germany 🇩🇪,2026,Female,ATHX,Strength,38KG,88KG,125KG,,
30,Laura,Modrich,Laura Modrich,Female,,,https://ui-avatars.com/api/?name=L+M&color=FFFFFF&background=000000,ATHX BERLIN 2026,Germany 🇩🇪,2026,Female,ATHX,Strength,35KG,95KG,120KG,,
30,Ines,Noeske,Ines Noeske,Female,,,https://ui-avatars.com/api/?name=I+N&color=FFFFFF&background=000000,ATHX BERLIN 2026,Germany 🇩🇪,2026,Female,ATHX,Strength,40KG,100KG,110KG,,
30,Sarah,Kerr,Sarah Kerr,Female,,,https://ui-avatars.com/api/?name=S+K&color=FFFFFF&background=000000,ATHX BERLIN 2026,Germany 🇩🇪,2026,Female,ATHX,Strength,50KG,90KG,110KG,,
33,Käthe,Neuss,Käthe Neuss,Female,,,https://ui-avatars.com/api/?name=K+N&color=FFFFFF&background=000000,ATHX BERLIN 2026,Germany 🇩🇪,2026,Female,ATHX,Strength,52KG,85KG,110KG,,
34,Franziska,Schultz,Franziska Schultz,Female,,,https://ui-avatars.com/api/?name=F+S&color=FFFFFF&background=000000,ATHX BERLIN 2026,Germany 🇩🇪,2026,Female,ATHX,Strength,36KG,85KG,125KG,,
35,Jasmijn,Taman,Jasmijn Taman,Female,,,https://ui-avatars.com/api/?name=J+T&color=FFFFFF&background=000000,ATHX BERLIN 2026,Germany 🇩🇪,2026,Female,ATHX,Strength,65KG,80KG,100KG,,
35,Julia,Waibel,Julia Waibel,Female,Germany,,https://ui-avatars.com/api/?name=J+W&color=FFFFFF&background=000000,ATHX BERLIN 2026,Germany 🇩🇪,2026,Female,ATHX,Strength,40KG,95KG,110KG,,
35,Cynthia,Mensah,Cynthia Mensah,Female,,,https://ui-avatars.com/api/?name=C+M&color=FFFFFF&background=000000,ATHX BERLIN 2026,Germany 🇩🇪,2026,Female,ATHX,Strength,45KG,90KG,110KG,,
35,Gabriela Carolina,Luciano,Gabriela Carolina Luciano,Female,,,https://ui-avatars.com/api/?name=G+C+L&color=FFFFFF&background=000000,ATHX BERLIN 2026,Germany 🇩🇪,2026,Female,ATHX,Strength,45KG,90KG,110KG,,
39,Magdalena,Moltzan-Malkowska,Magdalena Moltzan-Malkowska,Female,Poland,,https://ui-avatars.com/api/?name=M+M&color=FFFFFF&background=000000,ATHX BERLIN 2026,Germany 🇩🇪,2026,Female,ATHX,Strength,48KG,85KG,110KG,,
39,Vivien,Herb,Vivien Herb,Female,,,https://ui-avatars.com/api/?name=V+H&color=FFFFFF&background=000000,ATHX BERLIN 2026,Germany 🇩🇪,2026,Female,ATHX,Strength,48KG,91KG,104KG,,
41,Veronika,Hammerbacher,Veronika Hammerbacher,Female,Germany,Riginal CrossFit Nürnberg,https://ui-avatars.com/api/?name=V+H&color=FFFFFF&background=000000,ATHX BERLIN 2026,Germany 🇩🇪,2026,Female,ATHX,Strength,48KG,93KG,100KG,,
42,Jette,Schaffran,Jette Schaffran,Female,,,https://ui-avatars.com/api/?name=J+S&color=FFFFFF&background=000000,ATHX BERLIN 2026,Germany 🇩🇪,2026,Female,ATHX,Strength,40KG,90KG,110KG,,
42,Julia,Czerwinski,Julia Czerwinski,Female,,,https://ui-avatars.com/api/?name=J+C&color=FFFFFF&background=000000,ATHX BERLIN 2026,Germany 🇩🇪,2026,Female,ATHX,Strength,38KG,102KG,100KG,,
42,Laura,Boyksen,Laura Boyksen,Female,,,https://ui-avatars.com/api/?name=L+B&color=FFFFFF&background=000000,ATHX BERLIN 2026,Germany 🇩🇪,2026,Female,ATHX,Strength,45KG,85KG,110KG,,
45,Melissa,Hausladen,Melissa Hausladen,Female,,,https://ui-avatars.com/api/?name=M+H&color=FFFFFF&background=000000,ATHX BERLIN 2026,Germany 🇩🇪,2026,Female,ATHX,Strength,44KG,90KG,105KG,,
45,Agnes,Bretschneider,Agnes Bretschneider,Female,,,https://ui-avatars.com/api/?name=A+B&color=FFFFFF&background=000000,ATHX BERLIN 2026,Germany 🇩🇪,2026,Female,ATHX,Strength,49KG,85KG,105KG,,
45,Samanta,Schydlo,Samanta Schydlo,Female,Germany,Crossfit Düsseldorf,https://athxgames.com/storage/profile-photos/zqa2vWQ35BzlgOKuiVa66FWozRGEH6p5Meg72p9n.jpg,ATHX BERLIN 2026,Germany 🇩🇪,2026,Female,ATHX,Strength,44KG,90KG,105KG,,
48,Asrai,Soos,Asrai Soos,Female,,,https://ui-avatars.com/api/?name=A+S&color=FFFFFF&background=000000,ATHX BERLIN 2026,Germany 🇩🇪,2026,Female,ATHX,Strength,43KG,80KG,115KG,,
48,Jule,Braren,Jule Braren,Female,,,https://ui-avatars.com/api/?name=J+B&color=FFFFFF&background=000000,ATHX BERLIN 2026,Germany 🇩🇪,2026,Female,ATHX,Strength,43KG,95KG,100KG,,
48,Lina,Michaelis,Lina Michaelis,Female,,,https://ui-avatars.com/api/?name=L+M&color=FFFFFF&background=000000,ATHX BERLIN 2026,Germany 🇩🇪,2026,Female,ATHX,Strength,44KG,93KG,101KG,,
48,maeve,hamill,maeve hamill,Female,,,https://ui-avatars.com/api/?name=m+h&color=FFFFFF&background=000000,ATHX BERLIN 2026,Germany 🇩🇪,2026,Female,ATHX,Strength,33KG,85KG,120KG,,
48,Viktoria,Roppelt,Viktoria Roppelt,Female,,,https://ui-avatars.com/api/?name=V+R&color=FFFFFF&background=000000,ATHX BERLIN 2026,Germany 🇩🇪,2026,Female,ATHX,Strength,48KG,90KG,100KG,,
48,Thamara,Schuster,Thamara Schuster,Female,,,https://ui-avatars.com/api/?name=T+S&color=FFFFFF&background=000000,ATHX BERLIN 2026,Germany 🇩🇪,2026,Female,ATHX,Strength,43KG,90KG,105KG,,
54,Dinah,Gordon,Dinah Gordon,Female,,Crossfit Grenzgänger,https://ui-avatars.com/api/?name=D+G&color=FFFFFF&background=000000,ATHX BERLIN 2026,Germany 🇩🇪,2026,Female,ATHX,Strength,41KG,85KG,110KG,,
55,Maximiliane,Thiel,Maximiliane Thiel,Female,,,https://ui-avatars.com/api/?name=M+T&color=FFFFFF&background=000000,ATHX BERLIN 2026,Germany 🇩🇪,2026,Female,ATHX,Strength,40KG,80KG,115KG,,
55,Alina,Bräuer,Alina Bräuer,Female,,,https://ui-avatars.com/api/?name=A+B&color=FFFFFF&background=000000,ATHX BERLIN 2026,Germany 🇩🇪,2026,Female,ATHX,Strength,45KG,90KG,100KG,,
57,Sandra,Krugmann,Sandra Krugmann,Female,,,https://ui-avatars.com/api/?name=S+K&color=FFFFFF&background=000000,ATHX BERLIN 2026,Germany 🇩🇪,2026,Female,ATHX,Strength,43KG,80KG,110KG,,
57,Clarissa,Siegel,Clarissa Siegel,Female,Germany,CFM Mitte,https://athxgames.com/storage/profile-photos/f7hu7QO9CjXEI4PUrLrKZd26W3yW3nPnvs0yBmh7.jpg,ATHX BERLIN 2026,Germany 🇩🇪,2026,Female,ATHX,Strength,38KG,85KG,110KG,,
57,Eliza,Cumming,Eliza Cumming,Female,,,https://ui-avatars.com/api/?name=E+C&color=FFFFFF&background=000000,ATHX BERLIN 2026,Germany 🇩🇪,2026,Female,ATHX,Strength,35KG,88KG,110KG,,
57,Lisa,Brand,Lisa Brand,Female,,,https://ui-avatars.com/api/?name=L+B&color=FFFFFF&background=000000,ATHX BERLIN 2026,Germany 🇩🇪,2026,Female,ATHX,Strength,40KG,85KG,108KG,,
57,Petra,Juskova,Petra Juskova,Female,,Jgym,https://ui-avatars.com/api/?name=P+J&color=FFFFFF&background=000000,ATHX BERLIN 2026,Germany 🇩🇪,2026,Female,ATHX,Strength,45KG,95KG,93KG,,
62,Kira,Spuddig,Kira Spuddig,Female,,,https://athxgames.com/storage/profile-photos/p5tdVA6dGbZvOAOkhmR27xqNEmOMQvN5s2CECX6Y.jpg,ATHX BERLIN 2026,Germany 🇩🇪,2026,Female,ATHX,Strength,40KG,80KG,112KG,,
63,Edith,Moser,Edith Moser,Female,,,https://ui-avatars.com/api/?name=E+M&color=FFFFFF&background=000000,ATHX BERLIN 2026,Germany 🇩🇪,2026,Female,ATHX,Strength,39KG,90KG,102KG,,
64,Franziska,Maisel,Franziska Maisel,Female,,,https://ui-avatars.com/api/?name=F+M&color=FFFFFF&background=000000,ATHX BERLIN 2026,Germany 🇩🇪,2026,Female,ATHX,Strength,40KG,80KG,110KG,,
64,Leonie,Scholz,Leonie Scholz,Female,,,https://ui-avatars.com/api/?name=L+S&color=FFFFFF&background=000000,ATHX BERLIN 2026,Germany 🇩🇪,2026,Female,ATHX,Strength,38KG,87KG,105KG,,
66,Aleksandra,Kowalska,Aleksandra Kowalska,Female,Poland,Enklawa Home of CrossFit Torun,https://athxgames.com/storage/profile-photos/GQFfnlcFgMVBWhiQeHu6UK0rWzRQ4Dk3bubVuJ5r.jpg,ATHX BERLIN 2026,Germany 🇩🇪,2026,Female,ATHX,Strength,44KG,78KG,107KG,,
67,Holland,Cathey,Holland Cathey,Female,,,https://ui-avatars.com/api/?name=H+C&color=FFFFFF&background=000000,ATHX BERLIN 2026,Germany 🇩🇪,2026,Female,ATHX,Strength,45KG,90KG,93KG,,
67,Sandra,Pörtner,Sandra Pörtner,Female,,,https://ui-avatars.com/api/?name=S+P&color=FFFFFF&background=000000,ATHX BERLIN 2026,Germany 🇩🇪,2026,Female,ATHX,Strength,48KG,80KG,100KG,,
69,Jenny,Bierwirth,Jenny Bierwirth,Female,,,https://ui-avatars.com/api/?name=J+B&color=FFFFFF&background=000000,ATHX BERLIN 2026,Germany 🇩🇪,2026,Female,ATHX,Strength,43KG,80KG,104KG,,
69,Cynthia,Gurrieri-Uhl,Cynthia Gurrieri-Uhl,Female,,,https://ui-avatars.com/api/?name=C+G&color=FFFFFF&background=000000,ATHX BERLIN 2026,Germany 🇩🇪,2026,Female,ATHX,Strength,47KG,65KG,115KG,,
69,Laura,Heynen,Laura Heynen,Female,,,https://ui-avatars.com/api/?name=L+H&color=FFFFFF&background=000000,ATHX BERLIN 2026,Germany 🇩🇪,2026,Female,ATHX,Strength,47KG,75KG,105KG,,
69,Klára,Nováková,Klára Nováková,Female,,,https://ui-avatars.com/api/?name=K+N&color=FFFFFF&background=000000,ATHX BERLIN 2026,Germany 🇩🇪,2026,Female,ATHX,Strength,42KG,95KG,90KG,,
73,Franziska,Mews,Franziska Mews,Female,,,https://ui-avatars.com/api/?name=F+M&color=FFFFFF&background=000000,ATHX BERLIN 2026,Germany 🇩🇪,2026,Female,ATHX,Strength,41KG,75KG,110KG,,
73,Simone,Schuhbauer,Simone Schuhbauer,Female,,,https://ui-avatars.com/api/?name=S+S&color=FFFFFF&background=000000,ATHX BERLIN 2026,Germany 🇩🇪,2026,Female,ATHX,Strength,40KG,71KG,115KG,,
73,Michelle,Krahnenfeld,Michelle Krahnenfeld,Female,Germany,Beat81,https://ui-avatars.com/api/?name=M+K&color=FFFFFF&background=000000,ATHX BERLIN 2026,Germany 🇩🇪,2026,Female,ATHX,Strength,41KG,85KG,100KG,,
76,Marie,Kaiser,Marie Kaiser,Female,,,https://ui-avatars.com/api/?name=M+K&color=FFFFFF&background=000000,ATHX BERLIN 2026,Germany 🇩🇪,2026,Female,ATHX,Strength,45KG,70KG,110KG,,
76,Daniela,Krausch,Daniela Krausch,Female,,,https://ui-avatars.com/api/?name=D+K&color=FFFFFF&background=000000,ATHX BERLIN 2026,Germany 🇩🇪,2026,Female,ATHX,Strength,35KG,80KG,110KG,,
78,Amelie,Dick,Amelie Dick,Female,Germany,Einstein Crossfit,https://ui-avatars.com/api/?name=A+D&color=FFFFFF&background=000000,ATHX BERLIN 2026,Germany 🇩🇪,2026,Female,ATHX,Strength,42KG,82KG,100KG,,
78,Katy,Völker,Katy Völker,Female,,,https://ui-avatars.com/api/?name=K+V&color=FFFFFF&background=000000,ATHX BERLIN 2026,Germany 🇩🇪,2026,Female,ATHX,Strength,39KG,80KG,105KG,,
78,Saskia,Noack,Saskia Noack,Female,Germany,,https://ui-avatars.com/api/?name=S+N&color=FFFFFF&background=000000,ATHX BERLIN 2026,Germany 🇩🇪,2026,Female,ATHX,Strength,44KG,80KG,100KG,,
78,Lara-Marie,Scherfig,Lara-Marie Scherfig,Female,,,https://ui-avatars.com/api/?name=L+S&color=FFFFFF&background=000000,ATHX BERLIN 2026,Germany 🇩🇪,2026,Female,ATHX,Strength,39KG,75KG,110KG,,
82,Antje,Kern,Antje Kern,Female,,,https://ui-avatars.com/api/?name=A+K&color=FFFFFF&background=000000,ATHX BERLIN 2026,Germany 🇩🇪,2026,Female,ATHX,Strength,38KG,80KG,105KG,,
82,Giannina,Pomilio,Giannina Pomilio,Female,,,https://ui-avatars.com/api/?name=G+P&color=FFFFFF&background=000000,ATHX BERLIN 2026,Germany 🇩🇪,2026,Female,ATHX,Strength,42KG,83KG,98KG,,
84,Stina,Güttner,Stina Güttner,Female,Germany,Heidekreis Athletik,https://ui-avatars.com/api/?name=S+G&color=FFFFFF&background=000000,ATHX BERLIN 2026,Germany 🇩🇪,2026,Female,ATHX,Strength,47KG,75KG,100KG,,
84,Kristin,Plagemann,Kristin Plagemann,Female,,,https://ui-avatars.com/api/?name=K+P&color=FFFFFF&background=000000,ATHX BERLIN 2026,Germany 🇩🇪,2026,Female,ATHX,Strength,44KG,83KG,95KG,,
84,Cosima,Wilke,Cosima Wilke,Female,,,https://ui-avatars.com/api/?name=C+W&color=FFFFFF&background=000000,ATHX BERLIN 2026,Germany 🇩🇪,2026,Female,ATHX,Strength,41KG,80KG,101KG,,
84,Selina,Rösch,Selina Rösch,Female,,,https://ui-avatars.com/api/?name=S+R&color=FFFFFF&background=000000,ATHX BERLIN 2026,Germany 🇩🇪,2026,Female,ATHX,Strength,35KG,85KG,102KG,,
88,Christin,Bosinsky,Christin Bosinsky,Female,,,https://ui-avatars.com/api/?name=C+B&color=FFFFFF&background=000000,ATHX BERLIN 2026,Germany 🇩🇪,2026,Female,ATHX,Strength,35KG,85KG,100KG,,
88,Olivia,Shepherd,Olivia Shepherd,Female,,Livia,https://ui-avatars.com/api/?name=O+S&color=FFFFFF&background=000000,ATHX BERLIN 2026,Germany 🇩🇪,2026,Female,ATHX,Strength,40KG,70KG,110KG,,
88,Laura,Panzer,Laura Panzer,Female,,,https://ui-avatars.com/api/?name=L+P&color=FFFFFF&background=000000,ATHX BERLIN 2026,Germany 🇩🇪,2026,Female,ATHX,Strength,40KG,85KG,95KG,,
88,Nadine,Freigang,Nadine Freigang,Female,,,https://ui-avatars.com/api/?name=N+F&color=FFFFFF&background=000000,ATHX BERLIN 2026,Germany 🇩🇪,2026,Female,ATHX,Strength,45KG,75KG,100KG,,
92,Anne,A,Anne A,Female,,,https://ui-avatars.com/api/?name=A+A&color=FFFFFF&background=000000,ATHX BERLIN 2026,Germany 🇩🇪,2026,Female,ATHX,Strength,44KG,85KG,90KG,,
93,Sarah,Kluge,Sarah Kluge,Female,,Escapist Crossfit,https://ui-avatars.com/api/?name=S+K&color=FFFFFF&background=000000,ATHX BERLIN 2026,Germany 🇩🇪,2026,Female,ATHX,Strength,38KG,85KG,95KG,,
93,LICIA,FAIELLA,LICIA FAIELLA,Female,,,https://athxgames.com/storage/profile-photos/CSxetmJVYsJ8FQvJxhELptqgHebQo1TEB9MsscsC.jpg,ATHX BERLIN 2026,Germany 🇩🇪,2026,Female,ATHX,Strength,38KG,85KG,95KG,,
93,Marlis,Hochwarter,Marlis Hochwarter,Female,,,https://ui-avatars.com/api/?name=M+H&color=FFFFFF&background=000000,ATHX BERLIN 2026,Germany 🇩🇪,2026,Female,ATHX,Strength,48KG,85KG,85KG,,
96,Georgie,Pryor,Georgie Pryor,Female,,,https://ui-avatars.com/api/?name=G+P&color=FFFFFF&background=000000,ATHX BERLIN 2026,Germany 🇩🇪,2026,Female,ATHX,Strength,42KG,75KG,100KG,,
97,Florence,Hofmann,Florence Hofmann,Female,,,https://ui-avatars.com/api/?name=F+H&color=FFFFFF&background=000000,ATHX BERLIN 2026,Germany 🇩🇪,2026,Female,ATHX,Strength,36KG,80KG,100KG,,
98,Joélle,Knüpfer,Joélle Knüpfer,Female,,,https://ui-avatars.com/api/?name=J+K&color=FFFFFF&background=000000,ATHX BERLIN 2026,Germany 🇩🇪,2026,Female,ATHX,Strength,35KG,75KG,105KG,,
98,Roya,Haupt,Roya Haupt,Female,,,https://ui-avatars.com/api/?name=R+H&color=FFFFFF&background=000000,ATHX BERLIN 2026,Germany 🇩🇪,2026,Female,ATHX,Strength,40KG,75KG,100KG,,
98,Michelle,Wothe,Michelle Wothe,Female,,,https://athxgames.com/storage/profile-photos/PjVvpwj1mVHFAfWTgNwlEPTphDkBTScg0gKcwSSK.jpg,ATHX BERLIN 2026,Germany 🇩🇪,2026,Female,ATHX,Strength,38KG,90KG,87KG,,
98,Sarah,Andris,Sarah Andris,Female,,,https://ui-avatars.com/api/?name=S+A&color=FFFFFF&background=000000,ATHX BERLIN 2026,Germany 🇩🇪,2026,Female,ATHX,Strength,37KG,85KG,93KG,,
102,Tina,Hochwarter,Tina Hochwarter,Female,,,https://ui-avatars.com/api/?name=T+H&color=FFFFFF&background=000000,ATHX BERLIN 2026,Germany 🇩🇪,2026,Female,ATHX,Strength,39KG,85KG,89KG,,
103,Isabell,Grasnick,Isabell Grasnick,Female,,,https://ui-avatars.com/api/?name=I+G&color=FFFFFF&background=000000,ATHX BERLIN 2026,Germany 🇩🇪,2026,Female,ATHX,Strength,38KG,80KG,93KG,,
103,Maria,Agethen,Maria Agethen,Female,Germany,Crossfit Paderborn,https://ui-avatars.com/api/?name=M+A&color=FFFFFF&background=000000,ATHX BERLIN 2026,Germany 🇩🇪,2026,Female,ATHX,Strength,41KG,75KG,95KG,,
103,Laura,Conrad,Laura Conrad,Female,,,https://ui-avatars.com/api/?name=L+C&color=FFFFFF&background=000000,ATHX BERLIN 2026,Germany 🇩🇪,2026,Female,ATHX,Strength,38KG,78KG,95KG,,
106,Nadine,Henningsen,Nadine Henningsen,Female,,,https://ui-avatars.com/api/?name=N+H&color=FFFFFF&background=000000,ATHX BERLIN 2026,Germany 🇩🇪,2026,Female,ATHX,Strength,40KG,70KG,100KG,,
106,Nadine,Schwanebeck,Nadine Schwanebeck,Female,Germany,Welldone Oranienburg,https://ui-avatars.com/api/?name=N+S&color=FFFFFF&background=000000,ATHX BERLIN 2026,Germany 🇩🇪,2026,Female,ATHX,Strength,30KG,70KG,110KG,,
106,Franziska,Sturm,Franziska Sturm,Female,,,https://ui-avatars.com/api/?name=F+S&color=FFFFFF&background=000000,ATHX BERLIN 2026,Germany 🇩🇪,2026,Female,ATHX,Strength,45KG,80KG,85KG,,
106,Sabrina Rebekka,Nusser,Sabrina Rebekka Nusser,Female,,CROSSROXX,https://ui-avatars.com/api/?name=S+R+N&color=FFFFFF&background=000000,ATHX BERLIN 2026,Germany 🇩🇪,2026,Female,ATHX,Strength,40KG,75KG,95KG,,
106,Silvia,Stenzel,Silvia Stenzel,Female,,,https://ui-avatars.com/api/?name=S+S&color=FFFFFF&background=000000,ATHX BERLIN 2026,Germany 🇩🇪,2026,Female,ATHX,Strength,50KG,70KG,90KG,,
106,Schirin,Remmy,Schirin Remmy,Female,Austria,,https://ui-avatars.com/api/?name=S+R&color=FFFFFF&background=000000,ATHX BERLIN 2026,Germany 🇩🇪,2026,Female,ATHX,Strength,45KG,75KG,90KG,,
106,Jule,Paulsen,Jule Paulsen,Female,,,https://ui-avatars.com/api/?name=J+P&color=FFFFFF&background=000000,ATHX BERLIN 2026,Germany 🇩🇪,2026,Female,ATHX,Strength,36KG,70KG,104KG,,
113,Sandy,Dannenberg,Sandy Dannenberg,Female,Germany,,https://ui-avatars.com/api/?name=S+D&color=FFFFFF&background=000000,ATHX BERLIN 2026,Germany 🇩🇪,2026,Female,ATHX,Strength,50KG,59KG,100KG,,
113,Leah,Joswig,Leah Joswig,Female,,,https://ui-avatars.com/api/?name=L+J&color=FFFFFF&background=000000,ATHX BERLIN 2026,Germany 🇩🇪,2026,Female,ATHX,Strength,39KG,75KG,95KG,,
115,Sara,Schäfers,Sara Schäfers,Female,,,https://ui-avatars.com/api/?name=S+S&color=FFFFFF&background=000000,ATHX BERLIN 2026,Germany 🇩🇪,2026,Female,ATHX,Strength,43KG,70KG,95KG,,
115,Vanessa,Tacke,Vanessa Tacke,Female,,,https://ui-avatars.com/api/?name=V+T&color=FFFFFF&background=000000,ATHX BERLIN 2026,Germany 🇩🇪,2026,Female,ATHX,Strength,38KG,80KG,90KG,,
115,Jennifer,Duque,Jennifer Duque,Female,Colombia,,https://ui-avatars.com/api/?name=J+D&color=FFFFFF&background=000000,ATHX BERLIN 2026,Germany 🇩🇪,2026,Female,ATHX,Strength,34KG,80KG,94KG,,
115,Manuela,Schambeck,Manuela Schambeck,Female,,,https://ui-avatars.com/api/?name=M+S&color=FFFFFF&background=000000,ATHX BERLIN 2026,Germany 🇩🇪,2026,Female,ATHX,Strength,45KG,70KG,93KG,,
119,Catharina,Schaaff,Catharina Schaaff,Female,,,https://ui-avatars.com/api/?name=C+S&color=FFFFFF&background=000000,ATHX BERLIN 2026,Germany 🇩🇪,2026,Female,ATHX,Strength,37KG,70KG,100KG,,
119,Celina,Piotrowska,Celina Piotrowska,Female,,,https://ui-avatars.com/api/?name=C+P&color=FFFFFF&background=000000,ATHX BERLIN 2026,Germany 🇩🇪,2026,Female,ATHX,Strength,37KG,70KG,100KG,,
119,Ann-Katrin,Hinze,Ann-Katrin Hinze,Female,,,https://ui-avatars.com/api/?name=A+H&color=FFFFFF&background=000000,ATHX BERLIN 2026,Germany 🇩🇪,2026,Female,ATHX,Strength,40KG,75KG,92KG,,
122,Adrianna,Wisniewska,Adrianna Wisniewska,Female,,,https://ui-avatars.com/api/?name=A+W&color=FFFFFF&background=000000,ATHX BERLIN 2026,Germany 🇩🇪,2026,Female,ATHX,Strength,35KG,75KG,95KG,,
122,Emma,Diallo,Emma Diallo,Female,,,https://ui-avatars.com/api/?name=E+D&color=FFFFFF&background=000000,ATHX BERLIN 2026,Germany 🇩🇪,2026,Female,ATHX,Strength,35KG,70KG,100KG,,
122,Sally,Petzold,Sally Petzold,Female,,,https://ui-avatars.com/api/?name=S+P&color=FFFFFF&background=000000,ATHX BERLIN 2026,Germany 🇩🇪,2026,Female,ATHX,Strength,35KG,70KG,100KG,,
122,Jenifer,Stepanow,Jenifer Stepanow,Female,,,https://ui-avatars.com/api/?name=J+S&color=FFFFFF&background=000000,ATHX BERLIN 2026,Germany 🇩🇪,2026,Female,ATHX,Strength,35KG,80KG,90KG,,
122,Vivienne,Schulze,Vivienne Schulze,Female,,,https://ui-avatars.com/api/?name=V+S&color=FFFFFF&background=000000,ATHX BERLIN 2026,Germany 🇩🇪,2026,Female,ATHX,Strength,35KG,75KG,95KG,,
122,Kinga,Hebda,Kinga Hebda,Female,,,https://ui-avatars.com/api/?name=K+H&color=FFFFFF&background=000000,ATHX BERLIN 2026,Germany 🇩🇪,2026,Female,ATHX,Strength,35KG,70KG,100KG,,
122,Sarah,Mertes,Sarah Mertes,Female,,,https://ui-avatars.com/api/?name=S+M&color=FFFFFF&background=000000,ATHX BERLIN 2026,Germany 🇩🇪,2026,Female,ATHX,Strength,42KG,68KG,95KG,,
129,Karen,Mooney,Karen Mooney,Female,Ireland,Adapt Strength and Fitness,https://ui-avatars.com/api/?name=K+M&color=FFFFFF&background=000000,ATHX BERLIN 2026,Germany 🇩🇪,2026,Female,ATHX,Strength,34KG,70KG,100KG,,
129,Janine,Czeschner,Janine Czeschner,Female,,,https://ui-avatars.com/api/?name=J+C&color=FFFFFF&background=000000,ATHX BERLIN 2026,Germany 🇩🇪,2026,Female,ATHX,Strength,35KG,74KG,95KG,,
129,Valeska,Grabowski,Valeska Grabowski,Female,,,https://ui-avatars.com/api/?name=V+G&color=FFFFFF&background=000000,ATHX BERLIN 2026,Germany 🇩🇪,2026,Female,ATHX,Strength,42KG,80KG,82KG,,
129,Inge,Kling,Inge Kling,Female,,,https://ui-avatars.com/api/?name=I+K&color=FFFFFF&background=000000,ATHX BERLIN 2026,Germany 🇩🇪,2026,Female,ATHX,Strength,38KG,73KG,93KG,,
133,Vienna,Oppie,Vienna Oppie,Female,,,https://ui-avatars.com/api/?name=V+O&color=FFFFFF&background=000000,ATHX BERLIN 2026,Germany 🇩🇪,2026,Female,ATHX,Strength,40KG,80KG,83KG,,
133,Sarah,Emmermann,Sarah Emmermann,Female,,,https://ui-avatars.com/api/?name=S+E&color=FFFFFF&background=000000,ATHX BERLIN 2026,Germany 🇩🇪,2026,Female,ATHX,Strength,46KG,81KG,76KG,,
133,Tina,Irmscher,Tina Irmscher,Female,,,https://athxgames.com/storage/profile-photos/clrPE44PC1nvd2RzDlbvwSLHMItXfaFFrQAn1KPE.jpg,ATHX BERLIN 2026,Germany 🇩🇪,2026,Female,ATHX,Strength,33KG,74KG,96KG,,
136,Anna,Sylvester,Anna Sylvester,Female,,,https://ui-avatars.com/api/?name=A+S&color=FFFFFF&background=000000,ATHX BERLIN 2026,Germany 🇩🇪,2026,Female,ATHX,Strength,37KG,70KG,95KG,,
136,Svetlana,Roller,Svetlana Roller,Female,Germany,,https://ui-avatars.com/api/?name=S+R&color=FFFFFF&background=000000,ATHX BERLIN 2026,Germany 🇩🇪,2026,Female,ATHX,Strength,42KG,70KG,90KG,,
136,Kathryn,Metcalfe,Kathryn Metcalfe,Female,,,https://ui-avatars.com/api/?name=K+M&color=FFFFFF&background=000000,ATHX BERLIN 2026,Germany 🇩🇪,2026,Female,ATHX,Strength,37KG,75KG,90KG,,
139,Nadien,Freitag,Nadien Freitag,Female,,,https://ui-avatars.com/api/?name=N+F&color=FFFFFF&background=000000,ATHX BERLIN 2026,Germany 🇩🇪,2026,Female,ATHX,Strength,42KG,68KG,90KG,,
139,Petra,Bohnet-Waldraff,Petra Bohnet-Waldraff,Female,,,https://ui-avatars.com/api/?name=P+B&color=FFFFFF&background=000000,ATHX BERLIN 2026,Germany 🇩🇪,2026,Female,ATHX,Strength,38KG,82KG,80KG,,
139,Katja,Stabenow,Katja Stabenow,Female,,,https://ui-avatars.com/api/?name=K+S&color=FFFFFF&background=000000,ATHX BERLIN 2026,Germany 🇩🇪,2026,Female,ATHX,Strength,40KG,65KG,95KG,,
139,Julia,Bertele,Julia Bertele,Female,,,https://ui-avatars.com/api/?name=J+B&color=FFFFFF&background=000000,ATHX BERLIN 2026,Germany 🇩🇪,2026,Female,ATHX,Strength,41KG,74KG,85KG,,
139,Alexandra,Ulbricht,Alexandra Ulbricht,Female,,,https://ui-avatars.com/api/?name=A+U&color=FFFFFF&background=000000,ATHX BERLIN 2026,Germany 🇩🇪,2026,Female,ATHX,Strength,35KG,75KG,90KG,,
139,Anouk,Köhler,Anouk Köhler,Female,,,https://ui-avatars.com/api/?name=A+K&color=FFFFFF&background=000000,ATHX BERLIN 2026,Germany 🇩🇪,2026,Female,ATHX,Strength,35KG,75KG,90KG,,
139,Luisa,Eickmeyer,Luisa Eickmeyer,Female,,,https://ui-avatars.com/api/?name=L+E&color=FFFFFF&background=000000,ATHX BERLIN 2026,Germany 🇩🇪,2026,Female,ATHX,Strength,37KG,73KG,90KG,,
146,Susanne,Kopf,Susanne Kopf,Female,,,https://ui-avatars.com/api/?name=S+K&color=FFFFFF&background=000000,ATHX BERLIN 2026,Germany 🇩🇪,2026,Female,ATHX,Strength,39KG,70KG,90KG,,
147,Julia,Zeller,Julia Zeller,Female,,,https://ui-avatars.com/api/?name=J+Z&color=FFFFFF&background=000000,ATHX BERLIN 2026,Germany 🇩🇪,2026,Female,ATHX,Strength,28KG,65KG,105KG,,
148,Sarah,Neises,Sarah Neises,Female,Germany,,https://ui-avatars.com/api/?name=S+N&color=FFFFFF&background=000000,ATHX BERLIN 2026,Germany 🇩🇪,2026,Female,ATHX,Strength,35KG,71KG,90KG,,
148,Ramona,Eitele,Ramona Eitele,Female,,,https://ui-avatars.com/api/?name=R+E&color=FFFFFF&background=000000,ATHX BERLIN 2026,Germany 🇩🇪,2026,Female,ATHX,Strength,36KG,70KG,90KG,,
150,Ela,Bogdanowicz,Ela Bogdanowicz,Female,,Crossfit Potsdam,https://ui-avatars.com/api/?name=E+B&color=FFFFFF&background=000000,ATHX BERLIN 2026,Germany 🇩🇪,2026,Female,ATHX,Strength,35KG,70KG,90KG,,
150,Inga,Bockisch,Inga Bockisch,Female,,,https://ui-avatars.com/api/?name=I+B&color=FFFFFF&background=000000,ATHX BERLIN 2026,Germany 🇩🇪,2026,Female,ATHX,Strength,40KG,70KG,85KG,,
150,Corinna,Rose,Corinna Rose,Female,,,https://ui-avatars.com/api/?name=C+R&color=FFFFFF&background=000000,ATHX BERLIN 2026,Germany 🇩🇪,2026,Female,ATHX,Strength,30KG,75KG,90KG,,
153,Nicole,Bäumler,Nicole Bäumler,Female,,CrossFit Paderborn,https://ui-avatars.com/api/?name=N+B&color=FFFFFF&background=000000,ATHX BERLIN 2026,Germany 🇩🇪,2026,Female,ATHX,Strength,36KG,70KG,88KG,,
154,Anina,Günzel,Anina Günzel,Female,,,https://ui-avatars.com/api/?name=A+G&color=FFFFFF&background=000000,ATHX BERLIN 2026,Germany 🇩🇪,2026,Female,ATHX,Strength,33KG,80KG,80KG,,
154,Pauline,Fajnzylberg,Pauline Fajnzylberg,Female,France,,https://athxgames.com/storage/profile-photos/pl057pFThR84Azaf1sbB5OujruXtLqpKGxxjTSgS.jpg,ATHX BERLIN 2026,Germany 🇩🇪,2026,Female,ATHX,Strength,30KG,70KG,93KG,,
154,Romy,Leutner,Romy Leutner,Female,,,https://ui-avatars.com/api/?name=R+L&color=FFFFFF&background=000000,ATHX BERLIN 2026,Germany 🇩🇪,2026,Female,ATHX,Strength,43KG,70KG,80KG,,
157,Lena-Marie,Helbing,Lena-Marie Helbing,Female,,,https://ui-avatars.com/api/?name=L+H&color=FFFFFF&background=000000,ATHX BERLIN 2026,Germany 🇩🇪,2026,Female,ATHX,Strength,37KG,70KG,85KG,,
157,Leonie,Bergmann,Leonie Bergmann,Female,,,https://ui-avatars.com/api/?name=L+B&color=FFFFFF&background=000000,ATHX BERLIN 2026,Germany 🇩🇪,2026,Female,ATHX,Strength,37KG,65KG,90KG,,
159,Celine,Ruckaberle,Celine Ruckaberle,Female,,,https://ui-avatars.com/api/?name=C+R&color=FFFFFF&background=000000,ATHX BERLIN 2026,Germany 🇩🇪,2026,Female,ATHX,Strength,36KG,70KG,85KG,,
160,Lea,Stein,Lea Stein,Female,,,https://ui-avatars.com/api/?name=L+S&color=FFFFFF&background=000000,ATHX BERLIN 2026,Germany 🇩🇪,2026,Female,ATHX,Strength,35KG,65KG,90KG,,
160,Faina,Kaplan Halfon,Faina Kaplan Halfon,Female,,,https://ui-avatars.com/api/?name=F+K+H&color=FFFFFF&background=000000,ATHX BERLIN 2026,Germany 🇩🇪,2026,Female,ATHX,Strength,40KG,65KG,85KG,,
160,Sina,Rieckhoff,Sina Rieckhoff,Female,,,https://ui-avatars.com/api/?name=S+R&color=FFFFFF&background=000000,ATHX BERLIN 2026,Germany 🇩🇪,2026,Female,ATHX,Strength,35KG,60KG,95KG,,
163,Anna-Lena,Markus,Anna-Lena Markus,Female,Germany,,https://ui-avatars.com/api/?name=A+M&color=FFFFFF&background=000000,ATHX BERLIN 2026,Germany 🇩🇪,2026,Female,ATHX,Strength,44KG,65KG,80KG,,
163,Julia,Haschka,Julia Haschka,Female,Germany,,https://ui-avatars.com/api/?name=J+H&color=FFFFFF&background=000000,ATHX BERLIN 2026,Germany 🇩🇪,2026,Female,ATHX,Strength,29KG,80KG,80KG,,
165,Jeannine,Schmidt-Heidenreich,Jeannine Schmidt-Heidenreich,Female,,,https://ui-avatars.com/api/?name=J+S&color=FFFFFF&background=000000,ATHX BERLIN 2026,Germany 🇩🇪,2026,Female,ATHX,Strength,38KG,65KG,85KG,,
165,Valerie,Geßler,Valerie Geßler,Female,,,https://ui-avatars.com/api/?name=V+G&color=FFFFFF&background=000000,ATHX BERLIN 2026,Germany 🇩🇪,2026,Female,ATHX,Strength,43KG,65KG,80KG,,
165,Laura,Frach,Laura Frach,Female,,,https://ui-avatars.com/api/?name=L+F&color=FFFFFF&background=000000,ATHX BERLIN 2026,Germany 🇩🇪,2026,Female,ATHX,Strength,38KG,65KG,85KG,,
165,Julia,Rißmann,Julia Rißmann,Female,,,https://ui-avatars.com/api/?name=J+R&color=FFFFFF&background=000000,ATHX BERLIN 2026,Germany 🇩🇪,2026,Female,ATHX,Strength,35KG,68KG,85KG,,
169,Alicja,Bulak,Alicja Bulak,Female,,,https://ui-avatars.com/api/?name=A+B&color=FFFFFF&background=000000,ATHX BERLIN 2026,Germany 🇩🇪,2026,Female,ATHX,Strength,32KG,65KG,90KG,,
169,U,Z,U Z,Female,,,https://ui-avatars.com/api/?name=U+Z&color=FFFFFF&background=000000,ATHX BERLIN 2026,Germany 🇩🇪,2026,Female,ATHX,Strength,37KG,65KG,85KG,,
169,Agata,Szymańczak,Agata Szymańczak,Female,,,https://ui-avatars.com/api/?name=A+S&color=FFFFFF&background=000000,ATHX BERLIN 2026,Germany 🇩🇪,2026,Female,ATHX,Strength,37KG,65KG,85KG,,
169,Pauline,Didier,Pauline Didier,Female,,,https://ui-avatars.com/api/?name=P+D&color=FFFFFF&background=000000,ATHX BERLIN 2026,Germany 🇩🇪,2026,Female,ATHX,Strength,37KG,65KG,85KG,,
173,Iris,Bräutigam,Iris Bräutigam,Female,,,https://ui-avatars.com/api/?name=I+B&color=FFFFFF&background=000000,ATHX BERLIN 2026,Germany 🇩🇪,2026,Female,ATHX,Strength,38KG,65KG,83KG,,
173,Marilena,Micha,Marilena Micha,Female,,,https://ui-avatars.com/api/?name=M+M&color=FFFFFF&background=000000,ATHX BERLIN 2026,Germany 🇩🇪,2026,Female,ATHX,Strength,33KG,75KG,78KG,,
173,Anja,Kürzinger,Anja Kürzinger,Female,,,https://ui-avatars.com/api/?name=A+K&color=FFFFFF&background=000000,ATHX BERLIN 2026,Germany 🇩🇪,2026,Female,ATHX,Strength,36KG,55KG,95KG,,
176,Ayse-Sophie,Justvan,Ayse-Sophie Justvan,Female,Germany,,https://ui-avatars.com/api/?name=A+J&color=FFFFFF&background=000000,ATHX BERLIN 2026,Germany 🇩🇪,2026,Female,ATHX,Strength,30KG,65KG,90KG,,
176,Sabrina,Wagner,Sabrina Wagner,Female,,,https://ui-avatars.com/api/?name=S+W&color=FFFFFF&background=000000,ATHX BERLIN 2026,Germany 🇩🇪,2026,Female,ATHX,Strength,45KG,65KG,75KG,,
176,Teresa,Tayerle,Teresa Tayerle,Female,Germany,,https://ui-avatars.com/api/?name=T+T&color=FFFFFF&background=000000,ATHX BERLIN 2026,Germany 🇩🇪,2026,Female,ATHX,Strength,35KG,65KG,85KG,,
176,Carmen,Jedosch,Carmen Jedosch,Female,,,https://ui-avatars.com/api/?name=C+J&color=FFFFFF&background=000000,ATHX BERLIN 2026,Germany 🇩🇪,2026,Female,ATHX,Strength,30KG,65KG,90KG,,
176,Monika,Sestic,Monika Sestic,Female,Germany,,https://ui-avatars.com/api/?name=M+S&color=FFFFFF&background=000000,ATHX BERLIN 2026,Germany 🇩🇪,2026,Female,ATHX,Strength,35KG,60KG,90KG,,
176,Nina,Sieger,Nina Sieger,Female,,,https://ui-avatars.com/api/?name=N+S&color=FFFFFF&background=000000,ATHX BERLIN 2026,Germany 🇩🇪,2026,Female,ATHX,Strength,35KG,65KG,85KG,,
182,Jule,Fink,Jule Fink,Female,Germany,,https://ui-avatars.com/api/?name=J+F&color=FFFFFF&background=000000,ATHX BERLIN 2026,Germany 🇩🇪,2026,Female,ATHX,Strength,39KG,60KG,85KG,,
182,Ly,Trinh,Ly Trinh,Female,,,https://ui-avatars.com/api/?name=L+T&color=FFFFFF&background=000000,ATHX BERLIN 2026,Germany 🇩🇪,2026,Female,ATHX,Strength,34KG,70KG,80KG,,
184,Kerstin,Brückner,Kerstin Brückner,Female,,,https://ui-avatars.com/api/?name=K+B&color=FFFFFF&background=000000,ATHX BERLIN 2026,Germany 🇩🇪,2026,Female,ATHX,Strength,36KG,70KG,77KG,,
185,Lisa,Goder,Lisa Goder,Female,,,https://ui-avatars.com/api/?name=L+G&color=FFFFFF&background=000000,ATHX BERLIN 2026,Germany 🇩🇪,2026,Female,ATHX,Strength,33KG,65KG,83KG,,
185,Ines,Leutner,Ines Leutner,Female,,,https://ui-avatars.com/api/?name=I+L&color=FFFFFF&background=000000,ATHX BERLIN 2026,Germany 🇩🇪,2026,Female,ATHX,Strength,36KG,70KG,75KG,,
187,Jennifer,Letz,Jennifer Letz,Female,,,https://ui-avatars.com/api/?name=J+L&color=FFFFFF&background=000000,ATHX BERLIN 2026,Germany 🇩🇪,2026,Female,ATHX,Strength,35KG,60KG,85KG,,
187,Sabrina,Leinmüller,Sabrina Leinmüller,Female,,,https://ui-avatars.com/api/?name=S+L&color=FFFFFF&background=000000,ATHX BERLIN 2026,Germany 🇩🇪,2026,Female,ATHX,Strength,39KG,61KG,80KG,,
187,Ceci,Ruppert,Ceci Ruppert,Female,,,https://ui-avatars.com/api/?name=C+R&color=FFFFFF&background=000000,ATHX BERLIN 2026,Germany 🇩🇪,2026,Female,ATHX,Strength,30KG,65KG,85KG,,
187,Juliana,Ribeiro,Juliana Ribeiro,Female,,,https://ui-avatars.com/api/?name=J+R&color=FFFFFF&background=000000,ATHX BERLIN 2026,Germany 🇩🇪,2026,Female,ATHX,Strength,30KG,75KG,75KG,,
187,Michelle,Hofmeier,Michelle Hofmeier,Female,,,https://ui-avatars.com/api/?name=M+H&color=FFFFFF&background=000000,ATHX BERLIN 2026,Germany 🇩🇪,2026,Female,ATHX,Strength,30KG,70KG,80KG,,
192,Deirbhile,Seville,Deirbhile Seville,Female,,,https://ui-avatars.com/api/?name=D+S&color=FFFFFF&background=000000,ATHX BERLIN 2026,Germany 🇩🇪,2026,Female,ATHX,Strength,34KG,60KG,85KG,,
193,Malin,Holtmeyer,Malin Holtmeyer,Female,,,https://ui-avatars.com/api/?name=M+H&color=FFFFFF&background=000000,ATHX BERLIN 2026,Germany 🇩🇪,2026,Female,ATHX,Strength,35KG,63KG,80KG,,
193,Bahar,Scholz,Bahar Scholz,Female,,,https://ui-avatars.com/api/?name=B+S&color=FFFFFF&background=000000,ATHX BERLIN 2026,Germany 🇩🇪,2026,Female,ATHX,Strength,31KG,65KG,82KG,,
195,Nathalie,Duerbeck,Nathalie Duerbeck,Female,,,https://ui-avatars.com/api/?name=N+D&color=FFFFFF&background=000000,ATHX BERLIN 2026,Germany 🇩🇪,2026,Female,ATHX,Strength,32KG,63KG,82KG,,
195,Zena,El Abdalla,Zena El Abdalla,Female,,,https://ui-avatars.com/api/?name=Z+E+A&color=FFFFFF&background=000000,ATHX BERLIN 2026,Germany 🇩🇪,2026,Female,ATHX,Strength,28KG,69KG,80KG,,
195,Nadine,Taschner,Nadine Taschner,Female,,,https://ui-avatars.com/api/?name=N+T&color=FFFFFF&background=000000,ATHX BERLIN 2026,Germany 🇩🇪,2026,Female,ATHX,Strength,34KG,56KG,87KG,,
198,Anja,Sander,Anja Sander,Female,,,https://ui-avatars.com/api/?name=A+S&color=FFFFFF&background=000000,ATHX BERLIN 2026,Germany 🇩🇪,2026,Female,ATHX,Strength,51KG,50KG,75KG,,
199,Melanie,Walch,Melanie Walch,Female,,,https://ui-avatars.com/api/?name=M+W&color=FFFFFF&background=000000,ATHX BERLIN 2026,Germany 🇩🇪,2026,Female,ATHX,Strength,32KG,63KG,80KG,,
199,Jenna,Kadlubski,Jenna Kadlubski,Female,,3 ZONE Training,https://ui-avatars.com/api/?name=J+K&color=FFFFFF&background=000000,ATHX BERLIN 2026,Germany 🇩🇪,2026,Female,ATHX,Strength,30KG,65KG,80KG,,
199,Katherina,Krämer,Katherina Krämer,Female,,,https://ui-avatars.com/api/?name=K+K&color=FFFFFF&background=000000,ATHX BERLIN 2026,Germany 🇩🇪,2026,Female,ATHX,Strength,35KG,55KG,85KG,,
202,Kate,Gerhard,Kate Gerhard,Female,,,https://ui-avatars.com/api/?name=K+G&color=FFFFFF&background=000000,ATHX BERLIN 2026,Germany 🇩🇪,2026,Female,ATHX,Strength,35KG,60KG,79KG,,
203,Katrin,Schenker,Katrin Schenker,Female,,,https://ui-avatars.com/api/?name=K+S&color=FFFFFF&background=000000,ATHX BERLIN 2026,Germany 🇩🇪,2026,Female,ATHX,Strength,36KG,60KG,77KG,,
204,Isabella,Singer,Isabella Singer,Female,,,https://ui-avatars.com/api/?name=I+S&color=FFFFFF&background=000000,ATHX BERLIN 2026,Germany 🇩🇪,2026,Female,ATHX,Strength,27KG,60KG,85KG,,
204,Juliane,Zickler,Juliane Zickler,Female,,,https://ui-avatars.com/api/?name=J+Z&color=FFFFFF&background=000000,ATHX BERLIN 2026,Germany 🇩🇪,2026,Female,ATHX,Strength,32KG,60KG,80KG,,
206,Jennifer,Küster,Jennifer Küster,Female,,,https://ui-avatars.com/api/?name=J+K&color=FFFFFF&background=000000,ATHX BERLIN 2026,Germany 🇩🇪,2026,Female,ATHX,Strength,33KG,60KG,77KG,,
207,Julia,Hornauer,Julia Hornauer,Female,,,https://ui-avatars.com/api/?name=J+H&color=FFFFFF&background=000000,ATHX BERLIN 2026,Germany 🇩🇪,2026,Female,ATHX,Strength,32KG,60KG,75KG,,
207,Yousra,Lembachar,Yousra Lembachar,Female,,,https://ui-avatars.com/api/?name=Y+L&color=FFFFFF&background=000000,ATHX BERLIN 2026,Germany 🇩🇪,2026,Female,ATHX,Strength,37KG,65KG,65KG,,
207,Ilona,Michallek,Ilona Michallek,Female,,,https://ui-avatars.com/api/?name=I+M&color=FFFFFF&background=000000,ATHX BERLIN 2026,Germany 🇩🇪,2026,Female,ATHX,Strength,32KG,65KG,70KG,,
207,Chiara,Jaegers,Chiara Jaegers,Female,,,https://ui-avatars.com/api/?name=C+J&color=FFFFFF&background=000000,ATHX BERLIN 2026,Germany 🇩🇪,2026,Female,ATHX,Strength,32KG,55KG,80KG,,
207,Josephine,Bärlin,Josephine Bärlin,Female,,,https://ui-avatars.com/api/?name=J+B&color=FFFFFF&background=000000,ATHX BERLIN 2026,Germany 🇩🇪,2026,Female,ATHX,Strength,32KG,60KG,75KG,,
207,Susanne,Jahn,Susanne Jahn,Female,,,https://ui-avatars.com/api/?name=S+J&color=FFFFFF&background=000000,ATHX BERLIN 2026,Germany 🇩🇪,2026,Female,ATHX,Strength,37KG,48KG,82KG,,
207,Sabrina,Bürger,Sabrina Bürger,Female,,,https://ui-avatars.com/api/?name=S+B&color=FFFFFF&background=000000,ATHX BERLIN 2026,Germany 🇩🇪,2026,Female,ATHX,Strength,32KG,55KG,80KG,,
214,Romina,Buschick,Romina Buschick,Female,Germany,,https://ui-avatars.com/api/?name=R+B&color=FFFFFF&background=000000,ATHX BERLIN 2026,Germany 🇩🇪,2026,Female,ATHX,Strength,31KG,55KG,80KG,,
215,Sarah,Bugdoll,Sarah Bugdoll,Female,,,https://ui-avatars.com/api/?name=S+B&color=FFFFFF&background=000000,ATHX BERLIN 2026,Germany 🇩🇪,2026,Female,ATHX,Strength,29KG,58KG,75KG,,
216,Zanne,van Huizen,Zanne van Huizen,Female,,,https://ui-avatars.com/api/?name=Z+v+H&color=FFFFFF&background=000000,ATHX BERLIN 2026,Germany 🇩🇪,2026,Female,ATHX,Strength,33KG,57KG,70KG,,
216,Michelle,Guy,Michelle Guy,Female,,,https://ui-avatars.com/api/?name=M+G&color=FFFFFF&background=000000,ATHX BERLIN 2026,Germany 🇩🇪,2026,Female,ATHX,Strength,33KG,57KG,70KG,,
216,Eva,Liedtke,Eva Liedtke,Female,,,https://ui-avatars.com/api/?name=E+L&color=FFFFFF&background=000000,ATHX BERLIN 2026,Germany 🇩🇪,2026,Female,ATHX,Strength,30KG,55KG,75KG,,
216,Elena,Walter,Elena Walter,Female,,,https://ui-avatars.com/api/?name=E+W&color=FFFFFF&background=000000,ATHX BERLIN 2026,Germany 🇩🇪,2026,Female,ATHX,Strength,35KG,60KG,65KG,,
220,Uli,Heimes,Uli Heimes,Female,,,https://ui-avatars.com/api/?name=U+H&color=FFFFFF&background=000000,ATHX BERLIN 2026,Germany 🇩🇪,2026,Female,ATHX,Strength,34KG,60KG,65KG,,
221,Laura,laura.hirthe@gmx.de,Laura laura.hirthe@gmx.de,Female,,,https://ui-avatars.com/api/?name=L+l&color=FFFFFF&background=000000,ATHX BERLIN 2026,Germany 🇩🇪,2026,Female,ATHX,Strength,27KG,60KG,70KG,,
221,Irina,Buller,Irina Buller,Female,,,https://ui-avatars.com/api/?name=I+B&color=FFFFFF&background=000000,ATHX BERLIN 2026,Germany 🇩🇪,2026,Female,ATHX,Strength,28KG,49KG,80KG,,
223,Asia,O'Driscoll,Asia O'Driscoll,Female,,,https://ui-avatars.com/api/?name=A+O&color=FFFFFF&background=000000,ATHX BERLIN 2026,Germany 🇩🇪,2026,Female,ATHX,Strength,25KG,60KG,70KG,,
223,Alexandra,Ulrich,Alexandra Ulrich,Female,,,https://ui-avatars.com/api/?name=A+U&color=FFFFFF&background=000000,ATHX BERLIN 2026,Germany 🇩🇪,2026,Female,ATHX,Strength,30KG,55KG,70KG,,
223,Nilla,Hoppe,Nilla Hoppe,Female,,,https://ui-avatars.com/api/?name=N+H&color=FFFFFF&background=000000,ATHX BERLIN 2026,Germany 🇩🇪,2026,Female,ATHX,Strength,30KG,45KG,80KG,,
223,Agnes,Rössler,Agnes Rössler,Female,,,https://ui-avatars.com/api/?name=A+R&color=FFFFFF&background=000000,ATHX BERLIN 2026,Germany 🇩🇪,2026,Female,ATHX,Strength,30KG,55KG,70KG,,
227,Sandra,Andersen,Sandra Andersen,Female,,,https://ui-avatars.com/api/?name=S+A&color=FFFFFF&background=000000,ATHX BERLIN 2026,Germany 🇩🇪,2026,Female,ATHX,Strength,30KG,50KG,74KG,,
228,Jülly-Inna,Liang,Jülly-Inna Liang,Female,,,https://ui-avatars.com/api/?name=J+L&color=FFFFFF&background=000000,ATHX BERLIN 2026,Germany 🇩🇪,2026,Female,ATHX,Strength,27KG,50KG,75KG,,
229,Sonja,Oeller,Sonja Oeller,Female,,,https://ui-avatars.com/api/?name=S+O&color=FFFFFF&background=000000,ATHX BERLIN 2026,Germany 🇩🇪,2026,Female,ATHX,Strength,30KG,50KG,70KG,,
229,Jule,Minrath,Jule Minrath,Female,,,https://ui-avatars.com/api/?name=J+M&color=FFFFFF&background=000000,ATHX BERLIN 2026,Germany 🇩🇪,2026,Female,ATHX,Strength,30KG,50KG,70KG,,
231,Franca,König,Franca König,Female,,,https://ui-avatars.com/api/?name=F+K&color=FFFFFF&background=000000,ATHX BERLIN 2026,Germany 🇩🇪,2026,Female,ATHX,Strength,26KG,46KG,75KG,,
232,Laura,Lehmkuhl,Laura Lehmkuhl,Female,,,https://ui-avatars.com/api/?name=L+L&color=FFFFFF&background=000000,ATHX BERLIN 2026,Germany 🇩🇪,2026,Female,ATHX,Strength,31KG,45KG,70KG,,
233,Luca,Lahaye,Luca Lahaye,Female,,,https://ui-avatars.com/api/?name=L+L&color=FFFFFF&background=000000,ATHX BERLIN 2026,Germany 🇩🇪,2026,Female,ATHX,Strength,21KG,55KG,69KG,,
233,Melanie,Schwalb,Melanie Schwalb,Female,,,https://ui-avatars.com/api/?name=M+S&color=FFFFFF&background=000000,ATHX BERLIN 2026,Germany 🇩🇪,2026,Female,ATHX,Strength,32KG,45KG,68KG,,
235,Ruth,Leonard,Ruth Leonard,Female,,,https://ui-avatars.com/api/?name=R+L&color=FFFFFF&background=000000,ATHX BERLIN 2026,Germany 🇩🇪,2026,Female,ATHX,Strength,30KG,42KG,70KG,,
236,Caterina,Porro,Caterina Porro,Female,,,https://athxgames.com/storage/profile-photos/kR7CydVZwc8K8pctm1ots6Xm3AIewFCf1LGgcN39.jpg,ATHX BERLIN 2026,Germany 🇩🇪,2026,Female,ATHX,Strength,25KG,52KG,64KG,,
237,Nicole,Malucha,Nicole Malucha,Female,,,https://ui-avatars.com/api/?name=N+M&color=FFFFFF&background=000000,ATHX BERLIN 2026,Germany 🇩🇪,2026,Female,ATHX,Strength,30KG,40KG,70KG,,
237,Josi,Sandhaus,Josi Sandhaus,Female,Germany,,https://ui-avatars.com/api/?name=J+S&color=FFFFFF&background=000000,ATHX BERLIN 2026,Germany 🇩🇪,2026,Female,ATHX,Strength,30KG,50KG,60KG,,
237,Eva,Zimmermann,Eva Zimmermann,Female,,,https://ui-avatars.com/api/?name=E+Z&color=FFFFFF&background=000000,ATHX BERLIN 2026,Germany 🇩🇪,2026,Female,ATHX,Strength,25KG,54KG,61KG,,
240,Julia,Exler,Julia Exler,Female,,,https://ui-avatars.com/api/?name=J+E&color=FFFFFF&background=000000,ATHX BERLIN 2026,Germany 🇩🇪,2026,Female,ATHX,Strength,31KG,41KG,67KG,,
241,Svenja,Rojem-Wagner,Svenja Rojem-Wagner,Female,,,https://ui-avatars.com/api/?name=S+R&color=FFFFFF&background=000000,ATHX BERLIN 2026,Germany 🇩🇪,2026,Female,ATHX,Strength,27KG,40KG,53KG,,
242,Katharina,Ebert,Katharina Ebert,Female,,,https://ui-avatars.com/api/?name=K+E&color=FFFFFF&background=000000,ATHX BERLIN 2026,Germany 🇩🇪,2026,Female,ATHX,Strength,40KG,70KG,1KG,,
243,Josephine,Noack,Josephine Noack,Female,,,https://ui-avatars.com/api/?name=J+N&color=FFFFFF&background=000000,ATHX BERLIN 2026,Germany 🇩🇪,2026,Female,ATHX,Strength,0KG,0KG,0KG,,
243,Julia,Schmirgal,Julia Schmirgal,Female,,,https://ui-avatars.com/api/?name=J+S&color=FFFFFF&background=000000,ATHX BERLIN 2026,Germany 🇩🇪,2026,Female,ATHX,Strength,0KG,0KG,0KG,,
1,Daniel,Brandis,Daniel Brandis,Male,,,https://ui-avatars.com/api/?name=D+B&color=FFFFFF&background=000000,ATHX BERLIN 2026,Germany 🇩🇪,2026,Male,ATHX Lite,Endurance,,,,1.5KM,3.2KM
2,Tobias,Moos,Tobias Moos,Male,Germany,,https://ui-avatars.com/api/?name=T+M&color=FFFFFF&background=000000,ATHX BERLIN 2026,Germany 🇩🇪,2026,Male,ATHX Lite,Endurance,,,,1.825KM,2.85KM
3,Richard,Marston,Richard Marston,Male,,,https://ui-avatars.com/api/?name=R+M&color=FFFFFF&background=000000,ATHX BERLIN 2026,Germany 🇩🇪,2026,Male,ATHX Lite,Endurance,,,,1.5KM,3.114KM
4,Kacper,Duc,Kacper Duc,Male,Poland,,https://ui-avatars.com/api/?name=K+D&color=FFFFFF&background=000000,ATHX BERLIN 2026,Germany 🇩🇪,2026,Male,ATHX Lite,Endurance,,,,2KM,2.578KM
5,Thiago,Costas,Thiago Costas,Male,,,https://athxgames.com/storage/profile-photos/4UjNXTiHzC4Q2uIARe9tiU4DDLMOCGXzdb7U7oSm.jpg,ATHX BERLIN 2026,Germany 🇩🇪,2026,Male,ATHX Lite,Endurance,,,,2KM,2.478KM
6,Tammo,Bettex,Tammo Bettex,Male,,,https://ui-avatars.com/api/?name=T+B&color=FFFFFF&background=000000,ATHX BERLIN 2026,Germany 🇩🇪,2026,Male,ATHX Lite,Endurance,,,,1.727KM,2.621KM
7,Johannes,Hatz,Johannes Hatz,Male,,,https://athxgames.com/storage/profile-photos/w5YWtgvo7xNaE5pFyzjW3QWvc1tH2X4Hdj73gRjY.png,ATHX BERLIN 2026,Germany 🇩🇪,2026,Male,ATHX Lite,Endurance,,,,1.5KM,2.815KM
8,Constantin,Jorde,Constantin Jorde,Male,,,https://ui-avatars.com/api/?name=C+J&color=FFFFFF&background=000000,ATHX BERLIN 2026,Germany 🇩🇪,2026,Male,ATHX Lite,Endurance,,,,1.5KM,2.806KM
9,Georgios,Kanistras,Georgios Kanistras,Male,Germany,Coburg Crossfit,https://athxgames.com/storage/profile-photos/xOeOFzEJikmMCsFotZvxYlKLEStc1ZckNvP753WS.jpg,ATHX BERLIN 2026,Germany 🇩🇪,2026,Male,ATHX Lite,Endurance,,,,1.954KM,2.349KM
10,Matthias,Trumpold,Matthias Trumpold,Male,,,https://ui-avatars.com/api/?name=M+T&color=FFFFFF&background=000000,ATHX BERLIN 2026,Germany 🇩🇪,2026,Male,ATHX Lite,Endurance,,,,1KM,3.28KM
11,Florian,Rüther,Florian Rüther,Male,,,https://ui-avatars.com/api/?name=F+R&color=FFFFFF&background=000000,ATHX BERLIN 2026,Germany 🇩🇪,2026,Male,ATHX Lite,Endurance,,,,1.5KM,2.769KM
12,Carsten,Rothmann,Carsten Rothmann,Male,Germany,Zündstoff,https://athxgames.com/storage/profile-photos/sPvLOeNaf1Zt6PyGNxeIMOUD3j0FIav52TEULPCQ.png,ATHX BERLIN 2026,Germany 🇩🇪,2026,Male,ATHX Lite,Endurance,,,,1.25KM,2.988KM
13,Diego,Juarez,Diego Juarez,Male,,,https://ui-avatars.com/api/?name=D+J&color=FFFFFF&background=000000,ATHX BERLIN 2026,Germany 🇩🇪,2026,Male,ATHX Lite,Endurance,,,,1.047KM,3.16KM
14,Julian,Schwikart,Julian Schwikart,Male,Germany,FFM CrossFit,https://ui-avatars.com/api/?name=J+S&color=FFFFFF&background=000000,ATHX BERLIN 2026,Germany 🇩🇪,2026,Male,ATHX Lite,Endurance,,,,1.5KM,2.681KM
15,Heiko,Weirauch,Heiko Weirauch,Male,,,https://ui-avatars.com/api/?name=H+W&color=FFFFFF&background=000000,ATHX BERLIN 2026,Germany 🇩🇪,2026,Male,ATHX Lite,Endurance,,,,2KM,2.167KM
16,Paul-Louis,Kuhnke,Paul-Louis Kuhnke,Male,,,https://ui-avatars.com/api/?name=P+K&color=FFFFFF&background=000000,ATHX BERLIN 2026,Germany 🇩🇪,2026,Male,ATHX Lite,Endurance,,,,1.591KM,2.561KM
17,Jay,Jones,Jay Jones,Male,,,https://ui-avatars.com/api/?name=J+J&color=FFFFFF&background=000000,ATHX BERLIN 2026,Germany 🇩🇪,2026,Male,ATHX Lite,Endurance,,,,1.532KM,2.59KM
18,Marco,Gravera,Marco Gravera,Male,,,https://ui-avatars.com/api/?name=M+G&color=FFFFFF&background=000000,ATHX BERLIN 2026,Germany 🇩🇪,2026,Male,ATHX Lite,Endurance,,,,1.5KM,2.601KM
18,Miguel,Azevedo,Miguel Azevedo,Male,,,https://ui-avatars.com/api/?name=M+A&color=FFFFFF&background=000000,ATHX BERLIN 2026,Germany 🇩🇪,2026,Male,ATHX Lite,Endurance,,,,1.5KM,2.601KM
20,Rhydian,Powell,Rhydian Powell,Male,,,https://ui-avatars.com/api/?name=R+P&color=FFFFFF&background=000000,ATHX BERLIN 2026,Germany 🇩🇪,2026,Male,ATHX Lite,Endurance,,,,2KM,2.036KM
21,Christian,Ambichl,Christian Ambichl,Male,,,https://ui-avatars.com/api/?name=C+A&color=FFFFFF&background=000000,ATHX BERLIN 2026,Germany 🇩🇪,2026,Male,ATHX Lite,Endurance,,,,1.5KM,2.492KM
22,Michael,Adelhardt,Michael Adelhardt,Male,Germany,,https://ui-avatars.com/api/?name=M+A&color=FFFFFF&background=000000,ATHX BERLIN 2026,Germany 🇩🇪,2026,Male,ATHX Lite,Endurance,,,,1.5KM,2.484KM
23,Bünyamin,Özcelik,Bünyamin Özcelik,Male,,,https://ui-avatars.com/api/?name=B+%C3%96&color=FFFFFF&background=000000,ATHX BERLIN 2026,Germany 🇩🇪,2026,Male,ATHX Lite,Endurance,,,,1.536KM,2.389KM
24,Adrian,Dreßler,Adrian Dreßler,Male,,,https://ui-avatars.com/api/?name=A+D&color=FFFFFF&background=000000,ATHX BERLIN 2026,Germany 🇩🇪,2026,Male,ATHX Lite,Endurance,,,,0.965KM,2.954KM
25,Frank,Piotraschke,Frank Piotraschke,Male,,,https://ui-avatars.com/api/?name=F+P&color=FFFFFF&background=000000,ATHX BERLIN 2026,Germany 🇩🇪,2026,Male,ATHX Lite,Endurance,,,,1.5KM,2.271KM
26,Christian,Zittel,Christian Zittel,Male,Germany,zündstoff CrossFit,https://ui-avatars.com/api/?name=C+Z&color=FFFFFF&background=000000,ATHX BERLIN 2026,Germany 🇩🇪,2026,Male,ATHX Lite,Endurance,,,,1.438KM,2.226KM
27,Nils,Bonacker,Nils Bonacker,Male,,,https://ui-avatars.com/api/?name=N+B&color=FFFFFF&background=000000,ATHX BERLIN 2026,Germany 🇩🇪,2026,Male,ATHX Lite,Endurance,,,,1.5KM,2.111KM
28,Reinhard,Rubow,Reinhard Rubow,Male,Germany,CrossFit Tübingen,https://ui-avatars.com/api/?name=R+R&color=FFFFFF&background=000000,ATHX BERLIN 2026,Germany 🇩🇪,2026,Male,ATHX Lite,Endurance,,,,1.5KM,2.077KM
29,Sven,Preuß,Sven Preuß,Male,,,https://ui-avatars.com/api/?name=S+P&color=FFFFFF&background=000000,ATHX BERLIN 2026,Germany 🇩🇪,2026,Male,ATHX Lite,Endurance,,,,1KM,2.327KM
30,Jim,Orlando,Jim Orlando,Male,,,https://ui-avatars.com/api/?name=J+O&color=FFFFFF&background=000000,ATHX BERLIN 2026,Germany 🇩🇪,2026,Male,ATHX Lite,Endurance,,,,1.75KM,1.398KM
31,Robert,Wiersbinski,Robert Wiersbinski,Male,Germany,,https://athxgames.com/storage/profile-photos/fgOcjTU56euANA18QoPuX2FR7yBr6E8wRc8PE0go.jpg,ATHX BERLIN 2026,Germany 🇩🇪,2026,Male,ATHX Lite,Endurance,,,,1.5KM,1.287KM
1,Nathalie,Duerbeck,Nathalie Duerbeck,Female,,,https://ui-avatars.com/api/?name=N+D&color=FFFFFF&background=000000,ATHX BERLIN 2026,Germany 🇩🇪,2026,Female,ATHX,Endurance,,,,2.637KM,2.892KM
2,Lea,Stein,Lea Stein,Female,,,https://ui-avatars.com/api/?name=L+S&color=FFFFFF&background=000000,ATHX BERLIN 2026,Germany 🇩🇪,2026,Female,ATHX,Endurance,,,,2.25KM,3.208KM
3,Anna-Lena,Markus,Anna-Lena Markus,Female,Germany,,https://ui-avatars.com/api/?name=A+M&color=FFFFFF&background=000000,ATHX BERLIN 2026,Germany 🇩🇪,2026,Female,ATHX,Endurance,,,,2.25KM,2.965KM
4,Adrian,Roseanu,Adrian Roseanu,Female,,Kaifu Lodge,https://ui-avatars.com/api/?name=A+R&color=FFFFFF&background=000000,ATHX BERLIN 2026,Germany 🇩🇪,2026,Female,ATHX,Endurance,,,,2.25KM,2.953KM
5,Cynthia,Mensah,Cynthia Mensah,Female,,,https://ui-avatars.com/api/?name=C+M&color=FFFFFF&background=000000,ATHX BERLIN 2026,Germany 🇩🇪,2026,Female,ATHX,Endurance,,,,2.25KM,2.933KM
6,Jette,Schaffran,Jette Schaffran,Female,,,https://ui-avatars.com/api/?name=J+S&color=FFFFFF&background=000000,ATHX BERLIN 2026,Germany 🇩🇪,2026,Female,ATHX,Endurance,,,,1.5KM,3.549KM
7,Nadine,Henningsen,Nadine Henningsen,Female,,,https://ui-avatars.com/api/?name=N+H&color=FFFFFF&background=000000,ATHX BERLIN 2026,Germany 🇩🇪,2026,Female,ATHX,Endurance,,,,2.755KM,2.268KM
8,Kate,Gerhard,Kate Gerhard,Female,,,https://ui-avatars.com/api/?name=K+G&color=FFFFFF&background=000000,ATHX BERLIN 2026,Germany 🇩🇪,2026,Female,ATHX,Endurance,,,,2.25KM,2.772KM
9,Franziska,Maisel,Franziska Maisel,Female,,,https://ui-avatars.com/api/?name=F+M&color=FFFFFF&background=000000,ATHX BERLIN 2026,Germany 🇩🇪,2026,Female,ATHX,Endurance,,,,1.5KM,3.506KM
10,Sarah,Kerr,Sarah Kerr,Female,,,https://ui-avatars.com/api/?name=S+K&color=FFFFFF&background=000000,ATHX BERLIN 2026,Germany 🇩🇪,2026,Female,ATHX,Endurance,,,,2.25KM,2.738KM
11,Kerstin,Brückner,Kerstin Brückner,Female,,,https://ui-avatars.com/api/?name=K+B&color=FFFFFF&background=000000,ATHX BERLIN 2026,Germany 🇩🇪,2026,Female,ATHX,Endurance,,,,2.174KM,2.812KM
12,Alina,Bräuer,Alina Bräuer,Female,,,https://ui-avatars.com/api/?name=A+B&color=FFFFFF&background=000000,ATHX BERLIN 2026,Germany 🇩🇪,2026,Female,ATHX,Endurance,,,,2.397KM,2.562KM
13,Nadine,Freigang,Nadine Freigang,Female,,,https://ui-avatars.com/api/?name=N+F&color=FFFFFF&background=000000,ATHX BERLIN 2026,Germany 🇩🇪,2026,Female,ATHX,Endurance,,,,2.167KM,2.785KM
14,Vanessa,Tacke,Vanessa Tacke,Female,,,https://ui-avatars.com/api/?name=V+T&color=FFFFFF&background=000000,ATHX BERLIN 2026,Germany 🇩🇪,2026,Female,ATHX,Endurance,,,,1.53KM,3.383KM
15,U,Z,U Z,Female,,,https://ui-avatars.com/api/?name=U+Z&color=FFFFFF&background=000000,ATHX BERLIN 2026,Germany 🇩🇪,2026,Female,ATHX,Endurance,,,,2.25KM,2.631KM
16,Viktoria,Roppelt,Viktoria Roppelt,Female,,,https://ui-avatars.com/api/?name=V+R&color=FFFFFF&background=000000,ATHX BERLIN 2026,Germany 🇩🇪,2026,Female,ATHX,Endurance,,,,2.25KM,2.629KM
17,Luca,Lahaye,Luca Lahaye,Female,,,https://ui-avatars.com/api/?name=L+L&color=FFFFFF&background=000000,ATHX BERLIN 2026,Germany 🇩🇪,2026,Female,ATHX,Endurance,,,,2.25KM,2.628KM
18,Lina,Michaelis,Lina Michaelis,Female,,,https://ui-avatars.com/api/?name=L+M&color=FFFFFF&background=000000,ATHX BERLIN 2026,Germany 🇩🇪,2026,Female,ATHX,Endurance,,,,2.25KM,2.573KM
19,Clarissa,Siegel,Clarissa Siegel,Female,Germany,CFM Mitte,https://athxgames.com/storage/profile-photos/f7hu7QO9CjXEI4PUrLrKZd26W3yW3nPnvs0yBmh7.jpg,ATHX BERLIN 2026,Germany 🇩🇪,2026,Female,ATHX,Endurance,,,,2.14KM,2.676KM
20,Isabell,Grasnick,Isabell Grasnick,Female,,,https://ui-avatars.com/api/?name=I+G&color=FFFFFF&background=000000,ATHX BERLIN 2026,Germany 🇩🇪,2026,Female,ATHX,Endurance,,,,1.5KM,3.304KM
20,Agata,Szymańczak,Agata Szymańczak,Female,,,https://ui-avatars.com/api/?name=A+S&color=FFFFFF&background=000000,ATHX BERLIN 2026,Germany 🇩🇪,2026,Female,ATHX,Endurance,,,,2.25KM,2.554KM
22,Nicole,Malucha,Nicole Malucha,Female,,,https://ui-avatars.com/api/?name=N+M&color=FFFFFF&background=000000,ATHX BERLIN 2026,Germany 🇩🇪,2026,Female,ATHX,Endurance,,,,2.58KM,2.215KM
23,Anna,Heuschmann,Anna Heuschmann,Female,,,https://ui-avatars.com/api/?name=A+H&color=FFFFFF&background=000000,ATHX BERLIN 2026,Germany 🇩🇪,2026,Female,ATHX,Endurance,,,,2.25KM,2.519KM
24,Catharina,Schaaff,Catharina Schaaff,Female,,,https://ui-avatars.com/api/?name=C+S&color=FFFFFF&background=000000,ATHX BERLIN 2026,Germany 🇩🇪,2026,Female,ATHX,Endurance,,,,2.25KM,2.511KM
25,Giannina,Pomilio,Giannina Pomilio,Female,,,https://ui-avatars.com/api/?name=G+P&color=FFFFFF&background=000000,ATHX BERLIN 2026,Germany 🇩🇪,2026,Female,ATHX,Endurance,,,,2.25KM,2.489KM
26,Jule,Paulsen,Jule Paulsen,Female,,,https://ui-avatars.com/api/?name=J+P&color=FFFFFF&background=000000,ATHX BERLIN 2026,Germany 🇩🇪,2026,Female,ATHX,Endurance,,,,2.25KM,2.484KM
27,Magdalena,Moltzan-Malkowska,Magdalena Moltzan-Malkowska,Female,Poland,,https://ui-avatars.com/api/?name=M+M&color=FFFFFF&background=000000,ATHX BERLIN 2026,Germany 🇩🇪,2026,Female,ATHX,Endurance,,,,2.25KM,2.476KM
28,Kira,Spuddig,Kira Spuddig,Female,,,https://athxgames.com/storage/profile-photos/p5tdVA6dGbZvOAOkhmR27xqNEmOMQvN5s2CECX6Y.jpg,ATHX BERLIN 2026,Germany 🇩🇪,2026,Female,ATHX,Endurance,,,,2.104KM,2.615KM
29,Nadine,Schwanebeck,Nadine Schwanebeck,Female,Germany,Welldone Oranienburg,https://ui-avatars.com/api/?name=N+S&color=FFFFFF&background=000000,ATHX BERLIN 2026,Germany 🇩🇪,2026,Female,ATHX,Endurance,,,,1.5KM,3.214KM
30,Nina,Knieriemen,Nina Knieriemen,Female,Germany,Crossfit Saarlouis,https://ui-avatars.com/api/?name=N+K&color=FFFFFF&background=000000,ATHX BERLIN 2026,Germany 🇩🇪,2026,Female,ATHX,Endurance,,,,2.25KM,2.452KM
31,Kelley,Griffiths,Kelley Griffiths,Female,,,https://ui-avatars.com/api/?name=K+G&color=FFFFFF&background=000000,ATHX BERLIN 2026,Germany 🇩🇪,2026,Female,ATHX,Endurance,,,,1.5KM,3.185KM
32,Julia,Rißmann,Julia Rißmann,Female,,,https://ui-avatars.com/api/?name=J+R&color=FFFFFF&background=000000,ATHX BERLIN 2026,Germany 🇩🇪,2026,Female,ATHX,Endurance,,,,2.25KM,2.431KM
33,Schirin,Remmy,Schirin Remmy,Female,Austria,,https://ui-avatars.com/api/?name=S+R&color=FFFFFF&background=000000,ATHX BERLIN 2026,Germany 🇩🇪,2026,Female,ATHX,Endurance,,,,1.75KM,2.928KM
34,Lisa,Brand,Lisa Brand,Female,,,https://ui-avatars.com/api/?name=L+B&color=FFFFFF&background=000000,ATHX BERLIN 2026,Germany 🇩🇪,2026,Female,ATHX,Endurance,,,,1.5KM,3.174KM
35,Franca,König,Franca König,Female,,,https://ui-avatars.com/api/?name=F+K&color=FFFFFF&background=000000,ATHX BERLIN 2026,Germany 🇩🇪,2026,Female,ATHX,Endurance,,,,1.697KM,2.963KM
36,Sonja,Oeller,Sonja Oeller,Female,,,https://ui-avatars.com/api/?name=S+O&color=FFFFFF&background=000000,ATHX BERLIN 2026,Germany 🇩🇪,2026,Female,ATHX,Endurance,,,,1.5KM,3.152KM
37,Thamara,Schuster,Thamara Schuster,Female,,,https://ui-avatars.com/api/?name=T+S&color=FFFFFF&background=000000,ATHX BERLIN 2026,Germany 🇩🇪,2026,Female,ATHX,Endurance,,,,2.25KM,2.4KM
38,Michelle,Krahnenfeld,Michelle Krahnenfeld,Female,Germany,Beat81,https://ui-avatars.com/api/?name=M+K&color=FFFFFF&background=000000,ATHX BERLIN 2026,Germany 🇩🇪,2026,Female,ATHX,Endurance,,,,2.25KM,2.39KM
39,Emma,Diallo,Emma Diallo,Female,,,https://ui-avatars.com/api/?name=E+D&color=FFFFFF&background=000000,ATHX BERLIN 2026,Germany 🇩🇪,2026,Female,ATHX,Endurance,,,,2.25KM,2.361KM
40,Edith,Moser,Edith Moser,Female,,,https://ui-avatars.com/api/?name=E+M&color=FFFFFF&background=000000,ATHX BERLIN 2026,Germany 🇩🇪,2026,Female,ATHX,Endurance,,,,2.25KM,2.359KM
41,Laura,Lehmkuhl,Laura Lehmkuhl,Female,,,https://ui-avatars.com/api/?name=L+L&color=FFFFFF&background=000000,ATHX BERLIN 2026,Germany 🇩🇪,2026,Female,ATHX,Endurance,,,,2.25KM,2.358KM
42,Kinga,Hebda,Kinga Hebda,Female,,,https://ui-avatars.com/api/?name=K+H&color=FFFFFF&background=000000,ATHX BERLIN 2026,Germany 🇩🇪,2026,Female,ATHX,Endurance,,,,2.031KM,2.569KM
43,Klára,Nováková,Klára Nováková,Female,,,https://ui-avatars.com/api/?name=K+N&color=FFFFFF&background=000000,ATHX BERLIN 2026,Germany 🇩🇪,2026,Female,ATHX,Endurance,,,,2.25KM,2.348KM
44,Asia,O'Driscoll,Asia O'Driscoll,Female,,,https://ui-avatars.com/api/?name=A+O&color=FFFFFF&background=000000,ATHX BERLIN 2026,Germany 🇩🇪,2026,Female,ATHX,Endurance,,,,1.921KM,2.668KM
45,Anja,Kürzinger,Anja Kürzinger,Female,,,https://ui-avatars.com/api/?name=A+K&color=FFFFFF&background=000000,ATHX BERLIN 2026,Germany 🇩🇪,2026,Female,ATHX,Endurance,,,,2.25KM,2.327KM
46,Jessica,Lindenthal,Jessica Lindenthal,Female,,,https://ui-avatars.com/api/?name=J+L&color=FFFFFF&background=000000,ATHX BERLIN 2026,Germany 🇩🇪,2026,Female,ATHX,Endurance,,,,1.5KM,3.071KM
46,Jennifer,Küster,Jennifer Küster,Female,,,https://ui-avatars.com/api/?name=J+K&color=FFFFFF&background=000000,ATHX BERLIN 2026,Germany 🇩🇪,2026,Female,ATHX,Endurance,,,,2.25KM,2.321KM
48,Sabrina Rebekka,Nusser,Sabrina Rebekka Nusser,Female,,CROSSROXX,https://ui-avatars.com/api/?name=S+R+N&color=FFFFFF&background=000000,ATHX BERLIN 2026,Germany 🇩🇪,2026,Female,ATHX,Endurance,,,,2.25KM,2.319KM
49,Lena-Marie,Helbing,Lena-Marie Helbing,Female,,,https://ui-avatars.com/api/?name=L+H&color=FFFFFF&background=000000,ATHX BERLIN 2026,Germany 🇩🇪,2026,Female,ATHX,Endurance,,,,2.25KM,2.31KM
50,Adrianna,Wisniewska,Adrianna Wisniewska,Female,,,https://ui-avatars.com/api/?name=A+W&color=FFFFFF&background=000000,ATHX BERLIN 2026,Germany 🇩🇪,2026,Female,ATHX,Endurance,,,,2.25KM,2.305KM
51,Jule,Braren,Jule Braren,Female,,,https://ui-avatars.com/api/?name=J+B&color=FFFFFF&background=000000,ATHX BERLIN 2026,Germany 🇩🇪,2026,Female,ATHX,Endurance,,,,1.5KM,3.051KM
52,Sabrina,Leinmüller,Sabrina Leinmüller,Female,,,https://ui-avatars.com/api/?name=S+L&color=FFFFFF&background=000000,ATHX BERLIN 2026,Germany 🇩🇪,2026,Female,ATHX,Endurance,,,,2.25KM,2.293KM
53,Amelie,Dick,Amelie Dick,Female,Germany,Einstein Crossfit,https://ui-avatars.com/api/?name=A+D&color=FFFFFF&background=000000,ATHX BERLIN 2026,Germany 🇩🇪,2026,Female,ATHX,Endurance,,,,2.25KM,2.288KM
54,Vienna,Oppie,Vienna Oppie,Female,,,https://ui-avatars.com/api/?name=V+O&color=FFFFFF&background=000000,ATHX BERLIN 2026,Germany 🇩🇪,2026,Female,ATHX,Endurance,,,,2.25KM,2.287KM
55,Julia,Zeller,Julia Zeller,Female,,,https://ui-avatars.com/api/?name=J+Z&color=FFFFFF&background=000000,ATHX BERLIN 2026,Germany 🇩🇪,2026,Female,ATHX,Endurance,,,,2.25KM,2.286KM
56,Saskia,Noack,Saskia Noack,Female,Germany,,https://ui-avatars.com/api/?name=S+N&color=FFFFFF&background=000000,ATHX BERLIN 2026,Germany 🇩🇪,2026,Female,ATHX,Endurance,,,,2.145KM,2.385KM
57,Nadine,Taschner,Nadine Taschner,Female,,,https://ui-avatars.com/api/?name=N+T&color=FFFFFF&background=000000,ATHX BERLIN 2026,Germany 🇩🇪,2026,Female,ATHX,Endurance,,,,1.86KM,2.669KM
58,Anna,Connor-Astreos,Anna Connor-Astreos,Female,,,https://ui-avatars.com/api/?name=A+C&color=FFFFFF&background=000000,ATHX BERLIN 2026,Germany 🇩🇪,2026,Female,ATHX,Endurance,,,,2.25KM,2.278KM
59,Emily,Kavanagh,Emily Kavanagh,Female,,,https://ui-avatars.com/api/?name=E+K&color=FFFFFF&background=000000,ATHX BERLIN 2026,Germany 🇩🇪,2026,Female,ATHX,Endurance,,,,1.5KM,3.024KM
60,Florence,Hofmann,Florence Hofmann,Female,,,https://ui-avatars.com/api/?name=F+H&color=FFFFFF&background=000000,ATHX BERLIN 2026,Germany 🇩🇪,2026,Female,ATHX,Endurance,,,,2.25KM,2.263KM
61,Käthe,Neuss,Käthe Neuss,Female,,,https://ui-avatars.com/api/?name=K+N&color=FFFFFF&background=000000,ATHX BERLIN 2026,Germany 🇩🇪,2026,Female,ATHX,Endurance,,,,1.598KM,2.901KM
61,Georgie,Pryor,Georgie Pryor,Female,,,https://ui-avatars.com/api/?name=G+P&color=FFFFFF&background=000000,ATHX BERLIN 2026,Germany 🇩🇪,2026,Female,ATHX,Endurance,,,,2.25KM,2.249KM
63,Bahar,Scholz,Bahar Scholz,Female,,,https://ui-avatars.com/api/?name=B+S&color=FFFFFF&background=000000,ATHX BERLIN 2026,Germany 🇩🇪,2026,Female,ATHX,Endurance,,,,2.25KM,2.247KM
63,Erika,Cavigiolo,Erika Cavigiolo,Female,,,https://ui-avatars.com/api/?name=E+C&color=FFFFFF&background=000000,ATHX BERLIN 2026,Germany 🇩🇪,2026,Female,ATHX,Endurance,,,,1.5KM,2.997KM
65,Jule,Minrath,Jule Minrath,Female,,,https://ui-avatars.com/api/?name=J+M&color=FFFFFF&background=000000,ATHX BERLIN 2026,Germany 🇩🇪,2026,Female,ATHX,Endurance,,,,2.25KM,2.223KM
66,Chiara,Jaegers,Chiara Jaegers,Female,,,https://ui-avatars.com/api/?name=C+J&color=FFFFFF&background=000000,ATHX BERLIN 2026,Germany 🇩🇪,2026,Female,ATHX,Endurance,,,,2.25KM,2.214KM
67,Selina,Rösch,Selina Rösch,Female,,,https://ui-avatars.com/api/?name=S+R&color=FFFFFF&background=000000,ATHX BERLIN 2026,Germany 🇩🇪,2026,Female,ATHX,Endurance,,,,1.5KM,2.963KM
68,Paula,Loibl,Paula Loibl,Female,,,https://ui-avatars.com/api/?name=P+L&color=FFFFFF&background=000000,ATHX BERLIN 2026,Germany 🇩🇪,2026,Female,ATHX,Endurance,,,,2.048KM,2.41KM
69,Kathrin,Limmer,Kathrin Limmer,Female,Germany,,https://ui-avatars.com/api/?name=K+L&color=FFFFFF&background=000000,ATHX BERLIN 2026,Germany 🇩🇪,2026,Female,ATHX,Endurance,,,,2KM,2.449KM
70,Ann-Katrin,Hinze,Ann-Katrin Hinze,Female,,,https://ui-avatars.com/api/?name=A+H&color=FFFFFF&background=000000,ATHX BERLIN 2026,Germany 🇩🇪,2026,Female,ATHX,Endurance,,,,1.91KM,2.536KM
71,Janine,Gatzke,Janine Gatzke,Female,,Crossfit mit Schmackes,https://ui-avatars.com/api/?name=J+G&color=FFFFFF&background=000000,ATHX BERLIN 2026,Germany 🇩🇪,2026,Female,ATHX,Endurance,,,,2.25KM,2.19KM
72,Tina,Irmscher,Tina Irmscher,Female,,,https://athxgames.com/storage/profile-photos/clrPE44PC1nvd2RzDlbvwSLHMItXfaFFrQAn1KPE.jpg,ATHX BERLIN 2026,Germany 🇩🇪,2026,Female,ATHX,Endurance,,,,1.75KM,2.682KM
73,Sina,Bertelsbeck,Sina Bertelsbeck,Female,,,https://ui-avatars.com/api/?name=S+B&color=FFFFFF&background=000000,ATHX BERLIN 2026,Germany 🇩🇪,2026,Female,ATHX,Endurance,,,,2.25KM,2.18KM
74,Chiara,Regli,Chiara Regli,Female,,,https://ui-avatars.com/api/?name=C+R&color=FFFFFF&background=000000,ATHX BERLIN 2026,Germany 🇩🇪,2026,Female,ATHX,Endurance,,,,2.25KM,2.174KM
75,Katy,Völker,Katy Völker,Female,,,https://ui-avatars.com/api/?name=K+V&color=FFFFFF&background=000000,ATHX BERLIN 2026,Germany 🇩🇪,2026,Female,ATHX,Endurance,,,,1.5KM,2.921KM
76,Ines,Noeske,Ines Noeske,Female,,,https://ui-avatars.com/api/?name=I+N&color=FFFFFF&background=000000,ATHX BERLIN 2026,Germany 🇩🇪,2026,Female,ATHX,Endurance,,,,2.25KM,2.169KM
77,Eva,Liedtke,Eva Liedtke,Female,,,https://ui-avatars.com/api/?name=E+L&color=FFFFFF&background=000000,ATHX BERLIN 2026,Germany 🇩🇪,2026,Female,ATHX,Endurance,,,,2.25KM,2.16KM
78,Laura,Frach,Laura Frach,Female,,,https://ui-avatars.com/api/?name=L+F&color=FFFFFF&background=000000,ATHX BERLIN 2026,Germany 🇩🇪,2026,Female,ATHX,Endurance,,,,1.5KM,2.898KM
79,Christin,Bosinsky,Christin Bosinsky,Female,,,https://ui-avatars.com/api/?name=C+B&color=FFFFFF&background=000000,ATHX BERLIN 2026,Germany 🇩🇪,2026,Female,ATHX,Endurance,,,,2.25KM,2.128KM
79,Nadien,Freitag,Nadien Freitag,Female,,,https://ui-avatars.com/api/?name=N+F&color=FFFFFF&background=000000,ATHX BERLIN 2026,Germany 🇩🇪,2026,Female,ATHX,Endurance,,,,1.539KM,2.839KM
81,Anna,Menzel-Giourelis,Anna Menzel-Giourelis,Female,,,https://ui-avatars.com/api/?name=A+M&color=FFFFFF&background=000000,ATHX BERLIN 2026,Germany 🇩🇪,2026,Female,ATHX,Endurance,,,,1.641KM,2.736KM
82,Marilena,Micha,Marilena Micha,Female,,,https://ui-avatars.com/api/?name=M+M&color=FFFFFF&background=000000,ATHX BERLIN 2026,Germany 🇩🇪,2026,Female,ATHX,Endurance,,,,2.25KM,2.125KM
83,Elena,Walter,Elena Walter,Female,,,https://ui-avatars.com/api/?name=E+W&color=FFFFFF&background=000000,ATHX BERLIN 2026,Germany 🇩🇪,2026,Female,ATHX,Endurance,,,,2.25KM,2.12KM
84,Michelle,Wothe,Michelle Wothe,Female,,,https://athxgames.com/storage/profile-photos/PjVvpwj1mVHFAfWTgNwlEPTphDkBTScg0gKcwSSK.jpg,ATHX BERLIN 2026,Germany 🇩🇪,2026,Female,ATHX,Endurance,,,,1.5KM,2.857KM
85,Sarah,Emmermann,Sarah Emmermann,Female,,,https://ui-avatars.com/api/?name=S+E&color=FFFFFF&background=000000,ATHX BERLIN 2026,Germany 🇩🇪,2026,Female,ATHX,Endurance,,,,2.225KM,2.13KM
86,Anne,Lux,Anne Lux,Female,,,https://ui-avatars.com/api/?name=A+L&color=FFFFFF&background=000000,ATHX BERLIN 2026,Germany 🇩🇪,2026,Female,ATHX,Endurance,,,,2.25KM,2.091KM
87,Cosima,Wilke,Cosima Wilke,Female,,,https://ui-avatars.com/api/?name=C+W&color=FFFFFF&background=000000,ATHX BERLIN 2026,Germany 🇩🇪,2026,Female,ATHX,Endurance,,,,2.139KM,2.195KM
88,Jennifer,Duque,Jennifer Duque,Female,Colombia,,https://ui-avatars.com/api/?name=J+D&color=FFFFFF&background=000000,ATHX BERLIN 2026,Germany 🇩🇪,2026,Female,ATHX,Endurance,,,,2.25KM,2.081KM
88,Laura,Boyksen,Laura Boyksen,Female,,,https://ui-avatars.com/api/?name=L+B&color=FFFFFF&background=000000,ATHX BERLIN 2026,Germany 🇩🇪,2026,Female,ATHX,Endurance,,,,1.5KM,2.831KM
90,Sara,Schäfers,Sara Schäfers,Female,,,https://ui-avatars.com/api/?name=S+S&color=FFFFFF&background=000000,ATHX BERLIN 2026,Germany 🇩🇪,2026,Female,ATHX,Endurance,,,,2.25KM,2.079KM
91,Alexandra,Ulbricht,Alexandra Ulbricht,Female,,,https://ui-avatars.com/api/?name=A+U&color=FFFFFF&background=000000,ATHX BERLIN 2026,Germany 🇩🇪,2026,Female,ATHX,Endurance,,,,1.852KM,2.473KM
92,Zanne,van Huizen,Zanne van Huizen,Female,,,https://ui-avatars.com/api/?name=Z+v+H&color=FFFFFF&background=000000,ATHX BERLIN 2026,Germany 🇩🇪,2026,Female,ATHX,Endurance,,,,2.081KM,2.236KM
92,Michelle,Guy,Michelle Guy,Female,,,https://ui-avatars.com/api/?name=M+G&color=FFFFFF&background=000000,ATHX BERLIN 2026,Germany 🇩🇪,2026,Female,ATHX,Endurance,,,,2.081KM,2.236KM
94,Julia,Hornauer,Julia Hornauer,Female,,,https://ui-avatars.com/api/?name=J+H&color=FFFFFF&background=000000,ATHX BERLIN 2026,Germany 🇩🇪,2026,Female,ATHX,Endurance,,,,2.25KM,2.066KM
95,Laura,Heynen,Laura Heynen,Female,,,https://ui-avatars.com/api/?name=L+H&color=FFFFFF&background=000000,ATHX BERLIN 2026,Germany 🇩🇪,2026,Female,ATHX,Endurance,,,,1.5KM,2.814KM
96,Joana,Müller,Joana Müller,Female,,,https://ui-avatars.com/api/?name=J+M&color=FFFFFF&background=000000,ATHX BERLIN 2026,Germany 🇩🇪,2026,Female,ATHX,Endurance,,,,1.788KM,2.523KM
97,Maximiliane,Thiel,Maximiliane Thiel,Female,,,https://ui-avatars.com/api/?name=M+T&color=FFFFFF&background=000000,ATHX BERLIN 2026,Germany 🇩🇪,2026,Female,ATHX,Endurance,,,,2.155KM,2.155KM
98,Isabella,Singer,Isabella Singer,Female,,,https://ui-avatars.com/api/?name=I+S&color=FFFFFF&background=000000,ATHX BERLIN 2026,Germany 🇩🇪,2026,Female,ATHX,Endurance,,,,2KM,2.306KM
99,Manuela,Schambeck,Manuela Schambeck,Female,,,https://ui-avatars.com/api/?name=M+S&color=FFFFFF&background=000000,ATHX BERLIN 2026,Germany 🇩🇪,2026,Female,ATHX,Endurance,,,,1.5KM,2.8KM
100,Leonie,Scholz,Leonie Scholz,Female,,,https://ui-avatars.com/api/?name=L+S&color=FFFFFF&background=000000,ATHX BERLIN 2026,Germany 🇩🇪,2026,Female,ATHX,Endurance,,,,1.5KM,2.791KM
100,Michelle,Hofmeier,Michelle Hofmeier,Female,,,https://ui-avatars.com/api/?name=M+H&color=FFFFFF&background=000000,ATHX BERLIN 2026,Germany 🇩🇪,2026,Female,ATHX,Endurance,,,,2.209KM,2.082KM
102,Kathryn,Metcalfe,Kathryn Metcalfe,Female,,,https://ui-avatars.com/api/?name=K+M&color=FFFFFF&background=000000,ATHX BERLIN 2026,Germany 🇩🇪,2026,Female,ATHX,Endurance,,,,2.117KM,2.173KM
102,Inge,Kling,Inge Kling,Female,,,https://ui-avatars.com/api/?name=I+K&color=FFFFFF&background=000000,ATHX BERLIN 2026,Germany 🇩🇪,2026,Female,ATHX,Endurance,,,,2.249KM,2.041KM
104,Katrin,Schenker,Katrin Schenker,Female,,,https://ui-avatars.com/api/?name=K+S&color=FFFFFF&background=000000,ATHX BERLIN 2026,Germany 🇩🇪,2026,Female,ATHX,Endurance,,,,1.646KM,2.638KM
105,Alexandra,Ulrich,Alexandra Ulrich,Female,,,https://ui-avatars.com/api/?name=A+U&color=FFFFFF&background=000000,ATHX BERLIN 2026,Germany 🇩🇪,2026,Female,ATHX,Endurance,,,,1.5KM,2.774KM
106,Pauline,Didier,Pauline Didier,Female,,,https://ui-avatars.com/api/?name=P+D&color=FFFFFF&background=000000,ATHX BERLIN 2026,Germany 🇩🇪,2026,Female,ATHX,Endurance,,,,1.5KM,2.769KM
107,Inga,Bockisch,Inga Bockisch,Female,,,https://ui-avatars.com/api/?name=I+B&color=FFFFFF&background=000000,ATHX BERLIN 2026,Germany 🇩🇪,2026,Female,ATHX,Endurance,,,,1.5KM,2.766KM
108,Kristin,Plagemann,Kristin Plagemann,Female,,,https://ui-avatars.com/api/?name=K+P&color=FFFFFF&background=000000,ATHX BERLIN 2026,Germany 🇩🇪,2026,Female,ATHX,Endurance,,,,1.5KM,2.765KM
109,Jeannine,Schmidt-Heidenreich,Jeannine Schmidt-Heidenreich,Female,,,https://ui-avatars.com/api/?name=J+S&color=FFFFFF&background=000000,ATHX BERLIN 2026,Germany 🇩🇪,2026,Female,ATHX,Endurance,,,,2.25KM,2.012KM
110,Susanne,Kopf,Susanne Kopf,Female,,,https://ui-avatars.com/api/?name=S+K&color=FFFFFF&background=000000,ATHX BERLIN 2026,Germany 🇩🇪,2026,Female,ATHX,Endurance,,,,1.571KM,2.69KM
110,Petra,Juskova,Petra Juskova,Female,,Jgym,https://ui-avatars.com/api/?name=P+J&color=FFFFFF&background=000000,ATHX BERLIN 2026,Germany 🇩🇪,2026,Female,ATHX,Endurance,,,,2.184KM,2.077KM
112,Svetlana,Roller,Svetlana Roller,Female,Germany,,https://ui-avatars.com/api/?name=S+R&color=FFFFFF&background=000000,ATHX BERLIN 2026,Germany 🇩🇪,2026,Female,ATHX,Endurance,,,,1.67KM,2.583KM
113,Sandra,Andersen,Sandra Andersen,Female,,,https://ui-avatars.com/api/?name=S+A&color=FFFFFF&background=000000,ATHX BERLIN 2026,Germany 🇩🇪,2026,Female,ATHX,Endurance,,,,1.5KM,2.751KM
114,Josephine,Bärlin,Josephine Bärlin,Female,,,https://ui-avatars.com/api/?name=J+B&color=FFFFFF&background=000000,ATHX BERLIN 2026,Germany 🇩🇪,2026,Female,ATHX,Endurance,,,,1.75KM,2.496KM
115,Daniela,Krausch,Daniela Krausch,Female,,,https://ui-avatars.com/api/?name=D+K&color=FFFFFF&background=000000,ATHX BERLIN 2026,Germany 🇩🇪,2026,Female,ATHX,Endurance,,,,2.25KM,1.994KM
116,Susanne,Jahn,Susanne Jahn,Female,,,https://ui-avatars.com/api/?name=S+J&color=FFFFFF&background=000000,ATHX BERLIN 2026,Germany 🇩🇪,2026,Female,ATHX,Endurance,,,,1.5KM,2.739KM
117,Silvia,Stenzel,Silvia Stenzel,Female,,,https://ui-avatars.com/api/?name=S+S&color=FFFFFF&background=000000,ATHX BERLIN 2026,Germany 🇩🇪,2026,Female,ATHX,Endurance,,,,2.25KM,1.986KM
118,Agnes,Bretschneider,Agnes Bretschneider,Female,,,https://ui-avatars.com/api/?name=A+B&color=FFFFFF&background=000000,ATHX BERLIN 2026,Germany 🇩🇪,2026,Female,ATHX,Endurance,,,,2.198KM,2.036KM
119,Uli,Heimes,Uli Heimes,Female,,,https://ui-avatars.com/api/?name=U+H&color=FFFFFF&background=000000,ATHX BERLIN 2026,Germany 🇩🇪,2026,Female,ATHX,Endurance,,,,1.855KM,2.374KM
119,Tina,Hochwarter,Tina Hochwarter,Female,,,https://ui-avatars.com/api/?name=T+H&color=FFFFFF&background=000000,ATHX BERLIN 2026,Germany 🇩🇪,2026,Female,ATHX,Endurance,,,,1.5KM,2.729KM
121,Luisa,Eickmeyer,Luisa Eickmeyer,Female,,,https://ui-avatars.com/api/?name=L+E&color=FFFFFF&background=000000,ATHX BERLIN 2026,Germany 🇩🇪,2026,Female,ATHX,Endurance,,,,2.25KM,1.978KM
122,Laura,Conrad,Laura Conrad,Female,,,https://ui-avatars.com/api/?name=L+C&color=FFFFFF&background=000000,ATHX BERLIN 2026,Germany 🇩🇪,2026,Female,ATHX,Endurance,,,,2.106KM,2.119KM
123,Sarah,Kluge,Sarah Kluge,Female,,Escapist Crossfit,https://ui-avatars.com/api/?name=S+K&color=FFFFFF&background=000000,ATHX BERLIN 2026,Germany 🇩🇪,2026,Female,ATHX,Endurance,,,,2.207KM,2.007KM
124,Janine,Czeschner,Janine Czeschner,Female,,,https://ui-avatars.com/api/?name=J+C&color=FFFFFF&background=000000,ATHX BERLIN 2026,Germany 🇩🇪,2026,Female,ATHX,Endurance,,,,1.659KM,2.554KM
125,Katherina,Krämer,Katherina Krämer,Female,,,https://ui-avatars.com/api/?name=K+K&color=FFFFFF&background=000000,ATHX BERLIN 2026,Germany 🇩🇪,2026,Female,ATHX,Endurance,,,,1.777KM,2.429KM
125,Wiebke,Eggers,Wiebke Eggers,Female,Germany,Kamroc,https://ui-avatars.com/api/?name=W+E&color=FFFFFF&background=000000,ATHX BERLIN 2026,Germany 🇩🇪,2026,Female,ATHX,Endurance,,,,1.75KM,2.456KM
127,Kim,Rosner,Kim Rosner,Female,,,https://ui-avatars.com/api/?name=K+R&color=FFFFFF&background=000000,ATHX BERLIN 2026,Germany 🇩🇪,2026,Female,ATHX,Endurance,,,,1.663KM,2.532KM
128,Juliana,Ribeiro,Juliana Ribeiro,Female,,,https://ui-avatars.com/api/?name=J+R&color=FFFFFF&background=000000,ATHX BERLIN 2026,Germany 🇩🇪,2026,Female,ATHX,Endurance,,,,2.25KM,1.94KM
129,Celine,Ruckaberle,Celine Ruckaberle,Female,,,https://ui-avatars.com/api/?name=C+R&color=FFFFFF&background=000000,ATHX BERLIN 2026,Germany 🇩🇪,2026,Female,ATHX,Endurance,,,,1.571KM,2.618KM
130,Vivien,Herb,Vivien Herb,Female,,,https://ui-avatars.com/api/?name=V+H&color=FFFFFF&background=000000,ATHX BERLIN 2026,Germany 🇩🇪,2026,Female,ATHX,Endurance,,,,1.5KM,2.687KM
131,Katja,Stabenow,Katja Stabenow,Female,,,https://ui-avatars.com/api/?name=K+S&color=FFFFFF&background=000000,ATHX BERLIN 2026,Germany 🇩🇪,2026,Female,ATHX,Endurance,,,,2.25KM,1.936KM
132,Valeska,Grabowski,Valeska Grabowski,Female,,,https://ui-avatars.com/api/?name=V+G&color=FFFFFF&background=000000,ATHX BERLIN 2026,Germany 🇩🇪,2026,Female,ATHX,Endurance,,,,1.5KM,2.685KM
133,Sandy,Dannenberg,Sandy Dannenberg,Female,Germany,,https://ui-avatars.com/api/?name=S+D&color=FFFFFF&background=000000,ATHX BERLIN 2026,Germany 🇩🇪,2026,Female,ATHX,Endurance,,,,1.5KM,2.68KM
133,Sarah,Andris,Sarah Andris,Female,,,https://ui-avatars.com/api/?name=S+A&color=FFFFFF&background=000000,ATHX BERLIN 2026,Germany 🇩🇪,2026,Female,ATHX,Endurance,,,,2KM,2.18KM
135,Franziska,Mews,Franziska Mews,Female,,,https://ui-avatars.com/api/?name=F+M&color=FFFFFF&background=000000,ATHX BERLIN 2026,Germany 🇩🇪,2026,Female,ATHX,Endurance,,,,1.914KM,2.263KM
136,Iris,Bräutigam,Iris Bräutigam,Female,,,https://ui-avatars.com/api/?name=I+B&color=FFFFFF&background=000000,ATHX BERLIN 2026,Germany 🇩🇪,2026,Female,ATHX,Endurance,,,,1.609KM,2.565KM
137,Julia,Waibel,Julia Waibel,Female,Germany,,https://ui-avatars.com/api/?name=J+W&color=FFFFFF&background=000000,ATHX BERLIN 2026,Germany 🇩🇪,2026,Female,ATHX,Endurance,,,,2.126KM,2.043KM
138,Sally,Petzold,Sally Petzold,Female,,,https://ui-avatars.com/api/?name=S+P&color=FFFFFF&background=000000,ATHX BERLIN 2026,Germany 🇩🇪,2026,Female,ATHX,Endurance,,,,1.535KM,2.632KM
139,Karen,Mooney,Karen Mooney,Female,Ireland,Adapt Strength and Fitness,https://ui-avatars.com/api/?name=K+M&color=FFFFFF&background=000000,ATHX BERLIN 2026,Germany 🇩🇪,2026,Female,ATHX,Endurance,,,,1.5KM,2.659KM
140,Juliane,Zickler,Juliane Zickler,Female,,,https://ui-avatars.com/api/?name=J+Z&color=FFFFFF&background=000000,ATHX BERLIN 2026,Germany 🇩🇪,2026,Female,ATHX,Endurance,,,,1.5KM,2.646KM
141,Antje,Kern,Antje Kern,Female,,,https://ui-avatars.com/api/?name=A+K&color=FFFFFF&background=000000,ATHX BERLIN 2026,Germany 🇩🇪,2026,Female,ATHX,Endurance,,,,1.5KM,2.645KM
142,Franziska,Sturm,Franziska Sturm,Female,,,https://ui-avatars.com/api/?name=F+S&color=FFFFFF&background=000000,ATHX BERLIN 2026,Germany 🇩🇪,2026,Female,ATHX,Endurance,,,,1.5KM,2.637KM
143,maeve,hamill,maeve hamill,Female,,,https://ui-avatars.com/api/?name=m+h&color=FFFFFF&background=000000,ATHX BERLIN 2026,Germany 🇩🇪,2026,Female,ATHX,Endurance,,,,1.692KM,2.442KM
144,Nicole,Bäumler,Nicole Bäumler,Female,,CrossFit Paderborn,https://ui-avatars.com/api/?name=N+B&color=FFFFFF&background=000000,ATHX BERLIN 2026,Germany 🇩🇪,2026,Female,ATHX,Endurance,,,,2KM,2.133KM
144,Sarah,Mertes,Sarah Mertes,Female,,,https://ui-avatars.com/api/?name=S+M&color=FFFFFF&background=000000,ATHX BERLIN 2026,Germany 🇩🇪,2026,Female,ATHX,Endurance,,,,1.558KM,2.575KM
146,Leah,Joswig,Leah Joswig,Female,,,https://ui-avatars.com/api/?name=L+J&color=FFFFFF&background=000000,ATHX BERLIN 2026,Germany 🇩🇪,2026,Female,ATHX,Endurance,,,,1.6KM,2.525KM
147,Jenna,Kadlubski,Jenna Kadlubski,Female,,3 ZONE Training,https://ui-avatars.com/api/?name=J+K&color=FFFFFF&background=000000,ATHX BERLIN 2026,Germany 🇩🇪,2026,Female,ATHX,Endurance,,,,1.564KM,2.56KM
148,Gabriela Carolina,Luciano,Gabriela Carolina Luciano,Female,,,https://ui-avatars.com/api/?name=G+C+L&color=FFFFFF&background=000000,ATHX BERLIN 2026,Germany 🇩🇪,2026,Female,ATHX,Endurance,,,,1.509KM,2.614KM
149,Jennifer,Letz,Jennifer Letz,Female,,,https://ui-avatars.com/api/?name=J+L&color=FFFFFF&background=000000,ATHX BERLIN 2026,Germany 🇩🇪,2026,Female,ATHX,Endurance,,,,2KM,2.122KM
150,Marlis,Hochwarter,Marlis Hochwarter,Female,,,https://ui-avatars.com/api/?name=M+H&color=FFFFFF&background=000000,ATHX BERLIN 2026,Germany 🇩🇪,2026,Female,ATHX,Endurance,,,,2.232KM,1.885KM
151,Melissa,Hausladen,Melissa Hausladen,Female,,,https://ui-avatars.com/api/?name=M+H&color=FFFFFF&background=000000,ATHX BERLIN 2026,Germany 🇩🇪,2026,Female,ATHX,Endurance,,,,1.5KM,2.615KM
152,Simone,Schuhbauer,Simone Schuhbauer,Female,,,https://ui-avatars.com/api/?name=S+S&color=FFFFFF&background=000000,ATHX BERLIN 2026,Germany 🇩🇪,2026,Female,ATHX,Endurance,,,,2.25KM,1.863KM
153,Malin,Holtmeyer,Malin Holtmeyer,Female,,,https://ui-avatars.com/api/?name=M+H&color=FFFFFF&background=000000,ATHX BERLIN 2026,Germany 🇩🇪,2026,Female,ATHX,Endurance,,,,1.808KM,2.304KM
154,Sarah,Neises,Sarah Neises,Female,Germany,,https://ui-avatars.com/api/?name=S+N&color=FFFFFF&background=000000,ATHX BERLIN 2026,Germany 🇩🇪,2026,Female,ATHX,Endurance,,,,2.25KM,1.861KM
155,Ramona,Eitele,Ramona Eitele,Female,,,https://ui-avatars.com/api/?name=R+E&color=FFFFFF&background=000000,ATHX BERLIN 2026,Germany 🇩🇪,2026,Female,ATHX,Endurance,,,,1.851KM,2.259KM
156,Joélle,Knüpfer,Joélle Knüpfer,Female,,,https://ui-avatars.com/api/?name=J+K&color=FFFFFF&background=000000,ATHX BERLIN 2026,Germany 🇩🇪,2026,Female,ATHX,Endurance,,,,1.5KM,2.606KM
157,Maria,Agethen,Maria Agethen,Female,Germany,Crossfit Paderborn,https://ui-avatars.com/api/?name=M+A&color=FFFFFF&background=000000,ATHX BERLIN 2026,Germany 🇩🇪,2026,Female,ATHX,Endurance,,,,1.5KM,2.593KM
158,Holland,Cathey,Holland Cathey,Female,,,https://ui-avatars.com/api/?name=H+C&color=FFFFFF&background=000000,ATHX BERLIN 2026,Germany 🇩🇪,2026,Female,ATHX,Endurance,,,,2.25KM,1.842KM
159,Agnes,Rössler,Agnes Rössler,Female,,,https://ui-avatars.com/api/?name=A+R&color=FFFFFF&background=000000,ATHX BERLIN 2026,Germany 🇩🇪,2026,Female,ATHX,Endurance,,,,2.219KM,1.872KM
160,Anna,Sylvester,Anna Sylvester,Female,,,https://ui-avatars.com/api/?name=A+S&color=FFFFFF&background=000000,ATHX BERLIN 2026,Germany 🇩🇪,2026,Female,ATHX,Endurance,,,,1.5KM,2.586KM
161,Sarah,Bugdoll,Sarah Bugdoll,Female,,,https://ui-avatars.com/api/?name=S+B&color=FFFFFF&background=000000,ATHX BERLIN 2026,Germany 🇩🇪,2026,Female,ATHX,Endurance,,,,1.5KM,2.566KM
162,Cynthia,Gurrieri-Uhl,Cynthia Gurrieri-Uhl,Female,,,https://ui-avatars.com/api/?name=C+G&color=FFFFFF&background=000000,ATHX BERLIN 2026,Germany 🇩🇪,2026,Female,ATHX,Endurance,,,,2.156KM,1.898KM
163,Sandra,Krugmann,Sandra Krugmann,Female,,,https://ui-avatars.com/api/?name=S+K&color=FFFFFF&background=000000,ATHX BERLIN 2026,Germany 🇩🇪,2026,Female,ATHX,Endurance,,,,1.892KM,2.16KM
164,Anne,A,Anne A,Female,,,https://ui-avatars.com/api/?name=A+A&color=FFFFFF&background=000000,ATHX BERLIN 2026,Germany 🇩🇪,2026,Female,ATHX,Endurance,,,,2KM,2.049KM
165,Sabrina,Bürger,Sabrina Bürger,Female,,,https://ui-avatars.com/api/?name=S+B&color=FFFFFF&background=000000,ATHX BERLIN 2026,Germany 🇩🇪,2026,Female,ATHX,Endurance,,,,2.25KM,1.793KM
166,Dinah,Gordon,Dinah Gordon,Female,,Crossfit Grenzgänger,https://ui-avatars.com/api/?name=D+G&color=FFFFFF&background=000000,ATHX BERLIN 2026,Germany 🇩🇪,2026,Female,ATHX,Endurance,,,,2.192KM,1.835KM
167,Marie,Kaiser,Marie Kaiser,Female,,,https://ui-avatars.com/api/?name=M+K&color=FFFFFF&background=000000,ATHX BERLIN 2026,Germany 🇩🇪,2026,Female,ATHX,Endurance,,,,1.655KM,2.368KM
168,Judith,Claßen,Judith Claßen,Female,,,https://ui-avatars.com/api/?name=J+C&color=FFFFFF&background=000000,ATHX BERLIN 2026,Germany 🇩🇪,2026,Female,ATHX,Endurance,,,,1.867KM,2.148KM
169,Anina,Günzel,Anina Günzel,Female,,,https://ui-avatars.com/api/?name=A+G&color=FFFFFF&background=000000,ATHX BERLIN 2026,Germany 🇩🇪,2026,Female,ATHX,Endurance,,,,1.5KM,2.505KM
170,Jule,Fink,Jule Fink,Female,Germany,,https://ui-avatars.com/api/?name=J+F&color=FFFFFF&background=000000,ATHX BERLIN 2026,Germany 🇩🇪,2026,Female,ATHX,Endurance,,,,1.875KM,2.118KM
171,Leonie,Bergmann,Leonie Bergmann,Female,,,https://ui-avatars.com/api/?name=L+B&color=FFFFFF&background=000000,ATHX BERLIN 2026,Germany 🇩🇪,2026,Female,ATHX,Endurance,,,,1.342KM,2.65KM
172,Roya,Haupt,Roya Haupt,Female,,,https://ui-avatars.com/api/?name=R+H&color=FFFFFF&background=000000,ATHX BERLIN 2026,Germany 🇩🇪,2026,Female,ATHX,Endurance,,,,1.5KM,2.491KM
173,Hannah,Danowski,Hannah Danowski,Female,,,https://ui-avatars.com/api/?name=H+D&color=FFFFFF&background=000000,ATHX BERLIN 2026,Germany 🇩🇪,2026,Female,ATHX,Endurance,,,,1.382KM,2.595KM
174,Veronika,Hammerbacher,Veronika Hammerbacher,Female,Germany,Riginal CrossFit Nürnberg,https://ui-avatars.com/api/?name=V+H&color=FFFFFF&background=000000,ATHX BERLIN 2026,Germany 🇩🇪,2026,Female,ATHX,Endurance,,,,2.178KM,1.795KM
175,Kim Jennifer,Struckmann,Kim Jennifer Struckmann,Female,Germany,CrossFit Nordlicht,https://ui-avatars.com/api/?name=K+J+S&color=FFFFFF&background=000000,ATHX BERLIN 2026,Germany 🇩🇪,2026,Female,ATHX,Endurance,,,,1.785KM,2.185KM
176,Julia,Bertele,Julia Bertele,Female,,,https://ui-avatars.com/api/?name=J+B&color=FFFFFF&background=000000,ATHX BERLIN 2026,Germany 🇩🇪,2026,Female,ATHX,Endurance,,,,1.5KM,2.456KM
177,Pauline,Fajnzylberg,Pauline Fajnzylberg,Female,France,,https://athxgames.com/storage/profile-photos/pl057pFThR84Azaf1sbB5OujruXtLqpKGxxjTSgS.jpg,ATHX BERLIN 2026,Germany 🇩🇪,2026,Female,ATHX,Endurance,,,,1.505KM,2.448KM
178,Svenja,Rojem-Wagner,Svenja Rojem-Wagner,Female,,,https://ui-avatars.com/api/?name=S+R&color=FFFFFF&background=000000,ATHX BERLIN 2026,Germany 🇩🇪,2026,Female,ATHX,Endurance,,,,2.25KM,1.701KM
179,Anouk,Köhler,Anouk Köhler,Female,,,https://ui-avatars.com/api/?name=A+K&color=FFFFFF&background=000000,ATHX BERLIN 2026,Germany 🇩🇪,2026,Female,ATHX,Endurance,,,,1.562KM,2.388KM
180,Ruth,Leonard,Ruth Leonard,Female,,,https://ui-avatars.com/api/?name=R+L&color=FFFFFF&background=000000,ATHX BERLIN 2026,Germany 🇩🇪,2026,Female,ATHX,Endurance,,,,2KM,1.946KM
181,Lara-Marie,Scherfig,Lara-Marie Scherfig,Female,,,https://ui-avatars.com/api/?name=L+S&color=FFFFFF&background=000000,ATHX BERLIN 2026,Germany 🇩🇪,2026,Female,ATHX,Endurance,,,,1.25KM,2.694KM
182,Nina,Sieger,Nina Sieger,Female,,,https://ui-avatars.com/api/?name=N+S&color=FFFFFF&background=000000,ATHX BERLIN 2026,Germany 🇩🇪,2026,Female,ATHX,Endurance,,,,1.855KM,2.088KM
183,Franziska,Schultz,Franziska Schultz,Female,,,https://ui-avatars.com/api/?name=F+S&color=FFFFFF&background=000000,ATHX BERLIN 2026,Germany 🇩🇪,2026,Female,ATHX,Endurance,,,,1.765KM,2.164KM
184,Ann-Kristin,Freitag,Ann-Kristin Freitag,Female,,,https://ui-avatars.com/api/?name=A+F&color=FFFFFF&background=000000,ATHX BERLIN 2026,Germany 🇩🇪,2026,Female,ATHX,Endurance,,,,1.5KM,2.427KM
185,Alicja,Bulak,Alicja Bulak,Female,,,https://ui-avatars.com/api/?name=A+B&color=FFFFFF&background=000000,ATHX BERLIN 2026,Germany 🇩🇪,2026,Female,ATHX,Endurance,,,,1.5KM,2.42KM
186,Laura,Panzer,Laura Panzer,Female,,,https://ui-avatars.com/api/?name=L+P&color=FFFFFF&background=000000,ATHX BERLIN 2026,Germany 🇩🇪,2026,Female,ATHX,Endurance,,,,1.5KM,2.413KM
187,Eliza,Cumming,Eliza Cumming,Female,,,https://ui-avatars.com/api/?name=E+C&color=FFFFFF&background=000000,ATHX BERLIN 2026,Germany 🇩🇪,2026,Female,ATHX,Endurance,,,,2.25KM,1.655KM
188,Asrai,Soos,Asrai Soos,Female,,,https://ui-avatars.com/api/?name=A+S&color=FFFFFF&background=000000,ATHX BERLIN 2026,Germany 🇩🇪,2026,Female,ATHX,Endurance,,,,1.812KM,2.092KM
189,Carmen,Jedosch,Carmen Jedosch,Female,,,https://ui-avatars.com/api/?name=C+J&color=FFFFFF&background=000000,ATHX BERLIN 2026,Germany 🇩🇪,2026,Female,ATHX,Endurance,,,,1.685KM,2.208KM
190,Jülly-Inna,Liang,Jülly-Inna Liang,Female,,,https://ui-avatars.com/api/?name=J+L&color=FFFFFF&background=000000,ATHX BERLIN 2026,Germany 🇩🇪,2026,Female,ATHX,Endurance,,,,2.25KM,1.634KM
191,Eva,Zimmermann,Eva Zimmermann,Female,,,https://ui-avatars.com/api/?name=E+Z&color=FFFFFF&background=000000,ATHX BERLIN 2026,Germany 🇩🇪,2026,Female,ATHX,Endurance,,,,2.25KM,1.631KM
192,Laura,Modrich,Laura Modrich,Female,,,https://ui-avatars.com/api/?name=L+M&color=FFFFFF&background=000000,ATHX BERLIN 2026,Germany 🇩🇪,2026,Female,ATHX,Endurance,,,,1.5KM,2.378KM
193,Nilla,Hoppe,Nilla Hoppe,Female,,,https://ui-avatars.com/api/?name=N+H&color=FFFFFF&background=000000,ATHX BERLIN 2026,Germany 🇩🇪,2026,Female,ATHX,Endurance,,,,1.5KM,2.37KM
194,Ceci,Ruppert,Ceci Ruppert,Female,,,https://ui-avatars.com/api/?name=C+R&color=FFFFFF&background=000000,ATHX BERLIN 2026,Germany 🇩🇪,2026,Female,ATHX,Endurance,,,,2KM,1.869KM
195,Celina,Piotrowska,Celina Piotrowska,Female,,,https://ui-avatars.com/api/?name=C+P&color=FFFFFF&background=000000,ATHX BERLIN 2026,Germany 🇩🇪,2026,Female,ATHX,Endurance,,,,1.5KM,2.366KM
196,Ilona,Michallek,Ilona Michallek,Female,,,https://ui-avatars.com/api/?name=I+M&color=FFFFFF&background=000000,ATHX BERLIN 2026,Germany 🇩🇪,2026,Female,ATHX,Endurance,,,,2KM,1.865KM
197,Julia,Exler,Julia Exler,Female,,,https://ui-avatars.com/api/?name=J+E&color=FFFFFF&background=000000,ATHX BERLIN 2026,Germany 🇩🇪,2026,Female,ATHX,Endurance,,,,2.25KM,1.614KM
198,Aleksandra,Kowalska,Aleksandra Kowalska,Female,Poland,Enklawa Home of CrossFit Torun,https://athxgames.com/storage/profile-photos/GQFfnlcFgMVBWhiQeHu6UK0rWzRQ4Dk3bubVuJ5r.jpg,ATHX BERLIN 2026,Germany 🇩🇪,2026,Female,ATHX,Endurance,,,,1.558KM,2.302KM
199,Ayse-Sophie,Justvan,Ayse-Sophie Justvan,Female,Germany,,https://ui-avatars.com/api/?name=A+J&color=FFFFFF&background=000000,ATHX BERLIN 2026,Germany 🇩🇪,2026,Female,ATHX,Endurance,,,,1.5KM,2.341KM
200,Olivia,Shepherd,Olivia Shepherd,Female,,Livia,https://ui-avatars.com/api/?name=O+S&color=FFFFFF&background=000000,ATHX BERLIN 2026,Germany 🇩🇪,2026,Female,ATHX,Endurance,,,,2.075KM,1.752KM
201,Alexandra,Wichmann,Alexandra Wichmann,Female,,,https://ui-avatars.com/api/?name=A+W&color=FFFFFF&background=000000,ATHX BERLIN 2026,Germany 🇩🇪,2026,Female,ATHX,Endurance,,,,2KM,1.818KM
201,Ela,Bogdanowicz,Ela Bogdanowicz,Female,,Crossfit Potsdam,https://ui-avatars.com/api/?name=E+B&color=FFFFFF&background=000000,ATHX BERLIN 2026,Germany 🇩🇪,2026,Female,ATHX,Endurance,,,,2KM,1.818KM
201,Andrea,Hendry,Andrea Hendry,Female,,,https://ui-avatars.com/api/?name=A+H&color=FFFFFF&background=000000,ATHX BERLIN 2026,Germany 🇩🇪,2026,Female,ATHX,Endurance,,,,1.75KM,2.068KM
204,Celina,Fischer,Celina Fischer,Female,,,https://ui-avatars.com/api/?name=C+F&color=FFFFFF&background=000000,ATHX BERLIN 2026,Germany 🇩🇪,2026,Female,ATHX,Endurance,,,,1KM,2.806KM
205,Sabrina,Wagner,Sabrina Wagner,Female,,,https://ui-avatars.com/api/?name=S+W&color=FFFFFF&background=000000,ATHX BERLIN 2026,Germany 🇩🇪,2026,Female,ATHX,Endurance,,,,1.5KM,2.286KM
206,Jenifer,Stepanow,Jenifer Stepanow,Female,,,https://ui-avatars.com/api/?name=J+S&color=FFFFFF&background=000000,ATHX BERLIN 2026,Germany 🇩🇪,2026,Female,ATHX,Endurance,,,,1.5KM,2.283KM
207,Melanie,Schwalb,Melanie Schwalb,Female,,,https://ui-avatars.com/api/?name=M+S&color=FFFFFF&background=000000,ATHX BERLIN 2026,Germany 🇩🇪,2026,Female,ATHX,Endurance,,,,1.97KM,1.812KM
208,Josi,Sandhaus,Josi Sandhaus,Female,Germany,,https://ui-avatars.com/api/?name=J+S&color=FFFFFF&background=000000,ATHX BERLIN 2026,Germany 🇩🇪,2026,Female,ATHX,Endurance,,,,1.5KM,2.28KM
209,Irina,Buller,Irina Buller,Female,,,https://ui-avatars.com/api/?name=I+B&color=FFFFFF&background=000000,ATHX BERLIN 2026,Germany 🇩🇪,2026,Female,ATHX,Endurance,,,,1.873KM,1.9KM
210,Monika,Sestic,Monika Sestic,Female,Germany,,https://ui-avatars.com/api/?name=M+S&color=FFFFFF&background=000000,ATHX BERLIN 2026,Germany 🇩🇪,2026,Female,ATHX,Endurance,,,,2.018KM,1.75KM
211,Julia,Haschka,Julia Haschka,Female,Germany,,https://ui-avatars.com/api/?name=J+H&color=FFFFFF&background=000000,ATHX BERLIN 2026,Germany 🇩🇪,2026,Female,ATHX,Endurance,,,,1.908KM,1.85KM
212,Ly,Trinh,Ly Trinh,Female,,,https://ui-avatars.com/api/?name=L+T&color=FFFFFF&background=000000,ATHX BERLIN 2026,Germany 🇩🇪,2026,Female,ATHX,Endurance,,,,2.088KM,1.664KM
213,Yousra,Lembachar,Yousra Lembachar,Female,,,https://ui-avatars.com/api/?name=Y+L&color=FFFFFF&background=000000,ATHX BERLIN 2026,Germany 🇩🇪,2026,Female,ATHX,Endurance,,,,1.965KM,1.773KM
214,Katharina,Ebert,Katharina Ebert,Female,,,https://ui-avatars.com/api/?name=K+E&color=FFFFFF&background=000000,ATHX BERLIN 2026,Germany 🇩🇪,2026,Female,ATHX,Endurance,,,,2KM,1.716KM
215,Teresa,Tayerle,Teresa Tayerle,Female,Germany,,https://ui-avatars.com/api/?name=T+T&color=FFFFFF&background=000000,ATHX BERLIN 2026,Germany 🇩🇪,2026,Female,ATHX,Endurance,,,,1.146KM,2.528KM
215,Samanta,Schydlo,Samanta Schydlo,Female,Germany,Crossfit Düsseldorf,https://athxgames.com/storage/profile-photos/zqa2vWQ35BzlgOKuiVa66FWozRGEH6p5Meg72p9n.jpg,ATHX BERLIN 2026,Germany 🇩🇪,2026,Female,ATHX,Endurance,,,,1.5KM,2.174KM
217,Stina,Güttner,Stina Güttner,Female,Germany,Heidekreis Athletik,https://ui-avatars.com/api/?name=S+G&color=FFFFFF&background=000000,ATHX BERLIN 2026,Germany 🇩🇪,2026,Female,ATHX,Endurance,,,,1.5KM,2.149KM
218,Romina,Buschick,Romina Buschick,Female,Germany,,https://ui-avatars.com/api/?name=R+B&color=FFFFFF&background=000000,ATHX BERLIN 2026,Germany 🇩🇪,2026,Female,ATHX,Endurance,,,,2.042KM,1.6KM
219,Romy,Leutner,Romy Leutner,Female,,,https://ui-avatars.com/api/?name=R+L&color=FFFFFF&background=000000,ATHX BERLIN 2026,Germany 🇩🇪,2026,Female,ATHX,Endurance,,,,1.644KM,1.988KM
220,Laura,laura.hirthe@gmx.de,Laura laura.hirthe@gmx.de,Female,,,https://ui-avatars.com/api/?name=L+l&color=FFFFFF&background=000000,ATHX BERLIN 2026,Germany 🇩🇪,2026,Female,ATHX,Endurance,,,,1.5KM,2.129KM
220,Melanie,Walch,Melanie Walch,Female,,,https://ui-avatars.com/api/?name=M+W&color=FFFFFF&background=000000,ATHX BERLIN 2026,Germany 🇩🇪,2026,Female,ATHX,Endurance,,,,1.5KM,2.129KM
222,Jennifer,Bechtold,Jennifer Bechtold,Female,,,https://ui-avatars.com/api/?name=J+B&color=FFFFFF&background=000000,ATHX BERLIN 2026,Germany 🇩🇪,2026,Female,ATHX,Endurance,,,,1.5KM,2.115KM
223,Bernadett,Békési,Bernadett Békési,Female,,,https://ui-avatars.com/api/?name=B+B&color=FFFFFF&background=000000,ATHX BERLIN 2026,Germany 🇩🇪,2026,Female,ATHX,Endurance,,,,1.5KM,2.114KM
224,LICIA,FAIELLA,LICIA FAIELLA,Female,,,https://athxgames.com/storage/profile-photos/CSxetmJVYsJ8FQvJxhELptqgHebQo1TEB9MsscsC.jpg,ATHX BERLIN 2026,Germany 🇩🇪,2026,Female,ATHX,Endurance,,,,1.807KM,1.799KM
225,Petra,Bohnet-Waldraff,Petra Bohnet-Waldraff,Female,,,https://ui-avatars.com/api/?name=P+B&color=FFFFFF&background=000000,ATHX BERLIN 2026,Germany 🇩🇪,2026,Female,ATHX,Endurance,,,,1.448KM,2.156KM
226,Nicole,Bredfeldt,Nicole Bredfeldt,Female,Germany,Trave CrossFit,https://ui-avatars.com/api/?name=N+B&color=FFFFFF&background=000000,ATHX BERLIN 2026,Germany 🇩🇪,2026,Female,ATHX,Endurance,,,,1.25KM,2.339KM
227,Zena,El Abdalla,Zena El Abdalla,Female,,,https://ui-avatars.com/api/?name=Z+E+A&color=FFFFFF&background=000000,ATHX BERLIN 2026,Germany 🇩🇪,2026,Female,ATHX,Endurance,,,,1.597KM,1.982KM
228,Julia,Czerwinski,Julia Czerwinski,Female,,,https://ui-avatars.com/api/?name=J+C&color=FFFFFF&background=000000,ATHX BERLIN 2026,Germany 🇩🇪,2026,Female,ATHX,Endurance,,,,2.25KM,1.325KM
229,Jasmijn,Taman,Jasmijn Taman,Female,,,https://ui-avatars.com/api/?name=J+T&color=FFFFFF&background=000000,ATHX BERLIN 2026,Germany 🇩🇪,2026,Female,ATHX,Endurance,,,,1.5KM,2.033KM
230,Romy,Trömel,Romy Trömel,Female,,,https://ui-avatars.com/api/?name=R+T&color=FFFFFF&background=000000,ATHX BERLIN 2026,Germany 🇩🇪,2026,Female,ATHX,Endurance,,,,1.5KM,2.027KM
231,Caterina,Porro,Caterina Porro,Female,,,https://athxgames.com/storage/profile-photos/kR7CydVZwc8K8pctm1ots6Xm3AIewFCf1LGgcN39.jpg,ATHX BERLIN 2026,Germany 🇩🇪,2026,Female,ATHX,Endurance,,,,1.024KM,2.477KM
232,Sandra,Pörtner,Sandra Pörtner,Female,,,https://ui-avatars.com/api/?name=S+P&color=FFFFFF&background=000000,ATHX BERLIN 2026,Germany 🇩🇪,2026,Female,ATHX,Endurance,,,,1.538KM,1.955KM
233,Ines,Leutner,Ines Leutner,Female,,,https://ui-avatars.com/api/?name=I+L&color=FFFFFF&background=000000,ATHX BERLIN 2026,Germany 🇩🇪,2026,Female,ATHX,Endurance,,,,1.579KM,1.858KM
234,Faina,Kaplan Halfon,Faina Kaplan Halfon,Female,,,https://ui-avatars.com/api/?name=F+K+H&color=FFFFFF&background=000000,ATHX BERLIN 2026,Germany 🇩🇪,2026,Female,ATHX,Endurance,,,,1.5KM,1.921KM
235,Lisa,Goder,Lisa Goder,Female,,,https://ui-avatars.com/api/?name=L+G&color=FFFFFF&background=000000,ATHX BERLIN 2026,Germany 🇩🇪,2026,Female,ATHX,Endurance,,,,1.5KM,1.9KM
236,Sina,Rieckhoff,Sina Rieckhoff,Female,,,https://ui-avatars.com/api/?name=S+R&color=FFFFFF&background=000000,ATHX BERLIN 2026,Germany 🇩🇪,2026,Female,ATHX,Endurance,,,,0.927KM,2.467KM
237,Corinna,Rose,Corinna Rose,Female,,,https://ui-avatars.com/api/?name=C+R&color=FFFFFF&background=000000,ATHX BERLIN 2026,Germany 🇩🇪,2026,Female,ATHX,Endurance,,,,1.424KM,1.908KM
238,Vivienne,Schulze,Vivienne Schulze,Female,,,https://ui-avatars.com/api/?name=V+S&color=FFFFFF&background=000000,ATHX BERLIN 2026,Germany 🇩🇪,2026,Female,ATHX,Endurance,,,,1.035KM,2.244KM
239,Jenny,Bierwirth,Jenny Bierwirth,Female,,,https://ui-avatars.com/api/?name=J+B&color=FFFFFF&background=000000,ATHX BERLIN 2026,Germany 🇩🇪,2026,Female,ATHX,Endurance,,,,1.75KM,1.52KM
240,Valerie,Geßler,Valerie Geßler,Female,,,https://ui-avatars.com/api/?name=V+G&color=FFFFFF&background=000000,ATHX BERLIN 2026,Germany 🇩🇪,2026,Female,ATHX,Endurance,,,,1.508KM,1.508KM
241,Stephanie,Busch,Stephanie Busch,Female,,,https://ui-avatars.com/api/?name=S+B&color=FFFFFF&background=000000,ATHX BERLIN 2026,Germany 🇩🇪,2026,Female,ATHX,Endurance,,,,1.423KM,1.52KM
242,Anja,Sander,Anja Sander,Female,,,https://ui-avatars.com/api/?name=A+S&color=FFFFFF&background=000000,ATHX BERLIN 2026,Germany 🇩🇪,2026,Female,ATHX,Endurance,,,,1.5KM,1.42KM
243,Deirbhile,Seville,Deirbhile Seville,Female,,,https://ui-avatars.com/api/?name=D+S&color=FFFFFF&background=000000,ATHX BERLIN 2026,Germany 🇩🇪,2026,Female,ATHX,Endurance,,,,1.5KM,1.368KM
1,Lukas,Bossert,Lukas Bossert,Male,,,https://ui-avatars.com/api/?name=L+B&color=FFFFFF&background=000000,ATHX BERLIN 2026,Germany 🇩🇪,2026,Male,ATHX,Endurance,,,,2.25KM,3.465KM
2,Christian,Nolde,Christian Nolde,Male,,,https://ui-avatars.com/api/?name=C+N&color=FFFFFF&background=000000,ATHX BERLIN 2026,Germany 🇩🇪,2026,Male,ATHX,Endurance,,,,2.25KM,3.334KM
3,Arran,Arogundade,Arran Arogundade,Male,,,https://ui-avatars.com/api/?name=A+A&color=FFFFFF&background=000000,ATHX BERLIN 2026,Germany 🇩🇪,2026,Male,ATHX,Endurance,,,,1.679KM,3.823KM
4,Joshua,Sacher,Joshua Sacher,Male,,,https://ui-avatars.com/api/?name=J+S&color=FFFFFF&background=000000,ATHX BERLIN 2026,Germany 🇩🇪,2026,Male,ATHX,Endurance,,,,2.25KM,3.251KM
5,Dom,Stroh,Dom Stroh,Male,,,https://ui-avatars.com/api/?name=D+S&color=FFFFFF&background=000000,ATHX BERLIN 2026,Germany 🇩🇪,2026,Male,ATHX,Endurance,,,,2.811KM,2.587KM
6,Justus,Herrenbrück,Justus Herrenbrück,Male,Germany,,https://ui-avatars.com/api/?name=J+H&color=FFFFFF&background=000000,ATHX BERLIN 2026,Germany 🇩🇪,2026,Male,ATHX,Endurance,,,,2.25KM,3.131KM
7,Marius,Grad,Marius Grad,Male,,,https://ui-avatars.com/api/?name=M+G&color=FFFFFF&background=000000,ATHX BERLIN 2026,Germany 🇩🇪,2026,Male,ATHX,Endurance,,,,2.25KM,3.089KM
8,Bjarne,Rogall,Bjarne Rogall,Male,,,https://ui-avatars.com/api/?name=B+R&color=FFFFFF&background=000000,ATHX BERLIN 2026,Germany 🇩🇪,2026,Male,ATHX,Endurance,,,,2.25KM,3.02KM
9,Dustin,Schliwka,Dustin Schliwka,Male,,,https://ui-avatars.com/api/?name=D+S&color=FFFFFF&background=000000,ATHX BERLIN 2026,Germany 🇩🇪,2026,Male,ATHX,Endurance,,,,2.605KM,2.657KM
10,Stephan,Friedrich,Stephan Friedrich,Male,Germany,Crossfit Box Eching,https://athxgames.com/storage/profile-photos/Oa2DGd1hq4WGjsTSaprsDEJYSySiqGRAzqNeKEri.jpg,ATHX BERLIN 2026,Germany 🇩🇪,2026,Male,ATHX,Endurance,,,,2.25KM,2.998KM
11,Piran,Asci,Piran Asci,Male,,,https://ui-avatars.com/api/?name=P+A&color=FFFFFF&background=000000,ATHX BERLIN 2026,Germany 🇩🇪,2026,Male,ATHX,Endurance,,,,2.25KM,2.988KM
11,Maximilian,Brandl,Maximilian Brandl,Male,,,https://ui-avatars.com/api/?name=M+B&color=FFFFFF&background=000000,ATHX BERLIN 2026,Germany 🇩🇪,2026,Male,ATHX,Endurance,,,,1.5KM,3.738KM
13,Murat,Hasan,Murat Hasan,Male,,,https://ui-avatars.com/api/?name=M+H&color=FFFFFF&background=000000,ATHX BERLIN 2026,Germany 🇩🇪,2026,Male,ATHX,Endurance,,,,2.25KM,2.985KM
14,Dennis,Hannemann,Dennis Hannemann,Male,Germany,Crossfit Adendorf,https://ui-avatars.com/api/?name=D+H&color=FFFFFF&background=000000,ATHX BERLIN 2026,Germany 🇩🇪,2026,Male,ATHX,Endurance,,,,2.25KM,2.974KM
15,Fabian,Kettlitz,Fabian Kettlitz,Male,,,https://ui-avatars.com/api/?name=F+K&color=FFFFFF&background=000000,ATHX BERLIN 2026,Germany 🇩🇪,2026,Male,ATHX,Endurance,,,,1.5KM,3.71KM
16,Mischa,Schneider,Mischa Schneider,Male,,,https://ui-avatars.com/api/?name=M+S&color=FFFFFF&background=000000,ATHX BERLIN 2026,Germany 🇩🇪,2026,Male,ATHX,Endurance,,,,2.627KM,2.582KM
17,Bernd,grosse Siemer,Bernd grosse Siemer,Male,,,https://ui-avatars.com/api/?name=B+g+S&color=FFFFFF&background=000000,ATHX BERLIN 2026,Germany 🇩🇪,2026,Male,ATHX,Endurance,,,,2.25KM,2.947KM
18,Simon,schmidt,Simon schmidt,Male,,,https://ui-avatars.com/api/?name=S+s&color=FFFFFF&background=000000,ATHX BERLIN 2026,Germany 🇩🇪,2026,Male,ATHX,Endurance,,,,2.187KM,2.996KM
19,Marvin,Gedlich,Marvin Gedlich,Male,,,https://ui-avatars.com/api/?name=M+G&color=FFFFFF&background=000000,ATHX BERLIN 2026,Germany 🇩🇪,2026,Male,ATHX,Endurance,,,,2.25KM,2.93KM
20,Marc,Ewers,Marc Ewers,Male,Germany,,https://ui-avatars.com/api/?name=M+E&color=FFFFFF&background=000000,ATHX BERLIN 2026,Germany 🇩🇪,2026,Male,ATHX,Endurance,,,,2.25KM,2.927KM
21,Fritz,Theden-Schow,Fritz Theden-Schow,Male,Germany,,https://ui-avatars.com/api/?name=F+T&color=FFFFFF&background=000000,ATHX BERLIN 2026,Germany 🇩🇪,2026,Male,ATHX,Endurance,,,,2.25KM,2.925KM
21,Louis Aisosa,Omoregbee,Louis Aisosa Omoregbee,Male,,,https://ui-avatars.com/api/?name=L+A+O&color=FFFFFF&background=000000,ATHX BERLIN 2026,Germany 🇩🇪,2026,Male,ATHX,Endurance,,,,2.25KM,2.925KM
23,Maxime,Pracisnore,Maxime Pracisnore,Male,,,https://ui-avatars.com/api/?name=M+P&color=FFFFFF&background=000000,ATHX BERLIN 2026,Germany 🇩🇪,2026,Male,ATHX,Endurance,,,,2.506KM,2.661KM
24,Michael,Walch,Michael Walch,Male,,,https://ui-avatars.com/api/?name=M+W&color=FFFFFF&background=000000,ATHX BERLIN 2026,Germany 🇩🇪,2026,Male,ATHX,Endurance,,,,2.25KM,2.913KM
25,Luis,Willer,Luis Willer,Male,,,https://ui-avatars.com/api/?name=L+W&color=FFFFFF&background=000000,ATHX BERLIN 2026,Germany 🇩🇪,2026,Male,ATHX,Endurance,,,,2.25KM,2.907KM
26,Felix Michael,Müller,Felix Michael Müller,Male,,,https://ui-avatars.com/api/?name=F+M+M&color=FFFFFF&background=000000,ATHX BERLIN 2026,Germany 🇩🇪,2026,Male,ATHX,Endurance,,,,2.25KM,2.902KM
27,Tom,Grindel,Tom Grindel,Male,United Kingdom,TBL,https://athxgames.com/storage/profile-photos/tXGDJrnpzyBLm00BHpAJqiezYhjbB4oA8txZoOYb.jpg,ATHX BERLIN 2026,Germany 🇩🇪,2026,Male,ATHX,Endurance,,,,2.25KM,2.901KM
28,Leo Marcello,Polack,Leo Marcello Polack,Male,,,https://ui-avatars.com/api/?name=L+M+P&color=FFFFFF&background=000000,ATHX BERLIN 2026,Germany 🇩🇪,2026,Male,ATHX,Endurance,,,,2.25KM,2.895KM
29,Jeremy,Kausel,Jeremy Kausel,Male,,,https://ui-avatars.com/api/?name=J+K&color=FFFFFF&background=000000,ATHX BERLIN 2026,Germany 🇩🇪,2026,Male,ATHX,Endurance,,,,2.33KM,2.81KM
30,Daniel,Birca,Daniel Birca,Male,,,https://athxgames.com/storage/profile-photos/zPsHJCMXThyvseOIuCEbb5dSBiBFLKDgBgn5BqPy.jpg,ATHX BERLIN 2026,Germany 🇩🇪,2026,Male,ATHX,Endurance,,,,1.888KM,3.242KM
31,Federico,Benedetti,Federico Benedetti,Male,Italy,bennisundae,https://ui-avatars.com/api/?name=F+B&color=FFFFFF&background=000000,ATHX BERLIN 2026,Germany 🇩🇪,2026,Male,ATHX,Endurance,,,,2.25KM,2.878KM
32,Fabian,Bullack,Fabian Bullack,Male,,,https://ui-avatars.com/api/?name=F+B&color=FFFFFF&background=000000,ATHX BERLIN 2026,Germany 🇩🇪,2026,Male,ATHX,Endurance,,,,2.107KM,3.012KM
33,Jan,Koch,Jan Koch,Male,,,https://ui-avatars.com/api/?name=J+K&color=FFFFFF&background=000000,ATHX BERLIN 2026,Germany 🇩🇪,2026,Male,ATHX,Endurance,,,,2.25KM,2.864KM
34,Simone,Tavarani,Simone Tavarani,Male,Italy,,https://ui-avatars.com/api/?name=S+T&color=FFFFFF&background=000000,ATHX BERLIN 2026,Germany 🇩🇪,2026,Male,ATHX,Endurance,,,,2.25KM,2.862KM
35,Zbigniew,Moltzan,Zbigniew Moltzan,Male,Poland,Enklawa Torun,https://ui-avatars.com/api/?name=Z+M&color=FFFFFF&background=000000,ATHX BERLIN 2026,Germany 🇩🇪,2026,Male,ATHX,Endurance,,,,2.209KM,2.896KM
36,Malte,Sieger,Malte Sieger,Male,,,https://athxgames.com/storage/profile-photos/ZTR8xVgWiJPn6L5dbyy7HVOgGldBPiHJHMuA3RKc.jpg,ATHX BERLIN 2026,Germany 🇩🇪,2026,Male,ATHX,Endurance,,,,2.25KM,2.847KM
37,Max,Anossow,Max Anossow,Male,,,https://ui-avatars.com/api/?name=M+A&color=FFFFFF&background=000000,ATHX BERLIN 2026,Germany 🇩🇪,2026,Male,ATHX,Endurance,,,,2.25KM,2.846KM
38,Sami,Mardnli,Sami Mardnli,Male,,,https://ui-avatars.com/api/?name=S+M&color=FFFFFF&background=000000,ATHX BERLIN 2026,Germany 🇩🇪,2026,Male,ATHX,Endurance,,,,2.25KM,2.843KM
39,Dan,Baaken,Dan Baaken,Male,,,https://ui-avatars.com/api/?name=D+B&color=FFFFFF&background=000000,ATHX BERLIN 2026,Germany 🇩🇪,2026,Male,ATHX,Endurance,,,,2.091KM,3.001KM
40,Jonathan,Bunel joly,Jonathan Bunel joly,Male,France,,https://ui-avatars.com/api/?name=J+B+j&color=FFFFFF&background=000000,ATHX BERLIN 2026,Germany 🇩🇪,2026,Male,ATHX,Endurance,,,,1.666KM,3.424KM
40,Lars,Kortenbach,Lars Kortenbach,Male,,,https://ui-avatars.com/api/?name=L+K&color=FFFFFF&background=000000,ATHX BERLIN 2026,Germany 🇩🇪,2026,Male,ATHX,Endurance,,,,2.25KM,2.84KM
42,Marcel,Schreiber,Marcel Schreiber,Male,,,https://ui-avatars.com/api/?name=M+S&color=FFFFFF&background=000000,ATHX BERLIN 2026,Germany 🇩🇪,2026,Male,ATHX,Endurance,,,,1.693KM,3.389KM
43,Dirk,Heinze,Dirk Heinze,Male,Germany,Adidas Sports Base (Beats & Burpees),https://athxgames.com/storage/profile-photos/dvxkQTD5yox0UDSBZCimNDNN8XajRQ6qcRVGMoZn.jpg,ATHX BERLIN 2026,Germany 🇩🇪,2026,Male,ATHX,Endurance,,,,2.34KM,2.741KM
43,Liam,Eldridge,Liam Eldridge,Male,United Kingdom,Liam Eldridge,https://athxgames.com/storage/profile-photos/sgRVRv0WoiPH3i254Xv8JqQHIHvuoBE1iENxntmR.jpg,ATHX BERLIN 2026,Germany 🇩🇪,2026,Male,ATHX,Endurance,,,,2KM,3.081KM
45,Kamil,Burkhanov,Kamil Burkhanov,Male,,,https://athxgames.com/storage/profile-photos/lIw6iEJ5VM3m5OKaz4KzQ2DYXfHIqhYBWn36mr5M.jpg,ATHX BERLIN 2026,Germany 🇩🇪,2026,Male,ATHX,Endurance,,,,1.933KM,3.129KM
46,Florian,Kowalczyk,Florian Kowalczyk,Male,,,https://ui-avatars.com/api/?name=F+K&color=FFFFFF&background=000000,ATHX BERLIN 2026,Germany 🇩🇪,2026,Male,ATHX,Endurance,,,,2.25KM,2.807KM
46,Luca,Hardt,Luca Hardt,Male,,,https://ui-avatars.com/api/?name=L+H&color=FFFFFF&background=000000,ATHX BERLIN 2026,Germany 🇩🇪,2026,Male,ATHX,Endurance,,,,1.54KM,3.517KM
48,Nicolas,Cichos,Nicolas Cichos,Male,,,https://ui-avatars.com/api/?name=N+C&color=FFFFFF&background=000000,ATHX BERLIN 2026,Germany 🇩🇪,2026,Male,ATHX,Endurance,,,,2.25KM,2.791KM
49,Chris,Pawson,Chris Pawson,Male,,,https://ui-avatars.com/api/?name=C+P&color=FFFFFF&background=000000,ATHX BERLIN 2026,Germany 🇩🇪,2026,Male,ATHX,Endurance,,,,2.229KM,2.811KM
50,Florian,Schatz,Florian Schatz,Male,,CrossFit Frauenfeld,https://athxgames.com/storage/profile-photos/CSZmFdryimln4x8k6xWSLlIeJWVbFeIgQ88Cqtw2.jpg,ATHX BERLIN 2026,Germany 🇩🇪,2026,Male,ATHX,Endurance,,,,2.25KM,2.767KM
50,Joel,Hill,Joel Hill,Male,Canada,,https://ui-avatars.com/api/?name=J+H&color=FFFFFF&background=000000,ATHX BERLIN 2026,Germany 🇩🇪,2026,Male,ATHX,Endurance,,,,1.911KM,3.106KM
52,Sébastien,Petit,Sébastien Petit,Male,,,https://athxgames.com/storage/profile-photos/3CGjIpFjOt9tlr1hw611dCfJC8OIHPAoc9uQoYmN.jpg,ATHX BERLIN 2026,Germany 🇩🇪,2026,Male,ATHX,Endurance,,,,2.25KM,2.765KM
53,Jona,Kozmin,Jona Kozmin,Male,Germany,,https://ui-avatars.com/api/?name=J+K&color=FFFFFF&background=000000,ATHX BERLIN 2026,Germany 🇩🇪,2026,Male,ATHX,Endurance,,,,2.25KM,2.763KM
54,Jan-Niclas,Faasch,Jan-Niclas Faasch,Male,,,https://ui-avatars.com/api/?name=J+F&color=FFFFFF&background=000000,ATHX BERLIN 2026,Germany 🇩🇪,2026,Male,ATHX,Endurance,,,,2.25KM,2.762KM
55,Marek,Rok,Marek Rok,Male,,,https://ui-avatars.com/api/?name=M+R&color=FFFFFF&background=000000,ATHX BERLIN 2026,Germany 🇩🇪,2026,Male,ATHX,Endurance,,,,2.052KM,2.947KM
56,Bruno,Alves,Bruno Alves,Male,Portugal,,https://ui-avatars.com/api/?name=B+A&color=FFFFFF&background=000000,ATHX BERLIN 2026,Germany 🇩🇪,2026,Male,ATHX,Endurance,,,,2.25KM,2.748KM
57,Luca,Hofmann,Luca Hofmann,Male,Germany,,https://ui-avatars.com/api/?name=L+H&color=FFFFFF&background=000000,ATHX BERLIN 2026,Germany 🇩🇪,2026,Male,ATHX,Endurance,,,,2.25KM,2.737KM
58,Hugo,Heid,Hugo Heid,Male,,,https://ui-avatars.com/api/?name=H+H&color=FFFFFF&background=000000,ATHX BERLIN 2026,Germany 🇩🇪,2026,Male,ATHX,Endurance,,,,2.25KM,2.732KM
59,Eric,Brockmann,Eric Brockmann,Male,,,https://ui-avatars.com/api/?name=E+B&color=FFFFFF&background=000000,ATHX BERLIN 2026,Germany 🇩🇪,2026,Male,ATHX,Endurance,,,,1.627KM,3.351KM
60,Tayfun,Simsek,Tayfun Simsek,Male,Palestine,bhc.club,https://athxgames.com/storage/profile-photos/Fylye2GA1EXMm9bdNFnJQJbUJJ6Id8T1D6HHEAZV.jpg,ATHX BERLIN 2026,Germany 🇩🇪,2026,Male,ATHX,Endurance,,,,2.087KM,2.889KM
61,Till,Wintgen,Till Wintgen,Male,,,https://ui-avatars.com/api/?name=T+W&color=FFFFFF&background=000000,ATHX BERLIN 2026,Germany 🇩🇪,2026,Male,ATHX,Endurance,,,,2.112KM,2.863KM
62,David,Stein,David Stein,Male,,,https://ui-avatars.com/api/?name=D+S&color=FFFFFF&background=000000,ATHX BERLIN 2026,Germany 🇩🇪,2026,Male,ATHX,Endurance,,,,1.596KM,3.375KM
63,Daniel,Kochmann,Daniel Kochmann,Male,,,https://ui-avatars.com/api/?name=D+K&color=FFFFFF&background=000000,ATHX BERLIN 2026,Germany 🇩🇪,2026,Male,ATHX,Endurance,,,,2.059KM,2.909KM
64,sebastian,cifuentes,sebastian cifuentes,Male,,,https://ui-avatars.com/api/?name=s+c&color=FFFFFF&background=000000,ATHX BERLIN 2026,Germany 🇩🇪,2026,Male,ATHX,Endurance,,,,2.103KM,2.861KM
65,Jean-Maxime,Rivière,Jean-Maxime Rivière,Male,,,https://ui-avatars.com/api/?name=J+R&color=FFFFFF&background=000000,ATHX BERLIN 2026,Germany 🇩🇪,2026,Male,ATHX,Endurance,,,,1.861KM,3.101KM
66,Szymon,Sekula,Szymon Sekula,Male,,,https://ui-avatars.com/api/?name=S+S&color=FFFFFF&background=000000,ATHX BERLIN 2026,Germany 🇩🇪,2026,Male,ATHX,Endurance,,,,2.25KM,2.711KM
66,Dischner,Korbinian,Dischner Korbinian,Male,,,https://ui-avatars.com/api/?name=D+K&color=FFFFFF&background=000000,ATHX BERLIN 2026,Germany 🇩🇪,2026,Male,ATHX,Endurance,,,,1.5KM,3.461KM
68,Maximilian,Köckritz,Maximilian Köckritz,Male,Germany,CrossFit Cham,https://ui-avatars.com/api/?name=M+K&color=FFFFFF&background=000000,ATHX BERLIN 2026,Germany 🇩🇪,2026,Male,ATHX,Endurance,,,,1.627KM,3.332KM
69,Kristian,Czyz,Kristian Czyz,Male,,,https://ui-avatars.com/api/?name=K+C&color=FFFFFF&background=000000,ATHX BERLIN 2026,Germany 🇩🇪,2026,Male,ATHX,Endurance,,,,2.25KM,2.706KM
70,Mateusz,Florczak,Mateusz Florczak,Male,,,https://ui-avatars.com/api/?name=M+F&color=FFFFFF&background=000000,ATHX BERLIN 2026,Germany 🇩🇪,2026,Male,ATHX,Endurance,,,,1.949KM,2.999KM
71,Tim,Wiedenmann,Tim Wiedenmann,Male,,,https://ui-avatars.com/api/?name=T+W&color=FFFFFF&background=000000,ATHX BERLIN 2026,Germany 🇩🇪,2026,Male,ATHX,Endurance,,,,2.389KM,2.557KM
72,Filip,Antoszewski,Filip Antoszewski,Male,,,https://ui-avatars.com/api/?name=F+A&color=FFFFFF&background=000000,ATHX BERLIN 2026,Germany 🇩🇪,2026,Male,ATHX,Endurance,,,,2.25KM,2.689KM
73,Daniel,Blank,Daniel Blank,Male,,,https://ui-avatars.com/api/?name=D+B&color=FFFFFF&background=000000,ATHX BERLIN 2026,Germany 🇩🇪,2026,Male,ATHX,Endurance,,,,1.5KM,3.432KM
74,Aliaksandr,Kochneu,Aliaksandr Kochneu,Male,Belarus,,https://ui-avatars.com/api/?name=A+K&color=FFFFFF&background=000000,ATHX BERLIN 2026,Germany 🇩🇪,2026,Male,ATHX,Endurance,,,,2.25KM,2.68KM
75,Nico,Bremer,Nico Bremer,Male,,,https://ui-avatars.com/api/?name=N+B&color=FFFFFF&background=000000,ATHX BERLIN 2026,Germany 🇩🇪,2026,Male,ATHX,Endurance,,,,2.25KM,2.678KM
76,Sebastian,Whitton,Sebastian Whitton,Male,United Kingdom,,https://athxgames.com/storage/profile-photos/n9mz67jfDdAeVle0yMnwI4qMJapQvSTNVvZrk4QS.jpg,ATHX BERLIN 2026,Germany 🇩🇪,2026,Male,ATHX,Endurance,,,,1.718KM,3.209KM
77,Florian,Koehler,Florian Koehler,Male,,,https://ui-avatars.com/api/?name=F+K&color=FFFFFF&background=000000,ATHX BERLIN 2026,Germany 🇩🇪,2026,Male,ATHX,Endurance,,,,2.107KM,2.819KM
78,Robert,Steinberg,Robert Steinberg,Male,,,https://ui-avatars.com/api/?name=R+S&color=FFFFFF&background=000000,ATHX BERLIN 2026,Germany 🇩🇪,2026,Male,ATHX,Endurance,,,,1.954KM,2.968KM
78,Omar,Baritello,Omar Baritello,Male,Italy,3 ZONE TRAINING - FUNCTIONAL GYM POTSDAM,https://ui-avatars.com/api/?name=O+B&color=FFFFFF&background=000000,ATHX BERLIN 2026,Germany 🇩🇪,2026,Male,ATHX,Endurance,,,,2.25KM,2.672KM
80,Benjamin,Lux,Benjamin Lux,Male,,,https://ui-avatars.com/api/?name=B+L&color=FFFFFF&background=000000,ATHX BERLIN 2026,Germany 🇩🇪,2026,Male,ATHX,Endurance,,,,1.5KM,3.421KM
81,Brooklyn,Lange,Brooklyn Lange,Male,,,https://ui-avatars.com/api/?name=B+L&color=FFFFFF&background=000000,ATHX BERLIN 2026,Germany 🇩🇪,2026,Male,ATHX,Endurance,,,,2.25KM,2.657KM
82,Deniz,Galander,Deniz Galander,Male,Germany,,https://ui-avatars.com/api/?name=D+G&color=FFFFFF&background=000000,ATHX BERLIN 2026,Germany 🇩🇪,2026,Male,ATHX,Endurance,,,,1.768KM,3.137KM
83,Franz,Gratz,Franz Gratz,Male,,,https://ui-avatars.com/api/?name=F+G&color=FFFFFF&background=000000,ATHX BERLIN 2026,Germany 🇩🇪,2026,Male,ATHX,Endurance,,,,2.25KM,2.65KM
84,Andreas,Stenberg,Andreas Stenberg,Male,,,https://ui-avatars.com/api/?name=A+S&color=FFFFFF&background=000000,ATHX BERLIN 2026,Germany 🇩🇪,2026,Male,ATHX,Endurance,,,,1.992KM,2.9KM
84,Michal,Schwarz,Michal Schwarz,Male,Czech Republic,,https://ui-avatars.com/api/?name=M+S&color=FFFFFF&background=000000,ATHX BERLIN 2026,Germany 🇩🇪,2026,Male,ATHX,Endurance,,,,1.5KM,3.392KM
86,Martin,Hennig,Martin Hennig,Male,,,https://ui-avatars.com/api/?name=M+H&color=FFFFFF&background=000000,ATHX BERLIN 2026,Germany 🇩🇪,2026,Male,ATHX,Endurance,,,,2.25KM,2.639KM
87,Lengsfeld,Maximilian,Lengsfeld Maximilian,Male,Germany,Joy Fitness Schwerin,https://athxgames.com/storage/profile-photos/Xj4k0EnHpXEwpBQs4zgh1d4WvwZgb3R9LEmbo8Dg.jpg,ATHX BERLIN 2026,Germany 🇩🇪,2026,Male,ATHX,Endurance,,,,2.25KM,2.637KM
88,Peter,Jonas,Peter Jonas,Male,,,https://ui-avatars.com/api/?name=P+J&color=FFFFFF&background=000000,ATHX BERLIN 2026,Germany 🇩🇪,2026,Male,ATHX,Endurance,,,,1.847KM,3.037KM
89,Marten,Kiersch,Marten Kiersch,Male,,,https://ui-avatars.com/api/?name=M+K&color=FFFFFF&background=000000,ATHX BERLIN 2026,Germany 🇩🇪,2026,Male,ATHX,Endurance,,,,1.588KM,3.292KM
90,Marcel,Wichert,Marcel Wichert,Male,Germany,CrossFit MINS,https://ui-avatars.com/api/?name=M+W&color=FFFFFF&background=000000,ATHX BERLIN 2026,Germany 🇩🇪,2026,Male,ATHX,Endurance,,,,2.25KM,2.625KM
91,Luis,Recinos,Luis Recinos,Male,,,https://ui-avatars.com/api/?name=L+R&color=FFFFFF&background=000000,ATHX BERLIN 2026,Germany 🇩🇪,2026,Male,ATHX,Endurance,,,,2.25KM,2.624KM
92,Ole,Petschner,Ole Petschner,Male,,,https://ui-avatars.com/api/?name=O+P&color=FFFFFF&background=000000,ATHX BERLIN 2026,Germany 🇩🇪,2026,Male,ATHX,Endurance,,,,2.25KM,2.612KM
93,Jens,Nordmeier,Jens Nordmeier,Male,,,https://ui-avatars.com/api/?name=J+N&color=FFFFFF&background=000000,ATHX BERLIN 2026,Germany 🇩🇪,2026,Male,ATHX,Endurance,,,,2.25KM,2.606KM
94,Daniel,Alvarado,Daniel Alvarado,Male,,,https://ui-avatars.com/api/?name=D+A&color=FFFFFF&background=000000,ATHX BERLIN 2026,Germany 🇩🇪,2026,Male,ATHX,Endurance,,,,2.25KM,2.601KM
94,Burak,Kara,Burak Kara,Male,,,https://athxgames.com/storage/profile-photos/ownkdlOIVvhmAbC91R3tAXtuCW95QesVVeQfniI2.jpg,ATHX BERLIN 2026,Germany 🇩🇪,2026,Male,ATHX,Endurance,,,,1.5KM,3.351KM
96,Sergio,Kaiser,Sergio Kaiser,Male,Germany,AC Bavaria Forchheim 1908 e.V.,https://ui-avatars.com/api/?name=S+K&color=FFFFFF&background=000000,ATHX BERLIN 2026,Germany 🇩🇪,2026,Male,ATHX,Endurance,,,,1.852KM,2.994KM
97,Pascal,Giger,Pascal Giger,Male,,,https://ui-avatars.com/api/?name=P+G&color=FFFFFF&background=000000,ATHX BERLIN 2026,Germany 🇩🇪,2026,Male,ATHX,Endurance,,,,2.25KM,2.591KM
98,Leon,Horn,Leon Horn,Male,,,https://ui-avatars.com/api/?name=L+H&color=FFFFFF&background=000000,ATHX BERLIN 2026,Germany 🇩🇪,2026,Male,ATHX,Endurance,,,,1.939KM,2.9KM
99,Martin,Dahlman,Martin Dahlman,Male,,,https://ui-avatars.com/api/?name=M+D&color=FFFFFF&background=000000,ATHX BERLIN 2026,Germany 🇩🇪,2026,Male,ATHX,Endurance,,,,2.25KM,2.584KM
100,Denis,Rduch,Denis Rduch,Male,Germany,Stronghold - Kettlebell Strength,https://ui-avatars.com/api/?name=D+R&color=FFFFFF&background=000000,ATHX BERLIN 2026,Germany 🇩🇪,2026,Male,ATHX,Endurance,,,,2.25KM,2.58KM
101,Patrick,Röhrl,Patrick Röhrl,Male,,,https://ui-avatars.com/api/?name=P+R&color=FFFFFF&background=000000,ATHX BERLIN 2026,Germany 🇩🇪,2026,Male,ATHX,Endurance,,,,2.25KM,2.566KM
102,Christopher,Funk,Christopher Funk,Male,,,https://athxgames.com/storage/profile-photos/ey0URRxsU8nQAEs6mhgNPnUU7REENH0sBKvkCQ3p.jpg,ATHX BERLIN 2026,Germany 🇩🇪,2026,Male,ATHX,Endurance,,,,1.695KM,3.119KM
103,Filip,Schade,Filip Schade,Male,,,https://ui-avatars.com/api/?name=F+S&color=FFFFFF&background=000000,ATHX BERLIN 2026,Germany 🇩🇪,2026,Male,ATHX,Endurance,,,,1.5KM,3.304KM
104,Marcel,Weise,Marcel Weise,Male,,,https://ui-avatars.com/api/?name=M+W&color=FFFFFF&background=000000,ATHX BERLIN 2026,Germany 🇩🇪,2026,Male,ATHX,Endurance,,,,2.25KM,2.549KM
105,Vangelis,Papanikolaou,Vangelis Papanikolaou,Male,,,https://ui-avatars.com/api/?name=V+P&color=FFFFFF&background=000000,ATHX BERLIN 2026,Germany 🇩🇪,2026,Male,ATHX,Endurance,,,,1.952KM,2.84KM
106,Felix,Gotsch,Felix Gotsch,Male,,,https://ui-avatars.com/api/?name=F+G&color=FFFFFF&background=000000,ATHX BERLIN 2026,Germany 🇩🇪,2026,Male,ATHX,Endurance,,,,2.25KM,2.536KM
107,Manuel,Stepanow,Manuel Stepanow,Male,Germany,CrossFit Frankfurt,https://ui-avatars.com/api/?name=M+S&color=FFFFFF&background=000000,ATHX BERLIN 2026,Germany 🇩🇪,2026,Male,ATHX,Endurance,,,,1.5KM,3.277KM
108,Adam,Dadok,Adam Dadok,Male,,,https://ui-avatars.com/api/?name=A+D&color=FFFFFF&background=000000,ATHX BERLIN 2026,Germany 🇩🇪,2026,Male,ATHX,Endurance,,,,2.25KM,2.525KM
109,Szabolcs,Lukacs,Szabolcs Lukacs,Male,,,https://ui-avatars.com/api/?name=S+L&color=FFFFFF&background=000000,ATHX BERLIN 2026,Germany 🇩🇪,2026,Male,ATHX,Endurance,,,,2.044KM,2.727KM
109,Gabriel,Lichtenstein,Gabriel Lichtenstein,Male,,,https://ui-avatars.com/api/?name=G+L&color=FFFFFF&background=000000,ATHX BERLIN 2026,Germany 🇩🇪,2026,Male,ATHX,Endurance,,,,2.429KM,2.342KM
111,Steven,Roese,Steven Roese,Male,,,https://ui-avatars.com/api/?name=S+R&color=FFFFFF&background=000000,ATHX BERLIN 2026,Germany 🇩🇪,2026,Male,ATHX,Endurance,,,,2.25KM,2.52KM
112,Christian,Schnur,Christian Schnur,Male,Germany,Heidekreis Athletik,https://ui-avatars.com/api/?name=C+S&color=FFFFFF&background=000000,ATHX BERLIN 2026,Germany 🇩🇪,2026,Male,ATHX,Endurance,,,,1.5KM,3.268KM
113,Cedric,LEJARD,Cedric LEJARD,Male,,Crossfit Rive gauche,https://athxgames.com/storage/profile-photos/JAT3O7v0bB1KvxgublKd9RmVU40wPsWoyU7O7zFD.jpg,ATHX BERLIN 2026,Germany 🇩🇪,2026,Male,ATHX,Endurance,,,,2.114KM,2.653KM
114,Lars,Neumann,Lars Neumann,Male,,,https://ui-avatars.com/api/?name=L+N&color=FFFFFF&background=000000,ATHX BERLIN 2026,Germany 🇩🇪,2026,Male,ATHX,Endurance,,,,2.25KM,2.507KM
115,Drew,Pronko,Drew Pronko,Male,United States,,https://ui-avatars.com/api/?name=D+P&color=FFFFFF&background=000000,ATHX BERLIN 2026,Germany 🇩🇪,2026,Male,ATHX,Endurance,,,,2.25KM,2.506KM
116,Tim,Weyland,Tim Weyland,Male,Germany,CROSSFIT MIT SCHMACKES,https://ui-avatars.com/api/?name=T+W&color=FFFFFF&background=000000,ATHX BERLIN 2026,Germany 🇩🇪,2026,Male,ATHX,Endurance,,,,2.25KM,2.505KM
116,Henning,Reimers,Henning Reimers,Male,,,https://ui-avatars.com/api/?name=H+R&color=FFFFFF&background=000000,ATHX BERLIN 2026,Germany 🇩🇪,2026,Male,ATHX,Endurance,,,,1.5KM,3.255KM
118,Raffaele,Del piano,Raffaele Del piano,Male,,,https://ui-avatars.com/api/?name=R+D+p&color=FFFFFF&background=000000,ATHX BERLIN 2026,Germany 🇩🇪,2026,Male,ATHX,Endurance,,,,2.139KM,2.61KM
119,sefer ahmet,özkan,sefer ahmet özkan,Male,,,https://ui-avatars.com/api/?name=s+a+%C3%B6&color=FFFFFF&background=000000,ATHX BERLIN 2026,Germany 🇩🇪,2026,Male,ATHX,Endurance,,,,1.55KM,3.198KM
120,Florian,Meier,Florian Meier,Male,Germany,Riginal Crossfit Nürnberg,https://ui-avatars.com/api/?name=F+M&color=FFFFFF&background=000000,ATHX BERLIN 2026,Germany 🇩🇪,2026,Male,ATHX,Endurance,,,,1.5KM,3.246KM
121,Kevin,Weltzien,Kevin Weltzien,Male,Germany,21highcrossschwerin,https://ui-avatars.com/api/?name=K+W&color=FFFFFF&background=000000,ATHX BERLIN 2026,Germany 🇩🇪,2026,Male,ATHX,Endurance,,,,2.249KM,2.495KM
122,Anatoli,Guschan,Anatoli Guschan,Male,Germany,Crossfit Paderborn,https://ui-avatars.com/api/?name=A+G&color=FFFFFF&background=000000,ATHX BERLIN 2026,Germany 🇩🇪,2026,Male,ATHX,Endurance,,,,1.5KM,3.243KM
123,Marco,Scardino,Marco Scardino,Male,,,https://ui-avatars.com/api/?name=M+S&color=FFFFFF&background=000000,ATHX BERLIN 2026,Germany 🇩🇪,2026,Male,ATHX,Endurance,,,,1.5KM,3.237KM
124,Jannes,Stubbemann,Jannes Stubbemann,Male,,,https://ui-avatars.com/api/?name=J+S&color=FFFFFF&background=000000,ATHX BERLIN 2026,Germany 🇩🇪,2026,Male,ATHX,Endurance,,,,2.163KM,2.568KM
125,Arne,Knüppel,Arne Knüppel,Male,,,https://ui-avatars.com/api/?name=A+K&color=FFFFFF&background=000000,ATHX BERLIN 2026,Germany 🇩🇪,2026,Male,ATHX,Endurance,,,,2.25KM,2.479KM
126,Michael,Bartsch,Michael Bartsch,Male,,,https://ui-avatars.com/api/?name=M+B&color=FFFFFF&background=000000,ATHX BERLIN 2026,Germany 🇩🇪,2026,Male,ATHX,Endurance,,,,1.5KM,3.227KM
127,Malte,Frontzek,Malte Frontzek,Male,,,https://ui-avatars.com/api/?name=M+F&color=FFFFFF&background=000000,ATHX BERLIN 2026,Germany 🇩🇪,2026,Male,ATHX,Endurance,,,,2.25KM,2.474KM
128,Alexander,Hespeler,Alexander Hespeler,Male,,,https://ui-avatars.com/api/?name=A+H&color=FFFFFF&background=000000,ATHX BERLIN 2026,Germany 🇩🇪,2026,Male,ATHX,Endurance,,,,2.096KM,2.626KM
129,Armin,Uhl,Armin Uhl,Male,,,https://ui-avatars.com/api/?name=A+U&color=FFFFFF&background=000000,ATHX BERLIN 2026,Germany 🇩🇪,2026,Male,ATHX,Endurance,,,,1.5KM,3.221KM
130,Hannes,Röhrle,Hannes Röhrle,Male,,,https://ui-avatars.com/api/?name=H+R&color=FFFFFF&background=000000,ATHX BERLIN 2026,Germany 🇩🇪,2026,Male,ATHX,Endurance,,,,1.645KM,3.068KM
131,Martin,Prasch,Martin Prasch,Male,,,https://ui-avatars.com/api/?name=M+P&color=FFFFFF&background=000000,ATHX BERLIN 2026,Germany 🇩🇪,2026,Male,ATHX,Endurance,,,,1.5KM,3.21KM
132,Marcel,M,Marcel M,Male,,,https://ui-avatars.com/api/?name=M+M&color=FFFFFF&background=000000,ATHX BERLIN 2026,Germany 🇩🇪,2026,Male,ATHX,Endurance,,,,2.25KM,2.459KM
133,Christoph,Depner,Christoph Depner,Male,,,https://ui-avatars.com/api/?name=C+D&color=FFFFFF&background=000000,ATHX BERLIN 2026,Germany 🇩🇪,2026,Male,ATHX,Endurance,,,,2.25KM,2.451KM
134,Leon,Hütter,Leon Hütter,Male,Germany,,https://ui-avatars.com/api/?name=L+H&color=FFFFFF&background=000000,ATHX BERLIN 2026,Germany 🇩🇪,2026,Male,ATHX,Endurance,,,,2KM,2.7KM
135,Benjamin,Wilck,Benjamin Wilck,Male,,,https://ui-avatars.com/api/?name=B+W&color=FFFFFF&background=000000,ATHX BERLIN 2026,Germany 🇩🇪,2026,Male,ATHX,Endurance,,,,1.5KM,3.195KM
136,Markus,Oesteritz,Markus Oesteritz,Male,,,https://ui-avatars.com/api/?name=M+O&color=FFFFFF&background=000000,ATHX BERLIN 2026,Germany 🇩🇪,2026,Male,ATHX,Endurance,,,,1.57KM,3.119KM
137,Alexander,Hien,Alexander Hien,Male,,,https://ui-avatars.com/api/?name=A+H&color=FFFFFF&background=000000,ATHX BERLIN 2026,Germany 🇩🇪,2026,Male,ATHX,Endurance,,,,1.5KM,3.188KM
138,Felix,Fischer,Felix Fischer,Male,,,https://ui-avatars.com/api/?name=F+F&color=FFFFFF&background=000000,ATHX BERLIN 2026,Germany 🇩🇪,2026,Male,ATHX,Endurance,,,,2.136KM,2.548KM
139,Martin,Michelius,Martin Michelius,Male,,,https://ui-avatars.com/api/?name=M+M&color=FFFFFF&background=000000,ATHX BERLIN 2026,Germany 🇩🇪,2026,Male,ATHX,Endurance,,,,2.25KM,2.433KM
140,Enzo,Helbling,Enzo Helbling,Male,Switzerland,,https://ui-avatars.com/api/?name=E+H&color=FFFFFF&background=000000,ATHX BERLIN 2026,Germany 🇩🇪,2026,Male,ATHX,Endurance,,,,1.5KM,3.18KM
141,Juri,Maier,Juri Maier,Male,,,https://ui-avatars.com/api/?name=J+M&color=FFFFFF&background=000000,ATHX BERLIN 2026,Germany 🇩🇪,2026,Male,ATHX,Endurance,,,,2.25KM,2.429KM
142,Frederic,Ruppel,Frederic Ruppel,Male,Germany,Amity Athletics,https://ui-avatars.com/api/?name=F+R&color=FFFFFF&background=000000,ATHX BERLIN 2026,Germany 🇩🇪,2026,Male,ATHX,Endurance,,,,1.5KM,3.173KM
143,Florian,Sebald,Florian Sebald,Male,,,https://ui-avatars.com/api/?name=F+S&color=FFFFFF&background=000000,ATHX BERLIN 2026,Germany 🇩🇪,2026,Male,ATHX,Endurance,,,,1.5KM,3.17KM
143,Hannes,Tüllmann,Hannes Tüllmann,Male,,,https://ui-avatars.com/api/?name=H+T&color=FFFFFF&background=000000,ATHX BERLIN 2026,Germany 🇩🇪,2026,Male,ATHX,Endurance,,,,1.727KM,2.943KM
145,Henry,Kaschel,Henry Kaschel,Male,,,https://athxgames.com/storage/profile-photos/1WBevumJsVKFdAHV5aKdNqzHoYKnHM1ix3vE7zeH.jpg,ATHX BERLIN 2026,Germany 🇩🇪,2026,Male,ATHX,Endurance,,,,1.818KM,2.849KM
145,Alexander,Ebert,Alexander Ebert,Male,,,https://ui-avatars.com/api/?name=A+E&color=FFFFFF&background=000000,ATHX BERLIN 2026,Germany 🇩🇪,2026,Male,ATHX,Endurance,,,,2.25KM,2.417KM
147,Dave,Gummelt,Dave Gummelt,Male,,,https://ui-avatars.com/api/?name=D+G&color=FFFFFF&background=000000,ATHX BERLIN 2026,Germany 🇩🇪,2026,Male,ATHX,Endurance,,,,1.936KM,2.73KM
148,Alexander,Irmscher,Alexander Irmscher,Male,Germany,Athletik Club Konstanz,https://athxgames.com/storage/profile-photos/vBvXC6ADZWsqcTmm0QjFseJtk7uq2USZFNK5pxH7.jpg,ATHX BERLIN 2026,Germany 🇩🇪,2026,Male,ATHX,Endurance,,,,2.25KM,2.415KM
149,Philipp,Schneider,Philipp Schneider,Male,,,https://ui-avatars.com/api/?name=P+S&color=FFFFFF&background=000000,ATHX BERLIN 2026,Germany 🇩🇪,2026,Male,ATHX,Endurance,,,,1.75KM,2.911KM
150,Sasha,Hinderlich,Sasha Hinderlich,Male,Germany,Welldone,https://athxgames.com/storage/profile-photos/0t83PdWIGkvZbb29EwZCp4JN6NdzBZFTpNTJAUNb.jpg,ATHX BERLIN 2026,Germany 🇩🇪,2026,Male,ATHX,Endurance,,,,1.75KM,2.9KM
151,Martin,Rapierski,Martin Rapierski,Male,,,https://ui-avatars.com/api/?name=M+R&color=FFFFFF&background=000000,ATHX BERLIN 2026,Germany 🇩🇪,2026,Male,ATHX,Endurance,,,,1.526KM,3.122KM
152,Pascal,Pech,Pascal Pech,Male,,,https://ui-avatars.com/api/?name=P+P&color=FFFFFF&background=000000,ATHX BERLIN 2026,Germany 🇩🇪,2026,Male,ATHX,Endurance,,,,1.635KM,3.011KM
153,Leon Huzeyfe,Erdal,Leon Huzeyfe Erdal,Male,,,https://ui-avatars.com/api/?name=L+H+E&color=FFFFFF&background=000000,ATHX BERLIN 2026,Germany 🇩🇪,2026,Male,ATHX,Endurance,,,,2.25KM,2.392KM
154,Eugen,Wiens,Eugen Wiens,Male,,,https://ui-avatars.com/api/?name=E+W&color=FFFFFF&background=000000,ATHX BERLIN 2026,Germany 🇩🇪,2026,Male,ATHX,Endurance,,,,1.62KM,3.021KM
155,Lukas,Quackatz,Lukas Quackatz,Male,,,https://ui-avatars.com/api/?name=L+Q&color=FFFFFF&background=000000,ATHX BERLIN 2026,Germany 🇩🇪,2026,Male,ATHX,Endurance,,,,1.364KM,3.275KM
156,Henry,Bauer,Henry Bauer,Male,,,https://ui-avatars.com/api/?name=H+B&color=FFFFFF&background=000000,ATHX BERLIN 2026,Germany 🇩🇪,2026,Male,ATHX,Endurance,,,,2.219KM,2.419KM
157,Hannes,Gey,Hannes Gey,Male,Germany,CrossFit Leipzig,https://ui-avatars.com/api/?name=H+G&color=FFFFFF&background=000000,ATHX BERLIN 2026,Germany 🇩🇪,2026,Male,ATHX,Endurance,,,,1.5KM,3.132KM
158,Erik,Olbert,Erik Olbert,Male,,,https://ui-avatars.com/api/?name=E+O&color=FFFFFF&background=000000,ATHX BERLIN 2026,Germany 🇩🇪,2026,Male,ATHX,Endurance,,,,2.25KM,2.378KM
159,Ilija,Markovic,Ilija Markovic,Male,Croatia,,https://ui-avatars.com/api/?name=I+M&color=FFFFFF&background=000000,ATHX BERLIN 2026,Germany 🇩🇪,2026,Male,ATHX,Endurance,,,,2.227KM,2.4KM
160,Tobias,Schuster,Tobias Schuster,Male,,,https://ui-avatars.com/api/?name=T+S&color=FFFFFF&background=000000,ATHX BERLIN 2026,Germany 🇩🇪,2026,Male,ATHX,Endurance,,,,2.25KM,2.376KM
161,Nils,Bind,Nils Bind,Male,,,https://ui-avatars.com/api/?name=N+B&color=FFFFFF&background=000000,ATHX BERLIN 2026,Germany 🇩🇪,2026,Male,ATHX,Endurance,,,,1.504KM,3.102KM
162,René,Marohn,René Marohn,Male,Germany,,https://ui-avatars.com/api/?name=R+M&color=FFFFFF&background=000000,ATHX BERLIN 2026,Germany 🇩🇪,2026,Male,ATHX,Endurance,,,,1.915KM,2.689KM
163,Diego,Estrada,Diego Estrada,Male,,,https://ui-avatars.com/api/?name=D+E&color=FFFFFF&background=000000,ATHX BERLIN 2026,Germany 🇩🇪,2026,Male,ATHX,Endurance,,,,2.25KM,2.352KM
164,Euan,MacRury,Euan MacRury,Male,,,https://ui-avatars.com/api/?name=E+M&color=FFFFFF&background=000000,ATHX BERLIN 2026,Germany 🇩🇪,2026,Male,ATHX,Endurance,,,,1.512KM,3.089KM
164,Bastian,Barthel,Bastian Barthel,Male,,,https://ui-avatars.com/api/?name=B+B&color=FFFFFF&background=000000,ATHX BERLIN 2026,Germany 🇩🇪,2026,Male,ATHX,Endurance,,,,1.43KM,3.171KM
166,Lukasz,Debek,Lukasz Debek,Male,Poland,Trained by Lucas,https://athxgames.com/storage/profile-photos/7UOZbv7rsQTJ6OHrvIdpqTtIc1YGp56jdcnTR0Y9.jpg,ATHX BERLIN 2026,Germany 🇩🇪,2026,Male,ATHX,Endurance,,,,1.835KM,2.764KM
167,Jana,Monin,Jana Monin,Male,,Kaifu Lodge,https://ui-avatars.com/api/?name=J+M&color=FFFFFF&background=000000,ATHX BERLIN 2026,Germany 🇩🇪,2026,Male,ATHX,Endurance,,,,2.25KM,2.346KM
168,Philipp,Pecher,Philipp Pecher,Male,,,https://ui-avatars.com/api/?name=P+P&color=FFFFFF&background=000000,ATHX BERLIN 2026,Germany 🇩🇪,2026,Male,ATHX,Endurance,,,,1.936KM,2.658KM
169,Sebastian,Brauer,Sebastian Brauer,Male,,,https://ui-avatars.com/api/?name=S+B&color=FFFFFF&background=000000,ATHX BERLIN 2026,Germany 🇩🇪,2026,Male,ATHX,Endurance,,,,1.5KM,3.089KM
169,Boubacar,Bah,Boubacar Bah,Male,,,https://ui-avatars.com/api/?name=B+B&color=FFFFFF&background=000000,ATHX BERLIN 2026,Germany 🇩🇪,2026,Male,ATHX,Endurance,,,,1.607KM,2.982KM
169,Jan,Gimbel,Jan Gimbel,Male,,,https://ui-avatars.com/api/?name=J+G&color=FFFFFF&background=000000,ATHX BERLIN 2026,Germany 🇩🇪,2026,Male,ATHX,Endurance,,,,1.649KM,2.94KM
172,Steffen,Waibel,Steffen Waibel,Male,,,https://ui-avatars.com/api/?name=S+W&color=FFFFFF&background=000000,ATHX BERLIN 2026,Germany 🇩🇪,2026,Male,ATHX,Endurance,,,,1.5KM,3.087KM
172,Nico,Schulze,Nico Schulze,Male,,,https://ui-avatars.com/api/?name=N+S&color=FFFFFF&background=000000,ATHX BERLIN 2026,Germany 🇩🇪,2026,Male,ATHX,Endurance,,,,1.52KM,3.067KM
174,Manuel,Holzmann,Manuel Holzmann,Male,,,https://ui-avatars.com/api/?name=M+H&color=FFFFFF&background=000000,ATHX BERLIN 2026,Germany 🇩🇪,2026,Male,ATHX,Endurance,,,,1.588KM,2.993KM
175,Christoph,Huber,Christoph Huber,Male,Germany,CrossFit im Woid,https://ui-avatars.com/api/?name=C+H&color=FFFFFF&background=000000,ATHX BERLIN 2026,Germany 🇩🇪,2026,Male,ATHX,Endurance,,,,2.188KM,2.391KM
176,Simon,Cichos,Simon Cichos,Male,,,https://ui-avatars.com/api/?name=S+C&color=FFFFFF&background=000000,ATHX BERLIN 2026,Germany 🇩🇪,2026,Male,ATHX,Endurance,,,,2KM,2.578KM
177,Kevin,Hoos,Kevin Hoos,Male,,,https://ui-avatars.com/api/?name=K+H&color=FFFFFF&background=000000,ATHX BERLIN 2026,Germany 🇩🇪,2026,Male,ATHX,Endurance,,,,2.368KM,2.209KM
178,Konrad,Larsen,Konrad Larsen,Male,,,https://ui-avatars.com/api/?name=K+L&color=FFFFFF&background=000000,ATHX BERLIN 2026,Germany 🇩🇪,2026,Male,ATHX,Endurance,,,,1.999KM,2.559KM
179,Simon,Rossmann,Simon Rossmann,Male,,,https://ui-avatars.com/api/?name=S+R&color=FFFFFF&background=000000,ATHX BERLIN 2026,Germany 🇩🇪,2026,Male,ATHX,Endurance,,,,2.25KM,2.303KM
180,Thies,Nicolaisen,Thies Nicolaisen,Male,,,https://ui-avatars.com/api/?name=T+N&color=FFFFFF&background=000000,ATHX BERLIN 2026,Germany 🇩🇪,2026,Male,ATHX,Endurance,,,,1.885KM,2.667KM
181,Frank,Bauer,Frank Bauer,Male,Germany,Sports Performance Klaar Kiming,https://athxgames.com/storage/profile-photos/ok6hgBDNUd5RDwtJ0PFZBdGQvltq5w3JItP0JkR4.png,ATHX BERLIN 2026,Germany 🇩🇪,2026,Male,ATHX,Endurance,,,,2.026KM,2.524KM
182,Lars,Ulbricht,Lars Ulbricht,Male,,,https://ui-avatars.com/api/?name=L+U&color=FFFFFF&background=000000,ATHX BERLIN 2026,Germany 🇩🇪,2026,Male,ATHX,Endurance,,,,1.812KM,2.737KM
183,Pit Alexander,Klepatz,Pit Alexander Klepatz,Male,Germany,CrossFit Nordlicht,https://ui-avatars.com/api/?name=P+A+K&color=FFFFFF&background=000000,ATHX BERLIN 2026,Germany 🇩🇪,2026,Male,ATHX,Endurance,,,,2.25KM,2.295KM
183,Alexander,Spießl,Alexander Spießl,Male,Germany,,https://ui-avatars.com/api/?name=A+S&color=FFFFFF&background=000000,ATHX BERLIN 2026,Germany 🇩🇪,2026,Male,ATHX,Endurance,,,,2.096KM,2.449KM
185,Finn,Crozier,Finn Crozier,Male,,,https://ui-avatars.com/api/?name=F+C&color=FFFFFF&background=000000,ATHX BERLIN 2026,Germany 🇩🇪,2026,Male,ATHX,Endurance,,,,2.25KM,2.277KM
186,Sven,Lang,Sven Lang,Male,,,https://ui-avatars.com/api/?name=S+L&color=FFFFFF&background=000000,ATHX BERLIN 2026,Germany 🇩🇪,2026,Male,ATHX,Endurance,,,,2.25KM,2.275KM
186,Thomas,Lau,Thomas Lau,Male,,,https://ui-avatars.com/api/?name=T+L&color=FFFFFF&background=000000,ATHX BERLIN 2026,Germany 🇩🇪,2026,Male,ATHX,Endurance,,,,1.815KM,2.71KM
188,Kayode,Passos,Kayode Passos,Male,Brazil,B-Sport,https://ui-avatars.com/api/?name=K+P&color=FFFFFF&background=000000,ATHX BERLIN 2026,Germany 🇩🇪,2026,Male,ATHX,Endurance,,,,2.231KM,2.292KM
189,Max,Doege,Max Doege,Male,,,https://ui-avatars.com/api/?name=M+D&color=FFFFFF&background=000000,ATHX BERLIN 2026,Germany 🇩🇪,2026,Male,ATHX,Endurance,,,,2.118KM,2.402KM
190,Jop,Siewe,Jop Siewe,Male,,,https://ui-avatars.com/api/?name=J+S&color=FFFFFF&background=000000,ATHX BERLIN 2026,Germany 🇩🇪,2026,Male,ATHX,Endurance,,,,2.159KM,2.36KM
191,Rustem,Masgutov,Rustem Masgutov,Male,,,https://ui-avatars.com/api/?name=R+M&color=FFFFFF&background=000000,ATHX BERLIN 2026,Germany 🇩🇪,2026,Male,ATHX,Endurance,,,,1.696KM,2.822KM
192,Jan,Danowski,Jan Danowski,Male,,,https://ui-avatars.com/api/?name=J+D&color=FFFFFF&background=000000,ATHX BERLIN 2026,Germany 🇩🇪,2026,Male,ATHX,Endurance,,,,1.515KM,3.001KM
193,Andreas,Wikström,Andreas Wikström,Male,,,https://ui-avatars.com/api/?name=A+W&color=FFFFFF&background=000000,ATHX BERLIN 2026,Germany 🇩🇪,2026,Male,ATHX,Endurance,,,,2.25KM,2.263KM
194,Igor,Roller,Igor Roller,Male,Germany,,https://ui-avatars.com/api/?name=I+R&color=FFFFFF&background=000000,ATHX BERLIN 2026,Germany 🇩🇪,2026,Male,ATHX,Endurance,,,,2.25KM,2.252KM
194,Marco,Ruffani,Marco Ruffani,Male,Germany,CROSSROXX Fitness,https://ui-avatars.com/api/?name=M+R&color=FFFFFF&background=000000,ATHX BERLIN 2026,Germany 🇩🇪,2026,Male,ATHX,Endurance,,,,1.599KM,2.903KM
196,Fabian,Schießl,Fabian Schießl,Male,,,https://ui-avatars.com/api/?name=F+S&color=FFFFFF&background=000000,ATHX BERLIN 2026,Germany 🇩🇪,2026,Male,ATHX,Endurance,,,,2.25KM,2.248KM
197,Lorenz,Petri,Lorenz Petri,Male,Germany,Die Krafthalle,https://ui-avatars.com/api/?name=L+P&color=FFFFFF&background=000000,ATHX BERLIN 2026,Germany 🇩🇪,2026,Male,ATHX,Endurance,,,,1.627KM,2.868KM
198,Alex,Haberberger,Alex Haberberger,Male,,,https://ui-avatars.com/api/?name=A+H&color=FFFFFF&background=000000,ATHX BERLIN 2026,Germany 🇩🇪,2026,Male,ATHX,Endurance,,,,2.033KM,2.458KM
198,Jonas,Wintergerst,Jonas Wintergerst,Male,,,https://ui-avatars.com/api/?name=J+W&color=FFFFFF&background=000000,ATHX BERLIN 2026,Germany 🇩🇪,2026,Male,ATHX,Endurance,,,,1.832KM,2.659KM
200,Daniel,Hasselmann,Daniel Hasselmann,Male,,,https://ui-avatars.com/api/?name=D+H&color=FFFFFF&background=000000,ATHX BERLIN 2026,Germany 🇩🇪,2026,Male,ATHX,Endurance,,,,2.189KM,2.298KM
201,Nick,Schuster,Nick Schuster,Male,,,https://ui-avatars.com/api/?name=N+S&color=FFFFFF&background=000000,ATHX BERLIN 2026,Germany 🇩🇪,2026,Male,ATHX,Endurance,,,,2.25KM,2.236KM
202,Philip,Heitmann,Philip Heitmann,Male,,,https://ui-avatars.com/api/?name=P+H&color=FFFFFF&background=000000,ATHX BERLIN 2026,Germany 🇩🇪,2026,Male,ATHX,Endurance,,,,1.5KM,2.98KM
203,Jason,Henkel,Jason Henkel,Male,,,https://ui-avatars.com/api/?name=J+H&color=FFFFFF&background=000000,ATHX BERLIN 2026,Germany 🇩🇪,2026,Male,ATHX,Endurance,,,,2.25KM,2.227KM
204,Nino,Rum,Nino Rum,Male,,,https://ui-avatars.com/api/?name=N+R&color=FFFFFF&background=000000,ATHX BERLIN 2026,Germany 🇩🇪,2026,Male,ATHX,Endurance,,,,2.25KM,2.216KM
205,André,Sadra,André Sadra,Male,,,https://ui-avatars.com/api/?name=A+S&color=FFFFFF&background=000000,ATHX BERLIN 2026,Germany 🇩🇪,2026,Male,ATHX,Endurance,,,,2.25KM,2.205KM
206,Mark,Halasi,Mark Halasi,Male,,,https://ui-avatars.com/api/?name=M+H&color=FFFFFF&background=000000,ATHX BERLIN 2026,Germany 🇩🇪,2026,Male,ATHX,Endurance,,,,1.682KM,2.769KM
207,Oliver,Patzelt,Oliver Patzelt,Male,Germany,Crossfit Potsdam,https://ui-avatars.com/api/?name=O+P&color=FFFFFF&background=000000,ATHX BERLIN 2026,Germany 🇩🇪,2026,Male,ATHX,Endurance,,,,1.5KM,2.949KM
208,Philipp,Dannenberg,Philipp Dannenberg,Male,,,https://ui-avatars.com/api/?name=P+D&color=FFFFFF&background=000000,ATHX BERLIN 2026,Germany 🇩🇪,2026,Male,ATHX,Endurance,,,,2.25KM,2.195KM
208,Heiko,Hoferer,Heiko Hoferer,Male,,,https://ui-avatars.com/api/?name=H+H&color=FFFFFF&background=000000,ATHX BERLIN 2026,Germany 🇩🇪,2026,Male,ATHX,Endurance,,,,1.968KM,2.477KM
210,Robert,Ettrich,Robert Ettrich,Male,,,https://ui-avatars.com/api/?name=R+E&color=FFFFFF&background=000000,ATHX BERLIN 2026,Germany 🇩🇪,2026,Male,ATHX,Endurance,,,,1.5KM,2.942KM
210,Erik,M,Erik M,Male,Germany,crossfit horde,https://ui-avatars.com/api/?name=E+M&color=FFFFFF&background=000000,ATHX BERLIN 2026,Germany 🇩🇪,2026,Male,ATHX,Endurance,,,,1.603KM,2.839KM
212,Ferdinand,Greinacher,Ferdinand Greinacher,Male,,,https://ui-avatars.com/api/?name=F+G&color=FFFFFF&background=000000,ATHX BERLIN 2026,Germany 🇩🇪,2026,Male,ATHX,Endurance,,,,1.95KM,2.476KM
213,Erik,Endelich,Erik Endelich,Male,,,https://ui-avatars.com/api/?name=E+E&color=FFFFFF&background=000000,ATHX BERLIN 2026,Germany 🇩🇪,2026,Male,ATHX,Endurance,,,,2.25KM,2.175KM
214,Sebastian,Raeck,Sebastian Raeck,Male,,,https://ui-avatars.com/api/?name=S+R&color=FFFFFF&background=000000,ATHX BERLIN 2026,Germany 🇩🇪,2026,Male,ATHX,Endurance,,,,2.25KM,2.174KM
215,Lars,Prager,Lars Prager,Male,,,https://ui-avatars.com/api/?name=L+P&color=FFFFFF&background=000000,ATHX BERLIN 2026,Germany 🇩🇪,2026,Male,ATHX,Endurance,,,,1.5KM,2.918KM
216,Fadi,Joumaa,Fadi Joumaa,Male,,,https://ui-avatars.com/api/?name=F+J&color=FFFFFF&background=000000,ATHX BERLIN 2026,Germany 🇩🇪,2026,Male,ATHX,Endurance,,,,1.5KM,2.917KM
217,Benedikt,Meyer-Drabert,Benedikt Meyer-Drabert,Male,,,https://ui-avatars.com/api/?name=B+M&color=FFFFFF&background=000000,ATHX BERLIN 2026,Germany 🇩🇪,2026,Male,ATHX,Endurance,,,,1.571KM,2.844KM
218,Slaven,Sestic,Slaven Sestic,Male,Germany,,https://ui-avatars.com/api/?name=S+S&color=FFFFFF&background=000000,ATHX BERLIN 2026,Germany 🇩🇪,2026,Male,ATHX,Endurance,,,,1.5KM,2.912KM
219,Steffen,Mädger,Steffen Mädger,Male,,,https://ui-avatars.com/api/?name=S+M&color=FFFFFF&background=000000,ATHX BERLIN 2026,Germany 🇩🇪,2026,Male,ATHX,Endurance,,,,1.5KM,2.907KM
220,Jaime,Bodelon,Jaime Bodelon,Male,,,https://ui-avatars.com/api/?name=J+B&color=FFFFFF&background=000000,ATHX BERLIN 2026,Germany 🇩🇪,2026,Male,ATHX,Endurance,,,,1.685KM,2.715KM
221,Leo,Chiricone,Leo Chiricone,Male,Italy,,https://athxgames.com/storage/profile-photos/DB9Amnprdx26C5l2tOqjSi4aR6NHfdgDiLQ8eTLN.jpg,ATHX BERLIN 2026,Germany 🇩🇪,2026,Male,ATHX,Endurance,,,,1.983KM,2.416KM
222,Jakob,Handy,Jakob Handy,Male,,,https://ui-avatars.com/api/?name=J+H&color=FFFFFF&background=000000,ATHX BERLIN 2026,Germany 🇩🇪,2026,Male,ATHX,Endurance,,,,1.5KM,2.897KM
223,Sebastian,Lary,Sebastian Lary,Male,,,https://ui-avatars.com/api/?name=S+L&color=FFFFFF&background=000000,ATHX BERLIN 2026,Germany 🇩🇪,2026,Male,ATHX,Endurance,,,,1.654KM,2.739KM
224,Christian,Leutner,Christian Leutner,Male,Germany,Crossfit Adendorf,https://ui-avatars.com/api/?name=C+L&color=FFFFFF&background=000000,ATHX BERLIN 2026,Germany 🇩🇪,2026,Male,ATHX,Endurance,,,,1.5KM,2.888KM
225,Jörg,Schröder,Jörg Schröder,Male,,,https://ui-avatars.com/api/?name=J+S&color=FFFFFF&background=000000,ATHX BERLIN 2026,Germany 🇩🇪,2026,Male,ATHX,Endurance,,,,2KM,2.386KM
226,Stefan,Zipfel,Stefan Zipfel,Male,,,https://ui-avatars.com/api/?name=S+Z&color=FFFFFF&background=000000,ATHX BERLIN 2026,Germany 🇩🇪,2026,Male,ATHX,Endurance,,,,2.073KM,2.311KM
227,Martin,Hanson,Martin Hanson,Male,United Kingdom,,https://ui-avatars.com/api/?name=M+H&color=FFFFFF&background=000000,ATHX BERLIN 2026,Germany 🇩🇪,2026,Male,ATHX,Endurance,,,,1.948KM,2.435KM
228,Anton,Savitsky,Anton Savitsky,Male,,,https://ui-avatars.com/api/?name=A+S&color=FFFFFF&background=000000,ATHX BERLIN 2026,Germany 🇩🇪,2026,Male,ATHX,Endurance,,,,1.7KM,2.675KM
229,Peter,Freundel,Peter Freundel,Male,,,https://ui-avatars.com/api/?name=P+F&color=FFFFFF&background=000000,ATHX BERLIN 2026,Germany 🇩🇪,2026,Male,ATHX,Endurance,,,,2.25KM,2.111KM
230,Thorsten,Pfeilschifter,Thorsten Pfeilschifter,Male,,,https://athxgames.com/storage/profile-photos/3IasOigpEwgNikFX9o1dz3m7HFLShWsgjaG8KXEF.jpg,ATHX BERLIN 2026,Germany 🇩🇪,2026,Male,ATHX,Endurance,,,,2.169KM,2.19KM
231,Bernhard,Koelbl,Bernhard Koelbl,Male,,,https://ui-avatars.com/api/?name=B+K&color=FFFFFF&background=000000,ATHX BERLIN 2026,Germany 🇩🇪,2026,Male,ATHX,Endurance,,,,2.25KM,2.101KM
232,Stephan,Rabsch,Stephan Rabsch,Male,,,https://ui-avatars.com/api/?name=S+R&color=FFFFFF&background=000000,ATHX BERLIN 2026,Germany 🇩🇪,2026,Male,ATHX,Endurance,,,,2.14KM,2.204KM
233,Sebastian,Schramm,Sebastian Schramm,Male,,,https://ui-avatars.com/api/?name=S+S&color=FFFFFF&background=000000,ATHX BERLIN 2026,Germany 🇩🇪,2026,Male,ATHX,Endurance,,,,1.5KM,2.839KM
234,Eric,Wothe,Eric Wothe,Male,,,https://ui-avatars.com/api/?name=E+W&color=FFFFFF&background=000000,ATHX BERLIN 2026,Germany 🇩🇪,2026,Male,ATHX,Endurance,,,,2.23KM,2.103KM
235,Mark,Hine,Mark Hine,Male,,,https://ui-avatars.com/api/?name=M+H&color=FFFFFF&background=000000,ATHX BERLIN 2026,Germany 🇩🇪,2026,Male,ATHX,Endurance,,,,1.5KM,2.829KM
236,Julian,Roppelt,Julian Roppelt,Male,,,https://ui-avatars.com/api/?name=J+R&color=FFFFFF&background=000000,ATHX BERLIN 2026,Germany 🇩🇪,2026,Male,ATHX,Endurance,,,,1.612KM,2.712KM
237,Julian,Chahal,Julian Chahal,Male,,,https://ui-avatars.com/api/?name=J+C&color=FFFFFF&background=000000,ATHX BERLIN 2026,Germany 🇩🇪,2026,Male,ATHX,Endurance,,,,2.25KM,2.071KM
238,Tom,Haufe,Tom Haufe,Male,Germany,,https://ui-avatars.com/api/?name=T+H&color=FFFFFF&background=000000,ATHX BERLIN 2026,Germany 🇩🇪,2026,Male,ATHX,Endurance,,,,1.5KM,2.815KM
239,Sven,Riek,Sven Riek,Male,,,https://ui-avatars.com/api/?name=S+R&color=FFFFFF&background=000000,ATHX BERLIN 2026,Germany 🇩🇪,2026,Male,ATHX,Endurance,,,,1.604KM,2.704KM
240,Erik,Walther,Erik Walther,Male,,,https://ui-avatars.com/api/?name=E+W&color=FFFFFF&background=000000,ATHX BERLIN 2026,Germany 🇩🇪,2026,Male,ATHX,Endurance,,,,2.25KM,2.054KM
241,Oliver,Lange,Oliver Lange,Male,,,https://ui-avatars.com/api/?name=O+L&color=FFFFFF&background=000000,ATHX BERLIN 2026,Germany 🇩🇪,2026,Male,ATHX,Endurance,,,,1.5KM,2.794KM
242,Philipp,Reb,Philipp Reb,Male,,,https://ui-avatars.com/api/?name=P+R&color=FFFFFF&background=000000,ATHX BERLIN 2026,Germany 🇩🇪,2026,Male,ATHX,Endurance,,,,2.214KM,2.077KM
243,Euan,Duff,Euan Duff,Male,,,https://ui-avatars.com/api/?name=E+D&color=FFFFFF&background=000000,ATHX BERLIN 2026,Germany 🇩🇪,2026,Male,ATHX,Endurance,,,,2.25KM,2.037KM
244,Maximilian,schöngen,Maximilian schöngen,Male,,,https://ui-avatars.com/api/?name=M+s&color=FFFFFF&background=000000,ATHX BERLIN 2026,Germany 🇩🇪,2026,Male,ATHX,Endurance,,,,2.153KM,2.133KM
245,Daniel,Fuentealba,Daniel Fuentealba,Male,,,https://ui-avatars.com/api/?name=D+F&color=FFFFFF&background=000000,ATHX BERLIN 2026,Germany 🇩🇪,2026,Male,ATHX,Endurance,,,,2KM,2.275KM
245,Lucas,Altmann,Lucas Altmann,Male,,,https://ui-avatars.com/api/?name=L+A&color=FFFFFF&background=000000,ATHX BERLIN 2026,Germany 🇩🇪,2026,Male,ATHX,Endurance,,,,1.5KM,2.775KM
247,Maik,Leber,Maik Leber,Male,,,https://ui-avatars.com/api/?name=M+L&color=FFFFFF&background=000000,ATHX BERLIN 2026,Germany 🇩🇪,2026,Male,ATHX,Endurance,,,,1.996KM,2.276KM
248,Patrick,Siehoff,Patrick Siehoff,Male,,,https://ui-avatars.com/api/?name=P+S&color=FFFFFF&background=000000,ATHX BERLIN 2026,Germany 🇩🇪,2026,Male,ATHX,Endurance,,,,2.08KM,2.185KM
249,Jannes,Werner,Jannes Werner,Male,,,https://ui-avatars.com/api/?name=J+W&color=FFFFFF&background=000000,ATHX BERLIN 2026,Germany 🇩🇪,2026,Male,ATHX,Endurance,,,,2.165KM,2.099KM
250,Bernardo,Mercado Coimbra,Bernardo Mercado Coimbra,Male,,,https://ui-avatars.com/api/?name=B+M+C&color=FFFFFF&background=000000,ATHX BERLIN 2026,Germany 🇩🇪,2026,Male,ATHX,Endurance,,,,1KM,3.25KM
250,Markus,Bäumler,Markus Bäumler,Male,,,https://ui-avatars.com/api/?name=M+B&color=FFFFFF&background=000000,ATHX BERLIN 2026,Germany 🇩🇪,2026,Male,ATHX,Endurance,,,,1.5KM,2.75KM
252,Daniel,Rath,Daniel Rath,Male,,,https://ui-avatars.com/api/?name=D+R&color=FFFFFF&background=000000,ATHX BERLIN 2026,Germany 🇩🇪,2026,Male,ATHX,Endurance,,,,1.75KM,2.496KM
253,Steve,Enning,Steve Enning,Male,Germany,CrossfitKulmbach,https://ui-avatars.com/api/?name=S+E&color=FFFFFF&background=000000,ATHX BERLIN 2026,Germany 🇩🇪,2026,Male,ATHX,Endurance,,,,1.521KM,2.72KM
254,Andreas,Synak,Andreas Synak,Male,,,https://ui-avatars.com/api/?name=A+S&color=FFFFFF&background=000000,ATHX BERLIN 2026,Germany 🇩🇪,2026,Male,ATHX,Endurance,,,,1.946KM,2.294KM
255,Stephan,Hotzy,Stephan Hotzy,Male,,,https://ui-avatars.com/api/?name=S+H&color=FFFFFF&background=000000,ATHX BERLIN 2026,Germany 🇩🇪,2026,Male,ATHX,Endurance,,,,1.554KM,2.685KM
256,Sebastian,Vermaat,Sebastian Vermaat,Male,,,https://athxgames.com/storage/profile-photos/YjtuairfZy059IFMbPaezOs7l40cMYSxV6wrObMU.jpg,ATHX BERLIN 2026,Germany 🇩🇪,2026,Male,ATHX,Endurance,,,,2.25KM,1.988KM
256,Thomas,Führer,Thomas Führer,Male,,,https://ui-avatars.com/api/?name=T+F&color=FFFFFF&background=000000,ATHX BERLIN 2026,Germany 🇩🇪,2026,Male,ATHX,Endurance,,,,2.035KM,2.203KM
258,Vincenzo,Pesce,Vincenzo Pesce,Male,,,https://ui-avatars.com/api/?name=V+P&color=FFFFFF&background=000000,ATHX BERLIN 2026,Germany 🇩🇪,2026,Male,ATHX,Endurance,,,,2.157KM,2.077KM
259,Sam,Jobson,Sam Jobson,Male,,,https://ui-avatars.com/api/?name=S+J&color=FFFFFF&background=000000,ATHX BERLIN 2026,Germany 🇩🇪,2026,Male,ATHX,Endurance,,,,1.582KM,2.643KM
260,Marco,Friedrichs,Marco Friedrichs,Male,,,https://ui-avatars.com/api/?name=M+F&color=FFFFFF&background=000000,ATHX BERLIN 2026,Germany 🇩🇪,2026,Male,ATHX,Endurance,,,,1.5KM,2.724KM
260,Phuc,Luu,Phuc Luu,Male,,,https://ui-avatars.com/api/?name=P+L&color=FFFFFF&background=000000,ATHX BERLIN 2026,Germany 🇩🇪,2026,Male,ATHX,Endurance,,,,1.895KM,2.329KM
262,Steffen,Bosch,Steffen Bosch,Male,,,https://ui-avatars.com/api/?name=S+B&color=FFFFFF&background=000000,ATHX BERLIN 2026,Germany 🇩🇪,2026,Male,ATHX,Endurance,,,,1.596KM,2.627KM
263,Florian,Vielweber,Florian Vielweber,Male,Germany,Crossfit T.S.S.,https://ui-avatars.com/api/?name=F+V&color=FFFFFF&background=000000,ATHX BERLIN 2026,Germany 🇩🇪,2026,Male,ATHX,Endurance,,,,1.5KM,2.721KM
264,David,Piesik,David Piesik,Male,,Crossfit Rabbit Hole,https://ui-avatars.com/api/?name=D+P&color=FFFFFF&background=000000,ATHX BERLIN 2026,Germany 🇩🇪,2026,Male,ATHX,Endurance,,,,1.934KM,2.272KM
265,Luka,Braun,Luka Braun,Male,,,https://ui-avatars.com/api/?name=L+B&color=FFFFFF&background=000000,ATHX BERLIN 2026,Germany 🇩🇪,2026,Male,ATHX,Endurance,,,,2.25KM,1.952KM
266,Daniel,Stimpson,Daniel Stimpson,Male,,,https://ui-avatars.com/api/?name=D+S&color=FFFFFF&background=000000,ATHX BERLIN 2026,Germany 🇩🇪,2026,Male,ATHX,Endurance,,,,1.5KM,2.7KM
267,Eloy,López de Carrión,Eloy López de Carrión,Male,,,https://ui-avatars.com/api/?name=E+L+d+C&color=FFFFFF&background=000000,ATHX BERLIN 2026,Germany 🇩🇪,2026,Male,ATHX,Endurance,,,,1.5KM,2.68KM
268,Jan,Andryszak,Jan Andryszak,Male,,,https://ui-avatars.com/api/?name=J+A&color=FFFFFF&background=000000,ATHX BERLIN 2026,Germany 🇩🇪,2026,Male,ATHX,Endurance,,,,1.868KM,2.29KM
269,Keith,McCrae,Keith McCrae,Male,United Kingdom,CrossFit Seyst,https://ui-avatars.com/api/?name=K+M&color=FFFFFF&background=000000,ATHX BERLIN 2026,Germany 🇩🇪,2026,Male,ATHX,Endurance,,,,1.5KM,2.656KM
270,Angelo,E,Angelo E,Male,,,https://ui-avatars.com/api/?name=A+E&color=FFFFFF&background=000000,ATHX BERLIN 2026,Germany 🇩🇪,2026,Male,ATHX,Endurance,,,,1.342KM,2.804KM
271,Chris,Lenton,Chris Lenton,Male,,,https://ui-avatars.com/api/?name=C+L&color=FFFFFF&background=000000,ATHX BERLIN 2026,Germany 🇩🇪,2026,Male,ATHX,Endurance,,,,1.5KM,2.645KM
272,Adam,Kugli,Adam Kugli,Male,Hungary,KADUZS AC,https://ui-avatars.com/api/?name=A+K&color=FFFFFF&background=000000,ATHX BERLIN 2026,Germany 🇩🇪,2026,Male,ATHX,Endurance,,,,1.5KM,2.644KM
273,Perry,Haki,Perry Haki,Male,,,https://ui-avatars.com/api/?name=P+H&color=FFFFFF&background=000000,ATHX BERLIN 2026,Germany 🇩🇪,2026,Male,ATHX,Endurance,,,,1.883KM,2.253KM
274,Thomas,Range,Thomas Range,Male,Germany,Crossfit Ahoi,https://athxgames.com/storage/profile-photos/Pryiy0u94oO7iI3MSYr8qPDfAytOCM4Js1UbsjM5.jpg,ATHX BERLIN 2026,Germany 🇩🇪,2026,Male,ATHX,Endurance,,,,1.613KM,2.516KM
275,Rainer,De Lima Knappe,Rainer De Lima Knappe,Male,,,https://ui-avatars.com/api/?name=R+D+L+K&color=FFFFFF&background=000000,ATHX BERLIN 2026,Germany 🇩🇪,2026,Male,ATHX,Endurance,,,,1.535KM,2.59KM
276,Sebastian,Letz,Sebastian Letz,Male,,,https://ui-avatars.com/api/?name=S+L&color=FFFFFF&background=000000,ATHX BERLIN 2026,Germany 🇩🇪,2026,Male,ATHX,Endurance,,,,1.5KM,2.622KM
277,Lorenz,Funk,Lorenz Funk,Male,,,https://ui-avatars.com/api/?name=L+F&color=FFFFFF&background=000000,ATHX BERLIN 2026,Germany 🇩🇪,2026,Male,ATHX,Endurance,,,,2.25KM,1.867KM
278,Jakob,Sieger,Jakob Sieger,Male,,,https://ui-avatars.com/api/?name=J+S&color=FFFFFF&background=000000,ATHX BERLIN 2026,Germany 🇩🇪,2026,Male,ATHX,Endurance,,,,1.5KM,2.605KM
279,Patrick,Löchel,Patrick Löchel,Male,,,https://ui-avatars.com/api/?name=P+L&color=FFFFFF&background=000000,ATHX BERLIN 2026,Germany 🇩🇪,2026,Male,ATHX,Endurance,,,,2.25KM,1.842KM
280,Christian,Böttger,Christian Böttger,Male,,,https://ui-avatars.com/api/?name=C+B&color=FFFFFF&background=000000,ATHX BERLIN 2026,Germany 🇩🇪,2026,Male,ATHX,Endurance,,,,1.5KM,2.584KM
281,Luis,Jouve Gutiérrez,Luis Jouve Gutiérrez,Male,,,https://ui-avatars.com/api/?name=L+J+G&color=FFFFFF&background=000000,ATHX BERLIN 2026,Germany 🇩🇪,2026,Male,ATHX,Endurance,,,,1.75KM,2.331KM
282,Alexander,Schellinger,Alexander Schellinger,Male,,,https://ui-avatars.com/api/?name=A+S&color=FFFFFF&background=000000,ATHX BERLIN 2026,Germany 🇩🇪,2026,Male,ATHX,Endurance,,,,1.598KM,2.474KM
282,Nico,Küttner,Nico Küttner,Male,Germany,,https://athxgames.com/storage/profile-photos/NJrA9Gtge9xHKiD3yI0TRxDpc8fQnMT9emDYjo4q.jpg,ATHX BERLIN 2026,Germany 🇩🇪,2026,Male,ATHX,Endurance,,,,2.07KM,2.002KM
282,Marijo,Sucic,Marijo Sucic,Male,Croatia,,https://ui-avatars.com/api/?name=M+S&color=FFFFFF&background=000000,ATHX BERLIN 2026,Germany 🇩🇪,2026,Male,ATHX,Endurance,,,,1.75KM,2.322KM
285,Alberto,Mesas,Alberto Mesas,Male,,,https://ui-avatars.com/api/?name=A+M&color=FFFFFF&background=000000,ATHX BERLIN 2026,Germany 🇩🇪,2026,Male,ATHX,Endurance,,,,2.087KM,1.965KM
286,Stefan,Koch,Stefan Koch,Male,,,https://ui-avatars.com/api/?name=S+K&color=FFFFFF&background=000000,ATHX BERLIN 2026,Germany 🇩🇪,2026,Male,ATHX,Endurance,,,,2.048KM,2.003KM
287,Felix,Schier,Felix Schier,Male,,,https://ui-avatars.com/api/?name=F+S&color=FFFFFF&background=000000,ATHX BERLIN 2026,Germany 🇩🇪,2026,Male,ATHX,Endurance,,,,2.25KM,1.794KM
288,Erik,Fengler,Erik Fengler,Male,,,https://ui-avatars.com/api/?name=E+F&color=FFFFFF&background=000000,ATHX BERLIN 2026,Germany 🇩🇪,2026,Male,ATHX,Endurance,,,,2.024KM,1.996KM
289,ibrahim,Zeghzeghi,ibrahim Zeghzeghi,Male,,,https://ui-avatars.com/api/?name=i+Z&color=FFFFFF&background=000000,ATHX BERLIN 2026,Germany 🇩🇪,2026,Male,ATHX,Endurance,,,,1.681KM,2.313KM
289,Martin,Gruner,Martin Gruner,Male,,,https://ui-avatars.com/api/?name=M+G&color=FFFFFF&background=000000,ATHX BERLIN 2026,Germany 🇩🇪,2026,Male,ATHX,Endurance,,,,1.5KM,2.494KM
291,Erik,Wrage,Erik Wrage,Male,,,https://ui-avatars.com/api/?name=E+W&color=FFFFFF&background=000000,ATHX BERLIN 2026,Germany 🇩🇪,2026,Male,ATHX,Endurance,,,,1.954KM,2.035KM
292,Moritz,Winkler,Moritz Winkler,Male,,,https://ui-avatars.com/api/?name=M+W&color=FFFFFF&background=000000,ATHX BERLIN 2026,Germany 🇩🇪,2026,Male,ATHX,Endurance,,,,1.545KM,2.443KM
293,friedrich,morisak,friedrich morisak,Male,Germany,Crossfit dinslaken,https://ui-avatars.com/api/?name=f+m&color=FFFFFF&background=000000,ATHX BERLIN 2026,Germany 🇩🇪,2026,Male,ATHX,Endurance,,,,1.5KM,2.483KM
294,Federico,Orlandini,Federico Orlandini,Male,,,https://ui-avatars.com/api/?name=F+O&color=FFFFFF&background=000000,ATHX BERLIN 2026,Germany 🇩🇪,2026,Male,ATHX,Endurance,,,,1.5KM,2.453KM
295,WIlli,Kellich,WIlli Kellich,Male,,,https://ui-avatars.com/api/?name=W+K&color=FFFFFF&background=000000,ATHX BERLIN 2026,Germany 🇩🇪,2026,Male,ATHX,Endurance,,,,1.261KM,2.687KM
296,Christian,Maksvitat,Christian Maksvitat,Male,Germany,,https://ui-avatars.com/api/?name=C+M&color=FFFFFF&background=000000,ATHX BERLIN 2026,Germany 🇩🇪,2026,Male,ATHX,Endurance,,,,1.5KM,2.441KM
297,Leonhard,Wedel,Leonhard Wedel,Male,,,https://ui-avatars.com/api/?name=L+W&color=FFFFFF&background=000000,ATHX BERLIN 2026,Germany 🇩🇪,2026,Male,ATHX,Endurance,,,,1.98KM,1.944KM
298,Alexander,Wichmann,Alexander Wichmann,Male,,,https://ui-avatars.com/api/?name=A+W&color=FFFFFF&background=000000,ATHX BERLIN 2026,Germany 🇩🇪,2026,Male,ATHX,Endurance,,,,1.5KM,2.42KM
299,Jens,Wudick,Jens Wudick,Male,,,https://ui-avatars.com/api/?name=J+W&color=FFFFFF&background=000000,ATHX BERLIN 2026,Germany 🇩🇪,2026,Male,ATHX,Endurance,,,,2.25KM,1.669KM
300,Markus,Riesner-Körner,Markus Riesner-Körner,Male,,,https://ui-avatars.com/api/?name=M+R&color=FFFFFF&background=000000,ATHX BERLIN 2026,Germany 🇩🇪,2026,Male,ATHX,Endurance,,,,1.5KM,2.408KM
301,Vincent,To-Sanguan,Vincent To-Sanguan,Male,,,https://ui-avatars.com/api/?name=V+T&color=FFFFFF&background=000000,ATHX BERLIN 2026,Germany 🇩🇪,2026,Male,ATHX,Endurance,,,,1.668KM,2.234KM
302,Dennis,Hypa,Dennis Hypa,Male,,,https://ui-avatars.com/api/?name=D+H&color=FFFFFF&background=000000,ATHX BERLIN 2026,Germany 🇩🇪,2026,Male,ATHX,Endurance,,,,1.586KM,2.307KM
303,Hendrik,Behrens,Hendrik Behrens,Male,Germany,CFM Berlin Mitte,https://athxgames.com/storage/profile-photos/eFDWi3QPyKE34hJA775gjzQzu8DLgDAr2NSxMJmn.jpg,ATHX BERLIN 2026,Germany 🇩🇪,2026,Male,ATHX,Endurance,,,,1.5KM,2.38KM
304,Alexander,Karpf,Alexander Karpf,Male,,,https://ui-avatars.com/api/?name=A+K&color=FFFFFF&background=000000,ATHX BERLIN 2026,Germany 🇩🇪,2026,Male,ATHX,Endurance,,,,1.25KM,2.619KM
305,Christian,Borka,Christian Borka,Male,,,https://ui-avatars.com/api/?name=C+B&color=FFFFFF&background=000000,ATHX BERLIN 2026,Germany 🇩🇪,2026,Male,ATHX,Endurance,,,,1KM,2.861KM
305,Manfred,Moser,Manfred Moser,Male,,,https://ui-avatars.com/api/?name=M+M&color=FFFFFF&background=000000,ATHX BERLIN 2026,Germany 🇩🇪,2026,Male,ATHX,Endurance,,,,1.5KM,2.361KM
305,Denis,Brandt,Denis Brandt,Male,,,https://ui-avatars.com/api/?name=D+B&color=FFFFFF&background=000000,ATHX BERLIN 2026,Germany 🇩🇪,2026,Male,ATHX,Endurance,,,,1.436KM,2.425KM
308,Jerome,Kubaschek,Jerome Kubaschek,Male,,,https://ui-avatars.com/api/?name=J+K&color=FFFFFF&background=000000,ATHX BERLIN 2026,Germany 🇩🇪,2026,Male,ATHX,Endurance,,,,1.584KM,2.242KM
309,Bastian,Bienlein,Bastian Bienlein,Male,,,https://ui-avatars.com/api/?name=B+B&color=FFFFFF&background=000000,ATHX BERLIN 2026,Germany 🇩🇪,2026,Male,ATHX,Endurance,,,,1.5KM,2.32KM
310,Marko,Weber-Schönherr,Marko Weber-Schönherr,Male,Germany,Florcross Görlitz,https://ui-avatars.com/api/?name=M+W&color=FFFFFF&background=000000,ATHX BERLIN 2026,Germany 🇩🇪,2026,Male,ATHX,Endurance,,,,1.189KM,2.619KM
311,Adam,Johnston,Adam Johnston,Male,,,https://ui-avatars.com/api/?name=A+J&color=FFFFFF&background=000000,ATHX BERLIN 2026,Germany 🇩🇪,2026,Male,ATHX,Endurance,,,,1.5KM,2.289KM
312,Marc,Wudick,Marc Wudick,Male,,,https://ui-avatars.com/api/?name=M+W&color=FFFFFF&background=000000,ATHX BERLIN 2026,Germany 🇩🇪,2026,Male,ATHX,Endurance,,,,1.566KM,2.198KM
313,Denis,Fuchs,Denis Fuchs,Male,,,https://ui-avatars.com/api/?name=D+F&color=FFFFFF&background=000000,ATHX BERLIN 2026,Germany 🇩🇪,2026,Male,ATHX,Endurance,,,,1.5KM,2.255KM
313,Erik,Larsen,Erik Larsen,Male,,,https://ui-avatars.com/api/?name=E+L&color=FFFFFF&background=000000,ATHX BERLIN 2026,Germany 🇩🇪,2026,Male,ATHX,Endurance,,,,1.5KM,2.255KM
315,Marek,Buschmann,Marek Buschmann,Male,,,https://ui-avatars.com/api/?name=M+B&color=FFFFFF&background=000000,ATHX BERLIN 2026,Germany 🇩🇪,2026,Male,ATHX,Endurance,,,,2.25KM,1.462KM
316,Jörn,Sattler,Jörn Sattler,Male,,,https://ui-avatars.com/api/?name=J+S&color=FFFFFF&background=000000,ATHX BERLIN 2026,Germany 🇩🇪,2026,Male,ATHX,Endurance,,,,1.5KM,2.153KM
317,Antonio,Villani,Antonio Villani,Male,Germany,Crossfit mit Schmackes,https://ui-avatars.com/api/?name=A+V&color=FFFFFF&background=000000,ATHX BERLIN 2026,Germany 🇩🇪,2026,Male,ATHX,Endurance,,,,1.554KM,2.059KM
318,Thomas,Helbig,Thomas Helbig,Male,,,https://ui-avatars.com/api/?name=T+H&color=FFFFFF&background=000000,ATHX BERLIN 2026,Germany 🇩🇪,2026,Male,ATHX,Endurance,,,,1.5KM,2.101KM
319,Konstantin,Hoffmann,Konstantin Hoffmann,Male,Germany,B-Sport Berlin,https://athxgames.com/storage/profile-photos/7WSYRamhTGHPhmShKH51WloEwZUgNjsZs1uWUcR2.jpg,ATHX BERLIN 2026,Germany 🇩🇪,2026,Male,ATHX,Endurance,,,,1.5KM,2.033KM
320,Hanno,Focken,Hanno Focken,Male,,,https://ui-avatars.com/api/?name=H+F&color=FFFFFF&background=000000,ATHX BERLIN 2026,Germany 🇩🇪,2026,Male,ATHX,Endurance,,,,1.5KM,1.95KM
321,Yannick,Braun,Yannick Braun,Male,,,https://ui-avatars.com/api/?name=Y+B&color=FFFFFF&background=000000,ATHX BERLIN 2026,Germany 🇩🇪,2026,Male,ATHX,Endurance,,,,1.75KM,1.061KM
