rank,team_name,event,country,year,division,event_category,workout_filter,Strength,Endurance,MetCon X,1RM Strict Press,3RM Back Squat,5RM Deadlift,Run,Row,Points
1,Euan Watters & Jason Nouri,ATHX GLASGOW 2026,United Kingdom 🇬🇧,2026,Male,ATHX Pro,Endurance,,,,,,,4.781KM,6.059KM,1
2,Brandon Mills & Dale Wright,ATHX GLASGOW 2026,United Kingdom 🇬🇧,2026,Male,ATHX Pro,Endurance,,,,,,,4.302KM,6.143KM,2
3,Connor Martin & Murray Scott,ATHX GLASGOW 2026,United Kingdom 🇬🇧,2026,Male,ATHX Pro,Endurance,,,,,,,4.71KM,5.726KM,3
4,Richard Whyte & Sean Hadden,ATHX GLASGOW 2026,United Kingdom 🇬🇧,2026,Male,ATHX Pro,Endurance,,,,,,,4.87KM,5.556KM,4
5,Matthew Grieh & Cameron Anderson,ATHX GLASGOW 2026,United Kingdom 🇬🇧,2026,Male,ATHX Pro,Endurance,,,,,,,4.728KM,5.504KM,5
6,Jake Wright & Rory McAusland,ATHX GLASGOW 2026,United Kingdom 🇬🇧,2026,Male,ATHX Pro,Endurance,,,,,,,4.297KM,5.911KM,6
7,Fraser fgmclark@gmail.com & Huw Davis,ATHX GLASGOW 2026,United Kingdom 🇬🇧,2026,Male,ATHX Pro,Endurance,,,,,,,4.255KM,5.952KM,7
8,Richard Woolley & Stefan Humphries,ATHX GLASGOW 2026,United Kingdom 🇬🇧,2026,Male,ATHX Pro,Endurance,,,,,,,4.67KM,5.525KM,8
9,Liam Taggart & Peter Johnstone,ATHX GLASGOW 2026,United Kingdom 🇬🇧,2026,Male,ATHX Pro,Endurance,,,,,,,4.259KM,5.821KM,9
10,Sam Menzies & Christopher Binks,ATHX GLASGOW 2026,United Kingdom 🇬🇧,2026,Male,ATHX Pro,Endurance,,,,,,,4.507KM,5.542KM,10
11,Nathan Whitworth & Nyle Godsmark,ATHX GLASGOW 2026,United Kingdom 🇬🇧,2026,Male,ATHX Pro,Endurance,,,,,,,4.185KM,5.756KM,11
12,David McSorley & craig thomson,ATHX GLASGOW 2026,United Kingdom 🇬🇧,2026,Male,ATHX Pro,Endurance,,,,,,,4KM,5.936KM,12
13,Pablo Hernández Olivares & Javier Hernández Olivares,ATHX GLASGOW 2026,United Kingdom 🇬🇧,2026,Male,ATHX Pro,Endurance,,,,,,,4.362KM,5.565KM,13
14,Alex Boltom & Todd Brooks,ATHX GLASGOW 2026,United Kingdom 🇬🇧,2026,Male,ATHX Pro,Endurance,,,,,,,4.303KM,5.618KM,14
15,Jamie Hill & Joe Porter,ATHX GLASGOW 2026,United Kingdom 🇬🇧,2026,Male,ATHX Pro,Endurance,,,,,,,3.914KM,5.981KM,15
16,Aaron lees & Lewis Ross,ATHX GLASGOW 2026,United Kingdom 🇬🇧,2026,Male,ATHX Pro,Endurance,,,,,,,4.263KM,5.615KM,16
17,Lee Moffat & John Mcindoe,ATHX GLASGOW 2026,United Kingdom 🇬🇧,2026,Male,ATHX Pro,Endurance,,,,,,,4KM,5.76KM,17
18,Tony Murphy & Dean Flannery,ATHX GLASGOW 2026,United Kingdom 🇬🇧,2026,Male,ATHX Pro,Endurance,,,,,,,4.18KM,5.392KM,18
19,Gary Dixon & Martin Shaw,ATHX GLASGOW 2026,United Kingdom 🇬🇧,2026,Male,ATHX Pro,Endurance,,,,,,,4KM,5.46KM,19
20,Stuart McIntosh & Max Hepburn,ATHX GLASGOW 2026,United Kingdom 🇬🇧,2026,Male,ATHX Pro,Endurance,,,,,,,3.786KM,5.656KM,20
21,David Allan & Riccardo Gallo,ATHX GLASGOW 2026,United Kingdom 🇬🇧,2026,Male,ATHX Pro,Endurance,,,,,,,3.489KM,5.195KM,21
1,Alix Johnston & Morgan Smith,ATHX GLASGOW 2026,United Kingdom 🇬🇧,2026,Female,ATHX,Strength,,,,93KG,238KG,260KG,,,1
2,Kristi Barr & Claire Cochrane,ATHX GLASGOW 2026,United Kingdom 🇬🇧,2026,Female,ATHX,Strength,,,,91KG,190KG,283KG,,,2
3,Hannah Spence & Lynsey Mcdonnell,ATHX GLASGOW 2026,United Kingdom 🇬🇧,2026,Female,ATHX,Strength,,,,103KG,210KG,230KG,,,3
4,Hannah Anderson & Hannah Forrest,ATHX GLASGOW 2026,United Kingdom 🇬🇧,2026,Female,ATHX,Strength,,,,75KG,210KG,250KG,,,4
5,Holly Scott & Ella Childs,ATHX GLASGOW 2026,United Kingdom 🇬🇧,2026,Female,ATHX,Strength,,,,83KG,205KG,245KG,,,5
5,Lucy Tomlinson & Megan Arnott,ATHX GLASGOW 2026,United Kingdom 🇬🇧,2026,Female,ATHX,Strength,,,,78KG,205KG,250KG,,,5
7,Roberta Gallacher & Claire Hyslop,ATHX GLASGOW 2026,United Kingdom 🇬🇧,2026,Female,ATHX,Strength,,,,90KG,180KG,260KG,,,7
8,Shauni de Koning & Lesley Brown,ATHX GLASGOW 2026,United Kingdom 🇬🇧,2026,Female,ATHX,Strength,,,,91KG,198KG,240KG,,,8
9,Sarah Baden & Kayleigh Roberts,ATHX GLASGOW 2026,United Kingdom 🇬🇧,2026,Female,ATHX,Strength,,,,90KG,208KG,230KG,,,9
10,Sophie Piper & Abi Everett,ATHX GLASGOW 2026,United Kingdom 🇬🇧,2026,Female,ATHX,Strength,,,,85KG,196KG,240KG,,,10
11,Katlyn Hughes & Ellie Wallace,ATHX GLASGOW 2026,United Kingdom 🇬🇧,2026,Female,ATHX,Strength,,,,81KG,210KG,225KG,,,11
12,Darcy Minnes & Kate Allan,ATHX GLASGOW 2026,United Kingdom 🇬🇧,2026,Female,ATHX,Strength,,,,83KG,195KG,235KG,,,12
12,Anna Wright & Megan Fleming,ATHX GLASGOW 2026,United Kingdom 🇬🇧,2026,Female,ATHX,Strength,,,,85KG,180KG,248KG,,,12
14,Zara Alexander & Bethany Black,ATHX GLASGOW 2026,United Kingdom 🇬🇧,2026,Female,ATHX,Strength,,,,83KG,203KG,226KG,,,14
15,Hannah Macgregor & Emily Clark,ATHX GLASGOW 2026,United Kingdom 🇬🇧,2026,Female,ATHX,Strength,,,,81KG,195KG,230KG,,,15
16,Wiktoria Bakula & Flora Davis,ATHX GLASGOW 2026,United Kingdom 🇬🇧,2026,Female,ATHX,Strength,,,,73KG,190KG,240KG,,,16
17,Emma Paterson & Emma Mackison,ATHX GLASGOW 2026,United Kingdom 🇬🇧,2026,Female,ATHX,Strength,,,,88KG,200KG,210KG,,,17
18,Erin Cline & Rachael Gilmour,ATHX GLASGOW 2026,United Kingdom 🇬🇧,2026,Female,ATHX,Strength,,,,83KG,198KG,215KG,,,18
19,Laura Rennie & Eve Harris,ATHX GLASGOW 2026,United Kingdom 🇬🇧,2026,Female,ATHX,Strength,,,,66KG,185KG,240KG,,,19
20,Clarrie Murdoch & Eilidh McGillivray,ATHX GLASGOW 2026,United Kingdom 🇬🇧,2026,Female,ATHX,Strength,,,,75KG,195KG,220KG,,,20
20,Lynsey Robison & Emma Telfer,ATHX GLASGOW 2026,United Kingdom 🇬🇧,2026,Female,ATHX,Strength,,,,90KG,170KG,230KG,,,20
22,Charli Shand & Louise Beattie,ATHX GLASGOW 2026,United Kingdom 🇬🇧,2026,Female,ATHX,Strength,,,,88KG,175KG,220KG,,,22
22,Hannah Hamilton & Mia McDowell,ATHX GLASGOW 2026,United Kingdom 🇬🇧,2026,Female,ATHX,Strength,,,,75KG,195KG,213KG,,,22
22,sophie smith & Laura Seggie,ATHX GLASGOW 2026,United Kingdom 🇬🇧,2026,Female,ATHX,Strength,,,,73KG,185KG,225KG,,,22
25,Yvonne Miller & Fiona Halewood,ATHX GLASGOW 2026,United Kingdom 🇬🇧,2026,Female,ATHX,Strength,,,,80KG,190KG,210KG,,,25
25,Audrey Brockie & Ali Paton,ATHX GLASGOW 2026,United Kingdom 🇬🇧,2026,Female,ATHX,Strength,,,,95KG,190KG,195KG,,,25
27,Natalie Blakely & Brooke McLuckie,ATHX GLASGOW 2026,United Kingdom 🇬🇧,2026,Female,ATHX,Strength,,,,83KG,190KG,205KG,,,27
27,Rebecca Marshall & nicole Hunter,ATHX GLASGOW 2026,United Kingdom 🇬🇧,2026,Female,ATHX,Strength,,,,78KG,175KG,225KG,,,27
29,Leeann Mcleod & Jo Campbell,ATHX GLASGOW 2026,United Kingdom 🇬🇧,2026,Female,ATHX,Strength,,,,95KG,175KG,206KG,,,29
30,Joda Quigley & Paige Wells,ATHX GLASGOW 2026,United Kingdom 🇬🇧,2026,Female,ATHX,Strength,,,,90KG,165KG,220KG,,,30
31,Lianne Wallace & Kimberley Beaton,ATHX GLASGOW 2026,United Kingdom 🇬🇧,2026,Female,ATHX,Strength,,,,93KG,170KG,210KG,,,31
32,Kristin Donnachie & Cairney McCabe,ATHX GLASGOW 2026,United Kingdom 🇬🇧,2026,Female,ATHX,Strength,,,,70KG,190KG,211KG,,,32
32,Simone Laverick & Cora Flood,ATHX GLASGOW 2026,United Kingdom 🇬🇧,2026,Female,ATHX,Strength,,,,83KG,175KG,213KG,,,32
34,Kati Sohal & Maxine Pomeroy,ATHX GLASGOW 2026,United Kingdom 🇬🇧,2026,Female,ATHX,Strength,,,,70KG,185KG,215KG,,,34
35,Clare Leader & Annie Starkey,ATHX GLASGOW 2026,United Kingdom 🇬🇧,2026,Female,ATHX,Strength,,,,88KG,175KG,205KG,,,35
35,Yasmin Perry & Beatrice Hertel,ATHX GLASGOW 2026,United Kingdom 🇬🇧,2026,Female,ATHX,Strength,,,,90KG,163KG,215KG,,,35
35,Anna Rogan & Beckie Lees,ATHX GLASGOW 2026,United Kingdom 🇬🇧,2026,Female,ATHX,Strength,,,,73KG,180KG,215KG,,,35
38,Alex Manson & Holly Trick,ATHX GLASGOW 2026,United Kingdom 🇬🇧,2026,Female,ATHX,Strength,,,,76KG,175KG,215KG,,,38
39,Claire Mackie & Natasha Hunter,ATHX GLASGOW 2026,United Kingdom 🇬🇧,2026,Female,ATHX,Strength,,,,85KG,175KG,203KG,,,39
39,Christina Paterson & Michelle Ironside,ATHX GLASGOW 2026,United Kingdom 🇬🇧,2026,Female,ATHX,Strength,,,,73KG,170KG,220KG,,,39
39,Chrystal Matthan & Jenna Moir,ATHX GLASGOW 2026,United Kingdom 🇬🇧,2026,Female,ATHX,Strength,,,,75KG,175KG,213KG,,,39
39,Fiona Shaw & Denise McLaughlin,ATHX GLASGOW 2026,United Kingdom 🇬🇧,2026,Female,ATHX,Strength,,,,85KG,168KG,210KG,,,39
43,Montse Pazos & Louise Birrell,ATHX GLASGOW 2026,United Kingdom 🇬🇧,2026,Female,ATHX,Strength,,,,63KG,185KG,213KG,,,43
43,Farr Macdonald & Jacqueline Barclay,ATHX GLASGOW 2026,United Kingdom 🇬🇧,2026,Female,ATHX,Strength,,,,73KG,180KG,208KG,,,43
45,Molly Whelan & Orla Livingston,ATHX GLASGOW 2026,United Kingdom 🇬🇧,2026,Female,ATHX,Strength,,,,75KG,165KG,220KG,,,45
46,Abby Hilton & Kat Scott,ATHX GLASGOW 2026,United Kingdom 🇬🇧,2026,Female,ATHX,Strength,,,,80KG,170KG,208KG,,,46
46,Hannah Telling & Frances Campbell,ATHX GLASGOW 2026,United Kingdom 🇬🇧,2026,Female,ATHX,Strength,,,,78KG,160KG,220KG,,,46
48,Jen Armstrong & Jordyn Armstrong,ATHX GLASGOW 2026,United Kingdom 🇬🇧,2026,Female,ATHX,Strength,,,,78KG,173KG,205KG,,,48
49,Sophie Jolly & Angela Wilson,ATHX GLASGOW 2026,United Kingdom 🇬🇧,2026,Female,ATHX,Strength,,,,83KG,150KG,220KG,,,49
49,Elize McCulloch & Lucy Stanton,ATHX GLASGOW 2026,United Kingdom 🇬🇧,2026,Female,ATHX,Strength,,,,88KG,165KG,200KG,,,49
51,Lina Gosselin & Lauren McGuire,ATHX GLASGOW 2026,United Kingdom 🇬🇧,2026,Female,ATHX,Strength,,,,81KG,165KG,205KG,,,51
52,Sian Haddon & Kate Mackintosh,ATHX GLASGOW 2026,United Kingdom 🇬🇧,2026,Female,ATHX,Strength,,,,80KG,155KG,215KG,,,52
52,Rachael McDougall & Charlotte Wildman,ATHX GLASGOW 2026,United Kingdom 🇬🇧,2026,Female,ATHX,Strength,,,,75KG,170KG,205KG,,,52
52,Georgina Kitenge & Zoe Pompili,ATHX GLASGOW 2026,United Kingdom 🇬🇧,2026,Female,ATHX,Strength,,,,65KG,160KG,225KG,,,52
55,Caitlyn Simpson & Lauren Waterhouse,ATHX GLASGOW 2026,United Kingdom 🇬🇧,2026,Female,ATHX,Strength,,,,73KG,183KG,193KG,,,55
56,Lisa Charters & Mallory Robertson,ATHX GLASGOW 2026,United Kingdom 🇬🇧,2026,Female,ATHX,Strength,,,,70KG,175KG,200KG,,,56
57,Kristen Thompson-Ellis & Lauren McIntosh,ATHX GLASGOW 2026,United Kingdom 🇬🇧,2026,Female,ATHX,Strength,,,,75KG,165KG,203KG,,,57
58,Eilidh Macleod & Carla Clark,ATHX GLASGOW 2026,United Kingdom 🇬🇧,2026,Female,ATHX,Strength,,,,75KG,175KG,190KG,,,58
59,Aman Shergill & Catriona James,ATHX GLASGOW 2026,United Kingdom 🇬🇧,2026,Female,ATHX,Strength,,,,73KG,155KG,210KG,,,59
59,Kyra Fawcett & Benneta Paluca,ATHX GLASGOW 2026,United Kingdom 🇬🇧,2026,Female,ATHX,Strength,,,,88KG,160KG,190KG,,,59
59,Niamh Mcnally & Brenna Cruickshank,ATHX GLASGOW 2026,United Kingdom 🇬🇧,2026,Female,ATHX,Strength,,,,80KG,188KG,170KG,,,59
62,Sophie Porteous & Tara Reid,ATHX GLASGOW 2026,United Kingdom 🇬🇧,2026,Female,ATHX,Strength,,,,75KG,160KG,200KG,,,62
63,Kenna McArthur & Rachel Hough,ATHX GLASGOW 2026,United Kingdom 🇬🇧,2026,Female,ATHX,Strength,,,,83KG,150KG,200KG,,,63
63,Kimberley Martin & Zoe Duncan,ATHX GLASGOW 2026,United Kingdom 🇬🇧,2026,Female,ATHX,Strength,,,,80KG,175KG,178KG,,,63
63,Mairi McArthur & Jena Kohl,ATHX GLASGOW 2026,United Kingdom 🇬🇧,2026,Female,ATHX,Strength,,,,73KG,160KG,200KG,,,63
66,Jennifer Leslie & Zoe Bannerman,ATHX GLASGOW 2026,United Kingdom 🇬🇧,2026,Female,ATHX,Strength,,,,75KG,153KG,203KG,,,66
66,Megan Ramsay & Natalie Swanson,ATHX GLASGOW 2026,United Kingdom 🇬🇧,2026,Female,ATHX,Strength,,,,68KG,173KG,190KG,,,66
66,Erin Johnstone & Emily Claydon,ATHX GLASGOW 2026,United Kingdom 🇬🇧,2026,Female,ATHX,Strength,,,,78KG,145KG,208KG,,,66
66,Deanna Henderson & Lindsay Nygren,ATHX GLASGOW 2026,United Kingdom 🇬🇧,2026,Female,ATHX,Strength,,,,68KG,158KG,205KG,,,66
70,Logan Beaton & Morgan Beaton,ATHX GLASGOW 2026,United Kingdom 🇬🇧,2026,Female,ATHX,Strength,,,,75KG,160KG,195KG,,,70
70,Cori Dempster & vicki valentine,ATHX GLASGOW 2026,United Kingdom 🇬🇧,2026,Female,ATHX,Strength,,,,75KG,140KG,215KG,,,70
72,Kim Elcoate & Sian Purver,ATHX GLASGOW 2026,United Kingdom 🇬🇧,2026,Female,ATHX,Strength,,,,76KG,160KG,193KG,,,72
72,Ellis Stewart & Caitlin McCafferty,ATHX GLASGOW 2026,United Kingdom 🇬🇧,2026,Female,ATHX,Strength,,,,78KG,163KG,188KG,,,72
74,Fiona Oberheim & Kelly Porter,ATHX GLASGOW 2026,United Kingdom 🇬🇧,2026,Female,ATHX,Strength,,,,68KG,150KG,210KG,,,74
75,Natalie McDowall & Lauren Nisbet,ATHX GLASGOW 2026,United Kingdom 🇬🇧,2026,Female,ATHX,Strength,,,,76KG,155KG,195KG,,,75
76,Anne-Sophie Chalmet & Karen Simpson,ATHX GLASGOW 2026,United Kingdom 🇬🇧,2026,Female,ATHX,Strength,,,,80KG,160KG,185KG,,,76
77,Nicole Houston & Shannon Smith,ATHX GLASGOW 2026,United Kingdom 🇬🇧,2026,Female,ATHX,Strength,,,,71KG,163KG,190KG,,,77
78,Mandy Rayner & Devon Fox,ATHX GLASGOW 2026,United Kingdom 🇬🇧,2026,Female,ATHX,Strength,,,,73KG,160KG,190KG,,,78
79,Lacey Morrison & Amanda Scott,ATHX GLASGOW 2026,United Kingdom 🇬🇧,2026,Female,ATHX,Strength,,,,73KG,160KG,188KG,,,79
79,Lauren McCulloch & Eilidh Duncan,ATHX GLASGOW 2026,United Kingdom 🇬🇧,2026,Female,ATHX,Strength,,,,73KG,160KG,188KG,,,79
81,Louise McCoy & Stacey Mclagan,ATHX GLASGOW 2026,United Kingdom 🇬🇧,2026,Female,ATHX,Strength,,,,76KG,148KG,195KG,,,81
82,Aileen Sinclair & Laura Taylor,ATHX GLASGOW 2026,United Kingdom 🇬🇧,2026,Female,ATHX,Strength,,,,75KG,150KG,193KG,,,82
83,Vivian Henry & Fiona McEwan,ATHX GLASGOW 2026,United Kingdom 🇬🇧,2026,Female,ATHX,Strength,,,,78KG,143KG,195KG,,,83
84,Chelsea Shearer & Louise Cormack,ATHX GLASGOW 2026,United Kingdom 🇬🇧,2026,Female,ATHX,Strength,,,,73KG,153KG,188KG,,,84
84,Hollie Young & Jennifer Park,ATHX GLASGOW 2026,United Kingdom 🇬🇧,2026,Female,ATHX,Strength,,,,73KG,138KG,203KG,,,84
84,Heather Mclaughlin & Kathryn McKerrall,ATHX GLASGOW 2026,United Kingdom 🇬🇧,2026,Female,ATHX,Strength,,,,68KG,156KG,190KG,,,84
87,Rachel Harrison & Julie Millar,ATHX GLASGOW 2026,United Kingdom 🇬🇧,2026,Female,ATHX,Strength,,,,70KG,148KG,195KG,,,87
88,Marie Barrett & Gillian Wallace,ATHX GLASGOW 2026,United Kingdom 🇬🇧,2026,Female,ATHX,Strength,,,,70KG,155KG,185KG,,,88
89,Louise O’Brien & Ashley Malone,ATHX GLASGOW 2026,United Kingdom 🇬🇧,2026,Female,ATHX,Strength,,,,73KG,150KG,186KG,,,89
90,Ashley Clifford & Elspeth Peters,ATHX GLASGOW 2026,United Kingdom 🇬🇧,2026,Female,ATHX,Strength,,,,78KG,150KG,180KG,,,90
91,Hannah Ross & Shona Mcbean-kyle,ATHX GLASGOW 2026,United Kingdom 🇬🇧,2026,Female,ATHX,Strength,,,,63KG,155KG,188KG,,,91
91,Alison Dillon & Claire Mccormack,ATHX GLASGOW 2026,United Kingdom 🇬🇧,2026,Female,ATHX,Strength,,,,66KG,150KG,190KG,,,91
91,Zoe Neill & Kara McCann,ATHX GLASGOW 2026,United Kingdom 🇬🇧,2026,Female,ATHX,Strength,,,,65KG,153KG,188KG,,,91
94,Johanna Basford & Ruth McArthur,ATHX GLASGOW 2026,United Kingdom 🇬🇧,2026,Female,ATHX,Strength,,,,68KG,150KG,185KG,,,94
95,Tieghan McMullan & kirsty mcgillivray,ATHX GLASGOW 2026,United Kingdom 🇬🇧,2026,Female,ATHX,Strength,,,,71KG,153KG,178KG,,,95
96,Rachael De Luca & Becca Ross,ATHX GLASGOW 2026,United Kingdom 🇬🇧,2026,Female,ATHX,Strength,,,,70KG,150KG,180KG,,,96
96,Sophia Herne & Amy Duckworth,ATHX GLASGOW 2026,United Kingdom 🇬🇧,2026,Female,ATHX,Strength,,,,60KG,155KG,185KG,,,96
98,Lindsay Whiting & Ailie Walker,ATHX GLASGOW 2026,United Kingdom 🇬🇧,2026,Female,ATHX,Strength,,,,83KG,140KG,175KG,,,98
98,Charlotte Morphet & Lisa Askins,ATHX GLASGOW 2026,United Kingdom 🇬🇧,2026,Female,ATHX,Strength,,,,68KG,135KG,195KG,,,98
100,TL Mckigen & Julie Lyle,ATHX GLASGOW 2026,United Kingdom 🇬🇧,2026,Female,ATHX,Strength,,,,71KG,155KG,170KG,,,100
100,Jade Jackson-Burns & Megan Henderson,ATHX GLASGOW 2026,United Kingdom 🇬🇧,2026,Female,ATHX,Strength,,,,71KG,145KG,180KG,,,100
102,Charley McCourt & Stephanie Baggs,ATHX GLASGOW 2026,United Kingdom 🇬🇧,2026,Female,ATHX,Strength,,,,71KG,140KG,183KG,,,102
103,Shelley Tait & Stephanie Walker,ATHX GLASGOW 2026,United Kingdom 🇬🇧,2026,Female,ATHX,Strength,,,,78KG,130KG,183KG,,,103
104,Lucy Oram & Georgia Van Embden,ATHX GLASGOW 2026,United Kingdom 🇬🇧,2026,Female,ATHX,Strength,,,,83KG,140KG,165KG,,,104
105,Laura Hall & Christine Little,ATHX GLASGOW 2026,United Kingdom 🇬🇧,2026,Female,ATHX,Strength,,,,80KG,145KG,160KG,,,105
106,Caroline Thomson & Lara Campana,ATHX GLASGOW 2026,United Kingdom 🇬🇧,2026,Female,ATHX,Strength,,,,68KG,138KG,178KG,,,106
107,Caroline Holmes & Amiee Lauchlan,ATHX GLASGOW 2026,United Kingdom 🇬🇧,2026,Female,ATHX,Strength,,,,71KG,140KG,170KG,,,107
108,Zoe Gillespie & Nicole nicole-perkins@hotmail.co.uk,ATHX GLASGOW 2026,United Kingdom 🇬🇧,2026,Female,ATHX,Strength,,,,70KG,120KG,190KG,,,108
109,Sophie Richardson & Katie Stringwell,ATHX GLASGOW 2026,United Kingdom 🇬🇧,2026,Female,ATHX,Strength,,,,63KG,141KG,175KG,,,109
110,Carla Bartholomew & Kirsty Sinclair,ATHX GLASGOW 2026,United Kingdom 🇬🇧,2026,Female,ATHX,Strength,,,,60KG,135KG,183KG,,,110
111,Jenny Andrew & Lorna MacInnes,ATHX GLASGOW 2026,United Kingdom 🇬🇧,2026,Female,ATHX,Strength,,,,61KG,130KG,186KG,,,111
112,Pamela Hutchison & Chantelle Cameron,ATHX GLASGOW 2026,United Kingdom 🇬🇧,2026,Female,ATHX,Strength,,,,66KG,135KG,175KG,,,112
113,Jessica Chen & Adjoa Shirkie,ATHX GLASGOW 2026,United Kingdom 🇬🇧,2026,Female,ATHX,Strength,,,,68KG,130KG,176KG,,,113
114,Jolene Ferguson & Mary McClung,ATHX GLASGOW 2026,United Kingdom 🇬🇧,2026,Female,ATHX,Strength,,,,63KG,135KG,173KG,,,114
115,Nicole Totty & Molly Scott,ATHX GLASGOW 2026,United Kingdom 🇬🇧,2026,Female,ATHX,Strength,,,,73KG,131KG,165KG,,,115
116,Fiona Hunter & Nicole Wilson,ATHX GLASGOW 2026,United Kingdom 🇬🇧,2026,Female,ATHX,Strength,,,,66KG,120KG,178KG,,,116
117,Mairead Sweeney & Ashley Stewart,ATHX GLASGOW 2026,United Kingdom 🇬🇧,2026,Female,ATHX,Strength,,,,68KG,130KG,165KG,,,117
118,Laura Coombs & Victoria Sweeney,ATHX GLASGOW 2026,United Kingdom 🇬🇧,2026,Female,ATHX,Strength,,,,66KG,133KG,163KG,,,118
119,Jenna Almutawa & Grace Nicoll,ATHX GLASGOW 2026,United Kingdom 🇬🇧,2026,Female,ATHX,Strength,,,,63KG,133KG,165KG,,,119
120,Johanna Smith & Ashleigh Mustard,ATHX GLASGOW 2026,United Kingdom 🇬🇧,2026,Female,ATHX,Strength,,,,65KG,120KG,175KG,,,120
121,Briony Melrose & Lauren Wood,ATHX GLASGOW 2026,United Kingdom 🇬🇧,2026,Female,ATHX,Strength,,,,69KG,140KG,150KG,,,121
121,Sophie Main & Niamh Boyle,ATHX GLASGOW 2026,United Kingdom 🇬🇧,2026,Female,ATHX,Strength,,,,53KG,128KG,178KG,,,121
123,Rachael McGoldrick & Katie Lawrie,ATHX GLASGOW 2026,United Kingdom 🇬🇧,2026,Female,ATHX,Strength,,,,70KG,123KG,165KG,,,123
124,Susan Campbell & Vickie de Vries,ATHX GLASGOW 2026,United Kingdom 🇬🇧,2026,Female,ATHX,Strength,,,,66KG,125KG,165KG,,,124
125,Eilidh Scott & Emily Bell,ATHX GLASGOW 2026,United Kingdom 🇬🇧,2026,Female,ATHX,Strength,,,,63KG,130KG,148KG,,,125
126,Nadia Hutchins & Laleh Haji,ATHX GLASGOW 2026,United Kingdom 🇬🇧,2026,Female,ATHX,Strength,,,,60KG,120KG,160KG,,,126
127,Gaynor McCashey & Emma Whittingham,ATHX GLASGOW 2026,United Kingdom 🇬🇧,2026,Female,ATHX,Strength,,,,58KG,120KG,160KG,,,127
128,Georgina Arksey & Laura Chappell,ATHX GLASGOW 2026,United Kingdom 🇬🇧,2026,Female,ATHX,Strength,,,,73KG,103KG,160KG,,,128
129,Ashleigh Jenkins & Heather Douglas,ATHX GLASGOW 2026,United Kingdom 🇬🇧,2026,Female,ATHX,Strength,,,,66KG,115KG,150KG,,,129
130,Michelle liddell & Kimberly Mcilwham,ATHX GLASGOW 2026,United Kingdom 🇬🇧,2026,Female,ATHX,Strength,,,,56KG,120KG,150KG,,,130
131,Erin Fullerton & Rosie Harvey,ATHX GLASGOW 2026,United Kingdom 🇬🇧,2026,Female,ATHX,Strength,,,,60KG,125KG,135KG,,,131
132,Rachel Muir & Paige Anderson,ATHX GLASGOW 2026,United Kingdom 🇬🇧,2026,Female,ATHX,Strength,,,,61KG,120KG,135KG,,,132
133,Samara Croft & Caitlin Turner,ATHX GLASGOW 2026,United Kingdom 🇬🇧,2026,Female,ATHX,Strength,,,,63KG,103KG,145KG,,,133
134,Julie Stevenson & Caroline Morris,ATHX GLASGOW 2026,United Kingdom 🇬🇧,2026,Female,ATHX,Strength,,,,55KG,78KG,148KG,,,134
135,Ciara Connolly & Lisa Clancy,ATHX GLASGOW 2026,United Kingdom 🇬🇧,2026,Female,ATHX,Strength,,,,59KG,80KG,123KG,,,135
136,Clodagh Shevlane & Christie McCann,ATHX GLASGOW 2026,United Kingdom 🇬🇧,2026,Female,ATHX,Strength,,,,45KG,106KG,110KG,,,136
1,Rachael Parkinson & Joe Robinson,ATHX GLASGOW 2026,United Kingdom 🇬🇧,2026,Mixed,ATHX,Strength,,,,150KG,320KG,380KG,,,1
2,Lucy Lloyd & Lukasz Debek,ATHX GLASGOW 2026,United Kingdom 🇬🇧,2026,Mixed,ATHX,Strength,,,,160KG,305KG,343KG,,,2
3,Anthony Cheetham & Rachel Cheetham,ATHX GLASGOW 2026,United Kingdom 🇬🇧,2026,Mixed,ATHX,Strength,,,,128KG,285KG,325KG,,,3
4,Maisey Thomas & James Beaumont,ATHX GLASGOW 2026,United Kingdom 🇬🇧,2026,Mixed,ATHX,Strength,,,,155KG,260KG,320KG,,,4
5,Shona Massey & Guy Hopson,ATHX GLASGOW 2026,United Kingdom 🇬🇧,2026,Mixed,ATHX,Strength,,,,120KG,280KG,330KG,,,5
6,Lucy Brundish & Ben Kimber,ATHX GLASGOW 2026,United Kingdom 🇬🇧,2026,Mixed,ATHX,Strength,,,,135KG,260KG,325KG,,,6
7,Clare Webster & Adam Cameron,ATHX GLASGOW 2026,United Kingdom 🇬🇧,2026,Mixed,ATHX,Strength,,,,115KG,277KG,305KG,,,7
8,Scott Ross & Gemma Ross,ATHX GLASGOW 2026,United Kingdom 🇬🇧,2026,Mixed,ATHX,Strength,,,,146KG,270KG,278KG,,,8
9,Rachel Woods & Kieran Greene,ATHX GLASGOW 2026,United Kingdom 🇬🇧,2026,Mixed,ATHX,Strength,,,,130KG,260KG,300KG,,,9
10,Emily McKenzie & Joshua Nutton,ATHX GLASGOW 2026,United Kingdom 🇬🇧,2026,Mixed,ATHX,Strength,,,,125KG,245KG,310KG,,,10
11,Nicole Chatila & David Armstrong,ATHX GLASGOW 2026,United Kingdom 🇬🇧,2026,Mixed,ATHX,Strength,,,,130KG,245KG,295KG,,,11
12,Michael Robertson & Emmerleigh Barter,ATHX GLASGOW 2026,United Kingdom 🇬🇧,2026,Mixed,ATHX,Strength,,,,118KG,260KG,290KG,,,12
13,David Boles & India Isles,ATHX GLASGOW 2026,United Kingdom 🇬🇧,2026,Mixed,ATHX,Strength,,,,128KG,245KG,285KG,,,13
14,Jodi Williamson & Rory Hindhaugh,ATHX GLASGOW 2026,United Kingdom 🇬🇧,2026,Mixed,ATHX,Strength,,,,110KG,255KG,290KG,,,14
15,Barry Stephen & Jacqui Marwick,ATHX GLASGOW 2026,United Kingdom 🇬🇧,2026,Mixed,ATHX,Strength,,,,113KG,240KG,300KG,,,15
16,Jordan Thomson & Becky Mazzarelli,ATHX GLASGOW 2026,United Kingdom 🇬🇧,2026,Mixed,ATHX,Strength,,,,120KG,240KG,290KG,,,16
17,Felix Melling & Naomi McMinn,ATHX GLASGOW 2026,United Kingdom 🇬🇧,2026,Mixed,ATHX,Strength,,,,123KG,230KG,290KG,,,17
18,Ross Flockhart & Shona Harrison,ATHX GLASGOW 2026,United Kingdom 🇬🇧,2026,Mixed,ATHX,Strength,,,,110KG,230KG,300KG,,,18
19,John Smith & Jodie Lilley,ATHX GLASGOW 2026,United Kingdom 🇬🇧,2026,Mixed,ATHX,Strength,,,,135KG,215KG,285KG,,,19
19,Paige Hendry & Aiden Dunkley,ATHX GLASGOW 2026,United Kingdom 🇬🇧,2026,Mixed,ATHX,Strength,,,,125KG,240KG,270KG,,,19
21,Caitlin Mckenzie & Jack Williams,ATHX GLASGOW 2026,United Kingdom 🇬🇧,2026,Mixed,ATHX,Strength,,,,115KG,240KG,278KG,,,21
22,Christopher Omand & Ruth Omand,ATHX GLASGOW 2026,United Kingdom 🇬🇧,2026,Mixed,ATHX,Strength,,,,110KG,240KG,280KG,,,22
22,Ethan Running & Suzie Stuart,ATHX GLASGOW 2026,United Kingdom 🇬🇧,2026,Mixed,ATHX,Strength,,,,110KG,235KG,285KG,,,22
24,Scott Hurn & Lianne Campbell,ATHX GLASGOW 2026,United Kingdom 🇬🇧,2026,Mixed,ATHX,Strength,,,,113KG,240KG,271KG,,,24
25,Jordan Reece Dunne & Farah Fonseca,ATHX GLASGOW 2026,United Kingdom 🇬🇧,2026,Mixed,ATHX,Strength,,,,110KG,210KG,300KG,,,25
26,Michelle Brown & David Shorter,ATHX GLASGOW 2026,United Kingdom 🇬🇧,2026,Mixed,ATHX,Strength,,,,103KG,250KG,265KG,,,26
27,Malaika Martin & Francis Stephenson,ATHX GLASGOW 2026,United Kingdom 🇬🇧,2026,Mixed,ATHX,Strength,,,,108KG,220KG,283KG,,,27
28,Jasmine Smith & Jack Hedges,ATHX GLASGOW 2026,United Kingdom 🇬🇧,2026,Mixed,ATHX,Strength,,,,121KG,223KG,265KG,,,28
29,Paul Sherlock & Anna Starkey,ATHX GLASGOW 2026,United Kingdom 🇬🇧,2026,Mixed,ATHX,Strength,,,,120KG,198KG,290KG,,,29
29,Andrew MCCULLEY & Natasha Bechelli,ATHX GLASGOW 2026,United Kingdom 🇬🇧,2026,Mixed,ATHX,Strength,,,,118KG,220KG,270KG,,,29
29,Candy Moreira & Callum Stewart,ATHX GLASGOW 2026,United Kingdom 🇬🇧,2026,Mixed,ATHX,Strength,,,,103KG,230KG,275KG,,,29
32,Paul Dawson & Laura Chambers,ATHX GLASGOW 2026,United Kingdom 🇬🇧,2026,Mixed,ATHX,Strength,,,,113KG,220KG,270KG,,,32
33,Alexandra Sakhatova & William Hastings,ATHX GLASGOW 2026,United Kingdom 🇬🇧,2026,Mixed,ATHX,Strength,,,,110KG,221KG,268KG,,,33
34,Leigh Leslie & Angus Leslie,ATHX GLASGOW 2026,United Kingdom 🇬🇧,2026,Mixed,ATHX,Strength,,,,113KG,210KG,275KG,,,34
35,Alice Wilkinson & Matthew Graham,ATHX GLASGOW 2026,United Kingdom 🇬🇧,2026,Mixed,ATHX,Strength,,,,118KG,200KG,270KG,,,35
36,Laura Anderson & Scott Anderson,ATHX GLASGOW 2026,United Kingdom 🇬🇧,2026,Mixed,ATHX,Strength,,,,110KG,220KG,255KG,,,36
36,Tom Hill & Louise Smith,ATHX GLASGOW 2026,United Kingdom 🇬🇧,2026,Mixed,ATHX,Strength,,,,100KG,215KG,270KG,,,36
36,Craig Sankey & Claire Sankey,ATHX GLASGOW 2026,United Kingdom 🇬🇧,2026,Mixed,ATHX,Strength,,,,110KG,220KG,255KG,,,36
36,Garey Thomson & Jennifer Smith,ATHX GLASGOW 2026,United Kingdom 🇬🇧,2026,Mixed,ATHX,Strength,,,,125KG,200KG,260KG,,,36
36,Rachel Lind & Cameron McPherson,ATHX GLASGOW 2026,United Kingdom 🇬🇧,2026,Mixed,ATHX,Strength,,,,115KG,220KG,250KG,,,36
41,Charlotte Connolly & Francis Connolly,ATHX GLASGOW 2026,United Kingdom 🇬🇧,2026,Mixed,ATHX,Strength,,,,118KG,200KG,265KG,,,41
41,craig cameron & Francesca Cameron,ATHX GLASGOW 2026,United Kingdom 🇬🇧,2026,Mixed,ATHX,Strength,,,,113KG,210KG,260KG,,,41
43,Aimee Robb & Andrew Cruddas,ATHX GLASGOW 2026,United Kingdom 🇬🇧,2026,Mixed,ATHX,Strength,,,,103KG,215KG,260KG,,,43
44,Dom Buckley & Sarah Dagg,ATHX GLASGOW 2026,United Kingdom 🇬🇧,2026,Mixed,ATHX,Strength,,,,108KG,218KG,250KG,,,44
45,Dylan Diamond & ellie cassels,ATHX GLASGOW 2026,United Kingdom 🇬🇧,2026,Mixed,ATHX,Strength,,,,111KG,200KG,260KG,,,45
46,SCOTT WILSON & Katrina Foster,ATHX GLASGOW 2026,United Kingdom 🇬🇧,2026,Mixed,ATHX,Strength,,,,115KG,195KG,260KG,,,46
47,Karen Oneill & Brian Gallacher,ATHX GLASGOW 2026,United Kingdom 🇬🇧,2026,Mixed,ATHX,Strength,,,,98KG,220KG,250KG,,,47
48,Sara Lanci & Luca Albertini,ATHX GLASGOW 2026,United Kingdom 🇬🇧,2026,Mixed,ATHX,Strength,,,,98KG,216KG,253KG,,,48
49,Aimee Locke & Daniel Day,ATHX GLASGOW 2026,United Kingdom 🇬🇧,2026,Mixed,ATHX,Strength,,,,105KG,210KG,250KG,,,49
50,Priya Panesar & Rishi Panesar,ATHX GLASGOW 2026,United Kingdom 🇬🇧,2026,Mixed,ATHX,Strength,,,,105KG,205KG,250KG,,,50
51,Michael Brady & Hannah Brady,ATHX GLASGOW 2026,United Kingdom 🇬🇧,2026,Mixed,ATHX,Strength,,,,105KG,225KG,228KG,,,51
52,Shaun Thompson & Kate Sutherland,ATHX GLASGOW 2026,United Kingdom 🇬🇧,2026,Mixed,ATHX,Strength,,,,120KG,195KG,235KG,,,52
53,Paul Baillie & Lisa Bailie,ATHX GLASGOW 2026,United Kingdom 🇬🇧,2026,Mixed,ATHX,Strength,,,,98KG,190KG,260KG,,,53
54,Oliver Wright & Asja Atikovic,ATHX GLASGOW 2026,United Kingdom 🇬🇧,2026,Mixed,ATHX,Strength,,,,95KG,205KG,240KG,,,54
55,Julie Sanft & Quintan Sanft,ATHX GLASGOW 2026,United Kingdom 🇬🇧,2026,Mixed,ATHX,Strength,,,,123KG,150KG,265KG,,,55
56,Caitlin Maley & Mario Girasoli,ATHX GLASGOW 2026,United Kingdom 🇬🇧,2026,Mixed,ATHX,Strength,,,,114KG,173KG,250KG,,,56
57,Nicolle McBean & Gregor Bain,ATHX GLASGOW 2026,United Kingdom 🇬🇧,2026,Mixed,ATHX,Strength,,,,101KG,185KG,250KG,,,57
57,Aileen Murdoch & Anthony Boyce,ATHX GLASGOW 2026,United Kingdom 🇬🇧,2026,Mixed,ATHX,Strength,,,,91KG,200KG,245KG,,,57
59,Jenna Low & Ryan Paxton,ATHX GLASGOW 2026,United Kingdom 🇬🇧,2026,Mixed,ATHX,Strength,,,,93KG,188KG,250KG,,,59
59,Stephanie Mackenzie & Ed Mackenzie,ATHX GLASGOW 2026,United Kingdom 🇬🇧,2026,Mixed,ATHX,Strength,,,,121KG,200KG,210KG,,,59
61,Tagan Lawson & Ryan Newall,ATHX GLASGOW 2026,United Kingdom 🇬🇧,2026,Mixed,ATHX,Strength,,,,100KG,190KG,240KG,,,61
61,David Hair & Ceri Hair,ATHX GLASGOW 2026,United Kingdom 🇬🇧,2026,Mixed,ATHX,Strength,,,,90KG,200KG,240KG,,,61
61,Mollie Cassidy & Rhys Lowis,ATHX GLASGOW 2026,United Kingdom 🇬🇧,2026,Mixed,ATHX,Strength,,,,115KG,205KG,210KG,,,61
61,KYLE Colville & Rebecca Croll,ATHX GLASGOW 2026,United Kingdom 🇬🇧,2026,Mixed,ATHX,Strength,,,,100KG,180KG,250KG,,,61
61,Luke Moffoot & Alanya Rigg,ATHX GLASGOW 2026,United Kingdom 🇬🇧,2026,Mixed,ATHX,Strength,,,,105KG,180KG,245KG,,,61
66,Isabel Dutton & Ryan Dudley,ATHX GLASGOW 2026,United Kingdom 🇬🇧,2026,Mixed,ATHX,Strength,,,,88KG,185KG,250KG,,,66
67,Martin Irvine & Taylor Hood,ATHX GLASGOW 2026,United Kingdom 🇬🇧,2026,Mixed,ATHX,Strength,,,,100KG,190KG,230KG,,,67
68,Dougie Stevenson & Annabelle Leitch,ATHX GLASGOW 2026,United Kingdom 🇬🇧,2026,Mixed,ATHX,Strength,,,,93KG,190KG,235KG,,,68
69,Gemma Ross & Jim Brosnan,ATHX GLASGOW 2026,United Kingdom 🇬🇧,2026,Mixed,ATHX,Strength,,,,118KG,210KG,188KG,,,69
70,Justine Milne & Brad Stokes,ATHX GLASGOW 2026,United Kingdom 🇬🇧,2026,Mixed,ATHX,Strength,,,,103KG,190KG,220KG,,,70
71,Ross Morgan & Esme Reed,ATHX GLASGOW 2026,United Kingdom 🇬🇧,2026,Mixed,ATHX,Strength,,,,91KG,210KG,210KG,,,71
72,David Moon & Tracy Williamson,ATHX GLASGOW 2026,United Kingdom 🇬🇧,2026,Mixed,ATHX,Strength,,,,103KG,190KG,215KG,,,72
73,Angus Johnstone & Alison Williams,ATHX GLASGOW 2026,United Kingdom 🇬🇧,2026,Mixed,ATHX,Strength,,,,93KG,175KG,235KG,,,73
74,Meghan Thomson & Scott Trevarthen,ATHX GLASGOW 2026,United Kingdom 🇬🇧,2026,Mixed,ATHX,Strength,,,,86KG,190KG,225KG,,,74
75,Ruaridh Henderson & Marie Wilson,ATHX GLASGOW 2026,United Kingdom 🇬🇧,2026,Mixed,ATHX,Strength,,,,95KG,180KG,225KG,,,75
76,Stuart Rae & Christine Rae,ATHX GLASGOW 2026,United Kingdom 🇬🇧,2026,Mixed,ATHX,Strength,,,,100KG,155KG,240KG,,,76
77,Emma Heggarty & Chris Heggarty,ATHX GLASGOW 2026,United Kingdom 🇬🇧,2026,Mixed,ATHX,Strength,,,,93KG,185KG,215KG,,,77
77,Leeann Keenan & Martin McCann,ATHX GLASGOW 2026,United Kingdom 🇬🇧,2026,Mixed,ATHX,Strength,,,,98KG,165KG,230KG,,,77
79,Tim McKeown & Emily Bond,ATHX GLASGOW 2026,United Kingdom 🇬🇧,2026,Mixed,ATHX,Strength,,,,90KG,180KG,220KG,,,79
80,Francesca Cocchia & Michael Smith,ATHX GLASGOW 2026,United Kingdom 🇬🇧,2026,Mixed,ATHX,Strength,,,,90KG,188KG,210KG,,,80
81,Thomas Jackson & Emma Jackson,ATHX GLASGOW 2026,United Kingdom 🇬🇧,2026,Mixed,ATHX,Strength,,,,103KG,178KG,205KG,,,81
82,Megan Burley & Christopher Kay,ATHX GLASGOW 2026,United Kingdom 🇬🇧,2026,Mixed,ATHX,Strength,,,,98KG,170KG,210KG,,,82
83,Rebecca Munro & Adam Munro,ATHX GLASGOW 2026,United Kingdom 🇬🇧,2026,Mixed,ATHX,Strength,,,,93KG,160KG,220KG,,,83
83,Aynsley Torrance & Alasdair Henderson,ATHX GLASGOW 2026,United Kingdom 🇬🇧,2026,Mixed,ATHX,Strength,,,,88KG,155KG,230KG,,,83
85,Erin Meehan & Andrew Morrison,ATHX GLASGOW 2026,United Kingdom 🇬🇧,2026,Mixed,ATHX,Strength,,,,85KG,175KG,210KG,,,85
86,Caroline Bagshaw & Chris Bagshaw,ATHX GLASGOW 2026,United Kingdom 🇬🇧,2026,Mixed,ATHX,Strength,,,,95KG,160KG,210KG,,,86
87,Lee Kovacs & Sarah Weston,ATHX GLASGOW 2026,United Kingdom 🇬🇧,2026,Mixed,ATHX,Strength,,,,88KG,173KG,200KG,,,87
88,Lainey Scott-Campbell & Derek Clifford,ATHX GLASGOW 2026,United Kingdom 🇬🇧,2026,Mixed,ATHX,Strength,,,,103KG,165KG,190KG,,,88
89,Tim Barron & Georgia Rixon,ATHX GLASGOW 2026,United Kingdom 🇬🇧,2026,Mixed,ATHX,Strength,,,,83KG,165KG,205KG,,,89
90,Meg McLean & Mark O'Mailley,ATHX GLASGOW 2026,United Kingdom 🇬🇧,2026,Mixed,ATHX,Strength,,,,93KG,188KG,165KG,,,90
91,Hazel Sibbald & Jordan Sibbald,ATHX GLASGOW 2026,United Kingdom 🇬🇧,2026,Mixed,ATHX,Strength,,,,85KG,180KG,175KG,,,91
91,Louise Markwick & Matthew Markwick,ATHX GLASGOW 2026,United Kingdom 🇬🇧,2026,Mixed,ATHX,Strength,,,,85KG,160KG,195KG,,,91
93,Jake Hankins & Lisa Wimmer,ATHX GLASGOW 2026,United Kingdom 🇬🇧,2026,Mixed,ATHX,Strength,,,,128KG,1KG,310KG,,,93
94,Sarah Frewin & Rich Peacock,ATHX GLASGOW 2026,United Kingdom 🇬🇧,2026,Mixed,ATHX,Strength,,,,96KG,145KG,195KG,,,94
94,Siobhan Connolly & David Pearson,ATHX GLASGOW 2026,United Kingdom 🇬🇧,2026,Mixed,ATHX,Strength,,,,83KG,140KG,213KG,,,94
96,Glyn Broadhurst & Sara Wilson,ATHX GLASGOW 2026,United Kingdom 🇬🇧,2026,Mixed,ATHX,Strength,,,,95KG,160KG,180KG,,,96
96,Emily Divine & Fraser Kennedy,ATHX GLASGOW 2026,United Kingdom 🇬🇧,2026,Mixed,ATHX,Strength,,,,100KG,130KG,205KG,,,96
98,Jessica Harris & Delyar Baker,ATHX GLASGOW 2026,United Kingdom 🇬🇧,2026,Mixed,ATHX,Strength,,,,80KG,150KG,200KG,,,98
99,Jake Flint & Amy Lowe,ATHX GLASGOW 2026,United Kingdom 🇬🇧,2026,Mixed,ATHX,Strength,,,,86KG,155KG,185KG,,,99
100,Ashley Mackay & Jim Mackay,ATHX GLASGOW 2026,United Kingdom 🇬🇧,2026,Mixed,ATHX,Strength,,,,75KG,170KG,180KG,,,100
101,Ingrid Taylor & Euan Kember,ATHX GLASGOW 2026,United Kingdom 🇬🇧,2026,Mixed,ATHX,Strength,,,,85KG,140KG,180KG,,,101
102,Frankie Johnston & Reuben Wilson,ATHX GLASGOW 2026,United Kingdom 🇬🇧,2026,Mixed,ATHX,Strength,,,,88KG,135KG,180KG,,,102
103,Dougie Whiteford & Erin Howieson,ATHX GLASGOW 2026,United Kingdom 🇬🇧,2026,Mixed,ATHX,Strength,,,,81KG,145KG,175KG,,,103
104,Ella Ozikiz & william Faulkner,ATHX GLASGOW 2026,United Kingdom 🇬🇧,2026,Mixed,ATHX,Strength,,,,75KG,150KG,170KG,,,104
105,Shona Ramsay & Ross Macmillan.,ATHX GLASGOW 2026,United Kingdom 🇬🇧,2026,Mixed,ATHX,Strength,,,,88KG,130KG,175KG,,,105
106,Jemima Mackenzie & Felix Hodson,ATHX GLASGOW 2026,United Kingdom 🇬🇧,2026,Mixed,ATHX,Strength,,,,85KG,130KG,160KG,,,106
107,Dave Wade & Esme Anderson,ATHX GLASGOW 2026,United Kingdom 🇬🇧,2026,Mixed,ATHX,Strength,,,,115KG,65KG,185KG,,,107
108,Donal Rodgers & Rachel Sinclair,ATHX GLASGOW 2026,United Kingdom 🇬🇧,2026,Mixed,ATHX,Strength,,,,73KG,88KG,183KG,,,108
109,Lauren Thomson & Callan McKay,ATHX GLASGOW 2026,United Kingdom 🇬🇧,2026,Mixed,ATHX,Strength,,,,58KG,103KG,158KG,,,109
110,Milly Smith & Scott Cruickshanks,ATHX GLASGOW 2026,United Kingdom 🇬🇧,2026,Mixed,ATHX,Strength,,,,66KG,105KG,141KG,,,110
1,Harry Friar & Ollie Boreham,ATHX GLASGOW 2026,United Kingdom 🇬🇧,2026,Male,ATHX Lite,Overall,6 (578KG),1 (8.6KM),1 (12:42),,,,,,8
2,Jordan Scott & Ryan Anderson,ATHX GLASGOW 2026,United Kingdom 🇬🇧,2026,Male,ATHX Lite,Overall,1 (900KG),7 (7.563KM),2 (12:45),,,,,,10
3,steven gilchrist & Stuart Cameron,ATHX GLASGOW 2026,United Kingdom 🇬🇧,2026,Male,ATHX Lite,Overall,3 (678KG),4 (8.068KM),3 (12:49),,,,,,10
4,Stuart Leatherbarrow & Martin Spence,ATHX GLASGOW 2026,United Kingdom 🇬🇧,2026,Male,ATHX Lite,Overall,4 (663KG),3 (8.092KM),4 (13:11),,,,,,11
5,Ian Campbell & Charlie Jee,ATHX GLASGOW 2026,United Kingdom 🇬🇧,2026,Male,ATHX Lite,Overall,5 (660KG),2 (8.596KM),5 (13:27),,,,,,12
6,Ignacio Medina Marchant & Duncan Collard,ATHX GLASGOW 2026,United Kingdom 🇬🇧,2026,Male,ATHX Lite,Overall,2 (711KG),6 (7.913KM),6 (16:53),,,,,,14
7,Neil Thompson & Peter Armitage-Scott,ATHX GLASGOW 2026,United Kingdom 🇬🇧,2026,Male,ATHX Lite,Overall,8 (473KG),5 (7.941KM),7 (18:58),,,,,,20
8,Stefan O'Connor & Gary Elwin,ATHX GLASGOW 2026,United Kingdom 🇬🇧,2026,Male,ATHX Lite,Overall,7 (528KG),8 (7.382KM),8 (19:01),,,,,,23
1,Jamie Hill & Joe Porter,ATHX GLASGOW 2026,United Kingdom 🇬🇧,2026,Male,ATHX Pro,Strength,,,,183KG,376KG,438KG,,,1
2,Brandon Mills & Dale Wright,ATHX GLASGOW 2026,United Kingdom 🇬🇧,2026,Male,ATHX Pro,Strength,,,,178KG,365KG,440KG,,,2
3,Jake Wright & Rory McAusland,ATHX GLASGOW 2026,United Kingdom 🇬🇧,2026,Male,ATHX Pro,Strength,,,,180KG,360KG,395KG,,,3
4,Lee Moffat & John Mcindoe,ATHX GLASGOW 2026,United Kingdom 🇬🇧,2026,Male,ATHX Pro,Strength,,,,185KG,330KG,400KG,,,4
5,Fraser fgmclark@gmail.com & Huw Davis,ATHX GLASGOW 2026,United Kingdom 🇬🇧,2026,Male,ATHX Pro,Strength,,,,185KG,315KG,390KG,,,5
6,Stuart McIntosh & Max Hepburn,ATHX GLASGOW 2026,United Kingdom 🇬🇧,2026,Male,ATHX Pro,Strength,,,,158KG,320KG,400KG,,,6
7,Aaron lees & Lewis Ross,ATHX GLASGOW 2026,United Kingdom 🇬🇧,2026,Male,ATHX Pro,Strength,,,,160KG,310KG,406KG,,,7
8,David McSorley & craig thomson,ATHX GLASGOW 2026,United Kingdom 🇬🇧,2026,Male,ATHX Pro,Strength,,,,173KG,300KG,370KG,,,8
9,Connor Martin & Murray Scott,ATHX GLASGOW 2026,United Kingdom 🇬🇧,2026,Male,ATHX Pro,Strength,,,,165KG,300KG,373KG,,,9
10,Liam Taggart & Peter Johnstone,ATHX GLASGOW 2026,United Kingdom 🇬🇧,2026,Male,ATHX Pro,Strength,,,,145KG,320KG,360KG,,,10
11,Gary Dixon & Martin Shaw,ATHX GLASGOW 2026,United Kingdom 🇬🇧,2026,Male,ATHX Pro,Strength,,,,155KG,310KG,350KG,,,11
12,Pablo Hernández Olivares & Javier Hernández Olivares,ATHX GLASGOW 2026,United Kingdom 🇬🇧,2026,Male,ATHX Pro,Strength,,,,155KG,295KG,363KG,,,12
13,Tony Murphy & Dean Flannery,ATHX GLASGOW 2026,United Kingdom 🇬🇧,2026,Male,ATHX Pro,Strength,,,,160KG,280KG,370KG,,,13
14,Alex Boltom & Todd Brooks,ATHX GLASGOW 2026,United Kingdom 🇬🇧,2026,Male,ATHX Pro,Strength,,,,150KG,290KG,365KG,,,14
15,Richard Woolley & Stefan Humphries,ATHX GLASGOW 2026,United Kingdom 🇬🇧,2026,Male,ATHX Pro,Strength,,,,160KG,253KG,370KG,,,15
16,Nathan Whitworth & Nyle Godsmark,ATHX GLASGOW 2026,United Kingdom 🇬🇧,2026,Male,ATHX Pro,Strength,,,,160KG,270KG,340KG,,,16
17,Richard Whyte & Sean Hadden,ATHX GLASGOW 2026,United Kingdom 🇬🇧,2026,Male,ATHX Pro,Strength,,,,140KG,270KG,355KG,,,17
18,Matthew Grieh & Cameron Anderson,ATHX GLASGOW 2026,United Kingdom 🇬🇧,2026,Male,ATHX Pro,Strength,,,,135KG,260KG,315KG,,,18
19,Sam Menzies & Christopher Binks,ATHX GLASGOW 2026,United Kingdom 🇬🇧,2026,Male,ATHX Pro,Strength,,,,135KG,240KG,300KG,,,19
20,David Allan & Riccardo Gallo,ATHX GLASGOW 2026,United Kingdom 🇬🇧,2026,Male,ATHX Pro,Strength,,,,155KG,210KG,270KG,,,20
21,Euan Watters & Jason Nouri,ATHX GLASGOW 2026,United Kingdom 🇬🇧,2026,Male,ATHX Pro,Strength,,,,123KG,200KG,280KG,,,21
1,Lynsey Robison & Emma Telfer,ATHX GLASGOW 2026,United Kingdom 🇬🇧,2026,Female,ATHX,Overall,20 (490KG),1 (9.454KM),1 (13:41),,,,,,22
2,Roberta Gallacher & Claire Hyslop,ATHX GLASGOW 2026,United Kingdom 🇬🇧,2026,Female,ATHX,Overall,7 (530KG),17 (8.74KM),6 (15:23),,,,,,30
3,Lucy Tomlinson & Megan Arnott,ATHX GLASGOW 2026,United Kingdom 🇬🇧,2026,Female,ATHX,Overall,5 (533KG),7 (8.92KM),22 (16:22),,,,,,34
4,Alix Johnston & Morgan Smith,ATHX GLASGOW 2026,United Kingdom 🇬🇧,2026,Female,ATHX,Overall,1 (591KG),20 (8.716KM),14 (15:50),,,,,,35
5,Kristi Barr & Claire Cochrane,ATHX GLASGOW 2026,United Kingdom 🇬🇧,2026,Female,ATHX,Overall,2 (564KG),15 (8.76KM),20 (16:12),,,,,,37
6,Sophie Piper & Abi Everett,ATHX GLASGOW 2026,United Kingdom 🇬🇧,2026,Female,ATHX,Overall,10 (521KG),12 (8.829KM),19 (16:04),,,,,,41
7,sophie smith & Laura Seggie,ATHX GLASGOW 2026,United Kingdom 🇬🇧,2026,Female,ATHX,Overall,22 (483KG),4 (9.04KM),16 (15:54),,,,,,42
8,Hannah Anderson & Hannah Forrest,ATHX GLASGOW 2026,United Kingdom 🇬🇧,2026,Female,ATHX,Overall,4 (535KG),30 (8.543KM),10 (15:36),,,,,,44
9,Joda Quigley & Paige Wells,ATHX GLASGOW 2026,United Kingdom 🇬🇧,2026,Female,ATHX,Overall,30 (475KG),5 (8.96KM),12 (15:47),,,,,,47
10,Hannah Macgregor & Emily Clark,ATHX GLASGOW 2026,United Kingdom 🇬🇧,2026,Female,ATHX,Overall,15 (506KG),29 (8.554KM),6 (15:23),,,,,,50
11,Hannah Hamilton & Mia McDowell,ATHX GLASGOW 2026,United Kingdom 🇬🇧,2026,Female,ATHX,Overall,22 (483KG),18 (8.734KM),11 (15:42),,,,,,51
12,Anna Wright & Megan Fleming,ATHX GLASGOW 2026,United Kingdom 🇬🇧,2026,Female,ATHX,Overall,12 (513KG),38 (8.451KM),4 (15:04),,,,,,54
13,Molly Whelan & Orla Livingston,ATHX GLASGOW 2026,United Kingdom 🇬🇧,2026,Female,ATHX,Overall,45 (460KG),8 (8.918KM),2 (14:28),,,,,,55
14,Katlyn Hughes & Ellie Wallace,ATHX GLASGOW 2026,United Kingdom 🇬🇧,2026,Female,ATHX,Overall,11 (516KG),41 (8.431KM),4 (15:04),,,,,,56
15,Wiktoria Bakula & Flora Davis,ATHX GLASGOW 2026,United Kingdom 🇬🇧,2026,Female,ATHX,Overall,16 (503KG),19 (8.724KM),25 (16:30),,,,,,60
16,Charli Shand & Louise Beattie,ATHX GLASGOW 2026,United Kingdom 🇬🇧,2026,Female,ATHX,Overall,22 (483KG),26 (8.585KM),17 (15:56),,,,,,65
17,Rachael McDougall & Charlotte Wildman,ATHX GLASGOW 2026,United Kingdom 🇬🇧,2026,Female,ATHX,Overall,52 (450KG),13 (8.784KM),3 (15:03),,,,,,68
17,Holly Scott & Ella Childs,ATHX GLASGOW 2026,United Kingdom 🇬🇧,2026,Female,ATHX,Overall,5 (533KG),42 (8.409KM),21 (16:15),,,,,,68
17,Sophie Jolly & Angela Wilson,ATHX GLASGOW 2026,United Kingdom 🇬🇧,2026,Female,ATHX,Overall,49 (453KG),10 (8.896KM),9 (15:33),,,,,,68
20,Clarrie Murdoch & Eilidh McGillivray,ATHX GLASGOW 2026,United Kingdom 🇬🇧,2026,Female,ATHX,Overall,20 (490KG),32 (8.517KM),18 (15:58),,,,,,70
20,Niamh Mcnally & Brenna Cruickshank,ATHX GLASGOW 2026,United Kingdom 🇬🇧,2026,Female,ATHX,Overall,59 (438KG),3 (9.053KM),8 (15:24),,,,,,70
22,Abby Hilton & Kat Scott,ATHX GLASGOW 2026,United Kingdom 🇬🇧,2026,Female,ATHX,Overall,46 (458KG),11 (8.848KM),15 (15:52),,,,,,72
23,Erin Cline & Rachael Gilmour,ATHX GLASGOW 2026,United Kingdom 🇬🇧,2026,Female,ATHX,Overall,18 (496KG),37 (8.46KM),26 (16:31),,,,,,81
24,Claire Mackie & Natasha Hunter,ATHX GLASGOW 2026,United Kingdom 🇬🇧,2026,Female,ATHX,Overall,39 (463KG),21 (8.7KM),22 (16:22),,,,,,82
25,Rebecca Marshall & nicole Hunter,ATHX GLASGOW 2026,United Kingdom 🇬🇧,2026,Female,ATHX,Overall,27 (478KG),16 (8.748KM),44 (17:42),,,,,,87
26,Sarah Baden & Kayleigh Roberts,ATHX GLASGOW 2026,United Kingdom 🇬🇧,2026,Female,ATHX,Overall,9 (528KG),47 (8.356KM),35 (17:05),,,,,,91
27,Emma Paterson & Emma Mackison,ATHX GLASGOW 2026,United Kingdom 🇬🇧,2026,Female,ATHX,Overall,17 (498KG),50 (8.334KM),34 (17:04),,,,,,101
28,Lianne Wallace & Kimberley Beaton,ATHX GLASGOW 2026,United Kingdom 🇬🇧,2026,Female,ATHX,Overall,31 (473KG),45 (8.367KM),31 (16:53),,,,,,107
29,Yasmin Perry & Beatrice Hertel,ATHX GLASGOW 2026,United Kingdom 🇬🇧,2026,Female,ATHX,Overall,35 (468KG),27 (8.564KM),46 (17:47),,,,,,108
30,Jen Armstrong & Jordyn Armstrong,ATHX GLASGOW 2026,United Kingdom 🇬🇧,2026,Female,ATHX,Overall,48 (456KG),24 (8.64KM),39 (17:32),,,,,,111
31,Lisa Charters & Mallory Robertson,ATHX GLASGOW 2026,United Kingdom 🇬🇧,2026,Female,ATHX,Overall,56 (445KG),25 (8.634KM),33 (17:03),,,,,,114
32,Leeann Mcleod & Jo Campbell,ATHX GLASGOW 2026,United Kingdom 🇬🇧,2026,Female,ATHX,Overall,29 (476KG),47 (8.356KM),42 (17:38),,,,,,118
33,Kati Sohal & Maxine Pomeroy,ATHX GLASGOW 2026,United Kingdom 🇬🇧,2026,Female,ATHX,Overall,34 (470KG),23 (8.654KM),62 (18:40),,,,,,119
34,Charley McCourt & Stephanie Baggs,ATHX GLASGOW 2026,United Kingdom 🇬🇧,2026,Female,ATHX,Overall,102 (394KG),6 (8.952KM),12 (15:47),,,,,,120
35,Simone Laverick & Cora Flood,ATHX GLASGOW 2026,United Kingdom 🇬🇧,2026,Female,ATHX,Overall,32 (471KG),40 (8.437KM),50 (18:09),,,,,,122
36,Clare Leader & Annie Starkey,ATHX GLASGOW 2026,United Kingdom 🇬🇧,2026,Female,ATHX,Overall,35 (468KG),31 (8.532KM),59 (18:34),,,,,,125
37,Sophie Porteous & Tara Reid,ATHX GLASGOW 2026,United Kingdom 🇬🇧,2026,Female,ATHX,Overall,62 (435KG),14 (8.762KM),52 (18:18),,,,,,128
37,Laura Rennie & Eve Harris,ATHX GLASGOW 2026,United Kingdom 🇬🇧,2026,Female,ATHX,Overall,19 (491KG),64 (8.188KM),45 (17:46),,,,,,128
39,Shauni de Koning & Lesley Brown,ATHX GLASGOW 2026,United Kingdom 🇬🇧,2026,Female,ATHX,Overall,8 (529KG),63 (8.197KM),64 (18:48),,,,,,135
40,Caitlyn Simpson & Lauren Waterhouse,ATHX GLASGOW 2026,United Kingdom 🇬🇧,2026,Female,ATHX,Overall,55 (449KG),44 (8.381KM),37 (17:20),,,,,,136
41,Darcy Minnes & Kate Allan,ATHX GLASGOW 2026,United Kingdom 🇬🇧,2026,Female,ATHX,Overall,12 (513KG),77 (7.987KM),48 (17:54),,,,,,137
42,Kristin Donnachie & Cairney McCabe,ATHX GLASGOW 2026,United Kingdom 🇬🇧,2026,Female,ATHX,Overall,32 (471KG),59 (8.212KM),49 (18:02),,,,,,140
43,Aman Shergill & Catriona James,ATHX GLASGOW 2026,United Kingdom 🇬🇧,2026,Female,ATHX,Overall,59 (438KG),54 (8.289KM),29 (16:43),,,,,,142
44,Ellis Stewart & Caitlin McCafferty,ATHX GLASGOW 2026,United Kingdom 🇬🇧,2026,Female,ATHX,Overall,72 (429KG),34 (8.504KM),39 (17:32),,,,,,145
45,Jennifer Leslie & Zoe Bannerman,ATHX GLASGOW 2026,United Kingdom 🇬🇧,2026,Female,ATHX,Overall,66 (431KG),51 (8.328KM),30 (16:49),,,,,,147
46,Nicole Totty & Molly Scott,ATHX GLASGOW 2026,United Kingdom 🇬🇧,2026,Female,ATHX,Overall,115 (369KG),2 (9.152KM),36 (17:10),,,,,,153
47,Johanna Basford & Ruth McArthur,ATHX GLASGOW 2026,United Kingdom 🇬🇧,2026,Female,ATHX,Overall,94 (403KG),35 (8.486KM),28 (16:40),,,,,,157
48,Tieghan McMullan & kirsty mcgillivray,ATHX GLASGOW 2026,United Kingdom 🇬🇧,2026,Female,ATHX,Overall,95 (402KG),9 (8.912KM),58 (18:33),,,,,,162
49,Alex Manson & Holly Trick,ATHX GLASGOW 2026,United Kingdom 🇬🇧,2026,Female,ATHX,Overall,38 (466KG),55 (8.284KM),70 (19:06),,,,,,163
50,Audrey Brockie & Ali Paton,ATHX GLASGOW 2026,United Kingdom 🇬🇧,2026,Female,ATHX,Overall,25 (480KG),75 (8.012KM),67 (19:01),,,,,,167
51,Yvonne Miller & Fiona Halewood,ATHX GLASGOW 2026,United Kingdom 🇬🇧,2026,Female,ATHX,Overall,4 (480KG),8 (7.541KM),12 (16:54),,,,,,168
52,Kimberley Martin & Zoe Duncan,ATHX GLASGOW 2026,United Kingdom 🇬🇧,2026,Female,ATHX,Overall,63 (433KG),65 (8.167KM),41 (17:34),,,,,,169
53,Lauren McCulloch & Eilidh Duncan,ATHX GLASGOW 2026,United Kingdom 🇬🇧,2026,Female,ATHX,Overall,79 (421KG),53 (8.29KM),43 (17:40),,,,,,175
54,Natalie McDowall & Lauren Nisbet,ATHX GLASGOW 2026,United Kingdom 🇬🇧,2026,Female,ATHX,Overall,75 (426KG),52 (8.301KM),51 (18:16),,,,,,178
55,Natalie Blakely & Brooke McLuckie,ATHX GLASGOW 2026,United Kingdom 🇬🇧,2026,Female,ATHX,Overall,27 (478KG),80 (7.963KM),72 (19:22),,,,,,179
56,Jade Jackson-Burns & Megan Henderson,ATHX GLASGOW 2026,United Kingdom 🇬🇧,2026,Female,ATHX,Overall,100 (396KG),36 (8.477KM),54 (18:19),,,,,,190
57,Kyra Fawcett & Benneta Paluca,ATHX GLASGOW 2026,United Kingdom 🇬🇧,2026,Female,ATHX,Overall,59 (438KG),62 (8.199KM),71 (19:10),,,,,,192
58,Julie Stevenson & Caroline Morris,ATHX GLASGOW 2026,United Kingdom 🇬🇧,2026,Female,ATHX,Overall,33 (281KG),1 (8.506KM),9 (16:31),,,,,,193
59,Montse Pazos & Louise Birrell,ATHX GLASGOW 2026,United Kingdom 🇬🇧,2026,Female,ATHX,Overall,43 (461KG),60 (8.208KM),91 (20:04),,,,,,194
59,Charlotte Morphet & Lisa Askins,ATHX GLASGOW 2026,United Kingdom 🇬🇧,2026,Female,ATHX,Overall,98 (398KG),39 (8.439KM),57 (18:31),,,,,,194
61,Lacey Morrison & Amanda Scott,ATHX GLASGOW 2026,United Kingdom 🇬🇧,2026,Female,ATHX,Overall,79 (421KG),93 (7.767KM),24 (16:26),,,,,,196
62,Hannah Ross & Shona Mcbean-kyle,ATHX GLASGOW 2026,United Kingdom 🇬🇧,2026,Female,ATHX,Overall,91 (406KG),69 (8.108KM),38 (17:25),,,,,,198
63,Nicole Houston & Shannon Smith,ATHX GLASGOW 2026,United Kingdom 🇬🇧,2026,Female,ATHX,Overall,77 (424KG),57 (8.256KM),69 (19:03),,,,,,203
63,Sophie Main & Niamh Boyle,ATHX GLASGOW 2026,United Kingdom 🇬🇧,2026,Female,ATHX,Overall,121 (359KG),22 (8.672KM),60 (18:36),,,,,,203
65,Jenny Andrew & Lorna MacInnes,ATHX GLASGOW 2026,United Kingdom 🇬🇧,2026,Female,ATHX,Overall,111 (377KG),28 (8.558KM),65 (18:49),,,,,,204
65,Chrystal Matthan & Jenna Moir,ATHX GLASGOW 2026,United Kingdom 🇬🇧,2026,Female,ATHX,Overall,39 (463KG),110 (7.567KM),55 (18:28),,,,,,204
67,Fiona Shaw & Denise McLaughlin,ATHX GLASGOW 2026,United Kingdom 🇬🇧,2026,Female,ATHX,Overall,39 (463KG),108 (7.599KM),60 (18:36),,,,,,207
68,Hollie Young & Jennifer Park,ATHX GLASGOW 2026,United Kingdom 🇬🇧,2026,Female,ATHX,Overall,84 (414KG),82 (7.937KM),46 (17:47),,,,,,212
69,Heather Mclaughlin & Kathryn McKerrall,ATHX GLASGOW 2026,United Kingdom 🇬🇧,2026,Female,ATHX,Overall,84 (414KG),46 (8.358KM),83 (19:50),,,,,,213
70,Eilidh Macleod & Carla Clark,ATHX GLASGOW 2026,United Kingdom 🇬🇧,2026,Female,ATHX,Overall,58 (440KG),72 (8.082KM),89 (20:01),,,,,,219
71,Georgina Kitenge & Zoe Pompili,ATHX GLASGOW 2026,United Kingdom 🇬🇧,2026,Female,ATHX,Overall,52 (450KG),86 (7.847KM),85 (19:52),,,,,,223
72,Ashley Clifford & Elspeth Peters,ATHX GLASGOW 2026,United Kingdom 🇬🇧,2026,Female,ATHX,Overall,90 (408KG),61 (8.202KM),73 (19:24),,,,,,224
72,Laura Hall & Christine Little,ATHX GLASGOW 2026,United Kingdom 🇬🇧,2026,Female,ATHX,Overall,105 (385KG),67 (8.132KM),52 (18:18),,,,,,224
74,Kim Elcoate & Sian Purver,ATHX GLASGOW 2026,United Kingdom 🇬🇧,2026,Female,ATHX,Overall,72 (429KG),78 (7.986KM),75 (19:29),,,,,,225
75,Louise McCoy & Stacey Mclagan,ATHX GLASGOW 2026,United Kingdom 🇬🇧,2026,Female,ATHX,Overall,81 (419KG),66 (8.145KM),79 (19:38),,,,,,226
76,Kenna McArthur & Rachel Hough,ATHX GLASGOW 2026,United Kingdom 🇬🇧,2026,Female,ATHX,Overall,63 (433KG),109 (7.586KM),55 (18:28),,,,,,227
77,Vivian Henry & Fiona McEwan,ATHX GLASGOW 2026,United Kingdom 🇬🇧,2026,Female,ATHX,Overall,83 (416KG),70 (8.09KM),76 (19:31),,,,,,229
78,Erin Johnstone & Emily Claydon,ATHX GLASGOW 2026,United Kingdom 🇬🇧,2026,Female,ATHX,Overall,66 (431KG),97 (7.726KM),68 (19:02),,,,,,231
79,Zara Alexander & Bethany Black,ATHX GLASGOW 2026,United Kingdom 🇬🇧,2026,Female,ATHX,Overall,14 (512KG),115 (7.436KM),103 (21:11),,,,,,232
80,Jenna Almutawa & Grace Nicoll,ATHX GLASGOW 2026,United Kingdom 🇬🇧,2026,Female,ATHX,Overall,119 (361KG),43 (8.391KM),77 (19:35),,,,,,239
80,Hannah Spence & Lynsey Mcdonnell,ATHX GLASGOW 2026,United Kingdom 🇬🇧,2026,Female,ATHX,Overall,3 (543KG),121 (7.281KM),115 (22:08),,,,,,239
82,Hannah Telling & Frances Campbell,ATHX GLASGOW 2026,United Kingdom 🇬🇧,2026,Female,ATHX,Overall,46 (458KG),94 (7.758KM),102 (21:08),,,,,,242
83,Kristen Thompson-Ellis & Lauren McIntosh,ATHX GLASGOW 2026,United Kingdom 🇬🇧,2026,Female,ATHX,Overall,57 (443KG),96 (7.744KM),92 (20:06),,,,,,245
83,Briony Melrose & Lauren Wood,ATHX GLASGOW 2026,United Kingdom 🇬🇧,2026,Female,ATHX,Overall,121 (359KG),58 (8.218KM),66 (18:58),,,,,,245
85,Mairead Sweeney & Ashley Stewart,ATHX GLASGOW 2026,United Kingdom 🇬🇧,2026,Female,ATHX,Overall,117 (363KG),49 (8.355KM),80 (19:39),,,,,,246
86,Lina Gosselin & Lauren McGuire,ATHX GLASGOW 2026,United Kingdom 🇬🇧,2026,Female,ATHX,Overall,51 (451KG),90 (7.8KM),108 (21:24),,,,,,249
87,Aileen Sinclair & Laura Taylor,ATHX GLASGOW 2026,United Kingdom 🇬🇧,2026,Female,ATHX,Overall,82 (418KG),91 (7.793KM),77 (19:35),,,,,,250
87,Christina Paterson & Michelle Ironside,ATHX GLASGOW 2026,United Kingdom 🇬🇧,2026,Female,ATHX,Overall,39 (463KG),118 (7.355KM),93 (20:09),,,,,,250
89,Rachel Muir & Paige Anderson,ATHX GLASGOW 2026,United Kingdom 🇬🇧,2026,Female,ATHX,Overall,132 (316KG),56 (8.274KM),63 (18:47),,,,,,251
90,Chelsea Shearer & Louise Cormack,ATHX GLASGOW 2026,United Kingdom 🇬🇧,2026,Female,ATHX,Overall,84 (414KG),91 (7.793KM),81 (19:43),,,,,,256
91,Deanna Henderson & Lindsay Nygren,ATHX GLASGOW 2026,United Kingdom 🇬🇧,2026,Female,ATHX,Overall,66 (431KG),85 (7.852KM),107 (21:17),,,,,,258
92,Lucy Oram & Georgia Van Embden,ATHX GLASGOW 2026,United Kingdom 🇬🇧,2026,Female,ATHX,Overall,104 (388KG),74 (8.035KM),87 (19:54),,,,,,265
92,Zoe Neill & Kara McCann,ATHX GLASGOW 2026,United Kingdom 🇬🇧,2026,Female,ATHX,Overall,91 (406KG),84 (7.907KM),90 (20:02),,,,,,265
94,Rachael De Luca & Becca Ross,ATHX GLASGOW 2026,United Kingdom 🇬🇧,2026,Female,ATHX,Overall,96 (400KG),73 (8.075KM),99 (20:54),,,,,,268
94,Sian Haddon & Kate Mackintosh,ATHX GLASGOW 2026,United Kingdom 🇬🇧,2026,Female,ATHX,Overall,52 (450KG),105 (7.649KM),111 (21:38),,,,,,268
96,Elize McCulloch & Lucy Stanton,ATHX GLASGOW 2026,United Kingdom 🇬🇧,2026,Female,ATHX,Overall,49 (453KG),116 (7.434KM),104 (21:13),,,,,,269
97,Mairi McArthur & Jena Kohl,ATHX GLASGOW 2026,United Kingdom 🇬🇧,2026,Female,ATHX,Overall,63 (433KG),122 (7.28KM),85 (19:52),,,,,,270
97,Caroline Holmes & Amiee Lauchlan,ATHX GLASGOW 2026,United Kingdom 🇬🇧,2026,Female,ATHX,Overall,107 (381KG),81 (7.955KM),82 (19:49),,,,,,270
99,Mandy Rayner & Devon Fox,ATHX GLASGOW 2026,United Kingdom 🇬🇧,2026,Female,ATHX,Overall,78 (423KG),99 (7.703KM),94 (20:30),,,,,,271
100,Lindsay Whiting & Ailie Walker,ATHX GLASGOW 2026,United Kingdom 🇬🇧,2026,Female,ATHX,Overall,98 (398KG),101 (7.68KM),73 (19:24),,,,,,272
101,Anna Rogan & Beckie Lees,ATHX GLASGOW 2026,United Kingdom 🇬🇧,2026,Female,ATHX,Overall,35 (468KG),128 (7.16KM),110 (21:37),,,,,,273
102,Rachel Harrison & Julie Millar,ATHX GLASGOW 2026,United Kingdom 🇬🇧,2026,Female,ATHX,Overall,87 (413KG),95 (7.746KM),101 (21:06),,,,,,283
103,Jolene Ferguson & Mary McClung,ATHX GLASGOW 2026,United Kingdom 🇬🇧,2026,Female,ATHX,Overall,114 (371KG),68 (8.122KM),106 (21:15),,,,,,288
104,Fiona Hunter & Nicole Wilson,ATHX GLASGOW 2026,United Kingdom 🇬🇧,2026,Female,ATHX,Overall,116 (364KG),79 (7.967KM),96 (20:32),,,,,,291
105,Alison Dillon & Claire Mccormack,ATHX GLASGOW 2026,United Kingdom 🇬🇧,2026,Female,ATHX,Overall,91 (406KG),104 (7.652KM),98 (20:44),,,,,,293
106,Cori Dempster & vicki valentine,ATHX GLASGOW 2026,United Kingdom 🇬🇧,2026,Female,ATHX,Overall,70 (430KG),106 (7.636KM),118 (22:27),,,,,,294
107,Anne-Sophie Chalmet & Karen Simpson,ATHX GLASGOW 2026,United Kingdom 🇬🇧,2026,Female,ATHX,Overall,76 (425KG),119 (7.336KM),104 (21:13),,,,,,299
108,Rachael McGoldrick & Katie Lawrie,ATHX GLASGOW 2026,United Kingdom 🇬🇧,2026,Female,ATHX,Overall,123 (358KG),89 (7.802KM),88 (20:00),,,,,,300
109,Zoe Gillespie & Nicole nicole-perkins@hotmail.co.uk,ATHX GLASGOW 2026,United Kingdom 🇬🇧,2026,Female,ATHX,Overall,108 (380KG),83 (7.925KM),114 (21:55),,,,,,305
110,Fiona Oberheim & Kelly Porter,ATHX GLASGOW 2026,United Kingdom 🇬🇧,2026,Female,ATHX,Overall,74 (428KG),112 (7.531KM),120 (23:05),,,,,,306
110,Nadia Hutchins & Laleh Haji,ATHX GLASGOW 2026,United Kingdom 🇬🇧,2026,Female,ATHX,Overall,126 (340KG),71 (8.085KM),109 (21:27),,,,,,306
112,Caroline Thomson & Lara Campana,ATHX GLASGOW 2026,United Kingdom 🇬🇧,2026,Female,ATHX,Overall,106 (384KG),88 (7.808KM),116 (22:11),,,,,,310
113,Megan Ramsay & Natalie Swanson,ATHX GLASGOW 2026,United Kingdom 🇬🇧,2026,Female,ATHX,Overall,66 (431KG),125 (7.229KM),122 (23:13),,,,,,313
113,Farr Macdonald & Jacqueline Barclay,ATHX GLASGOW 2026,United Kingdom 🇬🇧,2026,Female,ATHX,Overall,43 (461KG),134 (6.52KM),136 (26:10),,,,,,313
115,Carla Bartholomew & Kirsty Sinclair,ATHX GLASGOW 2026,United Kingdom 🇬🇧,2026,Female,ATHX,Overall,110 (378KG),107 (7.608KM),97 (20:37),,,,,,314
116,Laura Coombs & Victoria Sweeney,ATHX GLASGOW 2026,United Kingdom 🇬🇧,2026,Female,ATHX,Overall,118 (362KG),102 (7.669KM),95 (20:31),,,,,,315
117,Logan Beaton & Morgan Beaton,ATHX GLASGOW 2026,United Kingdom 🇬🇧,2026,Female,ATHX,Overall,70 (430KG),127 (7.175KM),119 (22:39),,,,,,316
118,TL Mckigen & Julie Lyle,ATHX GLASGOW 2026,United Kingdom 🇬🇧,2026,Female,ATHX,Overall,100 (396KG),124 (7.266KM),100 (21:00),,,,,,324
119,Pamela Hutchison & Chantelle Cameron,ATHX GLASGOW 2026,United Kingdom 🇬🇧,2026,Female,ATHX,Overall,112 (376KG),100 (7.696KM),113 (21:50),,,,,,325
120,Erin Fullerton & Rosie Harvey,ATHX GLASGOW 2026,United Kingdom 🇬🇧,2026,Female,ATHX,Overall,131 (320KG),87 (7.841KM),111 (21:38),,,,,,329
121,Gaynor McCashey & Emma Whittingham,ATHX GLASGOW 2026,United Kingdom 🇬🇧,2026,Female,ATHX,Overall,127 (338KG),75 (8.012KM),130 (24:24),,,,,,332
122,Louise O’Brien & Ashley Malone,ATHX GLASGOW 2026,United Kingdom 🇬🇧,2026,Female,ATHX,Overall,89 (409KG),120 (7.326KM),124 (23:35),,,,,,333
123,Sophia Herne & Amy Duckworth,ATHX GLASGOW 2026,United Kingdom 🇬🇧,2026,Female,ATHX,Overall,96 (400KG),114 (7.446KM),129 (24:09),,,,,,339
124,Eilidh Scott & Emily Bell,ATHX GLASGOW 2026,United Kingdom 🇬🇧,2026,Female,ATHX,Overall,125 (341KG),103 (7.667KM),117 (22:25),,,,,,345
124,Marie Barrett & Gillian Wallace,ATHX GLASGOW 2026,United Kingdom 🇬🇧,2026,Female,ATHX,Overall,88 (410KG),126 (7.182KM),131 (24:32),,,,,,345
126,Samara Croft & Caitlin Turner,ATHX GLASGOW 2026,United Kingdom 🇬🇧,2026,Female,ATHX,Overall,133 (311KG),98 (7.723KM),121 (23:12),,,,,,352
126,Jessica Chen & Adjoa Shirkie,ATHX GLASGOW 2026,United Kingdom 🇬🇧,2026,Female,ATHX,Overall,113 (374KG),113 (7.5KM),126 (23:54),,,,,,352
128,Sophie Richardson & Katie Stringwell,ATHX GLASGOW 2026,United Kingdom 🇬🇧,2026,Female,ATHX,Overall,109 (379KG),133 (6.652KM),125 (23:41),,,,,,367
129,Georgina Arksey & Laura Chappell,ATHX GLASGOW 2026,United Kingdom 🇬🇧,2026,Female,ATHX,Overall,128 (336KG),117 (7.371KM),123 (23:33),,,,,,368
130,Johanna Smith & Ashleigh Mustard,ATHX GLASGOW 2026,United Kingdom 🇬🇧,2026,Female,ATHX,Overall,120 (360KG),129 (7.152KM),127 (23:57),,,,,,376
131,Susan Campbell & Vickie de Vries,ATHX GLASGOW 2026,United Kingdom 🇬🇧,2026,Female,ATHX,Overall,124 (356KG),130 (7.142KM),133 (25:45),,,,,,387
132,Ashleigh Jenkins & Heather Douglas,ATHX GLASGOW 2026,United Kingdom 🇬🇧,2026,Female,ATHX,Overall,129 (331KG),131 (7.11KM),132 (25:26),,,,,,392
132,Ciara Connolly & Lisa Clancy,ATHX GLASGOW 2026,United Kingdom 🇬🇧,2026,Female,ATHX,Overall,135 (262KG),123 (7.275KM),134 (26:00),,,,,,392
134,Michelle liddell & Kimberly Mcilwham,ATHX GLASGOW 2026,United Kingdom 🇬🇧,2026,Female,ATHX,Overall,130 (326KG),135 (6.44KM),134 (26:00),,,,,,399
135,Clodagh Shevlane & Christie McCann,ATHX GLASGOW 2026,United Kingdom 🇬🇧,2026,Female,ATHX,Overall,136 (261KG),136 (5.821KM),137 (31:00),,,,,,409
1,Maisey Thomas & James Beaumont,ATHX GLASGOW 2026,United Kingdom 🇬🇧,2026,Mixed,ATHX,Overall,4 (735KG),9 (9.344KM),1 (12:23),,,,,,14
2,Lucy Brundish & Ben Kimber,ATHX GLASGOW 2026,United Kingdom 🇬🇧,2026,Mixed,ATHX,Overall,6 (720KG),5 (9.552KM),6 (13:10),,,,,,17
3,Jodi Williamson & Rory Hindhaugh,ATHX GLASGOW 2026,United Kingdom 🇬🇧,2026,Mixed,ATHX,Overall,14 (655KG),2 (9.826KM),3 (12:30),,,,,,19
4,Lucy Lloyd & Lukasz Debek,ATHX GLASGOW 2026,United Kingdom 🇬🇧,2026,Mixed,ATHX,Overall,2 (808KG),17 (9.206KM),2 (12:28),,,,,,21
5,Caitlin Mckenzie & Jack Williams,ATHX GLASGOW 2026,United Kingdom 🇬🇧,2026,Mixed,ATHX,Overall,21 (633KG),1 (9.929KM),4 (12:33),,,,,,26
6,Ross Flockhart & Shona Harrison,ATHX GLASGOW 2026,United Kingdom 🇬🇧,2026,Mixed,ATHX,Overall,18 (640KG),3 (9.664KM),5 (13:00),,,,,,26
7,Rachael Parkinson & Joe Robinson,ATHX GLASGOW 2026,United Kingdom 🇬🇧,2026,Mixed,ATHX,Overall,1 (850KG),26 (9.026KM),12 (14:14),,,,,,39
8,Anthony Cheetham & Rachel Cheetham,ATHX GLASGOW 2026,United Kingdom 🇬🇧,2026,Mixed,ATHX,Overall,3 (738KG),29 (8.998KM),15 (14:23),,,,,,47
9,Paul Dawson & Laura Chambers,ATHX GLASGOW 2026,United Kingdom 🇬🇧,2026,Mixed,ATHX,Overall,32 (603KG),8 (9.382KM),13 (14:16),,,,,,53
10,Emily McKenzie & Joshua Nutton,ATHX GLASGOW 2026,United Kingdom 🇬🇧,2026,Mixed,ATHX,Overall,10 (680KG),25 (9.042KM),20 (14:46),,,,,,55
11,Dom Buckley & Sarah Dagg,ATHX GLASGOW 2026,United Kingdom 🇬🇧,2026,Mixed,ATHX,Overall,44 (576KG),6 (9.542KM),8 (13:29),,,,,,58
12,Tom Hill & Louise Smith,ATHX GLASGOW 2026,United Kingdom 🇬🇧,2026,Mixed,ATHX,Overall,36 (585KG),7 (9.514KM),16 (14:26),,,,,,59
13,craig cameron & Francesca Cameron,ATHX GLASGOW 2026,United Kingdom 🇬🇧,2026,Mixed,ATHX,Overall,41 (583KG),14 (9.236KM),7 (13:21),,,,,,62
14,Ethan Running & Suzie Stuart,ATHX GLASGOW 2026,United Kingdom 🇬🇧,2026,Mixed,ATHX,Overall,22 (630KG),23 (9.103KM),22 (14:54),,,,,,67
15,Michael Robertson & Emmerleigh Barter,ATHX GLASGOW 2026,United Kingdom 🇬🇧,2026,Mixed,ATHX,Overall,12 (668KG),36 (8.865KM),24 (15:02),,,,,,72
16,Jordan Reece Dunne & Farah Fonseca,ATHX GLASGOW 2026,United Kingdom 🇬🇧,2026,Mixed,ATHX,Overall,25 (620KG),11 (9.281KM),37 (16:16),,,,,,73
17,Jasmine Smith & Jack Hedges,ATHX GLASGOW 2026,United Kingdom 🇬🇧,2026,Mixed,ATHX,Overall,28 (609KG),30 (8.975KM),19 (14:42),,,,,,77
18,Felix Melling & Naomi McMinn,ATHX GLASGOW 2026,United Kingdom 🇬🇧,2026,Mixed,ATHX,Overall,17 (643KG),32 (8.936KM),31 (15:49),,,,,,80
19,Mollie Cassidy & Rhys Lowis,ATHX GLASGOW 2026,United Kingdom 🇬🇧,2026,Mixed,ATHX,Overall,61 (530KG),4 (9.631KM),17 (14:28),,,,,,82
19,Jenna Low & Ryan Paxton,ATHX GLASGOW 2026,United Kingdom 🇬🇧,2026,Mixed,ATHX,Overall,59 (531KG),13 (9.25KM),10 (13:56),,,,,,82
21,Scott Ross & Gemma Ross,ATHX GLASGOW 2026,United Kingdom 🇬🇧,2026,Mixed,ATHX,Overall,8 (694KG),59 (8.576KM),18 (14:35),,,,,,85
22,Alexandra Sakhatova & William Hastings,ATHX GLASGOW 2026,United Kingdom 🇬🇧,2026,Mixed,ATHX,Overall,33 (599KG),41 (8.766KM),14 (14:19),,,,,,88
23,Laura Anderson & Scott Anderson,ATHX GLASGOW 2026,United Kingdom 🇬🇧,2026,Mixed,ATHX,Overall,36 (585KG),33 (8.902KM),21 (14:48),,,,,,90
23,Rachel Woods & Kieran Greene,ATHX GLASGOW 2026,United Kingdom 🇬🇧,2026,Mixed,ATHX,Overall,9 (690KG),34 (8.878KM),47 (16:41),,,,,,90
25,Martin Irvine & Taylor Hood,ATHX GLASGOW 2026,United Kingdom 🇬🇧,2026,Mixed,ATHX,Overall,67 (520KG),15 (9.233KM),9 (13:49),,,,,,91
26,Paul Sherlock & Anna Starkey,ATHX GLASGOW 2026,United Kingdom 🇬🇧,2026,Mixed,ATHX,Overall,29 (608KG),19 (9.177KM),45 (16:32),,,,,,93
27,Aimee Locke & Daniel Day,ATHX GLASGOW 2026,United Kingdom 🇬🇧,2026,Mixed,ATHX,Overall,49 (565KG),24 (9.043KM),26 (15:05),,,,,,99
28,Candy Moreira & Callum Stewart,ATHX GLASGOW 2026,United Kingdom 🇬🇧,2026,Mixed,ATHX,Overall,29 (608KG),37 (8.852KM),36 (16:11),,,,,,102
29,Scott Hurn & Lianne Campbell,ATHX GLASGOW 2026,United Kingdom 🇬🇧,2026,Mixed,ATHX,Overall,24 (624KG),57 (8.614KM),24 (15:02),,,,,,105
30,Barry Stephen & Jacqui Marwick,ATHX GLASGOW 2026,United Kingdom 🇬🇧,2026,Mixed,ATHX,Overall,15 (653KG),63 (8.529KM),28 (15:11),,,,,,106
31,Nicole Chatila & David Armstrong,ATHX GLASGOW 2026,United Kingdom 🇬🇧,2026,Mixed,ATHX,Overall,11 (670KG),53 (8.668KM),44 (16:30),,,,,,108
32,Paul Baillie & Lisa Bailie,ATHX GLASGOW 2026,United Kingdom 🇬🇧,2026,Mixed,ATHX,Overall,53 (548KG),20 (9.174KM),38 (16:17),,,,,,111
33,David Boles & India Isles,ATHX GLASGOW 2026,United Kingdom 🇬🇧,2026,Mixed,ATHX,Overall,13 (658KG),70 (8.417KM),30 (15:48),,,,,,113
34,Jordan Thomson & Becky Mazzarelli,ATHX GLASGOW 2026,United Kingdom 🇬🇧,2026,Mixed,ATHX,Overall,16 (650KG),73 (8.383KM),27 (15:10),,,,,,116
35,Megan Burley & Christopher Kay,ATHX GLASGOW 2026,United Kingdom 🇬🇧,2026,Mixed,ATHX,Overall,82 (478KG),10 (9.316KM),34 (15:59),,,,,,126
36,Michelle Brown & David Shorter,ATHX GLASGOW 2026,United Kingdom 🇬🇧,2026,Mixed,ATHX,Overall,26 (618KG),39 (8.801KM),62 (17:31),,,,,,127
37,Isabel Dutton & Ryan Dudley,ATHX GLASGOW 2026,United Kingdom 🇬🇧,2026,Mixed,ATHX,Overall,66 (523KG),40 (8.788KM),23 (14:55),,,,,,129
38,Malaika Martin & Francis Stephenson,ATHX GLASGOW 2026,United Kingdom 🇬🇧,2026,Mixed,ATHX,Overall,27 (611KG),96 (7.925KM),11 (14:05),,,,,,134
39,Shona Massey & Guy Hopson,ATHX GLASGOW 2026,United Kingdom 🇬🇧,2026,Mixed,ATHX,Overall,5 (730KG),72 (8.386KM),59 (17:26),,,,,,136
40,Nicolle McBean & Gregor Bain,ATHX GLASGOW 2026,United Kingdom 🇬🇧,2026,Mixed,ATHX,Overall,57 (536KG),46 (8.732KM),35 (16:00),,,,,,138
40,Dylan Diamond & ellie cassels,ATHX GLASGOW 2026,United Kingdom 🇬🇧,2026,Mixed,ATHX,Overall,45 (571KG),60 (8.56KM),33 (15:53),,,,,,138
42,Charlotte Connolly & Francis Connolly,ATHX GLASGOW 2026,United Kingdom 🇬🇧,2026,Mixed,ATHX,Overall,41 (583KG),71 (8.413KM),29 (15:34),,,,,,141
43,Leigh Leslie & Angus Leslie,ATHX GLASGOW 2026,United Kingdom 🇬🇧,2026,Mixed,ATHX,Overall,34 (598KG),51 (8.686KM),61 (17:30),,,,,,146
44,Angus Johnstone & Alison Williams,ATHX GLASGOW 2026,United Kingdom 🇬🇧,2026,Mixed,ATHX,Overall,73 (503KG),16 (9.219KM),60 (17:27),,,,,,149
44,Luke Moffoot & Alanya Rigg,ATHX GLASGOW 2026,United Kingdom 🇬🇧,2026,Mixed,ATHX,Overall,61 (530KG),49 (8.7KM),39 (16:20),,,,,,149
46,Tim Barron & Georgia Rixon,ATHX GLASGOW 2026,United Kingdom 🇬🇧,2026,Mixed,ATHX,Overall,89 (453KG),21 (9.171KM),42 (16:28),,,,,,152
47,Clare Webster & Adam Cameron,ATHX GLASGOW 2026,United Kingdom 🇬🇧,2026,Mixed,ATHX,Overall,7 (697KG),103 (7.67KM),43 (16:29),,,,,,153
47,Craig Sankey & Claire Sankey,ATHX GLASGOW 2026,United Kingdom 🇬🇧,2026,Mixed,ATHX,Overall,36 (585KG),61 (8.551KM),56 (17:06),,,,,,153
49,Andrew MCCULLEY & Natasha Bechelli,ATHX GLASGOW 2026,United Kingdom 🇬🇧,2026,Mixed,ATHX,Overall,29 (608KG),76 (8.347KM),49 (16:48),,,,,,154
50,Jake Hankins & Lisa Wimmer,ATHX GLASGOW 2026,United Kingdom 🇬🇧,2026,Mixed,ATHX,Overall,93 (439KG),22 (9.158KM),41 (16:24),,,,,,156
51,Dougie Stevenson & Annabelle Leitch,ATHX GLASGOW 2026,United Kingdom 🇬🇧,2026,Mixed,ATHX,Overall,68 (518KG),42 (8.745KM),52 (16:55),,,,,,162
51,Oliver Wright & Asja Atikovic,ATHX GLASGOW 2026,United Kingdom 🇬🇧,2026,Mixed,ATHX,Overall,54 (540KG),43 (8.741KM),65 (17:43),,,,,,162
53,Tagan Lawson & Ryan Newall,ATHX GLASGOW 2026,United Kingdom 🇬🇧,2026,Mixed,ATHX,Overall,61 (530KG),44 (8.74KM),58 (17:21),,,,,,163
54,Sara Lanci & Luca Albertini,ATHX GLASGOW 2026,United Kingdom 🇬🇧,2026,Mixed,ATHX,Overall,48 (567KG),62 (8.541KM),55 (17:01),,,,,,165
55,Tim McKeown & Emily Bond,ATHX GLASGOW 2026,United Kingdom 🇬🇧,2026,Mixed,ATHX,Overall,79 (490KG),56 (8.654KM),32 (15:52),,,,,,167
56,Alice Wilkinson & Matthew Graham,ATHX GLASGOW 2026,United Kingdom 🇬🇧,2026,Mixed,ATHX,Overall,35 (588KG),64 (8.503KM),72 (18:01),,,,,,171
57,Julie Sanft & Quintan Sanft,ATHX GLASGOW 2026,United Kingdom 🇬🇧,2026,Mixed,ATHX,Overall,55 (538KG),77 (8.333KM),40 (16:22),,,,,,172
57,Siobhan Connolly & David Pearson,ATHX GLASGOW 2026,United Kingdom 🇬🇧,2026,Mixed,ATHX,Overall,94 (436KG),28 (9.005KM),50 (16:49),,,,,,172
59,Christopher Omand & Ruth Omand,ATHX GLASGOW 2026,United Kingdom 🇬🇧,2026,Mixed,ATHX,Overall,22 (630KG),81 (8.252KM),71 (17:59),,,,,,174
59,John Smith & Jodie Lilley,ATHX GLASGOW 2026,United Kingdom 🇬🇧,2026,Mixed,ATHX,Overall,19 (635KG),88 (8.15KM),67 (17:49),,,,,,174
59,Jake Flint & Amy Lowe,ATHX GLASGOW 2026,United Kingdom 🇬🇧,2026,Mixed,ATHX,Overall,99 (426KG),12 (9.27KM),63 (17:32),,,,,,174
62,KYLE Colville & Rebecca Croll,ATHX GLASGOW 2026,United Kingdom 🇬🇧,2026,Mixed,ATHX,Overall,61 (530KG),58 (8.605KM),57 (17:08),,,,,,176
63,Aileen Murdoch & Anthony Boyce,ATHX GLASGOW 2026,United Kingdom 🇬🇧,2026,Mixed,ATHX,Overall,57 (536KG),69 (8.427KM),51 (16:53),,,,,,177
64,Leeann Keenan & Martin McCann,ATHX GLASGOW 2026,United Kingdom 🇬🇧,2026,Mixed,ATHX,Overall,77 (493KG),55 (8.657KM),46 (16:35),,,,,,178
64,Ruaridh Henderson & Marie Wilson,ATHX GLASGOW 2026,United Kingdom 🇬🇧,2026,Mixed,ATHX,Overall,75 (500KG),50 (8.695KM),53 (16:57),,,,,,178
66,Priya Panesar & Rishi Panesar,ATHX GLASGOW 2026,United Kingdom 🇬🇧,2026,Mixed,ATHX,Overall,50 (560KG),48 (8.706KM),83 (19:27),,,,,,181
67,Paige Hendry & Aiden Dunkley,ATHX GLASGOW 2026,United Kingdom 🇬🇧,2026,Mixed,ATHX,Overall,19 (635KG),99 (7.791KM),66 (17:46),,,,,,184
68,SCOTT WILSON & Katrina Foster,ATHX GLASGOW 2026,United Kingdom 🇬🇧,2026,Mixed,ATHX,Overall,46 (570KG),85 (8.166KM),54 (17:00),,,,,,185
69,Justine Milne & Brad Stokes,ATHX GLASGOW 2026,United Kingdom 🇬🇧,2026,Mixed,ATHX,Overall,70 (513KG),45 (8.736KM),73 (18:18),,,,,,188
70,Glyn Broadhurst & Sara Wilson,ATHX GLASGOW 2026,United Kingdom 🇬🇧,2026,Mixed,ATHX,Overall,96 (435KG),31 (8.944KM),68 (17:52),,,,,,195
70,Garey Thomson & Jennifer Smith,ATHX GLASGOW 2026,United Kingdom 🇬🇧,2026,Mixed,ATHX,Overall,36 (585KG),83 (8.226KM),76 (18:49),,,,,,195
72,Caitlin Maley & Mario Girasoli,ATHX GLASGOW 2026,United Kingdom 🇬🇧,2026,Mixed,ATHX,Overall,56 (537KG),67 (8.449KM),77 (18:51),,,,,,200
73,David Hair & Ceri Hair,ATHX GLASGOW 2026,United Kingdom 🇬🇧,2026,Mixed,ATHX,Overall,61 (530KG),79 (8.278KM),64 (17:38),,,,,,204
73,Emma Heggarty & Chris Heggarty,ATHX GLASGOW 2026,United Kingdom 🇬🇧,2026,Mixed,ATHX,Overall,77 (493KG),47 (8.71KM),80 (19:16),,,,,,204
75,Donal Rodgers & Rachel Sinclair,ATHX GLASGOW 2026,United Kingdom 🇬🇧,2026,Mixed,ATHX,Overall,108 (344KG),18 (9.197KM),80 (19:16),,,,,,206
76,Erin Meehan & Andrew Morrison,ATHX GLASGOW 2026,United Kingdom 🇬🇧,2026,Mixed,ATHX,Overall,85 (470KG),27 (9.009KM),98 (21:45),,,,,,210
77,Lee Kovacs & Sarah Weston,ATHX GLASGOW 2026,United Kingdom 🇬🇧,2026,Mixed,ATHX,Overall,87 (461KG),54 (8.665KM),70 (17:55),,,,,,211
77,Aimee Robb & Andrew Cruddas,ATHX GLASGOW 2026,United Kingdom 🇬🇧,2026,Mixed,ATHX,Overall,43 (578KG),86 (8.163KM),82 (19:17),,,,,,211
79,Karen Oneill & Brian Gallacher,ATHX GLASGOW 2026,United Kingdom 🇬🇧,2026,Mixed,ATHX,Overall,47 (568KG),92 (8.1KM),74 (18:28),,,,,,213
80,Gemma Ross & Jim Brosnan,ATHX GLASGOW 2026,United Kingdom 🇬🇧,2026,Mixed,ATHX,Overall,69 (516KG),68 (8.441KM),77 (18:51),,,,,,214
81,Rebecca Munro & Adam Munro,ATHX GLASGOW 2026,United Kingdom 🇬🇧,2026,Mixed,ATHX,Overall,83 (473KG),38 (8.806KM),94 (20:30),,,,,,215
81,Michael Brady & Hannah Brady,ATHX GLASGOW 2026,United Kingdom 🇬🇧,2026,Mixed,ATHX,Overall,51 (558KG),89 (8.14KM),75 (18:40),,,,,,215
83,Thomas Jackson & Emma Jackson,ATHX GLASGOW 2026,United Kingdom 🇬🇧,2026,Mixed,ATHX,Overall,81 (486KG),65 (8.494KM),79 (19:07),,,,,,225
83,Ella Ozikiz & william Faulkner,ATHX GLASGOW 2026,United Kingdom 🇬🇧,2026,Mixed,ATHX,Overall,104 (395KG),35 (8.874KM),86 (19:44),,,,,,225
85,David Moon & Tracy Williamson,ATHX GLASGOW 2026,United Kingdom 🇬🇧,2026,Mixed,ATHX,Overall,72 (508KG),91 (8.112KM),68 (17:52),,,,,,231
85,Rachel Lind & Cameron McPherson,ATHX GLASGOW 2026,United Kingdom 🇬🇧,2026,Mixed,ATHX,Overall,36 (585KG),98 (7.806KM),97 (21:26),,,,,,231
87,Louise Markwick & Matthew Markwick,ATHX GLASGOW 2026,United Kingdom 🇬🇧,2026,Mixed,ATHX,Overall,91 (440KG),52 (8.676KM),89 (20:01),,,,,,232
88,Ross Morgan & Esme Reed,ATHX GLASGOW 2026,United Kingdom 🇬🇧,2026,Mixed,ATHX,Overall,71 (511KG),80 (8.262KM),88 (20:00),,,,,,239
89,Aynsley Torrance & Alasdair Henderson,ATHX GLASGOW 2026,United Kingdom 🇬🇧,2026,Mixed,ATHX,Overall,83 (473KG),74 (8.367KM),89 (20:01),,,,,,246
90,Stephanie Mackenzie & Ed Mackenzie,ATHX GLASGOW 2026,United Kingdom 🇬🇧,2026,Mixed,ATHX,Overall,59 (531KG),95 (7.964KM),96 (21:06),,,,,,250
91,Shaun Thompson & Kate Sutherland,ATHX GLASGOW 2026,United Kingdom 🇬🇧,2026,Mixed,ATHX,Overall,52 (550KG),105 (7.591KM),99 (21:47),,,,,,256
92,Dave Wade & Esme Anderson,ATHX GLASGOW 2026,United Kingdom 🇬🇧,2026,Mixed,ATHX,Overall,107 (365KG),66 (8.453KM),86 (19:44),,,,,,259
93,Meghan Thomson & Scott Trevarthen,ATHX GLASGOW 2026,United Kingdom 🇬🇧,2026,Mixed,ATHX,Overall,74 (501KG),82 (8.233KM),104 (22:45),,,,,,260
94,Meg McLean & Mark O'Mailley,ATHX GLASGOW 2026,United Kingdom 🇬🇧,2026,Mixed,ATHX,Overall,90 (446KG),94 (8.071KM),85 (19:37),,,,,,269
94,Ashley Mackay & Jim Mackay,ATHX GLASGOW 2026,United Kingdom 🇬🇧,2026,Mixed,ATHX,Overall,100 (425KG),78 (8.328KM),91 (20:14),,,,,,269
96,Frankie Johnston & Reuben Wilson,ATHX GLASGOW 2026,United Kingdom 🇬🇧,2026,Mixed,ATHX,Overall,102 (403KG),84 (8.172KM),84 (19:28),,,,,,270
97,Lainey Scott-Campbell & Derek Clifford,ATHX GLASGOW 2026,United Kingdom 🇬🇧,2026,Mixed,ATHX,Overall,88 (458KG),90 (8.117KM),94 (20:30),,,,,,272
98,Shona Ramsay & Ross Macmillan.,ATHX GLASGOW 2026,United Kingdom 🇬🇧,2026,Mixed,ATHX,Overall,105 (393KG),75 (8.348KM),93 (20:29),,,,,,273
99,Francesca Cocchia & Michael Smith,ATHX GLASGOW 2026,United Kingdom 🇬🇧,2026,Mixed,ATHX,Overall,80 (488KG),107 (7.475KM),92 (20:17),,,,,,279
100,Stuart Rae & Christine Rae,ATHX GLASGOW 2026,United Kingdom 🇬🇧,2026,Mixed,ATHX,Overall,76 (495KG),108 (6.901KM),110 (25:23),,,,,,294
101,Emily Divine & Fraser Kennedy,ATHX GLASGOW 2026,United Kingdom 🇬🇧,2026,Mixed,ATHX,Overall,96 (435KG),97 (7.881KM),103 (22:24),,,,,,296
102,Hazel Sibbald & Jordan Sibbald,ATHX GLASGOW 2026,United Kingdom 🇬🇧,2026,Mixed,ATHX,Overall,91 (440KG),101 (7.725KM),106 (23:53),,,,,,298
103,Milly Smith & Scott Cruickshanks,ATHX GLASGOW 2026,United Kingdom 🇬🇧,2026,Mixed,ATHX,Overall,110 (312KG),87 (8.153KM),105 (22:54),,,,,,302
103,Lauren Thomson & Callan McKay,ATHX GLASGOW 2026,United Kingdom 🇬🇧,2026,Mixed,ATHX,Overall,109 (319KG),93 (8.087KM),100 (22:03),,,,,,302
105,Jessica Harris & Delyar Baker,ATHX GLASGOW 2026,United Kingdom 🇬🇧,2026,Mixed,ATHX,Overall,98 (430KG),100 (7.76KM),106 (23:53),,,,,,304
106,Sarah Frewin & Rich Peacock,ATHX GLASGOW 2026,United Kingdom 🇬🇧,2026,Mixed,ATHX,Overall,94 (436KG),109 (6.802KM),102 (22:19),,,,,,305
107,Jemima Mackenzie & Felix Hodson,ATHX GLASGOW 2026,United Kingdom 🇬🇧,2026,Mixed,ATHX,Overall,106 (375KG),104 (7.623KM),101 (22:12),,,,,,311
108,Ingrid Taylor & Euan Kember,ATHX GLASGOW 2026,United Kingdom 🇬🇧,2026,Mixed,ATHX,Overall,101 (405KG),102 (7.7KM),109 (25:14),,,,,,312
109,Dougie Whiteford & Erin Howieson,ATHX GLASGOW 2026,United Kingdom 🇬🇧,2026,Mixed,ATHX,Overall,103 (401KG),106 (7.518KM),108 (25:00),,,,,,317
1,Vicky Griffin & Harriet Griffin,ATHX GLASGOW 2026,United Kingdom 🇬🇧,2026,Female,ATHX Lite,MetCon X,,,13:11,,,,,,1
2,Stephanie Buchanan & Brooke Douglas,ATHX GLASGOW 2026,United Kingdom 🇬🇧,2026,Female,ATHX Lite,MetCon X,,,14:12,,,,,,2
3,Deniece Macrae & Elaine Hastings,ATHX GLASGOW 2026,United Kingdom 🇬🇧,2026,Female,ATHX Lite,MetCon X,,,14:28,,,,,,3
4,Chloe Cooper & Sophia Pizzimenti,ATHX GLASGOW 2026,United Kingdom 🇬🇧,2026,Female,ATHX Lite,MetCon X,,,15:11,,,,,,4
5,Jane Rundell & Amber McFarlane,ATHX GLASGOW 2026,United Kingdom 🇬🇧,2026,Female,ATHX Lite,MetCon X,,,15:13,,,,,,5
6,Charlotte Alexander & Lauren McLoughlin,ATHX GLASGOW 2026,United Kingdom 🇬🇧,2026,Female,ATHX Lite,MetCon X,,,15:38,,,,,,6
7,Ali Ward & Viviana Mayman,ATHX GLASGOW 2026,United Kingdom 🇬🇧,2026,Female,ATHX Lite,MetCon X,,,16:02,,,,,,7
8,Nicky Campbell & Zoe Rothera,ATHX GLASGOW 2026,United Kingdom 🇬🇧,2026,Female,ATHX Lite,MetCon X,,,16:06,,,,,,8
9,Julie Stevenson & Caroline Morris,ATHX GLASGOW 2026,United Kingdom 🇬🇧,2026,Female,ATHX Lite,MetCon X,,,16:31,,,,,,9
10,Samantha McCluskey & Tammi Jardine,ATHX GLASGOW 2026,United Kingdom 🇬🇧,2026,Female,ATHX Lite,MetCon X,,,16:38,,,,,,10
11,Jennifer Crate & Emma Noble,ATHX GLASGOW 2026,United Kingdom 🇬🇧,2026,Female,ATHX Lite,MetCon X,,,16:40,,,,,,11
12,Yvonne Miller & Fiona Halewood,ATHX GLASGOW 2026,United Kingdom 🇬🇧,2026,Female,ATHX Lite,MetCon X,,,16:54,,,,,,12
13,Lauren Smith & Jessica Helling,ATHX GLASGOW 2026,United Kingdom 🇬🇧,2026,Female,ATHX Lite,MetCon X,,,16:58,,,,,,13
13,Emma Odonnell & Katy McAleer,ATHX GLASGOW 2026,United Kingdom 🇬🇧,2026,Female,ATHX Lite,MetCon X,,,16:58,,,,,,13
15,Rachael Hodgson & Emma Morton,ATHX GLASGOW 2026,United Kingdom 🇬🇧,2026,Female,ATHX Lite,MetCon X,,,17:09,,,,,,15
16,Annabelle Sherwood & Ceri Porteous,ATHX GLASGOW 2026,United Kingdom 🇬🇧,2026,Female,ATHX Lite,MetCon X,,,17:21,,,,,,16
17,Anna Wroe & Éabha Sweeney,ATHX GLASGOW 2026,United Kingdom 🇬🇧,2026,Female,ATHX Lite,MetCon X,,,17:27,,,,,,17
18,Samantha Kirkland & Tamara MacKenzie,ATHX GLASGOW 2026,United Kingdom 🇬🇧,2026,Female,ATHX Lite,MetCon X,,,17:30,,,,,,18
19,Shelley Breckenridge & Anna Martin,ATHX GLASGOW 2026,United Kingdom 🇬🇧,2026,Female,ATHX Lite,MetCon X,,,17:32,,,,,,19
20,Sarah Gulland & Erin Masters,ATHX GLASGOW 2026,United Kingdom 🇬🇧,2026,Female,ATHX Lite,MetCon X,,,17:36,,,,,,20
21,Rachael Bentley & Nicola McGinn,ATHX GLASGOW 2026,United Kingdom 🇬🇧,2026,Female,ATHX Lite,MetCon X,,,17:41,,,,,,21
22,Victoria Lowe & Elizabeth Wylie,ATHX GLASGOW 2026,United Kingdom 🇬🇧,2026,Female,ATHX Lite,MetCon X,,,17:43,,,,,,22
23,Victoria Hamilton & Sorcha Bruce,ATHX GLASGOW 2026,United Kingdom 🇬🇧,2026,Female,ATHX Lite,MetCon X,,,17:59,,,,,,23
24,Elizabeth Hollinger & Rachel HOLLINGER,ATHX GLASGOW 2026,United Kingdom 🇬🇧,2026,Female,ATHX Lite,MetCon X,,,18:03,,,,,,24
24,Chloe Gault & Kirsty Pattison,ATHX GLASGOW 2026,United Kingdom 🇬🇧,2026,Female,ATHX Lite,MetCon X,,,18:03,,,,,,24
26,Stacy Wilson & Jessica Graham,ATHX GLASGOW 2026,United Kingdom 🇬🇧,2026,Female,ATHX Lite,MetCon X,,,18:14,,,,,,26
27,Pamela Miller & Laura Hicks,ATHX GLASGOW 2026,United Kingdom 🇬🇧,2026,Female,ATHX Lite,MetCon X,,,18:20,,,,,,27
28,Katy Brabbin & Jade Ellerington,ATHX GLASGOW 2026,United Kingdom 🇬🇧,2026,Female,ATHX Lite,MetCon X,,,18:31,,,,,,28
29,Laura Todd & Anne-Marie Noble,ATHX GLASGOW 2026,United Kingdom 🇬🇧,2026,Female,ATHX Lite,MetCon X,,,18:44,,,,,,29
30,Natalie Blake & Koren Baillie,ATHX GLASGOW 2026,United Kingdom 🇬🇧,2026,Female,ATHX Lite,MetCon X,,,18:46,,,,,,30
31,Lucy Fitzpatrick-Tanguy & Veera Vihavainen,ATHX GLASGOW 2026,United Kingdom 🇬🇧,2026,Female,ATHX Lite,MetCon X,,,19:44,,,,,,31
32,Erin Fisher & Caitlin Gray,ATHX GLASGOW 2026,United Kingdom 🇬🇧,2026,Female,ATHX Lite,MetCon X,,,21:08,,,,,,32
33,Kayley Hallgarth-Myles & Kirsty Pearson,ATHX GLASGOW 2026,United Kingdom 🇬🇧,2026,Female,ATHX Lite,MetCon X,,,21:20,,,,,,33
34,Daniela Sabharwal & Jodie Ford,ATHX GLASGOW 2026,United Kingdom 🇬🇧,2026,Female,ATHX Lite,MetCon X,,,21:34,,,,,,34
35,Shaunacy Kennedy & Cathrina McCabe,ATHX GLASGOW 2026,United Kingdom 🇬🇧,2026,Female,ATHX Lite,MetCon X,,,21:48,,,,,,35
36,Helen Mosquera & Gemma Collins,ATHX GLASGOW 2026,United Kingdom 🇬🇧,2026,Female,ATHX Lite,MetCon X,,,24:12,,,,,,36
1,Brandon Mills & Dale Wright,ATHX GLASGOW 2026,United Kingdom 🇬🇧,2026,Male,ATHX Pro,Overall,2 (983KG),2 (10.445KM),1 (13:02),,,,,,5
2,Jake Wright & Rory McAusland,ATHX GLASGOW 2026,United Kingdom 🇬🇧,2026,Male,ATHX Pro,Overall,3 (935KG),6 (10.208KM),3 (14:41),,,,,,12
3,Fraser fgmclark@gmail.com & Huw Davis,ATHX GLASGOW 2026,United Kingdom 🇬🇧,2026,Male,ATHX Pro,Overall,5 (890KG),7 (10.207KM),2 (13:43),,,,,,14
4,Connor Martin & Murray Scott,ATHX GLASGOW 2026,United Kingdom 🇬🇧,2026,Male,ATHX Pro,Overall,9 (838KG),3 (10.436KM),4 (14:43),,,,,,16
5,Jamie Hill & Joe Porter,ATHX GLASGOW 2026,United Kingdom 🇬🇧,2026,Male,ATHX Pro,Overall,1 (997KG),15 (9.895KM),5 (14:46),,,,,,21
6,Liam Taggart & Peter Johnstone,ATHX GLASGOW 2026,United Kingdom 🇬🇧,2026,Male,ATHX Pro,Overall,10 (825KG),9 (10.08KM),6 (14:52),,,,,,25
7,David McSorley & craig thomson,ATHX GLASGOW 2026,United Kingdom 🇬🇧,2026,Male,ATHX Pro,Overall,8 (843KG),12 (9.936KM),7 (14:56),,,,,,27
8,Lee Moffat & John Mcindoe,ATHX GLASGOW 2026,United Kingdom 🇬🇧,2026,Male,ATHX Pro,Overall,4 (915KG),17 (9.76KM),9 (15:07),,,,,,30
9,Euan Watters & Jason Nouri,ATHX GLASGOW 2026,United Kingdom 🇬🇧,2026,Male,ATHX Pro,Overall,21 (603KG),1 (10.84KM),11 (16:34),,,,,,33
10,Aaron lees & Lewis Ross,ATHX GLASGOW 2026,United Kingdom 🇬🇧,2026,Male,ATHX Pro,Overall,7 (876KG),16 (9.878KM),12 (17:05),,,,,,35
10,Nathan Whitworth & Nyle Godsmark,ATHX GLASGOW 2026,United Kingdom 🇬🇧,2026,Male,ATHX Pro,Overall,16 (770KG),11 (9.941KM),8 (14:57),,,,,,35
10,Pablo Hernández Olivares & Javier Hernández Olivares,ATHX GLASGOW 2026,United Kingdom 🇬🇧,2026,Male,ATHX Pro,Overall,12 (813KG),13 (9.927KM),10 (15:25),,,,,,35
13,Richard Woolley & Stefan Humphries,ATHX GLASGOW 2026,United Kingdom 🇬🇧,2026,Male,ATHX Pro,Overall,15 (783KG),8 (10.195KM),13 (17:18),,,,,,36
14,Matthew Grieh & Cameron Anderson,ATHX GLASGOW 2026,United Kingdom 🇬🇧,2026,Male,ATHX Pro,Overall,18 (710KG),5 (10.232KM),14 (18:13),,,,,,37
15,Richard Whyte & Sean Hadden,ATHX GLASGOW 2026,United Kingdom 🇬🇧,2026,Male,ATHX Pro,Overall,17 (765KG),4 (10.426KM),20 (19:36),,,,,,41
16,Stuart McIntosh & Max Hepburn,ATHX GLASGOW 2026,United Kingdom 🇬🇧,2026,Male,ATHX Pro,Overall,6 (878KG),20 (9.442KM),17 (19:14),,,,,,43
17,Gary Dixon & Martin Shaw,ATHX GLASGOW 2026,United Kingdom 🇬🇧,2026,Male,ATHX Pro,Overall,11 (815KG),19 (9.46KM),15 (18:26),,,,,,45
18,Tony Murphy & Dean Flannery,ATHX GLASGOW 2026,United Kingdom 🇬🇧,2026,Male,ATHX Pro,Overall,13 (810KG),18 (9.572KM),16 (18:32),,,,,,47
18,Sam Menzies & Christopher Binks,ATHX GLASGOW 2026,United Kingdom 🇬🇧,2026,Male,ATHX Pro,Overall,19 (675KG),10 (10.049KM),18 (19:17),,,,,,47
18,Alex Boltom & Todd Brooks,ATHX GLASGOW 2026,United Kingdom 🇬🇧,2026,Male,ATHX Pro,Overall,14 (805KG),14 (9.921KM),19 (19:22),,,,,,47
21,David Allan & Riccardo Gallo,ATHX GLASGOW 2026,United Kingdom 🇬🇧,2026,Male,ATHX Pro,Overall,20 (635KG),21 (8.684KM),21 (20:57),,,,,,62
1,Kerry Stieger & Florian Tromm,ATHX GLASGOW 2026,United Kingdom 🇬🇧,2026,Mixed,ATHX Lite,MetCon X,,,12:17,,,,,,1
2,Nicole Martin & David Robertson,ATHX GLASGOW 2026,United Kingdom 🇬🇧,2026,Mixed,ATHX Lite,MetCon X,,,13:28,,,,,,2
3,Alejandra Fernandez Ferrer & Jonathan Krzyzosiak,ATHX GLASGOW 2026,United Kingdom 🇬🇧,2026,Mixed,ATHX Lite,MetCon X,,,13:32,,,,,,3
4,Kirstin Parker & Andrew Parker,ATHX GLASGOW 2026,United Kingdom 🇬🇧,2026,Mixed,ATHX Lite,MetCon X,,,14:42,,,,,,4
5,Andy Langford & Camille Decuir,ATHX GLASGOW 2026,United Kingdom 🇬🇧,2026,Mixed,ATHX Lite,MetCon X,,,14:53,,,,,,5
6,Terri Mcdonald & Steven Mcdonald,ATHX GLASGOW 2026,United Kingdom 🇬🇧,2026,Mixed,ATHX Lite,MetCon X,,,15:52,,,,,,6
7,Rachel Dean & James Chalmers,ATHX GLASGOW 2026,United Kingdom 🇬🇧,2026,Mixed,ATHX Lite,MetCon X,,,17:06,,,,,,7
8,Pauline Chan & Andrew Li,ATHX GLASGOW 2026,United Kingdom 🇬🇧,2026,Mixed,ATHX Lite,MetCon X,,,17:10,,,,,,8
9,Harriet McFadyen & Craig McFadyen,ATHX GLASGOW 2026,United Kingdom 🇬🇧,2026,Mixed,ATHX Lite,MetCon X,,,18:04,,,,,,9
10,Robert Readie & Avril Readie,ATHX GLASGOW 2026,United Kingdom 🇬🇧,2026,Mixed,ATHX Lite,MetCon X,,,18:47,,,,,,10
11,Martin O’Neill & Eva Murray,ATHX GLASGOW 2026,United Kingdom 🇬🇧,2026,Mixed,ATHX Lite,MetCon X,,,18:56,,,,,,11
12,Konstantina Marinova & Prabhkaran Singh,ATHX GLASGOW 2026,United Kingdom 🇬🇧,2026,Mixed,ATHX Lite,MetCon X,,,19:17,,,,,,12
13,Fiona Beagrie & Mark Beagrie,ATHX GLASGOW 2026,United Kingdom 🇬🇧,2026,Mixed,ATHX Lite,MetCon X,,,19:22,,,,,,13
14,Mark Vreeswijk & Shannen Li,ATHX GLASGOW 2026,United Kingdom 🇬🇧,2026,Mixed,ATHX Lite,MetCon X,,,21:23,,,,,,14
15,Andy Gibson & Alison Davies,ATHX GLASGOW 2026,United Kingdom 🇬🇧,2026,Mixed,ATHX Lite,MetCon X,,,23:40,,,,,,15
16,Karen Stirrat & John Mackie,ATHX GLASGOW 2026,United Kingdom 🇬🇧,2026,Mixed,ATHX Lite,MetCon X,,,23:55,,,,,,16
1,Tom Woods & Dan Jones,ATHX GLASGOW 2026,United Kingdom 🇬🇧,2026,Male,ATHX,MetCon X,,,10:48,,,,,,1
2,David Hodge & josh stratton,ATHX GLASGOW 2026,United Kingdom 🇬🇧,2026,Male,ATHX,MetCon X,,,11:38,,,,,,2
3,Connor Evison & Ross Hughes,ATHX GLASGOW 2026,United Kingdom 🇬🇧,2026,Male,ATHX,MetCon X,,,11:48,,,,,,3
4,Dominic Darbyshire & Liam Stables,ATHX GLASGOW 2026,United Kingdom 🇬🇧,2026,Male,ATHX,MetCon X,,,12:11,,,,,,4
5,Sean Parkinson & Nic Chaviaris,ATHX GLASGOW 2026,United Kingdom 🇬🇧,2026,Male,ATHX,MetCon X,,,12:16,,,,,,5
6,Michal Dunin & Tadeusz Dunin,ATHX GLASGOW 2026,United Kingdom 🇬🇧,2026,Male,ATHX,MetCon X,,,12:19,,,,,,6
7,Giovanni Fois & Riccardo Bertrando,ATHX GLASGOW 2026,United Kingdom 🇬🇧,2026,Male,ATHX,MetCon X,,,12:28,,,,,,7
8,Kerr Fletcher & Stuart Aitken,ATHX GLASGOW 2026,United Kingdom 🇬🇧,2026,Male,ATHX,MetCon X,,,12:34,,,,,,8
9,Rob Haselgrove & Barry Coombs,ATHX GLASGOW 2026,United Kingdom 🇬🇧,2026,Male,ATHX,MetCon X,,,12:41,,,,,,9
10,Kevin Scott & Jamie Mcglinchey,ATHX GLASGOW 2026,United Kingdom 🇬🇧,2026,Male,ATHX,MetCon X,,,12:44,,,,,,10
11,Paul Giblin & Jack Thomson,ATHX GLASGOW 2026,United Kingdom 🇬🇧,2026,Male,ATHX,MetCon X,,,12:45,,,,,,11
12,Asim Jani & Chris Williams,ATHX GLASGOW 2026,United Kingdom 🇬🇧,2026,Male,ATHX,MetCon X,,,12:49,,,,,,12
13,Ryan Holmes & Dale Burke,ATHX GLASGOW 2026,United Kingdom 🇬🇧,2026,Male,ATHX,MetCon X,,,12:50,,,,,,13
13,Kieran Wain & Alex Barwell,ATHX GLASGOW 2026,United Kingdom 🇬🇧,2026,Male,ATHX,MetCon X,,,12:50,,,,,,13
13,Jack Kinloch & Nathan Smith,ATHX GLASGOW 2026,United Kingdom 🇬🇧,2026,Male,ATHX,MetCon X,,,12:50,,,,,,13
16,Josh Clayson & William Hall,ATHX GLASGOW 2026,United Kingdom 🇬🇧,2026,Male,ATHX,MetCon X,,,12:56,,,,,,16
17,Luke King & jack hawcroft,ATHX GLASGOW 2026,United Kingdom 🇬🇧,2026,Male,ATHX,MetCon X,,,12:58,,,,,,17
18,JONATHAN WRIGHT & Alberto Gonzalez,ATHX GLASGOW 2026,United Kingdom 🇬🇧,2026,Male,ATHX,MetCon X,,,13:01,,,,,,18
19,Jack Mcknight & Luke Kelly,ATHX GLASGOW 2026,United Kingdom 🇬🇧,2026,Male,ATHX,MetCon X,,,13:03,,,,,,19
20,ethan ward & Toby Wright,ATHX GLASGOW 2026,United Kingdom 🇬🇧,2026,Male,ATHX,MetCon X,,,13:10,,,,,,20
21,Lewis North & David Wilson,ATHX GLASGOW 2026,United Kingdom 🇬🇧,2026,Male,ATHX,MetCon X,,,13:13,,,,,,21
22,Rhys Spackman & Andrew Brown,ATHX GLASGOW 2026,United Kingdom 🇬🇧,2026,Male,ATHX,MetCon X,,,13:18,,,,,,22
23,Ross Williams & Chris Shaw,ATHX GLASGOW 2026,United Kingdom 🇬🇧,2026,Male,ATHX,MetCon X,,,13:27,,,,,,23
23,Jack Sykes & Mark Simpson,ATHX GLASGOW 2026,United Kingdom 🇬🇧,2026,Male,ATHX,MetCon X,,,13:27,,,,,,23
25,Stuart Bryant & Lewis Humphreys,ATHX GLASGOW 2026,United Kingdom 🇬🇧,2026,Male,ATHX,MetCon X,,,13:30,,,,,,25
26,Logan Stoney & Sean Mackinnon,ATHX GLASGOW 2026,United Kingdom 🇬🇧,2026,Male,ATHX,MetCon X,,,13:33,,,,,,26
27,Christopher Kovacs & Chris Sun,ATHX GLASGOW 2026,United Kingdom 🇬🇧,2026,Male,ATHX,MetCon X,,,13:38,,,,,,27
28,Harry Brewster & Calum Booth,ATHX GLASGOW 2026,United Kingdom 🇬🇧,2026,Male,ATHX,MetCon X,,,13:40,,,,,,28
29,Tim Parish & Mike Dunderdale,ATHX GLASGOW 2026,United Kingdom 🇬🇧,2026,Male,ATHX,MetCon X,,,13:51,,,,,,29
30,Nicholas Crutchley & Jakub Foytl,ATHX GLASGOW 2026,United Kingdom 🇬🇧,2026,Male,ATHX,MetCon X,,,13:52,,,,,,30
31,Cameron Robb & Douglas McLeod,ATHX GLASGOW 2026,United Kingdom 🇬🇧,2026,Male,ATHX,MetCon X,,,13:55,,,,,,31
32,Pete Berrett & Juan Aponte Dubois,ATHX GLASGOW 2026,United Kingdom 🇬🇧,2026,Male,ATHX,MetCon X,,,13:56,,,,,,32
33,Alexander Morrison & Jack Malone,ATHX GLASGOW 2026,United Kingdom 🇬🇧,2026,Male,ATHX,MetCon X,,,14:00,,,,,,33
33,shaun kelly & Gary Hamilton,ATHX GLASGOW 2026,United Kingdom 🇬🇧,2026,Male,ATHX,MetCon X,,,14:00,,,,,,33
35,Scott Williamson & Sam Davidson,ATHX GLASGOW 2026,United Kingdom 🇬🇧,2026,Male,ATHX,MetCon X,,,14:03,,,,,,35
36,Sandy Black & Andy Park,ATHX GLASGOW 2026,United Kingdom 🇬🇧,2026,Male,ATHX,MetCon X,,,14:05,,,,,,36
37,Darren Meikle & Chris Jackson,ATHX GLASGOW 2026,United Kingdom 🇬🇧,2026,Male,ATHX,MetCon X,,,14:07,,,,,,37
38,Luis Miguez & Samuel Amaro,ATHX GLASGOW 2026,United Kingdom 🇬🇧,2026,Male,ATHX,MetCon X,,,14:08,,,,,,38
38,Adam Bannister & Lee Draper,ATHX GLASGOW 2026,United Kingdom 🇬🇧,2026,Male,ATHX,MetCon X,,,14:08,,,,,,38
40,Simon Shaw & John McAleavey,ATHX GLASGOW 2026,United Kingdom 🇬🇧,2026,Male,ATHX,MetCon X,,,14:10,,,,,,40
40,Jonathan Upward & Alfie Dobinson,ATHX GLASGOW 2026,United Kingdom 🇬🇧,2026,Male,ATHX,MetCon X,,,14:10,,,,,,40
42,Alan McRae & Andy Coffey,ATHX GLASGOW 2026,United Kingdom 🇬🇧,2026,Male,ATHX,MetCon X,,,14:11,,,,,,42
43,Ruri Kinsella & Mark Harkins,ATHX GLASGOW 2026,United Kingdom 🇬🇧,2026,Male,ATHX,MetCon X,,,14:15,,,,,,43
44,Abdelkhalek Akbiri & Ettore Monese,ATHX GLASGOW 2026,United Kingdom 🇬🇧,2026,Male,ATHX,MetCon X,,,14:20,,,,,,44
45,Matthew Bowater & Robbie Mcallister,ATHX GLASGOW 2026,United Kingdom 🇬🇧,2026,Male,ATHX,MetCon X,,,14:21,,,,,,45
46,Barry McConnochie & Uldis Lapsins,ATHX GLASGOW 2026,United Kingdom 🇬🇧,2026,Male,ATHX,MetCon X,,,14:40,,,,,,46
47,Mark Hartnett-Morgan & Graeme Davidson,ATHX GLASGOW 2026,United Kingdom 🇬🇧,2026,Male,ATHX,MetCon X,,,14:41,,,,,,47
48,Tommy Madley & Luis Davidson,ATHX GLASGOW 2026,United Kingdom 🇬🇧,2026,Male,ATHX,MetCon X,,,14:42,,,,,,48
49,Domenico Venditto & Marco Cammarano,ATHX GLASGOW 2026,United Kingdom 🇬🇧,2026,Male,ATHX,MetCon X,,,14:43,,,,,,49
50,Steven Mckeown & David McPhail,ATHX GLASGOW 2026,United Kingdom 🇬🇧,2026,Male,ATHX,MetCon X,,,14:45,,,,,,50
51,martyn grocott & Matt Johansson,ATHX GLASGOW 2026,United Kingdom 🇬🇧,2026,Male,ATHX,MetCon X,,,14:47,,,,,,51
52,Daniel McBride & Billy Hutchison,ATHX GLASGOW 2026,United Kingdom 🇬🇧,2026,Male,ATHX,MetCon X,,,14:59,,,,,,52
53,liam healy & Shaun Healy,ATHX GLASGOW 2026,United Kingdom 🇬🇧,2026,Male,ATHX,MetCon X,,,15:02,,,,,,53
54,Stuart Cameron & Ronnie Mcfarlane,ATHX GLASGOW 2026,United Kingdom 🇬🇧,2026,Male,ATHX,MetCon X,,,15:05,,,,,,54
54,Steven McNeil & Robbie McLaren,ATHX GLASGOW 2026,United Kingdom 🇬🇧,2026,Male,ATHX,MetCon X,,,15:05,,,,,,54
56,Daniel Stevenson & Jamie Ingledew,ATHX GLASGOW 2026,United Kingdom 🇬🇧,2026,Male,ATHX,MetCon X,,,15:07,,,,,,56
56,Lewis Jones & Mitch Carr,ATHX GLASGOW 2026,United Kingdom 🇬🇧,2026,Male,ATHX,MetCon X,,,15:07,,,,,,56
58,Stewart Mccombe & Bobby Morrell,ATHX GLASGOW 2026,United Kingdom 🇬🇧,2026,Male,ATHX,MetCon X,,,15:10,,,,,,58
59,Darren Proudfoot & Declan Day,ATHX GLASGOW 2026,United Kingdom 🇬🇧,2026,Male,ATHX,MetCon X,,,15:16,,,,,,59
60,Grant Davidson & Christopher Foulkes,ATHX GLASGOW 2026,United Kingdom 🇬🇧,2026,Male,ATHX,MetCon X,,,15:18,,,,,,60
61,Robbie McNab & Antony Evans,ATHX GLASGOW 2026,United Kingdom 🇬🇧,2026,Male,ATHX,MetCon X,,,15:21,,,,,,61
62,David Martin & Stephen Brown,ATHX GLASGOW 2026,United Kingdom 🇬🇧,2026,Male,ATHX,MetCon X,,,15:25,,,,,,62
63,Jay Kelly & Josh Simpson,ATHX GLASGOW 2026,United Kingdom 🇬🇧,2026,Male,ATHX,MetCon X,,,15:27,,,,,,63
64,William Clarke & Ross Archibald,ATHX GLASGOW 2026,United Kingdom 🇬🇧,2026,Male,ATHX,MetCon X,,,15:30,,,,,,64
65,Liam Jones & Alex Reed,ATHX GLASGOW 2026,United Kingdom 🇬🇧,2026,Male,ATHX,MetCon X,,,15:31,,,,,,65
66,Martin Pursley & Andy McGhee,ATHX GLASGOW 2026,United Kingdom 🇬🇧,2026,Male,ATHX,MetCon X,,,15:42,,,,,,66
66,Josh Marshall & Ben Coldwell,ATHX GLASGOW 2026,United Kingdom 🇬🇧,2026,Male,ATHX,MetCon X,,,15:42,,,,,,66
68,Perry Andrews & Laurence Pannell,ATHX GLASGOW 2026,United Kingdom 🇬🇧,2026,Male,ATHX,MetCon X,,,15:47,,,,,,68
69,Yunus Ali & Sam Warwick,ATHX GLASGOW 2026,United Kingdom 🇬🇧,2026,Male,ATHX,MetCon X,,,15:48,,,,,,69
69,David Ross & Rudie Mcmahon,ATHX GLASGOW 2026,United Kingdom 🇬🇧,2026,Male,ATHX,MetCon X,,,15:48,,,,,,69
71,Scott Mitchell & Scott Davidson,ATHX GLASGOW 2026,United Kingdom 🇬🇧,2026,Male,ATHX,MetCon X,,,15:54,,,,,,71
72,Jamie Horton & Craig Robertson,ATHX GLASGOW 2026,United Kingdom 🇬🇧,2026,Male,ATHX,MetCon X,,,15:55,,,,,,72
73,Taylor Stephens & Charlie Thompson,ATHX GLASGOW 2026,United Kingdom 🇬🇧,2026,Male,ATHX,MetCon X,,,15:57,,,,,,73
74,Tony Watson & Dylan Grundy,ATHX GLASGOW 2026,United Kingdom 🇬🇧,2026,Male,ATHX,MetCon X,,,16:04,,,,,,74
75,Anil Gupta & Rob Pope,ATHX GLASGOW 2026,United Kingdom 🇬🇧,2026,Male,ATHX,MetCon X,,,16:08,,,,,,75
76,Richard Cook & Nick Chandler,ATHX GLASGOW 2026,United Kingdom 🇬🇧,2026,Male,ATHX,MetCon X,,,16:15,,,,,,76
77,Mark Stuart & Andrew Macmaster,ATHX GLASGOW 2026,United Kingdom 🇬🇧,2026,Male,ATHX,MetCon X,,,16:16,,,,,,77
78,Mark Roe & Alistair Maag,ATHX GLASGOW 2026,United Kingdom 🇬🇧,2026,Male,ATHX,MetCon X,,,16:21,,,,,,78
79,Andrew Reilly & Calum Johnston,ATHX GLASGOW 2026,United Kingdom 🇬🇧,2026,Male,ATHX,MetCon X,,,16:22,,,,,,79
80,Gabriel Quinn & Zayne Cloete,ATHX GLASGOW 2026,United Kingdom 🇬🇧,2026,Male,ATHX,MetCon X,,,16:24,,,,,,80
81,Daniel Fearn & Sam Seddon,ATHX GLASGOW 2026,United Kingdom 🇬🇧,2026,Male,ATHX,MetCon X,,,16:26,,,,,,81
81,Matthew Belot & Joe McKillion,ATHX GLASGOW 2026,United Kingdom 🇬🇧,2026,Male,ATHX,MetCon X,,,16:26,,,,,,81
83,James Collinge & Lewis Newstead,ATHX GLASGOW 2026,United Kingdom 🇬🇧,2026,Male,ATHX,MetCon X,,,16:30,,,,,,83
83,Joshua James & Mark Slater,ATHX GLASGOW 2026,United Kingdom 🇬🇧,2026,Male,ATHX,MetCon X,,,16:30,,,,,,83
85,Steven Smith & Ross Anderson,ATHX GLASGOW 2026,United Kingdom 🇬🇧,2026,Male,ATHX,MetCon X,,,16:31,,,,,,85
86,Darren Marshall & Liam Stubbs,ATHX GLASGOW 2026,United Kingdom 🇬🇧,2026,Male,ATHX,MetCon X,,,16:38,,,,,,86
87,Jamie Stone & Kieran Small,ATHX GLASGOW 2026,United Kingdom 🇬🇧,2026,Male,ATHX,MetCon X,,,16:44,,,,,,87
88,Jaimie Bell & Jonny Keenan,ATHX GLASGOW 2026,United Kingdom 🇬🇧,2026,Male,ATHX,MetCon X,,,16:47,,,,,,88
89,Alasdair McCruden & Angus Duffy,ATHX GLASGOW 2026,United Kingdom 🇬🇧,2026,Male,ATHX,MetCon X,,,16:54,,,,,,89
90,Carl Lafferty & Al Barnes,ATHX GLASGOW 2026,United Kingdom 🇬🇧,2026,Male,ATHX,MetCon X,,,17:04,,,,,,90
91,Chris McInnes & Mark McInnes,ATHX GLASGOW 2026,United Kingdom 🇬🇧,2026,Male,ATHX,MetCon X,,,17:06,,,,,,91
92,Rich Fella & Rick Smith,ATHX GLASGOW 2026,United Kingdom 🇬🇧,2026,Male,ATHX,MetCon X,,,17:07,,,,,,92
93,Scott Ferguson & Cole Lamberton,ATHX GLASGOW 2026,United Kingdom 🇬🇧,2026,Male,ATHX,MetCon X,,,17:11,,,,,,93
94,Marc Smith & Steven Provan,ATHX GLASGOW 2026,United Kingdom 🇬🇧,2026,Male,ATHX,MetCon X,,,17:17,,,,,,94
95,Steve Scott & Lewis Roden,ATHX GLASGOW 2026,United Kingdom 🇬🇧,2026,Male,ATHX,MetCon X,,,17:21,,,,,,95
96,Harry Esson & Kian Gallacher,ATHX GLASGOW 2026,United Kingdom 🇬🇧,2026,Male,ATHX,MetCon X,,,17:22,,,,,,96
96,Robinson Joe & Chris Robinson,ATHX GLASGOW 2026,United Kingdom 🇬🇧,2026,Male,ATHX,MetCon X,,,17:22,,,,,,96
98,Declan Holland & jamie ford,ATHX GLASGOW 2026,United Kingdom 🇬🇧,2026,Male,ATHX,MetCon X,,,17:32,,,,,,98
99,Ryan Tomasulo & Fraser Sayers,ATHX GLASGOW 2026,United Kingdom 🇬🇧,2026,Male,ATHX,MetCon X,,,17:35,,,,,,99
100,Gary Wilson & BRYAN KIRK,ATHX GLASGOW 2026,United Kingdom 🇬🇧,2026,Male,ATHX,MetCon X,,,17:52,,,,,,100
101,Gavin Bon & Richard Pargeter,ATHX GLASGOW 2026,United Kingdom 🇬🇧,2026,Male,ATHX,MetCon X,,,17:55,,,,,,101
102,Reuben Stuart & James Johnston,ATHX GLASGOW 2026,United Kingdom 🇬🇧,2026,Male,ATHX,MetCon X,,,17:56,,,,,,102
103,Daniel Mclean & Gregor Henderson,ATHX GLASGOW 2026,United Kingdom 🇬🇧,2026,Male,ATHX,MetCon X,,,18:00,,,,,,103
104,Mike Craig & Richard Reid,ATHX GLASGOW 2026,United Kingdom 🇬🇧,2026,Male,ATHX,MetCon X,,,18:17,,,,,,104
105,Colin MacColl & David Garden,ATHX GLASGOW 2026,United Kingdom 🇬🇧,2026,Male,ATHX,MetCon X,,,18:26,,,,,,105
106,Chris Emmott-Mangnall & Chris MacInnes,ATHX GLASGOW 2026,United Kingdom 🇬🇧,2026,Male,ATHX,MetCon X,,,18:32,,,,,,106
107,Calum Lazenby & Giovanni Rossi,ATHX GLASGOW 2026,United Kingdom 🇬🇧,2026,Male,ATHX,MetCon X,,,18:37,,,,,,107
108,Gary Maitles & Graeme Allan,ATHX GLASGOW 2026,United Kingdom 🇬🇧,2026,Male,ATHX,MetCon X,,,18:51,,,,,,108
109,Matthew Corner & Robert Corner,ATHX GLASGOW 2026,United Kingdom 🇬🇧,2026,Male,ATHX,MetCon X,,,18:58,,,,,,109
110,Jonathan Mackay & Stephen Meek,ATHX GLASGOW 2026,United Kingdom 🇬🇧,2026,Male,ATHX,MetCon X,,,19:02,,,,,,110
111,Simon Shiels & Mike Shiels,ATHX GLASGOW 2026,United Kingdom 🇬🇧,2026,Male,ATHX,MetCon X,,,19:13,,,,,,111
112,Sam Thompkins & Mark Thompkins,ATHX GLASGOW 2026,United Kingdom 🇬🇧,2026,Male,ATHX,MetCon X,,,19:22,,,,,,112
113,Shay Needham & Ashley Simpson,ATHX GLASGOW 2026,United Kingdom 🇬🇧,2026,Male,ATHX,MetCon X,,,19:28,,,,,,113
114,Usman Javed & Ummair Aslam,ATHX GLASGOW 2026,United Kingdom 🇬🇧,2026,Male,ATHX,MetCon X,,,19:35,,,,,,114
115,Darren Macintyre & Jack Paterson,ATHX GLASGOW 2026,United Kingdom 🇬🇧,2026,Male,ATHX,MetCon X,,,20:30,,,,,,115
116,stephen phillips & James Richardson,ATHX GLASGOW 2026,United Kingdom 🇬🇧,2026,Male,ATHX,MetCon X,,,20:31,,,,,,116
117,Mark Sweeney & Patrick Sweeney,ATHX GLASGOW 2026,United Kingdom 🇬🇧,2026,Male,ATHX,MetCon X,,,21:15,,,,,,117
118,Sam Davies & John Charles,ATHX GLASGOW 2026,United Kingdom 🇬🇧,2026,Male,ATHX,MetCon X,,,21:17,,,,,,118
119,Stephen Moore & Chris McDade,ATHX GLASGOW 2026,United Kingdom 🇬🇧,2026,Male,ATHX,MetCon X,,,22:19,,,,,,119
120,Lawrence Munro & Scott MacKintosh,ATHX GLASGOW 2026,United Kingdom 🇬🇧,2026,Male,ATHX,MetCon X,,,22:24,,,,,,120
121,Dean Darroch & Stephen Haddow,ATHX GLASGOW 2026,United Kingdom 🇬🇧,2026,Male,ATHX,MetCon X,,,22:57,,,,,,121
122,Dominic Shevlane & Harry Keough,ATHX GLASGOW 2026,United Kingdom 🇬🇧,2026,Male,ATHX,MetCon X,,,23:01,,,,,,122
123,Andy Dewsbury & Tom Elvin,ATHX GLASGOW 2026,United Kingdom 🇬🇧,2026,Male,ATHX,MetCon X,,,24:15,,,,,,123
124,Martin Dempster & Irfan Ahmad,ATHX GLASGOW 2026,United Kingdom 🇬🇧,2026,Male,ATHX,MetCon X,,,24:25,,,,,,124
1,Julie Stevenson & Caroline Morris,ATHX GLASGOW 2026,United Kingdom 🇬🇧,2026,Female,ATHX Lite,Endurance,,,,,,,4KM,4.506KM,1
2,Vicky Griffin & Harriet Griffin,ATHX GLASGOW 2026,United Kingdom 🇬🇧,2026,Female,ATHX Lite,Endurance,,,,,,,3.589KM,4.715KM,2
3,Stephanie Buchanan & Brooke Douglas,ATHX GLASGOW 2026,United Kingdom 🇬🇧,2026,Female,ATHX Lite,Endurance,,,,,,,3.705KM,4.485KM,3
4,Chloe Cooper & Sophia Pizzimenti,ATHX GLASGOW 2026,United Kingdom 🇬🇧,2026,Female,ATHX Lite,Endurance,,,,,,,3.12KM,4.759KM,4
5,Ali Ward & Viviana Mayman,ATHX GLASGOW 2026,United Kingdom 🇬🇧,2026,Female,ATHX Lite,Endurance,,,,,,,3.138KM,4.721KM,5
6,Deniece Macrae & Elaine Hastings,ATHX GLASGOW 2026,United Kingdom 🇬🇧,2026,Female,ATHX Lite,Endurance,,,,,,,3.091KM,4.61KM,6
7,Annabelle Sherwood & Ceri Porteous,ATHX GLASGOW 2026,United Kingdom 🇬🇧,2026,Female,ATHX Lite,Endurance,,,,,,,3.168KM,4.384KM,7
8,Yvonne Miller & Fiona Halewood,ATHX GLASGOW 2026,United Kingdom 🇬🇧,2026,Female,ATHX Lite,Endurance,,,,,,,3.25KM,4.291KM,8
9,Jane Rundell & Amber McFarlane,ATHX GLASGOW 2026,United Kingdom 🇬🇧,2026,Female,ATHX Lite,Endurance,,,,,,,2.874KM,4.65KM,9
10,Anna Wroe & Éabha Sweeney,ATHX GLASGOW 2026,United Kingdom 🇬🇧,2026,Female,ATHX Lite,Endurance,,,,,,,3KM,4.454KM,10
11,Sarah Gulland & Erin Masters,ATHX GLASGOW 2026,United Kingdom 🇬🇧,2026,Female,ATHX Lite,Endurance,,,,,,,3KM,4.426KM,11
12,Victoria Lowe & Elizabeth Wylie,ATHX GLASGOW 2026,United Kingdom 🇬🇧,2026,Female,ATHX Lite,Endurance,,,,,,,3.189KM,4.224KM,12
13,Chloe Gault & Kirsty Pattison,ATHX GLASGOW 2026,United Kingdom 🇬🇧,2026,Female,ATHX Lite,Endurance,,,,,,,3.067KM,4.344KM,13
14,Charlotte Alexander & Lauren McLoughlin,ATHX GLASGOW 2026,United Kingdom 🇬🇧,2026,Female,ATHX Lite,Endurance,,,,,,,3KM,4.404KM,14
15,Samantha McCluskey & Tammi Jardine,ATHX GLASGOW 2026,United Kingdom 🇬🇧,2026,Female,ATHX Lite,Endurance,,,,,,,2.86KM,4.513KM,15
16,Rachael Hodgson & Emma Morton,ATHX GLASGOW 2026,United Kingdom 🇬🇧,2026,Female,ATHX Lite,Endurance,,,,,,,3KM,4.34KM,16
17,Elizabeth Hollinger & Rachel HOLLINGER,ATHX GLASGOW 2026,United Kingdom 🇬🇧,2026,Female,ATHX Lite,Endurance,,,,,,,2.988KM,4.33KM,17
18,Shelley Breckenridge & Anna Martin,ATHX GLASGOW 2026,United Kingdom 🇬🇧,2026,Female,ATHX Lite,Endurance,,,,,,,3KM,4.273KM,18
19,Nicky Campbell & Zoe Rothera,ATHX GLASGOW 2026,United Kingdom 🇬🇧,2026,Female,ATHX Lite,Endurance,,,,,,,3.03KM,4.216KM,19
20,Jennifer Crate & Emma Noble,ATHX GLASGOW 2026,United Kingdom 🇬🇧,2026,Female,ATHX Lite,Endurance,,,,,,,2.94KM,4.285KM,20
21,Lauren Smith & Jessica Helling,ATHX GLASGOW 2026,United Kingdom 🇬🇧,2026,Female,ATHX Lite,Endurance,,,,,,,2.5KM,4.697KM,21
22,Daniela Sabharwal & Jodie Ford,ATHX GLASGOW 2026,United Kingdom 🇬🇧,2026,Female,ATHX Lite,Endurance,,,,,,,3KM,4.183KM,22
23,Samantha Kirkland & Tamara MacKenzie,ATHX GLASGOW 2026,United Kingdom 🇬🇧,2026,Female,ATHX Lite,Endurance,,,,,,,3KM,4.14KM,23
23,Victoria Hamilton & Sorcha Bruce,ATHX GLASGOW 2026,United Kingdom 🇬🇧,2026,Female,ATHX Lite,Endurance,,,,,,,2.964KM,4.176KM,23
25,Natalie Blake & Koren Baillie,ATHX GLASGOW 2026,United Kingdom 🇬🇧,2026,Female,ATHX Lite,Endurance,,,,,,,3.283KM,3.823KM,25
26,Lucy Fitzpatrick-Tanguy & Veera Vihavainen,ATHX GLASGOW 2026,United Kingdom 🇬🇧,2026,Female,ATHX Lite,Endurance,,,,,,,2.854KM,4.183KM,26
27,Pamela Miller & Laura Hicks,ATHX GLASGOW 2026,United Kingdom 🇬🇧,2026,Female,ATHX Lite,Endurance,,,,,,,3.181KM,3.787KM,27
28,Katy Brabbin & Jade Ellerington,ATHX GLASGOW 2026,United Kingdom 🇬🇧,2026,Female,ATHX Lite,Endurance,,,,,,,2.327KM,4.629KM,28
29,Kayley Hallgarth-Myles & Kirsty Pearson,ATHX GLASGOW 2026,United Kingdom 🇬🇧,2026,Female,ATHX Lite,Endurance,,,,,,,3.019KM,3.881KM,29
30,Stacy Wilson & Jessica Graham,ATHX GLASGOW 2026,United Kingdom 🇬🇧,2026,Female,ATHX Lite,Endurance,,,,,,,2.919KM,3.911KM,30
31,Erin Fisher & Caitlin Gray,ATHX GLASGOW 2026,United Kingdom 🇬🇧,2026,Female,ATHX Lite,Endurance,,,,,,,2.534KM,4.247KM,31
32,Emma Odonnell & Katy McAleer,ATHX GLASGOW 2026,United Kingdom 🇬🇧,2026,Female,ATHX Lite,Endurance,,,,,,,2.59KM,4.184KM,32
33,Rachael Bentley & Nicola McGinn,ATHX GLASGOW 2026,United Kingdom 🇬🇧,2026,Female,ATHX Lite,Endurance,,,,,,,2.872KM,3.872KM,33
34,Laura Todd & Anne-Marie Noble,ATHX GLASGOW 2026,United Kingdom 🇬🇧,2026,Female,ATHX Lite,Endurance,,,,,,,2.5KM,4.172KM,34
35,Shaunacy Kennedy & Cathrina McCabe,ATHX GLASGOW 2026,United Kingdom 🇬🇧,2026,Female,ATHX Lite,Endurance,,,,,,,2.141KM,4.493KM,35
36,Helen Mosquera & Gemma Collins,ATHX GLASGOW 2026,United Kingdom 🇬🇧,2026,Female,ATHX Lite,Endurance,,,,,,,2.875KM,3.383KM,36
1,Maya Halliday & Cara Halliday,ATHX GLASGOW 2026,United Kingdom 🇬🇧,2026,Female,ATHX Pro,MetCon X,,,15:06,,,,,,1
2,Kat Wilson & Ruth Davidson,ATHX GLASGOW 2026,United Kingdom 🇬🇧,2026,Female,ATHX Pro,MetCon X,,,15:55,,,,,,2
3,Fern Stephenson & Abby Cass,ATHX GLASGOW 2026,United Kingdom 🇬🇧,2026,Female,ATHX Pro,MetCon X,,,16:29,,,,,,3
4,Demi Reid & Stella Bartram,ATHX GLASGOW 2026,United Kingdom 🇬🇧,2026,Female,ATHX Pro,MetCon X,,,16:40,,,,,,4
5,Eilidh Breslin & Kirstin Thom,ATHX GLASGOW 2026,United Kingdom 🇬🇧,2026,Female,ATHX Pro,MetCon X,,,17:06,,,,,,5
6,Kim Frew & Katey Turner,ATHX GLASGOW 2026,United Kingdom 🇬🇧,2026,Female,ATHX Pro,MetCon X,,,18:16,,,,,,6
7,Beth Forrester & Sarah Moody,ATHX GLASGOW 2026,United Kingdom 🇬🇧,2026,Female,ATHX Pro,MetCon X,,,19:07,,,,,,7
8,Rocio Pias & Sandra pérez,ATHX GLASGOW 2026,United Kingdom 🇬🇧,2026,Female,ATHX Pro,MetCon X,,,19:09,,,,,,8
9,Chloe Sikiniotis & Miranda Stitt,ATHX GLASGOW 2026,United Kingdom 🇬🇧,2026,Female,ATHX Pro,MetCon X,,,19:17,,,,,,9
10,Lauren Gane & Hannah Burns,ATHX GLASGOW 2026,United Kingdom 🇬🇧,2026,Female,ATHX Pro,MetCon X,,,19:43,,,,,,10
11,Pat Abello & Sofie Koekoek,ATHX GLASGOW 2026,United Kingdom 🇬🇧,2026,Female,ATHX Pro,MetCon X,,,19:49,,,,,,11
12,Kim Lole & Elisha Scott,ATHX GLASGOW 2026,United Kingdom 🇬🇧,2026,Female,ATHX Pro,MetCon X,,,20:48,,,,,,12
13,Gail Aitken & Carol Fraser,ATHX GLASGOW 2026,United Kingdom 🇬🇧,2026,Female,ATHX Pro,MetCon X,,,21:03,,,,,,13
14,Taylor James & Emma Ireland,ATHX GLASGOW 2026,United Kingdom 🇬🇧,2026,Female,ATHX Pro,MetCon X,,,21:18,,,,,,14
15,Anna Morcos & Siobhan McQueen,ATHX GLASGOW 2026,United Kingdom 🇬🇧,2026,Female,ATHX Pro,MetCon X,,,21:52,,,,,,15
1,Alejandra Fernandez Ferrer & Jonathan Krzyzosiak,ATHX GLASGOW 2026,United Kingdom 🇬🇧,2026,Mixed,ATHX Lite,Endurance,,,,,,,3.672KM,4.743KM,1
2,Kerry Stieger & Florian Tromm,ATHX GLASGOW 2026,United Kingdom 🇬🇧,2026,Mixed,ATHX Lite,Endurance,,,,,,,3.665KM,4.676KM,2
3,Fiona Beagrie & Mark Beagrie,ATHX GLASGOW 2026,United Kingdom 🇬🇧,2026,Mixed,ATHX Lite,Endurance,,,,,,,4KM,4.293KM,3
4,Terri Mcdonald & Steven Mcdonald,ATHX GLASGOW 2026,United Kingdom 🇬🇧,2026,Mixed,ATHX Lite,Endurance,,,,,,,3.189KM,4.841KM,4
5,Kirstin Parker & Andrew Parker,ATHX GLASGOW 2026,United Kingdom 🇬🇧,2026,Mixed,ATHX Lite,Endurance,,,,,,,3.196KM,4.809KM,5
6,Rachel Dean & James Chalmers,ATHX GLASGOW 2026,United Kingdom 🇬🇧,2026,Mixed,ATHX Lite,Endurance,,,,,,,3.089KM,4.727KM,6
7,Nicole Martin & David Robertson,ATHX GLASGOW 2026,United Kingdom 🇬🇧,2026,Mixed,ATHX Lite,Endurance,,,,,,,3.169KM,4.455KM,7
8,Andy Langford & Camille Decuir,ATHX GLASGOW 2026,United Kingdom 🇬🇧,2026,Mixed,ATHX Lite,Endurance,,,,,,,2.756KM,4.411KM,8
9,Robert Readie & Avril Readie,ATHX GLASGOW 2026,United Kingdom 🇬🇧,2026,Mixed,ATHX Lite,Endurance,,,,,,,3KM,4.144KM,9
10,Martin O’Neill & Eva Murray,ATHX GLASGOW 2026,United Kingdom 🇬🇧,2026,Mixed,ATHX Lite,Endurance,,,,,,,2.966KM,4KM,10
11,Harriet McFadyen & Craig McFadyen,ATHX GLASGOW 2026,United Kingdom 🇬🇧,2026,Mixed,ATHX Lite,Endurance,,,,,,,2.575KM,4.163KM,11
12,Karen Stirrat & John Mackie,ATHX GLASGOW 2026,United Kingdom 🇬🇧,2026,Mixed,ATHX Lite,Endurance,,,,,,,2.179KM,4.104KM,12
13,Pauline Chan & Andrew Li,ATHX GLASGOW 2026,United Kingdom 🇬🇧,2026,Mixed,ATHX Lite,Endurance,,,,,,,2.5KM,3.773KM,13
14,Mark Vreeswijk & Shannen Li,ATHX GLASGOW 2026,United Kingdom 🇬🇧,2026,Mixed,ATHX Lite,Endurance,,,,,,,2.75KM,3.426KM,14
15,Konstantina Marinova & Prabhkaran Singh,ATHX GLASGOW 2026,United Kingdom 🇬🇧,2026,Mixed,ATHX Lite,Endurance,,,,,,,2.5KM,3.652KM,15
16,Andy Gibson & Alison Davies,ATHX GLASGOW 2026,United Kingdom 🇬🇧,2026,Mixed,ATHX Lite,Endurance,,,,,,,2.076KM,4.028KM,16
1,Charles rankin & Maddy Furnival,ATHX GLASGOW 2026,United Kingdom 🇬🇧,2026,Mixed,ATHX Pro,MetCon X,,,13:07,,,,,,1
2,Imogen Farrell & Patrick Farrell,ATHX GLASGOW 2026,United Kingdom 🇬🇧,2026,Mixed,ATHX Pro,MetCon X,,,14:56,,,,,,2
3,Megan Cunningham & David McNeilage,ATHX GLASGOW 2026,United Kingdom 🇬🇧,2026,Mixed,ATHX Pro,MetCon X,,,15:04,,,,,,3
4,Rory Monks & Rachael Monks,ATHX GLASGOW 2026,United Kingdom 🇬🇧,2026,Mixed,ATHX Pro,MetCon X,,,15:09,,,,,,4
5,Maxine McCue & Connor Russell,ATHX GLASGOW 2026,United Kingdom 🇬🇧,2026,Mixed,ATHX Pro,MetCon X,,,16:10,,,,,,5
6,Eilidh MacInnes-Devine & Kieran MacInnes,ATHX GLASGOW 2026,United Kingdom 🇬🇧,2026,Mixed,ATHX Pro,MetCon X,,,17:35,,,,,,6
7,Emma Woodward & Rhys Livingstone,ATHX GLASGOW 2026,United Kingdom 🇬🇧,2026,Mixed,ATHX Pro,MetCon X,,,17:39,,,,,,7
8,Petra Menhart & Jamie Kelly,ATHX GLASGOW 2026,United Kingdom 🇬🇧,2026,Mixed,ATHX Pro,MetCon X,,,19:05,,,,,,8
9,Patrick O'Brien & Fatemeh Maleki,ATHX GLASGOW 2026,United Kingdom 🇬🇧,2026,Mixed,ATHX Pro,MetCon X,,,19:23,,,,,,9
10,Sophia Perez Monzon & Gennaro Rossi,ATHX GLASGOW 2026,United Kingdom 🇬🇧,2026,Mixed,ATHX Pro,MetCon X,,,20:58,,,,,,10
1,Sean Parkinson & Nic Chaviaris,ATHX GLASGOW 2026,United Kingdom 🇬🇧,2026,Male,ATHX,Endurance,,,,,,,4.439KM,5.958KM,1
2,Tom Woods & Dan Jones,ATHX GLASGOW 2026,United Kingdom 🇬🇧,2026,Male,ATHX,Endurance,,,,,,,4.607KM,5.775KM,2
3,David Hodge & josh stratton,ATHX GLASGOW 2026,United Kingdom 🇬🇧,2026,Male,ATHX,Endurance,,,,,,,4.549KM,5.751KM,3
4,Kevin Scott & Jamie Mcglinchey,ATHX GLASGOW 2026,United Kingdom 🇬🇧,2026,Male,ATHX,Endurance,,,,,,,4.5KM,5.749KM,4
5,Ross Williams & Chris Shaw,ATHX GLASGOW 2026,United Kingdom 🇬🇧,2026,Male,ATHX,Endurance,,,,,,,4.949KM,5.285KM,5
6,Scott Mitchell & Scott Davidson,ATHX GLASGOW 2026,United Kingdom 🇬🇧,2026,Male,ATHX,Endurance,,,,,,,4.5KM,5.67KM,6
7,Kerr Fletcher & Stuart Aitken,ATHX GLASGOW 2026,United Kingdom 🇬🇧,2026,Male,ATHX,Endurance,,,,,,,4.332KM,5.82KM,7
8,Dominic Darbyshire & Liam Stables,ATHX GLASGOW 2026,United Kingdom 🇬🇧,2026,Male,ATHX,Endurance,,,,,,,4.054KM,6.05KM,8
9,Giovanni Fois & Riccardo Bertrando,ATHX GLASGOW 2026,United Kingdom 🇬🇧,2026,Male,ATHX,Endurance,,,,,,,4.34KM,5.746KM,9
10,Josh Clayson & William Hall,ATHX GLASGOW 2026,United Kingdom 🇬🇧,2026,Male,ATHX,Endurance,,,,,,,4.399KM,5.651KM,10
11,Kieran Wain & Alex Barwell,ATHX GLASGOW 2026,United Kingdom 🇬🇧,2026,Male,ATHX,Endurance,,,,,,,4.194KM,5.821KM,11
12,Lewis North & David Wilson,ATHX GLASGOW 2026,United Kingdom 🇬🇧,2026,Male,ATHX,Endurance,,,,,,,4.26KM,5.754KM,12
13,Rhys Spackman & Andrew Brown,ATHX GLASGOW 2026,United Kingdom 🇬🇧,2026,Male,ATHX,Endurance,,,,,,,4.28KM,5.717KM,13
14,Connor Evison & Ross Hughes,ATHX GLASGOW 2026,United Kingdom 🇬🇧,2026,Male,ATHX,Endurance,,,,,,,4.058KM,5.921KM,14
15,Christopher Kovacs & Chris Sun,ATHX GLASGOW 2026,United Kingdom 🇬🇧,2026,Male,ATHX,Endurance,,,,,,,4.393KM,5.581KM,15
16,Harry Brewster & Calum Booth,ATHX GLASGOW 2026,United Kingdom 🇬🇧,2026,Male,ATHX,Endurance,,,,,,,4.47KM,5.483KM,16
17,Adam Bannister & Lee Draper,ATHX GLASGOW 2026,United Kingdom 🇬🇧,2026,Male,ATHX,Endurance,,,,,,,4.489KM,5.455KM,17
18,Matthew Bowater & Robbie Mcallister,ATHX GLASGOW 2026,United Kingdom 🇬🇧,2026,Male,ATHX,Endurance,,,,,,,4.589KM,5.334KM,18
19,Harry Esson & Kian Gallacher,ATHX GLASGOW 2026,United Kingdom 🇬🇧,2026,Male,ATHX,Endurance,,,,,,,4.5KM,5.419KM,19
20,Sandy Black & Andy Park,ATHX GLASGOW 2026,United Kingdom 🇬🇧,2026,Male,ATHX,Endurance,,,,,,,4.25KM,5.664KM,20
21,Darren Meikle & Chris Jackson,ATHX GLASGOW 2026,United Kingdom 🇬🇧,2026,Male,ATHX,Endurance,,,,,,,4.5KM,5.412KM,21
22,Jay Kelly & Josh Simpson,ATHX GLASGOW 2026,United Kingdom 🇬🇧,2026,Male,ATHX,Endurance,,,,,,,4.5KM,5.343KM,22
23,Tommy Madley & Luis Davidson,ATHX GLASGOW 2026,United Kingdom 🇬🇧,2026,Male,ATHX,Endurance,,,,,,,4.5KM,5.334KM,23
24,Jack Mcknight & Luke Kelly,ATHX GLASGOW 2026,United Kingdom 🇬🇧,2026,Male,ATHX,Endurance,,,,,,,4.612KM,5.218KM,24
25,Rob Haselgrove & Barry Coombs,ATHX GLASGOW 2026,United Kingdom 🇬🇧,2026,Male,ATHX,Endurance,,,,,,,4.137KM,5.69KM,25
26,Asim Jani & Chris Williams,ATHX GLASGOW 2026,United Kingdom 🇬🇧,2026,Male,ATHX,Endurance,,,,,,,4.272KM,5.527KM,26
27,Jack Kinloch & Nathan Smith,ATHX GLASGOW 2026,United Kingdom 🇬🇧,2026,Male,ATHX,Endurance,,,,,,,4.041KM,5.755KM,27
28,Ryan Holmes & Dale Burke,ATHX GLASGOW 2026,United Kingdom 🇬🇧,2026,Male,ATHX,Endurance,,,,,,,4.5KM,5.281KM,28
29,Luke King & jack hawcroft,ATHX GLASGOW 2026,United Kingdom 🇬🇧,2026,Male,ATHX,Endurance,,,,,,,3.951KM,5.809KM,29
30,Jack Sykes & Mark Simpson,ATHX GLASGOW 2026,United Kingdom 🇬🇧,2026,Male,ATHX,Endurance,,,,,,,4.25KM,5.492KM,30
31,Robbie McNab & Antony Evans,ATHX GLASGOW 2026,United Kingdom 🇬🇧,2026,Male,ATHX,Endurance,,,,,,,4.25KM,5.477KM,31
32,Cameron Robb & Douglas McLeod,ATHX GLASGOW 2026,United Kingdom 🇬🇧,2026,Male,ATHX,Endurance,,,,,,,4.141KM,5.567KM,32
33,Domenico Venditto & Marco Cammarano,ATHX GLASGOW 2026,United Kingdom 🇬🇧,2026,Male,ATHX,Endurance,,,,,,,4.453KM,5.25KM,33
34,Scott Williamson & Sam Davidson,ATHX GLASGOW 2026,United Kingdom 🇬🇧,2026,Male,ATHX,Endurance,,,,,,,4.236KM,5.448KM,34
35,Mark Hartnett-Morgan & Graeme Davidson,ATHX GLASGOW 2026,United Kingdom 🇬🇧,2026,Male,ATHX,Endurance,,,,,,,4.61KM,5.067KM,35
36,Tim Parish & Mike Dunderdale,ATHX GLASGOW 2026,United Kingdom 🇬🇧,2026,Male,ATHX,Endurance,,,,,,,4.156KM,5.519KM,36
37,Barry McConnochie & Uldis Lapsins,ATHX GLASGOW 2026,United Kingdom 🇬🇧,2026,Male,ATHX,Endurance,,,,,,,4.5KM,5.171KM,37
38,Nicholas Crutchley & Jakub Foytl,ATHX GLASGOW 2026,United Kingdom 🇬🇧,2026,Male,ATHX,Endurance,,,,,,,3.797KM,5.86KM,38
39,Pete Berrett & Juan Aponte Dubois,ATHX GLASGOW 2026,United Kingdom 🇬🇧,2026,Male,ATHX,Endurance,,,,,,,4.012KM,5.636KM,39
40,Paul Giblin & Jack Thomson,ATHX GLASGOW 2026,United Kingdom 🇬🇧,2026,Male,ATHX,Endurance,,,,,,,3.89KM,5.674KM,40
41,Logan Stoney & Sean Mackinnon,ATHX GLASGOW 2026,United Kingdom 🇬🇧,2026,Male,ATHX,Endurance,,,,,,,3.854KM,5.679KM,41
42,Alan McRae & Andy Coffey,ATHX GLASGOW 2026,United Kingdom 🇬🇧,2026,Male,ATHX,Endurance,,,,,,,4.143KM,5.352KM,42
43,shaun kelly & Gary Hamilton,ATHX GLASGOW 2026,United Kingdom 🇬🇧,2026,Male,ATHX,Endurance,,,,,,,4.4KM,5.081KM,43
44,Gary Maitles & Graeme Allan,ATHX GLASGOW 2026,United Kingdom 🇬🇧,2026,Male,ATHX,Endurance,,,,,,,4.228KM,5.248KM,44
45,Michal Dunin & Tadeusz Dunin,ATHX GLASGOW 2026,United Kingdom 🇬🇧,2026,Male,ATHX,Endurance,,,,,,,3.75KM,5.694KM,45
46,David Martin & Stephen Brown,ATHX GLASGOW 2026,United Kingdom 🇬🇧,2026,Male,ATHX,Endurance,,,,,,,3.825KM,5.602KM,46
47,Declan Holland & jamie ford,ATHX GLASGOW 2026,United Kingdom 🇬🇧,2026,Male,ATHX,Endurance,,,,,,,4.237KM,5.173KM,47
48,Steven McNeil & Robbie McLaren,ATHX GLASGOW 2026,United Kingdom 🇬🇧,2026,Male,ATHX,Endurance,,,,,,,4.177KM,5.21KM,48
49,Luis Miguez & Samuel Amaro,ATHX GLASGOW 2026,United Kingdom 🇬🇧,2026,Male,ATHX,Endurance,,,,,,,3.75KM,5.625KM,49
50,Alexander Morrison & Jack Malone,ATHX GLASGOW 2026,United Kingdom 🇬🇧,2026,Male,ATHX,Endurance,,,,,,,3.75KM,5.612KM,50
51,Simon Shaw & John McAleavey,ATHX GLASGOW 2026,United Kingdom 🇬🇧,2026,Male,ATHX,Endurance,,,,,,,3.855KM,5.488KM,51
52,Perry Andrews & Laurence Pannell,ATHX GLASGOW 2026,United Kingdom 🇬🇧,2026,Male,ATHX,Endurance,,,,,,,4.165KM,5.144KM,52
53,Stuart Bryant & Lewis Humphreys,ATHX GLASGOW 2026,United Kingdom 🇬🇧,2026,Male,ATHX,Endurance,,,,,,,3.852KM,5.447KM,53
54,Alasdair McCruden & Angus Duffy,ATHX GLASGOW 2026,United Kingdom 🇬🇧,2026,Male,ATHX,Endurance,,,,,,,3.664KM,5.581KM,54
55,Matthew Belot & Joe McKillion,ATHX GLASGOW 2026,United Kingdom 🇬🇧,2026,Male,ATHX,Endurance,,,,,,,3.75KM,5.479KM,55
55,Joshua James & Mark Slater,ATHX GLASGOW 2026,United Kingdom 🇬🇧,2026,Male,ATHX,Endurance,,,,,,,4.079KM,5.15KM,55
57,Josh Marshall & Ben Coldwell,ATHX GLASGOW 2026,United Kingdom 🇬🇧,2026,Male,ATHX,Endurance,,,,,,,3.947KM,5.268KM,57
58,Grant Davidson & Christopher Foulkes,ATHX GLASGOW 2026,United Kingdom 🇬🇧,2026,Male,ATHX,Endurance,,,,,,,3.705KM,5.505KM,58
59,Daniel Stevenson & Jamie Ingledew,ATHX GLASGOW 2026,United Kingdom 🇬🇧,2026,Male,ATHX,Endurance,,,,,,,3.75KM,5.453KM,59
60,David Ross & Rudie Mcmahon,ATHX GLASGOW 2026,United Kingdom 🇬🇧,2026,Male,ATHX,Endurance,,,,,,,3.858KM,5.324KM,60
61,Stewart Mccombe & Bobby Morrell,ATHX GLASGOW 2026,United Kingdom 🇬🇧,2026,Male,ATHX,Endurance,,,,,,,4.437KM,4.74KM,61
62,Jamie Horton & Craig Robertson,ATHX GLASGOW 2026,United Kingdom 🇬🇧,2026,Male,ATHX,Endurance,,,,,,,3.934KM,5.227KM,62
63,Richard Cook & Nick Chandler,ATHX GLASGOW 2026,United Kingdom 🇬🇧,2026,Male,ATHX,Endurance,,,,,,,3.75KM,5.41KM,63
64,Marc Smith & Steven Provan,ATHX GLASGOW 2026,United Kingdom 🇬🇧,2026,Male,ATHX,Endurance,,,,,,,3.75KM,5.387KM,64
65,Chris McInnes & Mark McInnes,ATHX GLASGOW 2026,United Kingdom 🇬🇧,2026,Male,ATHX,Endurance,,,,,,,3.758KM,5.365KM,65
66,ethan ward & Toby Wright,ATHX GLASGOW 2026,United Kingdom 🇬🇧,2026,Male,ATHX,Endurance,,,,,,,3.547KM,5.571KM,66
67,Carl Lafferty & Al Barnes,ATHX GLASGOW 2026,United Kingdom 🇬🇧,2026,Male,ATHX,Endurance,,,,,,,3.478KM,5.634KM,67
68,Liam Jones & Alex Reed,ATHX GLASGOW 2026,United Kingdom 🇬🇧,2026,Male,ATHX,Endurance,,,,,,,3.637KM,5.463KM,68
69,Daniel McBride & Billy Hutchison,ATHX GLASGOW 2026,United Kingdom 🇬🇧,2026,Male,ATHX,Endurance,,,,,,,3.838KM,5.235KM,69
70,Robinson Joe & Chris Robinson,ATHX GLASGOW 2026,United Kingdom 🇬🇧,2026,Male,ATHX,Endurance,,,,,,,3.696KM,5.33KM,70
71,Steven Mckeown & David McPhail,ATHX GLASGOW 2026,United Kingdom 🇬🇧,2026,Male,ATHX,Endurance,,,,,,,3.671KM,5.349KM,71
72,Gabriel Quinn & Zayne Cloete,ATHX GLASGOW 2026,United Kingdom 🇬🇧,2026,Male,ATHX,Endurance,,,,,,,3.75KM,5.242KM,72
73,Shay Needham & Ashley Simpson,ATHX GLASGOW 2026,United Kingdom 🇬🇧,2026,Male,ATHX,Endurance,,,,,,,4.116KM,4.871KM,73
74,Jonathan Upward & Alfie Dobinson,ATHX GLASGOW 2026,United Kingdom 🇬🇧,2026,Male,ATHX,Endurance,,,,,,,3.66KM,5.306KM,74
75,martyn grocott & Matt Johansson,ATHX GLASGOW 2026,United Kingdom 🇬🇧,2026,Male,ATHX,Endurance,,,,,,,3.754KM,5.199KM,75
76,Abdelkhalek Akbiri & Ettore Monese,ATHX GLASGOW 2026,United Kingdom 🇬🇧,2026,Male,ATHX,Endurance,,,,,,,3.75KM,5.202KM,76
77,Lewis Jones & Mitch Carr,ATHX GLASGOW 2026,United Kingdom 🇬🇧,2026,Male,ATHX,Endurance,,,,,,,3.703KM,5.246KM,77
78,Steve Scott & Lewis Roden,ATHX GLASGOW 2026,United Kingdom 🇬🇧,2026,Male,ATHX,Endurance,,,,,,,3.75KM,5.183KM,78
79,Daniel Mclean & Gregor Henderson,ATHX GLASGOW 2026,United Kingdom 🇬🇧,2026,Male,ATHX,Endurance,,,,,,,3.84KM,5.089KM,79
80,Ruri Kinsella & Mark Harkins,ATHX GLASGOW 2026,United Kingdom 🇬🇧,2026,Male,ATHX,Endurance,,,,,,,3.773KM,5.127KM,80
81,Andrew Reilly & Calum Johnston,ATHX GLASGOW 2026,United Kingdom 🇬🇧,2026,Male,ATHX,Endurance,,,,,,,3.75KM,5.135KM,81
82,Gary Wilson & BRYAN KIRK,ATHX GLASGOW 2026,United Kingdom 🇬🇧,2026,Male,ATHX,Endurance,,,,,,,3.517KM,5.363KM,82
83,Jamie Stone & Kieran Small,ATHX GLASGOW 2026,United Kingdom 🇬🇧,2026,Male,ATHX,Endurance,,,,,,,3.536KM,5.326KM,83
84,Daniel Fearn & Sam Seddon,ATHX GLASGOW 2026,United Kingdom 🇬🇧,2026,Male,ATHX,Endurance,,,,,,,3.512KM,5.335KM,84
85,Yunus Ali & Sam Warwick,ATHX GLASGOW 2026,United Kingdom 🇬🇧,2026,Male,ATHX,Endurance,,,,,,,3.75KM,5.093KM,85
86,William Clarke & Ross Archibald,ATHX GLASGOW 2026,United Kingdom 🇬🇧,2026,Male,ATHX,Endurance,,,,,,,3.832KM,5.008KM,86
87,Darren Macintyre & Jack Paterson,ATHX GLASGOW 2026,United Kingdom 🇬🇧,2026,Male,ATHX,Endurance,,,,,,,4.255KM,4.559KM,87
88,Rich Fella & Rick Smith,ATHX GLASGOW 2026,United Kingdom 🇬🇧,2026,Male,ATHX,Endurance,,,,,,,3.711KM,5.096KM,88
89,Jaimie Bell & Jonny Keenan,ATHX GLASGOW 2026,United Kingdom 🇬🇧,2026,Male,ATHX,Endurance,,,,,,,3.491KM,5.307KM,89
90,Mike Craig & Richard Reid,ATHX GLASGOW 2026,United Kingdom 🇬🇧,2026,Male,ATHX,Endurance,,,,,,,3.75KM,5.044KM,90
91,James Collinge & Lewis Newstead,ATHX GLASGOW 2026,United Kingdom 🇬🇧,2026,Male,ATHX,Endurance,,,,,,,3.75KM,5.043KM,91
92,Darren Proudfoot & Declan Day,ATHX GLASGOW 2026,United Kingdom 🇬🇧,2026,Male,ATHX,Endurance,,,,,,,3.41KM,5.37KM,92
93,Usman Javed & Ummair Aslam,ATHX GLASGOW 2026,United Kingdom 🇬🇧,2026,Male,ATHX,Endurance,,,,,,,3.775KM,4.998KM,93
93,Anil Gupta & Rob Pope,ATHX GLASGOW 2026,United Kingdom 🇬🇧,2026,Male,ATHX,Endurance,,,,,,,3.542KM,5.231KM,93
95,Ryan Tomasulo & Fraser Sayers,ATHX GLASGOW 2026,United Kingdom 🇬🇧,2026,Male,ATHX,Endurance,,,,,,,3.932KM,4.839KM,95
96,Steven Smith & Ross Anderson,ATHX GLASGOW 2026,United Kingdom 🇬🇧,2026,Male,ATHX,Endurance,,,,,,,4.013KM,4.741KM,96
97,Martin Pursley & Andy McGhee,ATHX GLASGOW 2026,United Kingdom 🇬🇧,2026,Male,ATHX,Endurance,,,,,,,3.851KM,4.891KM,97
98,Calum Lazenby & Giovanni Rossi,ATHX GLASGOW 2026,United Kingdom 🇬🇧,2026,Male,ATHX,Endurance,,,,,,,3.467KM,5.263KM,98
99,Tony Watson & Dylan Grundy,ATHX GLASGOW 2026,United Kingdom 🇬🇧,2026,Male,ATHX,Endurance,,,,,,,2.93KM,5.777KM,99
100,Martin Dempster & Irfan Ahmad,ATHX GLASGOW 2026,United Kingdom 🇬🇧,2026,Male,ATHX,Endurance,,,,,,,3.5KM,5.166KM,100
101,Jonathan Mackay & Stephen Meek,ATHX GLASGOW 2026,United Kingdom 🇬🇧,2026,Male,ATHX,Endurance,,,,,,,3.714KM,4.951KM,101
102,Darren Marshall & Liam Stubbs,ATHX GLASGOW 2026,United Kingdom 🇬🇧,2026,Male,ATHX,Endurance,,,,,,,3.75KM,4.849KM,102
103,Taylor Stephens & Charlie Thompson,ATHX GLASGOW 2026,United Kingdom 🇬🇧,2026,Male,ATHX,Endurance,,,,,,,3.5KM,5.065KM,103
104,Mark Stuart & Andrew Macmaster,ATHX GLASGOW 2026,United Kingdom 🇬🇧,2026,Male,ATHX,Endurance,,,,,,,3.5KM,5.016KM,104
105,liam healy & Shaun Healy,ATHX GLASGOW 2026,United Kingdom 🇬🇧,2026,Male,ATHX,Endurance,,,,,,,3.168KM,5.317KM,105
106,Mark Roe & Alistair Maag,ATHX GLASGOW 2026,United Kingdom 🇬🇧,2026,Male,ATHX,Endurance,,,,,,,3.276KM,5.204KM,106
107,JONATHAN WRIGHT & Alberto Gonzalez,ATHX GLASGOW 2026,United Kingdom 🇬🇧,2026,Male,ATHX,Endurance,,,,,,,3.75KM,4.725KM,107
108,Dominic Shevlane & Harry Keough,ATHX GLASGOW 2026,United Kingdom 🇬🇧,2026,Male,ATHX,Endurance,,,,,,,4.024KM,4.42KM,108
109,Scott Ferguson & Cole Lamberton,ATHX GLASGOW 2026,United Kingdom 🇬🇧,2026,Male,ATHX,Endurance,,,,,,,3.726KM,4.714KM,109
110,stephen phillips & James Richardson,ATHX GLASGOW 2026,United Kingdom 🇬🇧,2026,Male,ATHX,Endurance,,,,,,,3.576KM,4.814KM,110
111,Mark Sweeney & Patrick Sweeney,ATHX GLASGOW 2026,United Kingdom 🇬🇧,2026,Male,ATHX,Endurance,,,,,,,3.819KM,4.546KM,111
112,Matthew Corner & Robert Corner,ATHX GLASGOW 2026,United Kingdom 🇬🇧,2026,Male,ATHX,Endurance,,,,,,,3.282KM,4.992KM,112
113,Colin MacColl & David Garden,ATHX GLASGOW 2026,United Kingdom 🇬🇧,2026,Male,ATHX,Endurance,,,,,,,3.093KM,5.135KM,113
114,Stephen Moore & Chris McDade,ATHX GLASGOW 2026,United Kingdom 🇬🇧,2026,Male,ATHX,Endurance,,,,,,,3.75KM,4.474KM,114
115,Gavin Bon & Richard Pargeter,ATHX GLASGOW 2026,United Kingdom 🇬🇧,2026,Male,ATHX,Endurance,,,,,,,3.032KM,5.183KM,115
116,Sam Thompkins & Mark Thompkins,ATHX GLASGOW 2026,United Kingdom 🇬🇧,2026,Male,ATHX,Endurance,,,,,,,3.516KM,4.627KM,116
117,Chris Emmott-Mangnall & Chris MacInnes,ATHX GLASGOW 2026,United Kingdom 🇬🇧,2026,Male,ATHX,Endurance,,,,,,,3KM,5.122KM,117
118,Simon Shiels & Mike Shiels,ATHX GLASGOW 2026,United Kingdom 🇬🇧,2026,Male,ATHX,Endurance,,,,,,,3.295KM,4.802KM,118
119,Sam Davies & John Charles,ATHX GLASGOW 2026,United Kingdom 🇬🇧,2026,Male,ATHX,Endurance,,,,,,,3.277KM,4.75KM,119
120,Dean Darroch & Stephen Haddow,ATHX GLASGOW 2026,United Kingdom 🇬🇧,2026,Male,ATHX,Endurance,,,,,,,3.601KM,4.384KM,120
121,Andy Dewsbury & Tom Elvin,ATHX GLASGOW 2026,United Kingdom 🇬🇧,2026,Male,ATHX,Endurance,,,,,,,3.217KM,4.649KM,121
122,Lawrence Munro & Scott MacKintosh,ATHX GLASGOW 2026,United Kingdom 🇬🇧,2026,Male,ATHX,Endurance,,,,,,,2.975KM,4.79KM,122
123,Reuben Stuart & James Johnston,ATHX GLASGOW 2026,United Kingdom 🇬🇧,2026,Male,ATHX,Endurance,,,,,,,2.29KM,4.83KM,123
1,Vicky Griffin & Harriet Griffin,ATHX GLASGOW 2026,United Kingdom 🇬🇧,2026,Female,ATHX Lite,Strength,,,,108KG,225KG,225KG,,,1
2,Sarah Gulland & Erin Masters,ATHX GLASGOW 2026,United Kingdom 🇬🇧,2026,Female,ATHX Lite,Strength,,,,78KG,210KG,215KG,,,2
3,Shaunacy Kennedy & Cathrina McCabe,ATHX GLASGOW 2026,United Kingdom 🇬🇧,2026,Female,ATHX Lite,Strength,,,,86KG,195KG,210KG,,,3
4,Yvonne Miller & Fiona Halewood,ATHX GLASGOW 2026,United Kingdom 🇬🇧,2026,Female,ATHX Lite,Strength,,,,80KG,190KG,210KG,,,4
5,Deniece Macrae & Elaine Hastings,ATHX GLASGOW 2026,United Kingdom 🇬🇧,2026,Female,ATHX Lite,Strength,,,,73KG,175KG,230KG,,,5
6,Laura Todd & Anne-Marie Noble,ATHX GLASGOW 2026,United Kingdom 🇬🇧,2026,Female,ATHX Lite,Strength,,,,81KG,185KG,208KG,,,6
7,Chloe Cooper & Sophia Pizzimenti,ATHX GLASGOW 2026,United Kingdom 🇬🇧,2026,Female,ATHX Lite,Strength,,,,70KG,170KG,220KG,,,7
8,Erin Fisher & Caitlin Gray,ATHX GLASGOW 2026,United Kingdom 🇬🇧,2026,Female,ATHX Lite,Strength,,,,74KG,175KG,205KG,,,8
9,Emma Odonnell & Katy McAleer,ATHX GLASGOW 2026,United Kingdom 🇬🇧,2026,Female,ATHX Lite,Strength,,,,75KG,150KG,210KG,,,9
10,Jane Rundell & Amber McFarlane,ATHX GLASGOW 2026,United Kingdom 🇬🇧,2026,Female,ATHX Lite,Strength,,,,80KG,150KG,200KG,,,10
11,Samantha McCluskey & Tammi Jardine,ATHX GLASGOW 2026,United Kingdom 🇬🇧,2026,Female,ATHX Lite,Strength,,,,83KG,143KG,200KG,,,11
12,Stephanie Buchanan & Brooke Douglas,ATHX GLASGOW 2026,United Kingdom 🇬🇧,2026,Female,ATHX Lite,Strength,,,,75KG,150KG,200KG,,,12
13,Shelley Breckenridge & Anna Martin,ATHX GLASGOW 2026,United Kingdom 🇬🇧,2026,Female,ATHX Lite,Strength,,,,80KG,150KG,170KG,,,13
14,Charlotte Alexander & Lauren McLoughlin,ATHX GLASGOW 2026,United Kingdom 🇬🇧,2026,Female,ATHX Lite,Strength,,,,70KG,141KG,188KG,,,14
15,Anna Wroe & Éabha Sweeney,ATHX GLASGOW 2026,United Kingdom 🇬🇧,2026,Female,ATHX Lite,Strength,,,,65KG,143KG,190KG,,,15
16,Elizabeth Hollinger & Rachel HOLLINGER,ATHX GLASGOW 2026,United Kingdom 🇬🇧,2026,Female,ATHX Lite,Strength,,,,70KG,130KG,190KG,,,16
17,Kayley Hallgarth-Myles & Kirsty Pearson,ATHX GLASGOW 2026,United Kingdom 🇬🇧,2026,Female,ATHX Lite,Strength,,,,83KG,120KG,180KG,,,17
18,Katy Brabbin & Jade Ellerington,ATHX GLASGOW 2026,United Kingdom 🇬🇧,2026,Female,ATHX Lite,Strength,,,,81KG,135KG,165KG,,,18
18,Natalie Blake & Koren Baillie,ATHX GLASGOW 2026,United Kingdom 🇬🇧,2026,Female,ATHX Lite,Strength,,,,63KG,138KG,180KG,,,18
20,Victoria Lowe & Elizabeth Wylie,ATHX GLASGOW 2026,United Kingdom 🇬🇧,2026,Female,ATHX Lite,Strength,,,,70KG,120KG,190KG,,,20
21,Lauren Smith & Jessica Helling,ATHX GLASGOW 2026,United Kingdom 🇬🇧,2026,Female,ATHX Lite,Strength,,,,60KG,123KG,185KG,,,21
21,Lucy Fitzpatrick-Tanguy & Veera Vihavainen,ATHX GLASGOW 2026,United Kingdom 🇬🇧,2026,Female,ATHX Lite,Strength,,,,63KG,125KG,180KG,,,21
23,Jennifer Crate & Emma Noble,ATHX GLASGOW 2026,United Kingdom 🇬🇧,2026,Female,ATHX Lite,Strength,,,,73KG,135KG,156KG,,,23
24,Ali Ward & Viviana Mayman,ATHX GLASGOW 2026,United Kingdom 🇬🇧,2026,Female,ATHX Lite,Strength,,,,73KG,125KG,160KG,,,24
25,Pamela Miller & Laura Hicks,ATHX GLASGOW 2026,United Kingdom 🇬🇧,2026,Female,ATHX Lite,Strength,,,,63KG,118KG,175KG,,,25
26,Chloe Gault & Kirsty Pattison,ATHX GLASGOW 2026,United Kingdom 🇬🇧,2026,Female,ATHX Lite,Strength,,,,63KG,123KG,153KG,,,26
27,Nicky Campbell & Zoe Rothera,ATHX GLASGOW 2026,United Kingdom 🇬🇧,2026,Female,ATHX Lite,Strength,,,,55KG,108KG,171KG,,,27
28,Victoria Hamilton & Sorcha Bruce,ATHX GLASGOW 2026,United Kingdom 🇬🇧,2026,Female,ATHX Lite,Strength,,,,58KG,118KG,155KG,,,28
29,Samantha Kirkland & Tamara MacKenzie,ATHX GLASGOW 2026,United Kingdom 🇬🇧,2026,Female,ATHX Lite,Strength,,,,55KG,115KG,160KG,,,29
30,Rachael Hodgson & Emma Morton,ATHX GLASGOW 2026,United Kingdom 🇬🇧,2026,Female,ATHX Lite,Strength,,,,63KG,125KG,135KG,,,30
30,Daniela Sabharwal & Jodie Ford,ATHX GLASGOW 2026,United Kingdom 🇬🇧,2026,Female,ATHX Lite,Strength,,,,68KG,110KG,145KG,,,30
32,Rachael Bentley & Nicola McGinn,ATHX GLASGOW 2026,United Kingdom 🇬🇧,2026,Female,ATHX Lite,Strength,,,,63KG,100KG,145KG,,,32
33,Julie Stevenson & Caroline Morris,ATHX GLASGOW 2026,United Kingdom 🇬🇧,2026,Female,ATHX Lite,Strength,,,,55KG,78KG,148KG,,,33
34,Stacy Wilson & Jessica Graham,ATHX GLASGOW 2026,United Kingdom 🇬🇧,2026,Female,ATHX Lite,Strength,,,,56KG,98KG,125KG,,,34
35,Annabelle Sherwood & Ceri Porteous,ATHX GLASGOW 2026,United Kingdom 🇬🇧,2026,Female,ATHX Lite,Strength,,,,48KG,88KG,100KG,,,35
36,Helen Mosquera & Gemma Collins,ATHX GLASGOW 2026,United Kingdom 🇬🇧,2026,Female,ATHX Lite,Strength,,,,63KG,1KG,158KG,,,36
1,Maya Halliday & Cara Halliday,ATHX GLASGOW 2026,United Kingdom 🇬🇧,2026,Female,ATHX Pro,Endurance,,,,,,,4.201KM,5.062KM,1
2,Fern Stephenson & Abby Cass,ATHX GLASGOW 2026,United Kingdom 🇬🇧,2026,Female,ATHX Pro,Endurance,,,,,,,4.195KM,5.056KM,2
3,Demi Reid & Stella Bartram,ATHX GLASGOW 2026,United Kingdom 🇬🇧,2026,Female,ATHX Pro,Endurance,,,,,,,4.011KM,5.087KM,3
4,Kat Wilson & Ruth Davidson,ATHX GLASGOW 2026,United Kingdom 🇬🇧,2026,Female,ATHX Pro,Endurance,,,,,,,4.016KM,5.053KM,4
5,Beth Forrester & Sarah Moody,ATHX GLASGOW 2026,United Kingdom 🇬🇧,2026,Female,ATHX Pro,Endurance,,,,,,,4.013KM,5.044KM,5
6,Eilidh Breslin & Kirstin Thom,ATHX GLASGOW 2026,United Kingdom 🇬🇧,2026,Female,ATHX Pro,Endurance,,,,,,,3.926KM,5.036KM,6
7,Kim Frew & Katey Turner,ATHX GLASGOW 2026,United Kingdom 🇬🇧,2026,Female,ATHX Pro,Endurance,,,,,,,4.04KM,4.864KM,7
8,Lauren Gane & Hannah Burns,ATHX GLASGOW 2026,United Kingdom 🇬🇧,2026,Female,ATHX Pro,Endurance,,,,,,,3.662KM,5.107KM,8
9,Pat Abello & Sofie Koekoek,ATHX GLASGOW 2026,United Kingdom 🇬🇧,2026,Female,ATHX Pro,Endurance,,,,,,,3.811KM,4.809KM,9
10,Anna Morcos & Siobhan McQueen,ATHX GLASGOW 2026,United Kingdom 🇬🇧,2026,Female,ATHX Pro,Endurance,,,,,,,3.852KM,4.613KM,10
11,Chloe Sikiniotis & Miranda Stitt,ATHX GLASGOW 2026,United Kingdom 🇬🇧,2026,Female,ATHX Pro,Endurance,,,,,,,3.895KM,4.543KM,11
12,Kim Lole & Elisha Scott,ATHX GLASGOW 2026,United Kingdom 🇬🇧,2026,Female,ATHX Pro,Endurance,,,,,,,3.76KM,4.645KM,12
13,Gail Aitken & Carol Fraser,ATHX GLASGOW 2026,United Kingdom 🇬🇧,2026,Female,ATHX Pro,Endurance,,,,,,,3.565KM,4.818KM,13
14,Rocio Pias & Sandra pérez,ATHX GLASGOW 2026,United Kingdom 🇬🇧,2026,Female,ATHX Pro,Endurance,,,,,,,3.778KM,4.42KM,14
15,Taylor James & Emma Ireland,ATHX GLASGOW 2026,United Kingdom 🇬🇧,2026,Female,ATHX Pro,Endurance,,,,,,,3.47KM,4.425KM,15
1,Andy Langford & Camille Decuir,ATHX GLASGOW 2026,United Kingdom 🇬🇧,2026,Mixed,ATHX Lite,Strength,,,,113KG,230KG,270KG,,,1
2,Nicole Martin & David Robertson,ATHX GLASGOW 2026,United Kingdom 🇬🇧,2026,Mixed,ATHX Lite,Strength,,,,116KG,215KG,255KG,,,2
3,Kirstin Parker & Andrew Parker,ATHX GLASGOW 2026,United Kingdom 🇬🇧,2026,Mixed,ATHX Lite,Strength,,,,108KG,210KG,243KG,,,3
4,Karen Stirrat & John Mackie,ATHX GLASGOW 2026,United Kingdom 🇬🇧,2026,Mixed,ATHX Lite,Strength,,,,105KG,215KG,228KG,,,4
5,Pauline Chan & Andrew Li,ATHX GLASGOW 2026,United Kingdom 🇬🇧,2026,Mixed,ATHX Lite,Strength,,,,95KG,200KG,235KG,,,5
6,Kerry Stieger & Florian Tromm,ATHX GLASGOW 2026,United Kingdom 🇬🇧,2026,Mixed,ATHX Lite,Strength,,,,88KG,195KG,235KG,,,6
7,Harriet McFadyen & Craig McFadyen,ATHX GLASGOW 2026,United Kingdom 🇬🇧,2026,Mixed,ATHX Lite,Strength,,,,106KG,185KG,225KG,,,7
8,Andy Gibson & Alison Davies,ATHX GLASGOW 2026,United Kingdom 🇬🇧,2026,Mixed,ATHX Lite,Strength,,,,100KG,190KG,210KG,,,8
9,Robert Readie & Avril Readie,ATHX GLASGOW 2026,United Kingdom 🇬🇧,2026,Mixed,ATHX Lite,Strength,,,,93KG,150KG,220KG,,,9
10,Rachel Dean & James Chalmers,ATHX GLASGOW 2026,United Kingdom 🇬🇧,2026,Mixed,ATHX Lite,Strength,,,,88KG,165KG,203KG,,,10
11,Martin O’Neill & Eva Murray,ATHX GLASGOW 2026,United Kingdom 🇬🇧,2026,Mixed,ATHX Lite,Strength,,,,73KG,180KG,200KG,,,11
12,Konstantina Marinova & Prabhkaran Singh,ATHX GLASGOW 2026,United Kingdom 🇬🇧,2026,Mixed,ATHX Lite,Strength,,,,83KG,148KG,210KG,,,12
13,Terri Mcdonald & Steven Mcdonald,ATHX GLASGOW 2026,United Kingdom 🇬🇧,2026,Mixed,ATHX Lite,Strength,,,,91KG,144KG,200KG,,,13
14,Alejandra Fernandez Ferrer & Jonathan Krzyzosiak,ATHX GLASGOW 2026,United Kingdom 🇬🇧,2026,Mixed,ATHX Lite,Strength,,,,83KG,143KG,173KG,,,14
15,Mark Vreeswijk & Shannen Li,ATHX GLASGOW 2026,United Kingdom 🇬🇧,2026,Mixed,ATHX Lite,Strength,,,,68KG,130KG,140KG,,,15
16,Fiona Beagrie & Mark Beagrie,ATHX GLASGOW 2026,United Kingdom 🇬🇧,2026,Mixed,ATHX Lite,Strength,,,,63KG,93KG,140KG,,,16
1,Megan Cunningham & David McNeilage,ATHX GLASGOW 2026,United Kingdom 🇬🇧,2026,Mixed,ATHX Pro,Endurance,,,,,,,4.509KM,5.606KM,1
2,Charles rankin & Maddy Furnival,ATHX GLASGOW 2026,United Kingdom 🇬🇧,2026,Mixed,ATHX Pro,Endurance,,,,,,,4.315KM,5.77KM,2
3,Imogen Farrell & Patrick Farrell,ATHX GLASGOW 2026,United Kingdom 🇬🇧,2026,Mixed,ATHX Pro,Endurance,,,,,,,4.258KM,5.509KM,3
4,Petra Menhart & Jamie Kelly,ATHX GLASGOW 2026,United Kingdom 🇬🇧,2026,Mixed,ATHX Pro,Endurance,,,,,,,4.14KM,5.6KM,4
5,Maxine McCue & Connor Russell,ATHX GLASGOW 2026,United Kingdom 🇬🇧,2026,Mixed,ATHX Pro,Endurance,,,,,,,4.25KM,5.423KM,5
6,Rory Monks & Rachael Monks,ATHX GLASGOW 2026,United Kingdom 🇬🇧,2026,Mixed,ATHX Pro,Endurance,,,,,,,4.17KM,5.254KM,6
7,Eilidh MacInnes-Devine & Kieran MacInnes,ATHX GLASGOW 2026,United Kingdom 🇬🇧,2026,Mixed,ATHX Pro,Endurance,,,,,,,3.673KM,5.303KM,7
8,Emma Woodward & Rhys Livingstone,ATHX GLASGOW 2026,United Kingdom 🇬🇧,2026,Mixed,ATHX Pro,Endurance,,,,,,,3.684KM,5.127KM,8
9,Sophia Perez Monzon & Gennaro Rossi,ATHX GLASGOW 2026,United Kingdom 🇬🇧,2026,Mixed,ATHX Pro,Endurance,,,,,,,3.682KM,5.04KM,9
10,Patrick O'Brien & Fatemeh Maleki,ATHX GLASGOW 2026,United Kingdom 🇬🇧,2026,Mixed,ATHX Pro,Endurance,,,,,,,3.609KM,5.112KM,10
1,Mark Roe & Alistair Maag,ATHX GLASGOW 2026,United Kingdom 🇬🇧,2026,Male,ATHX,Strength,,,,165KG,360KG,430KG,,,1
1,Robinson Joe & Chris Robinson,ATHX GLASGOW 2026,United Kingdom 🇬🇧,2026,Male,ATHX,Strength,,,,185KG,340KG,430KG,,,1
3,Dominic Darbyshire & Liam Stables,ATHX GLASGOW 2026,United Kingdom 🇬🇧,2026,Male,ATHX,Strength,,,,205KG,325KG,420KG,,,3
4,Kieran Wain & Alex Barwell,ATHX GLASGOW 2026,United Kingdom 🇬🇧,2026,Male,ATHX,Strength,,,,170KG,335KG,435KG,,,4
5,liam healy & Shaun Healy,ATHX GLASGOW 2026,United Kingdom 🇬🇧,2026,Male,ATHX,Strength,,,,160KG,370KG,400KG,,,5
6,Asim Jani & Chris Williams,ATHX GLASGOW 2026,United Kingdom 🇬🇧,2026,Male,ATHX,Strength,,,,180KG,355KG,390KG,,,6
7,Tom Woods & Dan Jones,ATHX GLASGOW 2026,United Kingdom 🇬🇧,2026,Male,ATHX,Strength,,,,175KG,348KG,398KG,,,7
8,David Hodge & josh stratton,ATHX GLASGOW 2026,United Kingdom 🇬🇧,2026,Male,ATHX,Strength,,,,183KG,355KG,380KG,,,8
9,Reuben Stuart & James Johnston,ATHX GLASGOW 2026,United Kingdom 🇬🇧,2026,Male,ATHX,Strength,,,,170KG,330KG,380KG,,,9
9,Abdelkhalek Akbiri & Ettore Monese,ATHX GLASGOW 2026,United Kingdom 🇬🇧,2026,Male,ATHX,Strength,,,,170KG,330KG,380KG,,,9
11,Lewis North & David Wilson,ATHX GLASGOW 2026,United Kingdom 🇬🇧,2026,Male,ATHX,Strength,,,,180KG,325KG,370KG,,,11
12,Josh Clayson & William Hall,ATHX GLASGOW 2026,United Kingdom 🇬🇧,2026,Male,ATHX,Strength,,,,150KG,320KG,400KG,,,12
13,Michal Dunin & Tadeusz Dunin,ATHX GLASGOW 2026,United Kingdom 🇬🇧,2026,Male,ATHX,Strength,,,,165KG,340KG,360KG,,,13
13,Scott Ferguson & Cole Lamberton,ATHX GLASGOW 2026,United Kingdom 🇬🇧,2026,Male,ATHX,Strength,,,,205KG,270KG,390KG,,,13
15,Scott Williamson & Sam Davidson,ATHX GLASGOW 2026,United Kingdom 🇬🇧,2026,Male,ATHX,Strength,,,,145KG,300KG,410KG,,,15
16,Kerr Fletcher & Stuart Aitken,ATHX GLASGOW 2026,United Kingdom 🇬🇧,2026,Male,ATHX,Strength,,,,160KG,320KG,370KG,,,16
16,Jack Kinloch & Nathan Smith,ATHX GLASGOW 2026,United Kingdom 🇬🇧,2026,Male,ATHX,Strength,,,,170KG,325KG,355KG,,,16
18,David Ross & Rudie Mcmahon,ATHX GLASGOW 2026,United Kingdom 🇬🇧,2026,Male,ATHX,Strength,,,,160KG,315KG,370KG,,,18
19,Yunus Ali & Sam Warwick,ATHX GLASGOW 2026,United Kingdom 🇬🇧,2026,Male,ATHX,Strength,,,,140KG,315KG,373KG,,,19
20,Connor Evison & Ross Hughes,ATHX GLASGOW 2026,United Kingdom 🇬🇧,2026,Male,ATHX,Strength,,,,170KG,300KG,355KG,,,20
21,Daniel McBride & Billy Hutchison,ATHX GLASGOW 2026,United Kingdom 🇬🇧,2026,Male,ATHX,Strength,,,,161KG,310KG,350KG,,,21
21,Adam Bannister & Lee Draper,ATHX GLASGOW 2026,United Kingdom 🇬🇧,2026,Male,ATHX,Strength,,,,143KG,305KG,373KG,,,21
23,Luke King & jack hawcroft,ATHX GLASGOW 2026,United Kingdom 🇬🇧,2026,Male,ATHX,Strength,,,,160KG,320KG,340KG,,,23
23,Darren Marshall & Liam Stubbs,ATHX GLASGOW 2026,United Kingdom 🇬🇧,2026,Male,ATHX,Strength,,,,145KG,310KG,365KG,,,23
25,Paul Giblin & Jack Thomson,ATHX GLASGOW 2026,United Kingdom 🇬🇧,2026,Male,ATHX,Strength,,,,156KG,300KG,360KG,,,25
26,William Clarke & Ross Archibald,ATHX GLASGOW 2026,United Kingdom 🇬🇧,2026,Male,ATHX,Strength,,,,150KG,300KG,360KG,,,26
27,Rhys Spackman & Andrew Brown,ATHX GLASGOW 2026,United Kingdom 🇬🇧,2026,Male,ATHX,Strength,,,,143KG,310KG,355KG,,,27
28,Rob Haselgrove & Barry Coombs,ATHX GLASGOW 2026,United Kingdom 🇬🇧,2026,Male,ATHX,Strength,,,,153KG,295KG,350KG,,,28
29,Sean Parkinson & Nic Chaviaris,ATHX GLASGOW 2026,United Kingdom 🇬🇧,2026,Male,ATHX,Strength,,,,158KG,290KG,343KG,,,29
30,Tim Parish & Mike Dunderdale,ATHX GLASGOW 2026,United Kingdom 🇬🇧,2026,Male,ATHX,Strength,,,,165KG,270KG,355KG,,,30
30,ethan ward & Toby Wright,ATHX GLASGOW 2026,United Kingdom 🇬🇧,2026,Male,ATHX,Strength,,,,150KG,290KG,350KG,,,30
32,Ryan Holmes & Dale Burke,ATHX GLASGOW 2026,United Kingdom 🇬🇧,2026,Male,ATHX,Strength,,,,135KG,310KG,340KG,,,32
33,Daniel Stevenson & Jamie Ingledew,ATHX GLASGOW 2026,United Kingdom 🇬🇧,2026,Male,ATHX,Strength,,,,153KG,270KG,360KG,,,33
34,Luis Miguez & Samuel Amaro,ATHX GLASGOW 2026,United Kingdom 🇬🇧,2026,Male,ATHX,Strength,,,,135KG,300KG,345KG,,,34
35,Stuart Bryant & Lewis Humphreys,ATHX GLASGOW 2026,United Kingdom 🇬🇧,2026,Male,ATHX,Strength,,,,145KG,280KG,350KG,,,35
35,Robbie McNab & Antony Evans,ATHX GLASGOW 2026,United Kingdom 🇬🇧,2026,Male,ATHX,Strength,,,,145KG,300KG,330KG,,,35
37,Harry Brewster & Calum Booth,ATHX GLASGOW 2026,United Kingdom 🇬🇧,2026,Male,ATHX,Strength,,,,143KG,270KG,360KG,,,37
38,Alexander Morrison & Jack Malone,ATHX GLASGOW 2026,United Kingdom 🇬🇧,2026,Male,ATHX,Strength,,,,141KG,280KG,350KG,,,38
38,Ryan Tomasulo & Fraser Sayers,ATHX GLASGOW 2026,United Kingdom 🇬🇧,2026,Male,ATHX,Strength,,,,151KG,290KG,330KG,,,38
40,James Collinge & Lewis Newstead,ATHX GLASGOW 2026,United Kingdom 🇬🇧,2026,Male,ATHX,Strength,,,,145KG,300KG,320KG,,,40
40,David Martin & Stephen Brown,ATHX GLASGOW 2026,United Kingdom 🇬🇧,2026,Male,ATHX,Strength,,,,170KG,260KG,335KG,,,40
42,Tommy Madley & Luis Davidson,ATHX GLASGOW 2026,United Kingdom 🇬🇧,2026,Male,ATHX,Strength,,,,148KG,290KG,325KG,,,42
43,Sam Thompkins & Mark Thompkins,ATHX GLASGOW 2026,United Kingdom 🇬🇧,2026,Male,ATHX,Strength,,,,150KG,260KG,350KG,,,43
44,Nicholas Crutchley & Jakub Foytl,ATHX GLASGOW 2026,United Kingdom 🇬🇧,2026,Male,ATHX,Strength,,,,158KG,270KG,330KG,,,44
45,Jonathan Upward & Alfie Dobinson,ATHX GLASGOW 2026,United Kingdom 🇬🇧,2026,Male,ATHX,Strength,,,,140KG,275KG,340KG,,,45
46,Gabriel Quinn & Zayne Cloete,ATHX GLASGOW 2026,United Kingdom 🇬🇧,2026,Male,ATHX,Strength,,,,133KG,288KG,333KG,,,46
47,Steven Mckeown & David McPhail,ATHX GLASGOW 2026,United Kingdom 🇬🇧,2026,Male,ATHX,Strength,,,,170KG,260KG,320KG,,,47
48,Gavin Bon & Richard Pargeter,ATHX GLASGOW 2026,United Kingdom 🇬🇧,2026,Male,ATHX,Strength,,,,138KG,280KG,330KG,,,48
49,Steve Scott & Lewis Roden,ATHX GLASGOW 2026,United Kingdom 🇬🇧,2026,Male,ATHX,Strength,,,,155KG,273KG,313KG,,,49
49,Ruri Kinsella & Mark Harkins,ATHX GLASGOW 2026,United Kingdom 🇬🇧,2026,Male,ATHX,Strength,,,,136KG,265KG,340KG,,,49
51,Dean Darroch & Stephen Haddow,ATHX GLASGOW 2026,United Kingdom 🇬🇧,2026,Male,ATHX,Strength,,,,145KG,260KG,330KG,,,51
51,Giovanni Fois & Riccardo Bertrando,ATHX GLASGOW 2026,United Kingdom 🇬🇧,2026,Male,ATHX,Strength,,,,175KG,185KG,375KG,,,51
53,Jamie Stone & Kieran Small,ATHX GLASGOW 2026,United Kingdom 🇬🇧,2026,Male,ATHX,Strength,,,,133KG,250KG,350KG,,,53
54,shaun kelly & Gary Hamilton,ATHX GLASGOW 2026,United Kingdom 🇬🇧,2026,Male,ATHX,Strength,,,,158KG,250KG,320KG,,,54
55,Jack Sykes & Mark Simpson,ATHX GLASGOW 2026,United Kingdom 🇬🇧,2026,Male,ATHX,Strength,,,,146KG,260KG,320KG,,,55
56,martyn grocott & Matt Johansson,ATHX GLASGOW 2026,United Kingdom 🇬🇧,2026,Male,ATHX,Strength,,,,145KG,280KG,300KG,,,56
56,Barry McConnochie & Uldis Lapsins,ATHX GLASGOW 2026,United Kingdom 🇬🇧,2026,Male,ATHX,Strength,,,,135KG,270KG,320KG,,,56
58,Sandy Black & Andy Park,ATHX GLASGOW 2026,United Kingdom 🇬🇧,2026,Male,ATHX,Strength,,,,138KG,265KG,320KG,,,58
59,Taylor Stephens & Charlie Thompson,ATHX GLASGOW 2026,United Kingdom 🇬🇧,2026,Male,ATHX,Strength,,,,128KG,250KG,340KG,,,59
60,Kevin Scott & Jamie Mcglinchey,ATHX GLASGOW 2026,United Kingdom 🇬🇧,2026,Male,ATHX,Strength,,,,145KG,260KG,310KG,,,60
60,Colin MacColl & David Garden,ATHX GLASGOW 2026,United Kingdom 🇬🇧,2026,Male,ATHX,Strength,,,,145KG,260KG,310KG,,,60
62,Lewis Jones & Mitch Carr,ATHX GLASGOW 2026,United Kingdom 🇬🇧,2026,Male,ATHX,Strength,,,,140KG,250KG,321KG,,,62
62,Usman Javed & Ummair Aslam,ATHX GLASGOW 2026,United Kingdom 🇬🇧,2026,Male,ATHX,Strength,,,,131KG,260KG,320KG,,,62
64,Josh Marshall & Ben Coldwell,ATHX GLASGOW 2026,United Kingdom 🇬🇧,2026,Male,ATHX,Strength,,,,135KG,260KG,315KG,,,64
65,Calum Lazenby & Giovanni Rossi,ATHX GLASGOW 2026,United Kingdom 🇬🇧,2026,Male,ATHX,Strength,,,,135KG,260KG,310KG,,,65
66,Martin Dempster & Irfan Ahmad,ATHX GLASGOW 2026,United Kingdom 🇬🇧,2026,Male,ATHX,Strength,,,,145KG,255KG,300KG,,,66
66,Pete Berrett & Juan Aponte Dubois,ATHX GLASGOW 2026,United Kingdom 🇬🇧,2026,Male,ATHX,Strength,,,,150KG,260KG,290KG,,,66
66,Darren Proudfoot & Declan Day,ATHX GLASGOW 2026,United Kingdom 🇬🇧,2026,Male,ATHX,Strength,,,,120KG,265KG,315KG,,,66
69,Simon Shaw & John McAleavey,ATHX GLASGOW 2026,United Kingdom 🇬🇧,2026,Male,ATHX,Strength,,,,143KG,275KG,280KG,,,69
70,Liam Jones & Alex Reed,ATHX GLASGOW 2026,United Kingdom 🇬🇧,2026,Male,ATHX,Strength,,,,150KG,245KG,300KG,,,70
70,Richard Cook & Nick Chandler,ATHX GLASGOW 2026,United Kingdom 🇬🇧,2026,Male,ATHX,Strength,,,,130KG,245KG,320KG,,,70
70,Gary Wilson & BRYAN KIRK,ATHX GLASGOW 2026,United Kingdom 🇬🇧,2026,Male,ATHX,Strength,,,,150KG,270KG,275KG,,,70
73,Cameron Robb & Douglas McLeod,ATHX GLASGOW 2026,United Kingdom 🇬🇧,2026,Male,ATHX,Strength,,,,143KG,235KG,315KG,,,73
74,Matthew Corner & Robert Corner,ATHX GLASGOW 2026,United Kingdom 🇬🇧,2026,Male,ATHX,Strength,,,,110KG,260KG,315KG,,,74
74,Anil Gupta & Rob Pope,ATHX GLASGOW 2026,United Kingdom 🇬🇧,2026,Male,ATHX,Strength,,,,125KG,250KG,310KG,,,74
76,Christopher Kovacs & Chris Sun,ATHX GLASGOW 2026,United Kingdom 🇬🇧,2026,Male,ATHX,Strength,,,,135KG,240KG,300KG,,,76
77,Matthew Belot & Joe McKillion,ATHX GLASGOW 2026,United Kingdom 🇬🇧,2026,Male,ATHX,Strength,,,,150KG,193KG,330KG,,,77
78,Jamie Horton & Craig Robertson,ATHX GLASGOW 2026,United Kingdom 🇬🇧,2026,Male,ATHX,Strength,,,,120KG,250KG,295KG,,,78
79,Rich Fella & Rick Smith,ATHX GLASGOW 2026,United Kingdom 🇬🇧,2026,Male,ATHX,Strength,,,,136KG,235KG,290KG,,,79
80,Mark Stuart & Andrew Macmaster,ATHX GLASGOW 2026,United Kingdom 🇬🇧,2026,Male,ATHX,Strength,,,,145KG,230KG,285KG,,,80
80,Joshua James & Mark Slater,ATHX GLASGOW 2026,United Kingdom 🇬🇧,2026,Male,ATHX,Strength,,,,130KG,240KG,290KG,,,80
82,Ross Williams & Chris Shaw,ATHX GLASGOW 2026,United Kingdom 🇬🇧,2026,Male,ATHX,Strength,,,,125KG,220KG,310KG,,,82
83,Stewart Mccombe & Bobby Morrell,ATHX GLASGOW 2026,United Kingdom 🇬🇧,2026,Male,ATHX,Strength,,,,128KG,260KG,265KG,,,83
84,Darren Meikle & Chris Jackson,ATHX GLASGOW 2026,United Kingdom 🇬🇧,2026,Male,ATHX,Strength,,,,145KG,235KG,270KG,,,84
85,Gary Maitles & Graeme Allan,ATHX GLASGOW 2026,United Kingdom 🇬🇧,2026,Male,ATHX,Strength,,,,133KG,250KG,265KG,,,85
86,JONATHAN WRIGHT & Alberto Gonzalez,ATHX GLASGOW 2026,United Kingdom 🇬🇧,2026,Male,ATHX,Strength,,,,115KG,230KG,300KG,,,86
87,Grant Davidson & Christopher Foulkes,ATHX GLASGOW 2026,United Kingdom 🇬🇧,2026,Male,ATHX,Strength,,,,151KG,223KG,268KG,,,87
88,Steven McNeil & Robbie McLaren,ATHX GLASGOW 2026,United Kingdom 🇬🇧,2026,Male,ATHX,Strength,,,,135KG,215KG,290KG,,,88
88,Alan McRae & Andy Coffey,ATHX GLASGOW 2026,United Kingdom 🇬🇧,2026,Male,ATHX,Strength,,,,120KG,230KG,290KG,,,88
88,Mark Hartnett-Morgan & Graeme Davidson,ATHX GLASGOW 2026,United Kingdom 🇬🇧,2026,Male,ATHX,Strength,,,,135KG,145KG,360KG,,,88
91,Daniel Fearn & Sam Seddon,ATHX GLASGOW 2026,United Kingdom 🇬🇧,2026,Male,ATHX,Strength,,,,125KG,230KG,280KG,,,91
91,Jay Kelly & Josh Simpson,ATHX GLASGOW 2026,United Kingdom 🇬🇧,2026,Male,ATHX,Strength,,,,125KG,240KG,270KG,,,91
93,Jaimie Bell & Jonny Keenan,ATHX GLASGOW 2026,United Kingdom 🇬🇧,2026,Male,ATHX,Strength,,,,118KG,220KG,290KG,,,93
93,Lawrence Munro & Scott MacKintosh,ATHX GLASGOW 2026,United Kingdom 🇬🇧,2026,Male,ATHX,Strength,,,,118KG,250KG,260KG,,,93
95,Matthew Bowater & Robbie Mcallister,ATHX GLASGOW 2026,United Kingdom 🇬🇧,2026,Male,ATHX,Strength,,,,123KG,225KG,278KG,,,95
96,Martin Pursley & Andy McGhee,ATHX GLASGOW 2026,United Kingdom 🇬🇧,2026,Male,ATHX,Strength,,,,110KG,215KG,300KG,,,96
96,Marc Smith & Steven Provan,ATHX GLASGOW 2026,United Kingdom 🇬🇧,2026,Male,ATHX,Strength,,,,120KG,220KG,285KG,,,96
98,Jack Mcknight & Luke Kelly,ATHX GLASGOW 2026,United Kingdom 🇬🇧,2026,Male,ATHX,Strength,,,,120KG,230KG,270KG,,,98
98,Carl Lafferty & Al Barnes,ATHX GLASGOW 2026,United Kingdom 🇬🇧,2026,Male,ATHX,Strength,,,,130KG,210KG,280KG,,,98
100,Chris Emmott-Mangnall & Chris MacInnes,ATHX GLASGOW 2026,United Kingdom 🇬🇧,2026,Male,ATHX,Strength,,,,125KG,220KG,270KG,,,100
101,Mike Craig & Richard Reid,ATHX GLASGOW 2026,United Kingdom 🇬🇧,2026,Male,ATHX,Strength,,,,116KG,225KG,270KG,,,101
102,Domenico Venditto & Marco Cammarano,ATHX GLASGOW 2026,United Kingdom 🇬🇧,2026,Male,ATHX,Strength,,,,120KG,230KG,260KG,,,102
103,Andrew Reilly & Calum Johnston,ATHX GLASGOW 2026,United Kingdom 🇬🇧,2026,Male,ATHX,Strength,,,,120KG,228KG,260KG,,,103
104,Logan Stoney & Sean Mackinnon,ATHX GLASGOW 2026,United Kingdom 🇬🇧,2026,Male,ATHX,Strength,,,,126KG,205KG,270KG,,,104
105,Perry Andrews & Laurence Pannell,ATHX GLASGOW 2026,United Kingdom 🇬🇧,2026,Male,ATHX,Strength,,,,130KG,220KG,250KG,,,105
106,Tony Watson & Dylan Grundy,ATHX GLASGOW 2026,United Kingdom 🇬🇧,2026,Male,ATHX,Strength,,,,123KG,230KG,230KG,,,106
107,Declan Holland & jamie ford,ATHX GLASGOW 2026,United Kingdom 🇬🇧,2026,Male,ATHX,Strength,,,,123KG,210KG,240KG,,,107
108,Darren Macintyre & Jack Paterson,ATHX GLASGOW 2026,United Kingdom 🇬🇧,2026,Male,ATHX,Strength,,,,110KG,216KG,245KG,,,108
108,Daniel Mclean & Gregor Henderson,ATHX GLASGOW 2026,United Kingdom 🇬🇧,2026,Male,ATHX,Strength,,,,115KG,200KG,256KG,,,108
110,stephen phillips & James Richardson,ATHX GLASGOW 2026,United Kingdom 🇬🇧,2026,Male,ATHX,Strength,,,,120KG,200KG,250KG,,,110
111,Chris McInnes & Mark McInnes,ATHX GLASGOW 2026,United Kingdom 🇬🇧,2026,Male,ATHX,Strength,,,,120KG,190KG,250KG,,,111
111,Andy Dewsbury & Tom Elvin,ATHX GLASGOW 2026,United Kingdom 🇬🇧,2026,Male,ATHX,Strength,,,,115KG,215KG,230KG,,,111
113,Simon Shiels & Mike Shiels,ATHX GLASGOW 2026,United Kingdom 🇬🇧,2026,Male,ATHX,Strength,,,,106KG,200KG,250KG,,,113
114,Scott Mitchell & Scott Davidson,ATHX GLASGOW 2026,United Kingdom 🇬🇧,2026,Male,ATHX,Strength,,,,115KG,200KG,240KG,,,114
115,Alasdair McCruden & Angus Duffy,ATHX GLASGOW 2026,United Kingdom 🇬🇧,2026,Male,ATHX,Strength,,,,123KG,210KG,220KG,,,115
116,Sam Davies & John Charles,ATHX GLASGOW 2026,United Kingdom 🇬🇧,2026,Male,ATHX,Strength,,,,110KG,185KG,248KG,,,116
117,Steven Smith & Ross Anderson,ATHX GLASGOW 2026,United Kingdom 🇬🇧,2026,Male,ATHX,Strength,,,,116KG,190KG,230KG,,,117
118,Mark Sweeney & Patrick Sweeney,ATHX GLASGOW 2026,United Kingdom 🇬🇧,2026,Male,ATHX,Strength,,,,105KG,180KG,240KG,,,118
119,Stephen Moore & Chris McDade,ATHX GLASGOW 2026,United Kingdom 🇬🇧,2026,Male,ATHX,Strength,,,,101KG,200KG,220KG,,,119
120,Harry Esson & Kian Gallacher,ATHX GLASGOW 2026,United Kingdom 🇬🇧,2026,Male,ATHX,Strength,,,,120KG,170KG,210KG,,,120
121,Jonathan Mackay & Stephen Meek,ATHX GLASGOW 2026,United Kingdom 🇬🇧,2026,Male,ATHX,Strength,,,,115KG,210KG,155KG,,,121
122,Shay Needham & Ashley Simpson,ATHX GLASGOW 2026,United Kingdom 🇬🇧,2026,Male,ATHX,Strength,,,,105KG,160KG,180KG,,,122
123,Dominic Shevlane & Harry Keough,ATHX GLASGOW 2026,United Kingdom 🇬🇧,2026,Male,ATHX,Strength,,,,78KG,148KG,150KG,,,123
1,Kim Frew & Katey Turner,ATHX GLASGOW 2026,United Kingdom 🇬🇧,2026,Female,ATHX Pro,Strength,,,,105KG,235KG,248KG,,,1
2,Maya Halliday & Cara Halliday,ATHX GLASGOW 2026,United Kingdom 🇬🇧,2026,Female,ATHX Pro,Strength,,,,103KG,210KG,255KG,,,2
3,Demi Reid & Stella Bartram,ATHX GLASGOW 2026,United Kingdom 🇬🇧,2026,Female,ATHX Pro,Strength,,,,93KG,220KG,253KG,,,3
4,Kat Wilson & Ruth Davidson,ATHX GLASGOW 2026,United Kingdom 🇬🇧,2026,Female,ATHX Pro,Strength,,,,91KG,218KG,245KG,,,4
5,Beth Forrester & Sarah Moody,ATHX GLASGOW 2026,United Kingdom 🇬🇧,2026,Female,ATHX Pro,Strength,,,,83KG,205KG,235KG,,,5
5,Eilidh Breslin & Kirstin Thom,ATHX GLASGOW 2026,United Kingdom 🇬🇧,2026,Female,ATHX Pro,Strength,,,,88KG,185KG,250KG,,,5
7,Chloe Sikiniotis & Miranda Stitt,ATHX GLASGOW 2026,United Kingdom 🇬🇧,2026,Female,ATHX Pro,Strength,,,,93KG,190KG,235KG,,,7
8,Fern Stephenson & Abby Cass,ATHX GLASGOW 2026,United Kingdom 🇬🇧,2026,Female,ATHX Pro,Strength,,,,93KG,200KG,223KG,,,8
9,Kim Lole & Elisha Scott,ATHX GLASGOW 2026,United Kingdom 🇬🇧,2026,Female,ATHX Pro,Strength,,,,85KG,185KG,225KG,,,9
10,Gail Aitken & Carol Fraser,ATHX GLASGOW 2026,United Kingdom 🇬🇧,2026,Female,ATHX Pro,Strength,,,,85KG,185KG,215KG,,,10
11,Rocio Pias & Sandra pérez,ATHX GLASGOW 2026,United Kingdom 🇬🇧,2026,Female,ATHX Pro,Strength,,,,86KG,183KG,211KG,,,11
12,Taylor James & Emma Ireland,ATHX GLASGOW 2026,United Kingdom 🇬🇧,2026,Female,ATHX Pro,Strength,,,,83KG,180KG,210KG,,,12
13,Lauren Gane & Hannah Burns,ATHX GLASGOW 2026,United Kingdom 🇬🇧,2026,Female,ATHX Pro,Strength,,,,73KG,180KG,215KG,,,13
14,Anna Morcos & Siobhan McQueen,ATHX GLASGOW 2026,United Kingdom 🇬🇧,2026,Female,ATHX Pro,Strength,,,,73KG,185KG,203KG,,,14
15,Pat Abello & Sofie Koekoek,ATHX GLASGOW 2026,United Kingdom 🇬🇧,2026,Female,ATHX Pro,Strength,,,,78KG,170KG,210KG,,,15
1,Vicky Griffin & Harriet Griffin,ATHX GLASGOW 2026,United Kingdom 🇬🇧,2026,Female,ATHX Lite,Overall,1 (558KG),2 (8.304KM),1 (13:11),,,,,,4
2,Deniece Macrae & Elaine Hastings,ATHX GLASGOW 2026,United Kingdom 🇬🇧,2026,Female,ATHX Lite,Overall,5 (478KG),6 (7.701KM),3 (14:28),,,,,,14
3,Chloe Cooper & Sophia Pizzimenti,ATHX GLASGOW 2026,United Kingdom 🇬🇧,2026,Female,ATHX Lite,Overall,7 (460KG),4 (7.879KM),4 (15:11),,,,,,15
4,Stephanie Buchanan & Brooke Douglas,ATHX GLASGOW 2026,United Kingdom 🇬🇧,2026,Female,ATHX Lite,Overall,12 (425KG),3 (8.19KM),2 (14:12),,,,,,17
5,Jane Rundell & Amber McFarlane,ATHX GLASGOW 2026,United Kingdom 🇬🇧,2026,Female,ATHX Lite,Overall,10 (430KG),9 (7.524KM),5 (15:13),,,,,,24
5,Yvonne Miller & Fiona Halewood,ATHX GLASGOW 2026,United Kingdom 🇬🇧,2026,Female,ATHX Lite,Overall,4 (480KG),8 (7.541KM),12 (16:54),,,,,,24
7,Sarah Gulland & Erin Masters,ATHX GLASGOW 2026,United Kingdom 🇬🇧,2026,Female,ATHX Lite,Overall,2 (503KG),11 (7.426KM),20 (17:36),,,,,,33
8,Charlotte Alexander & Lauren McLoughlin,ATHX GLASGOW 2026,United Kingdom 🇬🇧,2026,Female,ATHX Lite,Overall,14 (399KG),14 (7.404KM),6 (15:38),,,,,,34
9,Ali Ward & Viviana Mayman,ATHX GLASGOW 2026,United Kingdom 🇬🇧,2026,Female,ATHX Lite,Overall,24 (358KG),5 (7.859KM),7 (16:02),,,,,,36
9,Samantha McCluskey & Tammi Jardine,ATHX GLASGOW 2026,United Kingdom 🇬🇧,2026,Female,ATHX Lite,Overall,11 (426KG),15 (7.373KM),10 (16:38),,,,,,36
11,Anna Wroe & Éabha Sweeney,ATHX GLASGOW 2026,United Kingdom 🇬🇧,2026,Female,ATHX Lite,Overall,15 (398KG),10 (7.454KM),17 (17:27),,,,,,42
12,Julie Stevenson & Caroline Morris,ATHX GLASGOW 2026,United Kingdom 🇬🇧,2026,Female,ATHX Lite,Overall,33 (281KG),1 (8.506KM),9 (16:31),,,,,,43
13,Shelley Breckenridge & Anna Martin,ATHX GLASGOW 2026,United Kingdom 🇬🇧,2026,Female,ATHX Lite,Overall,13 (400KG),18 (7.273KM),19 (17:32),,,,,,50
14,Nicky Campbell & Zoe Rothera,ATHX GLASGOW 2026,United Kingdom 🇬🇧,2026,Female,ATHX Lite,Overall,27 (334KG),19 (7.246KM),8 (16:06),,,,,,54
14,Victoria Lowe & Elizabeth Wylie,ATHX GLASGOW 2026,United Kingdom 🇬🇧,2026,Female,ATHX Lite,Overall,20 (380KG),12 (7.413KM),22 (17:43),,,,,,54
14,Jennifer Crate & Emma Noble,ATHX GLASGOW 2026,United Kingdom 🇬🇧,2026,Female,ATHX Lite,Overall,23 (364KG),20 (7.225KM),11 (16:40),,,,,,54
14,Emma Odonnell & Katy McAleer,ATHX GLASGOW 2026,United Kingdom 🇬🇧,2026,Female,ATHX Lite,Overall,9 (435KG),32 (6.774KM),13 (16:58),,,,,,54
18,Lauren Smith & Jessica Helling,ATHX GLASGOW 2026,United Kingdom 🇬🇧,2026,Female,ATHX Lite,Overall,21 (368KG),21 (7.197KM),13 (16:58),,,,,,55
19,Elizabeth Hollinger & Rachel HOLLINGER,ATHX GLASGOW 2026,United Kingdom 🇬🇧,2026,Female,ATHX Lite,Overall,16 (390KG),17 (7.318KM),24 (18:03),,,,,,57
20,Annabelle Sherwood & Ceri Porteous,ATHX GLASGOW 2026,United Kingdom 🇬🇧,2026,Female,ATHX Lite,Overall,35 (236KG),7 (7.552KM),16 (17:21),,,,,,58
21,Rachael Hodgson & Emma Morton,ATHX GLASGOW 2026,United Kingdom 🇬🇧,2026,Female,ATHX Lite,Overall,30 (323KG),16 (7.34KM),15 (17:09),,,,,,61
22,Chloe Gault & Kirsty Pattison,ATHX GLASGOW 2026,United Kingdom 🇬🇧,2026,Female,ATHX Lite,Overall,26 (339KG),13 (7.411KM),24 (18:03),,,,,,63
23,Laura Todd & Anne-Marie Noble,ATHX GLASGOW 2026,United Kingdom 🇬🇧,2026,Female,ATHX Lite,Overall,6 (474KG),34 (6.672KM),29 (18:44),,,,,,69
24,Samantha Kirkland & Tamara MacKenzie,ATHX GLASGOW 2026,United Kingdom 🇬🇧,2026,Female,ATHX Lite,Overall,29 (330KG),23 (7.14KM),18 (17:30),,,,,,70
25,Erin Fisher & Caitlin Gray,ATHX GLASGOW 2026,United Kingdom 🇬🇧,2026,Female,ATHX Lite,Overall,8 (454KG),31 (6.781KM),32 (21:08),,,,,,71
26,Natalie Blake & Koren Baillie,ATHX GLASGOW 2026,United Kingdom 🇬🇧,2026,Female,ATHX Lite,Overall,18 (381KG),25 (7.106KM),30 (18:46),,,,,,73
26,Shaunacy Kennedy & Cathrina McCabe,ATHX GLASGOW 2026,United Kingdom 🇬🇧,2026,Female,ATHX Lite,Overall,3 (491KG),35 (6.634KM),35 (21:48),,,,,,73
28,Katy Brabbin & Jade Ellerington,ATHX GLASGOW 2026,United Kingdom 🇬🇧,2026,Female,ATHX Lite,Overall,18 (381KG),28 (6.956KM),28 (18:31),,,,,,74
28,Victoria Hamilton & Sorcha Bruce,ATHX GLASGOW 2026,United Kingdom 🇬🇧,2026,Female,ATHX Lite,Overall,28 (331KG),23 (7.14KM),23 (17:59),,,,,,74
30,Lucy Fitzpatrick-Tanguy & Veera Vihavainen,ATHX GLASGOW 2026,United Kingdom 🇬🇧,2026,Female,ATHX Lite,Overall,21 (368KG),26 (7.037KM),31 (19:44),,,,,,78
31,Pamela Miller & Laura Hicks,ATHX GLASGOW 2026,United Kingdom 🇬🇧,2026,Female,ATHX Lite,Overall,25 (356KG),27 (6.968KM),27 (18:20),,,,,,79
31,Kayley Hallgarth-Myles & Kirsty Pearson,ATHX GLASGOW 2026,United Kingdom 🇬🇧,2026,Female,ATHX Lite,Overall,17 (383KG),29 (6.9KM),33 (21:20),,,,,,79
33,Rachael Bentley & Nicola McGinn,ATHX GLASGOW 2026,United Kingdom 🇬🇧,2026,Female,ATHX Lite,Overall,32 (308KG),33 (6.744KM),21 (17:41),,,,,,86
33,Daniela Sabharwal & Jodie Ford,ATHX GLASGOW 2026,United Kingdom 🇬🇧,2026,Female,ATHX Lite,Overall,30 (323KG),22 (7.183KM),34 (21:34),,,,,,86
35,Stacy Wilson & Jessica Graham,ATHX GLASGOW 2026,United Kingdom 🇬🇧,2026,Female,ATHX Lite,Overall,34 (279KG),30 (6.83KM),26 (18:14),,,,,,90
36,Helen Mosquera & Gemma Collins,ATHX GLASGOW 2026,United Kingdom 🇬🇧,2026,Female,ATHX Lite,Overall,36 (222KG),36 (6.258KM),36 (24:12),,,,,,108
1,Kerry Stieger & Florian Tromm,ATHX GLASGOW 2026,United Kingdom 🇬🇧,2026,Mixed,ATHX Lite,Overall,6 (518KG),2 (8.341KM),1 (12:17),,,,,,9
2,Nicole Martin & David Robertson,ATHX GLASGOW 2026,United Kingdom 🇬🇧,2026,Mixed,ATHX Lite,Overall,2 (586KG),7 (7.624KM),2 (13:28),,,,,,11
3,Kirstin Parker & Andrew Parker,ATHX GLASGOW 2026,United Kingdom 🇬🇧,2026,Mixed,ATHX Lite,Overall,3 (561KG),5 (8.005KM),4 (14:42),,,,,,12
4,Andy Langford & Camille Decuir,ATHX GLASGOW 2026,United Kingdom 🇬🇧,2026,Mixed,ATHX Lite,Overall,1 (613KG),8 (7.167KM),5 (14:53),,,,,,14
5,Alejandra Fernandez Ferrer & Jonathan Krzyzosiak,ATHX GLASGOW 2026,United Kingdom 🇬🇧,2026,Mixed,ATHX Lite,Overall,14 (399KG),1 (8.415KM),3 (13:32),,,,,,18
6,Terri Mcdonald & Steven Mcdonald,ATHX GLASGOW 2026,United Kingdom 🇬🇧,2026,Mixed,ATHX Lite,Overall,13 (435KG),4 (8.03KM),6 (15:52),,,,,,23
6,Rachel Dean & James Chalmers,ATHX GLASGOW 2026,United Kingdom 🇬🇧,2026,Mixed,ATHX Lite,Overall,10 (456KG),6 (7.816KM),7 (17:06),,,,,,23
8,Pauline Chan & Andrew Li,ATHX GLASGOW 2026,United Kingdom 🇬🇧,2026,Mixed,ATHX Lite,Overall,5 (530KG),13 (6.273KM),8 (17:10),,,,,,26
9,Harriet McFadyen & Craig McFadyen,ATHX GLASGOW 2026,United Kingdom 🇬🇧,2026,Mixed,ATHX Lite,Overall,7 (516KG),11 (6.738KM),9 (18:04),,,,,,27
10,Robert Readie & Avril Readie,ATHX GLASGOW 2026,United Kingdom 🇬🇧,2026,Mixed,ATHX Lite,Overall,9 (463KG),9 (7.144KM),10 (18:47),,,,,,28
11,Martin O’Neill & Eva Murray,ATHX GLASGOW 2026,United Kingdom 🇬🇧,2026,Mixed,ATHX Lite,Overall,11 (453KG),10 (6.966KM),11 (18:56),,,,,,32
11,Karen Stirrat & John Mackie,ATHX GLASGOW 2026,United Kingdom 🇬🇧,2026,Mixed,ATHX Lite,Overall,4 (548KG),12 (6.283KM),16 (23:55),,,,,,32
11,Fiona Beagrie & Mark Beagrie,ATHX GLASGOW 2026,United Kingdom 🇬🇧,2026,Mixed,ATHX Lite,Overall,16 (296KG),3 (8.293KM),13 (19:22),,,,,,32
14,Andy Gibson & Alison Davies,ATHX GLASGOW 2026,United Kingdom 🇬🇧,2026,Mixed,ATHX Lite,Overall,8 (500KG),16 (6.104KM),15 (23:40),,,,,,39
14,Konstantina Marinova & Prabhkaran Singh,ATHX GLASGOW 2026,United Kingdom 🇬🇧,2026,Mixed,ATHX Lite,Overall,12 (441KG),15 (6.152KM),12 (19:17),,,,,,39
16,Mark Vreeswijk & Shannen Li,ATHX GLASGOW 2026,United Kingdom 🇬🇧,2026,Mixed,ATHX Lite,Overall,15 (338KG),14 (6.176KM),14 (21:23),,,,,,43
1,Charles rankin & Maddy Furnival,ATHX GLASGOW 2026,United Kingdom 🇬🇧,2026,Mixed,ATHX Pro,Strength,,,,135KG,295KG,355KG,,,1
2,Rory Monks & Rachael Monks,ATHX GLASGOW 2026,United Kingdom 🇬🇧,2026,Mixed,ATHX Pro,Strength,,,,123KG,250KG,340KG,,,2
3,Emma Woodward & Rhys Livingstone,ATHX GLASGOW 2026,United Kingdom 🇬🇧,2026,Mixed,ATHX Pro,Strength,,,,115KG,280KG,300KG,,,3
4,Megan Cunningham & David McNeilage,ATHX GLASGOW 2026,United Kingdom 🇬🇧,2026,Mixed,ATHX Pro,Strength,,,,128KG,245KG,310KG,,,4
5,Imogen Farrell & Patrick Farrell,ATHX GLASGOW 2026,United Kingdom 🇬🇧,2026,Mixed,ATHX Pro,Strength,,,,133KG,233KG,283KG,,,5
6,Eilidh MacInnes-Devine & Kieran MacInnes,ATHX GLASGOW 2026,United Kingdom 🇬🇧,2026,Mixed,ATHX Pro,Strength,,,,120KG,245KG,268KG,,,6
7,Maxine McCue & Connor Russell,ATHX GLASGOW 2026,United Kingdom 🇬🇧,2026,Mixed,ATHX Pro,Strength,,,,120KG,200KG,250KG,,,7
8,Patrick O'Brien & Fatemeh Maleki,ATHX GLASGOW 2026,United Kingdom 🇬🇧,2026,Mixed,ATHX Pro,Strength,,,,108KG,200KG,250KG,,,8
9,Petra Menhart & Jamie Kelly,ATHX GLASGOW 2026,United Kingdom 🇬🇧,2026,Mixed,ATHX Pro,Strength,,,,103KG,170KG,270KG,,,9
10,Sophia Perez Monzon & Gennaro Rossi,ATHX GLASGOW 2026,United Kingdom 🇬🇧,2026,Mixed,ATHX Pro,Strength,,,,115KG,180KG,225KG,,,10
1,Tom Woods & Dan Jones,ATHX GLASGOW 2026,United Kingdom 🇬🇧,2026,Male,ATHX,Overall,7 (921KG),2 (10.382KM),1 (10:48),,,,,,10
2,David Hodge & josh stratton,ATHX GLASGOW 2026,United Kingdom 🇬🇧,2026,Male,ATHX,Overall,8 (918KG),3 (10.3KM),2 (11:38),,,,,,13
3,Dominic Darbyshire & Liam Stables,ATHX GLASGOW 2026,United Kingdom 🇬🇧,2026,Male,ATHX,Overall,3 (950KG),8 (10.104KM),4 (12:11),,,,,,15
4,Kieran Wain & Alex Barwell,ATHX GLASGOW 2026,United Kingdom 🇬🇧,2026,Male,ATHX,Overall,4 (940KG),11 (10.015KM),13 (12:50),,,,,,28
5,Kerr Fletcher & Stuart Aitken,ATHX GLASGOW 2026,United Kingdom 🇬🇧,2026,Male,ATHX,Overall,16 (850KG),7 (10.152KM),8 (12:34),,,,,,31
6,Sean Parkinson & Nic Chaviaris,ATHX GLASGOW 2026,United Kingdom 🇬🇧,2026,Male,ATHX,Overall,29 (791KG),1 (10.397KM),5 (12:16),,,,,,35
7,Connor Evison & Ross Hughes,ATHX GLASGOW 2026,United Kingdom 🇬🇧,2026,Male,ATHX,Overall,20 (825KG),14 (9.979KM),3 (11:48),,,,,,37
8,Josh Clayson & William Hall,ATHX GLASGOW 2026,United Kingdom 🇬🇧,2026,Male,ATHX,Overall,12 (870KG),10 (10.05KM),16 (12:56),,,,,,38
9,Lewis North & David Wilson,ATHX GLASGOW 2026,United Kingdom 🇬🇧,2026,Male,ATHX,Overall,11 (875KG),12 (10.014KM),21 (13:13),,,,,,44
9,Asim Jani & Chris Williams,ATHX GLASGOW 2026,United Kingdom 🇬🇧,2026,Male,ATHX,Overall,6 (925KG),26 (9.799KM),12 (12:49),,,,,,44
11,Jack Kinloch & Nathan Smith,ATHX GLASGOW 2026,United Kingdom 🇬🇧,2026,Male,ATHX,Overall,16 (850KG),27 (9.796KM),13 (12:50),,,,,,56
12,Rhys Spackman & Andrew Brown,ATHX GLASGOW 2026,United Kingdom 🇬🇧,2026,Male,ATHX,Overall,27 (808KG),13 (9.997KM),22 (13:18),,,,,,62
12,Rob Haselgrove & Barry Coombs,ATHX GLASGOW 2026,United Kingdom 🇬🇧,2026,Male,ATHX,Overall,28 (798KG),25 (9.827KM),9 (12:41),,,,,,62
14,Michal Dunin & Tadeusz Dunin,ATHX GLASGOW 2026,United Kingdom 🇬🇧,2026,Male,ATHX,Overall,13 (865KG),45 (9.444KM),6 (12:19),,,,,,64
15,Giovanni Fois & Riccardo Bertrando,ATHX GLASGOW 2026,United Kingdom 🇬🇧,2026,Male,ATHX,Overall,51 (735KG),9 (10.086KM),7 (12:28),,,,,,67
16,Luke King & jack hawcroft,ATHX GLASGOW 2026,United Kingdom 🇬🇧,2026,Male,ATHX,Overall,23 (820KG),29 (9.76KM),17 (12:58),,,,,,69
17,Ryan Holmes & Dale Burke,ATHX GLASGOW 2026,United Kingdom 🇬🇧,2026,Male,ATHX,Overall,32 (785KG),28 (9.781KM),13 (12:50),,,,,,73
18,Kevin Scott & Jamie Mcglinchey,ATHX GLASGOW 2026,United Kingdom 🇬🇧,2026,Male,ATHX,Overall,60 (715KG),4 (10.249KM),10 (12:44),,,,,,74
19,Paul Giblin & Jack Thomson,ATHX GLASGOW 2026,United Kingdom 🇬🇧,2026,Male,ATHX,Overall,25 (816KG),40 (9.564KM),11 (12:45),,,,,,76
19,Adam Bannister & Lee Draper,ATHX GLASGOW 2026,United Kingdom 🇬🇧,2026,Male,ATHX,Overall,21 (821KG),17 (9.944KM),38 (14:08),,,,,,76
21,Harry Brewster & Calum Booth,ATHX GLASGOW 2026,United Kingdom 🇬🇧,2026,Male,ATHX,Overall,37 (773KG),16 (9.953KM),28 (13:40),,,,,,81
22,Scott Williamson & Sam Davidson,ATHX GLASGOW 2026,United Kingdom 🇬🇧,2026,Male,ATHX,Overall,15 (855KG),34 (9.684KM),35 (14:03),,,,,,84
23,Tim Parish & Mike Dunderdale,ATHX GLASGOW 2026,United Kingdom 🇬🇧,2026,Male,ATHX,Overall,30 (790KG),36 (9.675KM),29 (13:51),,,,,,95
24,Jack Sykes & Mark Simpson,ATHX GLASGOW 2026,United Kingdom 🇬🇧,2026,Male,ATHX,Overall,55 (726KG),30 (9.742KM),23 (13:27),,,,,,108
25,Ross Williams & Chris Shaw,ATHX GLASGOW 2026,United Kingdom 🇬🇧,2026,Male,ATHX,Overall,82 (655KG),5 (10.234KM),23 (13:27),,,,,,110
26,Nicholas Crutchley & Jakub Foytl,ATHX GLASGOW 2026,United Kingdom 🇬🇧,2026,Male,ATHX,Overall,44 (758KG),38 (9.657KM),30 (13:52),,,,,,112
27,Tommy Madley & Luis Davidson,ATHX GLASGOW 2026,United Kingdom 🇬🇧,2026,Male,ATHX,Overall,42 (763KG),23 (9.834KM),48 (14:42),,,,,,113
27,Stuart Bryant & Lewis Humphreys,ATHX GLASGOW 2026,United Kingdom 🇬🇧,2026,Male,ATHX,Overall,35 (775KG),53 (9.299KM),25 (13:30),,,,,,113
29,Sandy Black & Andy Park,ATHX GLASGOW 2026,United Kingdom 🇬🇧,2026,Male,ATHX,Overall,58 (723KG),20 (9.914KM),36 (14:05),,,,,,114
30,ethan ward & Toby Wright,ATHX GLASGOW 2026,United Kingdom 🇬🇧,2026,Male,ATHX,Overall,30 (790KG),66 (9.118KM),20 (13:10),,,,,,116
31,Christopher Kovacs & Chris Sun,ATHX GLASGOW 2026,United Kingdom 🇬🇧,2026,Male,ATHX,Overall,76 (675KG),15 (9.974KM),27 (13:38),,,,,,118
32,Alexander Morrison & Jack Malone,ATHX GLASGOW 2026,United Kingdom 🇬🇧,2026,Male,ATHX,Overall,38 (771KG),50 (9.362KM),33 (14:00),,,,,,121
32,Luis Miguez & Samuel Amaro,ATHX GLASGOW 2026,United Kingdom 🇬🇧,2026,Male,ATHX,Overall,34 (780KG),49 (9.375KM),38 (14:08),,,,,,121
34,Robbie McNab & Antony Evans,ATHX GLASGOW 2026,United Kingdom 🇬🇧,2026,Male,ATHX,Overall,35 (775KG),31 (9.727KM),61 (15:21),,,,,,127
35,Abdelkhalek Akbiri & Ettore Monese,ATHX GLASGOW 2026,United Kingdom 🇬🇧,2026,Male,ATHX,Overall,9 (880KG),76 (8.952KM),44 (14:20),,,,,,129
36,shaun kelly & Gary Hamilton,ATHX GLASGOW 2026,United Kingdom 🇬🇧,2026,Male,ATHX,Overall,54 (728KG),43 (9.481KM),33 (14:00),,,,,,130
37,Cameron Robb & Douglas McLeod,ATHX GLASGOW 2026,United Kingdom 🇬🇧,2026,Male,ATHX,Overall,73 (693KG),32 (9.708KM),31 (13:55),,,,,,136
38,Pete Berrett & Juan Aponte Dubois,ATHX GLASGOW 2026,United Kingdom 🇬🇧,2026,Male,ATHX,Overall,66 (700KG),39 (9.648KM),32 (13:56),,,,,,137
39,Barry McConnochie & Uldis Lapsins,ATHX GLASGOW 2026,United Kingdom 🇬🇧,2026,Male,ATHX,Overall,56 (725KG),37 (9.671KM),46 (14:40),,,,,,139
40,Jack Mcknight & Luke Kelly,ATHX GLASGOW 2026,United Kingdom 🇬🇧,2026,Male,ATHX,Overall,98 (620KG),24 (9.83KM),19 (13:03),,,,,,141
41,Darren Meikle & Chris Jackson,ATHX GLASGOW 2026,United Kingdom 🇬🇧,2026,Male,ATHX,Overall,84 (650KG),21 (9.912KM),37 (14:07),,,,,,142
41,Daniel McBride & Billy Hutchison,ATHX GLASGOW 2026,United Kingdom 🇬🇧,2026,Male,ATHX,Overall,21 (821KG),69 (9.073KM),52 (14:59),,,,,,142
43,David Ross & Rudie Mcmahon,ATHX GLASGOW 2026,United Kingdom 🇬🇧,2026,Male,ATHX,Overall,18 (845KG),60 (9.182KM),69 (15:48),,,,,,147
44,David Martin & Stephen Brown,ATHX GLASGOW 2026,United Kingdom 🇬🇧,2026,Male,ATHX,Overall,40 (765KG),46 (9.427KM),62 (15:25),,,,,,148
44,Daniel Stevenson & Jamie Ingledew,ATHX GLASGOW 2026,United Kingdom 🇬🇧,2026,Male,ATHX,Overall,33 (783KG),59 (9.203KM),56 (15:07),,,,,,148
46,Matthew Bowater & Robbie Mcallister,ATHX GLASGOW 2026,United Kingdom 🇬🇧,2026,Male,ATHX,Overall,95 (626KG),18 (9.923KM),45 (14:21),,,,,,158
47,Jonathan Upward & Alfie Dobinson,ATHX GLASGOW 2026,United Kingdom 🇬🇧,2026,Male,ATHX,Overall,45 (755KG),74 (8.966KM),40 (14:10),,,,,,159
48,Simon Shaw & John McAleavey,ATHX GLASGOW 2026,United Kingdom 🇬🇧,2026,Male,ATHX,Overall,69 (698KG),51 (9.343KM),40 (14:10),,,,,,160
49,liam healy & Shaun Healy,ATHX GLASGOW 2026,United Kingdom 🇬🇧,2026,Male,ATHX,Overall,5 (930KG),105 (8.485KM),53 (15:02),,,,,,163
50,Robinson Joe & Chris Robinson,ATHX GLASGOW 2026,United Kingdom 🇬🇧,2026,Male,ATHX,Overall,1 (955KG),70 (9.026KM),96 (17:22),,,,,,167
51,Steven Mckeown & David McPhail,ATHX GLASGOW 2026,United Kingdom 🇬🇧,2026,Male,ATHX,Overall,47 (750KG),71 (9.02KM),50 (14:45),,,,,,168
52,Mark Hartnett-Morgan & Graeme Davidson,ATHX GLASGOW 2026,United Kingdom 🇬🇧,2026,Male,ATHX,Overall,88 (640KG),35 (9.677KM),47 (14:41),,,,,,170
53,Logan Stoney & Sean Mackinnon,ATHX GLASGOW 2026,United Kingdom 🇬🇧,2026,Male,ATHX,Overall,104 (601KG),41 (9.533KM),26 (13:33),,,,,,171
54,Alan McRae & Andy Coffey,ATHX GLASGOW 2026,United Kingdom 🇬🇧,2026,Male,ATHX,Overall,88 (640KG),42 (9.495KM),42 (14:11),,,,,,172
54,Ruri Kinsella & Mark Harkins,ATHX GLASGOW 2026,United Kingdom 🇬🇧,2026,Male,ATHX,Overall,49 (741KG),80 (8.9KM),43 (14:15),,,,,,172
56,Yunus Ali & Sam Warwick,ATHX GLASGOW 2026,United Kingdom 🇬🇧,2026,Male,ATHX,Overall,19 (828KG),85 (8.843KM),69 (15:48),,,,,,173
57,Jay Kelly & Josh Simpson,ATHX GLASGOW 2026,United Kingdom 🇬🇧,2026,Male,ATHX,Overall,91 (635KG),22 (9.843KM),63 (15:27),,,,,,176
57,William Clarke & Ross Archibald,ATHX GLASGOW 2026,United Kingdom 🇬🇧,2026,Male,ATHX,Overall,26 (810KG),86 (8.84KM),64 (15:30),,,,,,176
59,martyn grocott & Matt Johansson,ATHX GLASGOW 2026,United Kingdom 🇬🇧,2026,Male,ATHX,Overall,56 (725KG),75 (8.953KM),51 (14:47),,,,,,182
60,Domenico Venditto & Marco Cammarano,ATHX GLASGOW 2026,United Kingdom 🇬🇧,2026,Male,ATHX,Overall,102 (610KG),33 (9.703KM),49 (14:43),,,,,,184
61,Mark Roe & Alistair Maag,ATHX GLASGOW 2026,United Kingdom 🇬🇧,2026,Male,ATHX,Overall,1 (955KG),106 (8.48KM),78 (16:21),,,,,,185
62,Josh Marshall & Ben Coldwell,ATHX GLASGOW 2026,United Kingdom 🇬🇧,2026,Male,ATHX,Overall,64 (710KG),57 (9.215KM),66 (15:42),,,,,,187
63,Steven McNeil & Robbie McLaren,ATHX GLASGOW 2026,United Kingdom 🇬🇧,2026,Male,ATHX,Overall,88 (640KG),48 (9.387KM),54 (15:05),,,,,,190
64,Scott Mitchell & Scott Davidson,ATHX GLASGOW 2026,United Kingdom 🇬🇧,2026,Male,ATHX,Overall,114 (555KG),6 (10.17KM),71 (15:54),,,,,,191
65,Lewis Jones & Mitch Carr,ATHX GLASGOW 2026,United Kingdom 🇬🇧,2026,Male,ATHX,Overall,62 (711KG),77 (8.949KM),56 (15:07),,,,,,195
66,Gabriel Quinn & Zayne Cloete,ATHX GLASGOW 2026,United Kingdom 🇬🇧,2026,Male,ATHX,Overall,46 (754KG),72 (8.992KM),80 (16:24),,,,,,198
67,Stewart Mccombe & Bobby Morrell,ATHX GLASGOW 2026,United Kingdom 🇬🇧,2026,Male,ATHX,Overall,83 (653KG),61 (9.177KM),58 (15:10),,,,,,202
68,Liam Jones & Alex Reed,ATHX GLASGOW 2026,United Kingdom 🇬🇧,2026,Male,ATHX,Overall,70 (695KG),68 (9.1KM),65 (15:31),,,,,,203
69,Grant Davidson & Christopher Foulkes,ATHX GLASGOW 2026,United Kingdom 🇬🇧,2026,Male,ATHX,Overall,87 (642KG),58 (9.21KM),60 (15:18),,,,,,205
70,Richard Cook & Nick Chandler,ATHX GLASGOW 2026,United Kingdom 🇬🇧,2026,Male,ATHX,Overall,70 (695KG),63 (9.16KM),76 (16:15),,,,,,209
71,Darren Marshall & Liam Stubbs,ATHX GLASGOW 2026,United Kingdom 🇬🇧,2026,Male,ATHX,Overall,23 (820KG),102 (8.599KM),86 (16:38),,,,,,211
71,JONATHAN WRIGHT & Alberto Gonzalez,ATHX GLASGOW 2026,United Kingdom 🇬🇧,2026,Male,ATHX,Overall,86 (645KG),107 (8.475KM),18 (13:01),,,,,,211
73,Jamie Horton & Craig Robertson,ATHX GLASGOW 2026,United Kingdom 🇬🇧,2026,Male,ATHX,Overall,78 (665KG),62 (9.161KM),72 (15:55),,,,,,212
74,Matthew Belot & Joe McKillion,ATHX GLASGOW 2026,United Kingdom 🇬🇧,2026,Male,ATHX,Overall,77 (673KG),55 (9.229KM),81 (16:26),,,,,,213
75,James Collinge & Lewis Newstead,ATHX GLASGOW 2026,United Kingdom 🇬🇧,2026,Male,ATHX,Overall,40 (765KG),91 (8.793KM),83 (16:30),,,,,,214
76,Scott Ferguson & Cole Lamberton,ATHX GLASGOW 2026,United Kingdom 🇬🇧,2026,Male,ATHX,Overall,13 (865KG),109 (8.44KM),93 (17:11),,,,,,215
77,Darren Proudfoot & Declan Day,ATHX GLASGOW 2026,United Kingdom 🇬🇧,2026,Male,ATHX,Overall,66 (700KG),92 (8.78KM),59 (15:16),,,,,,217
78,Joshua James & Mark Slater,ATHX GLASGOW 2026,United Kingdom 🇬🇧,2026,Male,ATHX,Overall,80 (660KG),55 (9.229KM),83 (16:30),,,,,,218
79,Steve Scott & Lewis Roden,ATHX GLASGOW 2026,United Kingdom 🇬🇧,2026,Male,ATHX,Overall,49 (741KG),78 (8.933KM),95 (17:21),,,,,,222
80,Jamie Stone & Kieran Small,ATHX GLASGOW 2026,United Kingdom 🇬🇧,2026,Male,ATHX,Overall,53 (733KG),83 (8.862KM),87 (16:44),,,,,,223
81,Perry Andrews & Laurence Pannell,ATHX GLASGOW 2026,United Kingdom 🇬🇧,2026,Male,ATHX,Overall,105 (600KG),52 (9.309KM),68 (15:47),,,,,,225
82,Ryan Tomasulo & Fraser Sayers,ATHX GLASGOW 2026,United Kingdom 🇬🇧,2026,Male,ATHX,Overall,38 (771KG),95 (8.771KM),99 (17:35),,,,,,232
83,Reuben Stuart & James Johnston,ATHX GLASGOW 2026,United Kingdom 🇬🇧,2026,Male,ATHX,Overall,9 (880KG),123 (7.12KM),102 (17:56),,,,,,234
84,Taylor Stephens & Charlie Thompson,ATHX GLASGOW 2026,United Kingdom 🇬🇧,2026,Male,ATHX,Overall,59 (718KG),103 (8.565KM),73 (15:57),,,,,,235
84,Harry Esson & Kian Gallacher,ATHX GLASGOW 2026,United Kingdom 🇬🇧,2026,Male,ATHX,Overall,120 (500KG),19 (9.919KM),96 (17:22),,,,,,235
86,Gary Maitles & Graeme Allan,ATHX GLASGOW 2026,United Kingdom 🇬🇧,2026,Male,ATHX,Overall,85 (648KG),44 (9.476KM),108 (18:51),,,,,,237
87,Anil Gupta & Rob Pope,ATHX GLASGOW 2026,United Kingdom 🇬🇧,2026,Male,ATHX,Overall,74 (685KG),93 (8.773KM),75 (16:08),,,,,,242
88,Declan Holland & jamie ford,ATHX GLASGOW 2026,United Kingdom 🇬🇧,2026,Male,ATHX,Overall,107 (573KG),47 (9.41KM),98 (17:32),,,,,,252
88,Gary Wilson & BRYAN KIRK,ATHX GLASGOW 2026,United Kingdom 🇬🇧,2026,Male,ATHX,Overall,70 (695KG),82 (8.88KM),100 (17:52),,,,,,252
90,Marc Smith & Steven Provan,ATHX GLASGOW 2026,United Kingdom 🇬🇧,2026,Male,ATHX,Overall,96 (625KG),64 (9.137KM),94 (17:17),,,,,,254
91,Carl Lafferty & Al Barnes,ATHX GLASGOW 2026,United Kingdom 🇬🇧,2026,Male,ATHX,Overall,98 (620KG),67 (9.112KM),90 (17:04),,,,,,255
92,Daniel Fearn & Sam Seddon,ATHX GLASGOW 2026,United Kingdom 🇬🇧,2026,Male,ATHX,Overall,91 (635KG),84 (8.847KM),81 (16:26),,,,,,256
93,Alasdair McCruden & Angus Duffy,ATHX GLASGOW 2026,United Kingdom 🇬🇧,2026,Male,ATHX,Overall,115 (553KG),54 (9.245KM),89 (16:54),,,,,,258
94,Martin Pursley & Andy McGhee,ATHX GLASGOW 2026,United Kingdom 🇬🇧,2026,Male,ATHX,Overall,96 (625KG),97 (8.742KM),66 (15:42),,,,,,259
94,Rich Fella & Rick Smith,ATHX GLASGOW 2026,United Kingdom 🇬🇧,2026,Male,ATHX,Overall,79 (661KG),88 (8.807KM),92 (17:07),,,,,,259
96,Mark Stuart & Andrew Macmaster,ATHX GLASGOW 2026,United Kingdom 🇬🇧,2026,Male,ATHX,Overall,80 (660KG),104 (8.516KM),77 (16:16),,,,,,261
97,Andrew Reilly & Calum Johnston,ATHX GLASGOW 2026,United Kingdom 🇬🇧,2026,Male,ATHX,Overall,103 (608KG),81 (8.885KM),79 (16:22),,,,,,263
98,Gavin Bon & Richard Pargeter,ATHX GLASGOW 2026,United Kingdom 🇬🇧,2026,Male,ATHX,Overall,48 (748KG),115 (8.215KM),101 (17:55),,,,,,264
99,Chris McInnes & Mark McInnes,ATHX GLASGOW 2026,United Kingdom 🇬🇧,2026,Male,ATHX,Overall,111 (560KG),65 (9.123KM),91 (17:06),,,,,,267
100,Usman Javed & Ummair Aslam,ATHX GLASGOW 2026,United Kingdom 🇬🇧,2026,Male,ATHX,Overall,62 (711KG),93 (8.773KM),114 (19:35),,,,,,269
101,Jaimie Bell & Jonny Keenan,ATHX GLASGOW 2026,United Kingdom 🇬🇧,2026,Male,ATHX,Overall,93 (628KG),89 (8.798KM),88 (16:47),,,,,,270
101,Calum Lazenby & Giovanni Rossi,ATHX GLASGOW 2026,United Kingdom 🇬🇧,2026,Male,ATHX,Overall,65 (705KG),98 (8.73KM),107 (18:37),,,,,,270
103,Sam Thompkins & Mark Thompkins,ATHX GLASGOW 2026,United Kingdom 🇬🇧,2026,Male,ATHX,Overall,43 (760KG),116 (8.143KM),112 (19:22),,,,,,271
104,Colin MacColl & David Garden,ATHX GLASGOW 2026,United Kingdom 🇬🇧,2026,Male,ATHX,Overall,60 (715KG),113 (8.228KM),105 (18:26),,,,,,278
105,Tony Watson & Dylan Grundy,ATHX GLASGOW 2026,United Kingdom 🇬🇧,2026,Male,ATHX,Overall,106 (583KG),99 (8.707KM),74 (16:04),,,,,,279
106,Martin Dempster & Irfan Ahmad,ATHX GLASGOW 2026,United Kingdom 🇬🇧,2026,Male,ATHX,Overall,66 (700KG),100 (8.666KM),124 (24:25),,,,,,290
106,Daniel Mclean & Gregor Henderson,ATHX GLASGOW 2026,United Kingdom 🇬🇧,2026,Male,ATHX,Overall,108 (571KG),79 (8.929KM),103 (18:00),,,,,,290
108,Dean Darroch & Stephen Haddow,ATHX GLASGOW 2026,United Kingdom 🇬🇧,2026,Male,ATHX,Overall,51 (735KG),120 (7.985KM),121 (22:57),,,,,,292
109,Mike Craig & Richard Reid,ATHX GLASGOW 2026,United Kingdom 🇬🇧,2026,Male,ATHX,Overall,101 (611KG),90 (8.794KM),104 (18:17),,,,,,295
109,Matthew Corner & Robert Corner,ATHX GLASGOW 2026,United Kingdom 🇬🇧,2026,Male,ATHX,Overall,74 (685KG),112 (8.274KM),109 (18:58),,,,,,295
111,Steven Smith & Ross Anderson,ATHX GLASGOW 2026,United Kingdom 🇬🇧,2026,Male,ATHX,Overall,117 (536KG),96 (8.754KM),85 (16:31),,,,,,298
112,Shay Needham & Ashley Simpson,ATHX GLASGOW 2026,United Kingdom 🇬🇧,2026,Male,ATHX,Overall,122 (445KG),73 (8.987KM),113 (19:28),,,,,,308
113,Darren Macintyre & Jack Paterson,ATHX GLASGOW 2026,United Kingdom 🇬🇧,2026,Male,ATHX,Overall,108 (571KG),87 (8.814KM),115 (20:30),,,,,,310
114,Chris Emmott-Mangnall & Chris MacInnes,ATHX GLASGOW 2026,United Kingdom 🇬🇧,2026,Male,ATHX,Overall,100 (615KG),117 (8.122KM),106 (18:32),,,,,,323
115,Jonathan Mackay & Stephen Meek,ATHX GLASGOW 2026,United Kingdom 🇬🇧,2026,Male,ATHX,Overall,121 (480KG),101 (8.665KM),110 (19:02),,,,,,332
116,Lawrence Munro & Scott MacKintosh,ATHX GLASGOW 2026,United Kingdom 🇬🇧,2026,Male,ATHX,Overall,93 (628KG),122 (7.765KM),120 (22:24),,,,,,335
117,stephen phillips & James Richardson,ATHX GLASGOW 2026,United Kingdom 🇬🇧,2026,Male,ATHX,Overall,110 (570KG),110 (8.39KM),116 (20:31),,,,,,336
118,Simon Shiels & Mike Shiels,ATHX GLASGOW 2026,United Kingdom 🇬🇧,2026,Male,ATHX,Overall,113 (556KG),118 (8.097KM),111 (19:13),,,,,,342
119,Mark Sweeney & Patrick Sweeney,ATHX GLASGOW 2026,United Kingdom 🇬🇧,2026,Male,ATHX,Overall,118 (525KG),111 (8.365KM),117 (21:15),,,,,,346
120,Stephen Moore & Chris McDade,ATHX GLASGOW 2026,United Kingdom 🇬🇧,2026,Male,ATHX,Overall,119 (521KG),114 (8.224KM),119 (22:19),,,,,,352
121,Sam Davies & John Charles,ATHX GLASGOW 2026,United Kingdom 🇬🇧,2026,Male,ATHX,Overall,116 (543KG),119 (8.027KM),118 (21:17),,,,,,353
121,Dominic Shevlane & Harry Keough,ATHX GLASGOW 2026,United Kingdom 🇬🇧,2026,Male,ATHX,Overall,123 (376KG),108 (8.444KM),122 (23:01),,,,,,353
123,Andy Dewsbury & Tom Elvin,ATHX GLASGOW 2026,United Kingdom 🇬🇧,2026,Male,ATHX,Overall,111 (560KG),121 (7.866KM),123 (24:15),,,,,,355
1,Maya Halliday & Cara Halliday,ATHX GLASGOW 2026,United Kingdom 🇬🇧,2026,Female,ATHX Pro,Overall,2 (568KG),1 (9.263KM),1 (15:06),,,,,,4
2,Kat Wilson & Ruth Davidson,ATHX GLASGOW 2026,United Kingdom 🇬🇧,2026,Female,ATHX Pro,Overall,4 (554KG),4 (9.069KM),2 (15:55),,,,,,10
3,Demi Reid & Stella Bartram,ATHX GLASGOW 2026,United Kingdom 🇬🇧,2026,Female,ATHX Pro,Overall,3 (566KG),3 (9.098KM),4 (16:40),,,,,,10
4,Fern Stephenson & Abby Cass,ATHX GLASGOW 2026,United Kingdom 🇬🇧,2026,Female,ATHX Pro,Overall,8 (516KG),2 (9.251KM),3 (16:29),,,,,,13
5,Kim Frew & Katey Turner,ATHX GLASGOW 2026,United Kingdom 🇬🇧,2026,Female,ATHX Pro,Overall,1 (588KG),7 (8.904KM),6 (18:16),,,,,,14
6,Eilidh Breslin & Kirstin Thom,ATHX GLASGOW 2026,United Kingdom 🇬🇧,2026,Female,ATHX Pro,Overall,5 (523KG),6 (8.962KM),5 (17:06),,,,,,16
7,Beth Forrester & Sarah Moody,ATHX GLASGOW 2026,United Kingdom 🇬🇧,2026,Female,ATHX Pro,Overall,5 (523KG),5 (9.057KM),7 (19:07),,,,,,17
8,Chloe Sikiniotis & Miranda Stitt,ATHX GLASGOW 2026,United Kingdom 🇬🇧,2026,Female,ATHX Pro,Overall,7 (518KG),11 (8.438KM),9 (19:17),,,,,,27
9,Lauren Gane & Hannah Burns,ATHX GLASGOW 2026,United Kingdom 🇬🇧,2026,Female,ATHX Pro,Overall,13 (468KG),8 (8.769KM),10 (19:43),,,,,,31
10,Kim Lole & Elisha Scott,ATHX GLASGOW 2026,United Kingdom 🇬🇧,2026,Female,ATHX Pro,Overall,9 (495KG),12 (8.405KM),12 (20:48),,,,,,33
10,Rocio Pias & Sandra pérez,ATHX GLASGOW 2026,United Kingdom 🇬🇧,2026,Female,ATHX Pro,Overall,11 (480KG),14 (8.198KM),8 (19:09),,,,,,33
12,Pat Abello & Sofie Koekoek,ATHX GLASGOW 2026,United Kingdom 🇬🇧,2026,Female,ATHX Pro,Overall,15 (458KG),9 (8.62KM),11 (19:49),,,,,,35
13,Gail Aitken & Carol Fraser,ATHX GLASGOW 2026,United Kingdom 🇬🇧,2026,Female,ATHX Pro,Overall,10 (485KG),13 (8.383KM),13 (21:03),,,,,,36
14,Anna Morcos & Siobhan McQueen,ATHX GLASGOW 2026,United Kingdom 🇬🇧,2026,Female,ATHX Pro,Overall,14 (461KG),10 (8.465KM),15 (21:52),,,,,,39
15,Taylor James & Emma Ireland,ATHX GLASGOW 2026,United Kingdom 🇬🇧,2026,Female,ATHX Pro,Overall,12 (473KG),15 (7.895KM),14 (21:18),,,,,,41
1,Harry Friar & Ollie Boreham,ATHX GLASGOW 2026,United Kingdom 🇬🇧,2026,Male,ATHX Lite,MetCon X,,,12:42,,,,,,1
2,Jordan Scott & Ryan Anderson,ATHX GLASGOW 2026,United Kingdom 🇬🇧,2026,Male,ATHX Lite,MetCon X,,,12:45,,,,,,2
3,steven gilchrist & Stuart Cameron,ATHX GLASGOW 2026,United Kingdom 🇬🇧,2026,Male,ATHX Lite,MetCon X,,,12:49,,,,,,3
4,Stuart Leatherbarrow & Martin Spence,ATHX GLASGOW 2026,United Kingdom 🇬🇧,2026,Male,ATHX Lite,MetCon X,,,13:11,,,,,,4
5,Ian Campbell & Charlie Jee,ATHX GLASGOW 2026,United Kingdom 🇬🇧,2026,Male,ATHX Lite,MetCon X,,,13:27,,,,,,5
6,Ignacio Medina Marchant & Duncan Collard,ATHX GLASGOW 2026,United Kingdom 🇬🇧,2026,Male,ATHX Lite,MetCon X,,,16:53,,,,,,6
7,Neil Thompson & Peter Armitage-Scott,ATHX GLASGOW 2026,United Kingdom 🇬🇧,2026,Male,ATHX Lite,MetCon X,,,18:58,,,,,,7
8,Stefan O'Connor & Gary Elwin,ATHX GLASGOW 2026,United Kingdom 🇬🇧,2026,Male,ATHX Lite,MetCon X,,,19:01,,,,,,8
1,Charles rankin & Maddy Furnival,ATHX GLASGOW 2026,United Kingdom 🇬🇧,2026,Mixed,ATHX Pro,Overall,1 (785KG),2 (10.085KM),1 (13:07),,,,,,4
2,Megan Cunningham & David McNeilage,ATHX GLASGOW 2026,United Kingdom 🇬🇧,2026,Mixed,ATHX Pro,Overall,4 (683KG),1 (10.115KM),3 (15:04),,,,,,8
3,Imogen Farrell & Patrick Farrell,ATHX GLASGOW 2026,United Kingdom 🇬🇧,2026,Mixed,ATHX Pro,Overall,5 (649KG),3 (9.767KM),2 (14:56),,,,,,10
4,Rory Monks & Rachael Monks,ATHX GLASGOW 2026,United Kingdom 🇬🇧,2026,Mixed,ATHX Pro,Overall,2 (713KG),6 (9.424KM),4 (15:09),,,,,,12
5,Maxine McCue & Connor Russell,ATHX GLASGOW 2026,United Kingdom 🇬🇧,2026,Mixed,ATHX Pro,Overall,7 (570KG),5 (9.673KM),5 (16:10),,,,,,17
6,Emma Woodward & Rhys Livingstone,ATHX GLASGOW 2026,United Kingdom 🇬🇧,2026,Mixed,ATHX Pro,Overall,3 (695KG),8 (8.811KM),7 (17:39),,,,,,18
7,Eilidh MacInnes-Devine & Kieran MacInnes,ATHX GLASGOW 2026,United Kingdom 🇬🇧,2026,Mixed,ATHX Pro,Overall,6 (633KG),7 (8.976KM),6 (17:35),,,,,,19
8,Petra Menhart & Jamie Kelly,ATHX GLASGOW 2026,United Kingdom 🇬🇧,2026,Mixed,ATHX Pro,Overall,9 (543KG),4 (9.74KM),8 (19:05),,,,,,21
9,Patrick O'Brien & Fatemeh Maleki,ATHX GLASGOW 2026,United Kingdom 🇬🇧,2026,Mixed,ATHX Pro,Overall,8 (558KG),10 (8.721KM),9 (19:23),,,,,,27
10,Sophia Perez Monzon & Gennaro Rossi,ATHX GLASGOW 2026,United Kingdom 🇬🇧,2026,Mixed,ATHX Pro,Overall,10 (520KG),9 (8.722KM),10 (20:58),,,,,,29
1,Lynsey Robison & Emma Telfer,ATHX GLASGOW 2026,United Kingdom 🇬🇧,2026,Female,ATHX,MetCon X,,,13:41,,,,,,1
2,Molly Whelan & Orla Livingston,ATHX GLASGOW 2026,United Kingdom 🇬🇧,2026,Female,ATHX,MetCon X,,,14:28,,,,,,2
3,Rachael McDougall & Charlotte Wildman,ATHX GLASGOW 2026,United Kingdom 🇬🇧,2026,Female,ATHX,MetCon X,,,15:03,,,,,,3
4,Katlyn Hughes & Ellie Wallace,ATHX GLASGOW 2026,United Kingdom 🇬🇧,2026,Female,ATHX,MetCon X,,,15:04,,,,,,4
4,Anna Wright & Megan Fleming,ATHX GLASGOW 2026,United Kingdom 🇬🇧,2026,Female,ATHX,MetCon X,,,15:04,,,,,,4
6,Hannah Macgregor & Emily Clark,ATHX GLASGOW 2026,United Kingdom 🇬🇧,2026,Female,ATHX,MetCon X,,,15:23,,,,,,6
6,Roberta Gallacher & Claire Hyslop,ATHX GLASGOW 2026,United Kingdom 🇬🇧,2026,Female,ATHX,MetCon X,,,15:23,,,,,,6
8,Niamh Mcnally & Brenna Cruickshank,ATHX GLASGOW 2026,United Kingdom 🇬🇧,2026,Female,ATHX,MetCon X,,,15:24,,,,,,8
9,Sophie Jolly & Angela Wilson,ATHX GLASGOW 2026,United Kingdom 🇬🇧,2026,Female,ATHX,MetCon X,,,15:33,,,,,,9
10,Hannah Anderson & Hannah Forrest,ATHX GLASGOW 2026,United Kingdom 🇬🇧,2026,Female,ATHX,MetCon X,,,15:36,,,,,,10
11,Hannah Hamilton & Mia McDowell,ATHX GLASGOW 2026,United Kingdom 🇬🇧,2026,Female,ATHX,MetCon X,,,15:42,,,,,,11
12,Joda Quigley & Paige Wells,ATHX GLASGOW 2026,United Kingdom 🇬🇧,2026,Female,ATHX,MetCon X,,,15:47,,,,,,12
12,Charley McCourt & Stephanie Baggs,ATHX GLASGOW 2026,United Kingdom 🇬🇧,2026,Female,ATHX,MetCon X,,,15:47,,,,,,12
14,Alix Johnston & Morgan Smith,ATHX GLASGOW 2026,United Kingdom 🇬🇧,2026,Female,ATHX,MetCon X,,,15:50,,,,,,14
15,Abby Hilton & Kat Scott,ATHX GLASGOW 2026,United Kingdom 🇬🇧,2026,Female,ATHX,MetCon X,,,15:52,,,,,,15
16,sophie smith & Laura Seggie,ATHX GLASGOW 2026,United Kingdom 🇬🇧,2026,Female,ATHX,MetCon X,,,15:54,,,,,,16
17,Charli Shand & Louise Beattie,ATHX GLASGOW 2026,United Kingdom 🇬🇧,2026,Female,ATHX,MetCon X,,,15:56,,,,,,17
18,Clarrie Murdoch & Eilidh McGillivray,ATHX GLASGOW 2026,United Kingdom 🇬🇧,2026,Female,ATHX,MetCon X,,,15:58,,,,,,18
19,Sophie Piper & Abi Everett,ATHX GLASGOW 2026,United Kingdom 🇬🇧,2026,Female,ATHX,MetCon X,,,16:04,,,,,,19
20,Kristi Barr & Claire Cochrane,ATHX GLASGOW 2026,United Kingdom 🇬🇧,2026,Female,ATHX,MetCon X,,,16:12,,,,,,20
21,Holly Scott & Ella Childs,ATHX GLASGOW 2026,United Kingdom 🇬🇧,2026,Female,ATHX,MetCon X,,,16:15,,,,,,21
22,Claire Mackie & Natasha Hunter,ATHX GLASGOW 2026,United Kingdom 🇬🇧,2026,Female,ATHX,MetCon X,,,16:22,,,,,,22
22,Lucy Tomlinson & Megan Arnott,ATHX GLASGOW 2026,United Kingdom 🇬🇧,2026,Female,ATHX,MetCon X,,,16:22,,,,,,22
24,Lacey Morrison & Amanda Scott,ATHX GLASGOW 2026,United Kingdom 🇬🇧,2026,Female,ATHX,MetCon X,,,16:26,,,,,,24
25,Wiktoria Bakula & Flora Davis,ATHX GLASGOW 2026,United Kingdom 🇬🇧,2026,Female,ATHX,MetCon X,,,16:30,,,,,,25
26,Erin Cline & Rachael Gilmour,ATHX GLASGOW 2026,United Kingdom 🇬🇧,2026,Female,ATHX,MetCon X,,,16:31,,,,,,26
26,Julie Stevenson & Caroline Morris,ATHX GLASGOW 2026,United Kingdom 🇬🇧,2026,Female,ATHX,MetCon X,,,16:31,,,,,,26
28,Johanna Basford & Ruth McArthur,ATHX GLASGOW 2026,United Kingdom 🇬🇧,2026,Female,ATHX,MetCon X,,,16:40,,,,,,28
29,Aman Shergill & Catriona James,ATHX GLASGOW 2026,United Kingdom 🇬🇧,2026,Female,ATHX,MetCon X,,,16:43,,,,,,29
30,Jennifer Leslie & Zoe Bannerman,ATHX GLASGOW 2026,United Kingdom 🇬🇧,2026,Female,ATHX,MetCon X,,,16:49,,,,,,30
31,Lianne Wallace & Kimberley Beaton,ATHX GLASGOW 2026,United Kingdom 🇬🇧,2026,Female,ATHX,MetCon X,,,16:53,,,,,,31
32,Yvonne Miller & Fiona Halewood,ATHX GLASGOW 2026,United Kingdom 🇬🇧,2026,Female,ATHX,MetCon X,,,16:54,,,,,,32
33,Lisa Charters & Mallory Robertson,ATHX GLASGOW 2026,United Kingdom 🇬🇧,2026,Female,ATHX,MetCon X,,,17:03,,,,,,33
34,Emma Paterson & Emma Mackison,ATHX GLASGOW 2026,United Kingdom 🇬🇧,2026,Female,ATHX,MetCon X,,,17:04,,,,,,34
35,Sarah Baden & Kayleigh Roberts,ATHX GLASGOW 2026,United Kingdom 🇬🇧,2026,Female,ATHX,MetCon X,,,17:05,,,,,,35
36,Nicole Totty & Molly Scott,ATHX GLASGOW 2026,United Kingdom 🇬🇧,2026,Female,ATHX,MetCon X,,,17:10,,,,,,36
37,Caitlyn Simpson & Lauren Waterhouse,ATHX GLASGOW 2026,United Kingdom 🇬🇧,2026,Female,ATHX,MetCon X,,,17:20,,,,,,37
38,Hannah Ross & Shona Mcbean-kyle,ATHX GLASGOW 2026,United Kingdom 🇬🇧,2026,Female,ATHX,MetCon X,,,17:25,,,,,,38
39,Ellis Stewart & Caitlin McCafferty,ATHX GLASGOW 2026,United Kingdom 🇬🇧,2026,Female,ATHX,MetCon X,,,17:32,,,,,,39
39,Jen Armstrong & Jordyn Armstrong,ATHX GLASGOW 2026,United Kingdom 🇬🇧,2026,Female,ATHX,MetCon X,,,17:32,,,,,,39
41,Kimberley Martin & Zoe Duncan,ATHX GLASGOW 2026,United Kingdom 🇬🇧,2026,Female,ATHX,MetCon X,,,17:34,,,,,,41
42,Leeann Mcleod & Jo Campbell,ATHX GLASGOW 2026,United Kingdom 🇬🇧,2026,Female,ATHX,MetCon X,,,17:38,,,,,,42
43,Lauren McCulloch & Eilidh Duncan,ATHX GLASGOW 2026,United Kingdom 🇬🇧,2026,Female,ATHX,MetCon X,,,17:40,,,,,,43
44,Rebecca Marshall & nicole Hunter,ATHX GLASGOW 2026,United Kingdom 🇬🇧,2026,Female,ATHX,MetCon X,,,17:42,,,,,,44
45,Laura Rennie & Eve Harris,ATHX GLASGOW 2026,United Kingdom 🇬🇧,2026,Female,ATHX,MetCon X,,,17:46,,,,,,45
46,Yasmin Perry & Beatrice Hertel,ATHX GLASGOW 2026,United Kingdom 🇬🇧,2026,Female,ATHX,MetCon X,,,17:47,,,,,,46
46,Hollie Young & Jennifer Park,ATHX GLASGOW 2026,United Kingdom 🇬🇧,2026,Female,ATHX,MetCon X,,,17:47,,,,,,46
48,Darcy Minnes & Kate Allan,ATHX GLASGOW 2026,United Kingdom 🇬🇧,2026,Female,ATHX,MetCon X,,,17:54,,,,,,48
49,Kristin Donnachie & Cairney McCabe,ATHX GLASGOW 2026,United Kingdom 🇬🇧,2026,Female,ATHX,MetCon X,,,18:02,,,,,,49
50,Simone Laverick & Cora Flood,ATHX GLASGOW 2026,United Kingdom 🇬🇧,2026,Female,ATHX,MetCon X,,,18:09,,,,,,50
51,Natalie McDowall & Lauren Nisbet,ATHX GLASGOW 2026,United Kingdom 🇬🇧,2026,Female,ATHX,MetCon X,,,18:16,,,,,,51
52,Sophie Porteous & Tara Reid,ATHX GLASGOW 2026,United Kingdom 🇬🇧,2026,Female,ATHX,MetCon X,,,18:18,,,,,,52
52,Laura Hall & Christine Little,ATHX GLASGOW 2026,United Kingdom 🇬🇧,2026,Female,ATHX,MetCon X,,,18:18,,,,,,52
54,Jade Jackson-Burns & Megan Henderson,ATHX GLASGOW 2026,United Kingdom 🇬🇧,2026,Female,ATHX,MetCon X,,,18:19,,,,,,54
55,Kenna McArthur & Rachel Hough,ATHX GLASGOW 2026,United Kingdom 🇬🇧,2026,Female,ATHX,MetCon X,,,18:28,,,,,,55
55,Chrystal Matthan & Jenna Moir,ATHX GLASGOW 2026,United Kingdom 🇬🇧,2026,Female,ATHX,MetCon X,,,18:28,,,,,,55
57,Charlotte Morphet & Lisa Askins,ATHX GLASGOW 2026,United Kingdom 🇬🇧,2026,Female,ATHX,MetCon X,,,18:31,,,,,,57
58,Tieghan McMullan & kirsty mcgillivray,ATHX GLASGOW 2026,United Kingdom 🇬🇧,2026,Female,ATHX,MetCon X,,,18:33,,,,,,58
59,Clare Leader & Annie Starkey,ATHX GLASGOW 2026,United Kingdom 🇬🇧,2026,Female,ATHX,MetCon X,,,18:34,,,,,,59
60,Sophie Main & Niamh Boyle,ATHX GLASGOW 2026,United Kingdom 🇬🇧,2026,Female,ATHX,MetCon X,,,18:36,,,,,,60
60,Fiona Shaw & Denise McLaughlin,ATHX GLASGOW 2026,United Kingdom 🇬🇧,2026,Female,ATHX,MetCon X,,,18:36,,,,,,60
62,Kati Sohal & Maxine Pomeroy,ATHX GLASGOW 2026,United Kingdom 🇬🇧,2026,Female,ATHX,MetCon X,,,18:40,,,,,,62
63,Rachel Muir & Paige Anderson,ATHX GLASGOW 2026,United Kingdom 🇬🇧,2026,Female,ATHX,MetCon X,,,18:47,,,,,,63
64,Shauni de Koning & Lesley Brown,ATHX GLASGOW 2026,United Kingdom 🇬🇧,2026,Female,ATHX,MetCon X,,,18:48,,,,,,64
65,Jenny Andrew & Lorna MacInnes,ATHX GLASGOW 2026,United Kingdom 🇬🇧,2026,Female,ATHX,MetCon X,,,18:49,,,,,,65
66,Briony Melrose & Lauren Wood,ATHX GLASGOW 2026,United Kingdom 🇬🇧,2026,Female,ATHX,MetCon X,,,18:58,,,,,,66
67,Audrey Brockie & Ali Paton,ATHX GLASGOW 2026,United Kingdom 🇬🇧,2026,Female,ATHX,MetCon X,,,19:01,,,,,,67
68,Erin Johnstone & Emily Claydon,ATHX GLASGOW 2026,United Kingdom 🇬🇧,2026,Female,ATHX,MetCon X,,,19:02,,,,,,68
69,Nicole Houston & Shannon Smith,ATHX GLASGOW 2026,United Kingdom 🇬🇧,2026,Female,ATHX,MetCon X,,,19:03,,,,,,69
70,Alex Manson & Holly Trick,ATHX GLASGOW 2026,United Kingdom 🇬🇧,2026,Female,ATHX,MetCon X,,,19:06,,,,,,70
71,Kyra Fawcett & Benneta Paluca,ATHX GLASGOW 2026,United Kingdom 🇬🇧,2026,Female,ATHX,MetCon X,,,19:10,,,,,,71
72,Natalie Blakely & Brooke McLuckie,ATHX GLASGOW 2026,United Kingdom 🇬🇧,2026,Female,ATHX,MetCon X,,,19:22,,,,,,72
73,Ashley Clifford & Elspeth Peters,ATHX GLASGOW 2026,United Kingdom 🇬🇧,2026,Female,ATHX,MetCon X,,,19:24,,,,,,73
73,Lindsay Whiting & Ailie Walker,ATHX GLASGOW 2026,United Kingdom 🇬🇧,2026,Female,ATHX,MetCon X,,,19:24,,,,,,73
75,Kim Elcoate & Sian Purver,ATHX GLASGOW 2026,United Kingdom 🇬🇧,2026,Female,ATHX,MetCon X,,,19:29,,,,,,75
76,Vivian Henry & Fiona McEwan,ATHX GLASGOW 2026,United Kingdom 🇬🇧,2026,Female,ATHX,MetCon X,,,19:31,,,,,,76
77,Aileen Sinclair & Laura Taylor,ATHX GLASGOW 2026,United Kingdom 🇬🇧,2026,Female,ATHX,MetCon X,,,19:35,,,,,,77
77,Jenna Almutawa & Grace Nicoll,ATHX GLASGOW 2026,United Kingdom 🇬🇧,2026,Female,ATHX,MetCon X,,,19:35,,,,,,77
79,Louise McCoy & Stacey Mclagan,ATHX GLASGOW 2026,United Kingdom 🇬🇧,2026,Female,ATHX,MetCon X,,,19:38,,,,,,79
80,Mairead Sweeney & Ashley Stewart,ATHX GLASGOW 2026,United Kingdom 🇬🇧,2026,Female,ATHX,MetCon X,,,19:39,,,,,,80
81,Chelsea Shearer & Louise Cormack,ATHX GLASGOW 2026,United Kingdom 🇬🇧,2026,Female,ATHX,MetCon X,,,19:43,,,,,,81
82,Caroline Holmes & Amiee Lauchlan,ATHX GLASGOW 2026,United Kingdom 🇬🇧,2026,Female,ATHX,MetCon X,,,19:49,,,,,,82
83,Heather Mclaughlin & Kathryn McKerrall,ATHX GLASGOW 2026,United Kingdom 🇬🇧,2026,Female,ATHX,MetCon X,,,19:50,,,,,,83
84,Shelley Tait & Stephanie Walker,ATHX GLASGOW 2026,United Kingdom 🇬🇧,2026,Female,ATHX,MetCon X,,,19:51,,,,,,84
85,Georgina Kitenge & Zoe Pompili,ATHX GLASGOW 2026,United Kingdom 🇬🇧,2026,Female,ATHX,MetCon X,,,19:52,,,,,,85
85,Mairi McArthur & Jena Kohl,ATHX GLASGOW 2026,United Kingdom 🇬🇧,2026,Female,ATHX,MetCon X,,,19:52,,,,,,85
87,Lucy Oram & Georgia Van Embden,ATHX GLASGOW 2026,United Kingdom 🇬🇧,2026,Female,ATHX,MetCon X,,,19:54,,,,,,87
88,Rachael McGoldrick & Katie Lawrie,ATHX GLASGOW 2026,United Kingdom 🇬🇧,2026,Female,ATHX,MetCon X,,,20:00,,,,,,88
89,Eilidh Macleod & Carla Clark,ATHX GLASGOW 2026,United Kingdom 🇬🇧,2026,Female,ATHX,MetCon X,,,20:01,,,,,,89
90,Zoe Neill & Kara McCann,ATHX GLASGOW 2026,United Kingdom 🇬🇧,2026,Female,ATHX,MetCon X,,,20:02,,,,,,90
91,Montse Pazos & Louise Birrell,ATHX GLASGOW 2026,United Kingdom 🇬🇧,2026,Female,ATHX,MetCon X,,,20:04,,,,,,91
92,Kristen Thompson-Ellis & Lauren McIntosh,ATHX GLASGOW 2026,United Kingdom 🇬🇧,2026,Female,ATHX,MetCon X,,,20:06,,,,,,92
93,Christina Paterson & Michelle Ironside,ATHX GLASGOW 2026,United Kingdom 🇬🇧,2026,Female,ATHX,MetCon X,,,20:09,,,,,,93
94,Mandy Rayner & Devon Fox,ATHX GLASGOW 2026,United Kingdom 🇬🇧,2026,Female,ATHX,MetCon X,,,20:30,,,,,,94
95,Laura Coombs & Victoria Sweeney,ATHX GLASGOW 2026,United Kingdom 🇬🇧,2026,Female,ATHX,MetCon X,,,20:31,,,,,,95
96,Fiona Hunter & Nicole Wilson,ATHX GLASGOW 2026,United Kingdom 🇬🇧,2026,Female,ATHX,MetCon X,,,20:32,,,,,,96
97,Carla Bartholomew & Kirsty Sinclair,ATHX GLASGOW 2026,United Kingdom 🇬🇧,2026,Female,ATHX,MetCon X,,,20:37,,,,,,97
98,Alison Dillon & Claire Mccormack,ATHX GLASGOW 2026,United Kingdom 🇬🇧,2026,Female,ATHX,MetCon X,,,20:44,,,,,,98
99,Rachael De Luca & Becca Ross,ATHX GLASGOW 2026,United Kingdom 🇬🇧,2026,Female,ATHX,MetCon X,,,20:54,,,,,,99
100,TL Mckigen & Julie Lyle,ATHX GLASGOW 2026,United Kingdom 🇬🇧,2026,Female,ATHX,MetCon X,,,21:00,,,,,,100
101,Rachel Harrison & Julie Millar,ATHX GLASGOW 2026,United Kingdom 🇬🇧,2026,Female,ATHX,MetCon X,,,21:06,,,,,,101
102,Hannah Telling & Frances Campbell,ATHX GLASGOW 2026,United Kingdom 🇬🇧,2026,Female,ATHX,MetCon X,,,21:08,,,,,,102
103,Zara Alexander & Bethany Black,ATHX GLASGOW 2026,United Kingdom 🇬🇧,2026,Female,ATHX,MetCon X,,,21:11,,,,,,103
104,Anne-Sophie Chalmet & Karen Simpson,ATHX GLASGOW 2026,United Kingdom 🇬🇧,2026,Female,ATHX,MetCon X,,,21:13,,,,,,104
104,Elize McCulloch & Lucy Stanton,ATHX GLASGOW 2026,United Kingdom 🇬🇧,2026,Female,ATHX,MetCon X,,,21:13,,,,,,104
106,Jolene Ferguson & Mary McClung,ATHX GLASGOW 2026,United Kingdom 🇬🇧,2026,Female,ATHX,MetCon X,,,21:15,,,,,,106
107,Deanna Henderson & Lindsay Nygren,ATHX GLASGOW 2026,United Kingdom 🇬🇧,2026,Female,ATHX,MetCon X,,,21:17,,,,,,107
108,Lina Gosselin & Lauren McGuire,ATHX GLASGOW 2026,United Kingdom 🇬🇧,2026,Female,ATHX,MetCon X,,,21:24,,,,,,108
109,Nadia Hutchins & Laleh Haji,ATHX GLASGOW 2026,United Kingdom 🇬🇧,2026,Female,ATHX,MetCon X,,,21:27,,,,,,109
110,Anna Rogan & Beckie Lees,ATHX GLASGOW 2026,United Kingdom 🇬🇧,2026,Female,ATHX,MetCon X,,,21:37,,,,,,110
111,Sian Haddon & Kate Mackintosh,ATHX GLASGOW 2026,United Kingdom 🇬🇧,2026,Female,ATHX,MetCon X,,,21:38,,,,,,111
111,Erin Fullerton & Rosie Harvey,ATHX GLASGOW 2026,United Kingdom 🇬🇧,2026,Female,ATHX,MetCon X,,,21:38,,,,,,111
113,Pamela Hutchison & Chantelle Cameron,ATHX GLASGOW 2026,United Kingdom 🇬🇧,2026,Female,ATHX,MetCon X,,,21:50,,,,,,113
114,Zoe Gillespie & Nicole nicole-perkins@hotmail.co.uk,ATHX GLASGOW 2026,United Kingdom 🇬🇧,2026,Female,ATHX,MetCon X,,,21:55,,,,,,114
115,Hannah Spence & Lynsey Mcdonnell,ATHX GLASGOW 2026,United Kingdom 🇬🇧,2026,Female,ATHX,MetCon X,,,22:08,,,,,,115
116,Caroline Thomson & Lara Campana,ATHX GLASGOW 2026,United Kingdom 🇬🇧,2026,Female,ATHX,MetCon X,,,22:11,,,,,,116
117,Eilidh Scott & Emily Bell,ATHX GLASGOW 2026,United Kingdom 🇬🇧,2026,Female,ATHX,MetCon X,,,22:25,,,,,,117
118,Cori Dempster & vicki valentine,ATHX GLASGOW 2026,United Kingdom 🇬🇧,2026,Female,ATHX,MetCon X,,,22:27,,,,,,118
119,Logan Beaton & Morgan Beaton,ATHX GLASGOW 2026,United Kingdom 🇬🇧,2026,Female,ATHX,MetCon X,,,22:39,,,,,,119
120,Fiona Oberheim & Kelly Porter,ATHX GLASGOW 2026,United Kingdom 🇬🇧,2026,Female,ATHX,MetCon X,,,23:05,,,,,,120
121,Samara Croft & Caitlin Turner,ATHX GLASGOW 2026,United Kingdom 🇬🇧,2026,Female,ATHX,MetCon X,,,23:12,,,,,,121
122,Megan Ramsay & Natalie Swanson,ATHX GLASGOW 2026,United Kingdom 🇬🇧,2026,Female,ATHX,MetCon X,,,23:13,,,,,,122
123,Georgina Arksey & Laura Chappell,ATHX GLASGOW 2026,United Kingdom 🇬🇧,2026,Female,ATHX,MetCon X,,,23:33,,,,,,123
124,Louise O’Brien & Ashley Malone,ATHX GLASGOW 2026,United Kingdom 🇬🇧,2026,Female,ATHX,MetCon X,,,23:35,,,,,,124
125,Sophie Richardson & Katie Stringwell,ATHX GLASGOW 2026,United Kingdom 🇬🇧,2026,Female,ATHX,MetCon X,,,23:41,,,,,,125
126,Jessica Chen & Adjoa Shirkie,ATHX GLASGOW 2026,United Kingdom 🇬🇧,2026,Female,ATHX,MetCon X,,,23:54,,,,,,126
127,Johanna Smith & Ashleigh Mustard,ATHX GLASGOW 2026,United Kingdom 🇬🇧,2026,Female,ATHX,MetCon X,,,23:57,,,,,,127
128,Eleanor Monks & Hollie Hutchison,ATHX GLASGOW 2026,United Kingdom 🇬🇧,2026,Female,ATHX,MetCon X,,,24:06,,,,,,128
129,Sophia Herne & Amy Duckworth,ATHX GLASGOW 2026,United Kingdom 🇬🇧,2026,Female,ATHX,MetCon X,,,24:09,,,,,,129
130,Gaynor McCashey & Emma Whittingham,ATHX GLASGOW 2026,United Kingdom 🇬🇧,2026,Female,ATHX,MetCon X,,,24:24,,,,,,130
131,Marie Barrett & Gillian Wallace,ATHX GLASGOW 2026,United Kingdom 🇬🇧,2026,Female,ATHX,MetCon X,,,24:32,,,,,,131
132,Ashleigh Jenkins & Heather Douglas,ATHX GLASGOW 2026,United Kingdom 🇬🇧,2026,Female,ATHX,MetCon X,,,25:26,,,,,,132
133,Susan Campbell & Vickie de Vries,ATHX GLASGOW 2026,United Kingdom 🇬🇧,2026,Female,ATHX,MetCon X,,,25:45,,,,,,133
134,Michelle liddell & Kimberly Mcilwham,ATHX GLASGOW 2026,United Kingdom 🇬🇧,2026,Female,ATHX,MetCon X,,,26:00,,,,,,134
134,Ciara Connolly & Lisa Clancy,ATHX GLASGOW 2026,United Kingdom 🇬🇧,2026,Female,ATHX,MetCon X,,,26:00,,,,,,134
136,Farr Macdonald & Jacqueline Barclay,ATHX GLASGOW 2026,United Kingdom 🇬🇧,2026,Female,ATHX,MetCon X,,,26:10,,,,,,136
137,Clodagh Shevlane & Christie McCann,ATHX GLASGOW 2026,United Kingdom 🇬🇧,2026,Female,ATHX,MetCon X,,,31:00,,,,,,137
1,Maisey Thomas & James Beaumont,ATHX GLASGOW 2026,United Kingdom 🇬🇧,2026,Mixed,ATHX,MetCon X,,,12:23,,,,,,1
2,Lucy Lloyd & Lukasz Debek,ATHX GLASGOW 2026,United Kingdom 🇬🇧,2026,Mixed,ATHX,MetCon X,,,12:28,,,,,,2
3,Jodi Williamson & Rory Hindhaugh,ATHX GLASGOW 2026,United Kingdom 🇬🇧,2026,Mixed,ATHX,MetCon X,,,12:30,,,,,,3
4,Caitlin Mckenzie & Jack Williams,ATHX GLASGOW 2026,United Kingdom 🇬🇧,2026,Mixed,ATHX,MetCon X,,,12:33,,,,,,4
5,Ross Flockhart & Shona Harrison,ATHX GLASGOW 2026,United Kingdom 🇬🇧,2026,Mixed,ATHX,MetCon X,,,13:00,,,,,,5
6,Lucy Brundish & Ben Kimber,ATHX GLASGOW 2026,United Kingdom 🇬🇧,2026,Mixed,ATHX,MetCon X,,,13:10,,,,,,6
7,craig cameron & Francesca Cameron,ATHX GLASGOW 2026,United Kingdom 🇬🇧,2026,Mixed,ATHX,MetCon X,,,13:21,,,,,,7
8,Dom Buckley & Sarah Dagg,ATHX GLASGOW 2026,United Kingdom 🇬🇧,2026,Mixed,ATHX,MetCon X,,,13:29,,,,,,8
9,Martin Irvine & Taylor Hood,ATHX GLASGOW 2026,United Kingdom 🇬🇧,2026,Mixed,ATHX,MetCon X,,,13:49,,,,,,9
10,Jenna Low & Ryan Paxton,ATHX GLASGOW 2026,United Kingdom 🇬🇧,2026,Mixed,ATHX,MetCon X,,,13:56,,,,,,10
11,Malaika Martin & Francis Stephenson,ATHX GLASGOW 2026,United Kingdom 🇬🇧,2026,Mixed,ATHX,MetCon X,,,14:05,,,,,,11
12,Rachael Parkinson & Joe Robinson,ATHX GLASGOW 2026,United Kingdom 🇬🇧,2026,Mixed,ATHX,MetCon X,,,14:14,,,,,,12
13,Paul Dawson & Laura Chambers,ATHX GLASGOW 2026,United Kingdom 🇬🇧,2026,Mixed,ATHX,MetCon X,,,14:16,,,,,,13
14,Alexandra Sakhatova & William Hastings,ATHX GLASGOW 2026,United Kingdom 🇬🇧,2026,Mixed,ATHX,MetCon X,,,14:19,,,,,,14
15,Anthony Cheetham & Rachel Cheetham,ATHX GLASGOW 2026,United Kingdom 🇬🇧,2026,Mixed,ATHX,MetCon X,,,14:23,,,,,,15
16,Tom Hill & Louise Smith,ATHX GLASGOW 2026,United Kingdom 🇬🇧,2026,Mixed,ATHX,MetCon X,,,14:26,,,,,,16
17,Mollie Cassidy & Rhys Lowis,ATHX GLASGOW 2026,United Kingdom 🇬🇧,2026,Mixed,ATHX,MetCon X,,,14:28,,,,,,17
18,Scott Ross & Gemma Ross,ATHX GLASGOW 2026,United Kingdom 🇬🇧,2026,Mixed,ATHX,MetCon X,,,14:35,,,,,,18
19,Jasmine Smith & Jack Hedges,ATHX GLASGOW 2026,United Kingdom 🇬🇧,2026,Mixed,ATHX,MetCon X,,,14:42,,,,,,19
20,Emily McKenzie & Joshua Nutton,ATHX GLASGOW 2026,United Kingdom 🇬🇧,2026,Mixed,ATHX,MetCon X,,,14:46,,,,,,20
21,Laura Anderson & Scott Anderson,ATHX GLASGOW 2026,United Kingdom 🇬🇧,2026,Mixed,ATHX,MetCon X,,,14:48,,,,,,21
22,Ethan Running & Suzie Stuart,ATHX GLASGOW 2026,United Kingdom 🇬🇧,2026,Mixed,ATHX,MetCon X,,,14:54,,,,,,22
23,Isabel Dutton & Ryan Dudley,ATHX GLASGOW 2026,United Kingdom 🇬🇧,2026,Mixed,ATHX,MetCon X,,,14:55,,,,,,23
24,Michael Robertson & Emmerleigh Barter,ATHX GLASGOW 2026,United Kingdom 🇬🇧,2026,Mixed,ATHX,MetCon X,,,15:02,,,,,,24
24,Scott Hurn & Lianne Campbell,ATHX GLASGOW 2026,United Kingdom 🇬🇧,2026,Mixed,ATHX,MetCon X,,,15:02,,,,,,24
26,Aimee Locke & Daniel Day,ATHX GLASGOW 2026,United Kingdom 🇬🇧,2026,Mixed,ATHX,MetCon X,,,15:05,,,,,,26
27,Jordan Thomson & Becky Mazzarelli,ATHX GLASGOW 2026,United Kingdom 🇬🇧,2026,Mixed,ATHX,MetCon X,,,15:10,,,,,,27
28,Barry Stephen & Jacqui Marwick,ATHX GLASGOW 2026,United Kingdom 🇬🇧,2026,Mixed,ATHX,MetCon X,,,15:11,,,,,,28
29,Charlotte Connolly & Francis Connolly,ATHX GLASGOW 2026,United Kingdom 🇬🇧,2026,Mixed,ATHX,MetCon X,,,15:34,,,,,,29
30,David Boles & India Isles,ATHX GLASGOW 2026,United Kingdom 🇬🇧,2026,Mixed,ATHX,MetCon X,,,15:48,,,,,,30
31,Felix Melling & Naomi McMinn,ATHX GLASGOW 2026,United Kingdom 🇬🇧,2026,Mixed,ATHX,MetCon X,,,15:49,,,,,,31
32,Tim McKeown & Emily Bond,ATHX GLASGOW 2026,United Kingdom 🇬🇧,2026,Mixed,ATHX,MetCon X,,,15:52,,,,,,32
33,Dylan Diamond & ellie cassels,ATHX GLASGOW 2026,United Kingdom 🇬🇧,2026,Mixed,ATHX,MetCon X,,,15:53,,,,,,33
34,Megan Burley & Christopher Kay,ATHX GLASGOW 2026,United Kingdom 🇬🇧,2026,Mixed,ATHX,MetCon X,,,15:59,,,,,,34
35,Nicolle McBean & Gregor Bain,ATHX GLASGOW 2026,United Kingdom 🇬🇧,2026,Mixed,ATHX,MetCon X,,,16:00,,,,,,35
36,Candy Moreira & Callum Stewart,ATHX GLASGOW 2026,United Kingdom 🇬🇧,2026,Mixed,ATHX,MetCon X,,,16:11,,,,,,36
37,Jordan Reece Dunne & Farah Fonseca,ATHX GLASGOW 2026,United Kingdom 🇬🇧,2026,Mixed,ATHX,MetCon X,,,16:16,,,,,,37
38,Paul Baillie & Lisa Bailie,ATHX GLASGOW 2026,United Kingdom 🇬🇧,2026,Mixed,ATHX,MetCon X,,,16:17,,,,,,38
39,Luke Moffoot & Alanya Rigg,ATHX GLASGOW 2026,United Kingdom 🇬🇧,2026,Mixed,ATHX,MetCon X,,,16:20,,,,,,39
40,Julie Sanft & Quintan Sanft,ATHX GLASGOW 2026,United Kingdom 🇬🇧,2026,Mixed,ATHX,MetCon X,,,16:22,,,,,,40
41,Jake Hankins & Lisa Wimmer,ATHX GLASGOW 2026,United Kingdom 🇬🇧,2026,Mixed,ATHX,MetCon X,,,16:24,,,,,,41
42,Tim Barron & Georgia Rixon,ATHX GLASGOW 2026,United Kingdom 🇬🇧,2026,Mixed,ATHX,MetCon X,,,16:28,,,,,,42
43,Clare Webster & Adam Cameron,ATHX GLASGOW 2026,United Kingdom 🇬🇧,2026,Mixed,ATHX,MetCon X,,,16:29,,,,,,43
44,Nicole Chatila & David Armstrong,ATHX GLASGOW 2026,United Kingdom 🇬🇧,2026,Mixed,ATHX,MetCon X,,,16:30,,,,,,44
45,Paul Sherlock & Anna Starkey,ATHX GLASGOW 2026,United Kingdom 🇬🇧,2026,Mixed,ATHX,MetCon X,,,16:32,,,,,,45
46,Leeann Keenan & Martin McCann,ATHX GLASGOW 2026,United Kingdom 🇬🇧,2026,Mixed,ATHX,MetCon X,,,16:35,,,,,,46
47,Rachel Woods & Kieran Greene,ATHX GLASGOW 2026,United Kingdom 🇬🇧,2026,Mixed,ATHX,MetCon X,,,16:41,,,,,,47
48,Caroline Bagshaw & Chris Bagshaw,ATHX GLASGOW 2026,United Kingdom 🇬🇧,2026,Mixed,ATHX,MetCon X,,,16:47,,,,,,48
49,Andrew MCCULLEY & Natasha Bechelli,ATHX GLASGOW 2026,United Kingdom 🇬🇧,2026,Mixed,ATHX,MetCon X,,,16:48,,,,,,49
50,Siobhan Connolly & David Pearson,ATHX GLASGOW 2026,United Kingdom 🇬🇧,2026,Mixed,ATHX,MetCon X,,,16:49,,,,,,50
51,Aileen Murdoch & Anthony Boyce,ATHX GLASGOW 2026,United Kingdom 🇬🇧,2026,Mixed,ATHX,MetCon X,,,16:53,,,,,,51
52,Dougie Stevenson & Annabelle Leitch,ATHX GLASGOW 2026,United Kingdom 🇬🇧,2026,Mixed,ATHX,MetCon X,,,16:55,,,,,,52
53,Ruaridh Henderson & Marie Wilson,ATHX GLASGOW 2026,United Kingdom 🇬🇧,2026,Mixed,ATHX,MetCon X,,,16:57,,,,,,53
54,SCOTT WILSON & Katrina Foster,ATHX GLASGOW 2026,United Kingdom 🇬🇧,2026,Mixed,ATHX,MetCon X,,,17:00,,,,,,54
55,Sara Lanci & Luca Albertini,ATHX GLASGOW 2026,United Kingdom 🇬🇧,2026,Mixed,ATHX,MetCon X,,,17:01,,,,,,55
56,Craig Sankey & Claire Sankey,ATHX GLASGOW 2026,United Kingdom 🇬🇧,2026,Mixed,ATHX,MetCon X,,,17:06,,,,,,56
57,KYLE Colville & Rebecca Croll,ATHX GLASGOW 2026,United Kingdom 🇬🇧,2026,Mixed,ATHX,MetCon X,,,17:08,,,,,,57
58,Tagan Lawson & Ryan Newall,ATHX GLASGOW 2026,United Kingdom 🇬🇧,2026,Mixed,ATHX,MetCon X,,,17:21,,,,,,58
59,Shona Massey & Guy Hopson,ATHX GLASGOW 2026,United Kingdom 🇬🇧,2026,Mixed,ATHX,MetCon X,,,17:26,,,,,,59
60,Angus Johnstone & Alison Williams,ATHX GLASGOW 2026,United Kingdom 🇬🇧,2026,Mixed,ATHX,MetCon X,,,17:27,,,,,,60
61,Leigh Leslie & Angus Leslie,ATHX GLASGOW 2026,United Kingdom 🇬🇧,2026,Mixed,ATHX,MetCon X,,,17:30,,,,,,61
62,Michelle Brown & David Shorter,ATHX GLASGOW 2026,United Kingdom 🇬🇧,2026,Mixed,ATHX,MetCon X,,,17:31,,,,,,62
63,Jake Flint & Amy Lowe,ATHX GLASGOW 2026,United Kingdom 🇬🇧,2026,Mixed,ATHX,MetCon X,,,17:32,,,,,,63
64,David Hair & Ceri Hair,ATHX GLASGOW 2026,United Kingdom 🇬🇧,2026,Mixed,ATHX,MetCon X,,,17:38,,,,,,64
65,Oliver Wright & Asja Atikovic,ATHX GLASGOW 2026,United Kingdom 🇬🇧,2026,Mixed,ATHX,MetCon X,,,17:43,,,,,,65
66,Paige Hendry & Aiden Dunkley,ATHX GLASGOW 2026,United Kingdom 🇬🇧,2026,Mixed,ATHX,MetCon X,,,17:46,,,,,,66
67,John Smith & Jodie Lilley,ATHX GLASGOW 2026,United Kingdom 🇬🇧,2026,Mixed,ATHX,MetCon X,,,17:49,,,,,,67
68,David Moon & Tracy Williamson,ATHX GLASGOW 2026,United Kingdom 🇬🇧,2026,Mixed,ATHX,MetCon X,,,17:52,,,,,,68
68,Glyn Broadhurst & Sara Wilson,ATHX GLASGOW 2026,United Kingdom 🇬🇧,2026,Mixed,ATHX,MetCon X,,,17:52,,,,,,68
70,Lee Kovacs & Sarah Weston,ATHX GLASGOW 2026,United Kingdom 🇬🇧,2026,Mixed,ATHX,MetCon X,,,17:55,,,,,,70
71,Christopher Omand & Ruth Omand,ATHX GLASGOW 2026,United Kingdom 🇬🇧,2026,Mixed,ATHX,MetCon X,,,17:59,,,,,,71
72,Alice Wilkinson & Matthew Graham,ATHX GLASGOW 2026,United Kingdom 🇬🇧,2026,Mixed,ATHX,MetCon X,,,18:01,,,,,,72
73,Justine Milne & Brad Stokes,ATHX GLASGOW 2026,United Kingdom 🇬🇧,2026,Mixed,ATHX,MetCon X,,,18:18,,,,,,73
74,Karen Oneill & Brian Gallacher,ATHX GLASGOW 2026,United Kingdom 🇬🇧,2026,Mixed,ATHX,MetCon X,,,18:28,,,,,,74
75,Michael Brady & Hannah Brady,ATHX GLASGOW 2026,United Kingdom 🇬🇧,2026,Mixed,ATHX,MetCon X,,,18:40,,,,,,75
76,Garey Thomson & Jennifer Smith,ATHX GLASGOW 2026,United Kingdom 🇬🇧,2026,Mixed,ATHX,MetCon X,,,18:49,,,,,,76
77,Gemma Ross & Jim Brosnan,ATHX GLASGOW 2026,United Kingdom 🇬🇧,2026,Mixed,ATHX,MetCon X,,,18:51,,,,,,77
77,Caitlin Maley & Mario Girasoli,ATHX GLASGOW 2026,United Kingdom 🇬🇧,2026,Mixed,ATHX,MetCon X,,,18:51,,,,,,77
79,Thomas Jackson & Emma Jackson,ATHX GLASGOW 2026,United Kingdom 🇬🇧,2026,Mixed,ATHX,MetCon X,,,19:07,,,,,,79
80,Emma Heggarty & Chris Heggarty,ATHX GLASGOW 2026,United Kingdom 🇬🇧,2026,Mixed,ATHX,MetCon X,,,19:16,,,,,,80
80,Donal Rodgers & Rachel Sinclair,ATHX GLASGOW 2026,United Kingdom 🇬🇧,2026,Mixed,ATHX,MetCon X,,,19:16,,,,,,80
82,Aimee Robb & Andrew Cruddas,ATHX GLASGOW 2026,United Kingdom 🇬🇧,2026,Mixed,ATHX,MetCon X,,,19:17,,,,,,82
83,Priya Panesar & Rishi Panesar,ATHX GLASGOW 2026,United Kingdom 🇬🇧,2026,Mixed,ATHX,MetCon X,,,19:27,,,,,,83
84,Frankie Johnston & Reuben Wilson,ATHX GLASGOW 2026,United Kingdom 🇬🇧,2026,Mixed,ATHX,MetCon X,,,19:28,,,,,,84
85,Meg McLean & Mark O'Mailley,ATHX GLASGOW 2026,United Kingdom 🇬🇧,2026,Mixed,ATHX,MetCon X,,,19:37,,,,,,85
86,Dave Wade & Esme Anderson,ATHX GLASGOW 2026,United Kingdom 🇬🇧,2026,Mixed,ATHX,MetCon X,,,19:44,,,,,,86
86,Ella Ozikiz & william Faulkner,ATHX GLASGOW 2026,United Kingdom 🇬🇧,2026,Mixed,ATHX,MetCon X,,,19:44,,,,,,86
88,Ross Morgan & Esme Reed,ATHX GLASGOW 2026,United Kingdom 🇬🇧,2026,Mixed,ATHX,MetCon X,,,20:00,,,,,,88
89,Louise Markwick & Matthew Markwick,ATHX GLASGOW 2026,United Kingdom 🇬🇧,2026,Mixed,ATHX,MetCon X,,,20:01,,,,,,89
89,Aynsley Torrance & Alasdair Henderson,ATHX GLASGOW 2026,United Kingdom 🇬🇧,2026,Mixed,ATHX,MetCon X,,,20:01,,,,,,89
91,Ashley Mackay & Jim Mackay,ATHX GLASGOW 2026,United Kingdom 🇬🇧,2026,Mixed,ATHX,MetCon X,,,20:14,,,,,,91
92,Francesca Cocchia & Michael Smith,ATHX GLASGOW 2026,United Kingdom 🇬🇧,2026,Mixed,ATHX,MetCon X,,,20:17,,,,,,92
93,Shona Ramsay & Ross Macmillan.,ATHX GLASGOW 2026,United Kingdom 🇬🇧,2026,Mixed,ATHX,MetCon X,,,20:29,,,,,,93
94,Lainey Scott-Campbell & Derek Clifford,ATHX GLASGOW 2026,United Kingdom 🇬🇧,2026,Mixed,ATHX,MetCon X,,,20:30,,,,,,94
94,Rebecca Munro & Adam Munro,ATHX GLASGOW 2026,United Kingdom 🇬🇧,2026,Mixed,ATHX,MetCon X,,,20:30,,,,,,94
96,Stephanie Mackenzie & Ed Mackenzie,ATHX GLASGOW 2026,United Kingdom 🇬🇧,2026,Mixed,ATHX,MetCon X,,,21:06,,,,,,96
97,Rachel Lind & Cameron McPherson,ATHX GLASGOW 2026,United Kingdom 🇬🇧,2026,Mixed,ATHX,MetCon X,,,21:26,,,,,,97
98,Erin Meehan & Andrew Morrison,ATHX GLASGOW 2026,United Kingdom 🇬🇧,2026,Mixed,ATHX,MetCon X,,,21:45,,,,,,98
99,Shaun Thompson & Kate Sutherland,ATHX GLASGOW 2026,United Kingdom 🇬🇧,2026,Mixed,ATHX,MetCon X,,,21:47,,,,,,99
100,Lauren Thomson & Callan McKay,ATHX GLASGOW 2026,United Kingdom 🇬🇧,2026,Mixed,ATHX,MetCon X,,,22:03,,,,,,100
101,Jemima Mackenzie & Felix Hodson,ATHX GLASGOW 2026,United Kingdom 🇬🇧,2026,Mixed,ATHX,MetCon X,,,22:12,,,,,,101
102,Sarah Frewin & Rich Peacock,ATHX GLASGOW 2026,United Kingdom 🇬🇧,2026,Mixed,ATHX,MetCon X,,,22:19,,,,,,102
103,Emily Divine & Fraser Kennedy,ATHX GLASGOW 2026,United Kingdom 🇬🇧,2026,Mixed,ATHX,MetCon X,,,22:24,,,,,,103
104,Meghan Thomson & Scott Trevarthen,ATHX GLASGOW 2026,United Kingdom 🇬🇧,2026,Mixed,ATHX,MetCon X,,,22:45,,,,,,104
105,Milly Smith & Scott Cruickshanks,ATHX GLASGOW 2026,United Kingdom 🇬🇧,2026,Mixed,ATHX,MetCon X,,,22:54,,,,,,105
106,Hazel Sibbald & Jordan Sibbald,ATHX GLASGOW 2026,United Kingdom 🇬🇧,2026,Mixed,ATHX,MetCon X,,,23:53,,,,,,106
106,Jessica Harris & Delyar Baker,ATHX GLASGOW 2026,United Kingdom 🇬🇧,2026,Mixed,ATHX,MetCon X,,,23:53,,,,,,106
108,Dougie Whiteford & Erin Howieson,ATHX GLASGOW 2026,United Kingdom 🇬🇧,2026,Mixed,ATHX,MetCon X,,,25:00,,,,,,108
109,Ingrid Taylor & Euan Kember,ATHX GLASGOW 2026,United Kingdom 🇬🇧,2026,Mixed,ATHX,MetCon X,,,25:14,,,,,,109
110,Stuart Rae & Christine Rae,ATHX GLASGOW 2026,United Kingdom 🇬🇧,2026,Mixed,ATHX,MetCon X,,,25:23,,,,,,110
1,Harry Friar & Ollie Boreham,ATHX GLASGOW 2026,United Kingdom 🇬🇧,2026,Male,ATHX Lite,Endurance,,,,,,,3.164KM,5.436KM,1
2,Ian Campbell & Charlie Jee,ATHX GLASGOW 2026,United Kingdom 🇬🇧,2026,Male,ATHX Lite,Endurance,,,,,,,3.661KM,4.935KM,2
3,Stuart Leatherbarrow & Martin Spence,ATHX GLASGOW 2026,United Kingdom 🇬🇧,2026,Male,ATHX Lite,Endurance,,,,,,,3.008KM,5.084KM,3
4,steven gilchrist & Stuart Cameron,ATHX GLASGOW 2026,United Kingdom 🇬🇧,2026,Male,ATHX Lite,Endurance,,,,,,,3KM,5.068KM,4
5,Neil Thompson & Peter Armitage-Scott,ATHX GLASGOW 2026,United Kingdom 🇬🇧,2026,Male,ATHX Lite,Endurance,,,,,,,3.262KM,4.679KM,5
6,Ignacio Medina Marchant & Duncan Collard,ATHX GLASGOW 2026,United Kingdom 🇬🇧,2026,Male,ATHX Lite,Endurance,,,,,,,3.5KM,4.413KM,6
7,Jordan Scott & Ryan Anderson,ATHX GLASGOW 2026,United Kingdom 🇬🇧,2026,Male,ATHX Lite,Endurance,,,,,,,2.742KM,4.821KM,7
8,Stefan O'Connor & Gary Elwin,ATHX GLASGOW 2026,United Kingdom 🇬🇧,2026,Male,ATHX Lite,Endurance,,,,,,,2.81KM,4.572KM,8
1,Brandon Mills & Dale Wright,ATHX GLASGOW 2026,United Kingdom 🇬🇧,2026,Male,ATHX Pro,MetCon X,,,13:02,,,,,,1
2,Fraser fgmclark@gmail.com & Huw Davis,ATHX GLASGOW 2026,United Kingdom 🇬🇧,2026,Male,ATHX Pro,MetCon X,,,13:43,,,,,,2
3,Jake Wright & Rory McAusland,ATHX GLASGOW 2026,United Kingdom 🇬🇧,2026,Male,ATHX Pro,MetCon X,,,14:41,,,,,,3
4,Connor Martin & Murray Scott,ATHX GLASGOW 2026,United Kingdom 🇬🇧,2026,Male,ATHX Pro,MetCon X,,,14:43,,,,,,4
5,Jamie Hill & Joe Porter,ATHX GLASGOW 2026,United Kingdom 🇬🇧,2026,Male,ATHX Pro,MetCon X,,,14:46,,,,,,5
6,Liam Taggart & Peter Johnstone,ATHX GLASGOW 2026,United Kingdom 🇬🇧,2026,Male,ATHX Pro,MetCon X,,,14:52,,,,,,6
7,David McSorley & craig thomson,ATHX GLASGOW 2026,United Kingdom 🇬🇧,2026,Male,ATHX Pro,MetCon X,,,14:56,,,,,,7
8,Nathan Whitworth & Nyle Godsmark,ATHX GLASGOW 2026,United Kingdom 🇬🇧,2026,Male,ATHX Pro,MetCon X,,,14:57,,,,,,8
9,Lee Moffat & John Mcindoe,ATHX GLASGOW 2026,United Kingdom 🇬🇧,2026,Male,ATHX Pro,MetCon X,,,15:07,,,,,,9
10,Pablo Hernández Olivares & Javier Hernández Olivares,ATHX GLASGOW 2026,United Kingdom 🇬🇧,2026,Male,ATHX Pro,MetCon X,,,15:25,,,,,,10
11,Euan Watters & Jason Nouri,ATHX GLASGOW 2026,United Kingdom 🇬🇧,2026,Male,ATHX Pro,MetCon X,,,16:34,,,,,,11
12,Aaron lees & Lewis Ross,ATHX GLASGOW 2026,United Kingdom 🇬🇧,2026,Male,ATHX Pro,MetCon X,,,17:05,,,,,,12
13,Richard Woolley & Stefan Humphries,ATHX GLASGOW 2026,United Kingdom 🇬🇧,2026,Male,ATHX Pro,MetCon X,,,17:18,,,,,,13
14,Matthew Grieh & Cameron Anderson,ATHX GLASGOW 2026,United Kingdom 🇬🇧,2026,Male,ATHX Pro,MetCon X,,,18:13,,,,,,14
15,Gary Dixon & Martin Shaw,ATHX GLASGOW 2026,United Kingdom 🇬🇧,2026,Male,ATHX Pro,MetCon X,,,18:26,,,,,,15
16,Tony Murphy & Dean Flannery,ATHX GLASGOW 2026,United Kingdom 🇬🇧,2026,Male,ATHX Pro,MetCon X,,,18:32,,,,,,16
17,Stuart McIntosh & Max Hepburn,ATHX GLASGOW 2026,United Kingdom 🇬🇧,2026,Male,ATHX Pro,MetCon X,,,19:14,,,,,,17
18,Sam Menzies & Christopher Binks,ATHX GLASGOW 2026,United Kingdom 🇬🇧,2026,Male,ATHX Pro,MetCon X,,,19:17,,,,,,18
19,Alex Boltom & Todd Brooks,ATHX GLASGOW 2026,United Kingdom 🇬🇧,2026,Male,ATHX Pro,MetCon X,,,19:22,,,,,,19
20,Richard Whyte & Sean Hadden,ATHX GLASGOW 2026,United Kingdom 🇬🇧,2026,Male,ATHX Pro,MetCon X,,,19:36,,,,,,20
21,David Allan & Riccardo Gallo,ATHX GLASGOW 2026,United Kingdom 🇬🇧,2026,Male,ATHX Pro,MetCon X,,,20:57,,,,,,21
1,Lynsey Robison & Emma Telfer,ATHX GLASGOW 2026,United Kingdom 🇬🇧,2026,Female,ATHX,Endurance,,,,,,,4.25KM,5.204KM,1
2,Nicole Totty & Molly Scott,ATHX GLASGOW 2026,United Kingdom 🇬🇧,2026,Female,ATHX,Endurance,,,,,,,4.25KM,4.902KM,2
3,Niamh Mcnally & Brenna Cruickshank,ATHX GLASGOW 2026,United Kingdom 🇬🇧,2026,Female,ATHX,Endurance,,,,,,,4.017KM,5.036KM,3
4,sophie smith & Laura Seggie,ATHX GLASGOW 2026,United Kingdom 🇬🇧,2026,Female,ATHX,Endurance,,,,,,,4.18KM,4.86KM,4
5,Joda Quigley & Paige Wells,ATHX GLASGOW 2026,United Kingdom 🇬🇧,2026,Female,ATHX,Endurance,,,,,,,4.25KM,4.71KM,5
6,Charley McCourt & Stephanie Baggs,ATHX GLASGOW 2026,United Kingdom 🇬🇧,2026,Female,ATHX,Endurance,,,,,,,4.272KM,4.68KM,6
7,Lucy Tomlinson & Megan Arnott,ATHX GLASGOW 2026,United Kingdom 🇬🇧,2026,Female,ATHX,Endurance,,,,,,,3.885KM,5.035KM,7
8,Molly Whelan & Orla Livingston,ATHX GLASGOW 2026,United Kingdom 🇬🇧,2026,Female,ATHX,Endurance,,,,,,,3.75KM,5.168KM,8
9,Tieghan McMullan & kirsty mcgillivray,ATHX GLASGOW 2026,United Kingdom 🇬🇧,2026,Female,ATHX,Endurance,,,,,,,4.099KM,4.813KM,9
10,Sophie Jolly & Angela Wilson,ATHX GLASGOW 2026,United Kingdom 🇬🇧,2026,Female,ATHX,Endurance,,,,,,,3.75KM,5.146KM,10
11,Abby Hilton & Kat Scott,ATHX GLASGOW 2026,United Kingdom 🇬🇧,2026,Female,ATHX,Endurance,,,,,,,3.75KM,5.098KM,11
12,Sophie Piper & Abi Everett,ATHX GLASGOW 2026,United Kingdom 🇬🇧,2026,Female,ATHX,Endurance,,,,,,,3.723KM,5.106KM,12
13,Rachael McDougall & Charlotte Wildman,ATHX GLASGOW 2026,United Kingdom 🇬🇧,2026,Female,ATHX,Endurance,,,,,,,3.624KM,5.16KM,13
14,Sophie Porteous & Tara Reid,ATHX GLASGOW 2026,United Kingdom 🇬🇧,2026,Female,ATHX,Endurance,,,,,,,3.617KM,5.145KM,14
15,Kristi Barr & Claire Cochrane,ATHX GLASGOW 2026,United Kingdom 🇬🇧,2026,Female,ATHX,Endurance,,,,,,,3.75KM,5.01KM,15
16,Rebecca Marshall & nicole Hunter,ATHX GLASGOW 2026,United Kingdom 🇬🇧,2026,Female,ATHX,Endurance,,,,,,,3.75KM,4.998KM,16
17,Roberta Gallacher & Claire Hyslop,ATHX GLASGOW 2026,United Kingdom 🇬🇧,2026,Female,ATHX,Endurance,,,,,,,3.75KM,4.99KM,17
18,Hannah Hamilton & Mia McDowell,ATHX GLASGOW 2026,United Kingdom 🇬🇧,2026,Female,ATHX,Endurance,,,,,,,3.713KM,5.021KM,18
19,Wiktoria Bakula & Flora Davis,ATHX GLASGOW 2026,United Kingdom 🇬🇧,2026,Female,ATHX,Endurance,,,,,,,4.024KM,4.7KM,19
20,Alix Johnston & Morgan Smith,ATHX GLASGOW 2026,United Kingdom 🇬🇧,2026,Female,ATHX,Endurance,,,,,,,3.673KM,5.043KM,20
21,Claire Mackie & Natasha Hunter,ATHX GLASGOW 2026,United Kingdom 🇬🇧,2026,Female,ATHX,Endurance,,,,,,,3.842KM,4.858KM,21
22,Sophie Main & Niamh Boyle,ATHX GLASGOW 2026,United Kingdom 🇬🇧,2026,Female,ATHX,Endurance,,,,,,,3.768KM,4.904KM,22
23,Kati Sohal & Maxine Pomeroy,ATHX GLASGOW 2026,United Kingdom 🇬🇧,2026,Female,ATHX,Endurance,,,,,,,4.025KM,4.629KM,23
24,Jen Armstrong & Jordyn Armstrong,ATHX GLASGOW 2026,United Kingdom 🇬🇧,2026,Female,ATHX,Endurance,,,,,,,3.806KM,4.834KM,24
25,Lisa Charters & Mallory Robertson,ATHX GLASGOW 2026,United Kingdom 🇬🇧,2026,Female,ATHX,Endurance,,,,,,,3.652KM,4.982KM,25
26,Charli Shand & Louise Beattie,ATHX GLASGOW 2026,United Kingdom 🇬🇧,2026,Female,ATHX,Endurance,,,,,,,3.75KM,4.835KM,26
27,Yasmin Perry & Beatrice Hertel,ATHX GLASGOW 2026,United Kingdom 🇬🇧,2026,Female,ATHX,Endurance,,,,,,,3.75KM,4.814KM,27
28,Jenny Andrew & Lorna MacInnes,ATHX GLASGOW 2026,United Kingdom 🇬🇧,2026,Female,ATHX,Endurance,,,,,,,3.934KM,4.624KM,28
29,Hannah Macgregor & Emily Clark,ATHX GLASGOW 2026,United Kingdom 🇬🇧,2026,Female,ATHX,Endurance,,,,,,,3.5KM,5.054KM,29
30,Hannah Anderson & Hannah Forrest,ATHX GLASGOW 2026,United Kingdom 🇬🇧,2026,Female,ATHX,Endurance,,,,,,,3.922KM,4.621KM,30
31,Clare Leader & Annie Starkey,ATHX GLASGOW 2026,United Kingdom 🇬🇧,2026,Female,ATHX,Endurance,,,,,,,3.75KM,4.782KM,31
32,Clarrie Murdoch & Eilidh McGillivray,ATHX GLASGOW 2026,United Kingdom 🇬🇧,2026,Female,ATHX,Endurance,,,,,,,3.777KM,4.74KM,32
33,Julie Stevenson & Caroline Morris,ATHX GLASGOW 2026,United Kingdom 🇬🇧,2026,Female,ATHX,Endurance,,,,,,,4KM,4.506KM,33
34,Ellis Stewart & Caitlin McCafferty,ATHX GLASGOW 2026,United Kingdom 🇬🇧,2026,Female,ATHX,Endurance,,,,,,,3.568KM,4.936KM,34
35,Johanna Basford & Ruth McArthur,ATHX GLASGOW 2026,United Kingdom 🇬🇧,2026,Female,ATHX,Endurance,,,,,,,3.91KM,4.576KM,35
36,Jade Jackson-Burns & Megan Henderson,ATHX GLASGOW 2026,United Kingdom 🇬🇧,2026,Female,ATHX,Endurance,,,,,,,3.75KM,4.727KM,36
37,Erin Cline & Rachael Gilmour,ATHX GLASGOW 2026,United Kingdom 🇬🇧,2026,Female,ATHX,Endurance,,,,,,,3.634KM,4.826KM,37
38,Anna Wright & Megan Fleming,ATHX GLASGOW 2026,United Kingdom 🇬🇧,2026,Female,ATHX,Endurance,,,,,,,3.361KM,5.09KM,38
39,Charlotte Morphet & Lisa Askins,ATHX GLASGOW 2026,United Kingdom 🇬🇧,2026,Female,ATHX,Endurance,,,,,,,3.802KM,4.637KM,39
40,Simone Laverick & Cora Flood,ATHX GLASGOW 2026,United Kingdom 🇬🇧,2026,Female,ATHX,Endurance,,,,,,,3.75KM,4.687KM,40
41,Katlyn Hughes & Ellie Wallace,ATHX GLASGOW 2026,United Kingdom 🇬🇧,2026,Female,ATHX,Endurance,,,,,,,3.663KM,4.768KM,41
42,Holly Scott & Ella Childs,ATHX GLASGOW 2026,United Kingdom 🇬🇧,2026,Female,ATHX,Endurance,,,,,,,3.75KM,4.659KM,42
43,Jenna Almutawa & Grace Nicoll,ATHX GLASGOW 2026,United Kingdom 🇬🇧,2026,Female,ATHX,Endurance,,,,,,,3.92KM,4.471KM,43
44,Caitlyn Simpson & Lauren Waterhouse,ATHX GLASGOW 2026,United Kingdom 🇬🇧,2026,Female,ATHX,Endurance,,,,,,,3.75KM,4.631KM,44
45,Lianne Wallace & Kimberley Beaton,ATHX GLASGOW 2026,United Kingdom 🇬🇧,2026,Female,ATHX,Endurance,,,,,,,3.668KM,4.699KM,45
46,Heather Mclaughlin & Kathryn McKerrall,ATHX GLASGOW 2026,United Kingdom 🇬🇧,2026,Female,ATHX,Endurance,,,,,,,3.681KM,4.677KM,46
47,Leeann Mcleod & Jo Campbell,ATHX GLASGOW 2026,United Kingdom 🇬🇧,2026,Female,ATHX,Endurance,,,,,,,3.676KM,4.68KM,47
47,Sarah Baden & Kayleigh Roberts,ATHX GLASGOW 2026,United Kingdom 🇬🇧,2026,Female,ATHX,Endurance,,,,,,,3.687KM,4.669KM,47
49,Mairead Sweeney & Ashley Stewart,ATHX GLASGOW 2026,United Kingdom 🇬🇧,2026,Female,ATHX,Endurance,,,,,,,3.866KM,4.489KM,49
50,Emma Paterson & Emma Mackison,ATHX GLASGOW 2026,United Kingdom 🇬🇧,2026,Female,ATHX,Endurance,,,,,,,3.511KM,4.823KM,50
51,Jennifer Leslie & Zoe Bannerman,ATHX GLASGOW 2026,United Kingdom 🇬🇧,2026,Female,ATHX,Endurance,,,,,,,3.75KM,4.578KM,51
52,Natalie McDowall & Lauren Nisbet,ATHX GLASGOW 2026,United Kingdom 🇬🇧,2026,Female,ATHX,Endurance,,,,,,,3.48KM,4.821KM,52
53,Lauren McCulloch & Eilidh Duncan,ATHX GLASGOW 2026,United Kingdom 🇬🇧,2026,Female,ATHX,Endurance,,,,,,,3.513KM,4.777KM,53
54,Aman Shergill & Catriona James,ATHX GLASGOW 2026,United Kingdom 🇬🇧,2026,Female,ATHX,Endurance,,,,,,,3.75KM,4.539KM,54
55,Alex Manson & Holly Trick,ATHX GLASGOW 2026,United Kingdom 🇬🇧,2026,Female,ATHX,Endurance,,,,,,,3.433KM,4.851KM,55
56,Rachel Muir & Paige Anderson,ATHX GLASGOW 2026,United Kingdom 🇬🇧,2026,Female,ATHX,Endurance,,,,,,,3.86KM,4.414KM,56
57,Nicole Houston & Shannon Smith,ATHX GLASGOW 2026,United Kingdom 🇬🇧,2026,Female,ATHX,Endurance,,,,,,,3.668KM,4.588KM,57
58,Briony Melrose & Lauren Wood,ATHX GLASGOW 2026,United Kingdom 🇬🇧,2026,Female,ATHX,Endurance,,,,,,,3.75KM,4.468KM,58
59,Kristin Donnachie & Cairney McCabe,ATHX GLASGOW 2026,United Kingdom 🇬🇧,2026,Female,ATHX,Endurance,,,,,,,3.862KM,4.35KM,59
60,Montse Pazos & Louise Birrell,ATHX GLASGOW 2026,United Kingdom 🇬🇧,2026,Female,ATHX,Endurance,,,,,,,3.5KM,4.708KM,60
61,Ashley Clifford & Elspeth Peters,ATHX GLASGOW 2026,United Kingdom 🇬🇧,2026,Female,ATHX,Endurance,,,,,,,3.75KM,4.452KM,61
62,Kyra Fawcett & Benneta Paluca,ATHX GLASGOW 2026,United Kingdom 🇬🇧,2026,Female,ATHX,Endurance,,,,,,,3.5KM,4.699KM,62
63,Shauni de Koning & Lesley Brown,ATHX GLASGOW 2026,United Kingdom 🇬🇧,2026,Female,ATHX,Endurance,,,,,,,3.179KM,5.018KM,63
64,Laura Rennie & Eve Harris,ATHX GLASGOW 2026,United Kingdom 🇬🇧,2026,Female,ATHX,Endurance,,,,,,,3.75KM,4.438KM,64
65,Kimberley Martin & Zoe Duncan,ATHX GLASGOW 2026,United Kingdom 🇬🇧,2026,Female,ATHX,Endurance,,,,,,,3.288KM,4.879KM,65
66,Louise McCoy & Stacey Mclagan,ATHX GLASGOW 2026,United Kingdom 🇬🇧,2026,Female,ATHX,Endurance,,,,,,,3.457KM,4.688KM,66
67,Laura Hall & Christine Little,ATHX GLASGOW 2026,United Kingdom 🇬🇧,2026,Female,ATHX,Endurance,,,,,,,3.56KM,4.572KM,67
68,Jolene Ferguson & Mary McClung,ATHX GLASGOW 2026,United Kingdom 🇬🇧,2026,Female,ATHX,Endurance,,,,,,,3.771KM,4.351KM,68
69,Hannah Ross & Shona Mcbean-kyle,ATHX GLASGOW 2026,United Kingdom 🇬🇧,2026,Female,ATHX,Endurance,,,,,,,3.877KM,4.231KM,69
70,Vivian Henry & Fiona McEwan,ATHX GLASGOW 2026,United Kingdom 🇬🇧,2026,Female,ATHX,Endurance,,,,,,,3.546KM,4.544KM,70
71,Nadia Hutchins & Laleh Haji,ATHX GLASGOW 2026,United Kingdom 🇬🇧,2026,Female,ATHX,Endurance,,,,,,,3.517KM,4.568KM,71
72,Eilidh Macleod & Carla Clark,ATHX GLASGOW 2026,United Kingdom 🇬🇧,2026,Female,ATHX,Endurance,,,,,,,3.698KM,4.384KM,72
73,Rachael De Luca & Becca Ross,ATHX GLASGOW 2026,United Kingdom 🇬🇧,2026,Female,ATHX,Endurance,,,,,,,3.423KM,4.652KM,73
74,Lucy Oram & Georgia Van Embden,ATHX GLASGOW 2026,United Kingdom 🇬🇧,2026,Female,ATHX,Endurance,,,,,,,3.593KM,4.442KM,74
75,Gaynor McCashey & Emma Whittingham,ATHX GLASGOW 2026,United Kingdom 🇬🇧,2026,Female,ATHX,Endurance,,,,,,,3.547KM,4.465KM,75
75,Audrey Brockie & Ali Paton,ATHX GLASGOW 2026,United Kingdom 🇬🇧,2026,Female,ATHX,Endurance,,,,,,,3.75KM,4.262KM,75
77,Darcy Minnes & Kate Allan,ATHX GLASGOW 2026,United Kingdom 🇬🇧,2026,Female,ATHX,Endurance,,,,,,,3.482KM,4.505KM,77
78,Kim Elcoate & Sian Purver,ATHX GLASGOW 2026,United Kingdom 🇬🇧,2026,Female,ATHX,Endurance,,,,,,,3.415KM,4.571KM,78
79,Fiona Hunter & Nicole Wilson,ATHX GLASGOW 2026,United Kingdom 🇬🇧,2026,Female,ATHX,Endurance,,,,,,,3.75KM,4.217KM,79
80,Natalie Blakely & Brooke McLuckie,ATHX GLASGOW 2026,United Kingdom 🇬🇧,2026,Female,ATHX,Endurance,,,,,,,3.344KM,4.619KM,80
81,Caroline Holmes & Amiee Lauchlan,ATHX GLASGOW 2026,United Kingdom 🇬🇧,2026,Female,ATHX,Endurance,,,,,,,3.569KM,4.386KM,81
82,Hollie Young & Jennifer Park,ATHX GLASGOW 2026,United Kingdom 🇬🇧,2026,Female,ATHX,Endurance,,,,,,,3.573KM,4.364KM,82
83,Zoe Gillespie & Nicole nicole-perkins@hotmail.co.uk,ATHX GLASGOW 2026,United Kingdom 🇬🇧,2026,Female,ATHX,Endurance,,,,,,,3.2KM,4.725KM,83
84,Zoe Neill & Kara McCann,ATHX GLASGOW 2026,United Kingdom 🇬🇧,2026,Female,ATHX,Endurance,,,,,,,3.4KM,4.507KM,84
85,Deanna Henderson & Lindsay Nygren,ATHX GLASGOW 2026,United Kingdom 🇬🇧,2026,Female,ATHX,Endurance,,,,,,,3KM,4.852KM,85
86,Georgina Kitenge & Zoe Pompili,ATHX GLASGOW 2026,United Kingdom 🇬🇧,2026,Female,ATHX,Endurance,,,,,,,3.533KM,4.314KM,86
87,Erin Fullerton & Rosie Harvey,ATHX GLASGOW 2026,United Kingdom 🇬🇧,2026,Female,ATHX,Endurance,,,,,,,3.561KM,4.28KM,87
88,Caroline Thomson & Lara Campana,ATHX GLASGOW 2026,United Kingdom 🇬🇧,2026,Female,ATHX,Endurance,,,,,,,3.174KM,4.634KM,88
89,Rachael McGoldrick & Katie Lawrie,ATHX GLASGOW 2026,United Kingdom 🇬🇧,2026,Female,ATHX,Endurance,,,,,,,3.881KM,3.921KM,89
90,Lina Gosselin & Lauren McGuire,ATHX GLASGOW 2026,United Kingdom 🇬🇧,2026,Female,ATHX,Endurance,,,,,,,3.424KM,4.376KM,90
91,Aileen Sinclair & Laura Taylor,ATHX GLASGOW 2026,United Kingdom 🇬🇧,2026,Female,ATHX,Endurance,,,,,,,3.096KM,4.697KM,91
91,Chelsea Shearer & Louise Cormack,ATHX GLASGOW 2026,United Kingdom 🇬🇧,2026,Female,ATHX,Endurance,,,,,,,3.051KM,4.742KM,91
93,Lacey Morrison & Amanda Scott,ATHX GLASGOW 2026,United Kingdom 🇬🇧,2026,Female,ATHX,Endurance,,,,,,,3.066KM,4.701KM,93
94,Hannah Telling & Frances Campbell,ATHX GLASGOW 2026,United Kingdom 🇬🇧,2026,Female,ATHX,Endurance,,,,,,,3.544KM,4.214KM,94
95,Rachel Harrison & Julie Millar,ATHX GLASGOW 2026,United Kingdom 🇬🇧,2026,Female,ATHX,Endurance,,,,,,,3.362KM,4.384KM,95
96,Kristen Thompson-Ellis & Lauren McIntosh,ATHX GLASGOW 2026,United Kingdom 🇬🇧,2026,Female,ATHX,Endurance,,,,,,,3.681KM,4.063KM,96
97,Erin Johnstone & Emily Claydon,ATHX GLASGOW 2026,United Kingdom 🇬🇧,2026,Female,ATHX,Endurance,,,,,,,3KM,4.726KM,97
98,Samara Croft & Caitlin Turner,ATHX GLASGOW 2026,United Kingdom 🇬🇧,2026,Female,ATHX,Endurance,,,,,,,3KM,4.723KM,98
99,Mandy Rayner & Devon Fox,ATHX GLASGOW 2026,United Kingdom 🇬🇧,2026,Female,ATHX,Endurance,,,,,,,3.234KM,4.469KM,99
100,Pamela Hutchison & Chantelle Cameron,ATHX GLASGOW 2026,United Kingdom 🇬🇧,2026,Female,ATHX,Endurance,,,,,,,3.373KM,4.323KM,100
101,Lindsay Whiting & Ailie Walker,ATHX GLASGOW 2026,United Kingdom 🇬🇧,2026,Female,ATHX,Endurance,,,,,,,3.292KM,4.388KM,101
102,Laura Coombs & Victoria Sweeney,ATHX GLASGOW 2026,United Kingdom 🇬🇧,2026,Female,ATHX,Endurance,,,,,,,3.072KM,4.597KM,102
103,Eilidh Scott & Emily Bell,ATHX GLASGOW 2026,United Kingdom 🇬🇧,2026,Female,ATHX,Endurance,,,,,,,3.562KM,4.105KM,103
104,Alison Dillon & Claire Mccormack,ATHX GLASGOW 2026,United Kingdom 🇬🇧,2026,Female,ATHX,Endurance,,,,,,,3.436KM,4.216KM,104
105,Sian Haddon & Kate Mackintosh,ATHX GLASGOW 2026,United Kingdom 🇬🇧,2026,Female,ATHX,Endurance,,,,,,,3.288KM,4.361KM,105
106,Cori Dempster & vicki valentine,ATHX GLASGOW 2026,United Kingdom 🇬🇧,2026,Female,ATHX,Endurance,,,,,,,3.044KM,4.592KM,106
107,Carla Bartholomew & Kirsty Sinclair,ATHX GLASGOW 2026,United Kingdom 🇬🇧,2026,Female,ATHX,Endurance,,,,,,,3.2KM,4.408KM,107
108,Fiona Shaw & Denise McLaughlin,ATHX GLASGOW 2026,United Kingdom 🇬🇧,2026,Female,ATHX,Endurance,,,,,,,3.067KM,4.532KM,108
109,Kenna McArthur & Rachel Hough,ATHX GLASGOW 2026,United Kingdom 🇬🇧,2026,Female,ATHX,Endurance,,,,,,,3.023KM,4.563KM,109
110,Chrystal Matthan & Jenna Moir,ATHX GLASGOW 2026,United Kingdom 🇬🇧,2026,Female,ATHX,Endurance,,,,,,,3.389KM,4.178KM,110
111,Yvonne Miller & Fiona Halewood,ATHX GLASGOW 2026,United Kingdom 🇬🇧,2026,Female,ATHX,Endurance,,,,,,,3.25KM,4.291KM,111
112,Fiona Oberheim & Kelly Porter,ATHX GLASGOW 2026,United Kingdom 🇬🇧,2026,Female,ATHX,Endurance,,,,,,,2.833KM,4.698KM,112
113,Jessica Chen & Adjoa Shirkie,ATHX GLASGOW 2026,United Kingdom 🇬🇧,2026,Female,ATHX,Endurance,,,,,,,3.399KM,4.101KM,113
114,Sophia Herne & Amy Duckworth,ATHX GLASGOW 2026,United Kingdom 🇬🇧,2026,Female,ATHX,Endurance,,,,,,,3.133KM,4.313KM,114
115,Zara Alexander & Bethany Black,ATHX GLASGOW 2026,United Kingdom 🇬🇧,2026,Female,ATHX,Endurance,,,,,,,3.059KM,4.377KM,115
116,Elize McCulloch & Lucy Stanton,ATHX GLASGOW 2026,United Kingdom 🇬🇧,2026,Female,ATHX,Endurance,,,,,,,3.04KM,4.394KM,116
117,Georgina Arksey & Laura Chappell,ATHX GLASGOW 2026,United Kingdom 🇬🇧,2026,Female,ATHX,Endurance,,,,,,,3KM,4.371KM,117
118,Christina Paterson & Michelle Ironside,ATHX GLASGOW 2026,United Kingdom 🇬🇧,2026,Female,ATHX,Endurance,,,,,,,3.123KM,4.232KM,118
119,Anne-Sophie Chalmet & Karen Simpson,ATHX GLASGOW 2026,United Kingdom 🇬🇧,2026,Female,ATHX,Endurance,,,,,,,2.866KM,4.47KM,119
120,Louise O’Brien & Ashley Malone,ATHX GLASGOW 2026,United Kingdom 🇬🇧,2026,Female,ATHX,Endurance,,,,,,,2.806KM,4.52KM,120
121,Hannah Spence & Lynsey Mcdonnell,ATHX GLASGOW 2026,United Kingdom 🇬🇧,2026,Female,ATHX,Endurance,,,,,,,2.9KM,4.381KM,121
122,Mairi McArthur & Jena Kohl,ATHX GLASGOW 2026,United Kingdom 🇬🇧,2026,Female,ATHX,Endurance,,,,,,,2.956KM,4.324KM,122
123,Ciara Connolly & Lisa Clancy,ATHX GLASGOW 2026,United Kingdom 🇬🇧,2026,Female,ATHX,Endurance,,,,,,,3.311KM,3.964KM,123
124,TL Mckigen & Julie Lyle,ATHX GLASGOW 2026,United Kingdom 🇬🇧,2026,Female,ATHX,Endurance,,,,,,,3.25KM,4.016KM,124
125,Megan Ramsay & Natalie Swanson,ATHX GLASGOW 2026,United Kingdom 🇬🇧,2026,Female,ATHX,Endurance,,,,,,,3.047KM,4.182KM,125
126,Marie Barrett & Gillian Wallace,ATHX GLASGOW 2026,United Kingdom 🇬🇧,2026,Female,ATHX,Endurance,,,,,,,3KM,4.182KM,126
127,Logan Beaton & Morgan Beaton,ATHX GLASGOW 2026,United Kingdom 🇬🇧,2026,Female,ATHX,Endurance,,,,,,,2.975KM,4.2KM,127
128,Anna Rogan & Beckie Lees,ATHX GLASGOW 2026,United Kingdom 🇬🇧,2026,Female,ATHX,Endurance,,,,,,,2.814KM,4.346KM,128
129,Johanna Smith & Ashleigh Mustard,ATHX GLASGOW 2026,United Kingdom 🇬🇧,2026,Female,ATHX,Endurance,,,,,,,2.783KM,4.369KM,129
130,Susan Campbell & Vickie de Vries,ATHX GLASGOW 2026,United Kingdom 🇬🇧,2026,Female,ATHX,Endurance,,,,,,,3KM,4.142KM,130
131,Ashleigh Jenkins & Heather Douglas,ATHX GLASGOW 2026,United Kingdom 🇬🇧,2026,Female,ATHX,Endurance,,,,,,,3.467KM,3.643KM,131
132,Eleanor Monks & Hollie Hutchison,ATHX GLASGOW 2026,United Kingdom 🇬🇧,2026,Female,ATHX,Endurance,,,,,,,2.904KM,4.033KM,132
133,Sophie Richardson & Katie Stringwell,ATHX GLASGOW 2026,United Kingdom 🇬🇧,2026,Female,ATHX,Endurance,,,,,,,3.164KM,3.488KM,133
134,Farr Macdonald & Jacqueline Barclay,ATHX GLASGOW 2026,United Kingdom 🇬🇧,2026,Female,ATHX,Endurance,,,,,,,2.25KM,4.27KM,134
135,Michelle liddell & Kimberly Mcilwham,ATHX GLASGOW 2026,United Kingdom 🇬🇧,2026,Female,ATHX,Endurance,,,,,,,3.17KM,3.27KM,135
136,Clodagh Shevlane & Christie McCann,ATHX GLASGOW 2026,United Kingdom 🇬🇧,2026,Female,ATHX,Endurance,,,,,,,2.867KM,2.954KM,136
1,Caitlin Mckenzie & Jack Williams,ATHX GLASGOW 2026,United Kingdom 🇬🇧,2026,Mixed,ATHX,Endurance,,,,,,,4.435KM,5.494KM,1
2,Jodi Williamson & Rory Hindhaugh,ATHX GLASGOW 2026,United Kingdom 🇬🇧,2026,Mixed,ATHX,Endurance,,,,,,,4.27KM,5.556KM,2
3,Ross Flockhart & Shona Harrison,ATHX GLASGOW 2026,United Kingdom 🇬🇧,2026,Mixed,ATHX,Endurance,,,,,,,4.19KM,5.474KM,3
4,Mollie Cassidy & Rhys Lowis,ATHX GLASGOW 2026,United Kingdom 🇬🇧,2026,Mixed,ATHX,Endurance,,,,,,,4.454KM,5.177KM,4
5,Lucy Brundish & Ben Kimber,ATHX GLASGOW 2026,United Kingdom 🇬🇧,2026,Mixed,ATHX,Endurance,,,,,,,4.059KM,5.493KM,5
6,Dom Buckley & Sarah Dagg,ATHX GLASGOW 2026,United Kingdom 🇬🇧,2026,Mixed,ATHX,Endurance,,,,,,,4KM,5.542KM,6
7,Tom Hill & Louise Smith,ATHX GLASGOW 2026,United Kingdom 🇬🇧,2026,Mixed,ATHX,Endurance,,,,,,,4.233KM,5.281KM,7
8,Paul Dawson & Laura Chambers,ATHX GLASGOW 2026,United Kingdom 🇬🇧,2026,Mixed,ATHX,Endurance,,,,,,,4.094KM,5.288KM,8
9,Maisey Thomas & James Beaumont,ATHX GLASGOW 2026,United Kingdom 🇬🇧,2026,Mixed,ATHX,Endurance,,,,,,,3.889KM,5.455KM,9
10,Megan Burley & Christopher Kay,ATHX GLASGOW 2026,United Kingdom 🇬🇧,2026,Mixed,ATHX,Endurance,,,,,,,4.202KM,5.114KM,10
11,Jordan Reece Dunne & Farah Fonseca,ATHX GLASGOW 2026,United Kingdom 🇬🇧,2026,Mixed,ATHX,Endurance,,,,,,,4.442KM,4.839KM,11
12,Jake Flint & Amy Lowe,ATHX GLASGOW 2026,United Kingdom 🇬🇧,2026,Mixed,ATHX,Endurance,,,,,,,4.411KM,4.859KM,12
13,Jenna Low & Ryan Paxton,ATHX GLASGOW 2026,United Kingdom 🇬🇧,2026,Mixed,ATHX,Endurance,,,,,,,4.13KM,5.12KM,13
14,craig cameron & Francesca Cameron,ATHX GLASGOW 2026,United Kingdom 🇬🇧,2026,Mixed,ATHX,Endurance,,,,,,,3.75KM,5.486KM,14
15,Martin Irvine & Taylor Hood,ATHX GLASGOW 2026,United Kingdom 🇬🇧,2026,Mixed,ATHX,Endurance,,,,,,,4.259KM,4.974KM,15
16,Angus Johnstone & Alison Williams,ATHX GLASGOW 2026,United Kingdom 🇬🇧,2026,Mixed,ATHX,Endurance,,,,,,,4.25KM,4.969KM,16
17,Lucy Lloyd & Lukasz Debek,ATHX GLASGOW 2026,United Kingdom 🇬🇧,2026,Mixed,ATHX,Endurance,,,,,,,3.677KM,5.529KM,17
18,Donal Rodgers & Rachel Sinclair,ATHX GLASGOW 2026,United Kingdom 🇬🇧,2026,Mixed,ATHX,Endurance,,,,,,,4.262KM,4.935KM,18
19,Paul Sherlock & Anna Starkey,ATHX GLASGOW 2026,United Kingdom 🇬🇧,2026,Mixed,ATHX,Endurance,,,,,,,3.898KM,5.279KM,19
20,Paul Baillie & Lisa Bailie,ATHX GLASGOW 2026,United Kingdom 🇬🇧,2026,Mixed,ATHX,Endurance,,,,,,,3.75KM,5.424KM,20
21,Tim Barron & Georgia Rixon,ATHX GLASGOW 2026,United Kingdom 🇬🇧,2026,Mixed,ATHX,Endurance,,,,,,,3.794KM,5.377KM,21
22,Jake Hankins & Lisa Wimmer,ATHX GLASGOW 2026,United Kingdom 🇬🇧,2026,Mixed,ATHX,Endurance,,,,,,,4.166KM,4.992KM,22
23,Ethan Running & Suzie Stuart,ATHX GLASGOW 2026,United Kingdom 🇬🇧,2026,Mixed,ATHX,Endurance,,,,,,,3.797KM,5.306KM,23
24,Aimee Locke & Daniel Day,ATHX GLASGOW 2026,United Kingdom 🇬🇧,2026,Mixed,ATHX,Endurance,,,,,,,3.75KM,5.293KM,24
25,Emily McKenzie & Joshua Nutton,ATHX GLASGOW 2026,United Kingdom 🇬🇧,2026,Mixed,ATHX,Endurance,,,,,,,3.908KM,5.134KM,25
26,Rachael Parkinson & Joe Robinson,ATHX GLASGOW 2026,United Kingdom 🇬🇧,2026,Mixed,ATHX,Endurance,,,,,,,3.696KM,5.33KM,26
27,Erin Meehan & Andrew Morrison,ATHX GLASGOW 2026,United Kingdom 🇬🇧,2026,Mixed,ATHX,Endurance,,,,,,,4.5KM,4.509KM,27
28,Siobhan Connolly & David Pearson,ATHX GLASGOW 2026,United Kingdom 🇬🇧,2026,Mixed,ATHX,Endurance,,,,,,,4.269KM,4.736KM,28
29,Anthony Cheetham & Rachel Cheetham,ATHX GLASGOW 2026,United Kingdom 🇬🇧,2026,Mixed,ATHX,Endurance,,,,,,,3.75KM,5.248KM,29
30,Jasmine Smith & Jack Hedges,ATHX GLASGOW 2026,United Kingdom 🇬🇧,2026,Mixed,ATHX,Endurance,,,,,,,3.644KM,5.331KM,30
31,Glyn Broadhurst & Sara Wilson,ATHX GLASGOW 2026,United Kingdom 🇬🇧,2026,Mixed,ATHX,Endurance,,,,,,,4.041KM,4.903KM,31
32,Felix Melling & Naomi McMinn,ATHX GLASGOW 2026,United Kingdom 🇬🇧,2026,Mixed,ATHX,Endurance,,,,,,,3.75KM,5.186KM,32
33,Laura Anderson & Scott Anderson,ATHX GLASGOW 2026,United Kingdom 🇬🇧,2026,Mixed,ATHX,Endurance,,,,,,,3.75KM,5.152KM,33
34,Rachel Woods & Kieran Greene,ATHX GLASGOW 2026,United Kingdom 🇬🇧,2026,Mixed,ATHX,Endurance,,,,,,,3.668KM,5.21KM,34
35,Ella Ozikiz & william Faulkner,ATHX GLASGOW 2026,United Kingdom 🇬🇧,2026,Mixed,ATHX,Endurance,,,,,,,4KM,4.874KM,35
36,Michael Robertson & Emmerleigh Barter,ATHX GLASGOW 2026,United Kingdom 🇬🇧,2026,Mixed,ATHX,Endurance,,,,,,,3.552KM,5.313KM,36
37,Candy Moreira & Callum Stewart,ATHX GLASGOW 2026,United Kingdom 🇬🇧,2026,Mixed,ATHX,Endurance,,,,,,,3.726KM,5.126KM,37
38,Rebecca Munro & Adam Munro,ATHX GLASGOW 2026,United Kingdom 🇬🇧,2026,Mixed,ATHX,Endurance,,,,,,,4.078KM,4.728KM,38
39,Michelle Brown & David Shorter,ATHX GLASGOW 2026,United Kingdom 🇬🇧,2026,Mixed,ATHX,Endurance,,,,,,,3.75KM,5.051KM,39
40,Isabel Dutton & Ryan Dudley,ATHX GLASGOW 2026,United Kingdom 🇬🇧,2026,Mixed,ATHX,Endurance,,,,,,,3.75KM,5.038KM,40
41,Alexandra Sakhatova & William Hastings,ATHX GLASGOW 2026,United Kingdom 🇬🇧,2026,Mixed,ATHX,Endurance,,,,,,,3.582KM,5.184KM,41
42,Dougie Stevenson & Annabelle Leitch,ATHX GLASGOW 2026,United Kingdom 🇬🇧,2026,Mixed,ATHX,Endurance,,,,,,,3.856KM,4.889KM,42
43,Oliver Wright & Asja Atikovic,ATHX GLASGOW 2026,United Kingdom 🇬🇧,2026,Mixed,ATHX,Endurance,,,,,,,3.75KM,4.991KM,43
44,Tagan Lawson & Ryan Newall,ATHX GLASGOW 2026,United Kingdom 🇬🇧,2026,Mixed,ATHX,Endurance,,,,,,,3.927KM,4.813KM,44
45,Justine Milne & Brad Stokes,ATHX GLASGOW 2026,United Kingdom 🇬🇧,2026,Mixed,ATHX,Endurance,,,,,,,3.955KM,4.781KM,45
46,Nicolle McBean & Gregor Bain,ATHX GLASGOW 2026,United Kingdom 🇬🇧,2026,Mixed,ATHX,Endurance,,,,,,,3.72KM,5.012KM,46
47,Emma Heggarty & Chris Heggarty,ATHX GLASGOW 2026,United Kingdom 🇬🇧,2026,Mixed,ATHX,Endurance,,,,,,,3.637KM,5.073KM,47
48,Priya Panesar & Rishi Panesar,ATHX GLASGOW 2026,United Kingdom 🇬🇧,2026,Mixed,ATHX,Endurance,,,,,,,3.658KM,5.048KM,48
49,Luke Moffoot & Alanya Rigg,ATHX GLASGOW 2026,United Kingdom 🇬🇧,2026,Mixed,ATHX,Endurance,,,,,,,3.793KM,4.907KM,49
50,Ruaridh Henderson & Marie Wilson,ATHX GLASGOW 2026,United Kingdom 🇬🇧,2026,Mixed,ATHX,Endurance,,,,,,,3.75KM,4.945KM,50
51,Leigh Leslie & Angus Leslie,ATHX GLASGOW 2026,United Kingdom 🇬🇧,2026,Mixed,ATHX,Endurance,,,,,,,3.332KM,5.354KM,51
52,Louise Markwick & Matthew Markwick,ATHX GLASGOW 2026,United Kingdom 🇬🇧,2026,Mixed,ATHX,Endurance,,,,,,,3.75KM,4.926KM,52
53,Nicole Chatila & David Armstrong,ATHX GLASGOW 2026,United Kingdom 🇬🇧,2026,Mixed,ATHX,Endurance,,,,,,,3.75KM,4.918KM,53
54,Lee Kovacs & Sarah Weston,ATHX GLASGOW 2026,United Kingdom 🇬🇧,2026,Mixed,ATHX,Endurance,,,,,,,3.75KM,4.915KM,54
55,Leeann Keenan & Martin McCann,ATHX GLASGOW 2026,United Kingdom 🇬🇧,2026,Mixed,ATHX,Endurance,,,,,,,3.689KM,4.968KM,55
56,Tim McKeown & Emily Bond,ATHX GLASGOW 2026,United Kingdom 🇬🇧,2026,Mixed,ATHX,Endurance,,,,,,,3.655KM,4.999KM,56
57,Scott Hurn & Lianne Campbell,ATHX GLASGOW 2026,United Kingdom 🇬🇧,2026,Mixed,ATHX,Endurance,,,,,,,3.686KM,4.928KM,57
58,KYLE Colville & Rebecca Croll,ATHX GLASGOW 2026,United Kingdom 🇬🇧,2026,Mixed,ATHX,Endurance,,,,,,,3.647KM,4.958KM,58
59,Scott Ross & Gemma Ross,ATHX GLASGOW 2026,United Kingdom 🇬🇧,2026,Mixed,ATHX,Endurance,,,,,,,3.496KM,5.08KM,59
60,Dylan Diamond & ellie cassels,ATHX GLASGOW 2026,United Kingdom 🇬🇧,2026,Mixed,ATHX,Endurance,,,,,,,3.75KM,4.81KM,60
61,Craig Sankey & Claire Sankey,ATHX GLASGOW 2026,United Kingdom 🇬🇧,2026,Mixed,ATHX,Endurance,,,,,,,3.522KM,5.029KM,61
62,Sara Lanci & Luca Albertini,ATHX GLASGOW 2026,United Kingdom 🇬🇧,2026,Mixed,ATHX,Endurance,,,,,,,3.671KM,4.87KM,62
63,Barry Stephen & Jacqui Marwick,ATHX GLASGOW 2026,United Kingdom 🇬🇧,2026,Mixed,ATHX,Endurance,,,,,,,3.679KM,4.85KM,63
64,Alice Wilkinson & Matthew Graham,ATHX GLASGOW 2026,United Kingdom 🇬🇧,2026,Mixed,ATHX,Endurance,,,,,,,3.75KM,4.753KM,64
65,Thomas Jackson & Emma Jackson,ATHX GLASGOW 2026,United Kingdom 🇬🇧,2026,Mixed,ATHX,Endurance,,,,,,,3.685KM,4.809KM,65
66,Dave Wade & Esme Anderson,ATHX GLASGOW 2026,United Kingdom 🇬🇧,2026,Mixed,ATHX,Endurance,,,,,,,3.523KM,4.93KM,66
67,Caitlin Maley & Mario Girasoli,ATHX GLASGOW 2026,United Kingdom 🇬🇧,2026,Mixed,ATHX,Endurance,,,,,,,3.989KM,4.46KM,67
68,Gemma Ross & Jim Brosnan,ATHX GLASGOW 2026,United Kingdom 🇬🇧,2026,Mixed,ATHX,Endurance,,,,,,,3.61KM,4.831KM,68
69,Aileen Murdoch & Anthony Boyce,ATHX GLASGOW 2026,United Kingdom 🇬🇧,2026,Mixed,ATHX,Endurance,,,,,,,3.616KM,4.811KM,69
70,David Boles & India Isles,ATHX GLASGOW 2026,United Kingdom 🇬🇧,2026,Mixed,ATHX,Endurance,,,,,,,3.669KM,4.748KM,70
71,Charlotte Connolly & Francis Connolly,ATHX GLASGOW 2026,United Kingdom 🇬🇧,2026,Mixed,ATHX,Endurance,,,,,,,3.78KM,4.633KM,71
72,Shona Massey & Guy Hopson,ATHX GLASGOW 2026,United Kingdom 🇬🇧,2026,Mixed,ATHX,Endurance,,,,,,,3.5KM,4.886KM,72
73,Jordan Thomson & Becky Mazzarelli,ATHX GLASGOW 2026,United Kingdom 🇬🇧,2026,Mixed,ATHX,Endurance,,,,,,,3.156KM,5.227KM,73
74,Aynsley Torrance & Alasdair Henderson,ATHX GLASGOW 2026,United Kingdom 🇬🇧,2026,Mixed,ATHX,Endurance,,,,,,,3.75KM,4.617KM,74
75,Shona Ramsay & Ross Macmillan.,ATHX GLASGOW 2026,United Kingdom 🇬🇧,2026,Mixed,ATHX,Endurance,,,,,,,3.67KM,4.678KM,75
76,Andrew MCCULLEY & Natasha Bechelli,ATHX GLASGOW 2026,United Kingdom 🇬🇧,2026,Mixed,ATHX,Endurance,,,,,,,3.583KM,4.764KM,76
77,Julie Sanft & Quintan Sanft,ATHX GLASGOW 2026,United Kingdom 🇬🇧,2026,Mixed,ATHX,Endurance,,,,,,,3.508KM,4.825KM,77
78,Ashley Mackay & Jim Mackay,ATHX GLASGOW 2026,United Kingdom 🇬🇧,2026,Mixed,ATHX,Endurance,,,,,,,3.766KM,4.562KM,78
79,David Hair & Ceri Hair,ATHX GLASGOW 2026,United Kingdom 🇬🇧,2026,Mixed,ATHX,Endurance,,,,,,,3.453KM,4.825KM,79
80,Ross Morgan & Esme Reed,ATHX GLASGOW 2026,United Kingdom 🇬🇧,2026,Mixed,ATHX,Endurance,,,,,,,3.494KM,4.768KM,80
81,Christopher Omand & Ruth Omand,ATHX GLASGOW 2026,United Kingdom 🇬🇧,2026,Mixed,ATHX,Endurance,,,,,,,3.304KM,4.948KM,81
82,Meghan Thomson & Scott Trevarthen,ATHX GLASGOW 2026,United Kingdom 🇬🇧,2026,Mixed,ATHX,Endurance,,,,,,,3.75KM,4.483KM,82
83,Garey Thomson & Jennifer Smith,ATHX GLASGOW 2026,United Kingdom 🇬🇧,2026,Mixed,ATHX,Endurance,,,,,,,3.427KM,4.799KM,83
84,Frankie Johnston & Reuben Wilson,ATHX GLASGOW 2026,United Kingdom 🇬🇧,2026,Mixed,ATHX,Endurance,,,,,,,4.081KM,4.091KM,84
85,SCOTT WILSON & Katrina Foster,ATHX GLASGOW 2026,United Kingdom 🇬🇧,2026,Mixed,ATHX,Endurance,,,,,,,3.628KM,4.538KM,85
86,Aimee Robb & Andrew Cruddas,ATHX GLASGOW 2026,United Kingdom 🇬🇧,2026,Mixed,ATHX,Endurance,,,,,,,3.297KM,4.866KM,86
87,Milly Smith & Scott Cruickshanks,ATHX GLASGOW 2026,United Kingdom 🇬🇧,2026,Mixed,ATHX,Endurance,,,,,,,3.5KM,4.653KM,87
88,John Smith & Jodie Lilley,ATHX GLASGOW 2026,United Kingdom 🇬🇧,2026,Mixed,ATHX,Endurance,,,,,,,3KM,5.15KM,88
89,Michael Brady & Hannah Brady,ATHX GLASGOW 2026,United Kingdom 🇬🇧,2026,Mixed,ATHX,Endurance,,,,,,,3.298KM,4.842KM,89
90,Lainey Scott-Campbell & Derek Clifford,ATHX GLASGOW 2026,United Kingdom 🇬🇧,2026,Mixed,ATHX,Endurance,,,,,,,3.222KM,4.895KM,90
91,David Moon & Tracy Williamson,ATHX GLASGOW 2026,United Kingdom 🇬🇧,2026,Mixed,ATHX,Endurance,,,,,,,3.471KM,4.641KM,91
92,Karen Oneill & Brian Gallacher,ATHX GLASGOW 2026,United Kingdom 🇬🇧,2026,Mixed,ATHX,Endurance,,,,,,,3.75KM,4.35KM,92
93,Lauren Thomson & Callan McKay,ATHX GLASGOW 2026,United Kingdom 🇬🇧,2026,Mixed,ATHX,Endurance,,,,,,,3.75KM,4.337KM,93
94,Meg McLean & Mark O'Mailley,ATHX GLASGOW 2026,United Kingdom 🇬🇧,2026,Mixed,ATHX,Endurance,,,,,,,3.572KM,4.499KM,94
95,Stephanie Mackenzie & Ed Mackenzie,ATHX GLASGOW 2026,United Kingdom 🇬🇧,2026,Mixed,ATHX,Endurance,,,,,,,3.267KM,4.697KM,95
96,Malaika Martin & Francis Stephenson,ATHX GLASGOW 2026,United Kingdom 🇬🇧,2026,Mixed,ATHX,Endurance,,,,,,,3.2KM,4.725KM,96
97,Emily Divine & Fraser Kennedy,ATHX GLASGOW 2026,United Kingdom 🇬🇧,2026,Mixed,ATHX,Endurance,,,,,,,3.344KM,4.537KM,97
98,Rachel Lind & Cameron McPherson,ATHX GLASGOW 2026,United Kingdom 🇬🇧,2026,Mixed,ATHX,Endurance,,,,,,,3.544KM,4.262KM,98
99,Paige Hendry & Aiden Dunkley,ATHX GLASGOW 2026,United Kingdom 🇬🇧,2026,Mixed,ATHX,Endurance,,,,,,,3.483KM,4.308KM,99
100,Jessica Harris & Delyar Baker,ATHX GLASGOW 2026,United Kingdom 🇬🇧,2026,Mixed,ATHX,Endurance,,,,,,,3.672KM,4.088KM,100
101,Hazel Sibbald & Jordan Sibbald,ATHX GLASGOW 2026,United Kingdom 🇬🇧,2026,Mixed,ATHX,Endurance,,,,,,,3.566KM,4.159KM,101
102,Ingrid Taylor & Euan Kember,ATHX GLASGOW 2026,United Kingdom 🇬🇧,2026,Mixed,ATHX,Endurance,,,,,,,3.571KM,4.129KM,102
103,Clare Webster & Adam Cameron,ATHX GLASGOW 2026,United Kingdom 🇬🇧,2026,Mixed,ATHX,Endurance,,,,,,,3.529KM,4.141KM,103
104,Jemima Mackenzie & Felix Hodson,ATHX GLASGOW 2026,United Kingdom 🇬🇧,2026,Mixed,ATHX,Endurance,,,,,,,3.26KM,4.363KM,104
105,Shaun Thompson & Kate Sutherland,ATHX GLASGOW 2026,United Kingdom 🇬🇧,2026,Mixed,ATHX,Endurance,,,,,,,3.041KM,4.55KM,105
106,Dougie Whiteford & Erin Howieson,ATHX GLASGOW 2026,United Kingdom 🇬🇧,2026,Mixed,ATHX,Endurance,,,,,,,3KM,4.518KM,106
107,Francesca Cocchia & Michael Smith,ATHX GLASGOW 2026,United Kingdom 🇬🇧,2026,Mixed,ATHX,Endurance,,,,,,,3.04KM,4.435KM,107
108,Stuart Rae & Christine Rae,ATHX GLASGOW 2026,United Kingdom 🇬🇧,2026,Mixed,ATHX,Endurance,,,,,,,3.063KM,3.838KM,108
109,Sarah Frewin & Rich Peacock,ATHX GLASGOW 2026,United Kingdom 🇬🇧,2026,Mixed,ATHX,Endurance,,,,,,,2.75KM,4.052KM,109
1,Jordan Scott & Ryan Anderson,ATHX GLASGOW 2026,United Kingdom 🇬🇧,2026,Male,ATHX Lite,Strength,,,,180KG,340KG,380KG,,,1
2,Ignacio Medina Marchant & Duncan Collard,ATHX GLASGOW 2026,United Kingdom 🇬🇧,2026,Male,ATHX Lite,Strength,,,,125KG,253KG,333KG,,,2
3,steven gilchrist & Stuart Cameron,ATHX GLASGOW 2026,United Kingdom 🇬🇧,2026,Male,ATHX Lite,Strength,,,,148KG,230KG,300KG,,,3
4,Stuart Leatherbarrow & Martin Spence,ATHX GLASGOW 2026,United Kingdom 🇬🇧,2026,Male,ATHX Lite,Strength,,,,138KG,245KG,280KG,,,4
5,Ian Campbell & Charlie Jee,ATHX GLASGOW 2026,United Kingdom 🇬🇧,2026,Male,ATHX Lite,Strength,,,,120KG,230KG,310KG,,,5
6,Harry Friar & Ollie Boreham,ATHX GLASGOW 2026,United Kingdom 🇬🇧,2026,Male,ATHX Lite,Strength,,,,128KG,210KG,240KG,,,6
7,Stefan O'Connor & Gary Elwin,ATHX GLASGOW 2026,United Kingdom 🇬🇧,2026,Male,ATHX Lite,Strength,,,,113KG,185KG,230KG,,,7
8,Neil Thompson & Peter Armitage-Scott,ATHX GLASGOW 2026,United Kingdom 🇬🇧,2026,Male,ATHX Lite,Strength,,,,105KG,158KG,210KG,,,8
