rank,team_name,event,country,year,division,event_category,workout_filter,Strength,Endurance,MetCon X,1RM Strict Press,3RM Back Squat,5RM Deadlift,Run,Row,Points
1,Dean Göldi & Lars Dreier,ATHX MUNICH 2026,Germany 🇩🇪,2026,Male,ATHX Lite,Overall,2 (648KG),1 (8.701KM),1 (12:10),,,,,,4
2,Julian Schwikart & Christian Ambichl,ATHX BERLIN 2026,Germany 🇩🇪,2026,Male,ATHX Lite,Overall,1 (761KG),5 (8.173KM),2 (12:35),,,,,,8
3,Erick Martinez Velazquez & Gerardo Torres,ATHX MUNICH 2026,Germany 🇩🇪,2026,Male,ATHX Lite,Overall,5 (545KG),2 (8.472KM),3 (12:49),,,,,,10
4,Rhydian Powell & Jay Jones,ATHX BERLIN 2026,Germany 🇩🇪,2026,Male,ATHX Lite,Overall,3 (640KG),6 (8.158KM),8 (15:10),,,,,,17
4,Tammo Bettex & Michael Adelhardt,ATHX BERLIN 2026,Germany 🇩🇪,2026,Male,ATHX Lite,Overall,9 (492KG),4 (8.332KM),4 (14:15),,,,,,17
6,Robert Wiersbinski & Matthias Trumpold,ATHX BERLIN 2026,Germany 🇩🇪,2026,Male,ATHX Lite,Overall,4 (583KG),10 (7.067KM),4 (14:15),,,,,,18
7,Christian Zittel & Carsten Rothmann,ATHX BERLIN 2026,Germany 🇩🇪,2026,Male,ATHX Lite,Overall,8 (505KG),8 (7.902KM),6 (14:24),,,,,,22
8,Jonas Raffelsiefer & Mark Bertleff,ATHX MUNICH 2026,Germany 🇩🇪,2026,Male,ATHX Lite,Overall,10 (468KG),7 (8.027KM),7 (14:34),,,,,,24
8,Timo Schmitz & Lennard Schneider,ATHX MUNICH 2026,Germany 🇩🇪,2026,Male,ATHX Lite,Overall,11 (465KG),3 (8.453KM),10 (15:33),,,,,,24
8,Jim Orlando & Diego Juarez,ATHX BERLIN 2026,Germany 🇩🇪,2026,Male,ATHX Lite,Overall,6 (535KG),9 (7.355KM),9 (15:16),,,,,,24
11,Idwal Casement & Aaron Chu,ATHX MUNICH 2026,Germany 🇩🇪,2026,Male,ATHX Lite,Overall,7 (520KG),11 (6.376KM),11 (21:18),,,,,,29
1,Dean Göldi & Lars Dreier,ATHX MUNICH 2026,Germany 🇩🇪,2026,Male,ATHX Lite,Endurance,,,,,,,3.5KM,5.201KM,1
2,Erick Martinez Velazquez & Gerardo Torres,ATHX MUNICH 2026,Germany 🇩🇪,2026,Male,ATHX Lite,Endurance,,,,,,,3.5KM,4.972KM,2
3,Timo Schmitz & Lennard Schneider,ATHX MUNICH 2026,Germany 🇩🇪,2026,Male,ATHX Lite,Endurance,,,,,,,4KM,4.453KM,3
4,Tammo Bettex & Michael Adelhardt,ATHX BERLIN 2026,Germany 🇩🇪,2026,Male,ATHX Lite,Endurance,,,,,,,3.227KM,5.105KM,4
5,Julian Schwikart & Christian Ambichl,ATHX BERLIN 2026,Germany 🇩🇪,2026,Male,ATHX Lite,Endurance,,,,,,,3KM,5.173KM,5
6,Rhydian Powell & Jay Jones,ATHX BERLIN 2026,Germany 🇩🇪,2026,Male,ATHX Lite,Endurance,,,,,,,3.532KM,4.626KM,6
7,Jonas Raffelsiefer & Mark Bertleff,ATHX MUNICH 2026,Germany 🇩🇪,2026,Male,ATHX Lite,Endurance,,,,,,,3.086KM,4.941KM,7
8,Christian Zittel & Carsten Rothmann,ATHX BERLIN 2026,Germany 🇩🇪,2026,Male,ATHX Lite,Endurance,,,,,,,2.688KM,5.214KM,8
9,Jim Orlando & Diego Juarez,ATHX BERLIN 2026,Germany 🇩🇪,2026,Male,ATHX Lite,Endurance,,,,,,,2.797KM,4.558KM,9
10,Robert Wiersbinski & Matthias Trumpold,ATHX BERLIN 2026,Germany 🇩🇪,2026,Male,ATHX Lite,Endurance,,,,,,,2.5KM,4.567KM,10
11,Idwal Casement & Aaron Chu,ATHX MUNICH 2026,Germany 🇩🇪,2026,Male,ATHX Lite,Endurance,,,,,,,2.7KM,3.676KM,11
1,Tobias Moos & Tina Dragutinovic-Moos,ATHX BERLIN 2026,Germany 🇩🇪,2026,Mixed,ATHX Lite,Overall,1 (653KG),1 (8.819KM),2 (12:07),,,,,,4
2,Justyna Niemczyk & Kacper Duc,ATHX BERLIN 2026,Germany 🇩🇪,2026,Mixed,ATHX Lite,Overall,6 (526KG),2 (8.677KM),3 (12:22),,,,,,11
3,Jessika Sigmund & Nikolai Rein,ATHX MUNICH 2026,Germany 🇩🇪,2026,Mixed,ATHX Lite,Overall,5 (530KG),6 (8.171KM),1 (11:54),,,,,,12
4,Daniel Brandis & Benita-Francesca Teichmann,ATHX BERLIN 2026,Germany 🇩🇪,2026,Mixed,ATHX Lite,Overall,3 (583KG),7 (8.155KM),6 (13:36),,,,,,16
5,Amy Wake & Richard Marston,ATHX BERLIN 2026,Germany 🇩🇪,2026,Mixed,ATHX Lite,Overall,13 (483KG),4 (8.391KM),4 (12:45),,,,,,21
6,Andreas Behon & Stefanie Elker,ATHX MUNICH 2026,Germany 🇩🇪,2026,Mixed,ATHX Lite,Overall,9 (511KG),11 (7.917KM),7 (13:37),,,,,,27
6,Rebecca Mengering & Heiko Weirauch,ATHX BERLIN 2026,Germany 🇩🇪,2026,Mixed,ATHX Lite,Overall,19 (455KG),3 (8.673KM),5 (13:14),,,,,,27
8,Benedikt Lößl & Susan Lößl,ATHX MUNICH 2026,Germany 🇩🇪,2026,Mixed,ATHX Lite,Overall,12 (490KG),9 (8.062KM),12 (14:36),,,,,,33
9,Vanja Lier & Johannes Hatz,ATHX BERLIN 2026,Germany 🇩🇪,2026,Mixed,ATHX Lite,Overall,22 (429KG),5 (8.193KM),15 (15:09),,,,,,42
9,Georgios Kanistras & Saskia-Alessandra Forkel,ATHX BERLIN 2026,Germany 🇩🇪,2026,Mixed,ATHX Lite,Overall,11 (491KG),15 (7.796KM),16 (15:23),,,,,,42
9,Florian Rüther & Pia Rüther,ATHX BERLIN 2026,Germany 🇩🇪,2026,Mixed,ATHX Lite,Overall,20 (438KG),13 (7.878KM),9 (14:22),,,,,,42
12,Constantin Jorde & Sandy Sorger,ATHX BERLIN 2026,Germany 🇩🇪,2026,Mixed,ATHX Lite,Overall,18 (456KG),12 (7.882KM),13 (14:53),,,,,,43
12,Maren Kaspers & Frank Piotraschke,ATHX BERLIN 2026,Germany 🇩🇪,2026,Mixed,ATHX Lite,Overall,14 (478KG),21 (7.61KM),8 (13:54),,,,,,43
12,Paul-Louis Kuhnke & Josephine Schröder,ATHX BERLIN 2026,Germany 🇩🇪,2026,Mixed,ATHX Lite,Overall,16 (471KG),10 (7.935KM),17 (15:32),,,,,,43
15,Anja Rausch & Marco Gravera,ATHX BERLIN 2026,Germany 🇩🇪,2026,Mixed,ATHX Lite,Overall,7 (520KG),18 (7.731KM),20 (16:07),,,,,,45
16,Monika Sestic & Slaven Sestic,ATHX MUNICH 2026,Germany 🇩🇪,2026,Mixed,ATHX Lite,Overall,10 (498KG),22 (7.525KM),14 (15:05),,,,,,46
17,Veronika Hutter & Bernhard Grellmann,ATHX MUNICH 2026,Germany 🇩🇪,2026,Mixed,ATHX Lite,Overall,2 (600KG),24 (7.46KM),21 (16:21),,,,,,47
18,Jochen Bauer & Lena Kapp,ATHX MUNICH 2026,Germany 🇩🇪,2026,Mixed,ATHX Lite,Overall,17 (465KG),19 (7.728KM),11 (14:35),,,,,,47
19,Adrian Dreßler & Milena Belitzer,ATHX BERLIN 2026,Germany 🇩🇪,2026,Mixed,ATHX Lite,Overall,23 (425KG),23 (7.517KM),10 (14:33),,,,,,56
19,Vasiliki Koutsogianni & Miguel Azevedo,ATHX BERLIN 2026,Germany 🇩🇪,2026,Mixed,ATHX Lite,Overall,8 (517KG),26 (7.361KM),22 (16:29),,,,,,56
21,Sandra Aurich & Philip Aurich,ATHX MUNICH 2026,Germany 🇩🇪,2026,Mixed,ATHX Lite,Overall,14 (478KG),20 (7.676KM),23 (16:44),,,,,,57
22,Stefanie Preuß & Sven Preuß,ATHX BERLIN 2026,Germany 🇩🇪,2026,Mixed,ATHX Lite,Overall,3 (583KG),32 (6.51KM),25 (17:44),,,,,,60
23,Thiago Costas & Janine Balzer,ATHX BERLIN 2026,Germany 🇩🇪,2026,Mixed,ATHX Lite,Overall,29 (380KG),8 (8.103KM),24 (17:05),,,,,,61
24,Rene Schönleber & Cornelia Schönleber,ATHX MUNICH 2026,Germany 🇩🇪,2026,Mixed,ATHX Lite,Overall,31 (367KG),16 (7.778KM),19 (15:47),,,,,,66
25,Reinhard Rubow & Michy Mann,ATHX BERLIN 2026,Germany 🇩🇪,2026,Mixed,ATHX Lite,Overall,27 (393KG),14 (7.856KM),28 (18:08),,,,,,69
26,Alessa Frey & Nils Bonacker,ATHX BERLIN 2026,Germany 🇩🇪,2026,Mixed,ATHX Lite,Overall,26 (398KG),17 (7.754KM),27 (18:07),,,,,,70
27,Anne-Lena Döring & Rochell Balakumar,ATHX MUNICH 2026,Germany 🇩🇪,2026,Mixed,ATHX Lite,Overall,28 (384KG),30 (7.024KM),18 (15:41),,,,,,76
28,Ly Trinh & Clement Poku,ATHX MUNICH 2026,Germany 🇩🇪,2026,Mixed,ATHX Lite,Overall,24 (415KG),27 (7.296KM),29 (18:16),,,,,,80
29,Karsten Mevißen & Stefanie Dressel,ATHX MUNICH 2026,Germany 🇩🇪,2026,Mixed,ATHX Lite,Overall,30 (373KG),25 (7.447KM),26 (17:53),,,,,,81
30,Bünyamin Özcelik & Burcin Özcelik,ATHX BERLIN 2026,Germany 🇩🇪,2026,Mixed,ATHX Lite,Overall,21 (435KG),29 (7.042KM),32 (20:36),,,,,,82
31,Kira Baumeister & Maximilian Hochsteiner,ATHX MUNICH 2026,Germany 🇩🇪,2026,Mixed,ATHX Lite,Overall,25 (400KG),31 (6.964KM),30 (18:48),,,,,,86
32,Christoph Jerabeck & Catharina Plöckl,ATHX MUNICH 2026,Germany 🇩🇪,2026,Mixed,ATHX Lite,Overall,32 (324KG),28 (7.234KM),31 (19:14),,,,,,91
1,Tobias Moos & Tina Dragutinovic-Moos,ATHX BERLIN 2026,Germany 🇩🇪,2026,Mixed,ATHX Lite,Endurance,,,,,,,3.825KM,4.994KM,1
2,Justyna Niemczyk & Kacper Duc,ATHX BERLIN 2026,Germany 🇩🇪,2026,Mixed,ATHX Lite,Endurance,,,,,,,3.717KM,4.96KM,2
3,Rebecca Mengering & Heiko Weirauch,ATHX BERLIN 2026,Germany 🇩🇪,2026,Mixed,ATHX Lite,Endurance,,,,,,,3.649KM,5.024KM,3
4,Amy Wake & Richard Marston,ATHX BERLIN 2026,Germany 🇩🇪,2026,Mixed,ATHX Lite,Endurance,,,,,,,3.353KM,5.038KM,4
5,Vanja Lier & Johannes Hatz,ATHX BERLIN 2026,Germany 🇩🇪,2026,Mixed,ATHX Lite,Endurance,,,,,,,3.441KM,4.752KM,5
6,Jessika Sigmund & Nikolai Rein,ATHX MUNICH 2026,Germany 🇩🇪,2026,Mixed,ATHX Lite,Endurance,,,,,,,2.848KM,5.323KM,6
7,Daniel Brandis & Benita-Francesca Teichmann,ATHX BERLIN 2026,Germany 🇩🇪,2026,Mixed,ATHX Lite,Endurance,,,,,,,3.012KM,5.143KM,7
8,Thiago Costas & Janine Balzer,ATHX BERLIN 2026,Germany 🇩🇪,2026,Mixed,ATHX Lite,Endurance,,,,,,,3.5KM,4.603KM,8
9,Benedikt Lößl & Susan Lößl,ATHX MUNICH 2026,Germany 🇩🇪,2026,Mixed,ATHX Lite,Endurance,,,,,,,2.947KM,5.115KM,9
10,Paul-Louis Kuhnke & Josephine Schröder,ATHX BERLIN 2026,Germany 🇩🇪,2026,Mixed,ATHX Lite,Endurance,,,,,,,3.591KM,4.344KM,10
11,Andreas Behon & Stefanie Elker,ATHX MUNICH 2026,Germany 🇩🇪,2026,Mixed,ATHX Lite,Endurance,,,,,,,2.917KM,5KM,11
12,Constantin Jorde & Sandy Sorger,ATHX BERLIN 2026,Germany 🇩🇪,2026,Mixed,ATHX Lite,Endurance,,,,,,,3.096KM,4.786KM,12
13,Florian Rüther & Pia Rüther,ATHX BERLIN 2026,Germany 🇩🇪,2026,Mixed,ATHX Lite,Endurance,,,,,,,3.165KM,4.713KM,13
14,Reinhard Rubow & Michy Mann,ATHX BERLIN 2026,Germany 🇩🇪,2026,Mixed,ATHX Lite,Endurance,,,,,,,3.5KM,4.356KM,14
15,Georgios Kanistras & Saskia-Alessandra Forkel,ATHX BERLIN 2026,Germany 🇩🇪,2026,Mixed,ATHX Lite,Endurance,,,,,,,3.454KM,4.342KM,15
16,Rene Schönleber & Cornelia Schönleber,ATHX MUNICH 2026,Germany 🇩🇪,2026,Mixed,ATHX Lite,Endurance,,,,,,,3KM,4.778KM,16
17,Alessa Frey & Nils Bonacker,ATHX BERLIN 2026,Germany 🇩🇪,2026,Mixed,ATHX Lite,Endurance,,,,,,,3.42KM,4.334KM,17
18,Anja Rausch & Marco Gravera,ATHX BERLIN 2026,Germany 🇩🇪,2026,Mixed,ATHX Lite,Endurance,,,,,,,3.198KM,4.533KM,18
19,Jochen Bauer & Lena Kapp,ATHX MUNICH 2026,Germany 🇩🇪,2026,Mixed,ATHX Lite,Endurance,,,,,,,2.86KM,4.868KM,19
20,Sandra Aurich & Philip Aurich,ATHX MUNICH 2026,Germany 🇩🇪,2026,Mixed,ATHX Lite,Endurance,,,,,,,3KM,4.676KM,20
21,Maren Kaspers & Frank Piotraschke,ATHX BERLIN 2026,Germany 🇩🇪,2026,Mixed,ATHX Lite,Endurance,,,,,,,3KM,4.61KM,21
22,Monika Sestic & Slaven Sestic,ATHX MUNICH 2026,Germany 🇩🇪,2026,Mixed,ATHX Lite,Endurance,,,,,,,3KM,4.525KM,22
23,Adrian Dreßler & Milena Belitzer,ATHX BERLIN 2026,Germany 🇩🇪,2026,Mixed,ATHX Lite,Endurance,,,,,,,2.715KM,4.802KM,23
24,Veronika Hutter & Bernhard Grellmann,ATHX MUNICH 2026,Germany 🇩🇪,2026,Mixed,ATHX Lite,Endurance,,,,,,,2.972KM,4.488KM,24
25,Karsten Mevißen & Stefanie Dressel,ATHX MUNICH 2026,Germany 🇩🇪,2026,Mixed,ATHX Lite,Endurance,,,,,,,3KM,4.447KM,25
26,Vasiliki Koutsogianni & Miguel Azevedo,ATHX BERLIN 2026,Germany 🇩🇪,2026,Mixed,ATHX Lite,Endurance,,,,,,,3KM,4.361KM,26
27,Ly Trinh & Clement Poku,ATHX MUNICH 2026,Germany 🇩🇪,2026,Mixed,ATHX Lite,Endurance,,,,,,,3KM,4.296KM,27
28,Christoph Jerabeck & Catharina Plöckl,ATHX MUNICH 2026,Germany 🇩🇪,2026,Mixed,ATHX Lite,Endurance,,,,,,,3KM,4.234KM,28
29,Bünyamin Özcelik & Burcin Özcelik,ATHX BERLIN 2026,Germany 🇩🇪,2026,Mixed,ATHX Lite,Endurance,,,,,,,2.984KM,4.058KM,29
30,Anne-Lena Döring & Rochell Balakumar,ATHX MUNICH 2026,Germany 🇩🇪,2026,Mixed,ATHX Lite,Endurance,,,,,,,3.273KM,3.751KM,30
31,Kira Baumeister & Maximilian Hochsteiner,ATHX MUNICH 2026,Germany 🇩🇪,2026,Mixed,ATHX Lite,Endurance,,,,,,,3KM,3.964KM,31
32,Stefanie Preuß & Sven Preuß,ATHX BERLIN 2026,Germany 🇩🇪,2026,Mixed,ATHX Lite,Endurance,,,,,,,2.5KM,4.01KM,32
1,Isa Braun & Joyce Röhl,ATHX MUNICH 2026,Germany 🇩🇪,2026,Female,ATHX Lite,Overall,6 (386KG),1 (8.654KM),12 (16:09),,,,,,19
2,Diellza Isufaj & Inke Nissen,ATHX BERLIN 2026,Germany 🇩🇪,2026,Female,ATHX Lite,Overall,5 (395KG),17 (7.665KM),3 (14:31),,,,,,25
3,Lisa Eckert & Ellie Heinz,ATHX MUNICH 2026,Germany 🇩🇪,2026,Female,ATHX Lite,Overall,1 (500KG),22 (7.574KM),5 (15:14),,,,,,28
4,Diana Petersen & Miriam Post,ATHX BERLIN 2026,Germany 🇩🇪,2026,Female,ATHX Lite,Overall,10 (366KG),11 (7.808KM),8 (15:39),,,,,,29
5,Jennifer Lee & Marscha Hoernis,ATHX MUNICH 2026,Germany 🇩🇪,2026,Female,ATHX Lite,Overall,9 (372KG),6 (8.011KM),15 (16:32),,,,,,30
6,Emily Morgenstern & Jana Lobe,ATHX BERLIN 2026,Germany 🇩🇪,2026,Female,ATHX Lite,Overall,10 (366KG),19 (7.634KM),2 (14:16),,,,,,31
7,Anna-Marie Bichler & Sarah Boinski,ATHX MUNICH 2026,Germany 🇩🇪,2026,Female,ATHX Lite,Overall,7 (380KG),5 (8.017KM),21 (17:15),,,,,,33
8,Janina Paaß & Lara Farwick,ATHX BERLIN 2026,Germany 🇩🇪,2026,Female,ATHX Lite,Overall,2 (420KG),23 (7.555KM),10 (16:04),,,,,,35
9,Martina Burkert & Charlotte Schindler,ATHX BERLIN 2026,Germany 🇩🇪,2026,Female,ATHX Lite,Overall,27 (297KG),8 (7.944KM),1 (14:02),,,,,,36
10,Lea Illing & Lina Schwarz,ATHX MUNICH 2026,Germany 🇩🇪,2026,Female,ATHX Lite,Overall,3 (405KG),11 (7.808KM),23 (17:32),,,,,,37
10,Clemence Perrin & Alexia CHOUGRANI OCULY,ATHX MUNICH 2026,Germany 🇩🇪,2026,Female,ATHX Lite,Overall,13 (357KG),7 (8KM),17 (16:47),,,,,,37
12,Amelie Wendelaar Bonga & Helen Rinckens,ATHX BERLIN 2026,Germany 🇩🇪,2026,Female,ATHX Lite,Overall,32 (250KG),2 (8.533KM),4 (14:47),,,,,,38
13,Isabel Reinhardt & Lara Celano,ATHX MUNICH 2026,Germany 🇩🇪,2026,Female,ATHX Lite,Overall,19 (332KG),9 (7.92KM),11 (16:06),,,,,,39
14,Martina Burkert & Charlotte Schindler,ATHX MUNICH 2026,Germany 🇩🇪,2026,Female,ATHX Lite,Overall,30 (279KG),4 (8.26KM),6 (15:20),,,,,,40
15,Andreea Baias & Ina Mudlack,ATHX MUNICH 2026,Germany 🇩🇪,2026,Female,ATHX Lite,Overall,12 (361KG),21 (7.604KM),7 (15:22),,,,,,40
16,Jasmina Schmidt & Vanessa Schilde,ATHX BERLIN 2026,Germany 🇩🇪,2026,Female,ATHX Lite,Overall,21 (319KG),14 (7.754KM),9 (15:48),,,,,,44
17,Susanne Bliesner & Timotée Gbaguidi,ATHX BERLIN 2026,Germany 🇩🇪,2026,Female,ATHX Lite,Overall,4 (396KG),20 (7.624KM),22 (17:28),,,,,,46
18,Laura Kärger & Bonnie-Sue Kurz,ATHX MUNICH 2026,Germany 🇩🇪,2026,Female,ATHX Lite,Overall,8 (378KG),24 (7.551KM),16 (16:35),,,,,,48
19,Amelie Wendelaar Bonga & Isabelle Heger,ATHX MUNICH 2026,Germany 🇩🇪,2026,Female,ATHX Lite,Overall,33 (225KG),3 (8.312KM),13 (16:24),,,,,,49
20,Pamela Teutschländer & Melanie Behrens,ATHX MUNICH 2026,Germany 🇩🇪,2026,Female,ATHX Lite,Overall,15 (348KG),18 (7.663KM),18 (17:01),,,,,,51
20,Franziska Wilsky & Marit Paschke,ATHX BERLIN 2026,Germany 🇩🇪,2026,Female,ATHX Lite,Overall,16 (346KG),10 (7.848KM),25 (18:42),,,,,,51
22,Lisa Kieweg & Theresa Wiedemann,ATHX MUNICH 2026,Germany 🇩🇪,2026,Female,ATHX Lite,Overall,25 (308KG),13 (7.806KM),29 (19:52),,,,,,67
22,Jessica Kourie & Naruna Kamala Viana Guimarães Vierling,ATHX BERLIN 2026,Germany 🇩🇪,2026,Female,ATHX Lite,Overall,23 (314KG),16 (7.719KM),28 (19:34),,,,,,67
22,Saskia Naujok & Sara Douedari,ATHX BERLIN 2026,Germany 🇩🇪,2026,Female,ATHX Lite,Overall,17 (343KG),30 (7.097KM),20 (17:12),,,,,,67
25,Elena Siepe & Katerina Giannoglou,ATHX BERLIN 2026,Germany 🇩🇪,2026,Female,ATHX Lite,Overall,28 (296KG),26 (7.318KM),14 (16:28),,,,,,68
26,Lisa Brennen & Donna Reynolds,ATHX MUNICH 2026,Germany 🇩🇪,2026,Female,ATHX Lite,Overall,24 (309KG),27 (7.235KM),19 (17:10),,,,,,70
27,Anna-Lena Keppner & Rebecca Vielweber,ATHX MUNICH 2026,Germany 🇩🇪,2026,Female,ATHX Lite,Overall,21 (319KG),25 (7.326KM),27 (19:31),,,,,,73
28,Anna-Marie Rose & Christina Leuker,ATHX BERLIN 2026,Germany 🇩🇪,2026,Female,ATHX Lite,Overall,14 (350KG),31 (7.073KM),30 (19:59),,,,,,75
29,Desi Lundoloki & Bianca Flender,ATHX BERLIN 2026,Germany 🇩🇪,2026,Female,ATHX Lite,Overall,18 (341KG),28 (7.126KM),32 (21:23),,,,,,78
30,Ioana Vasu & Iulia Friciu,ATHX MUNICH 2026,Germany 🇩🇪,2026,Female,ATHX Lite,Overall,26 (306KG),32 (6.93KM),24 (17:35),,,,,,82
31,Sara Kosnacova & Terézia Nadaska,ATHX BERLIN 2026,Germany 🇩🇪,2026,Female,ATHX Lite,Overall,29 (292KG),29 (7.125KM),26 (18:58),,,,,,84
32,Katayoon Dokhani & Theresa Scalese,ATHX MUNICH 2026,Germany 🇩🇪,2026,Female,ATHX Lite,Overall,20 (327KG),34 (6.328KM),31 (21:10),,,,,,85
33,Julia Stöcker & Bianca Vojacek,ATHX MUNICH 2026,Germany 🇩🇪,2026,Female,ATHX Lite,Overall,31 (265KG),33 (6.461KM),33 (21:31),,,,,,97
1,Lisa Eckert & Ellie Heinz,ATHX MUNICH 2026,Germany 🇩🇪,2026,Female,ATHX Lite,Strength,,,,90KG,170KG,240KG,,,1
2,Janina Paaß & Lara Farwick,ATHX BERLIN 2026,Germany 🇩🇪,2026,Female,ATHX Lite,Strength,,,,75KG,145KG,200KG,,,2
3,Lea Illing & Lina Schwarz,ATHX MUNICH 2026,Germany 🇩🇪,2026,Female,ATHX Lite,Strength,,,,75KG,155KG,175KG,,,3
4,Susanne Bliesner & Timotée Gbaguidi,ATHX BERLIN 2026,Germany 🇩🇪,2026,Female,ATHX Lite,Strength,,,,74KG,140KG,182KG,,,4
5,Diellza Isufaj & Inke Nissen,ATHX BERLIN 2026,Germany 🇩🇪,2026,Female,ATHX Lite,Strength,,,,65KG,140KG,190KG,,,5
6,Isa Braun & Joyce Röhl,ATHX MUNICH 2026,Germany 🇩🇪,2026,Female,ATHX Lite,Strength,,,,72KG,134KG,180KG,,,6
7,Anna-Marie Bichler & Sarah Boinski,ATHX MUNICH 2026,Germany 🇩🇪,2026,Female,ATHX Lite,Strength,,,,65KG,135KG,180KG,,,7
8,Laura Kärger & Bonnie-Sue Kurz,ATHX MUNICH 2026,Germany 🇩🇪,2026,Female,ATHX Lite,Strength,,,,73KG,122KG,183KG,,,8
9,Jennifer Lee & Marscha Hoernis,ATHX MUNICH 2026,Germany 🇩🇪,2026,Female,ATHX Lite,Strength,,,,78KG,120KG,174KG,,,9
10,Diana Petersen & Miriam Post,ATHX BERLIN 2026,Germany 🇩🇪,2026,Female,ATHX Lite,Strength,,,,66KG,130KG,170KG,,,10
10,Emily Morgenstern & Jana Lobe,ATHX BERLIN 2026,Germany 🇩🇪,2026,Female,ATHX Lite,Strength,,,,70KG,135KG,161KG,,,10
12,Andreea Baias & Ina Mudlack,ATHX MUNICH 2026,Germany 🇩🇪,2026,Female,ATHX Lite,Strength,,,,81KG,120KG,160KG,,,12
13,Clemence Perrin & Alexia CHOUGRANI OCULY,ATHX MUNICH 2026,Germany 🇩🇪,2026,Female,ATHX Lite,Strength,,,,70KG,135KG,152KG,,,13
14,Anna-Marie Rose & Christina Leuker,ATHX BERLIN 2026,Germany 🇩🇪,2026,Female,ATHX Lite,Strength,,,,70KG,100KG,180KG,,,14
15,Pamela Teutschländer & Melanie Behrens,ATHX MUNICH 2026,Germany 🇩🇪,2026,Female,ATHX Lite,Strength,,,,62KG,130KG,156KG,,,15
16,Franziska Wilsky & Marit Paschke,ATHX BERLIN 2026,Germany 🇩🇪,2026,Female,ATHX Lite,Strength,,,,77KG,110KG,159KG,,,16
17,Saskia Naujok & Sara Douedari,ATHX BERLIN 2026,Germany 🇩🇪,2026,Female,ATHX Lite,Strength,,,,73KG,115KG,155KG,,,17
18,Desi Lundoloki & Bianca Flender,ATHX BERLIN 2026,Germany 🇩🇪,2026,Female,ATHX Lite,Strength,,,,66KG,110KG,165KG,,,18
19,Isabel Reinhardt & Lara Celano,ATHX MUNICH 2026,Germany 🇩🇪,2026,Female,ATHX Lite,Strength,,,,69KG,108KG,155KG,,,19
20,Katayoon Dokhani & Theresa Scalese,ATHX MUNICH 2026,Germany 🇩🇪,2026,Female,ATHX Lite,Strength,,,,65KG,115KG,147KG,,,20
21,Anna-Lena Keppner & Rebecca Vielweber,ATHX MUNICH 2026,Germany 🇩🇪,2026,Female,ATHX Lite,Strength,,,,72KG,110KG,137KG,,,21
21,Jasmina Schmidt & Vanessa Schilde,ATHX BERLIN 2026,Germany 🇩🇪,2026,Female,ATHX Lite,Strength,,,,62KG,115KG,142KG,,,21
23,Jessica Kourie & Naruna Kamala Viana Guimarães Vierling,ATHX BERLIN 2026,Germany 🇩🇪,2026,Female,ATHX Lite,Strength,,,,74KG,90KG,150KG,,,23
24,Lisa Brennen & Donna Reynolds,ATHX MUNICH 2026,Germany 🇩🇪,2026,Female,ATHX Lite,Strength,,,,59KG,95KG,155KG,,,24
25,Lisa Kieweg & Theresa Wiedemann,ATHX MUNICH 2026,Germany 🇩🇪,2026,Female,ATHX Lite,Strength,,,,65KG,98KG,145KG,,,25
26,Ioana Vasu & Iulia Friciu,ATHX MUNICH 2026,Germany 🇩🇪,2026,Female,ATHX Lite,Strength,,,,57KG,118KG,131KG,,,26
27,Martina Burkert & Charlotte Schindler,ATHX BERLIN 2026,Germany 🇩🇪,2026,Female,ATHX Lite,Strength,,,,58KG,105KG,134KG,,,27
28,Elena Siepe & Katerina Giannoglou,ATHX BERLIN 2026,Germany 🇩🇪,2026,Female,ATHX Lite,Strength,,,,58KG,109KG,129KG,,,28
29,Sara Kosnacova & Terézia Nadaska,ATHX BERLIN 2026,Germany 🇩🇪,2026,Female,ATHX Lite,Strength,,,,58KG,104KG,130KG,,,29
30,Martina Burkert & Charlotte Schindler,ATHX MUNICH 2026,Germany 🇩🇪,2026,Female,ATHX Lite,Strength,,,,56KG,97KG,126KG,,,30
31,Julia Stöcker & Bianca Vojacek,ATHX MUNICH 2026,Germany 🇩🇪,2026,Female,ATHX Lite,Strength,,,,45KG,85KG,135KG,,,31
32,Amelie Wendelaar Bonga & Helen Rinckens,ATHX BERLIN 2026,Germany 🇩🇪,2026,Female,ATHX Lite,Strength,,,,51KG,84KG,115KG,,,32
33,Amelie Wendelaar Bonga & Isabelle Heger,ATHX MUNICH 2026,Germany 🇩🇪,2026,Female,ATHX Lite,Strength,,,,45KG,70KG,110KG,,,33
1,Martina Burkert & Charlotte Schindler,ATHX BERLIN 2026,Germany 🇩🇪,2026,Female,ATHX Lite,MetCon X,,,14:02,,,,,,1
2,Emily Morgenstern & Jana Lobe,ATHX BERLIN 2026,Germany 🇩🇪,2026,Female,ATHX Lite,MetCon X,,,14:16,,,,,,2
3,Diellza Isufaj & Inke Nissen,ATHX BERLIN 2026,Germany 🇩🇪,2026,Female,ATHX Lite,MetCon X,,,14:31,,,,,,3
4,Amelie Wendelaar Bonga & Helen Rinckens,ATHX BERLIN 2026,Germany 🇩🇪,2026,Female,ATHX Lite,MetCon X,,,14:47,,,,,,4
5,Lisa Eckert & Ellie Heinz,ATHX MUNICH 2026,Germany 🇩🇪,2026,Female,ATHX Lite,MetCon X,,,15:14,,,,,,5
6,Martina Burkert & Charlotte Schindler,ATHX MUNICH 2026,Germany 🇩🇪,2026,Female,ATHX Lite,MetCon X,,,15:20,,,,,,6
7,Andreea Baias & Ina Mudlack,ATHX MUNICH 2026,Germany 🇩🇪,2026,Female,ATHX Lite,MetCon X,,,15:22,,,,,,7
8,Diana Petersen & Miriam Post,ATHX BERLIN 2026,Germany 🇩🇪,2026,Female,ATHX Lite,MetCon X,,,15:39,,,,,,8
9,Jasmina Schmidt & Vanessa Schilde,ATHX BERLIN 2026,Germany 🇩🇪,2026,Female,ATHX Lite,MetCon X,,,15:48,,,,,,9
10,Janina Paaß & Lara Farwick,ATHX BERLIN 2026,Germany 🇩🇪,2026,Female,ATHX Lite,MetCon X,,,16:04,,,,,,10
11,Isabel Reinhardt & Lara Celano,ATHX MUNICH 2026,Germany 🇩🇪,2026,Female,ATHX Lite,MetCon X,,,16:06,,,,,,11
12,Isa Braun & Joyce Röhl,ATHX MUNICH 2026,Germany 🇩🇪,2026,Female,ATHX Lite,MetCon X,,,16:09,,,,,,12
13,Amelie Wendelaar Bonga & Isabelle Heger,ATHX MUNICH 2026,Germany 🇩🇪,2026,Female,ATHX Lite,MetCon X,,,16:24,,,,,,13
14,Elena Siepe & Katerina Giannoglou,ATHX BERLIN 2026,Germany 🇩🇪,2026,Female,ATHX Lite,MetCon X,,,16:28,,,,,,14
15,Jennifer Lee & Marscha Hoernis,ATHX MUNICH 2026,Germany 🇩🇪,2026,Female,ATHX Lite,MetCon X,,,16:32,,,,,,15
16,Laura Kärger & Bonnie-Sue Kurz,ATHX MUNICH 2026,Germany 🇩🇪,2026,Female,ATHX Lite,MetCon X,,,16:35,,,,,,16
17,Clemence Perrin & Alexia CHOUGRANI OCULY,ATHX MUNICH 2026,Germany 🇩🇪,2026,Female,ATHX Lite,MetCon X,,,16:47,,,,,,17
18,Pamela Teutschländer & Melanie Behrens,ATHX MUNICH 2026,Germany 🇩🇪,2026,Female,ATHX Lite,MetCon X,,,17:01,,,,,,18
19,Lisa Brennen & Donna Reynolds,ATHX MUNICH 2026,Germany 🇩🇪,2026,Female,ATHX Lite,MetCon X,,,17:10,,,,,,19
20,Saskia Naujok & Sara Douedari,ATHX BERLIN 2026,Germany 🇩🇪,2026,Female,ATHX Lite,MetCon X,,,17:12,,,,,,20
21,Anna-Marie Bichler & Sarah Boinski,ATHX MUNICH 2026,Germany 🇩🇪,2026,Female,ATHX Lite,MetCon X,,,17:15,,,,,,21
22,Susanne Bliesner & Timotée Gbaguidi,ATHX BERLIN 2026,Germany 🇩🇪,2026,Female,ATHX Lite,MetCon X,,,17:28,,,,,,22
23,Lea Illing & Lina Schwarz,ATHX MUNICH 2026,Germany 🇩🇪,2026,Female,ATHX Lite,MetCon X,,,17:32,,,,,,23
24,Ioana Vasu & Iulia Friciu,ATHX MUNICH 2026,Germany 🇩🇪,2026,Female,ATHX Lite,MetCon X,,,17:35,,,,,,24
25,Franziska Wilsky & Marit Paschke,ATHX BERLIN 2026,Germany 🇩🇪,2026,Female,ATHX Lite,MetCon X,,,18:42,,,,,,25
26,Sara Kosnacova & Terézia Nadaska,ATHX BERLIN 2026,Germany 🇩🇪,2026,Female,ATHX Lite,MetCon X,,,18:58,,,,,,26
27,Anna-Lena Keppner & Rebecca Vielweber,ATHX MUNICH 2026,Germany 🇩🇪,2026,Female,ATHX Lite,MetCon X,,,19:31,,,,,,27
28,Jessica Kourie & Naruna Kamala Viana Guimarães Vierling,ATHX BERLIN 2026,Germany 🇩🇪,2026,Female,ATHX Lite,MetCon X,,,19:34,,,,,,28
29,Lisa Kieweg & Theresa Wiedemann,ATHX MUNICH 2026,Germany 🇩🇪,2026,Female,ATHX Lite,MetCon X,,,19:52,,,,,,29
30,Anna-Marie Rose & Christina Leuker,ATHX BERLIN 2026,Germany 🇩🇪,2026,Female,ATHX Lite,MetCon X,,,19:59,,,,,,30
31,Katayoon Dokhani & Theresa Scalese,ATHX MUNICH 2026,Germany 🇩🇪,2026,Female,ATHX Lite,MetCon X,,,21:10,,,,,,31
32,Desi Lundoloki & Bianca Flender,ATHX BERLIN 2026,Germany 🇩🇪,2026,Female,ATHX Lite,MetCon X,,,21:23,,,,,,32
33,Julia Stöcker & Bianca Vojacek,ATHX MUNICH 2026,Germany 🇩🇪,2026,Female,ATHX Lite,MetCon X,,,21:31,,,,,,33
34,Tamara Schlecht & Dalel Abdoun-Charef,ATHX MUNICH 2026,Germany 🇩🇪,2026,Female,ATHX Lite,MetCon X,,,23:27,,,,,,34
1,Cara Halliday & Maya Halliday,ATHX BERLIN 2026,Germany 🇩🇪,2026,Female,ATHX Pro,Overall,2 (573KG),4 (9.322KM),1 (15:29),,,,,,7
2,Aleksandra Ertural & Amelie Sinz,ATHX MUNICH 2026,Germany 🇩🇪,2026,Female,ATHX Pro,Overall,4 (521KG),1 (9.473KM),3 (16:20),,,,,,8
3,Emma Ray & Caroline Norton,ATHX BERLIN 2026,Germany 🇩🇪,2026,Female,ATHX Pro,Overall,7 (504KG),2 (9.361KM),2 (15:35),,,,,,11
4,Verena Meindl & Daniela Pechtold,ATHX MUNICH 2026,Germany 🇩🇪,2026,Female,ATHX Pro,Overall,3 (540KG),7 (8.735KM),4 (17:35),,,,,,14
5,Anne-Marie Hansen & Finja Thoroe,ATHX BERLIN 2026,Germany 🇩🇪,2026,Female,ATHX Pro,Overall,8 (456KG),3 (9.332KM),5 (18:41),,,,,,16
6,Suna Graf & vanessa amsler,ATHX MUNICH 2026,Germany 🇩🇪,2026,Female,ATHX Pro,Overall,5 (516KG),5 (8.866KM),7 (18:42),,,,,,17
7,Sandra Sommer & Julia Matthies,ATHX BERLIN 2026,Germany 🇩🇪,2026,Female,ATHX Pro,Overall,1 (593KG),10 (8.435KM),8 (18:43),,,,,,19
8,Claudia Giogiakas & Anja Schaupp,ATHX MUNICH 2026,Germany 🇩🇪,2026,Female,ATHX Pro,Overall,5 (516KG),9 (8.48KM),5 (18:41),,,,,,19
9,Serena Seyfert & Sabine Brendt,ATHX MUNICH 2026,Germany 🇩🇪,2026,Female,ATHX Pro,Overall,10 (445KG),6 (8.776KM),10 (21:30),,,,,,26
10,Sina Rex & Marina Schäfer,ATHX MUNICH 2026,Germany 🇩🇪,2026,Female,ATHX Pro,Overall,11 (433KG),8 (8.484KM),9 (21:16),,,,,,28
11,Jana Martens & Ann-Cathrin Jakob,ATHX MUNICH 2026,Germany 🇩🇪,2026,Female,ATHX Pro,Overall,9 (455KG),12 (8.101KM),12 (22:40),,,,,,33
12,Ilona Neugärtner & Sandra Schiller,ATHX MUNICH 2026,Germany 🇩🇪,2026,Female,ATHX Pro,Overall,12 (410KG),11 (8.109KM),11 (22:24),,,,,,34
1,Julian Schwikart & Christian Ambichl,ATHX BERLIN 2026,Germany 🇩🇪,2026,Male,ATHX Lite,Strength,,,,138KG,283KG,340KG,,,1
2,Dean Göldi & Lars Dreier,ATHX MUNICH 2026,Germany 🇩🇪,2026,Male,ATHX Lite,Strength,,,,123KG,225KG,300KG,,,2
3,Rhydian Powell & Jay Jones,ATHX BERLIN 2026,Germany 🇩🇪,2026,Male,ATHX Lite,Strength,,,,135KG,235KG,270KG,,,3
4,Robert Wiersbinski & Matthias Trumpold,ATHX BERLIN 2026,Germany 🇩🇪,2026,Male,ATHX Lite,Strength,,,,123KG,210KG,250KG,,,4
5,Erick Martinez Velazquez & Gerardo Torres,ATHX MUNICH 2026,Germany 🇩🇪,2026,Male,ATHX Lite,Strength,,,,115KG,215KG,215KG,,,5
6,Jim Orlando & Diego Juarez,ATHX BERLIN 2026,Germany 🇩🇪,2026,Male,ATHX Lite,Strength,,,,115KG,200KG,220KG,,,6
7,Idwal Casement & Aaron Chu,ATHX MUNICH 2026,Germany 🇩🇪,2026,Male,ATHX Lite,Strength,,,,105KG,195KG,220KG,,,7
8,Christian Zittel & Carsten Rothmann,ATHX BERLIN 2026,Germany 🇩🇪,2026,Male,ATHX Lite,Strength,,,,105KG,145KG,255KG,,,8
9,Tammo Bettex & Michael Adelhardt,ATHX BERLIN 2026,Germany 🇩🇪,2026,Male,ATHX Lite,Strength,,,,107KG,170KG,215KG,,,9
10,Jonas Raffelsiefer & Mark Bertleff,ATHX MUNICH 2026,Germany 🇩🇪,2026,Male,ATHX Lite,Strength,,,,103KG,168KG,197KG,,,10
11,Timo Schmitz & Lennard Schneider,ATHX MUNICH 2026,Germany 🇩🇪,2026,Male,ATHX Lite,Strength,,,,95KG,170KG,200KG,,,11
1,Dean Göldi & Lars Dreier,ATHX MUNICH 2026,Germany 🇩🇪,2026,Male,ATHX Lite,MetCon X,,,12:10,,,,,,1
2,Julian Schwikart & Christian Ambichl,ATHX BERLIN 2026,Germany 🇩🇪,2026,Male,ATHX Lite,MetCon X,,,12:35,,,,,,2
3,Erick Martinez Velazquez & Gerardo Torres,ATHX MUNICH 2026,Germany 🇩🇪,2026,Male,ATHX Lite,MetCon X,,,12:49,,,,,,3
4,Robert Wiersbinski & Matthias Trumpold,ATHX BERLIN 2026,Germany 🇩🇪,2026,Male,ATHX Lite,MetCon X,,,14:15,,,,,,4
4,Tammo Bettex & Michael Adelhardt,ATHX BERLIN 2026,Germany 🇩🇪,2026,Male,ATHX Lite,MetCon X,,,14:15,,,,,,4
6,Christian Zittel & Carsten Rothmann,ATHX BERLIN 2026,Germany 🇩🇪,2026,Male,ATHX Lite,MetCon X,,,14:24,,,,,,6
7,Jonas Raffelsiefer & Mark Bertleff,ATHX MUNICH 2026,Germany 🇩🇪,2026,Male,ATHX Lite,MetCon X,,,14:34,,,,,,7
8,Rhydian Powell & Jay Jones,ATHX BERLIN 2026,Germany 🇩🇪,2026,Male,ATHX Lite,MetCon X,,,15:10,,,,,,8
9,Jim Orlando & Diego Juarez,ATHX BERLIN 2026,Germany 🇩🇪,2026,Male,ATHX Lite,MetCon X,,,15:16,,,,,,9
10,Timo Schmitz & Lennard Schneider,ATHX MUNICH 2026,Germany 🇩🇪,2026,Male,ATHX Lite,MetCon X,,,15:33,,,,,,10
11,Idwal Casement & Aaron Chu,ATHX MUNICH 2026,Germany 🇩🇪,2026,Male,ATHX Lite,MetCon X,,,21:18,,,,,,11
1,Tobias Moos & Tina Dragutinovic-Moos,ATHX BERLIN 2026,Germany 🇩🇪,2026,Mixed,ATHX Lite,Strength,,,,133KG,250KG,270KG,,,1
2,Veronika Hutter & Bernhard Grellmann,ATHX MUNICH 2026,Germany 🇩🇪,2026,Mixed,ATHX Lite,Strength,,,,105KG,225KG,270KG,,,2
3,Daniel Brandis & Benita-Francesca Teichmann,ATHX BERLIN 2026,Germany 🇩🇪,2026,Mixed,ATHX Lite,Strength,,,,113KG,220KG,250KG,,,3
3,Stefanie Preuß & Sven Preuß,ATHX BERLIN 2026,Germany 🇩🇪,2026,Mixed,ATHX Lite,Strength,,,,93KG,165KG,325KG,,,3
5,Jessika Sigmund & Nikolai Rein,ATHX MUNICH 2026,Germany 🇩🇪,2026,Mixed,ATHX Lite,Strength,,,,110KG,195KG,225KG,,,5
6,Justyna Niemczyk & Kacper Duc,ATHX BERLIN 2026,Germany 🇩🇪,2026,Mixed,ATHX Lite,Strength,,,,113KG,195KG,218KG,,,6
7,Anja Rausch & Marco Gravera,ATHX BERLIN 2026,Germany 🇩🇪,2026,Mixed,ATHX Lite,Strength,,,,100KG,195KG,225KG,,,7
8,Vasiliki Koutsogianni & Miguel Azevedo,ATHX BERLIN 2026,Germany 🇩🇪,2026,Mixed,ATHX Lite,Strength,,,,102KG,175KG,240KG,,,8
9,Andreas Behon & Stefanie Elker,ATHX MUNICH 2026,Germany 🇩🇪,2026,Mixed,ATHX Lite,Strength,,,,96KG,175KG,240KG,,,9
10,Monika Sestic & Slaven Sestic,ATHX MUNICH 2026,Germany 🇩🇪,2026,Mixed,ATHX Lite,Strength,,,,109KG,165KG,224KG,,,10
11,Georgios Kanistras & Saskia-Alessandra Forkel,ATHX BERLIN 2026,Germany 🇩🇪,2026,Mixed,ATHX Lite,Strength,,,,103KG,155KG,233KG,,,11
12,Benedikt Lößl & Susan Lößl,ATHX MUNICH 2026,Germany 🇩🇪,2026,Mixed,ATHX Lite,Strength,,,,92KG,183KG,215KG,,,12
13,Amy Wake & Richard Marston,ATHX BERLIN 2026,Germany 🇩🇪,2026,Mixed,ATHX Lite,Strength,,,,99KG,154KG,230KG,,,13
14,Sandra Aurich & Philip Aurich,ATHX MUNICH 2026,Germany 🇩🇪,2026,Mixed,ATHX Lite,Strength,,,,108KG,165KG,205KG,,,14
14,Maren Kaspers & Frank Piotraschke,ATHX BERLIN 2026,Germany 🇩🇪,2026,Mixed,ATHX Lite,Strength,,,,113KG,150KG,215KG,,,14
16,Paul-Louis Kuhnke & Josephine Schröder,ATHX BERLIN 2026,Germany 🇩🇪,2026,Mixed,ATHX Lite,Strength,,,,78KG,178KG,215KG,,,16
17,Jochen Bauer & Lena Kapp,ATHX MUNICH 2026,Germany 🇩🇪,2026,Mixed,ATHX Lite,Strength,,,,95KG,170KG,200KG,,,17
18,Constantin Jorde & Sandy Sorger,ATHX BERLIN 2026,Germany 🇩🇪,2026,Mixed,ATHX Lite,Strength,,,,83KG,163KG,210KG,,,18
19,Rebecca Mengering & Heiko Weirauch,ATHX BERLIN 2026,Germany 🇩🇪,2026,Mixed,ATHX Lite,Strength,,,,75KG,160KG,220KG,,,19
20,Florian Rüther & Pia Rüther,ATHX BERLIN 2026,Germany 🇩🇪,2026,Mixed,ATHX Lite,Strength,,,,98KG,155KG,185KG,,,20
21,Bünyamin Özcelik & Burcin Özcelik,ATHX BERLIN 2026,Germany 🇩🇪,2026,Mixed,ATHX Lite,Strength,,,,105KG,150KG,180KG,,,21
22,Vanja Lier & Johannes Hatz,ATHX BERLIN 2026,Germany 🇩🇪,2026,Mixed,ATHX Lite,Strength,,,,84KG,155KG,190KG,,,22
23,Adrian Dreßler & Milena Belitzer,ATHX BERLIN 2026,Germany 🇩🇪,2026,Mixed,ATHX Lite,Strength,,,,85KG,120KG,220KG,,,23
24,Ly Trinh & Clement Poku,ATHX MUNICH 2026,Germany 🇩🇪,2026,Mixed,ATHX Lite,Strength,,,,85KG,150KG,180KG,,,24
25,Kira Baumeister & Maximilian Hochsteiner,ATHX MUNICH 2026,Germany 🇩🇪,2026,Mixed,ATHX Lite,Strength,,,,90KG,150KG,160KG,,,25
26,Alessa Frey & Nils Bonacker,ATHX BERLIN 2026,Germany 🇩🇪,2026,Mixed,ATHX Lite,Strength,,,,90KG,128KG,180KG,,,26
27,Reinhard Rubow & Michy Mann,ATHX BERLIN 2026,Germany 🇩🇪,2026,Mixed,ATHX Lite,Strength,,,,73KG,137KG,183KG,,,27
28,Anne-Lena Döring & Rochell Balakumar,ATHX MUNICH 2026,Germany 🇩🇪,2026,Mixed,ATHX Lite,Strength,,,,84KG,130KG,170KG,,,28
29,Thiago Costas & Janine Balzer,ATHX BERLIN 2026,Germany 🇩🇪,2026,Mixed,ATHX Lite,Strength,,,,80KG,145KG,155KG,,,29
30,Karsten Mevißen & Stefanie Dressel,ATHX MUNICH 2026,Germany 🇩🇪,2026,Mixed,ATHX Lite,Strength,,,,73KG,135KG,165KG,,,30
31,Rene Schönleber & Cornelia Schönleber,ATHX MUNICH 2026,Germany 🇩🇪,2026,Mixed,ATHX Lite,Strength,,,,73KG,114KG,180KG,,,31
32,Christoph Jerabeck & Catharina Plöckl,ATHX MUNICH 2026,Germany 🇩🇪,2026,Mixed,ATHX Lite,Strength,,,,78KG,102KG,144KG,,,32
1,Isa Braun & Joyce Röhl,ATHX MUNICH 2026,Germany 🇩🇪,2026,Female,ATHX Lite,Endurance,,,,,,,4KM,4.654KM,1
2,Amelie Wendelaar Bonga & Helen Rinckens,ATHX BERLIN 2026,Germany 🇩🇪,2026,Female,ATHX Lite,Endurance,,,,,,,3.934KM,4.599KM,2
3,Amelie Wendelaar Bonga & Isabelle Heger,ATHX MUNICH 2026,Germany 🇩🇪,2026,Female,ATHX Lite,Endurance,,,,,,,3.821KM,4.491KM,3
4,Martina Burkert & Charlotte Schindler,ATHX MUNICH 2026,Germany 🇩🇪,2026,Female,ATHX Lite,Endurance,,,,,,,3.6KM,4.66KM,4
5,Anna-Marie Bichler & Sarah Boinski,ATHX MUNICH 2026,Germany 🇩🇪,2026,Female,ATHX Lite,Endurance,,,,,,,3.488KM,4.529KM,5
6,Jennifer Lee & Marscha Hoernis,ATHX MUNICH 2026,Germany 🇩🇪,2026,Female,ATHX Lite,Endurance,,,,,,,3.842KM,4.169KM,6
7,Clemence Perrin & Alexia CHOUGRANI OCULY,ATHX MUNICH 2026,Germany 🇩🇪,2026,Female,ATHX Lite,Endurance,,,,,,,3.357KM,4.643KM,7
8,Martina Burkert & Charlotte Schindler,ATHX BERLIN 2026,Germany 🇩🇪,2026,Female,ATHX Lite,Endurance,,,,,,,3.091KM,4.853KM,8
9,Isabel Reinhardt & Lara Celano,ATHX MUNICH 2026,Germany 🇩🇪,2026,Female,ATHX Lite,Endurance,,,,,,,3.403KM,4.517KM,9
10,Franziska Wilsky & Marit Paschke,ATHX BERLIN 2026,Germany 🇩🇪,2026,Female,ATHX Lite,Endurance,,,,,,,3.473KM,4.375KM,10
11,Lea Illing & Lina Schwarz,ATHX MUNICH 2026,Germany 🇩🇪,2026,Female,ATHX Lite,Endurance,,,,,,,3.305KM,4.503KM,11
11,Diana Petersen & Miriam Post,ATHX BERLIN 2026,Germany 🇩🇪,2026,Female,ATHX Lite,Endurance,,,,,,,3.19KM,4.618KM,11
13,Lisa Kieweg & Theresa Wiedemann,ATHX MUNICH 2026,Germany 🇩🇪,2026,Female,ATHX Lite,Endurance,,,,,,,3.766KM,4.04KM,13
14,Jasmina Schmidt & Vanessa Schilde,ATHX BERLIN 2026,Germany 🇩🇪,2026,Female,ATHX Lite,Endurance,,,,,,,3.328KM,4.426KM,14
15,Tamara Schlecht & Dalel Abdoun-Charef,ATHX MUNICH 2026,Germany 🇩🇪,2026,Female,ATHX Lite,Endurance,,,,,,,3.131KM,4.602KM,15
16,Jessica Kourie & Naruna Kamala Viana Guimarães Vierling,ATHX BERLIN 2026,Germany 🇩🇪,2026,Female,ATHX Lite,Endurance,,,,,,,3.466KM,4.253KM,16
17,Diellza Isufaj & Inke Nissen,ATHX BERLIN 2026,Germany 🇩🇪,2026,Female,ATHX Lite,Endurance,,,,,,,3.175KM,4.49KM,17
18,Pamela Teutschländer & Melanie Behrens,ATHX MUNICH 2026,Germany 🇩🇪,2026,Female,ATHX Lite,Endurance,,,,,,,3.138KM,4.525KM,18
19,Emily Morgenstern & Jana Lobe,ATHX BERLIN 2026,Germany 🇩🇪,2026,Female,ATHX Lite,Endurance,,,,,,,3.203KM,4.431KM,19
20,Susanne Bliesner & Timotée Gbaguidi,ATHX BERLIN 2026,Germany 🇩🇪,2026,Female,ATHX Lite,Endurance,,,,,,,3KM,4.624KM,20
21,Andreea Baias & Ina Mudlack,ATHX MUNICH 2026,Germany 🇩🇪,2026,Female,ATHX Lite,Endurance,,,,,,,3.103KM,4.501KM,21
22,Lisa Eckert & Ellie Heinz,ATHX MUNICH 2026,Germany 🇩🇪,2026,Female,ATHX Lite,Endurance,,,,,,,3.039KM,4.535KM,22
23,Janina Paaß & Lara Farwick,ATHX BERLIN 2026,Germany 🇩🇪,2026,Female,ATHX Lite,Endurance,,,,,,,3KM,4.555KM,23
24,Laura Kärger & Bonnie-Sue Kurz,ATHX MUNICH 2026,Germany 🇩🇪,2026,Female,ATHX Lite,Endurance,,,,,,,2.88KM,4.671KM,24
25,Anna-Lena Keppner & Rebecca Vielweber,ATHX MUNICH 2026,Germany 🇩🇪,2026,Female,ATHX Lite,Endurance,,,,,,,3.082KM,4.244KM,25
26,Elena Siepe & Katerina Giannoglou,ATHX BERLIN 2026,Germany 🇩🇪,2026,Female,ATHX Lite,Endurance,,,,,,,3.146KM,4.172KM,26
27,Lisa Brennen & Donna Reynolds,ATHX MUNICH 2026,Germany 🇩🇪,2026,Female,ATHX Lite,Endurance,,,,,,,3.064KM,4.171KM,27
28,Desi Lundoloki & Bianca Flender,ATHX BERLIN 2026,Germany 🇩🇪,2026,Female,ATHX Lite,Endurance,,,,,,,3.267KM,3.859KM,28
29,Sara Kosnacova & Terézia Nadaska,ATHX BERLIN 2026,Germany 🇩🇪,2026,Female,ATHX Lite,Endurance,,,,,,,3.324KM,3.801KM,29
30,Saskia Naujok & Sara Douedari,ATHX BERLIN 2026,Germany 🇩🇪,2026,Female,ATHX Lite,Endurance,,,,,,,2.908KM,4.189KM,30
31,Anna-Marie Rose & Christina Leuker,ATHX BERLIN 2026,Germany 🇩🇪,2026,Female,ATHX Lite,Endurance,,,,,,,2.703KM,4.37KM,31
32,Ioana Vasu & Iulia Friciu,ATHX MUNICH 2026,Germany 🇩🇪,2026,Female,ATHX Lite,Endurance,,,,,,,3.044KM,3.886KM,32
33,Julia Stöcker & Bianca Vojacek,ATHX MUNICH 2026,Germany 🇩🇪,2026,Female,ATHX Lite,Endurance,,,,,,,2.441KM,4.02KM,33
34,Katayoon Dokhani & Theresa Scalese,ATHX MUNICH 2026,Germany 🇩🇪,2026,Female,ATHX Lite,Endurance,,,,,,,2.558KM,3.77KM,34
1,Jessika Sigmund & Nikolai Rein,ATHX MUNICH 2026,Germany 🇩🇪,2026,Mixed,ATHX Lite,MetCon X,,,11:54,,,,,,1
2,Tobias Moos & Tina Dragutinovic-Moos,ATHX BERLIN 2026,Germany 🇩🇪,2026,Mixed,ATHX Lite,MetCon X,,,12:07,,,,,,2
3,Justyna Niemczyk & Kacper Duc,ATHX BERLIN 2026,Germany 🇩🇪,2026,Mixed,ATHX Lite,MetCon X,,,12:22,,,,,,3
4,Amy Wake & Richard Marston,ATHX BERLIN 2026,Germany 🇩🇪,2026,Mixed,ATHX Lite,MetCon X,,,12:45,,,,,,4
5,Rebecca Mengering & Heiko Weirauch,ATHX BERLIN 2026,Germany 🇩🇪,2026,Mixed,ATHX Lite,MetCon X,,,13:14,,,,,,5
6,Daniel Brandis & Benita-Francesca Teichmann,ATHX BERLIN 2026,Germany 🇩🇪,2026,Mixed,ATHX Lite,MetCon X,,,13:36,,,,,,6
7,Andreas Behon & Stefanie Elker,ATHX MUNICH 2026,Germany 🇩🇪,2026,Mixed,ATHX Lite,MetCon X,,,13:37,,,,,,7
8,Maren Kaspers & Frank Piotraschke,ATHX BERLIN 2026,Germany 🇩🇪,2026,Mixed,ATHX Lite,MetCon X,,,13:54,,,,,,8
9,Florian Rüther & Pia Rüther,ATHX BERLIN 2026,Germany 🇩🇪,2026,Mixed,ATHX Lite,MetCon X,,,14:22,,,,,,9
10,Adrian Dreßler & Milena Belitzer,ATHX BERLIN 2026,Germany 🇩🇪,2026,Mixed,ATHX Lite,MetCon X,,,14:33,,,,,,10
11,Jochen Bauer & Lena Kapp,ATHX MUNICH 2026,Germany 🇩🇪,2026,Mixed,ATHX Lite,MetCon X,,,14:35,,,,,,11
12,Benedikt Lößl & Susan Lößl,ATHX MUNICH 2026,Germany 🇩🇪,2026,Mixed,ATHX Lite,MetCon X,,,14:36,,,,,,12
13,Constantin Jorde & Sandy Sorger,ATHX BERLIN 2026,Germany 🇩🇪,2026,Mixed,ATHX Lite,MetCon X,,,14:53,,,,,,13
14,Monika Sestic & Slaven Sestic,ATHX MUNICH 2026,Germany 🇩🇪,2026,Mixed,ATHX Lite,MetCon X,,,15:05,,,,,,14
15,Vanja Lier & Johannes Hatz,ATHX BERLIN 2026,Germany 🇩🇪,2026,Mixed,ATHX Lite,MetCon X,,,15:09,,,,,,15
16,Georgios Kanistras & Saskia-Alessandra Forkel,ATHX BERLIN 2026,Germany 🇩🇪,2026,Mixed,ATHX Lite,MetCon X,,,15:23,,,,,,16
17,Paul-Louis Kuhnke & Josephine Schröder,ATHX BERLIN 2026,Germany 🇩🇪,2026,Mixed,ATHX Lite,MetCon X,,,15:32,,,,,,17
18,Anne-Lena Döring & Rochell Balakumar,ATHX MUNICH 2026,Germany 🇩🇪,2026,Mixed,ATHX Lite,MetCon X,,,15:41,,,,,,18
19,Rene Schönleber & Cornelia Schönleber,ATHX MUNICH 2026,Germany 🇩🇪,2026,Mixed,ATHX Lite,MetCon X,,,15:47,,,,,,19
20,Anja Rausch & Marco Gravera,ATHX BERLIN 2026,Germany 🇩🇪,2026,Mixed,ATHX Lite,MetCon X,,,16:07,,,,,,20
21,Veronika Hutter & Bernhard Grellmann,ATHX MUNICH 2026,Germany 🇩🇪,2026,Mixed,ATHX Lite,MetCon X,,,16:21,,,,,,21
22,Vasiliki Koutsogianni & Miguel Azevedo,ATHX BERLIN 2026,Germany 🇩🇪,2026,Mixed,ATHX Lite,MetCon X,,,16:29,,,,,,22
23,Sandra Aurich & Philip Aurich,ATHX MUNICH 2026,Germany 🇩🇪,2026,Mixed,ATHX Lite,MetCon X,,,16:44,,,,,,23
24,Thiago Costas & Janine Balzer,ATHX BERLIN 2026,Germany 🇩🇪,2026,Mixed,ATHX Lite,MetCon X,,,17:05,,,,,,24
25,Stefanie Preuß & Sven Preuß,ATHX BERLIN 2026,Germany 🇩🇪,2026,Mixed,ATHX Lite,MetCon X,,,17:44,,,,,,25
26,Karsten Mevißen & Stefanie Dressel,ATHX MUNICH 2026,Germany 🇩🇪,2026,Mixed,ATHX Lite,MetCon X,,,17:53,,,,,,26
27,Alessa Frey & Nils Bonacker,ATHX BERLIN 2026,Germany 🇩🇪,2026,Mixed,ATHX Lite,MetCon X,,,18:07,,,,,,27
28,Reinhard Rubow & Michy Mann,ATHX BERLIN 2026,Germany 🇩🇪,2026,Mixed,ATHX Lite,MetCon X,,,18:08,,,,,,28
29,Ly Trinh & Clement Poku,ATHX MUNICH 2026,Germany 🇩🇪,2026,Mixed,ATHX Lite,MetCon X,,,18:16,,,,,,29
30,Kira Baumeister & Maximilian Hochsteiner,ATHX MUNICH 2026,Germany 🇩🇪,2026,Mixed,ATHX Lite,MetCon X,,,18:48,,,,,,30
31,Christoph Jerabeck & Catharina Plöckl,ATHX MUNICH 2026,Germany 🇩🇪,2026,Mixed,ATHX Lite,MetCon X,,,19:14,,,,,,31
32,Bünyamin Özcelik & Burcin Özcelik,ATHX BERLIN 2026,Germany 🇩🇪,2026,Mixed,ATHX Lite,MetCon X,,,20:36,,,,,,32
1,Sandra Sommer & Julia Matthies,ATHX BERLIN 2026,Germany 🇩🇪,2026,Female,ATHX Pro,Strength,,,,88KG,233KG,272KG,,,1
2,Cara Halliday & Maya Halliday,ATHX BERLIN 2026,Germany 🇩🇪,2026,Female,ATHX Pro,Strength,,,,98KG,215KG,260KG,,,2
3,Verena Meindl & Daniela Pechtold,ATHX MUNICH 2026,Germany 🇩🇪,2026,Female,ATHX Pro,Strength,,,,96KG,202KG,242KG,,,3
4,Aleksandra Ertural & Amelie Sinz,ATHX MUNICH 2026,Germany 🇩🇪,2026,Female,ATHX Pro,Strength,,,,93KG,195KG,233KG,,,4
5,Claudia Giogiakas & Anja Schaupp,ATHX MUNICH 2026,Germany 🇩🇪,2026,Female,ATHX Pro,Strength,,,,92KG,184KG,240KG,,,5
5,Suna Graf & vanessa amsler,ATHX MUNICH 2026,Germany 🇩🇪,2026,Female,ATHX Pro,Strength,,,,99KG,190KG,227KG,,,5
7,Emma Ray & Caroline Norton,ATHX BERLIN 2026,Germany 🇩🇪,2026,Female,ATHX Pro,Strength,,,,96KG,183KG,225KG,,,7
8,Anne-Marie Hansen & Finja Thoroe,ATHX BERLIN 2026,Germany 🇩🇪,2026,Female,ATHX Pro,Strength,,,,79KG,166KG,211KG,,,8
9,Jana Martens & Ann-Cathrin Jakob,ATHX MUNICH 2026,Germany 🇩🇪,2026,Female,ATHX Pro,Strength,,,,82KG,163KG,210KG,,,9
10,Serena Seyfert & Sabine Brendt,ATHX MUNICH 2026,Germany 🇩🇪,2026,Female,ATHX Pro,Strength,,,,75KG,165KG,205KG,,,10
11,Sina Rex & Marina Schäfer,ATHX MUNICH 2026,Germany 🇩🇪,2026,Female,ATHX Pro,Strength,,,,85KG,155KG,193KG,,,11
12,Ilona Neugärtner & Sandra Schiller,ATHX MUNICH 2026,Germany 🇩🇪,2026,Female,ATHX Pro,Strength,,,,75KG,150KG,185KG,,,12
1,Aleksandra Ertural & Amelie Sinz,ATHX MUNICH 2026,Germany 🇩🇪,2026,Female,ATHX Pro,Endurance,,,,,,,4.379KM,5.094KM,1
2,Emma Ray & Caroline Norton,ATHX BERLIN 2026,Germany 🇩🇪,2026,Female,ATHX Pro,Endurance,,,,,,,4.293KM,5.068KM,2
3,Anne-Marie Hansen & Finja Thoroe,ATHX BERLIN 2026,Germany 🇩🇪,2026,Female,ATHX Pro,Endurance,,,,,,,4.073KM,5.259KM,3
4,Cara Halliday & Maya Halliday,ATHX BERLIN 2026,Germany 🇩🇪,2026,Female,ATHX Pro,Endurance,,,,,,,4.278KM,5.044KM,4
5,Suna Graf & vanessa amsler,ATHX MUNICH 2026,Germany 🇩🇪,2026,Female,ATHX Pro,Endurance,,,,,,,3.795KM,5.071KM,5
6,Serena Seyfert & Sabine Brendt,ATHX MUNICH 2026,Germany 🇩🇪,2026,Female,ATHX Pro,Endurance,,,,,,,3.716KM,5.06KM,6
7,Verena Meindl & Daniela Pechtold,ATHX MUNICH 2026,Germany 🇩🇪,2026,Female,ATHX Pro,Endurance,,,,,,,3.608KM,5.127KM,7
8,Sina Rex & Marina Schäfer,ATHX MUNICH 2026,Germany 🇩🇪,2026,Female,ATHX Pro,Endurance,,,,,,,3.702KM,4.782KM,8
9,Claudia Giogiakas & Anja Schaupp,ATHX MUNICH 2026,Germany 🇩🇪,2026,Female,ATHX Pro,Endurance,,,,,,,3.747KM,4.733KM,9
10,Sandra Sommer & Julia Matthies,ATHX BERLIN 2026,Germany 🇩🇪,2026,Female,ATHX Pro,Endurance,,,,,,,3.239KM,5.196KM,10
11,Ilona Neugärtner & Sandra Schiller,ATHX MUNICH 2026,Germany 🇩🇪,2026,Female,ATHX Pro,Endurance,,,,,,,3.155KM,4.954KM,11
12,Jana Martens & Ann-Cathrin Jakob,ATHX MUNICH 2026,Germany 🇩🇪,2026,Female,ATHX Pro,Endurance,,,,,,,3.37KM,4.731KM,12
1,Cara Halliday & Maya Halliday,ATHX BERLIN 2026,Germany 🇩🇪,2026,Female,ATHX Pro,MetCon X,,,15:29,,,,,,1
2,Emma Ray & Caroline Norton,ATHX BERLIN 2026,Germany 🇩🇪,2026,Female,ATHX Pro,MetCon X,,,15:35,,,,,,2
3,Aleksandra Ertural & Amelie Sinz,ATHX MUNICH 2026,Germany 🇩🇪,2026,Female,ATHX Pro,MetCon X,,,16:20,,,,,,3
4,Verena Meindl & Daniela Pechtold,ATHX MUNICH 2026,Germany 🇩🇪,2026,Female,ATHX Pro,MetCon X,,,17:35,,,,,,4
5,Claudia Giogiakas & Anja Schaupp,ATHX MUNICH 2026,Germany 🇩🇪,2026,Female,ATHX Pro,MetCon X,,,18:41,,,,,,5
5,Anne-Marie Hansen & Finja Thoroe,ATHX BERLIN 2026,Germany 🇩🇪,2026,Female,ATHX Pro,MetCon X,,,18:41,,,,,,5
7,Suna Graf & vanessa amsler,ATHX MUNICH 2026,Germany 🇩🇪,2026,Female,ATHX Pro,MetCon X,,,18:42,,,,,,7
8,Sandra Sommer & Julia Matthies,ATHX BERLIN 2026,Germany 🇩🇪,2026,Female,ATHX Pro,MetCon X,,,18:43,,,,,,8
9,Sina Rex & Marina Schäfer,ATHX MUNICH 2026,Germany 🇩🇪,2026,Female,ATHX Pro,MetCon X,,,21:16,,,,,,9
10,Serena Seyfert & Sabine Brendt,ATHX MUNICH 2026,Germany 🇩🇪,2026,Female,ATHX Pro,MetCon X,,,21:30,,,,,,10
11,Ilona Neugärtner & Sandra Schiller,ATHX MUNICH 2026,Germany 🇩🇪,2026,Female,ATHX Pro,MetCon X,,,22:24,,,,,,11
12,Jana Martens & Ann-Cathrin Jakob,ATHX MUNICH 2026,Germany 🇩🇪,2026,Female,ATHX Pro,MetCon X,,,22:40,,,,,,12
1,Lewys Morgan-Smith & Baz gouldsbury,ATHX BERLIN 2026,Germany 🇩🇪,2026,Male,ATHX Pro,Strength,,,,180KG,380KG,360KG,,,1
2,Stefan Seebauer & Maximilian Seidel,ATHX MUNICH 2026,Germany 🇩🇪,2026,Male,ATHX Pro,Strength,,,,174KG,320KG,410KG,,,2
3,Julian Lehrer & David Schramm,ATHX MUNICH 2026,Germany 🇩🇪,2026,Male,ATHX Pro,Strength,,,,200KG,310KG,390KG,,,3
4,Konstantin Drees & Moritz Sefried,ATHX MUNICH 2026,Germany 🇩🇪,2026,Male,ATHX Pro,Strength,,,,150KG,335KG,405KG,,,4
5,Ralph Wachter & Thomas Rieger,ATHX BERLIN 2026,Germany 🇩🇪,2026,Male,ATHX Pro,Strength,,,,145KG,340KG,385KG,,,5
6,Mathias Boomgaarden & Dirk Raveling,ATHX MUNICH 2026,Germany 🇩🇪,2026,Male,ATHX Pro,Strength,,,,187KG,327KG,350KG,,,6
7,Alexander Sonnenthal & Nils Mattern,ATHX BERLIN 2026,Germany 🇩🇪,2026,Male,ATHX Pro,Strength,,,,160KG,320KG,380KG,,,7
8,Jasin Sahraoui & Tim Nitschke,ATHX MUNICH 2026,Germany 🇩🇪,2026,Male,ATHX Pro,Strength,,,,152KG,310KG,385KG,,,8
9,Alex Sattler & Mike Profenius,ATHX MUNICH 2026,Germany 🇩🇪,2026,Male,ATHX Pro,Strength,,,,165KG,290KG,380KG,,,9
10,Michael Spangler & Tayfun Ertural,ATHX MUNICH 2026,Germany 🇩🇪,2026,Male,ATHX Pro,Strength,,,,158KG,280KG,390KG,,,10
10,Sören Barth & Alexander Panskus,ATHX MUNICH 2026,Germany 🇩🇪,2026,Male,ATHX Pro,Strength,,,,163KG,315KG,350KG,,,10
12,Florian Kaiser & Franz Wittmann,ATHX MUNICH 2026,Germany 🇩🇪,2026,Male,ATHX Pro,Strength,,,,154KG,305KG,360KG,,,12
13,Horatiu Kraus & Alexander Mory,ATHX BERLIN 2026,Germany 🇩🇪,2026,Male,ATHX Pro,Strength,,,,154KG,292KG,353KG,,,13
14,Ricky Melcher & sport-lux Team,ATHX MUNICH 2026,Germany 🇩🇪,2026,Male,ATHX Pro,Strength,,,,155KG,280KG,360KG,,,14
15,Christian Kano & Dave Masch,ATHX MUNICH 2026,Germany 🇩🇪,2026,Male,ATHX Pro,Strength,,,,138KG,287KG,361KG,,,15
16,Steven Knieriemen & Andre Theis,ATHX BERLIN 2026,Germany 🇩🇪,2026,Male,ATHX Pro,Strength,,,,164KG,283KG,337KG,,,16
17,Markus Sellerer & Stefan Distler,ATHX MUNICH 2026,Germany 🇩🇪,2026,Male,ATHX Pro,Strength,,,,155KG,280KG,345KG,,,17
18,Bosse Jordt & Mads Jordt,ATHX MUNICH 2026,Germany 🇩🇪,2026,Male,ATHX Pro,Strength,,,,138KG,274KG,356KG,,,18
19,Florian Groß & Lukas Rauch,ATHX MUNICH 2026,Germany 🇩🇪,2026,Male,ATHX Pro,Strength,,,,156KG,266KG,342KG,,,19
20,Uwe Schumacher & Gregor Breuninger,ATHX MUNICH 2026,Germany 🇩🇪,2026,Male,ATHX Pro,Strength,,,,155KG,290KG,310KG,,,20
21,Andreas Kirsch & Johannes Kluge,ATHX BERLIN 2026,Germany 🇩🇪,2026,Male,ATHX Pro,Strength,,,,143KG,280KG,330KG,,,21
22,Max Pieper & Valentin Dorn,ATHX BERLIN 2026,Germany 🇩🇪,2026,Male,ATHX Pro,Strength,,,,154KG,255KG,340KG,,,22
22,Christof Hahn & Bjarne Jensen,ATHX BERLIN 2026,Germany 🇩🇪,2026,Male,ATHX Pro,Strength,,,,129KG,275KG,345KG,,,22
24,Christian Freese & Leonel Quinta,ATHX BERLIN 2026,Germany 🇩🇪,2026,Male,ATHX Pro,Strength,,,,135KG,286KG,325KG,,,24
25,Markus Spöhnmann & Noah Augustin,ATHX MUNICH 2026,Germany 🇩🇪,2026,Male,ATHX Pro,Strength,,,,147KG,260KG,332KG,,,25
26,philipp Ketzer & Marc Ketzer,ATHX BERLIN 2026,Germany 🇩🇪,2026,Male,ATHX Pro,Strength,,,,135KG,270KG,330KG,,,26
26,Detlef Martach & Tobi Kleibe,ATHX BERLIN 2026,Germany 🇩🇪,2026,Male,ATHX Pro,Strength,,,,130KG,265KG,340KG,,,26
28,Sedric Tafelmeier & Jonas Tanzer,ATHX MUNICH 2026,Germany 🇩🇪,2026,Male,ATHX Pro,Strength,,,,151KG,255KG,325KG,,,28
29,Marius Müller & Philipp Huber,ATHX MUNICH 2026,Germany 🇩🇪,2026,Male,ATHX Pro,Strength,,,,156KG,260KG,310KG,,,29
30,Thomas Lovric & Lukas Schaller,ATHX MUNICH 2026,Germany 🇩🇪,2026,Male,ATHX Pro,Strength,,,,140KG,265KG,315KG,,,30
31,Jesper Herr & Thorben Franzen,ATHX MUNICH 2026,Germany 🇩🇪,2026,Male,ATHX Pro,Strength,,,,121KG,250KG,340KG,,,31
32,Sören Findeisen & Szymon Goryczko,ATHX MUNICH 2026,Germany 🇩🇪,2026,Male,ATHX Pro,Strength,,,,156KG,251KG,296KG,,,32
33,Johannes Thein & Marc Berresheim,ATHX MUNICH 2026,Germany 🇩🇪,2026,Male,ATHX Pro,Strength,,,,128KG,250KG,300KG,,,33
34,Jochen Köhler & Torben Krohn,ATHX BERLIN 2026,Germany 🇩🇪,2026,Male,ATHX Pro,Strength,,,,117KG,260KG,298KG,,,34
35,Marlon Kampmann & Yannick Sieberg,ATHX BERLIN 2026,Germany 🇩🇪,2026,Male,ATHX Pro,Strength,,,,118KG,236KG,305KG,,,35
36,Sebastian Doolittle & Jacek Kiesel,ATHX MUNICH 2026,Germany 🇩🇪,2026,Male,ATHX Pro,Strength,,,,125KG,240KG,290KG,,,36
37,Florian Preiss & Jan Widenmeyer,ATHX MUNICH 2026,Germany 🇩🇪,2026,Male,ATHX Pro,Strength,,,,105KG,193KG,215KG,,,37
1,Lewys Morgan-Smith & Baz gouldsbury,ATHX BERLIN 2026,Germany 🇩🇪,2026,Male,ATHX Pro,Overall,1 (920KG),3 (10.303KM),2 (14:14),,,,,,6
2,Julian Lehrer & David Schramm,ATHX MUNICH 2026,Germany 🇩🇪,2026,Male,ATHX Pro,Overall,3 (900KG),1 (10.55KM),3 (14:16),,,,,,7
3,Stefan Seebauer & Maximilian Seidel,ATHX MUNICH 2026,Germany 🇩🇪,2026,Male,ATHX Pro,Overall,2 (904KG),5 (10.227KM),4 (14:49),,,,,,11
4,Alexander Sonnenthal & Nils Mattern,ATHX BERLIN 2026,Germany 🇩🇪,2026,Male,ATHX Pro,Overall,7 (860KG),2 (10.325KM),5 (15:06),,,,,,14
5,Jasin Sahraoui & Tim Nitschke,ATHX MUNICH 2026,Germany 🇩🇪,2026,Male,ATHX Pro,Overall,8 (847KG),8 (10.093KM),1 (13:42),,,,,,17
6,Mathias Boomgaarden & Dirk Raveling,ATHX MUNICH 2026,Germany 🇩🇪,2026,Male,ATHX Pro,Overall,6 (864KG),9 (10.092KM),7 (15:24),,,,,,22
7,Michael Spangler & Tayfun Ertural,ATHX MUNICH 2026,Germany 🇩🇪,2026,Male,ATHX Pro,Overall,10 (828KG),10 (10.086KM),9 (15:55),,,,,,29
8,Konstantin Drees & Moritz Sefried,ATHX MUNICH 2026,Germany 🇩🇪,2026,Male,ATHX Pro,Overall,4 (890KG),19 (9.572KM),8 (15:34),,,,,,31
9,Steven Knieriemen & Andre Theis,ATHX BERLIN 2026,Germany 🇩🇪,2026,Male,ATHX Pro,Overall,16 (784KG),11 (9.918KM),6 (15:11),,,,,,33
10,Florian Kaiser & Franz Wittmann,ATHX MUNICH 2026,Germany 🇩🇪,2026,Male,ATHX Pro,Overall,12 (819KG),15 (9.719KM),11 (16:49),,,,,,38
11,Max Pieper & Valentin Dorn,ATHX BERLIN 2026,Germany 🇩🇪,2026,Male,ATHX Pro,Overall,22 (749KG),7 (10.115KM),10 (16:09),,,,,,39
12,Bosse Jordt & Mads Jordt,ATHX MUNICH 2026,Germany 🇩🇪,2026,Male,ATHX Pro,Overall,18 (768KG),4 (10.236KM),22 (18:32),,,,,,44
13,Ricky Melcher & sport-lux Team,ATHX MUNICH 2026,Germany 🇩🇪,2026,Male,ATHX Pro,Overall,14 (795KG),17 (9.636KM),14 (17:42),,,,,,45
14,Ralph Wachter & Thomas Rieger,ATHX BERLIN 2026,Germany 🇩🇪,2026,Male,ATHX Pro,Overall,5 (870KG),21 (9.545KM),20 (18:29),,,,,,46
15,Sören Barth & Alexander Panskus,ATHX MUNICH 2026,Germany 🇩🇪,2026,Male,ATHX Pro,Overall,10 (828KG),27 (9.214KM),12 (17:17),,,,,,49
16,Christof Hahn & Bjarne Jensen,ATHX BERLIN 2026,Germany 🇩🇪,2026,Male,ATHX Pro,Overall,22 (749KG),14 (9.726KM),17 (18:04),,,,,,53
17,Markus Sellerer & Stefan Distler,ATHX MUNICH 2026,Germany 🇩🇪,2026,Male,ATHX Pro,Overall,17 (780KG),26 (9.284KM),13 (17:36),,,,,,56
18,Christian Freese & Leonel Quinta,ATHX BERLIN 2026,Germany 🇩🇪,2026,Male,ATHX Pro,Overall,24 (746KG),18 (9.634KM),15 (17:55),,,,,,57
19,Markus Spöhnmann & Noah Augustin,ATHX MUNICH 2026,Germany 🇩🇪,2026,Male,ATHX Pro,Overall,25 (739KG),13 (9.875KM),23 (18:36),,,,,,61
19,Jesper Herr & Thorben Franzen,ATHX MUNICH 2026,Germany 🇩🇪,2026,Male,ATHX Pro,Overall,31 (711KG),12 (9.887KM),18 (18:14),,,,,,61
21,Horatiu Kraus & Alexander Mory,ATHX BERLIN 2026,Germany 🇩🇪,2026,Male,ATHX Pro,Overall,13 (799KG),22 (9.492KM),27 (19:49),,,,,,62
22,Florian Groß & Lukas Rauch,ATHX MUNICH 2026,Germany 🇩🇪,2026,Male,ATHX Pro,Overall,19 (764KG),25 (9.338KM),24 (19:01),,,,,,68
23,Jochen Köhler & Torben Krohn,ATHX BERLIN 2026,Germany 🇩🇪,2026,Male,ATHX Pro,Overall,34 (675KG),6 (10.124KM),30 (20:36),,,,,,70
23,philipp Ketzer & Marc Ketzer,ATHX BERLIN 2026,Germany 🇩🇪,2026,Male,ATHX Pro,Overall,26 (735KG),16 (9.698KM),28 (19:59),,,,,,70
25,Sedric Tafelmeier & Jonas Tanzer,ATHX MUNICH 2026,Germany 🇩🇪,2026,Male,ATHX Pro,Overall,28 (731KG),29 (9.211KM),15 (17:55),,,,,,72
26,Alex Sattler & Mike Profenius,ATHX MUNICH 2026,Germany 🇩🇪,2026,Male,ATHX Pro,Overall,9 (835KG),34 (9.108KM),31 (20:42),,,,,,74
27,Marlon Kampmann & Yannick Sieberg,ATHX BERLIN 2026,Germany 🇩🇪,2026,Male,ATHX Pro,Overall,35 (659KG),20 (9.557KM),21 (18:31),,,,,,76
28,Marius Müller & Philipp Huber,ATHX MUNICH 2026,Germany 🇩🇪,2026,Male,ATHX Pro,Overall,29 (726KG),24 (9.4KM),25 (19:06),,,,,,78
29,Uwe Schumacher & Gregor Breuninger,ATHX MUNICH 2026,Germany 🇩🇪,2026,Male,ATHX Pro,Overall,20 (755KG),31 (9.168KM),29 (20:19),,,,,,80
30,Christian Kano & Dave Masch,ATHX MUNICH 2026,Germany 🇩🇪,2026,Male,ATHX Pro,Overall,15 (786KG),36 (8.759KM),34 (21:56),,,,,,85
31,Andreas Kirsch & Johannes Kluge,ATHX BERLIN 2026,Germany 🇩🇪,2026,Male,ATHX Pro,Overall,21 (753KG),30 (9.174KM),36 (23:03),,,,,,87
32,Johannes Thein & Marc Berresheim,ATHX MUNICH 2026,Germany 🇩🇪,2026,Male,ATHX Pro,Overall,33 (678KG),23 (9.452KM),32 (20:59),,,,,,88
32,Florian Preiss & Jan Widenmeyer,ATHX MUNICH 2026,Germany 🇩🇪,2026,Male,ATHX Pro,Overall,37 (513KG),32 (9.156KM),19 (18:25),,,,,,88
34,Sören Findeisen & Szymon Goryczko,ATHX MUNICH 2026,Germany 🇩🇪,2026,Male,ATHX Pro,Overall,32 (703KG),33 (9.11KM),26 (19:43),,,,,,91
35,Sebastian Doolittle & Jacek Kiesel,ATHX MUNICH 2026,Germany 🇩🇪,2026,Male,ATHX Pro,Overall,36 (655KG),28 (9.212KM),33 (21:49),,,,,,97
36,Thomas Lovric & Lukas Schaller,ATHX MUNICH 2026,Germany 🇩🇪,2026,Male,ATHX Pro,Overall,30 (720KG),35 (8.846KM),35 (22:40),,,,,,100
36,Detlef Martach & Tobi Kleibe,ATHX BERLIN 2026,Germany 🇩🇪,2026,Male,ATHX Pro,Overall,26 (735KG),37 (8.334KM),37 (24:33),,,,,,100
1,Philipp Wamser & Luisa Pfrommer,ATHX BERLIN 2026,Germany 🇩🇪,2026,Mixed,ATHX Pro,Overall,5 (740KG),1 (10.609KM),1 (14:01),,,,,,7
2,Yves Dupertuis & Simea Hediger,ATHX MUNICH 2026,Germany 🇩🇪,2026,Mixed,ATHX Pro,Overall,6 (737KG),3 (9.871KM),2 (14:09),,,,,,11
3,Sandra Schalansky & Nicolai Reicherter,ATHX MUNICH 2026,Germany 🇩🇪,2026,Mixed,ATHX Pro,Overall,9 (694KG),2 (10.163KM),2 (14:09),,,,,,13
4,Uli Glöckner & Daniel Lemke,ATHX BERLIN 2026,Germany 🇩🇪,2026,Mixed,ATHX Pro,Overall,11 (676KG),5 (9.832KM),5 (14:44),,,,,,21
5,Layla Siebert & Tom Maischak,ATHX BERLIN 2026,Germany 🇩🇪,2026,Mixed,ATHX Pro,Overall,7 (726KG),9 (9.561KM),7 (15:00),,,,,,23
6,Lars Jakobeit & Anna Donauer,ATHX MUNICH 2026,Germany 🇩🇪,2026,Mixed,ATHX Pro,Overall,3 (758KG),15 (9.308KM),8 (15:30),,,,,,26
7,Patrick Funk & Alex Hipwell,ATHX MUNICH 2026,Germany 🇩🇪,2026,Mixed,ATHX Pro,Overall,2 (782KG),19 (9.122KM),6 (14:50),,,,,,27
8,Dennis Hildebrandt & Nora Arold,ATHX MUNICH 2026,Germany 🇩🇪,2026,Mixed,ATHX Pro,Overall,4 (743KG),14 (9.336KM),9 (16:07),,,,,,27
9,Jens Koppe & Lena Fechner,ATHX BERLIN 2026,Germany 🇩🇪,2026,Mixed,ATHX Pro,Overall,1 (832KG),13 (9.348KM),15 (16:40),,,,,,29
10,Adil Zitan & Tina Rosenfeld,ATHX MUNICH 2026,Germany 🇩🇪,2026,Mixed,ATHX Pro,Overall,16 (654KG),10 (9.558KM),4 (14:31),,,,,,30
11,Alexander Kress & Sandra Hegwein,ATHX BERLIN 2026,Germany 🇩🇪,2026,Mixed,ATHX Pro,Overall,20 (622KG),8 (9.575KM),12 (16:11),,,,,,40
12,Nadja Pries & Richard Bartolschitz,ATHX MUNICH 2026,Germany 🇩🇪,2026,Mixed,ATHX Pro,Overall,8 (724KG),26 (8.705KM),9 (16:07),,,,,,43
13,Alexander Wichmann & Alexandra Wichmann,ATHX MUNICH 2026,Germany 🇩🇪,2026,Mixed,ATHX Pro,Overall,11 (676KG),22 (8.973KM),11 (16:08),,,,,,44
14,Sören Findeisen & Franziska Kühlthau,ATHX BERLIN 2026,Germany 🇩🇪,2026,Mixed,ATHX Pro,Overall,18 (630KG),11 (9.518KM),16 (16:41),,,,,,45
15,Inga-Marie Ganssauge & Lennart Finke,ATHX BERLIN 2026,Germany 🇩🇪,2026,Mixed,ATHX Pro,Overall,26 (548KG),7 (9.625KM),13 (16:35),,,,,,46
15,Lena Sassano & Philipp Grunert,ATHX BERLIN 2026,Germany 🇩🇪,2026,Mixed,ATHX Pro,Overall,17 (632KG),12 (9.455KM),17 (16:44),,,,,,46
17,Josef Buechele & Isabelle Sinz,ATHX MUNICH 2026,Germany 🇩🇪,2026,Mixed,ATHX Pro,Overall,23 (581KG),4 (9.834KM),20 (17:52),,,,,,47
18,Amira Dzaferi & Tobias Vidmar,ATHX MUNICH 2026,Germany 🇩🇪,2026,Mixed,ATHX Pro,Overall,19 (629KG),20 (9.115KM),14 (16:36),,,,,,53
19,Niklas Schmid & Judith Schmid,ATHX MUNICH 2026,Germany 🇩🇪,2026,Mixed,ATHX Pro,Overall,14 (659KG),21 (9.078KM),21 (17:57),,,,,,56
20,Anna Greco & David Long,ATHX MUNICH 2026,Germany 🇩🇪,2026,Mixed,ATHX Pro,Overall,10 (678KG),27 (8.647KM),23 (19:16),,,,,,60
21,Marc Katzensteiner & Melanie Swoboda,ATHX BERLIN 2026,Germany 🇩🇪,2026,Mixed,ATHX Pro,Overall,25 (555KG),16 (9.273KM),22 (18:20),,,,,,63
22,Lukas Ertel & Marlen Blumhofer,ATHX MUNICH 2026,Germany 🇩🇪,2026,Mixed,ATHX Pro,Overall,27 (540KG),6 (9.762KM),32 (30:53),,,,,,65
22,Andreas Kliemann & Julia Kliemann,ATHX MUNICH 2026,Germany 🇩🇪,2026,Mixed,ATHX Pro,Overall,21 (621KG),25 (8.791KM),19 (17:34),,,,,,65
24,Martin Stammhammer & Melanie Stammhammer,ATHX MUNICH 2026,Germany 🇩🇪,2026,Mixed,ATHX Pro,Overall,15 (658KG),29 (8.564KM),24 (19:48),,,,,,68
25,Bjoern Hofmann & Claudia Aguilar,ATHX MUNICH 2026,Germany 🇩🇪,2026,Mixed,ATHX Pro,Overall,13 (661KG),30 (8.366KM),26 (20:07),,,,,,69
26,Alexander Maier & Paula Heinemann,ATHX MUNICH 2026,Germany 🇩🇪,2026,Mixed,ATHX Pro,Overall,22 (620KG),32 (8.169KM),18 (17:03),,,,,,72
27,Fina Lale Kutz & Björn Wittig,ATHX BERLIN 2026,Germany 🇩🇪,2026,Mixed,ATHX Pro,Overall,24 (569KG),23 (8.965KM),28 (21:00),,,,,,75
27,Marcel Knäblein & Vanessa Mazzarella,ATHX BERLIN 2026,Germany 🇩🇪,2026,Mixed,ATHX Pro,Overall,31 (482KG),17 (9.198KM),27 (20:20),,,,,,75
29,Maciek Dzięcioł & Justyna Dzieciol,ATHX BERLIN 2026,Germany 🇩🇪,2026,Mixed,ATHX Pro,Overall,29 (500KG),18 (9.146KM),29 (21:01),,,,,,76
30,Anja Meusel & Steve Federow,ATHX BERLIN 2026,Germany 🇩🇪,2026,Mixed,ATHX Pro,Overall,32 (452KG),24 (8.922KM),30 (21:08),,,,,,86
30,Sebastian Białowąs & Weronika Białowąs,ATHX BERLIN 2026,Germany 🇩🇪,2026,Mixed,ATHX Pro,Overall,30 (490KG),31 (8.268KM),25 (19:59),,,,,,86
32,Michaela Ressel & Juergen Deckert,ATHX BERLIN 2026,Germany 🇩🇪,2026,Mixed,ATHX Pro,Overall,28 (527KG),28 (8.629KM),31 (22:55),,,,,,87
33,Anne Koch & Robert Koch,ATHX BERLIN 2026,Germany 🇩🇪,2026,Mixed,ATHX Pro,Overall,33 (414KG),33 (7.953KM),33 (31:00),,,,,,99
1,Jasin Sahraoui & Tim Nitschke,ATHX MUNICH 2026,Germany 🇩🇪,2026,Male,ATHX Pro,MetCon X,,,13:42,,,,,,1
2,Lewys Morgan-Smith & Baz gouldsbury,ATHX BERLIN 2026,Germany 🇩🇪,2026,Male,ATHX Pro,MetCon X,,,14:14,,,,,,2
3,Julian Lehrer & David Schramm,ATHX MUNICH 2026,Germany 🇩🇪,2026,Male,ATHX Pro,MetCon X,,,14:16,,,,,,3
4,Stefan Seebauer & Maximilian Seidel,ATHX MUNICH 2026,Germany 🇩🇪,2026,Male,ATHX Pro,MetCon X,,,14:49,,,,,,4
5,Alexander Sonnenthal & Nils Mattern,ATHX BERLIN 2026,Germany 🇩🇪,2026,Male,ATHX Pro,MetCon X,,,15:06,,,,,,5
6,Steven Knieriemen & Andre Theis,ATHX BERLIN 2026,Germany 🇩🇪,2026,Male,ATHX Pro,MetCon X,,,15:11,,,,,,6
7,Mathias Boomgaarden & Dirk Raveling,ATHX MUNICH 2026,Germany 🇩🇪,2026,Male,ATHX Pro,MetCon X,,,15:24,,,,,,7
8,Konstantin Drees & Moritz Sefried,ATHX MUNICH 2026,Germany 🇩🇪,2026,Male,ATHX Pro,MetCon X,,,15:34,,,,,,8
9,Michael Spangler & Tayfun Ertural,ATHX MUNICH 2026,Germany 🇩🇪,2026,Male,ATHX Pro,MetCon X,,,15:55,,,,,,9
10,Max Pieper & Valentin Dorn,ATHX BERLIN 2026,Germany 🇩🇪,2026,Male,ATHX Pro,MetCon X,,,16:09,,,,,,10
11,Florian Kaiser & Franz Wittmann,ATHX MUNICH 2026,Germany 🇩🇪,2026,Male,ATHX Pro,MetCon X,,,16:49,,,,,,11
12,Sören Barth & Alexander Panskus,ATHX MUNICH 2026,Germany 🇩🇪,2026,Male,ATHX Pro,MetCon X,,,17:17,,,,,,12
13,Markus Sellerer & Stefan Distler,ATHX MUNICH 2026,Germany 🇩🇪,2026,Male,ATHX Pro,MetCon X,,,17:36,,,,,,13
14,Ricky Melcher & sport-lux Team,ATHX MUNICH 2026,Germany 🇩🇪,2026,Male,ATHX Pro,MetCon X,,,17:42,,,,,,14
15,Sedric Tafelmeier & Jonas Tanzer,ATHX MUNICH 2026,Germany 🇩🇪,2026,Male,ATHX Pro,MetCon X,,,17:55,,,,,,15
15,Christian Freese & Leonel Quinta,ATHX BERLIN 2026,Germany 🇩🇪,2026,Male,ATHX Pro,MetCon X,,,17:55,,,,,,15
17,Christof Hahn & Bjarne Jensen,ATHX BERLIN 2026,Germany 🇩🇪,2026,Male,ATHX Pro,MetCon X,,,18:04,,,,,,17
18,Jesper Herr & Thorben Franzen,ATHX MUNICH 2026,Germany 🇩🇪,2026,Male,ATHX Pro,MetCon X,,,18:14,,,,,,18
19,Florian Preiss & Jan Widenmeyer,ATHX MUNICH 2026,Germany 🇩🇪,2026,Male,ATHX Pro,MetCon X,,,18:25,,,,,,19
20,Ralph Wachter & Thomas Rieger,ATHX BERLIN 2026,Germany 🇩🇪,2026,Male,ATHX Pro,MetCon X,,,18:29,,,,,,20
21,Marlon Kampmann & Yannick Sieberg,ATHX BERLIN 2026,Germany 🇩🇪,2026,Male,ATHX Pro,MetCon X,,,18:31,,,,,,21
22,Bosse Jordt & Mads Jordt,ATHX MUNICH 2026,Germany 🇩🇪,2026,Male,ATHX Pro,MetCon X,,,18:32,,,,,,22
23,Markus Spöhnmann & Noah Augustin,ATHX MUNICH 2026,Germany 🇩🇪,2026,Male,ATHX Pro,MetCon X,,,18:36,,,,,,23
24,Florian Groß & Lukas Rauch,ATHX MUNICH 2026,Germany 🇩🇪,2026,Male,ATHX Pro,MetCon X,,,19:01,,,,,,24
25,Marius Müller & Philipp Huber,ATHX MUNICH 2026,Germany 🇩🇪,2026,Male,ATHX Pro,MetCon X,,,19:06,,,,,,25
26,Sören Findeisen & Szymon Goryczko,ATHX MUNICH 2026,Germany 🇩🇪,2026,Male,ATHX Pro,MetCon X,,,19:43,,,,,,26
27,Horatiu Kraus & Alexander Mory,ATHX BERLIN 2026,Germany 🇩🇪,2026,Male,ATHX Pro,MetCon X,,,19:49,,,,,,27
28,philipp Ketzer & Marc Ketzer,ATHX BERLIN 2026,Germany 🇩🇪,2026,Male,ATHX Pro,MetCon X,,,19:59,,,,,,28
29,Uwe Schumacher & Gregor Breuninger,ATHX MUNICH 2026,Germany 🇩🇪,2026,Male,ATHX Pro,MetCon X,,,20:19,,,,,,29
30,Jochen Köhler & Torben Krohn,ATHX BERLIN 2026,Germany 🇩🇪,2026,Male,ATHX Pro,MetCon X,,,20:36,,,,,,30
31,Alex Sattler & Mike Profenius,ATHX MUNICH 2026,Germany 🇩🇪,2026,Male,ATHX Pro,MetCon X,,,20:42,,,,,,31
32,Johannes Thein & Marc Berresheim,ATHX MUNICH 2026,Germany 🇩🇪,2026,Male,ATHX Pro,MetCon X,,,20:59,,,,,,32
33,Sebastian Doolittle & Jacek Kiesel,ATHX MUNICH 2026,Germany 🇩🇪,2026,Male,ATHX Pro,MetCon X,,,21:49,,,,,,33
34,Christian Kano & Dave Masch,ATHX MUNICH 2026,Germany 🇩🇪,2026,Male,ATHX Pro,MetCon X,,,21:56,,,,,,34
35,Thomas Lovric & Lukas Schaller,ATHX MUNICH 2026,Germany 🇩🇪,2026,Male,ATHX Pro,MetCon X,,,22:40,,,,,,35
36,Andreas Kirsch & Johannes Kluge,ATHX BERLIN 2026,Germany 🇩🇪,2026,Male,ATHX Pro,MetCon X,,,23:03,,,,,,36
37,Detlef Martach & Tobi Kleibe,ATHX BERLIN 2026,Germany 🇩🇪,2026,Male,ATHX Pro,MetCon X,,,24:33,,,,,,37
1,Julian Lehrer & David Schramm,ATHX MUNICH 2026,Germany 🇩🇪,2026,Male,ATHX Pro,Endurance,,,,,,,4.637KM,5.913KM,1
2,Alexander Sonnenthal & Nils Mattern,ATHX BERLIN 2026,Germany 🇩🇪,2026,Male,ATHX Pro,Endurance,,,,,,,4.392KM,5.933KM,2
3,Lewys Morgan-Smith & Baz gouldsbury,ATHX BERLIN 2026,Germany 🇩🇪,2026,Male,ATHX Pro,Endurance,,,,,,,4.5KM,5.803KM,3
4,Bosse Jordt & Mads Jordt,ATHX MUNICH 2026,Germany 🇩🇪,2026,Male,ATHX Pro,Endurance,,,,,,,4.665KM,5.571KM,4
5,Stefan Seebauer & Maximilian Seidel,ATHX MUNICH 2026,Germany 🇩🇪,2026,Male,ATHX Pro,Endurance,,,,,,,4.6KM,5.627KM,5
6,Jochen Köhler & Torben Krohn,ATHX BERLIN 2026,Germany 🇩🇪,2026,Male,ATHX Pro,Endurance,,,,,,,4.461KM,5.663KM,6
7,Max Pieper & Valentin Dorn,ATHX BERLIN 2026,Germany 🇩🇪,2026,Male,ATHX Pro,Endurance,,,,,,,4.607KM,5.508KM,7
8,Jasin Sahraoui & Tim Nitschke,ATHX MUNICH 2026,Germany 🇩🇪,2026,Male,ATHX Pro,Endurance,,,,,,,4.573KM,5.52KM,8
9,Mathias Boomgaarden & Dirk Raveling,ATHX MUNICH 2026,Germany 🇩🇪,2026,Male,ATHX Pro,Endurance,,,,,,,4.162KM,5.93KM,9
10,Michael Spangler & Tayfun Ertural,ATHX MUNICH 2026,Germany 🇩🇪,2026,Male,ATHX Pro,Endurance,,,,,,,4.172KM,5.914KM,10
11,Steven Knieriemen & Andre Theis,ATHX BERLIN 2026,Germany 🇩🇪,2026,Male,ATHX Pro,Endurance,,,,,,,3.956KM,5.962KM,11
12,Jesper Herr & Thorben Franzen,ATHX MUNICH 2026,Germany 🇩🇪,2026,Male,ATHX Pro,Endurance,,,,,,,4.577KM,5.31KM,12
13,Markus Spöhnmann & Noah Augustin,ATHX MUNICH 2026,Germany 🇩🇪,2026,Male,ATHX Pro,Endurance,,,,,,,4.545KM,5.33KM,13
14,Christof Hahn & Bjarne Jensen,ATHX BERLIN 2026,Germany 🇩🇪,2026,Male,ATHX Pro,Endurance,,,,,,,3.787KM,5.939KM,14
15,Florian Kaiser & Franz Wittmann,ATHX MUNICH 2026,Germany 🇩🇪,2026,Male,ATHX Pro,Endurance,,,,,,,4.065KM,5.654KM,15
16,philipp Ketzer & Marc Ketzer,ATHX BERLIN 2026,Germany 🇩🇪,2026,Male,ATHX Pro,Endurance,,,,,,,4.392KM,5.306KM,16
17,Ricky Melcher & sport-lux Team,ATHX MUNICH 2026,Germany 🇩🇪,2026,Male,ATHX Pro,Endurance,,,,,,,4.257KM,5.379KM,17
18,Christian Freese & Leonel Quinta,ATHX BERLIN 2026,Germany 🇩🇪,2026,Male,ATHX Pro,Endurance,,,,,,,4.183KM,5.451KM,18
19,Konstantin Drees & Moritz Sefried,ATHX MUNICH 2026,Germany 🇩🇪,2026,Male,ATHX Pro,Endurance,,,,,,,3.798KM,5.774KM,19
20,Marlon Kampmann & Yannick Sieberg,ATHX BERLIN 2026,Germany 🇩🇪,2026,Male,ATHX Pro,Endurance,,,,,,,4.175KM,5.382KM,20
21,Ralph Wachter & Thomas Rieger,ATHX BERLIN 2026,Germany 🇩🇪,2026,Male,ATHX Pro,Endurance,,,,,,,4.043KM,5.502KM,21
22,Horatiu Kraus & Alexander Mory,ATHX BERLIN 2026,Germany 🇩🇪,2026,Male,ATHX Pro,Endurance,,,,,,,4KM,5.492KM,22
23,Johannes Thein & Marc Berresheim,ATHX MUNICH 2026,Germany 🇩🇪,2026,Male,ATHX Pro,Endurance,,,,,,,4.037KM,5.415KM,23
24,Marius Müller & Philipp Huber,ATHX MUNICH 2026,Germany 🇩🇪,2026,Male,ATHX Pro,Endurance,,,,,,,3.908KM,5.492KM,24
25,Florian Groß & Lukas Rauch,ATHX MUNICH 2026,Germany 🇩🇪,2026,Male,ATHX Pro,Endurance,,,,,,,4.02KM,5.318KM,25
26,Markus Sellerer & Stefan Distler,ATHX MUNICH 2026,Germany 🇩🇪,2026,Male,ATHX Pro,Endurance,,,,,,,3.791KM,5.493KM,26
27,Sören Barth & Alexander Panskus,ATHX MUNICH 2026,Germany 🇩🇪,2026,Male,ATHX Pro,Endurance,,,,,,,3.622KM,5.592KM,27
28,Sebastian Doolittle & Jacek Kiesel,ATHX MUNICH 2026,Germany 🇩🇪,2026,Male,ATHX Pro,Endurance,,,,,,,3.789KM,5.423KM,28
29,Sedric Tafelmeier & Jonas Tanzer,ATHX MUNICH 2026,Germany 🇩🇪,2026,Male,ATHX Pro,Endurance,,,,,,,3.631KM,5.58KM,29
30,Andreas Kirsch & Johannes Kluge,ATHX BERLIN 2026,Germany 🇩🇪,2026,Male,ATHX Pro,Endurance,,,,,,,3.982KM,5.192KM,30
31,Uwe Schumacher & Gregor Breuninger,ATHX MUNICH 2026,Germany 🇩🇪,2026,Male,ATHX Pro,Endurance,,,,,,,3.74KM,5.428KM,31
32,Florian Preiss & Jan Widenmeyer,ATHX MUNICH 2026,Germany 🇩🇪,2026,Male,ATHX Pro,Endurance,,,,,,,3.678KM,5.478KM,32
33,Sören Findeisen & Szymon Goryczko,ATHX MUNICH 2026,Germany 🇩🇪,2026,Male,ATHX Pro,Endurance,,,,,,,3.723KM,5.387KM,33
34,Alex Sattler & Mike Profenius,ATHX MUNICH 2026,Germany 🇩🇪,2026,Male,ATHX Pro,Endurance,,,,,,,3.762KM,5.346KM,34
35,Thomas Lovric & Lukas Schaller,ATHX MUNICH 2026,Germany 🇩🇪,2026,Male,ATHX Pro,Endurance,,,,,,,3.407KM,5.439KM,35
36,Christian Kano & Dave Masch,ATHX MUNICH 2026,Germany 🇩🇪,2026,Male,ATHX Pro,Endurance,,,,,,,3.597KM,5.162KM,36
37,Detlef Martach & Tobi Kleibe,ATHX BERLIN 2026,Germany 🇩🇪,2026,Male,ATHX Pro,Endurance,,,,,,,3.335KM,4.999KM,37
1,Jens Koppe & Lena Fechner,ATHX BERLIN 2026,Germany 🇩🇪,2026,Mixed,ATHX Pro,Strength,,,,152KG,320KG,360KG,,,1
2,Patrick Funk & Alex Hipwell,ATHX MUNICH 2026,Germany 🇩🇪,2026,Mixed,ATHX Pro,Strength,,,,162KG,305KG,315KG,,,2
3,Lars Jakobeit & Anna Donauer,ATHX MUNICH 2026,Germany 🇩🇪,2026,Mixed,ATHX Pro,Strength,,,,153KG,270KG,335KG,,,3
4,Dennis Hildebrandt & Nora Arold,ATHX MUNICH 2026,Germany 🇩🇪,2026,Mixed,ATHX Pro,Strength,,,,135KG,288KG,320KG,,,4
5,Philipp Wamser & Luisa Pfrommer,ATHX BERLIN 2026,Germany 🇩🇪,2026,Mixed,ATHX Pro,Strength,,,,145KG,270KG,325KG,,,5
6,Yves Dupertuis & Simea Hediger,ATHX MUNICH 2026,Germany 🇩🇪,2026,Mixed,ATHX Pro,Strength,,,,144KG,294KG,299KG,,,6
7,Layla Siebert & Tom Maischak,ATHX BERLIN 2026,Germany 🇩🇪,2026,Mixed,ATHX Pro,Strength,,,,133KG,263KG,330KG,,,7
8,Nadja Pries & Richard Bartolschitz,ATHX MUNICH 2026,Germany 🇩🇪,2026,Mixed,ATHX Pro,Strength,,,,140KG,277KG,307KG,,,8
9,Sandra Schalansky & Nicolai Reicherter,ATHX MUNICH 2026,Germany 🇩🇪,2026,Mixed,ATHX Pro,Strength,,,,126KG,257KG,311KG,,,9
10,Anna Greco & David Long,ATHX MUNICH 2026,Germany 🇩🇪,2026,Mixed,ATHX Pro,Strength,,,,130KG,268KG,280KG,,,10
11,Alexander Wichmann & Alexandra Wichmann,ATHX MUNICH 2026,Germany 🇩🇪,2026,Mixed,ATHX Pro,Strength,,,,125KG,230KG,321KG,,,11
11,Uli Glöckner & Daniel Lemke,ATHX BERLIN 2026,Germany 🇩🇪,2026,Mixed,ATHX Pro,Strength,,,,116KG,265KG,295KG,,,11
13,Bjoern Hofmann & Claudia Aguilar,ATHX MUNICH 2026,Germany 🇩🇪,2026,Mixed,ATHX Pro,Strength,,,,126KG,220KG,315KG,,,13
14,Niklas Schmid & Judith Schmid,ATHX MUNICH 2026,Germany 🇩🇪,2026,Mixed,ATHX Pro,Strength,,,,122KG,252KG,285KG,,,14
15,Martin Stammhammer & Melanie Stammhammer,ATHX MUNICH 2026,Germany 🇩🇪,2026,Mixed,ATHX Pro,Strength,,,,123KG,250KG,285KG,,,15
16,Adil Zitan & Tina Rosenfeld,ATHX MUNICH 2026,Germany 🇩🇪,2026,Mixed,ATHX Pro,Strength,,,,129KG,250KG,275KG,,,16
17,Lena Sassano & Philipp Grunert,ATHX BERLIN 2026,Germany 🇩🇪,2026,Mixed,ATHX Pro,Strength,,,,124KG,225KG,283KG,,,17
18,Sören Findeisen & Franziska Kühlthau,ATHX BERLIN 2026,Germany 🇩🇪,2026,Mixed,ATHX Pro,Strength,,,,123KG,223KG,284KG,,,18
19,Amira Dzaferi & Tobias Vidmar,ATHX MUNICH 2026,Germany 🇩🇪,2026,Mixed,ATHX Pro,Strength,,,,113KG,230KG,286KG,,,19
20,Alexander Kress & Sandra Hegwein,ATHX BERLIN 2026,Germany 🇩🇪,2026,Mixed,ATHX Pro,Strength,,,,114KG,228KG,280KG,,,20
21,Andreas Kliemann & Julia Kliemann,ATHX MUNICH 2026,Germany 🇩🇪,2026,Mixed,ATHX Pro,Strength,,,,116KG,230KG,275KG,,,21
22,Alexander Maier & Paula Heinemann,ATHX MUNICH 2026,Germany 🇩🇪,2026,Mixed,ATHX Pro,Strength,,,,110KG,210KG,300KG,,,22
23,Josef Buechele & Isabelle Sinz,ATHX MUNICH 2026,Germany 🇩🇪,2026,Mixed,ATHX Pro,Strength,,,,110KG,221KG,250KG,,,23
24,Fina Lale Kutz & Björn Wittig,ATHX BERLIN 2026,Germany 🇩🇪,2026,Mixed,ATHX Pro,Strength,,,,112KG,202KG,255KG,,,24
25,Marc Katzensteiner & Melanie Swoboda,ATHX BERLIN 2026,Germany 🇩🇪,2026,Mixed,ATHX Pro,Strength,,,,110KG,195KG,250KG,,,25
26,Inga-Marie Ganssauge & Lennart Finke,ATHX BERLIN 2026,Germany 🇩🇪,2026,Mixed,ATHX Pro,Strength,,,,103KG,205KG,240KG,,,26
27,Lukas Ertel & Marlen Blumhofer,ATHX MUNICH 2026,Germany 🇩🇪,2026,Mixed,ATHX Pro,Strength,,,,95KG,205KG,240KG,,,27
28,Michaela Ressel & Juergen Deckert,ATHX BERLIN 2026,Germany 🇩🇪,2026,Mixed,ATHX Pro,Strength,,,,122KG,185KG,220KG,,,28
29,Maciek Dzięcioł & Justyna Dzieciol,ATHX BERLIN 2026,Germany 🇩🇪,2026,Mixed,ATHX Pro,Strength,,,,93KG,197KG,210KG,,,29
30,Sebastian Białowąs & Weronika Białowąs,ATHX BERLIN 2026,Germany 🇩🇪,2026,Mixed,ATHX Pro,Strength,,,,90KG,175KG,225KG,,,30
31,Marcel Knäblein & Vanessa Mazzarella,ATHX BERLIN 2026,Germany 🇩🇪,2026,Mixed,ATHX Pro,Strength,,,,92KG,175KG,215KG,,,31
32,Anja Meusel & Steve Federow,ATHX BERLIN 2026,Germany 🇩🇪,2026,Mixed,ATHX Pro,Strength,,,,89KG,143KG,220KG,,,32
33,Anne Koch & Robert Koch,ATHX BERLIN 2026,Germany 🇩🇪,2026,Mixed,ATHX Pro,Strength,,,,81KG,162KG,171KG,,,33
1,Philipp Wamser & Luisa Pfrommer,ATHX BERLIN 2026,Germany 🇩🇪,2026,Mixed,ATHX Pro,Endurance,,,,,,,4.942KM,5.667KM,1
2,Sandra Schalansky & Nicolai Reicherter,ATHX MUNICH 2026,Germany 🇩🇪,2026,Mixed,ATHX Pro,Endurance,,,,,,,4.738KM,5.425KM,2
3,Yves Dupertuis & Simea Hediger,ATHX MUNICH 2026,Germany 🇩🇪,2026,Mixed,ATHX Pro,Endurance,,,,,,,4.063KM,5.808KM,3
4,Josef Buechele & Isabelle Sinz,ATHX MUNICH 2026,Germany 🇩🇪,2026,Mixed,ATHX Pro,Endurance,,,,,,,4.384KM,5.45KM,4
5,Uli Glöckner & Daniel Lemke,ATHX BERLIN 2026,Germany 🇩🇪,2026,Mixed,ATHX Pro,Endurance,,,,,,,4.564KM,5.268KM,5
6,Lukas Ertel & Marlen Blumhofer,ATHX MUNICH 2026,Germany 🇩🇪,2026,Mixed,ATHX Pro,Endurance,,,,,,,4.507KM,5.255KM,6
7,Inga-Marie Ganssauge & Lennart Finke,ATHX BERLIN 2026,Germany 🇩🇪,2026,Mixed,ATHX Pro,Endurance,,,,,,,4.343KM,5.282KM,7
8,Alexander Kress & Sandra Hegwein,ATHX BERLIN 2026,Germany 🇩🇪,2026,Mixed,ATHX Pro,Endurance,,,,,,,4.254KM,5.321KM,8
9,Layla Siebert & Tom Maischak,ATHX BERLIN 2026,Germany 🇩🇪,2026,Mixed,ATHX Pro,Endurance,,,,,,,4.029KM,5.532KM,9
10,Adil Zitan & Tina Rosenfeld,ATHX MUNICH 2026,Germany 🇩🇪,2026,Mixed,ATHX Pro,Endurance,,,,,,,3.862KM,5.696KM,10
11,Sören Findeisen & Franziska Kühlthau,ATHX BERLIN 2026,Germany 🇩🇪,2026,Mixed,ATHX Pro,Endurance,,,,,,,4.216KM,5.302KM,11
12,Lena Sassano & Philipp Grunert,ATHX BERLIN 2026,Germany 🇩🇪,2026,Mixed,ATHX Pro,Endurance,,,,,,,4.166KM,5.289KM,12
13,Jens Koppe & Lena Fechner,ATHX BERLIN 2026,Germany 🇩🇪,2026,Mixed,ATHX Pro,Endurance,,,,,,,3.875KM,5.473KM,13
14,Dennis Hildebrandt & Nora Arold,ATHX MUNICH 2026,Germany 🇩🇪,2026,Mixed,ATHX Pro,Endurance,,,,,,,3.879KM,5.457KM,14
15,Lars Jakobeit & Anna Donauer,ATHX MUNICH 2026,Germany 🇩🇪,2026,Mixed,ATHX Pro,Endurance,,,,,,,3.885KM,5.423KM,15
16,Marc Katzensteiner & Melanie Swoboda,ATHX BERLIN 2026,Germany 🇩🇪,2026,Mixed,ATHX Pro,Endurance,,,,,,,4KM,5.273KM,16
17,Marcel Knäblein & Vanessa Mazzarella,ATHX BERLIN 2026,Germany 🇩🇪,2026,Mixed,ATHX Pro,Endurance,,,,,,,4.178KM,5.02KM,17
18,Maciek Dzięcioł & Justyna Dzieciol,ATHX BERLIN 2026,Germany 🇩🇪,2026,Mixed,ATHX Pro,Endurance,,,,,,,4KM,5.146KM,18
19,Patrick Funk & Alex Hipwell,ATHX MUNICH 2026,Germany 🇩🇪,2026,Mixed,ATHX Pro,Endurance,,,,,,,3.692KM,5.43KM,19
20,Amira Dzaferi & Tobias Vidmar,ATHX MUNICH 2026,Germany 🇩🇪,2026,Mixed,ATHX Pro,Endurance,,,,,,,3.586KM,5.529KM,20
21,Niklas Schmid & Judith Schmid,ATHX MUNICH 2026,Germany 🇩🇪,2026,Mixed,ATHX Pro,Endurance,,,,,,,3.866KM,5.212KM,21
22,Alexander Wichmann & Alexandra Wichmann,ATHX MUNICH 2026,Germany 🇩🇪,2026,Mixed,ATHX Pro,Endurance,,,,,,,3.867KM,5.106KM,22
23,Fina Lale Kutz & Björn Wittig,ATHX BERLIN 2026,Germany 🇩🇪,2026,Mixed,ATHX Pro,Endurance,,,,,,,3.888KM,5.077KM,23
24,Anja Meusel & Steve Federow,ATHX BERLIN 2026,Germany 🇩🇪,2026,Mixed,ATHX Pro,Endurance,,,,,,,4KM,4.922KM,24
25,Andreas Kliemann & Julia Kliemann,ATHX MUNICH 2026,Germany 🇩🇪,2026,Mixed,ATHX Pro,Endurance,,,,,,,3.618KM,5.173KM,25
26,Nadja Pries & Richard Bartolschitz,ATHX MUNICH 2026,Germany 🇩🇪,2026,Mixed,ATHX Pro,Endurance,,,,,,,3.439KM,5.266KM,26
27,Anna Greco & David Long,ATHX MUNICH 2026,Germany 🇩🇪,2026,Mixed,ATHX Pro,Endurance,,,,,,,3.66KM,4.987KM,27
28,Michaela Ressel & Juergen Deckert,ATHX BERLIN 2026,Germany 🇩🇪,2026,Mixed,ATHX Pro,Endurance,,,,,,,3.572KM,5.057KM,28
29,Martin Stammhammer & Melanie Stammhammer,ATHX MUNICH 2026,Germany 🇩🇪,2026,Mixed,ATHX Pro,Endurance,,,,,,,3.08KM,5.484KM,29
30,Bjoern Hofmann & Claudia Aguilar,ATHX MUNICH 2026,Germany 🇩🇪,2026,Mixed,ATHX Pro,Endurance,,,,,,,3.385KM,4.981KM,30
31,Sebastian Białowąs & Weronika Białowąs,ATHX BERLIN 2026,Germany 🇩🇪,2026,Mixed,ATHX Pro,Endurance,,,,,,,3.75KM,4.518KM,31
32,Alexander Maier & Paula Heinemann,ATHX MUNICH 2026,Germany 🇩🇪,2026,Mixed,ATHX Pro,Endurance,,,,,,,3.387KM,4.782KM,32
33,Anne Koch & Robert Koch,ATHX BERLIN 2026,Germany 🇩🇪,2026,Mixed,ATHX Pro,Endurance,,,,,,,4.188KM,3.765KM,33
1,Philipp Wamser & Luisa Pfrommer,ATHX BERLIN 2026,Germany 🇩🇪,2026,Mixed,ATHX Pro,MetCon X,,,14:01,,,,,,1
2,Sandra Schalansky & Nicolai Reicherter,ATHX MUNICH 2026,Germany 🇩🇪,2026,Mixed,ATHX Pro,MetCon X,,,14:09,,,,,,2
2,Yves Dupertuis & Simea Hediger,ATHX MUNICH 2026,Germany 🇩🇪,2026,Mixed,ATHX Pro,MetCon X,,,14:09,,,,,,2
4,Adil Zitan & Tina Rosenfeld,ATHX MUNICH 2026,Germany 🇩🇪,2026,Mixed,ATHX Pro,MetCon X,,,14:31,,,,,,4
5,Uli Glöckner & Daniel Lemke,ATHX BERLIN 2026,Germany 🇩🇪,2026,Mixed,ATHX Pro,MetCon X,,,14:44,,,,,,5
6,Patrick Funk & Alex Hipwell,ATHX MUNICH 2026,Germany 🇩🇪,2026,Mixed,ATHX Pro,MetCon X,,,14:50,,,,,,6
7,Layla Siebert & Tom Maischak,ATHX BERLIN 2026,Germany 🇩🇪,2026,Mixed,ATHX Pro,MetCon X,,,15:00,,,,,,7
8,Lars Jakobeit & Anna Donauer,ATHX MUNICH 2026,Germany 🇩🇪,2026,Mixed,ATHX Pro,MetCon X,,,15:30,,,,,,8
9,Dennis Hildebrandt & Nora Arold,ATHX MUNICH 2026,Germany 🇩🇪,2026,Mixed,ATHX Pro,MetCon X,,,16:07,,,,,,9
9,Nadja Pries & Richard Bartolschitz,ATHX MUNICH 2026,Germany 🇩🇪,2026,Mixed,ATHX Pro,MetCon X,,,16:07,,,,,,9
11,Alexander Wichmann & Alexandra Wichmann,ATHX MUNICH 2026,Germany 🇩🇪,2026,Mixed,ATHX Pro,MetCon X,,,16:08,,,,,,11
12,Alexander Kress & Sandra Hegwein,ATHX BERLIN 2026,Germany 🇩🇪,2026,Mixed,ATHX Pro,MetCon X,,,16:11,,,,,,12
13,Inga-Marie Ganssauge & Lennart Finke,ATHX BERLIN 2026,Germany 🇩🇪,2026,Mixed,ATHX Pro,MetCon X,,,16:35,,,,,,13
14,Amira Dzaferi & Tobias Vidmar,ATHX MUNICH 2026,Germany 🇩🇪,2026,Mixed,ATHX Pro,MetCon X,,,16:36,,,,,,14
15,Jens Koppe & Lena Fechner,ATHX BERLIN 2026,Germany 🇩🇪,2026,Mixed,ATHX Pro,MetCon X,,,16:40,,,,,,15
16,Sören Findeisen & Franziska Kühlthau,ATHX BERLIN 2026,Germany 🇩🇪,2026,Mixed,ATHX Pro,MetCon X,,,16:41,,,,,,16
17,Lena Sassano & Philipp Grunert,ATHX BERLIN 2026,Germany 🇩🇪,2026,Mixed,ATHX Pro,MetCon X,,,16:44,,,,,,17
18,Alexander Maier & Paula Heinemann,ATHX MUNICH 2026,Germany 🇩🇪,2026,Mixed,ATHX Pro,MetCon X,,,17:03,,,,,,18
19,Andreas Kliemann & Julia Kliemann,ATHX MUNICH 2026,Germany 🇩🇪,2026,Mixed,ATHX Pro,MetCon X,,,17:34,,,,,,19
20,Josef Buechele & Isabelle Sinz,ATHX MUNICH 2026,Germany 🇩🇪,2026,Mixed,ATHX Pro,MetCon X,,,17:52,,,,,,20
21,Niklas Schmid & Judith Schmid,ATHX MUNICH 2026,Germany 🇩🇪,2026,Mixed,ATHX Pro,MetCon X,,,17:57,,,,,,21
22,Marc Katzensteiner & Melanie Swoboda,ATHX BERLIN 2026,Germany 🇩🇪,2026,Mixed,ATHX Pro,MetCon X,,,18:20,,,,,,22
23,Anna Greco & David Long,ATHX MUNICH 2026,Germany 🇩🇪,2026,Mixed,ATHX Pro,MetCon X,,,19:16,,,,,,23
24,Martin Stammhammer & Melanie Stammhammer,ATHX MUNICH 2026,Germany 🇩🇪,2026,Mixed,ATHX Pro,MetCon X,,,19:48,,,,,,24
25,Sebastian Białowąs & Weronika Białowąs,ATHX BERLIN 2026,Germany 🇩🇪,2026,Mixed,ATHX Pro,MetCon X,,,19:59,,,,,,25
26,Bjoern Hofmann & Claudia Aguilar,ATHX MUNICH 2026,Germany 🇩🇪,2026,Mixed,ATHX Pro,MetCon X,,,20:07,,,,,,26
27,Marcel Knäblein & Vanessa Mazzarella,ATHX BERLIN 2026,Germany 🇩🇪,2026,Mixed,ATHX Pro,MetCon X,,,20:20,,,,,,27
28,Fina Lale Kutz & Björn Wittig,ATHX BERLIN 2026,Germany 🇩🇪,2026,Mixed,ATHX Pro,MetCon X,,,21:00,,,,,,28
29,Maciek Dzięcioł & Justyna Dzieciol,ATHX BERLIN 2026,Germany 🇩🇪,2026,Mixed,ATHX Pro,MetCon X,,,21:01,,,,,,29
30,Anja Meusel & Steve Federow,ATHX BERLIN 2026,Germany 🇩🇪,2026,Mixed,ATHX Pro,MetCon X,,,21:08,,,,,,30
31,Michaela Ressel & Juergen Deckert,ATHX BERLIN 2026,Germany 🇩🇪,2026,Mixed,ATHX Pro,MetCon X,,,22:55,,,,,,31
32,Lukas Ertel & Marlen Blumhofer,ATHX MUNICH 2026,Germany 🇩🇪,2026,Mixed,ATHX Pro,MetCon X,,,30:53,,,,,,32
33,Anne Koch & Robert Koch,ATHX BERLIN 2026,Germany 🇩🇪,2026,Mixed,ATHX Pro,MetCon X,,,31:00,,,,,,33
1,Dana Bischoff & Theresa Ladwig,ATHX MUNICH 2026,Germany 🇩🇪,2026,Female,ATHX,Overall,21 (477KG),10 (8.861KM),5 (15:08),,,,,,36
2,Michelle Krahnenfeld & Lina Michaelis,ATHX BERLIN 2026,Germany 🇩🇪,2026,Female,ATHX,Overall,34 (464KG),1 (9.463KM),3 (14:36),,,,,,38
3,Leonie Funk & Maike Büchner,ATHX MUNICH 2026,Germany 🇩🇪,2026,Female,ATHX,Overall,14 (490KG),19 (8.692KM),7 (15:22),,,,,,40
4,Käthe Neuss & Florence Hofmann,ATHX BERLIN 2026,Germany 🇩🇪,2026,Female,ATHX,Overall,35 (463KG),5 (9.012KM),4 (14:40),,,,,,44
5,Judith Claßen & Jessica Lindenthal,ATHX BERLIN 2026,Germany 🇩🇪,2026,Female,ATHX,Overall,2 (523KG),37 (8.586KM),11 (15:37),,,,,,50
6,Emily Kavanagh & Georgie Pryor,ATHX BERLIN 2026,Germany 🇩🇪,2026,Female,ATHX,Overall,26 (472KG),4 (9.023KM),20 (16:12),,,,,,50
7,Eva Elingerova & Petra Juskova,ATHX MUNICH 2026,Germany 🇩🇪,2026,Female,ATHX,Overall,12 (492KG),33 (8.6KM),12 (15:40),,,,,,57
8,Diana Rach & Jara El-Chaikh,ATHX MUNICH 2026,Germany 🇩🇪,2026,Female,ATHX,Overall,3 (518KG),32 (8.607KM),31 (16:32),,,,,,66
9,Lisa-Maria Wienerroither & Andrea Dobler,ATHX MUNICH 2026,Germany 🇩🇪,2026,Female,ATHX,Overall,36 (459KG),12 (8.849KM),26 (16:26),,,,,,74
10,Dinah Gordon & Jule Braren,ATHX BERLIN 2026,Germany 🇩🇪,2026,Female,ATHX,Overall,24 (474KG),38 (8.578KM),15 (16:00),,,,,,77
11,Philippa von Blücher & Ines Amey,ATHX MUNICH 2026,Germany 🇩🇪,2026,Female,ATHX,Overall,76 (414KG),2 (9.346KM),2 (14:15),,,,,,80
12,Katrin Gillett & Beatrice Kaiser,ATHX MUNICH 2026,Germany 🇩🇪,2026,Female,ATHX,Overall,4 (513KG),54 (8.388KM),25 (16:24),,,,,,83
13,Karolína Jehličková & Michaela Cudlmanova,ATHX MUNICH 2026,Germany 🇩🇪,2026,Female,ATHX,Overall,17 (486KG),30 (8.619KM),37 (16:46),,,,,,84
13,Hannah Danowski & Janine Gatzke,ATHX BERLIN 2026,Germany 🇩🇪,2026,Female,ATHX,Overall,6 (505KG),51 (8.417KM),27 (16:27),,,,,,84
15,Amrei Wagner & Anna Pyschkin,ATHX MUNICH 2026,Germany 🇩🇪,2026,Female,ATHX,Overall,80 (411KG),3 (9.336KM),6 (15:13),,,,,,89
15,Eliza Cumming & Kelley Griffiths,ATHX BERLIN 2026,Germany 🇩🇪,2026,Female,ATHX,Overall,14 (490KG),36 (8.59KM),39 (16:55),,,,,,89
17,Wiebke Eggers & Ann-Katrin Hinze,ATHX BERLIN 2026,Germany 🇩🇪,2026,Female,ATHX,Overall,30 (469KG),22 (8.652KM),38 (16:53),,,,,,90
18,Pauline Strixner & Louise Djabri,ATHX MUNICH 2026,Germany 🇩🇪,2026,Female,ATHX,Overall,44 (450KG),24 (8.647KM),23 (16:16),,,,,,91
19,Franka Arendt & Svenja Herbert,ATHX MUNICH 2026,Germany 🇩🇪,2026,Female,ATHX,Overall,18 (483KG),41 (8.554KM),34 (16:43),,,,,,93
20,Selina Rastetter & Freya Küppers,ATHX MUNICH 2026,Germany 🇩🇪,2026,Female,ATHX,Overall,42 (452KG),18 (8.72KM),34 (16:43),,,,,,94
20,Jette Schaffran & Julia Czerwinski,ATHX BERLIN 2026,Germany 🇩🇪,2026,Female,ATHX,Overall,20 (480KG),28 (8.624KM),46 (17:19),,,,,,94
20,Amelie Dick & Leonie Scholz,ATHX BERLIN 2026,Germany 🇩🇪,2026,Female,ATHX,Overall,41 (454KG),13 (8.829KM),40 (16:57),,,,,,94
23,Kelley Griffiths & Jette Schaffran,ATHX MUNICH 2026,Germany 🇩🇪,2026,Female,ATHX,Overall,31 (468KG),46 (8.512KM),18 (16:08),,,,,,95
24,Kristin Plagemann & Cosima Wilke,ATHX BERLIN 2026,Germany 🇩🇪,2026,Female,ATHX,Overall,49 (444KG),34 (8.599KM),17 (16:04),,,,,,100
25,Sandra Marini & Suna Madlaina Graf,ATHX MUNICH 2026,Germany 🇩🇪,2026,Female,ATHX,Overall,73 (416KG),7 (8.977KM),21 (16:13),,,,,,101
26,Sarah Emmermann & Vivien Herb,ATHX BERLIN 2026,Germany 🇩🇪,2026,Female,ATHX,Overall,47 (446KG),42 (8.542KM),13 (15:46),,,,,,102
27,Lisa Schulz & Theresa Mayer,ATHX MUNICH 2026,Germany 🇩🇪,2026,Female,ATHX,Overall,31 (468KG),65 (8.272KM),9 (15:33),,,,,,105
28,Isabell Grasnick & Holland Cathey,ATHX BERLIN 2026,Germany 🇩🇪,2026,Female,ATHX,Overall,55 (439KG),9 (8.896KM),44 (17:08),,,,,,108
29,Kim Jennifer Struckmann & Laura Boyksen,ATHX BERLIN 2026,Germany 🇩🇪,2026,Female,ATHX,Overall,13 (491KG),61 (8.301KM),36 (16:44),,,,,,110
30,Elke Höft & Nicoletta Ditschinger,ATHX MUNICH 2026,Germany 🇩🇪,2026,Female,ATHX,Overall,67 (426KG),31 (8.617KM),14 (15:56),,,,,,112
31,Franziska Maisel & Jenny Bierwirth,ATHX BERLIN 2026,Germany 🇩🇪,2026,Female,ATHX,Overall,39 (457KG),64 (8.276KM),19 (16:11),,,,,,122
32,Katja Seeber & Sandy Malik,ATHX MUNICH 2026,Germany 🇩🇪,2026,Female,ATHX,Overall,73 (416KG),45 (8.523KM),8 (15:28),,,,,,126
33,Selina Rösch & Amelie Dick,ATHX MUNICH 2026,Germany 🇩🇪,2026,Female,ATHX,Overall,71 (422KG),15 (8.773KM),41 (17:00),,,,,,127
34,LICIA FAIELLA & Erika Cavigiolo,ATHX BERLIN 2026,Germany 🇩🇪,2026,Female,ATHX,Overall,21 (477KG),94 (8.103KM),16 (16:03),,,,,,131
35,Jacqueline Mettbach & Lydia Schneider,ATHX MUNICH 2026,Germany 🇩🇪,2026,Female,ATHX,Overall,28 (471KG),77 (8.174KM),28 (16:30),,,,,,133
36,Sarah Kluge & Katy Völker,ATHX BERLIN 2026,Germany 🇩🇪,2026,Female,ATHX,Overall,51 (442KG),27 (8.635KM),58 (17:41),,,,,,136
37,Loresa MORINA & Luisa Rusch,ATHX MUNICH 2026,Germany 🇩🇪,2026,Female,ATHX,Overall,60 (434KG),57 (8.35KM),24 (16:18),,,,,,141
37,Miriam Meurer-Stier & Allegra Gärtner,ATHX MUNICH 2026,Germany 🇩🇪,2026,Female,ATHX,Overall,25 (473KG),42 (8.542KM),74 (18:13),,,,,,141
37,Aleksandra Kowalska & Agata Szymańczak,ATHX BERLIN 2026,Germany 🇩🇪,2026,Female,ATHX,Overall,73 (416KG),21 (8.664KM),47 (17:20),,,,,,141
40,Miriam Blaettler & Veronika Guessregen,ATHX MUNICH 2026,Germany 🇩🇪,2026,Female,ATHX,Overall,124 (353KG),8 (8.953KM),10 (15:34),,,,,,142
41,Catharina Schaaff & Leonie Bergmann,ATHX BERLIN 2026,Germany 🇩🇪,2026,Female,ATHX,Overall,86 (399KG),17 (8.753KM),42 (17:05),,,,,,145
42,Antje Kern & Maximiliane Thiel,ATHX BERLIN 2026,Germany 🇩🇪,2026,Female,ATHX,Overall,37 (458KG),49 (8.455KM),61 (17:44),,,,,,147
43,Luisa Frank & Melissa Brücher,ATHX MUNICH 2026,Germany 🇩🇪,2026,Female,ATHX,Overall,47 (446KG),74 (8.209KM),32 (16:39),,,,,,153
44,Franca König & Jennifer Duque,ATHX BERLIN 2026,Germany 🇩🇪,2026,Female,ATHX,Overall,122 (355KG),6 (8.991KM),30 (16:31),,,,,,158
45,Jennifer Küster & Katrin Schenker,ATHX BERLIN 2026,Germany 🇩🇪,2026,Female,ATHX,Overall,127 (348KG),11 (8.855KM),21 (16:13),,,,,,159
46,Lisa Brand & Agnes Rössler,ATHX BERLIN 2026,Germany 🇩🇪,2026,Female,ATHX,Overall,95 (388KG),16 (8.765KM),50 (17:27),,,,,,161
47,Jennifer Bechtold & Kira Spuddig,ATHX BERLIN 2026,Germany 🇩🇪,2026,Female,ATHX,Overall,10 (496KG),59 (8.334KM),98 (19:03),,,,,,167
48,Kai Viviane Bello & Kim Cruz Vazquez,ATHX MUNICH 2026,Germany 🇩🇪,2026,Female,ATHX,Overall,5 (512KG),109 (7.938KM),54 (17:35),,,,,,168
48,Daniela Krausch & Laura Frach,ATHX BERLIN 2026,Germany 🇩🇪,2026,Female,ATHX,Overall,77 (413KG),25 (8.642KM),66 (17:53),,,,,,168
50,Francisca Sommer & Josephin Haberlandt,ATHX MUNICH 2026,Germany 🇩🇪,2026,Female,ATHX,Overall,37 (458KG),90 (8.113KM),48 (17:22),,,,,,175
51,Ulrike Kollmer & Christin-Marie Betz,ATHX MUNICH 2026,Germany 🇩🇪,2026,Female,ATHX,Overall,29 (470KG),91 (8.111KM),56 (17:38),,,,,,176
52,Lea Wickel & Annabel Seidel,ATHX MUNICH 2026,Germany 🇩🇪,2026,Female,ATHX,Overall,69 (424KG),39 (8.567KM),69 (17:57),,,,,,177
53,Julia Bremken & Carolin Mielke,ATHX MUNICH 2026,Germany 🇩🇪,2026,Female,ATHX,Overall,93 (391KG),28 (8.624KM),57 (17:39),,,,,,178
54,Luisa Schmid & Sophie Schmid,ATHX MUNICH 2026,Germany 🇩🇪,2026,Female,ATHX,Overall,94 (389KG),86 (8.131KM),1 (14:00),,,,,,181
55,Carina Becker & Natalie Heidt,ATHX MUNICH 2026,Germany 🇩🇪,2026,Female,ATHX,Overall,51 (442KG),72 (8.217KM),59 (17:43),,,,,,182
55,Franziska Rimmel & Kornelia Höcherl,ATHX MUNICH 2026,Germany 🇩🇪,2026,Female,ATHX,Overall,10 (496KG),77 (8.174KM),95 (18:55),,,,,,182
57,Antje Schanz & Simone Schuhbauer,ATHX MUNICH 2026,Germany 🇩🇪,2026,Female,ATHX,Overall,82 (408KG),68 (8.239KM),33 (16:41),,,,,,183
57,Silvia Stenzel & Valerie Geßler,ATHX BERLIN 2026,Germany 🇩🇪,2026,Female,ATHX,Overall,87 (398KG),53 (8.389KM),43 (17:06),,,,,,183
59,Jeannine Schmidt-Heidenreich & Nadien Freitag,ATHX BERLIN 2026,Germany 🇩🇪,2026,Female,ATHX,Overall,95 (388KG),26 (8.64KM),63 (17:50),,,,,,184
60,Emma Diallo & Pauline Fajnzylberg,ATHX BERLIN 2026,Germany 🇩🇪,2026,Female,ATHX,Overall,87 (398KG),40 (8.564KM),59 (17:43),,,,,,186
61,Carina Burgmayer & Kymia Tappeiner,ATHX MUNICH 2026,Germany 🇩🇪,2026,Female,ATHX,Overall,84 (406KG),56 (8.358KM),50 (17:27),,,,,,190
62,Samanta Schydlo & Anna Menzel-Giourelis,ATHX BERLIN 2026,Germany 🇩🇪,2026,Female,ATHX,Overall,9 (498KG),101 (8.051KM),81 (18:30),,,,,,191
63,Kinga Hebda & Celina Piotrowska,ATHX BERLIN 2026,Germany 🇩🇪,2026,Female,ATHX,Overall,78 (412KG),48 (8.466KM),66 (17:53),,,,,,192
64,Maria Agethen & Franziska Mews,ATHX BERLIN 2026,Germany 🇩🇪,2026,Female,ATHX,Overall,58 (437KG),66 (8.27KM),70 (18:00),,,,,,194
65,Aline Heinze & Anja Nguyen,ATHX MUNICH 2026,Germany 🇩🇪,2026,Female,ATHX,Overall,40 (456KG),113 (7.887KM),45 (17:14),,,,,,198
66,Ceci Ruppert & Kim Rosner,ATHX BERLIN 2026,Germany 🇩🇪,2026,Female,ATHX,Overall,45 (449KG),100 (8.064KM),54 (17:35),,,,,,199
67,Johanna Köllner & Paulina Dembinski,ATHX MUNICH 2026,Germany 🇩🇪,2026,Female,ATHX,Overall,130 (337KG),50 (8.426KM),28 (16:30),,,,,,208
68,Franziska Guthe & Regine Wahl,ATHX MUNICH 2026,Germany 🇩🇪,2026,Female,ATHX,Overall,1 (541KG),127 (7.639KM),81 (18:30),,,,,,209
69,Johanna Hochmuth & Evi Janker,ATHX MUNICH 2026,Germany 🇩🇪,2026,Female,ATHX,Overall,23 (475KG),111 (7.929KM),78 (18:22),,,,,,212
70,Lara-Marie Scherfig & Laura Conrad,ATHX BERLIN 2026,Germany 🇩🇪,2026,Female,ATHX,Overall,59 (435KG),80 (8.169KM),76 (18:20),,,,,,215
70,Gabriela Carolina Luciano & Juliana Ribeiro,ATHX BERLIN 2026,Germany 🇩🇪,2026,Female,ATHX,Overall,68 (425KG),60 (8.313KM),87 (18:39),,,,,,215
72,Stefanie Klass & Maike Dierolf,ATHX MUNICH 2026,Germany 🇩🇪,2026,Female,ATHX,Overall,53 (441KG),110 (7.935KM),53 (17:32),,,,,,216
73,Sandra Kriechbaum & Kaat Wagner,ATHX MUNICH 2026,Germany 🇩🇪,2026,Female,ATHX,Overall,8 (499KG),124 (7.743KM),85 (18:34),,,,,,217
74,Susanne Weiß & Laura Möhwald,ATHX MUNICH 2026,Germany 🇩🇪,2026,Female,ATHX,Overall,54 (440KG),55 (8.376KM),110 (19:46),,,,,,219
74,Kathrin Schertl & Linda Luksch,ATHX MUNICH 2026,Germany 🇩🇪,2026,Female,ATHX,Overall,7 (501KG),132 (7.531KM),80 (18:29),,,,,,219
74,Asrai Soos & Laura Modrich,ATHX BERLIN 2026,Germany 🇩🇪,2026,Female,ATHX,Overall,16 (488KG),120 (7.782KM),83 (18:31),,,,,,219
77,Tamina Prell & Vivien Neumann,ATHX MUNICH 2026,Germany 🇩🇪,2026,Female,ATHX,Overall,114 (368KG),35 (8.591KM),71 (18:04),,,,,,220
78,Jessica Hilzinger & Fiona Hainke,ATHX MUNICH 2026,Germany 🇩🇪,2026,Female,ATHX,Overall,135 (322KG),23 (8.65KM),63 (17:50),,,,,,221
79,Manuela Schambeck & Kerstin Schneider,ATHX MUNICH 2026,Germany 🇩🇪,2026,Female,ATHX,Overall,78 (412KG),62 (8.286KM),86 (18:37),,,,,,226
80,Franziska Sturm & Sandra Krugmann,ATHX BERLIN 2026,Germany 🇩🇪,2026,Female,ATHX,Overall,50 (443KG),76 (8.189KM),102 (19:18),,,,,,228
81,Marlis Hochwarter & Tina Hochwarter,ATHX BERLIN 2026,Germany 🇩🇪,2026,Female,ATHX,Overall,62 (431KG),58 (8.346KM),109 (19:45),,,,,,229
82,Vera Cristina & patricia.redondo84 Team,ATHX MUNICH 2026,Germany 🇩🇪,2026,Female,ATHX,Overall,95 (388KG),87 (8.124KM),52 (17:31),,,,,,234
82,Jule Fink & Inga Bockisch,ATHX BERLIN 2026,Germany 🇩🇪,2026,Female,ATHX,Overall,104 (379KG),67 (8.259KM),63 (17:50),,,,,,234
84,Lena-Marie Helbing & Teresa Tayerle,ATHX BERLIN 2026,Germany 🇩🇪,2026,Female,ATHX,Overall,106 (377KG),69 (8.234KM),62 (17:47),,,,,,237
84,Alexandra Ulbricht & Chiara Jaegers,ATHX BERLIN 2026,Germany 🇩🇪,2026,Female,ATHX,Overall,115 (367KG),14 (8.789KM),108 (19:43),,,,,,237
86,Luna Hipp & Lilly Hipp,ATHX MUNICH 2026,Germany 🇩🇪,2026,Female,ATHX,Overall,42 (452KG),92 (8.105KM),106 (19:37),,,,,,240
86,Leandra Berghammer & Luisa Raygoza,ATHX MUNICH 2026,Germany 🇩🇪,2026,Female,ATHX,Overall,65 (429KG),103 (8.048KM),72 (18:08),,,,,,240
86,Mareike Marie & Anna-Lena Kruppa,ATHX MUNICH 2026,Germany 🇩🇪,2026,Female,ATHX,Overall,115 (367KG),52 (8.403KM),73 (18:11),,,,,,240
89,Barbara Cordova & Leah-Sophie Geiger,ATHX MUNICH 2026,Germany 🇩🇪,2026,Female,ATHX,Overall,66 (427KG),126 (7.691KM),49 (17:26),,,,,,241
90,Anne A & Joélle Knüpfer,ATHX BERLIN 2026,Germany 🇩🇪,2026,Female,ATHX,Overall,60 (434KG),84 (8.155KM),100 (19:14),,,,,,244
91,Katharina Raimann & Laura Olbrich,ATHX MUNICH 2026,Germany 🇩🇪,2026,Female,ATHX,Overall,103 (381KG),75 (8.202KM),68 (17:54),,,,,,246
91,Petra Bohnet-Waldraff & Vienna Oppie,ATHX BERLIN 2026,Germany 🇩🇪,2026,Female,ATHX,Overall,85 (403KG),85 (8.141KM),76 (18:20),,,,,,246
93,Victoria Sauter & Laura Frech,ATHX MUNICH 2026,Germany 🇩🇪,2026,Female,ATHX,Overall,137 (313KG),20 (8.69KM),96 (18:56),,,,,,253
94,Maria Knych & Nicole Hugo,ATHX MUNICH 2026,Germany 🇩🇪,2026,Female,ATHX,Overall,64 (430KG),101 (8.051KM),89 (18:42),,,,,,254
95,Marlene Braun & Jil Roesler,ATHX MUNICH 2026,Germany 🇩🇪,2026,Female,ATHX,Overall,33 (465KG),96 (8.082KM),128 (21:10),,,,,,257
96,Schirin Remmy & Sandra Pörtner,ATHX BERLIN 2026,Germany 🇩🇪,2026,Female,ATHX,Overall,56 (438KG),79 (8.171KM),124 (20:36),,,,,,259
97,Sarah Geisenhofer & Sandra Waibel,ATHX MUNICH 2026,Germany 🇩🇪,2026,Female,ATHX,Overall,72 (420KG),116 (7.835KM),78 (18:22),,,,,,266
98,Michaela Mihali & Bettina Schmähl,ATHX MUNICH 2026,Germany 🇩🇪,2026,Female,ATHX,Overall,105 (378KG),44 (8.539KM),120 (20:12),,,,,,269
99,Katherina Krämer & lausi.weber Team,ATHX BERLIN 2026,Germany 🇩🇪,2026,Female,ATHX,Overall,91 (395KG),89 (8.119KM),91 (18:44),,,,,,271
100,Selina Rösch & Julia Haschka,ATHX BERLIN 2026,Germany 🇩🇪,2026,Female,ATHX,Overall,80 (411KG),71 (8.221KM),125 (20:44),,,,,,276
101,Celine Ruckaberle & Isabella Singer,ATHX BERLIN 2026,Germany 🇩🇪,2026,Female,ATHX,Overall,118 (363KG),47 (8.495KM),112 (19:53),,,,,,277
102,Lisa Mungenast & vanessaneuner43@gmail.com Neuner,ATHX MUNICH 2026,Germany 🇩🇪,2026,Female,ATHX,Overall,70 (423KG),119 (7.815KM),89 (18:42),,,,,,278
103,Ann-Kristin Freitag & Carmen Jedosch,ATHX BERLIN 2026,Germany 🇩🇪,2026,Female,ATHX,Overall,56 (438KG),117 (7.82KM),112 (19:53),,,,,,285
103,Nicole Bredfeldt & Sina Rieckhoff,ATHX BERLIN 2026,Germany 🇩🇪,2026,Female,ATHX,Overall,19 (481KG),140 (6.983KM),126 (20:45),,,,,,285
105,Stina Güttner & Leah Joswig,ATHX BERLIN 2026,Germany 🇩🇪,2026,Female,ATHX,Overall,62 (431KG),121 (7.774KM),103 (19:26),,,,,,286
106,Sarah Krivian & Flatz Saskia,ATHX MUNICH 2026,Germany 🇩🇪,2026,Female,ATHX,Overall,109 (375KG),82 (8.165KM),99 (19:10),,,,,,290
107,Siri Schwartz & Heike Golling,ATHX MUNICH 2026,Germany 🇩🇪,2026,Female,ATHX,Overall,100 (386KG),98 (8.074KM),93 (18:47),,,,,,291
108,Carola Lampe & Marlies Chaloupka,ATHX MUNICH 2026,Germany 🇩🇪,2026,Female,ATHX,Overall,120 (360KG),73 (8.215KM),101 (19:16),,,,,,294
108,Anna Neuhold & Elena Neuhold,ATHX MUNICH 2026,Germany 🇩🇪,2026,Female,ATHX,Overall,113 (372KG),97 (8.08KM),84 (18:33),,,,,,294
110,Stefka Spiegel & Lina Adamietz,ATHX MUNICH 2026,Germany 🇩🇪,2026,Female,ATHX,Overall,26 (472KG),136 (7.369KM),139 (23:47),,,,,,301
110,Ayse-Sophie Justvan & Malin Holtmeyer,ATHX BERLIN 2026,Germany 🇩🇪,2026,Female,ATHX,Overall,118 (363KG),108 (7.953KM),75 (18:18),,,,,,301
112,Mareike Glöckel & Christina Hofmann,ATHX MUNICH 2026,Germany 🇩🇪,2026,Female,ATHX,Overall,112 (374KG),83 (8.156KM),107 (19:39),,,,,,302
113,Jana Weeber & Bernadette Hofmann,ATHX MUNICH 2026,Germany 🇩🇪,2026,Female,ATHX,Overall,129 (341KG),80 (8.169KM),94 (18:49),,,,,,303
114,Marina Hellenthal & Kerstin Kukla,ATHX MUNICH 2026,Germany 🇩🇪,2026,Female,ATHX,Overall,126 (350KG),95 (8.102KM),88 (18:41),,,,,,309
115,Claudia Tröger & Vanessa Schwalb,ATHX MUNICH 2026,Germany 🇩🇪,2026,Female,ATHX,Overall,95 (388KG),104 (8.025KM),112 (19:53),,,,,,311
115,Ramona Eitele & Julia Bertele,ATHX BERLIN 2026,Germany 🇩🇪,2026,Female,ATHX,Overall,90 (396KG),99 (8.066KM),122 (20:26),,,,,,311
117,Susanne Jahn & Sabrina Bürger,ATHX BERLIN 2026,Germany 🇩🇪,2026,Female,ATHX,Overall,132 (334KG),63 (8.282KM),118 (20:08),,,,,,313
118,Zena El Abdalla & Roya Haupt,ATHX BERLIN 2026,Germany 🇩🇪,2026,Female,ATHX,Overall,92 (392KG),131 (7.57KM),92 (18:45),,,,,,315
119,Tamara Djordjevic & Corina Kunz,ATHX MUNICH 2026,Germany 🇩🇪,2026,Female,ATHX,Overall,83 (407KG),129 (7.626KM),105 (19:36),,,,,,317
120,Stephanie Busch & Sandra Andersen,ATHX BERLIN 2026,Germany 🇩🇪,2026,Female,ATHX,Overall,45 (449KG),139 (7.194KM),135 (22:37),,,,,,319
121,Lauren Jones & Tara Brown,ATHX MUNICH 2026,Germany 🇩🇪,2026,Female,ATHX,Overall,131 (335KG),88 (8.12KM),104 (19:31),,,,,,323
122,Julia Schwaiger & Stefanie Stocker,ATHX MUNICH 2026,Germany 🇩🇪,2026,Female,ATHX,Overall,87 (398KG),134 (7.428KM),116 (19:55),,,,,,337
123,Alicja Bulak & Ela Bogdanowicz,ATHX BERLIN 2026,Germany 🇩🇪,2026,Female,ATHX,Overall,102 (382KG),125 (7.738KM),111 (19:49),,,,,,338
124,Anna Stahel & Michèle Berthelon,ATHX MUNICH 2026,Germany 🇩🇪,2026,Female,ATHX,Overall,109 (375KG),118 (7.819KM),112 (19:53),,,,,,339
125,Julia Exler & Juliane Zickler,ATHX BERLIN 2026,Germany 🇩🇪,2026,Female,ATHX,Overall,138 (311KG),105 (8.01KM),97 (18:58),,,,,,340
126,Anja Kürzinger & Faina Kaplan Halfon,ATHX BERLIN 2026,Germany 🇩🇪,2026,Female,ATHX,Overall,108 (376KG),107 (7.998KM),127 (20:56),,,,,,342
127,Ruth Leonard & Karen Mooney,ATHX BERLIN 2026,Germany 🇩🇪,2026,Female,ATHX,Overall,128 (346KG),92 (8.105KM),123 (20:30),,,,,,343
128,Hanna Waldhart & Saskia Fiebig,ATHX MUNICH 2026,Germany 🇩🇪,2026,Female,ATHX,Overall,106 (377KG),123 (7.758KM),121 (20:15),,,,,,350
128,Svenja Rojem-Wagner & Alexandra Ulrich,ATHX BERLIN 2026,Germany 🇩🇪,2026,Female,ATHX,Overall,140 (275KG),70 (8.225KM),140 (23:56),,,,,,350
130,Alissa Hasenstab & Melissa Hemme,ATHX MUNICH 2026,Germany 🇩🇪,2026,Female,ATHX,Overall,125 (351KG),114 (7.839KM),117 (20:07),,,,,,356
131,Yousra Lembachar & Pauline Didier,ATHX BERLIN 2026,Germany 🇩🇪,2026,Female,ATHX,Overall,123 (354KG),106 (8.007KM),131 (21:58),,,,,,360
132,Franziska Laumer & Veronika Hochnuth,ATHX MUNICH 2026,Germany 🇩🇪,2026,Female,ATHX,Overall,120 (360KG),111 (7.929KM),132 (22:08),,,,,,363
133,Nadine Schwanebeck & Anja Sander,ATHX BERLIN 2026,Germany 🇩🇪,2026,Female,ATHX,Overall,100 (386KG),128 (7.634KM),138 (23:46),,,,,,366
134,Laura Sachsenmaier & Daniela ONeill,ATHX MUNICH 2026,Germany 🇩🇪,2026,Female,ATHX,Overall,95 (388KG),138 (7.195KM),134 (22:19),,,,,,367
135,Radha Kitzmann & Anahi Steiner,ATHX MUNICH 2026,Germany 🇩🇪,2026,Female,ATHX,Overall,134 (331KG),122 (7.762KM),118 (20:08),,,,,,374
135,Lisa Goder & Iris Bräutigam,ATHX BERLIN 2026,Germany 🇩🇪,2026,Female,ATHX,Overall,115 (367KG),130 (7.574KM),129 (21:36),,,,,,374
137,Irina Buller & Sarah Bugdoll,ATHX BERLIN 2026,Germany 🇩🇪,2026,Female,ATHX,Overall,136 (319KG),114 (7.839KM),130 (21:50),,,,,,380
138,Katharina Große & Hanna Scharf,ATHX MUNICH 2026,Germany 🇩🇪,2026,Female,ATHX,Overall,109 (375KG),137 (7.332KM),141 (24:49),,,,,,387
139,Deirbhile Seville & Asia O'Driscoll,ATHX BERLIN 2026,Germany 🇩🇪,2026,Female,ATHX,Overall,132 (334KG),133 (7.457KM),137 (23:45),,,,,,402
140,Eva Zimmermann & Caterina Porro,ATHX BERLIN 2026,Germany 🇩🇪,2026,Female,ATHX,Overall,139 (281KG),135 (7.382KM),133 (22:09),,,,,,407
1,Franziska Guthe & Regine Wahl,ATHX MUNICH 2026,Germany 🇩🇪,2026,Female,ATHX,Strength,,,,109KG,186KG,246KG,,,1
2,Judith Claßen & Jessica Lindenthal,ATHX BERLIN 2026,Germany 🇩🇪,2026,Female,ATHX,Strength,,,,103KG,190KG,230KG,,,2
3,Diana Rach & Jara El-Chaikh,ATHX MUNICH 2026,Germany 🇩🇪,2026,Female,ATHX,Strength,,,,88KG,170KG,260KG,,,3
4,Katrin Gillett & Beatrice Kaiser,ATHX MUNICH 2026,Germany 🇩🇪,2026,Female,ATHX,Strength,,,,93KG,184KG,236KG,,,4
5,Kai Viviane Bello & Kim Cruz Vazquez,ATHX MUNICH 2026,Germany 🇩🇪,2026,Female,ATHX,Strength,,,,100KG,178KG,234KG,,,5
6,Hannah Danowski & Janine Gatzke,ATHX BERLIN 2026,Germany 🇩🇪,2026,Female,ATHX,Strength,,,,90KG,182KG,233KG,,,6
7,Kathrin Schertl & Linda Luksch,ATHX MUNICH 2026,Germany 🇩🇪,2026,Female,ATHX,Strength,,,,94KG,200KG,207KG,,,7
8,Sandra Kriechbaum & Kaat Wagner,ATHX MUNICH 2026,Germany 🇩🇪,2026,Female,ATHX,Strength,,,,88KG,166KG,245KG,,,8
9,Samanta Schydlo & Anna Menzel-Giourelis,ATHX BERLIN 2026,Germany 🇩🇪,2026,Female,ATHX,Strength,,,,86KG,184KG,228KG,,,9
10,Franziska Rimmel & Kornelia Höcherl,ATHX MUNICH 2026,Germany 🇩🇪,2026,Female,ATHX,Strength,,,,88KG,175KG,233KG,,,10
10,Jennifer Bechtold & Kira Spuddig,ATHX BERLIN 2026,Germany 🇩🇪,2026,Female,ATHX,Strength,,,,85KG,174KG,237KG,,,10
12,Eva Elingerova & Petra Juskova,ATHX MUNICH 2026,Germany 🇩🇪,2026,Female,ATHX,Strength,,,,102KG,175KG,215KG,,,12
13,Kim Jennifer Struckmann & Laura Boyksen,ATHX BERLIN 2026,Germany 🇩🇪,2026,Female,ATHX,Strength,,,,83KG,173KG,235KG,,,13
14,Leonie Funk & Maike Büchner,ATHX MUNICH 2026,Germany 🇩🇪,2026,Female,ATHX,Strength,,,,99KG,180KG,211KG,,,14
14,Eliza Cumming & Kelley Griffiths,ATHX BERLIN 2026,Germany 🇩🇪,2026,Female,ATHX,Strength,,,,80KG,190KG,220KG,,,14
16,Asrai Soos & Laura Modrich,ATHX BERLIN 2026,Germany 🇩🇪,2026,Female,ATHX,Strength,,,,78KG,175KG,235KG,,,16
17,Karolína Jehličková & Michaela Cudlmanova,ATHX MUNICH 2026,Germany 🇩🇪,2026,Female,ATHX,Strength,,,,91KG,180KG,215KG,,,17
18,Franka Arendt & Svenja Herbert,ATHX MUNICH 2026,Germany 🇩🇪,2026,Female,ATHX,Strength,,,,75KG,174KG,234KG,,,18
19,Nicole Bredfeldt & Sina Rieckhoff,ATHX BERLIN 2026,Germany 🇩🇪,2026,Female,ATHX,Strength,,,,81KG,165KG,235KG,,,19
20,Jette Schaffran & Julia Czerwinski,ATHX BERLIN 2026,Germany 🇩🇪,2026,Female,ATHX,Strength,,,,78KG,192KG,210KG,,,20
21,Dana Bischoff & Theresa Ladwig,ATHX MUNICH 2026,Germany 🇩🇪,2026,Female,ATHX,Strength,,,,86KG,173KG,218KG,,,21
21,LICIA FAIELLA & Erika Cavigiolo,ATHX BERLIN 2026,Germany 🇩🇪,2026,Female,ATHX,Strength,,,,84KG,173KG,220KG,,,21
23,Johanna Hochmuth & Evi Janker,ATHX MUNICH 2026,Germany 🇩🇪,2026,Female,ATHX,Strength,,,,87KG,174KG,214KG,,,23
24,Dinah Gordon & Jule Braren,ATHX BERLIN 2026,Germany 🇩🇪,2026,Female,ATHX,Strength,,,,84KG,180KG,210KG,,,24
25,Miriam Meurer-Stier & Allegra Gärtner,ATHX MUNICH 2026,Germany 🇩🇪,2026,Female,ATHX,Strength,,,,88KG,178KG,207KG,,,25
26,Stefka Spiegel & Lina Adamietz,ATHX MUNICH 2026,Germany 🇩🇪,2026,Female,ATHX,Strength,,,,87KG,180KG,205KG,,,26
26,Emily Kavanagh & Georgie Pryor,ATHX BERLIN 2026,Germany 🇩🇪,2026,Female,ATHX,Strength,,,,82KG,165KG,225KG,,,26
28,Jacqueline Mettbach & Lydia Schneider,ATHX MUNICH 2026,Germany 🇩🇪,2026,Female,ATHX,Strength,,,,91KG,165KG,215KG,,,28
29,Ulrike Kollmer & Christin-Marie Betz,ATHX MUNICH 2026,Germany 🇩🇪,2026,Female,ATHX,Strength,,,,85KG,177KG,208KG,,,29
30,Wiebke Eggers & Ann-Katrin Hinze,ATHX BERLIN 2026,Germany 🇩🇪,2026,Female,ATHX,Strength,,,,89KG,173KG,207KG,,,30
31,Kelley Griffiths & Jette Schaffran,ATHX MUNICH 2026,Germany 🇩🇪,2026,Female,ATHX,Strength,,,,84KG,180KG,204KG,,,31
31,Lisa Schulz & Theresa Mayer,ATHX MUNICH 2026,Germany 🇩🇪,2026,Female,ATHX,Strength,,,,78KG,165KG,225KG,,,31
33,Marlene Braun & Jil Roesler,ATHX MUNICH 2026,Germany 🇩🇪,2026,Female,ATHX,Strength,,,,90KG,175KG,200KG,,,33
34,Michelle Krahnenfeld & Lina Michaelis,ATHX BERLIN 2026,Germany 🇩🇪,2026,Female,ATHX,Strength,,,,85KG,178KG,201KG,,,34
35,Käthe Neuss & Florence Hofmann,ATHX BERLIN 2026,Germany 🇩🇪,2026,Female,ATHX,Strength,,,,88KG,165KG,210KG,,,35
36,Lisa-Maria Wienerroither & Andrea Dobler,ATHX MUNICH 2026,Germany 🇩🇪,2026,Female,ATHX,Strength,,,,75KG,169KG,215KG,,,36
37,Francisca Sommer & Josephin Haberlandt,ATHX MUNICH 2026,Germany 🇩🇪,2026,Female,ATHX,Strength,,,,82KG,164KG,212KG,,,37
37,Antje Kern & Maximiliane Thiel,ATHX BERLIN 2026,Germany 🇩🇪,2026,Female,ATHX,Strength,,,,78KG,160KG,220KG,,,37
39,Franziska Maisel & Jenny Bierwirth,ATHX BERLIN 2026,Germany 🇩🇪,2026,Female,ATHX,Strength,,,,83KG,160KG,214KG,,,39
40,Aline Heinze & Anja Nguyen,ATHX MUNICH 2026,Germany 🇩🇪,2026,Female,ATHX,Strength,,,,86KG,160KG,210KG,,,40
41,Amelie Dick & Leonie Scholz,ATHX BERLIN 2026,Germany 🇩🇪,2026,Female,ATHX,Strength,,,,80KG,169KG,205KG,,,41
42,Luna Hipp & Lilly Hipp,ATHX MUNICH 2026,Germany 🇩🇪,2026,Female,ATHX,Strength,,,,90KG,160KG,202KG,,,42
42,Selina Rastetter & Freya Küppers,ATHX MUNICH 2026,Germany 🇩🇪,2026,Female,ATHX,Strength,,,,82KG,160KG,210KG,,,42
44,Pauline Strixner & Louise Djabri,ATHX MUNICH 2026,Germany 🇩🇪,2026,Female,ATHX,Strength,,,,65KG,170KG,215KG,,,44
45,Ceci Ruppert & Kim Rosner,ATHX BERLIN 2026,Germany 🇩🇪,2026,Female,ATHX,Strength,,,,83KG,165KG,201KG,,,45
45,Stephanie Busch & Sandra Andersen,ATHX BERLIN 2026,Germany 🇩🇪,2026,Female,ATHX,Strength,,,,85KG,165KG,199KG,,,45
47,Luisa Frank & Melissa Brücher,ATHX MUNICH 2026,Germany 🇩🇪,2026,Female,ATHX,Strength,,,,87KG,169KG,190KG,,,47
47,Sarah Emmermann & Vivien Herb,ATHX BERLIN 2026,Germany 🇩🇪,2026,Female,ATHX,Strength,,,,94KG,172KG,180KG,,,47
49,Kristin Plagemann & Cosima Wilke,ATHX BERLIN 2026,Germany 🇩🇪,2026,Female,ATHX,Strength,,,,85KG,163KG,196KG,,,49
50,Franziska Sturm & Sandra Krugmann,ATHX BERLIN 2026,Germany 🇩🇪,2026,Female,ATHX,Strength,,,,88KG,160KG,195KG,,,50
51,Carina Becker & Natalie Heidt,ATHX MUNICH 2026,Germany 🇩🇪,2026,Female,ATHX,Strength,,,,76KG,161KG,205KG,,,51
51,Sarah Kluge & Katy Völker,ATHX BERLIN 2026,Germany 🇩🇪,2026,Female,ATHX,Strength,,,,77KG,165KG,200KG,,,51
53,Stefanie Klass & Maike Dierolf,ATHX MUNICH 2026,Germany 🇩🇪,2026,Female,ATHX,Strength,,,,81KG,160KG,200KG,,,53
54,Susanne Weiß & Laura Möhwald,ATHX MUNICH 2026,Germany 🇩🇪,2026,Female,ATHX,Strength,,,,75KG,160KG,205KG,,,54
55,Isabell Grasnick & Holland Cathey,ATHX BERLIN 2026,Germany 🇩🇪,2026,Female,ATHX,Strength,,,,83KG,170KG,186KG,,,55
56,Schirin Remmy & Sandra Pörtner,ATHX BERLIN 2026,Germany 🇩🇪,2026,Female,ATHX,Strength,,,,93KG,155KG,190KG,,,56
56,Ann-Kristin Freitag & Carmen Jedosch,ATHX BERLIN 2026,Germany 🇩🇪,2026,Female,ATHX,Strength,,,,73KG,160KG,205KG,,,56
58,Maria Agethen & Franziska Mews,ATHX BERLIN 2026,Germany 🇩🇪,2026,Female,ATHX,Strength,,,,82KG,150KG,205KG,,,58
59,Lara-Marie Scherfig & Laura Conrad,ATHX BERLIN 2026,Germany 🇩🇪,2026,Female,ATHX,Strength,,,,77KG,153KG,205KG,,,59
60,Loresa MORINA & Luisa Rusch,ATHX MUNICH 2026,Germany 🇩🇪,2026,Female,ATHX,Strength,,,,79KG,170KG,185KG,,,60
60,Anne A & Joélle Knüpfer,ATHX BERLIN 2026,Germany 🇩🇪,2026,Female,ATHX,Strength,,,,79KG,160KG,195KG,,,60
62,Stina Güttner & Leah Joswig,ATHX BERLIN 2026,Germany 🇩🇪,2026,Female,ATHX,Strength,,,,86KG,150KG,195KG,,,62
62,Marlis Hochwarter & Tina Hochwarter,ATHX BERLIN 2026,Germany 🇩🇪,2026,Female,ATHX,Strength,,,,87KG,170KG,174KG,,,62
64,Maria Knych & Nicole Hugo,ATHX MUNICH 2026,Germany 🇩🇪,2026,Female,ATHX,Strength,,,,80KG,165KG,185KG,,,64
65,Leandra Berghammer & Luisa Raygoza,ATHX MUNICH 2026,Germany 🇩🇪,2026,Female,ATHX,Strength,,,,69KG,140KG,220KG,,,65
66,Barbara Cordova & Leah-Sophie Geiger,ATHX MUNICH 2026,Germany 🇩🇪,2026,Female,ATHX,Strength,,,,72KG,150KG,205KG,,,66
67,Elke Höft & Nicoletta Ditschinger,ATHX MUNICH 2026,Germany 🇩🇪,2026,Female,ATHX,Strength,,,,86KG,145KG,195KG,,,67
68,Gabriela Carolina Luciano & Juliana Ribeiro,ATHX BERLIN 2026,Germany 🇩🇪,2026,Female,ATHX,Strength,,,,75KG,165KG,185KG,,,68
69,Lea Wickel & Annabel Seidel,ATHX MUNICH 2026,Germany 🇩🇪,2026,Female,ATHX,Strength,,,,72KG,137KG,215KG,,,69
70,Lisa Mungenast & vanessaneuner43@gmail.com Neuner,ATHX MUNICH 2026,Germany 🇩🇪,2026,Female,ATHX,Strength,,,,73KG,155KG,195KG,,,70
71,Selina Rösch & Amelie Dick,ATHX MUNICH 2026,Germany 🇩🇪,2026,Female,ATHX,Strength,,,,72KG,160KG,190KG,,,71
72,Sarah Geisenhofer & Sandra Waibel,ATHX MUNICH 2026,Germany 🇩🇪,2026,Female,ATHX,Strength,,,,70KG,145KG,205KG,,,72
73,Katja Seeber & Sandy Malik,ATHX MUNICH 2026,Germany 🇩🇪,2026,Female,ATHX,Strength,,,,76KG,145KG,195KG,,,73
73,Sandra Marini & Suna Madlaina Graf,ATHX MUNICH 2026,Germany 🇩🇪,2026,Female,ATHX,Strength,,,,81KG,145KG,190KG,,,73
73,Aleksandra Kowalska & Agata Szymańczak,ATHX BERLIN 2026,Germany 🇩🇪,2026,Female,ATHX,Strength,,,,81KG,143KG,192KG,,,73
76,Philippa von Blücher & Ines Amey,ATHX MUNICH 2026,Germany 🇩🇪,2026,Female,ATHX,Strength,,,,74KG,155KG,185KG,,,76
77,Daniela Krausch & Laura Frach,ATHX BERLIN 2026,Germany 🇩🇪,2026,Female,ATHX,Strength,,,,73KG,145KG,195KG,,,77
78,Manuela Schambeck & Kerstin Schneider,ATHX MUNICH 2026,Germany 🇩🇪,2026,Female,ATHX,Strength,,,,82KG,140KG,190KG,,,78
78,Kinga Hebda & Celina Piotrowska,ATHX BERLIN 2026,Germany 🇩🇪,2026,Female,ATHX,Strength,,,,72KG,140KG,200KG,,,78
80,Amrei Wagner & Anna Pyschkin,ATHX MUNICH 2026,Germany 🇩🇪,2026,Female,ATHX,Strength,,,,76KG,150KG,185KG,,,80
80,Selina Rösch & Julia Haschka,ATHX BERLIN 2026,Germany 🇩🇪,2026,Female,ATHX,Strength,,,,64KG,165KG,182KG,,,80
82,Antje Schanz & Simone Schuhbauer,ATHX MUNICH 2026,Germany 🇩🇪,2026,Female,ATHX,Strength,,,,70KG,143KG,195KG,,,82
83,Tamara Djordjevic & Corina Kunz,ATHX MUNICH 2026,Germany 🇩🇪,2026,Female,ATHX,Strength,,,,62KG,155KG,190KG,,,83
84,Carina Burgmayer & Kymia Tappeiner,ATHX MUNICH 2026,Germany 🇩🇪,2026,Female,ATHX,Strength,,,,72KG,150KG,184KG,,,84
85,Petra Bohnet-Waldraff & Vienna Oppie,ATHX BERLIN 2026,Germany 🇩🇪,2026,Female,ATHX,Strength,,,,78KG,162KG,163KG,,,85
86,Catharina Schaaff & Leonie Bergmann,ATHX BERLIN 2026,Germany 🇩🇪,2026,Female,ATHX,Strength,,,,74KG,135KG,190KG,,,86
87,Julia Schwaiger & Stefanie Stocker,ATHX MUNICH 2026,Germany 🇩🇪,2026,Female,ATHX,Strength,,,,74KG,135KG,189KG,,,87
87,Silvia Stenzel & Valerie Geßler,ATHX BERLIN 2026,Germany 🇩🇪,2026,Female,ATHX,Strength,,,,93KG,135KG,170KG,,,87
87,Emma Diallo & Pauline Fajnzylberg,ATHX BERLIN 2026,Germany 🇩🇪,2026,Female,ATHX,Strength,,,,65KG,140KG,193KG,,,87
90,Ramona Eitele & Julia Bertele,ATHX BERLIN 2026,Germany 🇩🇪,2026,Female,ATHX,Strength,,,,77KG,144KG,175KG,,,90
91,Katherina Krämer & lausi.weber Team,ATHX BERLIN 2026,Germany 🇩🇪,2026,Female,ATHX,Strength,,,,75KG,140KG,180KG,,,91
92,Zena El Abdalla & Roya Haupt,ATHX BERLIN 2026,Germany 🇩🇪,2026,Female,ATHX,Strength,,,,68KG,144KG,180KG,,,92
93,Julia Bremken & Carolin Mielke,ATHX MUNICH 2026,Germany 🇩🇪,2026,Female,ATHX,Strength,,,,69KG,147KG,175KG,,,93
94,Luisa Schmid & Sophie Schmid,ATHX MUNICH 2026,Germany 🇩🇪,2026,Female,ATHX,Strength,,,,71KG,143KG,175KG,,,94
95,Vera Cristina & patricia.redondo84 Team,ATHX MUNICH 2026,Germany 🇩🇪,2026,Female,ATHX,Strength,,,,73KG,130KG,185KG,,,95
95,Claudia Tröger & Vanessa Schwalb,ATHX MUNICH 2026,Germany 🇩🇪,2026,Female,ATHX,Strength,,,,64KG,149KG,175KG,,,95
95,Laura Sachsenmaier & Daniela ONeill,ATHX MUNICH 2026,Germany 🇩🇪,2026,Female,ATHX,Strength,,,,83KG,130KG,175KG,,,95
95,Jeannine Schmidt-Heidenreich & Nadien Freitag,ATHX BERLIN 2026,Germany 🇩🇪,2026,Female,ATHX,Strength,,,,80KG,133KG,175KG,,,95
95,Lisa Brand & Agnes Rössler,ATHX BERLIN 2026,Germany 🇩🇪,2026,Female,ATHX,Strength,,,,70KG,140KG,178KG,,,95
100,Siri Schwartz & Heike Golling,ATHX MUNICH 2026,Germany 🇩🇪,2026,Female,ATHX,Strength,,,,78KG,160KG,148KG,,,100
100,Nadine Schwanebeck & Anja Sander,ATHX BERLIN 2026,Germany 🇩🇪,2026,Female,ATHX,Strength,,,,81KG,120KG,185KG,,,100
102,Alicja Bulak & Ela Bogdanowicz,ATHX BERLIN 2026,Germany 🇩🇪,2026,Female,ATHX,Strength,,,,67KG,135KG,180KG,,,102
103,Katharina Raimann & Laura Olbrich,ATHX MUNICH 2026,Germany 🇩🇪,2026,Female,ATHX,Strength,,,,74KG,135KG,172KG,,,103
104,Jule Fink & Inga Bockisch,ATHX BERLIN 2026,Germany 🇩🇪,2026,Female,ATHX,Strength,,,,79KG,130KG,170KG,,,104
105,Michaela Mihali & Bettina Schmähl,ATHX MUNICH 2026,Germany 🇩🇪,2026,Female,ATHX,Strength,,,,68KG,130KG,180KG,,,105
106,Hanna Waldhart & Saskia Fiebig,ATHX MUNICH 2026,Germany 🇩🇪,2026,Female,ATHX,Strength,,,,75KG,128KG,174KG,,,106
106,Lena-Marie Helbing & Teresa Tayerle,ATHX BERLIN 2026,Germany 🇩🇪,2026,Female,ATHX,Strength,,,,72KG,135KG,170KG,,,106
108,Anja Kürzinger & Faina Kaplan Halfon,ATHX BERLIN 2026,Germany 🇩🇪,2026,Female,ATHX,Strength,,,,76KG,120KG,180KG,,,108
109,Katharina Große & Hanna Scharf,ATHX MUNICH 2026,Germany 🇩🇪,2026,Female,ATHX,Strength,,,,75KG,130KG,170KG,,,109
109,Anna Stahel & Michèle Berthelon,ATHX MUNICH 2026,Germany 🇩🇪,2026,Female,ATHX,Strength,,,,69KG,135KG,171KG,,,109
109,Sarah Krivian & Flatz Saskia,ATHX MUNICH 2026,Germany 🇩🇪,2026,Female,ATHX,Strength,,,,77KG,133KG,165KG,,,109
112,Mareike Glöckel & Christina Hofmann,ATHX MUNICH 2026,Germany 🇩🇪,2026,Female,ATHX,Strength,,,,66KG,125KG,183KG,,,112
113,Anna Neuhold & Elena Neuhold,ATHX MUNICH 2026,Germany 🇩🇪,2026,Female,ATHX,Strength,,,,66KG,133KG,173KG,,,113
114,Tamina Prell & Vivien Neumann,ATHX MUNICH 2026,Germany 🇩🇪,2026,Female,ATHX,Strength,,,,63KG,135KG,170KG,,,114
115,Mareike Marie & Anna-Lena Kruppa,ATHX MUNICH 2026,Germany 🇩🇪,2026,Female,ATHX,Strength,,,,67KG,125KG,175KG,,,115
115,Lisa Goder & Iris Bräutigam,ATHX BERLIN 2026,Germany 🇩🇪,2026,Female,ATHX,Strength,,,,71KG,130KG,166KG,,,115
115,Alexandra Ulbricht & Chiara Jaegers,ATHX BERLIN 2026,Germany 🇩🇪,2026,Female,ATHX,Strength,,,,67KG,130KG,170KG,,,115
118,Ayse-Sophie Justvan & Malin Holtmeyer,ATHX BERLIN 2026,Germany 🇩🇪,2026,Female,ATHX,Strength,,,,65KG,128KG,170KG,,,118
118,Celine Ruckaberle & Isabella Singer,ATHX BERLIN 2026,Germany 🇩🇪,2026,Female,ATHX,Strength,,,,63KG,130KG,170KG,,,118
120,Carola Lampe & Marlies Chaloupka,ATHX MUNICH 2026,Germany 🇩🇪,2026,Female,ATHX,Strength,,,,65KG,115KG,180KG,,,120
120,Franziska Laumer & Veronika Hochnuth,ATHX MUNICH 2026,Germany 🇩🇪,2026,Female,ATHX,Strength,,,,70KG,125KG,165KG,,,120
122,Franca König & Jennifer Duque,ATHX BERLIN 2026,Germany 🇩🇪,2026,Female,ATHX,Strength,,,,60KG,126KG,169KG,,,122
123,Yousra Lembachar & Pauline Didier,ATHX BERLIN 2026,Germany 🇩🇪,2026,Female,ATHX,Strength,,,,74KG,130KG,150KG,,,123
124,Miriam Blaettler & Veronika Guessregen,ATHX MUNICH 2026,Germany 🇩🇪,2026,Female,ATHX,Strength,,,,58KG,120KG,175KG,,,124
125,Alissa Hasenstab & Melissa Hemme,ATHX MUNICH 2026,Germany 🇩🇪,2026,Female,ATHX,Strength,,,,60KG,123KG,168KG,,,125
126,Marina Hellenthal & Kerstin Kukla,ATHX MUNICH 2026,Germany 🇩🇪,2026,Female,ATHX,Strength,,,,65KG,123KG,162KG,,,126
127,Jennifer Küster & Katrin Schenker,ATHX BERLIN 2026,Germany 🇩🇪,2026,Female,ATHX,Strength,,,,74KG,120KG,154KG,,,127
128,Ruth Leonard & Karen Mooney,ATHX BERLIN 2026,Germany 🇩🇪,2026,Female,ATHX,Strength,,,,64KG,112KG,170KG,,,128
129,Jana Weeber & Bernadette Hofmann,ATHX MUNICH 2026,Germany 🇩🇪,2026,Female,ATHX,Strength,,,,63KG,120KG,158KG,,,129
130,Johanna Köllner & Paulina Dembinski,ATHX MUNICH 2026,Germany 🇩🇪,2026,Female,ATHX,Strength,,,,55KG,120KG,162KG,,,130
131,Lauren Jones & Tara Brown,ATHX MUNICH 2026,Germany 🇩🇪,2026,Female,ATHX,Strength,,,,65KG,125KG,145KG,,,131
132,Deirbhile Seville & Asia O'Driscoll,ATHX BERLIN 2026,Germany 🇩🇪,2026,Female,ATHX,Strength,,,,59KG,120KG,155KG,,,132
132,Susanne Jahn & Sabrina Bürger,ATHX BERLIN 2026,Germany 🇩🇪,2026,Female,ATHX,Strength,,,,69KG,103KG,162KG,,,132
134,Radha Kitzmann & Anahi Steiner,ATHX MUNICH 2026,Germany 🇩🇪,2026,Female,ATHX,Strength,,,,61KG,120KG,150KG,,,134
135,Jessica Hilzinger & Fiona Hainke,ATHX MUNICH 2026,Germany 🇩🇪,2026,Female,ATHX,Strength,,,,58KG,114KG,150KG,,,135
136,Irina Buller & Sarah Bugdoll,ATHX BERLIN 2026,Germany 🇩🇪,2026,Female,ATHX,Strength,,,,57KG,107KG,155KG,,,136
137,Victoria Sauter & Laura Frech,ATHX MUNICH 2026,Germany 🇩🇪,2026,Female,ATHX,Strength,,,,73KG,88KG,152KG,,,137
138,Julia Exler & Juliane Zickler,ATHX BERLIN 2026,Germany 🇩🇪,2026,Female,ATHX,Strength,,,,63KG,101KG,147KG,,,138
139,Eva Zimmermann & Caterina Porro,ATHX BERLIN 2026,Germany 🇩🇪,2026,Female,ATHX,Strength,,,,50KG,106KG,125KG,,,139
140,Svenja Rojem-Wagner & Alexandra Ulrich,ATHX BERLIN 2026,Germany 🇩🇪,2026,Female,ATHX,Strength,,,,57KG,95KG,123KG,,,140
1,Michelle Krahnenfeld & Lina Michaelis,ATHX BERLIN 2026,Germany 🇩🇪,2026,Female,ATHX,Endurance,,,,,,,4.5KM,4.963KM,1
2,Philippa von Blücher & Ines Amey,ATHX MUNICH 2026,Germany 🇩🇪,2026,Female,ATHX,Endurance,,,,,,,4.32KM,5.026KM,2
3,Amrei Wagner & Anna Pyschkin,ATHX MUNICH 2026,Germany 🇩🇪,2026,Female,ATHX,Endurance,,,,,,,4.5KM,4.836KM,3
4,Emily Kavanagh & Georgie Pryor,ATHX BERLIN 2026,Germany 🇩🇪,2026,Female,ATHX,Endurance,,,,,,,3.75KM,5.273KM,4
5,Käthe Neuss & Florence Hofmann,ATHX BERLIN 2026,Germany 🇩🇪,2026,Female,ATHX,Endurance,,,,,,,3.848KM,5.164KM,5
6,Franca König & Jennifer Duque,ATHX BERLIN 2026,Germany 🇩🇪,2026,Female,ATHX,Endurance,,,,,,,3.947KM,5.044KM,6
7,Sandra Marini & Suna Madlaina Graf,ATHX MUNICH 2026,Germany 🇩🇪,2026,Female,ATHX,Endurance,,,,,,,3.785KM,5.192KM,7
8,Miriam Blaettler & Veronika Guessregen,ATHX MUNICH 2026,Germany 🇩🇪,2026,Female,ATHX,Endurance,,,,,,,4.404KM,4.549KM,8
9,Isabell Grasnick & Holland Cathey,ATHX BERLIN 2026,Germany 🇩🇪,2026,Female,ATHX,Endurance,,,,,,,3.75KM,5.146KM,9
10,Dana Bischoff & Theresa Ladwig,ATHX MUNICH 2026,Germany 🇩🇪,2026,Female,ATHX,Endurance,,,,,,,3.524KM,5.337KM,10
11,Jennifer Küster & Katrin Schenker,ATHX BERLIN 2026,Germany 🇩🇪,2026,Female,ATHX,Endurance,,,,,,,3.896KM,4.959KM,11
12,Lisa-Maria Wienerroither & Andrea Dobler,ATHX MUNICH 2026,Germany 🇩🇪,2026,Female,ATHX,Endurance,,,,,,,3.75KM,5.099KM,12
13,Amelie Dick & Leonie Scholz,ATHX BERLIN 2026,Germany 🇩🇪,2026,Female,ATHX,Endurance,,,,,,,3.75KM,5.079KM,13
14,Alexandra Ulbricht & Chiara Jaegers,ATHX BERLIN 2026,Germany 🇩🇪,2026,Female,ATHX,Endurance,,,,,,,4.102KM,4.687KM,14
15,Selina Rösch & Amelie Dick,ATHX MUNICH 2026,Germany 🇩🇪,2026,Female,ATHX,Endurance,,,,,,,3.75KM,5.023KM,15
16,Lisa Brand & Agnes Rössler,ATHX BERLIN 2026,Germany 🇩🇪,2026,Female,ATHX,Endurance,,,,,,,3.719KM,5.046KM,16
17,Catharina Schaaff & Leonie Bergmann,ATHX BERLIN 2026,Germany 🇩🇪,2026,Female,ATHX,Endurance,,,,,,,3.592KM,5.161KM,17
18,Selina Rastetter & Freya Küppers,ATHX MUNICH 2026,Germany 🇩🇪,2026,Female,ATHX,Endurance,,,,,,,3.702KM,5.018KM,18
19,Leonie Funk & Maike Büchner,ATHX MUNICH 2026,Germany 🇩🇪,2026,Female,ATHX,Endurance,,,,,,,3.633KM,5.059KM,19
20,Victoria Sauter & Laura Frech,ATHX MUNICH 2026,Germany 🇩🇪,2026,Female,ATHX,Endurance,,,,,,,4.189KM,4.501KM,20
21,Aleksandra Kowalska & Agata Szymańczak,ATHX BERLIN 2026,Germany 🇩🇪,2026,Female,ATHX,Endurance,,,,,,,3.808KM,4.856KM,21
22,Wiebke Eggers & Ann-Katrin Hinze,ATHX BERLIN 2026,Germany 🇩🇪,2026,Female,ATHX,Endurance,,,,,,,3.66KM,4.992KM,22
23,Jessica Hilzinger & Fiona Hainke,ATHX MUNICH 2026,Germany 🇩🇪,2026,Female,ATHX,Endurance,,,,,,,3.75KM,4.9KM,23
24,Pauline Strixner & Louise Djabri,ATHX MUNICH 2026,Germany 🇩🇪,2026,Female,ATHX,Endurance,,,,,,,3.75KM,4.897KM,24
25,Daniela Krausch & Laura Frach,ATHX BERLIN 2026,Germany 🇩🇪,2026,Female,ATHX,Endurance,,,,,,,3.75KM,4.892KM,25
26,Jeannine Schmidt-Heidenreich & Nadien Freitag,ATHX BERLIN 2026,Germany 🇩🇪,2026,Female,ATHX,Endurance,,,,,,,3.789KM,4.851KM,26
27,Sarah Kluge & Katy Völker,ATHX BERLIN 2026,Germany 🇩🇪,2026,Female,ATHX,Endurance,,,,,,,3.707KM,4.928KM,27
28,Julia Bremken & Carolin Mielke,ATHX MUNICH 2026,Germany 🇩🇪,2026,Female,ATHX,Endurance,,,,,,,3.612KM,5.012KM,28
28,Jette Schaffran & Julia Czerwinski,ATHX BERLIN 2026,Germany 🇩🇪,2026,Female,ATHX,Endurance,,,,,,,3.75KM,4.874KM,28
30,Karolína Jehličková & Michaela Cudlmanova,ATHX MUNICH 2026,Germany 🇩🇪,2026,Female,ATHX,Endurance,,,,,,,3.693KM,4.926KM,30
31,Elke Höft & Nicoletta Ditschinger,ATHX MUNICH 2026,Germany 🇩🇪,2026,Female,ATHX,Endurance,,,,,,,3.725KM,4.892KM,31
32,Diana Rach & Jara El-Chaikh,ATHX MUNICH 2026,Germany 🇩🇪,2026,Female,ATHX,Endurance,,,,,,,3.876KM,4.731KM,32
33,Eva Elingerova & Petra Juskova,ATHX MUNICH 2026,Germany 🇩🇪,2026,Female,ATHX,Endurance,,,,,,,3.568KM,5.032KM,33
34,Kristin Plagemann & Cosima Wilke,ATHX BERLIN 2026,Germany 🇩🇪,2026,Female,ATHX,Endurance,,,,,,,3.639KM,4.96KM,34
35,Tamina Prell & Vivien Neumann,ATHX MUNICH 2026,Germany 🇩🇪,2026,Female,ATHX,Endurance,,,,,,,3.75KM,4.841KM,35
36,Eliza Cumming & Kelley Griffiths,ATHX BERLIN 2026,Germany 🇩🇪,2026,Female,ATHX,Endurance,,,,,,,3.75KM,4.84KM,36
37,Judith Claßen & Jessica Lindenthal,ATHX BERLIN 2026,Germany 🇩🇪,2026,Female,ATHX,Endurance,,,,,,,3.367KM,5.219KM,37
38,Dinah Gordon & Jule Braren,ATHX BERLIN 2026,Germany 🇩🇪,2026,Female,ATHX,Endurance,,,,,,,3.692KM,4.886KM,38
39,Lea Wickel & Annabel Seidel,ATHX MUNICH 2026,Germany 🇩🇪,2026,Female,ATHX,Endurance,,,,,,,3.528KM,5.039KM,39
40,Emma Diallo & Pauline Fajnzylberg,ATHX BERLIN 2026,Germany 🇩🇪,2026,Female,ATHX,Endurance,,,,,,,3.755KM,4.809KM,40
41,Franka Arendt & Svenja Herbert,ATHX MUNICH 2026,Germany 🇩🇪,2026,Female,ATHX,Endurance,,,,,,,3.636KM,4.918KM,41
42,Miriam Meurer-Stier & Allegra Gärtner,ATHX MUNICH 2026,Germany 🇩🇪,2026,Female,ATHX,Endurance,,,,,,,3.423KM,5.119KM,42
42,Sarah Emmermann & Vivien Herb,ATHX BERLIN 2026,Germany 🇩🇪,2026,Female,ATHX,Endurance,,,,,,,3.725KM,4.817KM,42
44,Michaela Mihali & Bettina Schmähl,ATHX MUNICH 2026,Germany 🇩🇪,2026,Female,ATHX,Endurance,,,,,,,3.627KM,4.912KM,44
45,Katja Seeber & Sandy Malik,ATHX MUNICH 2026,Germany 🇩🇪,2026,Female,ATHX,Endurance,,,,,,,3.596KM,4.927KM,45
46,Kelley Griffiths & Jette Schaffran,ATHX MUNICH 2026,Germany 🇩🇪,2026,Female,ATHX,Endurance,,,,,,,3.43KM,5.082KM,46
47,Celine Ruckaberle & Isabella Singer,ATHX BERLIN 2026,Germany 🇩🇪,2026,Female,ATHX,Endurance,,,,,,,3.571KM,4.924KM,47
48,Kinga Hebda & Celina Piotrowska,ATHX BERLIN 2026,Germany 🇩🇪,2026,Female,ATHX,Endurance,,,,,,,3.531KM,4.935KM,48
49,Antje Kern & Maximiliane Thiel,ATHX BERLIN 2026,Germany 🇩🇪,2026,Female,ATHX,Endurance,,,,,,,3.655KM,4.8KM,49
50,Johanna Köllner & Paulina Dembinski,ATHX MUNICH 2026,Germany 🇩🇪,2026,Female,ATHX,Endurance,,,,,,,3.75KM,4.676KM,50
51,Hannah Danowski & Janine Gatzke,ATHX BERLIN 2026,Germany 🇩🇪,2026,Female,ATHX,Endurance,,,,,,,3.632KM,4.785KM,51
52,Mareike Marie & Anna-Lena Kruppa,ATHX MUNICH 2026,Germany 🇩🇪,2026,Female,ATHX,Endurance,,,,,,,3.703KM,4.7KM,52
53,Silvia Stenzel & Valerie Geßler,ATHX BERLIN 2026,Germany 🇩🇪,2026,Female,ATHX,Endurance,,,,,,,3.758KM,4.631KM,53
54,Katrin Gillett & Beatrice Kaiser,ATHX MUNICH 2026,Germany 🇩🇪,2026,Female,ATHX,Endurance,,,,,,,3.443KM,4.945KM,54
55,Susanne Weiß & Laura Möhwald,ATHX MUNICH 2026,Germany 🇩🇪,2026,Female,ATHX,Endurance,,,,,,,3.543KM,4.833KM,55
56,Carina Burgmayer & Kymia Tappeiner,ATHX MUNICH 2026,Germany 🇩🇪,2026,Female,ATHX,Endurance,,,,,,,3.597KM,4.761KM,56
57,Loresa MORINA & Luisa Rusch,ATHX MUNICH 2026,Germany 🇩🇪,2026,Female,ATHX,Endurance,,,,,,,3.75KM,4.6KM,57
58,Marlis Hochwarter & Tina Hochwarter,ATHX BERLIN 2026,Germany 🇩🇪,2026,Female,ATHX,Endurance,,,,,,,3.732KM,4.614KM,58
59,Jennifer Bechtold & Kira Spuddig,ATHX BERLIN 2026,Germany 🇩🇪,2026,Female,ATHX,Endurance,,,,,,,3.604KM,4.73KM,59
60,Gabriela Carolina Luciano & Juliana Ribeiro,ATHX BERLIN 2026,Germany 🇩🇪,2026,Female,ATHX,Endurance,,,,,,,3.759KM,4.554KM,60
61,Kim Jennifer Struckmann & Laura Boyksen,ATHX BERLIN 2026,Germany 🇩🇪,2026,Female,ATHX,Endurance,,,,,,,3.285KM,5.016KM,61
62,Manuela Schambeck & Kerstin Schneider,ATHX MUNICH 2026,Germany 🇩🇪,2026,Female,ATHX,Endurance,,,,,,,3.296KM,4.99KM,62
63,Susanne Jahn & Sabrina Bürger,ATHX BERLIN 2026,Germany 🇩🇪,2026,Female,ATHX,Endurance,,,,,,,3.75KM,4.532KM,63
64,Franziska Maisel & Jenny Bierwirth,ATHX BERLIN 2026,Germany 🇩🇪,2026,Female,ATHX,Endurance,,,,,,,3.25KM,5.026KM,64
65,Lisa Schulz & Theresa Mayer,ATHX MUNICH 2026,Germany 🇩🇪,2026,Female,ATHX,Endurance,,,,,,,3.416KM,4.856KM,65
66,Maria Agethen & Franziska Mews,ATHX BERLIN 2026,Germany 🇩🇪,2026,Female,ATHX,Endurance,,,,,,,3.414KM,4.856KM,66
67,Jule Fink & Inga Bockisch,ATHX BERLIN 2026,Germany 🇩🇪,2026,Female,ATHX,Endurance,,,,,,,3.375KM,4.884KM,67
68,Antje Schanz & Simone Schuhbauer,ATHX MUNICH 2026,Germany 🇩🇪,2026,Female,ATHX,Endurance,,,,,,,3.602KM,4.637KM,68
69,Lena-Marie Helbing & Teresa Tayerle,ATHX BERLIN 2026,Germany 🇩🇪,2026,Female,ATHX,Endurance,,,,,,,3.396KM,4.838KM,69
70,Svenja Rojem-Wagner & Alexandra Ulrich,ATHX BERLIN 2026,Germany 🇩🇪,2026,Female,ATHX,Endurance,,,,,,,3.75KM,4.475KM,70
71,Selina Rösch & Julia Haschka,ATHX BERLIN 2026,Germany 🇩🇪,2026,Female,ATHX,Endurance,,,,,,,3.408KM,4.813KM,71
72,Carina Becker & Natalie Heidt,ATHX MUNICH 2026,Germany 🇩🇪,2026,Female,ATHX,Endurance,,,,,,,3.5KM,4.717KM,72
73,Carola Lampe & Marlies Chaloupka,ATHX MUNICH 2026,Germany 🇩🇪,2026,Female,ATHX,Endurance,,,,,,,3.338KM,4.877KM,73
74,Luisa Frank & Melissa Brücher,ATHX MUNICH 2026,Germany 🇩🇪,2026,Female,ATHX,Endurance,,,,,,,3.25KM,4.959KM,74
75,Katharina Raimann & Laura Olbrich,ATHX MUNICH 2026,Germany 🇩🇪,2026,Female,ATHX,Endurance,,,,,,,3.375KM,4.827KM,75
76,Franziska Sturm & Sandra Krugmann,ATHX BERLIN 2026,Germany 🇩🇪,2026,Female,ATHX,Endurance,,,,,,,3.392KM,4.797KM,76
77,Franziska Rimmel & Kornelia Höcherl,ATHX MUNICH 2026,Germany 🇩🇪,2026,Female,ATHX,Endurance,,,,,,,3.409KM,4.765KM,77
77,Jacqueline Mettbach & Lydia Schneider,ATHX MUNICH 2026,Germany 🇩🇪,2026,Female,ATHX,Endurance,,,,,,,3.552KM,4.622KM,77
79,Schirin Remmy & Sandra Pörtner,ATHX BERLIN 2026,Germany 🇩🇪,2026,Female,ATHX,Endurance,,,,,,,3.288KM,4.883KM,79
80,Jana Weeber & Bernadette Hofmann,ATHX MUNICH 2026,Germany 🇩🇪,2026,Female,ATHX,Endurance,,,,,,,3.788KM,4.381KM,80
80,Lara-Marie Scherfig & Laura Conrad,ATHX BERLIN 2026,Germany 🇩🇪,2026,Female,ATHX,Endurance,,,,,,,3.356KM,4.813KM,80
82,Sarah Krivian & Flatz Saskia,ATHX MUNICH 2026,Germany 🇩🇪,2026,Female,ATHX,Endurance,,,,,,,3.622KM,4.543KM,82
83,Mareike Glöckel & Christina Hofmann,ATHX MUNICH 2026,Germany 🇩🇪,2026,Female,ATHX,Endurance,,,,,,,3.602KM,4.554KM,83
84,Anne A & Joélle Knüpfer,ATHX BERLIN 2026,Germany 🇩🇪,2026,Female,ATHX,Endurance,,,,,,,3.5KM,4.655KM,84
85,Petra Bohnet-Waldraff & Vienna Oppie,ATHX BERLIN 2026,Germany 🇩🇪,2026,Female,ATHX,Endurance,,,,,,,3.698KM,4.443KM,85
86,Luisa Schmid & Sophie Schmid,ATHX MUNICH 2026,Germany 🇩🇪,2026,Female,ATHX,Endurance,,,,,,,3.258KM,4.873KM,86
87,Vera Cristina & patricia.redondo84 Team,ATHX MUNICH 2026,Germany 🇩🇪,2026,Female,ATHX,Endurance,,,,,,,3.629KM,4.495KM,87
88,Lauren Jones & Tara Brown,ATHX MUNICH 2026,Germany 🇩🇪,2026,Female,ATHX,Endurance,,,,,,,3.471KM,4.649KM,88
89,Katherina Krämer & lausi.weber Team,ATHX BERLIN 2026,Germany 🇩🇪,2026,Female,ATHX,Endurance,,,,,,,3.277KM,4.842KM,89
90,Francisca Sommer & Josephin Haberlandt,ATHX MUNICH 2026,Germany 🇩🇪,2026,Female,ATHX,Endurance,,,,,,,3.431KM,4.682KM,90
91,Ulrike Kollmer & Christin-Marie Betz,ATHX MUNICH 2026,Germany 🇩🇪,2026,Female,ATHX,Endurance,,,,,,,3.423KM,4.688KM,91
92,Luna Hipp & Lilly Hipp,ATHX MUNICH 2026,Germany 🇩🇪,2026,Female,ATHX,Endurance,,,,,,,3.305KM,4.8KM,92
92,Ruth Leonard & Karen Mooney,ATHX BERLIN 2026,Germany 🇩🇪,2026,Female,ATHX,Endurance,,,,,,,3.5KM,4.605KM,92
94,LICIA FAIELLA & Erika Cavigiolo,ATHX BERLIN 2026,Germany 🇩🇪,2026,Female,ATHX,Endurance,,,,,,,3.307KM,4.796KM,94
95,Marina Hellenthal & Kerstin Kukla,ATHX MUNICH 2026,Germany 🇩🇪,2026,Female,ATHX,Endurance,,,,,,,3.448KM,4.654KM,95
96,Marlene Braun & Jil Roesler,ATHX MUNICH 2026,Germany 🇩🇪,2026,Female,ATHX,Endurance,,,,,,,3.428KM,4.654KM,96
97,Anna Neuhold & Elena Neuhold,ATHX MUNICH 2026,Germany 🇩🇪,2026,Female,ATHX,Endurance,,,,,,,3.328KM,4.752KM,97
98,Siri Schwartz & Heike Golling,ATHX MUNICH 2026,Germany 🇩🇪,2026,Female,ATHX,Endurance,,,,,,,3.486KM,4.588KM,98
99,Ramona Eitele & Julia Bertele,ATHX BERLIN 2026,Germany 🇩🇪,2026,Female,ATHX,Endurance,,,,,,,3.351KM,4.715KM,99
100,Ceci Ruppert & Kim Rosner,ATHX BERLIN 2026,Germany 🇩🇪,2026,Female,ATHX,Endurance,,,,,,,3.663KM,4.401KM,100
101,Maria Knych & Nicole Hugo,ATHX MUNICH 2026,Germany 🇩🇪,2026,Female,ATHX,Endurance,,,,,,,3.345KM,4.706KM,101
101,Samanta Schydlo & Anna Menzel-Giourelis,ATHX BERLIN 2026,Germany 🇩🇪,2026,Female,ATHX,Endurance,,,,,,,3.141KM,4.91KM,101
103,Leandra Berghammer & Luisa Raygoza,ATHX MUNICH 2026,Germany 🇩🇪,2026,Female,ATHX,Endurance,,,,,,,3.623KM,4.425KM,103
104,Claudia Tröger & Vanessa Schwalb,ATHX MUNICH 2026,Germany 🇩🇪,2026,Female,ATHX,Endurance,,,,,,,3.54KM,4.485KM,104
105,Julia Exler & Juliane Zickler,ATHX BERLIN 2026,Germany 🇩🇪,2026,Female,ATHX,Endurance,,,,,,,3.75KM,4.26KM,105
106,Yousra Lembachar & Pauline Didier,ATHX BERLIN 2026,Germany 🇩🇪,2026,Female,ATHX,Endurance,,,,,,,3.465KM,4.542KM,106
107,Anja Kürzinger & Faina Kaplan Halfon,ATHX BERLIN 2026,Germany 🇩🇪,2026,Female,ATHX,Endurance,,,,,,,3.75KM,4.248KM,107
108,Ayse-Sophie Justvan & Malin Holtmeyer,ATHX BERLIN 2026,Germany 🇩🇪,2026,Female,ATHX,Endurance,,,,,,,3.308KM,4.645KM,108
109,Kai Viviane Bello & Kim Cruz Vazquez,ATHX MUNICH 2026,Germany 🇩🇪,2026,Female,ATHX,Endurance,,,,,,,3.164KM,4.774KM,109
110,Stefanie Klass & Maike Dierolf,ATHX MUNICH 2026,Germany 🇩🇪,2026,Female,ATHX,Endurance,,,,,,,3.106KM,4.829KM,110
111,Franziska Laumer & Veronika Hochnuth,ATHX MUNICH 2026,Germany 🇩🇪,2026,Female,ATHX,Endurance,,,,,,,3.43KM,4.499KM,111
111,Johanna Hochmuth & Evi Janker,ATHX MUNICH 2026,Germany 🇩🇪,2026,Female,ATHX,Endurance,,,,,,,3.43KM,4.499KM,111
113,Aline Heinze & Anja Nguyen,ATHX MUNICH 2026,Germany 🇩🇪,2026,Female,ATHX,Endurance,,,,,,,3.349KM,4.538KM,113
114,Alissa Hasenstab & Melissa Hemme,ATHX MUNICH 2026,Germany 🇩🇪,2026,Female,ATHX,Endurance,,,,,,,3.394KM,4.445KM,114
114,Irina Buller & Sarah Bugdoll,ATHX BERLIN 2026,Germany 🇩🇪,2026,Female,ATHX,Endurance,,,,,,,3.373KM,4.466KM,114
116,Sarah Geisenhofer & Sandra Waibel,ATHX MUNICH 2026,Germany 🇩🇪,2026,Female,ATHX,Endurance,,,,,,,3KM,4.835KM,116
117,Ann-Kristin Freitag & Carmen Jedosch,ATHX BERLIN 2026,Germany 🇩🇪,2026,Female,ATHX,Endurance,,,,,,,3.185KM,4.635KM,117
118,Anna Stahel & Michèle Berthelon,ATHX MUNICH 2026,Germany 🇩🇪,2026,Female,ATHX,Endurance,,,,,,,3.263KM,4.556KM,118
119,Lisa Mungenast & vanessaneuner43@gmail.com Neuner,ATHX MUNICH 2026,Germany 🇩🇪,2026,Female,ATHX,Endurance,,,,,,,3.256KM,4.559KM,119
120,Asrai Soos & Laura Modrich,ATHX BERLIN 2026,Germany 🇩🇪,2026,Female,ATHX,Endurance,,,,,,,3.312KM,4.47KM,120
121,Stina Güttner & Leah Joswig,ATHX BERLIN 2026,Germany 🇩🇪,2026,Female,ATHX,Endurance,,,,,,,3.1KM,4.674KM,121
122,Radha Kitzmann & Anahi Steiner,ATHX MUNICH 2026,Germany 🇩🇪,2026,Female,ATHX,Endurance,,,,,,,3.34KM,4.422KM,122
123,Hanna Waldhart & Saskia Fiebig,ATHX MUNICH 2026,Germany 🇩🇪,2026,Female,ATHX,Endurance,,,,,,,3.211KM,4.547KM,123
124,Sandra Kriechbaum & Kaat Wagner,ATHX MUNICH 2026,Germany 🇩🇪,2026,Female,ATHX,Endurance,,,,,,,3.082KM,4.661KM,124
125,Alicja Bulak & Ela Bogdanowicz,ATHX BERLIN 2026,Germany 🇩🇪,2026,Female,ATHX,Endurance,,,,,,,3.5KM,4.238KM,125
126,Barbara Cordova & Leah-Sophie Geiger,ATHX MUNICH 2026,Germany 🇩🇪,2026,Female,ATHX,Endurance,,,,,,,3.182KM,4.509KM,126
127,Franziska Guthe & Regine Wahl,ATHX MUNICH 2026,Germany 🇩🇪,2026,Female,ATHX,Endurance,,,,,,,3KM,4.639KM,127
128,Nadine Schwanebeck & Anja Sander,ATHX BERLIN 2026,Germany 🇩🇪,2026,Female,ATHX,Endurance,,,,,,,3KM,4.634KM,128
129,Tamara Djordjevic & Corina Kunz,ATHX MUNICH 2026,Germany 🇩🇪,2026,Female,ATHX,Endurance,,,,,,,3KM,4.626KM,129
130,Lisa Goder & Iris Bräutigam,ATHX BERLIN 2026,Germany 🇩🇪,2026,Female,ATHX,Endurance,,,,,,,3.109KM,4.465KM,130
131,Zena El Abdalla & Roya Haupt,ATHX BERLIN 2026,Germany 🇩🇪,2026,Female,ATHX,Endurance,,,,,,,3.097KM,4.473KM,131
132,Kathrin Schertl & Linda Luksch,ATHX MUNICH 2026,Germany 🇩🇪,2026,Female,ATHX,Endurance,,,,,,,3KM,4.531KM,132
133,Deirbhile Seville & Asia O'Driscoll,ATHX BERLIN 2026,Germany 🇩🇪,2026,Female,ATHX,Endurance,,,,,,,3.421KM,4.036KM,133
134,Julia Schwaiger & Stefanie Stocker,ATHX MUNICH 2026,Germany 🇩🇪,2026,Female,ATHX,Endurance,,,,,,,3KM,4.428KM,134
135,Eva Zimmermann & Caterina Porro,ATHX BERLIN 2026,Germany 🇩🇪,2026,Female,ATHX,Endurance,,,,,,,3.274KM,4.108KM,135
136,Stefka Spiegel & Lina Adamietz,ATHX MUNICH 2026,Germany 🇩🇪,2026,Female,ATHX,Endurance,,,,,,,2.677KM,4.692KM,136
137,Katharina Große & Hanna Scharf,ATHX MUNICH 2026,Germany 🇩🇪,2026,Female,ATHX,Endurance,,,,,,,3KM,4.332KM,137
138,Laura Sachsenmaier & Daniela ONeill,ATHX MUNICH 2026,Germany 🇩🇪,2026,Female,ATHX,Endurance,,,,,,,3KM,4.195KM,138
139,Stephanie Busch & Sandra Andersen,ATHX BERLIN 2026,Germany 🇩🇪,2026,Female,ATHX,Endurance,,,,,,,2.923KM,4.271KM,139
140,Nicole Bredfeldt & Sina Rieckhoff,ATHX BERLIN 2026,Germany 🇩🇪,2026,Female,ATHX,Endurance,,,,,,,2.177KM,4.806KM,140
1,Luisa Schmid & Sophie Schmid,ATHX MUNICH 2026,Germany 🇩🇪,2026,Female,ATHX,MetCon X,,,14:00,,,,,,1
2,Philippa von Blücher & Ines Amey,ATHX MUNICH 2026,Germany 🇩🇪,2026,Female,ATHX,MetCon X,,,14:15,,,,,,2
3,Michelle Krahnenfeld & Lina Michaelis,ATHX BERLIN 2026,Germany 🇩🇪,2026,Female,ATHX,MetCon X,,,14:36,,,,,,3
4,Käthe Neuss & Florence Hofmann,ATHX BERLIN 2026,Germany 🇩🇪,2026,Female,ATHX,MetCon X,,,14:40,,,,,,4
5,Dana Bischoff & Theresa Ladwig,ATHX MUNICH 2026,Germany 🇩🇪,2026,Female,ATHX,MetCon X,,,15:08,,,,,,5
6,Amrei Wagner & Anna Pyschkin,ATHX MUNICH 2026,Germany 🇩🇪,2026,Female,ATHX,MetCon X,,,15:13,,,,,,6
7,Leonie Funk & Maike Büchner,ATHX MUNICH 2026,Germany 🇩🇪,2026,Female,ATHX,MetCon X,,,15:22,,,,,,7
8,Katja Seeber & Sandy Malik,ATHX MUNICH 2026,Germany 🇩🇪,2026,Female,ATHX,MetCon X,,,15:28,,,,,,8
9,Lisa Schulz & Theresa Mayer,ATHX MUNICH 2026,Germany 🇩🇪,2026,Female,ATHX,MetCon X,,,15:33,,,,,,9
10,Miriam Blaettler & Veronika Guessregen,ATHX MUNICH 2026,Germany 🇩🇪,2026,Female,ATHX,MetCon X,,,15:34,,,,,,10
11,Judith Claßen & Jessica Lindenthal,ATHX BERLIN 2026,Germany 🇩🇪,2026,Female,ATHX,MetCon X,,,15:37,,,,,,11
12,Eva Elingerova & Petra Juskova,ATHX MUNICH 2026,Germany 🇩🇪,2026,Female,ATHX,MetCon X,,,15:40,,,,,,12
13,Sarah Emmermann & Vivien Herb,ATHX BERLIN 2026,Germany 🇩🇪,2026,Female,ATHX,MetCon X,,,15:46,,,,,,13
14,Elke Höft & Nicoletta Ditschinger,ATHX MUNICH 2026,Germany 🇩🇪,2026,Female,ATHX,MetCon X,,,15:56,,,,,,14
15,Dinah Gordon & Jule Braren,ATHX BERLIN 2026,Germany 🇩🇪,2026,Female,ATHX,MetCon X,,,16:00,,,,,,15
16,LICIA FAIELLA & Erika Cavigiolo,ATHX BERLIN 2026,Germany 🇩🇪,2026,Female,ATHX,MetCon X,,,16:03,,,,,,16
17,Kristin Plagemann & Cosima Wilke,ATHX BERLIN 2026,Germany 🇩🇪,2026,Female,ATHX,MetCon X,,,16:04,,,,,,17
18,Kelley Griffiths & Jette Schaffran,ATHX MUNICH 2026,Germany 🇩🇪,2026,Female,ATHX,MetCon X,,,16:08,,,,,,18
19,Franziska Maisel & Jenny Bierwirth,ATHX BERLIN 2026,Germany 🇩🇪,2026,Female,ATHX,MetCon X,,,16:11,,,,,,19
20,Emily Kavanagh & Georgie Pryor,ATHX BERLIN 2026,Germany 🇩🇪,2026,Female,ATHX,MetCon X,,,16:12,,,,,,20
21,Sandra Marini & Suna Madlaina Graf,ATHX MUNICH 2026,Germany 🇩🇪,2026,Female,ATHX,MetCon X,,,16:13,,,,,,21
21,Jennifer Küster & Katrin Schenker,ATHX BERLIN 2026,Germany 🇩🇪,2026,Female,ATHX,MetCon X,,,16:13,,,,,,21
23,Pauline Strixner & Louise Djabri,ATHX MUNICH 2026,Germany 🇩🇪,2026,Female,ATHX,MetCon X,,,16:16,,,,,,23
24,Loresa MORINA & Luisa Rusch,ATHX MUNICH 2026,Germany 🇩🇪,2026,Female,ATHX,MetCon X,,,16:18,,,,,,24
25,Katrin Gillett & Beatrice Kaiser,ATHX MUNICH 2026,Germany 🇩🇪,2026,Female,ATHX,MetCon X,,,16:24,,,,,,25
26,Lisa-Maria Wienerroither & Andrea Dobler,ATHX MUNICH 2026,Germany 🇩🇪,2026,Female,ATHX,MetCon X,,,16:26,,,,,,26
27,Hannah Danowski & Janine Gatzke,ATHX BERLIN 2026,Germany 🇩🇪,2026,Female,ATHX,MetCon X,,,16:27,,,,,,27
28,Johanna Köllner & Paulina Dembinski,ATHX MUNICH 2026,Germany 🇩🇪,2026,Female,ATHX,MetCon X,,,16:30,,,,,,28
28,Jacqueline Mettbach & Lydia Schneider,ATHX MUNICH 2026,Germany 🇩🇪,2026,Female,ATHX,MetCon X,,,16:30,,,,,,28
30,Franca König & Jennifer Duque,ATHX BERLIN 2026,Germany 🇩🇪,2026,Female,ATHX,MetCon X,,,16:31,,,,,,30
31,Diana Rach & Jara El-Chaikh,ATHX MUNICH 2026,Germany 🇩🇪,2026,Female,ATHX,MetCon X,,,16:32,,,,,,31
32,Luisa Frank & Melissa Brücher,ATHX MUNICH 2026,Germany 🇩🇪,2026,Female,ATHX,MetCon X,,,16:39,,,,,,32
33,Antje Schanz & Simone Schuhbauer,ATHX MUNICH 2026,Germany 🇩🇪,2026,Female,ATHX,MetCon X,,,16:41,,,,,,33
34,Franka Arendt & Svenja Herbert,ATHX MUNICH 2026,Germany 🇩🇪,2026,Female,ATHX,MetCon X,,,16:43,,,,,,34
34,Selina Rastetter & Freya Küppers,ATHX MUNICH 2026,Germany 🇩🇪,2026,Female,ATHX,MetCon X,,,16:43,,,,,,34
36,Kim Jennifer Struckmann & Laura Boyksen,ATHX BERLIN 2026,Germany 🇩🇪,2026,Female,ATHX,MetCon X,,,16:44,,,,,,36
37,Karolína Jehličková & Michaela Cudlmanova,ATHX MUNICH 2026,Germany 🇩🇪,2026,Female,ATHX,MetCon X,,,16:46,,,,,,37
38,Wiebke Eggers & Ann-Katrin Hinze,ATHX BERLIN 2026,Germany 🇩🇪,2026,Female,ATHX,MetCon X,,,16:53,,,,,,38
39,Eliza Cumming & Kelley Griffiths,ATHX BERLIN 2026,Germany 🇩🇪,2026,Female,ATHX,MetCon X,,,16:55,,,,,,39
40,Amelie Dick & Leonie Scholz,ATHX BERLIN 2026,Germany 🇩🇪,2026,Female,ATHX,MetCon X,,,16:57,,,,,,40
41,Selina Rösch & Amelie Dick,ATHX MUNICH 2026,Germany 🇩🇪,2026,Female,ATHX,MetCon X,,,17:00,,,,,,41
42,Catharina Schaaff & Leonie Bergmann,ATHX BERLIN 2026,Germany 🇩🇪,2026,Female,ATHX,MetCon X,,,17:05,,,,,,42
43,Silvia Stenzel & Valerie Geßler,ATHX BERLIN 2026,Germany 🇩🇪,2026,Female,ATHX,MetCon X,,,17:06,,,,,,43
44,Isabell Grasnick & Holland Cathey,ATHX BERLIN 2026,Germany 🇩🇪,2026,Female,ATHX,MetCon X,,,17:08,,,,,,44
45,Aline Heinze & Anja Nguyen,ATHX MUNICH 2026,Germany 🇩🇪,2026,Female,ATHX,MetCon X,,,17:14,,,,,,45
46,Jette Schaffran & Julia Czerwinski,ATHX BERLIN 2026,Germany 🇩🇪,2026,Female,ATHX,MetCon X,,,17:19,,,,,,46
47,Aleksandra Kowalska & Agata Szymańczak,ATHX BERLIN 2026,Germany 🇩🇪,2026,Female,ATHX,MetCon X,,,17:20,,,,,,47
48,Francisca Sommer & Josephin Haberlandt,ATHX MUNICH 2026,Germany 🇩🇪,2026,Female,ATHX,MetCon X,,,17:22,,,,,,48
49,Barbara Cordova & Leah-Sophie Geiger,ATHX MUNICH 2026,Germany 🇩🇪,2026,Female,ATHX,MetCon X,,,17:26,,,,,,49
50,Carina Burgmayer & Kymia Tappeiner,ATHX MUNICH 2026,Germany 🇩🇪,2026,Female,ATHX,MetCon X,,,17:27,,,,,,50
50,Lisa Brand & Agnes Rössler,ATHX BERLIN 2026,Germany 🇩🇪,2026,Female,ATHX,MetCon X,,,17:27,,,,,,50
52,Vera Cristina & patricia.redondo84 Team,ATHX MUNICH 2026,Germany 🇩🇪,2026,Female,ATHX,MetCon X,,,17:31,,,,,,52
53,Stefanie Klass & Maike Dierolf,ATHX MUNICH 2026,Germany 🇩🇪,2026,Female,ATHX,MetCon X,,,17:32,,,,,,53
54,Kai Viviane Bello & Kim Cruz Vazquez,ATHX MUNICH 2026,Germany 🇩🇪,2026,Female,ATHX,MetCon X,,,17:35,,,,,,54
54,Ceci Ruppert & Kim Rosner,ATHX BERLIN 2026,Germany 🇩🇪,2026,Female,ATHX,MetCon X,,,17:35,,,,,,54
56,Ulrike Kollmer & Christin-Marie Betz,ATHX MUNICH 2026,Germany 🇩🇪,2026,Female,ATHX,MetCon X,,,17:38,,,,,,56
57,Julia Bremken & Carolin Mielke,ATHX MUNICH 2026,Germany 🇩🇪,2026,Female,ATHX,MetCon X,,,17:39,,,,,,57
58,Sarah Kluge & Katy Völker,ATHX BERLIN 2026,Germany 🇩🇪,2026,Female,ATHX,MetCon X,,,17:41,,,,,,58
59,Carina Becker & Natalie Heidt,ATHX MUNICH 2026,Germany 🇩🇪,2026,Female,ATHX,MetCon X,,,17:43,,,,,,59
59,Emma Diallo & Pauline Fajnzylberg,ATHX BERLIN 2026,Germany 🇩🇪,2026,Female,ATHX,MetCon X,,,17:43,,,,,,59
61,Antje Kern & Maximiliane Thiel,ATHX BERLIN 2026,Germany 🇩🇪,2026,Female,ATHX,MetCon X,,,17:44,,,,,,61
62,Lena-Marie Helbing & Teresa Tayerle,ATHX BERLIN 2026,Germany 🇩🇪,2026,Female,ATHX,MetCon X,,,17:47,,,,,,62
63,Jessica Hilzinger & Fiona Hainke,ATHX MUNICH 2026,Germany 🇩🇪,2026,Female,ATHX,MetCon X,,,17:50,,,,,,63
63,Jeannine Schmidt-Heidenreich & Nadien Freitag,ATHX BERLIN 2026,Germany 🇩🇪,2026,Female,ATHX,MetCon X,,,17:50,,,,,,63
63,Jule Fink & Inga Bockisch,ATHX BERLIN 2026,Germany 🇩🇪,2026,Female,ATHX,MetCon X,,,17:50,,,,,,63
66,Daniela Krausch & Laura Frach,ATHX BERLIN 2026,Germany 🇩🇪,2026,Female,ATHX,MetCon X,,,17:53,,,,,,66
66,Kinga Hebda & Celina Piotrowska,ATHX BERLIN 2026,Germany 🇩🇪,2026,Female,ATHX,MetCon X,,,17:53,,,,,,66
68,Katharina Raimann & Laura Olbrich,ATHX MUNICH 2026,Germany 🇩🇪,2026,Female,ATHX,MetCon X,,,17:54,,,,,,68
69,Lea Wickel & Annabel Seidel,ATHX MUNICH 2026,Germany 🇩🇪,2026,Female,ATHX,MetCon X,,,17:57,,,,,,69
70,Maria Agethen & Franziska Mews,ATHX BERLIN 2026,Germany 🇩🇪,2026,Female,ATHX,MetCon X,,,18:00,,,,,,70
71,Tamina Prell & Vivien Neumann,ATHX MUNICH 2026,Germany 🇩🇪,2026,Female,ATHX,MetCon X,,,18:04,,,,,,71
72,Leandra Berghammer & Luisa Raygoza,ATHX MUNICH 2026,Germany 🇩🇪,2026,Female,ATHX,MetCon X,,,18:08,,,,,,72
73,Mareike Marie & Anna-Lena Kruppa,ATHX MUNICH 2026,Germany 🇩🇪,2026,Female,ATHX,MetCon X,,,18:11,,,,,,73
74,Miriam Meurer-Stier & Allegra Gärtner,ATHX MUNICH 2026,Germany 🇩🇪,2026,Female,ATHX,MetCon X,,,18:13,,,,,,74
75,Ayse-Sophie Justvan & Malin Holtmeyer,ATHX BERLIN 2026,Germany 🇩🇪,2026,Female,ATHX,MetCon X,,,18:18,,,,,,75
76,Petra Bohnet-Waldraff & Vienna Oppie,ATHX BERLIN 2026,Germany 🇩🇪,2026,Female,ATHX,MetCon X,,,18:20,,,,,,76
76,Lara-Marie Scherfig & Laura Conrad,ATHX BERLIN 2026,Germany 🇩🇪,2026,Female,ATHX,MetCon X,,,18:20,,,,,,76
78,Johanna Hochmuth & Evi Janker,ATHX MUNICH 2026,Germany 🇩🇪,2026,Female,ATHX,MetCon X,,,18:22,,,,,,78
78,Sarah Geisenhofer & Sandra Waibel,ATHX MUNICH 2026,Germany 🇩🇪,2026,Female,ATHX,MetCon X,,,18:22,,,,,,78
80,Kathrin Schertl & Linda Luksch,ATHX MUNICH 2026,Germany 🇩🇪,2026,Female,ATHX,MetCon X,,,18:29,,,,,,80
81,Franziska Guthe & Regine Wahl,ATHX MUNICH 2026,Germany 🇩🇪,2026,Female,ATHX,MetCon X,,,18:30,,,,,,81
81,Samanta Schydlo & Anna Menzel-Giourelis,ATHX BERLIN 2026,Germany 🇩🇪,2026,Female,ATHX,MetCon X,,,18:30,,,,,,81
83,Asrai Soos & Laura Modrich,ATHX BERLIN 2026,Germany 🇩🇪,2026,Female,ATHX,MetCon X,,,18:31,,,,,,83
84,Anna Neuhold & Elena Neuhold,ATHX MUNICH 2026,Germany 🇩🇪,2026,Female,ATHX,MetCon X,,,18:33,,,,,,84
85,Sandra Kriechbaum & Kaat Wagner,ATHX MUNICH 2026,Germany 🇩🇪,2026,Female,ATHX,MetCon X,,,18:34,,,,,,85
86,Manuela Schambeck & Kerstin Schneider,ATHX MUNICH 2026,Germany 🇩🇪,2026,Female,ATHX,MetCon X,,,18:37,,,,,,86
87,Gabriela Carolina Luciano & Juliana Ribeiro,ATHX BERLIN 2026,Germany 🇩🇪,2026,Female,ATHX,MetCon X,,,18:39,,,,,,87
88,Marina Hellenthal & Kerstin Kukla,ATHX MUNICH 2026,Germany 🇩🇪,2026,Female,ATHX,MetCon X,,,18:41,,,,,,88
89,Maria Knych & Nicole Hugo,ATHX MUNICH 2026,Germany 🇩🇪,2026,Female,ATHX,MetCon X,,,18:42,,,,,,89
89,Lisa Mungenast & vanessaneuner43@gmail.com Neuner,ATHX MUNICH 2026,Germany 🇩🇪,2026,Female,ATHX,MetCon X,,,18:42,,,,,,89
91,Katherina Krämer & lausi.weber Team,ATHX BERLIN 2026,Germany 🇩🇪,2026,Female,ATHX,MetCon X,,,18:44,,,,,,91
92,Zena El Abdalla & Roya Haupt,ATHX BERLIN 2026,Germany 🇩🇪,2026,Female,ATHX,MetCon X,,,18:45,,,,,,92
93,Siri Schwartz & Heike Golling,ATHX MUNICH 2026,Germany 🇩🇪,2026,Female,ATHX,MetCon X,,,18:47,,,,,,93
94,Jana Weeber & Bernadette Hofmann,ATHX MUNICH 2026,Germany 🇩🇪,2026,Female,ATHX,MetCon X,,,18:49,,,,,,94
95,Franziska Rimmel & Kornelia Höcherl,ATHX MUNICH 2026,Germany 🇩🇪,2026,Female,ATHX,MetCon X,,,18:55,,,,,,95
96,Victoria Sauter & Laura Frech,ATHX MUNICH 2026,Germany 🇩🇪,2026,Female,ATHX,MetCon X,,,18:56,,,,,,96
97,Julia Exler & Juliane Zickler,ATHX BERLIN 2026,Germany 🇩🇪,2026,Female,ATHX,MetCon X,,,18:58,,,,,,97
98,Jennifer Bechtold & Kira Spuddig,ATHX BERLIN 2026,Germany 🇩🇪,2026,Female,ATHX,MetCon X,,,19:03,,,,,,98
99,Sarah Krivian & Flatz Saskia,ATHX MUNICH 2026,Germany 🇩🇪,2026,Female,ATHX,MetCon X,,,19:10,,,,,,99
100,Anne A & Joélle Knüpfer,ATHX BERLIN 2026,Germany 🇩🇪,2026,Female,ATHX,MetCon X,,,19:14,,,,,,100
101,Carola Lampe & Marlies Chaloupka,ATHX MUNICH 2026,Germany 🇩🇪,2026,Female,ATHX,MetCon X,,,19:16,,,,,,101
102,Franziska Sturm & Sandra Krugmann,ATHX BERLIN 2026,Germany 🇩🇪,2026,Female,ATHX,MetCon X,,,19:18,,,,,,102
103,Stina Güttner & Leah Joswig,ATHX BERLIN 2026,Germany 🇩🇪,2026,Female,ATHX,MetCon X,,,19:26,,,,,,103
104,Lauren Jones & Tara Brown,ATHX MUNICH 2026,Germany 🇩🇪,2026,Female,ATHX,MetCon X,,,19:31,,,,,,104
105,Tamara Djordjevic & Corina Kunz,ATHX MUNICH 2026,Germany 🇩🇪,2026,Female,ATHX,MetCon X,,,19:36,,,,,,105
106,Luna Hipp & Lilly Hipp,ATHX MUNICH 2026,Germany 🇩🇪,2026,Female,ATHX,MetCon X,,,19:37,,,,,,106
107,Mareike Glöckel & Christina Hofmann,ATHX MUNICH 2026,Germany 🇩🇪,2026,Female,ATHX,MetCon X,,,19:39,,,,,,107
108,Alexandra Ulbricht & Chiara Jaegers,ATHX BERLIN 2026,Germany 🇩🇪,2026,Female,ATHX,MetCon X,,,19:43,,,,,,108
109,Marlis Hochwarter & Tina Hochwarter,ATHX BERLIN 2026,Germany 🇩🇪,2026,Female,ATHX,MetCon X,,,19:45,,,,,,109
110,Susanne Weiß & Laura Möhwald,ATHX MUNICH 2026,Germany 🇩🇪,2026,Female,ATHX,MetCon X,,,19:46,,,,,,110
111,Alicja Bulak & Ela Bogdanowicz,ATHX BERLIN 2026,Germany 🇩🇪,2026,Female,ATHX,MetCon X,,,19:49,,,,,,111
112,Anna Stahel & Michèle Berthelon,ATHX MUNICH 2026,Germany 🇩🇪,2026,Female,ATHX,MetCon X,,,19:53,,,,,,112
112,Claudia Tröger & Vanessa Schwalb,ATHX MUNICH 2026,Germany 🇩🇪,2026,Female,ATHX,MetCon X,,,19:53,,,,,,112
112,Celine Ruckaberle & Isabella Singer,ATHX BERLIN 2026,Germany 🇩🇪,2026,Female,ATHX,MetCon X,,,19:53,,,,,,112
112,Ann-Kristin Freitag & Carmen Jedosch,ATHX BERLIN 2026,Germany 🇩🇪,2026,Female,ATHX,MetCon X,,,19:53,,,,,,112
116,Julia Schwaiger & Stefanie Stocker,ATHX MUNICH 2026,Germany 🇩🇪,2026,Female,ATHX,MetCon X,,,19:55,,,,,,116
117,Alissa Hasenstab & Melissa Hemme,ATHX MUNICH 2026,Germany 🇩🇪,2026,Female,ATHX,MetCon X,,,20:07,,,,,,117
118,Radha Kitzmann & Anahi Steiner,ATHX MUNICH 2026,Germany 🇩🇪,2026,Female,ATHX,MetCon X,,,20:08,,,,,,118
118,Susanne Jahn & Sabrina Bürger,ATHX BERLIN 2026,Germany 🇩🇪,2026,Female,ATHX,MetCon X,,,20:08,,,,,,118
120,Michaela Mihali & Bettina Schmähl,ATHX MUNICH 2026,Germany 🇩🇪,2026,Female,ATHX,MetCon X,,,20:12,,,,,,120
121,Hanna Waldhart & Saskia Fiebig,ATHX MUNICH 2026,Germany 🇩🇪,2026,Female,ATHX,MetCon X,,,20:15,,,,,,121
122,Ramona Eitele & Julia Bertele,ATHX BERLIN 2026,Germany 🇩🇪,2026,Female,ATHX,MetCon X,,,20:26,,,,,,122
123,Ruth Leonard & Karen Mooney,ATHX BERLIN 2026,Germany 🇩🇪,2026,Female,ATHX,MetCon X,,,20:30,,,,,,123
124,Schirin Remmy & Sandra Pörtner,ATHX BERLIN 2026,Germany 🇩🇪,2026,Female,ATHX,MetCon X,,,20:36,,,,,,124
125,Selina Rösch & Julia Haschka,ATHX BERLIN 2026,Germany 🇩🇪,2026,Female,ATHX,MetCon X,,,20:44,,,,,,125
126,Nicole Bredfeldt & Sina Rieckhoff,ATHX BERLIN 2026,Germany 🇩🇪,2026,Female,ATHX,MetCon X,,,20:45,,,,,,126
127,Anja Kürzinger & Faina Kaplan Halfon,ATHX BERLIN 2026,Germany 🇩🇪,2026,Female,ATHX,MetCon X,,,20:56,,,,,,127
128,Marlene Braun & Jil Roesler,ATHX MUNICH 2026,Germany 🇩🇪,2026,Female,ATHX,MetCon X,,,21:10,,,,,,128
129,Lisa Goder & Iris Bräutigam,ATHX BERLIN 2026,Germany 🇩🇪,2026,Female,ATHX,MetCon X,,,21:36,,,,,,129
130,Irina Buller & Sarah Bugdoll,ATHX BERLIN 2026,Germany 🇩🇪,2026,Female,ATHX,MetCon X,,,21:50,,,,,,130
131,Yousra Lembachar & Pauline Didier,ATHX BERLIN 2026,Germany 🇩🇪,2026,Female,ATHX,MetCon X,,,21:58,,,,,,131
132,Franziska Laumer & Veronika Hochnuth,ATHX MUNICH 2026,Germany 🇩🇪,2026,Female,ATHX,MetCon X,,,22:08,,,,,,132
133,Eva Zimmermann & Caterina Porro,ATHX BERLIN 2026,Germany 🇩🇪,2026,Female,ATHX,MetCon X,,,22:09,,,,,,133
134,Laura Sachsenmaier & Daniela ONeill,ATHX MUNICH 2026,Germany 🇩🇪,2026,Female,ATHX,MetCon X,,,22:19,,,,,,134
135,Stephanie Busch & Sandra Andersen,ATHX BERLIN 2026,Germany 🇩🇪,2026,Female,ATHX,MetCon X,,,22:37,,,,,,135
136,Tamara Schlecht & Dalel Abdoun-Charef,ATHX MUNICH 2026,Germany 🇩🇪,2026,Female,ATHX,MetCon X,,,23:27,,,,,,136
137,Deirbhile Seville & Asia O'Driscoll,ATHX BERLIN 2026,Germany 🇩🇪,2026,Female,ATHX,MetCon X,,,23:45,,,,,,137
138,Nadine Schwanebeck & Anja Sander,ATHX BERLIN 2026,Germany 🇩🇪,2026,Female,ATHX,MetCon X,,,23:46,,,,,,138
139,Stefka Spiegel & Lina Adamietz,ATHX MUNICH 2026,Germany 🇩🇪,2026,Female,ATHX,MetCon X,,,23:47,,,,,,139
140,Svenja Rojem-Wagner & Alexandra Ulrich,ATHX BERLIN 2026,Germany 🇩🇪,2026,Female,ATHX,MetCon X,,,23:56,,,,,,140
141,Katharina Große & Hanna Scharf,ATHX MUNICH 2026,Germany 🇩🇪,2026,Female,ATHX,MetCon X,,,24:49,,,,,,141
1,Justus Herrenbrück & Dustin Schliwka,ATHX BERLIN 2026,Germany 🇩🇪,2026,Male,ATHX,Overall,3 (928KG),2 (10.643KM),5 (12:05),,,,,,10
2,Raffaele Del piano & Simone Tavarani,ATHX BERLIN 2026,Germany 🇩🇪,2026,Male,ATHX,Overall,7 (900KG),22 (9.861KM),9 (12:23),,,,,,38
3,Maximilian Brandl & Kevin Hoos,ATHX BERLIN 2026,Germany 🇩🇪,2026,Male,ATHX,Overall,16 (829KG),26 (9.815KM),1 (11:46),,,,,,43
4,Tom Grindel & Lukasz Debek,ATHX BERLIN 2026,Germany 🇩🇪,2026,Male,ATHX,Overall,2 (939KG),31 (9.75KM),10 (12:25),,,,,,43
5,Jonas Graf & Elin Giancotti,ATHX MUNICH 2026,Germany 🇩🇪,2026,Male,ATHX,Overall,18 (822KG),14 (10.054KM),14 (12:55),,,,,,46
5,Kristian Czyz & Marek Rok,ATHX BERLIN 2026,Germany 🇩🇪,2026,Male,ATHX,Overall,24 (808KG),17 (9.955KM),5 (12:05),,,,,,46
7,Simon schmidt & Juri Maier,ATHX BERLIN 2026,Germany 🇩🇪,2026,Male,ATHX,Overall,14 (838KG),21 (9.862KM),18 (12:59),,,,,,53
8,Jona Kozmin & Lorenz Petri,ATHX BERLIN 2026,Germany 🇩🇪,2026,Male,ATHX,Overall,5 (913KG),51 (9.508KM),2 (11:59),,,,,,58
9,Kallum Radley & Connor Coyle,ATHX MUNICH 2026,Germany 🇩🇪,2026,Male,ATHX,Overall,9 (853KG),15 (10.018KM),41 (13:58),,,,,,65
10,Tiago Costa & Felisberto Pereira,ATHX MUNICH 2026,Germany 🇩🇪,2026,Male,ATHX,Overall,52 (737KG),7 (10.426KM),7 (12:07),,,,,,66
11,Felix Michael Müller & Hannes Tüllmann,ATHX BERLIN 2026,Germany 🇩🇪,2026,Male,ATHX,Overall,25 (805KG),25 (9.821KM),17 (12:56),,,,,,67
12,Lars Kortenbach & Jonas Wintergerst,ATHX BERLIN 2026,Germany 🇩🇪,2026,Male,ATHX,Overall,4 (920KG),43 (9.581KM),22 (13:25),,,,,,69
13,Mateusz Florczak & Adam Dadok,ATHX BERLIN 2026,Germany 🇩🇪,2026,Male,ATHX,Overall,19 (821KG),33 (9.723KM),21 (13:14),,,,,,73
14,Gian-Luca Liesch & Ramon Kirchner,ATHX MUNICH 2026,Germany 🇩🇪,2026,Male,ATHX,Overall,12 (843KG),49 (9.532KM),25 (13:27),,,,,,86
15,Enrico Klein & Daniel Trenz,ATHX MUNICH 2026,Germany 🇩🇪,2026,Male,ATHX,Overall,34 (780KG),45 (9.558KM),8 (12:15),,,,,,87
16,Marvin Gedlich & Maxime Pracisnore,ATHX BERLIN 2026,Germany 🇩🇪,2026,Male,ATHX,Overall,69 (710KG),8 (10.347KM),14 (12:55),,,,,,91
17,Martin Hartner & Kilian Jonasch,ATHX MUNICH 2026,Germany 🇩🇪,2026,Male,ATHX,Overall,54 (735KG),42 (9.603KM),3 (12:01),,,,,,99
18,Max Gassner & David Gerlach,ATHX MUNICH 2026,Germany 🇩🇪,2026,Male,ATHX,Overall,20 (820KG),57 (9.469KM),26 (13:28),,,,,,103
19,Omar Baritello & Fadi Joumaa,ATHX BERLIN 2026,Germany 🇩🇪,2026,Male,ATHX,Overall,26 (802KG),75 (9.339KM),4 (12:02),,,,,,105
20,Frank Bauer & Malte Sieger,ATHX BERLIN 2026,Germany 🇩🇪,2026,Male,ATHX,Overall,42 (760KG),37 (9.647KM),30 (13:38),,,,,,109
21,Lukas Bossert & Gabriel Lichtenstein,ATHX BERLIN 2026,Germany 🇩🇪,2026,Male,ATHX,Overall,94 (685KG),4 (10.486KM),14 (12:55),,,,,,112
22,Jop Siewe & Bernd grosse Siemer,ATHX BERLIN 2026,Germany 🇩🇪,2026,Male,ATHX,Overall,69 (710KG),34 (9.716KM),12 (12:37),,,,,,115
23,Brooklyn Lange & Rustem Masgutov,ATHX BERLIN 2026,Germany 🇩🇪,2026,Male,ATHX,Overall,27 (798KG),62 (9.425KM),29 (13:37),,,,,,118
23,Daniel Hasselmann & Burak Kara,ATHX BERLIN 2026,Germany 🇩🇪,2026,Male,ATHX,Overall,9 (853KG),76 (9.338KM),33 (13:46),,,,,,118
25,Bjarne Rogall & Mischa Schneider,ATHX BERLIN 2026,Germany 🇩🇪,2026,Male,ATHX,Overall,94 (685KG),5 (10.479KM),20 (13:09),,,,,,119
26,Christopher Smith & Maher Sellam,ATHX MUNICH 2026,Germany 🇩🇪,2026,Male,ATHX,Overall,83 (699KG),20 (9.866KM),19 (13:01),,,,,,122
27,Marco Reinhard & Christoph Brechbühler,ATHX MUNICH 2026,Germany 🇩🇪,2026,Male,ATHX,Overall,65 (718KG),28 (9.801KM),35 (13:47),,,,,,128
28,Andreas Stenberg & Martin Dahlman,ATHX BERLIN 2026,Germany 🇩🇪,2026,Male,ATHX,Overall,28 (796KG),32 (9.726KM),69 (14:45),,,,,,129
29,Simon Kosiol & Steven Knieriemen,ATHX MUNICH 2026,Germany 🇩🇪,2026,Male,ATHX,Overall,77 (707KG),35 (9.663KM),22 (13:25),,,,,,134
30,Johannes Müller & Dominik Winghardt,ATHX MUNICH 2026,Germany 🇩🇪,2026,Male,ATHX,Overall,36 (778KG),70 (9.378KM),37 (13:50),,,,,,143
31,Tim Harff & Maximilian Schmitt,ATHX MUNICH 2026,Germany 🇩🇪,2026,Male,ATHX,Overall,48 (751KG),61 (9.441KM),40 (13:57),,,,,,149
32,Sebastian Knie & Florian Vogel-Kern,ATHX MUNICH 2026,Germany 🇩🇪,2026,Male,ATHX,Overall,38 (765KG),48 (9.535KM),65 (14:38),,,,,,151
33,Filip Antoszewski & Sebastian Lary,ATHX BERLIN 2026,Germany 🇩🇪,2026,Male,ATHX,Overall,30 (788KG),77 (9.332KM),46 (14:06),,,,,,153
34,Julian Chahal & Tayfun Simsek,ATHX BERLIN 2026,Germany 🇩🇪,2026,Male,ATHX,Overall,38 (765KG),84 (9.297KM),33 (13:46),,,,,,155
35,Georg Bechtold & Tobias Unger,ATHX MUNICH 2026,Germany 🇩🇪,2026,Male,ATHX,Overall,17 (825KG),72 (9.369KM),67 (14:39),,,,,,156
36,Jonas Kapfer & Tim Sablotny,ATHX MUNICH 2026,Germany 🇩🇪,2026,Male,ATHX,Overall,57 (733KG),55 (9.484KM),51 (14:19),,,,,,163
36,Max Steinmaurer & Nils Lauer-Neff,ATHX MUNICH 2026,Germany 🇩🇪,2026,Male,ATHX,Overall,23 (815KG),79 (9.315KM),61 (14:35),,,,,,163
36,Henry Kaschel & Dennis Hannemann,ATHX BERLIN 2026,Germany 🇩🇪,2026,Male,ATHX,Overall,131 (653KG),19 (9.891KM),13 (12:44),,,,,,163
39,Sebastian Hecht & Giuliano Barone,ATHX MUNICH 2026,Germany 🇩🇪,2026,Male,ATHX,Overall,32 (787KG),81 (9.307KM),53 (14:21),,,,,,166
39,Sebastian Raeck & Sebastian Whitton,ATHX BERLIN 2026,Germany 🇩🇪,2026,Male,ATHX,Overall,38 (765KG),74 (9.351KM),54 (14:25),,,,,,166
41,Manuel Jandrijevic & Daniel Leibinger,ATHX MUNICH 2026,Germany 🇩🇪,2026,Male,ATHX,Overall,155 (627KG),1 (10.755KM),11 (12:30),,,,,,167
42,Michael Luong & Nam Hoang,ATHX MUNICH 2026,Germany 🇩🇪,2026,Male,ATHX,Overall,8 (875KG),124 (9.074KM),38 (13:51),,,,,,170
42,Daniel Alvarado & Kayode Passos,ATHX BERLIN 2026,Germany 🇩🇪,2026,Male,ATHX,Overall,51 (740KG),71 (9.374KM),48 (14:13),,,,,,170
44,Leon Armoza & Michael Kabus,ATHX MUNICH 2026,Germany 🇩🇪,2026,Male,ATHX,Overall,11 (850KG),133 (8.967KM),27 (13:30),,,,,,171
44,Christopher Scheurle & Sebastian Lang,ATHX MUNICH 2026,Germany 🇩🇪,2026,Male,ATHX,Overall,56 (734KG),58 (9.468KM),57 (14:28),,,,,,171
46,Daniel Pusin & Niklas Röck,ATHX MUNICH 2026,Germany 🇩🇪,2026,Male,ATHX,Overall,79 (705KG),11 (10.177KM),83 (15:02),,,,,,173
47,Finn Crozier & Joel Hill,ATHX BERLIN 2026,Germany 🇩🇪,2026,Male,ATHX,Overall,61 (725KG),46 (9.544KM),71 (14:57),,,,,,178
48,Patrick Loch & Patrick Thurau,ATHX MUNICH 2026,Germany 🇩🇪,2026,Male,ATHX,Overall,85 (694KG),53 (9.5KM),43 (14:00),,,,,,181
49,Felix Krause & Daniel Heinze,ATHX MUNICH 2026,Germany 🇩🇪,2026,Male,ATHX,Overall,66 (715KG),5 (10.479KM),113 (15:52),,,,,,184
49,Eugen Wiens & Erik Olbert,ATHX BERLIN 2026,Germany 🇩🇪,2026,Male,ATHX,Overall,64 (722KG),88 (9.269KM),32 (13:42),,,,,,184
51,Fabian Bullack & Arne Knüppel,ATHX BERLIN 2026,Germany 🇩🇪,2026,Male,ATHX,Overall,106 (673KG),23 (9.848KM),56 (14:26),,,,,,185
52,Leo Chiricone & Federico Benedetti,ATHX BERLIN 2026,Germany 🇩🇪,2026,Male,ATHX,Overall,37 (770KG),50 (9.529KM),99 (15:28),,,,,,186
53,Bernd grosse Siemer & Marvin Wolff,ATHX MUNICH 2026,Germany 🇩🇪,2026,Male,ATHX,Overall,42 (760KG),41 (9.611KM),104 (15:34),,,,,,187
54,Ralf Dettenrieder & Daniel Maucher,ATHX MUNICH 2026,Germany 🇩🇪,2026,Male,ATHX,Overall,22 (816KG),107 (9.154KM),61 (14:35),,,,,,190
55,Eric Brockmann & Jason Henkel,ATHX BERLIN 2026,Germany 🇩🇪,2026,Male,ATHX,Overall,68 (713KG),59 (9.455KM),68 (14:44),,,,,,195
55,Jeremy Kausel & Nico Bremer,ATHX BERLIN 2026,Germany 🇩🇪,2026,Male,ATHX,Overall,122 (660KG),13 (10.068KM),60 (14:33),,,,,,195
57,Leo Marcello Polack & Fritz Theden-Schow,ATHX BERLIN 2026,Germany 🇩🇪,2026,Male,ATHX,Overall,150 (630KG),10 (10.32KM),39 (13:54),,,,,,199
58,Honza Havlena & Tomas Havlena,ATHX MUNICH 2026,Germany 🇩🇪,2026,Male,ATHX,Overall,42 (760KG),109 (9.152KM),50 (14:18),,,,,,201
59,Christopher Singh & Waldemar Melmann,ATHX MUNICH 2026,Germany 🇩🇪,2026,Male,ATHX,Overall,52 (737KG),105 (9.163KM),52 (14:20),,,,,,209
60,Kevin Weltzien & Christian Nolde,ATHX BERLIN 2026,Germany 🇩🇪,2026,Male,ATHX,Overall,170 (606KG),9 (10.329KM),31 (13:40),,,,,,210
61,Sahin Kovancisoy & Heiko Kandler,ATHX MUNICH 2026,Germany 🇩🇪,2026,Male,ATHX,Overall,33 (783KG),62 (9.425KM),117 (16:02),,,,,,212
62,Fabian Schießl & Martin Prasch,ATHX BERLIN 2026,Germany 🇩🇪,2026,Male,ATHX,Overall,29 (789KG),98 (9.208KM),86 (15:08),,,,,,213
63,Ronny Kühberger & Florian Pohn,ATHX MUNICH 2026,Germany 🇩🇪,2026,Male,ATHX,Overall,92 (688KG),94 (9.226KM),35 (13:47),,,,,,221
64,Kevin Wanka & Jürgen Hellrigl,ATHX MUNICH 2026,Germany 🇩🇪,2026,Male,ATHX,Overall,54 (735KG),126 (9.012KM),42 (13:59),,,,,,222
65,Felix Schier & Luca Hardt,ATHX BERLIN 2026,Germany 🇩🇪,2026,Male,ATHX,Overall,30 (788KG),121 (9.101KM),72 (14:59),,,,,,223
66,Fabian Nadig & Philipp Maximilian Nadig,ATHX MUNICH 2026,Germany 🇩🇪,2026,Male,ATHX,Overall,90 (690KG),26 (9.815KM),111 (15:51),,,,,,227
67,Lars Ulbricht & Christoph Depner,ATHX BERLIN 2026,Germany 🇩🇪,2026,Male,ATHX,Overall,66 (715KG),90 (9.25KM),77 (15:01),,,,,,233
68,Tobias Stadler & Sebastian Schmidt,ATHX MUNICH 2026,Germany 🇩🇪,2026,Male,ATHX,Overall,110 (672KG),101 (9.183KM),24 (13:26),,,,,,235
69,Sebastian Brauer & Felix Fischer,ATHX BERLIN 2026,Germany 🇩🇪,2026,Male,ATHX,Overall,85 (694KG),87 (9.273KM),64 (14:37),,,,,,236
69,Dom Stroh & Piran Asci,ATHX BERLIN 2026,Germany 🇩🇪,2026,Male,ATHX,Overall,186 (585KG),3 (10.636KM),47 (14:09),,,,,,236
71,Raphael Kibler & Christoph Wagner,ATHX MUNICH 2026,Germany 🇩🇪,2026,Male,ATHX,Overall,59 (727KG),134 (8.954KM),44 (14:03),,,,,,237
72,Julius Levermann & Tim Wallner,ATHX MUNICH 2026,Germany 🇩🇪,2026,Male,ATHX,Overall,46 (755KG),137 (8.94KM),57 (14:28),,,,,,240
72,Leon Aehlich & Michael Neulinger,ATHX MUNICH 2026,Germany 🇩🇪,2026,Male,ATHX,Overall,111 (670KG),80 (9.312KM),49 (14:16),,,,,,240
74,Hendrik Hilzinger & Julian Hipp,ATHX MUNICH 2026,Germany 🇩🇪,2026,Male,ATHX,Overall,168 (608KG),16 (9.976KM),59 (14:30),,,,,,243
75,Nils Bind & Sven Lang,ATHX BERLIN 2026,Germany 🇩🇪,2026,Male,ATHX,Overall,50 (745KG),117 (9.131KM),77 (15:01),,,,,,244
76,Adrian Klein & Stefano Grasso,ATHX MUNICH 2026,Germany 🇩🇪,2026,Male,ATHX,Overall,73 (709KG),112 (9.146KM),65 (14:38),,,,,,250
77,Sebastian Fischer & Tim Schiffers,ATHX MUNICH 2026,Germany 🇩🇪,2026,Male,ATHX,Overall,47 (752KG),128 (9.006KM),77 (15:01),,,,,,252
77,Bruno Alves & Chris Lenton,ATHX BERLIN 2026,Germany 🇩🇪,2026,Male,ATHX,Overall,77 (707KG),114 (9.143KM),61 (14:35),,,,,,252
79,Nico Schulze & Erik Walther,ATHX BERLIN 2026,Germany 🇩🇪,2026,Male,ATHX,Overall,20 (820KG),145 (8.891KM),89 (15:11),,,,,,254
79,Michael Bartsch & Philipp Reb,ATHX BERLIN 2026,Germany 🇩🇪,2026,Male,ATHX,Overall,34 (780KG),125 (9.018KM),95 (15:24),,,,,,254
81,Luca Hofmann & Benedikt Meyer-Drabert,ATHX BERLIN 2026,Germany 🇩🇪,2026,Male,ATHX,Overall,81 (702KG),65 (9.402KM),111 (15:51),,,,,,257
82,Robert Hamatdinov & Alexander Rapp,ATHX MUNICH 2026,Germany 🇩🇪,2026,Male,ATHX,Overall,61 (725KG),95 (9.221KM),109 (15:46),,,,,,265
83,Erik Olbert & Aaron Schwegler,ATHX MUNICH 2026,Germany 🇩🇪,2026,Male,ATHX,Overall,118 (663KG),97 (9.216KM),54 (14:25),,,,,,269
83,Robert Steinberg & Jan-Niclas Faasch,ATHX BERLIN 2026,Germany 🇩🇪,2026,Male,ATHX,Overall,165 (610KG),18 (9.934KM),86 (15:08),,,,,,269
83,Tobias Schuster & Sergio Kaiser,ATHX BERLIN 2026,Germany 🇩🇪,2026,Male,ATHX,Overall,103 (675KG),56 (9.472KM),110 (15:47),,,,,,269
86,Pit Alexander Klepatz & Bastian Barthel,ATHX BERLIN 2026,Germany 🇩🇪,2026,Male,ATHX,Overall,130 (654KG),112 (9.146KM),28 (13:36),,,,,,270
87,Thorsten Pfeilschifter & Dischner Korbinian,ATHX BERLIN 2026,Germany 🇩🇪,2026,Male,ATHX,Overall,111 (670KG),78 (9.32KM),84 (15:05),,,,,,273
88,Henry Bauer & Franz Gratz,ATHX BERLIN 2026,Germany 🇩🇪,2026,Male,ATHX,Overall,122 (660KG),47 (9.538KM),105 (15:35),,,,,,274
89,Euan MacRury & Euan Duff,ATHX BERLIN 2026,Germany 🇩🇪,2026,Male,ATHX,Overall,12 (843KG),146 (8.888KM),117 (16:02),,,,,,275
90,Simon Cichos & Nicolas Cichos,ATHX BERLIN 2026,Germany 🇩🇪,2026,Male,ATHX,Overall,196 (563KG),40 (9.619KM),45 (14:05),,,,,,281
90,Philipp Schneider & Philipp Pecher,ATHX BERLIN 2026,Germany 🇩🇪,2026,Male,ATHX,Overall,115 (665KG),89 (9.255KM),77 (15:01),,,,,,281
92,Alexander Selbach & Steven Müller,ATHX MUNICH 2026,Germany 🇩🇪,2026,Male,ATHX,Overall,60 (726KG),148 (8.876KM),75 (15:00),,,,,,283
93,Joshua Wasem & Gregor Schmidt,ATHX MUNICH 2026,Germany 🇩🇪,2026,Male,ATHX,Overall,115 (665KG),36 (9.659KM),133 (16:29),,,,,,284
94,Denis Rduch & Sven Riek,ATHX BERLIN 2026,Germany 🇩🇪,2026,Male,ATHX,Overall,99 (682KG),115 (9.138KM),72 (14:59),,,,,,286
95,Simon Mayr & Sebastian Prange,ATHX MUNICH 2026,Germany 🇩🇪,2026,Male,ATHX,Overall,142 (643KG),54 (9.494KM),94 (15:23),,,,,,290
96,Lucas Kothe & Siraj Mohamed,ATHX MUNICH 2026,Germany 🇩🇪,2026,Male,ATHX,Overall,6 (905KG),187 (8.614KM),98 (15:27),,,,,,291
97,Marco Kauschka & Philipp Maurer,ATHX MUNICH 2026,Germany 🇩🇪,2026,Male,ATHX,Overall,195 (565KG),12 (10.106KM),91 (15:15),,,,,,298
97,Pascal Schmitt & Benno Wolff,ATHX MUNICH 2026,Germany 🇩🇪,2026,Male,ATHX,Overall,38 (765KG),183 (8.624KM),77 (15:01),,,,,,298
99,Sebastian Schreiner & Joseph Knabl,ATHX MUNICH 2026,Germany 🇩🇪,2026,Male,ATHX,Overall,48 (751KG),123 (9.078KM),130 (16:28),,,,,,301
100,sebastian cifuentes & Nick Schuster,ATHX BERLIN 2026,Germany 🇩🇪,2026,Male,ATHX,Overall,100 (680KG),60 (9.45KM),146 (16:58),,,,,,306
101,WIlli Kellich & Luis Recinos,ATHX BERLIN 2026,Germany 🇩🇪,2026,Male,ATHX,Overall,80 (704KG),160 (8.822KM),72 (14:59),,,,,,312
102,louis vogler & Matthias Gonsior,ATHX MUNICH 2026,Germany 🇩🇪,2026,Male,ATHX,Overall,186 (585KG),52 (9.502KM),75 (15:00),,,,,,313
103,Ilija Markovic & Florian Schatz,ATHX BERLIN 2026,Germany 🇩🇪,2026,Male,ATHX,Overall,174 (600KG),39 (9.644KM),102 (15:33),,,,,,315
104,Anton Savitsky & Aliaksandr Kochneu,ATHX BERLIN 2026,Germany 🇩🇪,2026,Male,ATHX,Overall,143 (642KG),82 (9.305KM),97 (15:25),,,,,,322
105,Leo Schlecht & David Hofacker,ATHX MUNICH 2026,Germany 🇩🇪,2026,Male,ATHX,Overall,146 (638KG),96 (9.22KM),84 (15:05),,,,,,326
106,Jan Andryszak & Sasha Hinderlich,ATHX BERLIN 2026,Germany 🇩🇪,2026,Male,ATHX,Overall,14 (838KG),164 (8.808KM),151 (17:00),,,,,,329
107,Andreas Wikström & Peter Jonas,ATHX BERLIN 2026,Germany 🇩🇪,2026,Male,ATHX,Overall,103 (675KG),66 (9.397KM),161 (17:13),,,,,,330
108,Lars Prager & André Sadra,ATHX BERLIN 2026,Germany 🇩🇪,2026,Male,ATHX,Overall,89 (691KG),149 (8.873KM),93 (15:21),,,,,,331
109,Felix Gotsch & Till Wintgen,ATHX BERLIN 2026,Germany 🇩🇪,2026,Male,ATHX,Overall,177 (599KG),30 (9.761KM),125 (16:08),,,,,,332
110,Andreas Kleinberg & Christof Braterschofsky,ATHX MUNICH 2026,Germany 🇩🇪,2026,Male,ATHX,Overall,73 (709KG),165 (8.795KM),95 (15:24),,,,,,333
111,Jonathan Cavalier & Adrian Maquieira Cambon,ATHX MUNICH 2026,Germany 🇩🇪,2026,Male,ATHX,Overall,97 (684KG),102 (9.169KM),139 (16:43),,,,,,338
112,Adam Kugli & Szabolcs Lukacs,ATHX BERLIN 2026,Germany 🇩🇪,2026,Male,ATHX,Overall,42 (760KG),142 (8.915KM),160 (17:11),,,,,,344
113,Arran Arogundade & Yannick Braun,ATHX BERLIN 2026,Germany 🇩🇪,2026,Male,ATHX,Overall,1 (980KG),207 (8.313KM),137 (16:39),,,,,,345
114,Sébastien Petit & Cedric LEJARD,ATHX BERLIN 2026,Germany 🇩🇪,2026,Male,ATHX,Overall,144 (640KG),29 (9.782KM),172 (17:34),,,,,,345
115,Thomas Range & Murat Hasan,ATHX BERLIN 2026,Germany 🇩🇪,2026,Male,ATHX,Overall,159 (618KG),73 (9.364KM),115 (15:56),,,,,,347
116,Mahmoud Sameh & Ahmed AboHarga,ATHX MUNICH 2026,Germany 🇩🇪,2026,Male,ATHX,Overall,207 (540KG),67 (9.395KM),77 (15:01),,,,,,351
117,Andreas Burger & Lukas Will,ATHX MUNICH 2026,Germany 🇩🇪,2026,Male,ATHX,Overall,58 (730KG),168 (8.766KM),127 (16:21),,,,,,353
118,Alexander Spießl & Marcus Graz,ATHX MUNICH 2026,Germany 🇩🇪,2026,Male,ATHX,Overall,82 (700KG),171 (8.746KM),101 (15:30),,,,,,354
119,Leon Huzeyfe Erdal & sefer ahmet özkan,ATHX BERLIN 2026,Germany 🇩🇪,2026,Male,ATHX,Overall,168 (608KG),68 (9.39KM),120 (16:04),,,,,,356
120,sebastian cifuentes & Moritz Braun,ATHX MUNICH 2026,Germany 🇩🇪,2026,Male,ATHX,Overall,132 (652KG),104 (9.166KM),124 (16:07),,,,,,360
121,Szymon Sekula & Sam Jobson,ATHX BERLIN 2026,Germany 🇩🇪,2026,Male,ATHX,Overall,191 (572KG),100 (9.186KM),70 (14:48),,,,,,361
122,Marten Kiersch & Erik Endelich,ATHX BERLIN 2026,Germany 🇩🇪,2026,Male,ATHX,Overall,128 (656KG),82 (9.305KM),154 (17:03),,,,,,364
123,Tim Wiedenmann & Leon Hütter,ATHX BERLIN 2026,Germany 🇩🇪,2026,Male,ATHX,Overall,209 (537KG),38 (9.646KM),120 (16:04),,,,,,367
124,Dominik Heumann & Christian Oberndorfer,ATHX MUNICH 2026,Germany 🇩🇪,2026,Male,ATHX,Overall,137 (647KG),109 (9.152KM),122 (16:05),,,,,,368
125,Alberto Mesas & Bernardo Mercado Coimbra,ATHX BERLIN 2026,Germany 🇩🇪,2026,Male,ATHX,Overall,69 (710KG),209 (8.302KM),99 (15:28),,,,,,377
126,Paul Gebhard & Christoph Chaloupka,ATHX MUNICH 2026,Germany 🇩🇪,2026,Male,ATHX,Overall,106 (673KG),143 (8.901KM),130 (16:28),,,,,,379
127,Oliver Novakov & Marc-André Lehmann,ATHX MUNICH 2026,Germany 🇩🇪,2026,Male,ATHX,Overall,88 (692KG),173 (8.73KM),119 (16:03),,,,,,380
127,Alex Markgraf & Max Thoma,ATHX MUNICH 2026,Germany 🇩🇪,2026,Male,ATHX,Overall,148 (633KG),98 (9.208KM),134 (16:30),,,,,,380
129,Johann Helminger & Christoph Esterer,ATHX MUNICH 2026,Germany 🇩🇪,2026,Male,ATHX,Overall,163 (613KG),92 (9.23KM),129 (16:23),,,,,,384
130,Fabian Bank & Sandro Beer,ATHX MUNICH 2026,Germany 🇩🇪,2026,Male,ATHX,Overall,167 (609KG),130 (8.988KM),88 (15:09),,,,,,385
131,Markus Mollnar & Markus Tiefenbacher,ATHX MUNICH 2026,Germany 🇩🇪,2026,Male,ATHX,Overall,125 (659KG),147 (8.879KM),116 (16:01),,,,,,388
132,Patrick Anton & Marko Fiege,ATHX MUNICH 2026,Germany 🇩🇪,2026,Male,ATHX,Overall,137 (647KG),122 (9.087KM),130 (16:28),,,,,,389
133,Ciaran McCabe & Alex Hughes,ATHX MUNICH 2026,Germany 🇩🇪,2026,Male,ATHX,Overall,163 (613KG),120 (9.103KM),107 (15:38),,,,,,390
134,Dominik Graf & Tobias Weigt,ATHX MUNICH 2026,Germany 🇩🇪,2026,Male,ATHX,Overall,150 (630KG),127 (9.011KM),114 (15:54),,,,,,391
134,Patrick Schmid & Stefan Giglberger,ATHX MUNICH 2026,Germany 🇩🇪,2026,Male,ATHX,Overall,126 (658KG),157 (8.826KM),108 (15:43),,,,,,391
136,Sören Bühler & Rainer Sorg,ATHX MUNICH 2026,Germany 🇩🇪,2026,Male,ATHX,Overall,87 (693KG),151 (8.863KM),154 (17:03),,,,,,392
137,Richard Marcic & Matthias Nyvelt,ATHX MUNICH 2026,Germany 🇩🇪,2026,Male,ATHX,Overall,147 (636KG),156 (8.827KM),90 (15:14),,,,,,393
138,Alexander Hespeler & Adrian Dennochweiler,ATHX MUNICH 2026,Germany 🇩🇪,2026,Male,ATHX,Overall,106 (673KG),169 (8.765KM),126 (16:20),,,,,,401
139,Daniel von der Heydt & Saimir Kortoci,ATHX MUNICH 2026,Germany 🇩🇪,2026,Male,ATHX,Overall,90 (690KG),170 (8.756KM),144 (16:56),,,,,,404
140,Julius Heruth & Lucas Bayer,ATHX MUNICH 2026,Germany 🇩🇪,2026,Male,ATHX,Overall,162 (615KG),108 (9.153KM),135 (16:31),,,,,,405
141,Robert Ettrich & Stefan Zipfel,ATHX BERLIN 2026,Germany 🇩🇪,2026,Male,ATHX,Overall,61 (725KG),157 (8.826KM),188 (18:32),,,,,,406
142,Dirk Heinze & Drew Pronko,ATHX BERLIN 2026,Germany 🇩🇪,2026,Male,ATHX,Overall,203 (550KG),24 (9.837KM),180 (18:09),,,,,,407
143,Julian Siller & Mario Hellmuth,ATHX MUNICH 2026,Germany 🇩🇪,2026,Male,ATHX,Overall,76 (708KG),190 (8.596KM),142 (16:55),,,,,,408
144,Perry Haki & Ole Petschner,ATHX BERLIN 2026,Germany 🇩🇪,2026,Male,ATHX,Overall,111 (670KG),129 (8.998KM),169 (17:30),,,,,,409
144,Jens Nordmeier & Thomas Lau,ATHX BERLIN 2026,Germany 🇩🇪,2026,Male,ATHX,Overall,198 (556KG),69 (9.381KM),142 (16:55),,,,,,409
146,Luca Zukschwerdt & Paul Böhringer,ATHX MUNICH 2026,Germany 🇩🇪,2026,Male,ATHX,Overall,144 (640KG),103 (9.168KM),163 (17:15),,,,,,410
146,Arthur Odenbach & Julian Overmeyer,ATHX MUNICH 2026,Germany 🇩🇪,2026,Male,ATHX,Overall,179 (593KG),91 (9.231KM),140 (16:51),,,,,,410
146,Tim Rösch & Dimitri Kiritschenko,ATHX MUNICH 2026,Germany 🇩🇪,2026,Male,ATHX,Overall,223 (497KG),85 (9.28KM),102 (15:33),,,,,,410
149,Kamil Burkhanov & Peter Freundel,ATHX BERLIN 2026,Germany 🇩🇪,2026,Male,ATHX,Overall,174 (600KG),64 (9.423KM),176 (17:45),,,,,,414
150,Tom Haufe & Marcel Weise,ATHX BERLIN 2026,Germany 🇩🇪,2026,Male,ATHX,Overall,150 (630KG),118 (9.114KM),148 (16:59),,,,,,416
151,Jean-Maxime Rivière & Diego Estrada,ATHX BERLIN 2026,Germany 🇩🇪,2026,Male,ATHX,Overall,182 (590KG),44 (9.564KM),192 (18:42),,,,,,418
152,Christopher Funk & Lorenz Funk,ATHX BERLIN 2026,Germany 🇩🇪,2026,Male,ATHX,Overall,115 (665KG),138 (8.931KM),166 (17:18),,,,,,419
152,Simon Rossmann & Manuel Holzmann,ATHX BERLIN 2026,Germany 🇩🇪,2026,Male,ATHX,Overall,181 (591KG),116 (9.134KM),122 (16:05),,,,,,419
154,Art Claas van der Heide & Kris Sarnes,ATHX MUNICH 2026,Germany 🇩🇪,2026,Male,ATHX,Overall,136 (648KG),136 (8.941KM),153 (17:02),,,,,,425
155,Vincent To-Sanguan & Daniel Blank,ATHX BERLIN 2026,Germany 🇩🇪,2026,Male,ATHX,Overall,118 (663KG),155 (8.834KM),156 (17:06),,,,,,429
156,Daniel Stegers-Heinen & Niklas Jacobi,ATHX MUNICH 2026,Germany 🇩🇪,2026,Male,ATHX,Overall,132 (652KG),154 (8.837KM),148 (16:59),,,,,,434
157,Sebastian Wörlen & Konstantin Rissling,ATHX MUNICH 2026,Germany 🇩🇪,2026,Male,ATHX,Overall,139 (645KG),162 (8.809KM),146 (16:58),,,,,,447
158,Sebastian Münzenberger & Patrick Seiffert,ATHX MUNICH 2026,Germany 🇩🇪,2026,Male,ATHX,Overall,156 (622KG),139 (8.916KM),156 (17:06),,,,,,451
158,Andreas Fleischhacker & Sebastian Rocher,ATHX MUNICH 2026,Germany 🇩🇪,2026,Male,ATHX,Overall,93 (686KG),178 (8.67KM),180 (18:09),,,,,,451
160,Erik M & Marcel M,ATHX BERLIN 2026,Germany 🇩🇪,2026,Male,ATHX,Overall,178 (596KG),111 (9.151KM),165 (17:17),,,,,,454
161,ROBERTO GALINDO & Dogukan Özer,ATHX MUNICH 2026,Germany 🇩🇪,2026,Male,ATHX,Overall,159 (618KG),191 (8.594KM),106 (15:36),,,,,,456
162,Luis Schmid & Maximilian Rau,ATHX MUNICH 2026,Germany 🇩🇪,2026,Male,ATHX,Overall,97 (684KG),189 (8.603KM),173 (17:41),,,,,,459
162,Erik Fengler & Hannes Gey,ATHX BERLIN 2026,Germany 🇩🇪,2026,Male,ATHX,Overall,139 (645KG),180 (8.652KM),140 (16:51),,,,,,459
164,Lucas Bahr & Benjamin Ramml,ATHX MUNICH 2026,Germany 🇩🇪,2026,Male,ATHX,Overall,105 (674KG),196 (8.484KM),159 (17:08),,,,,,460
165,Pascal Raddatz & Henning Bär,ATHX MUNICH 2026,Germany 🇩🇪,2026,Male,ATHX,Overall,202 (551KG),92 (9.23KM),168 (17:19),,,,,,462
166,Martin Rapierski & Nino Rum,ATHX BERLIN 2026,Germany 🇩🇪,2026,Male,ATHX,Overall,189 (575KG),118 (9.114KM),158 (17:07),,,,,,465
167,Luis Jouve Gutiérrez & Eloy López de Carrión,ATHX BERLIN 2026,Germany 🇩🇪,2026,Male,ATHX,Overall,111 (670KG),211 (8.261KM),144 (16:56),,,,,,466
168,Cornelius Glück & Tassilo Matthes,ATHX MUNICH 2026,Germany 🇩🇪,2026,Male,ATHX,Overall,214 (525KG),106 (9.155KM),148 (16:59),,,,,,468
169,Marcel Kuhn & Philipp Kurzendörfer,ATHX MUNICH 2026,Germany 🇩🇪,2026,Male,ATHX,Overall,100 (680KG),195 (8.549KM),174 (17:42),,,,,,469
170,Sebastian Vermaat & Johannes Brenninkmeyer,ATHX MUNICH 2026,Germany 🇩🇪,2026,Male,ATHX,Overall,198 (556KG),135 (8.942KM),138 (16:40),,,,,,471
171,Julian Niedernhuber & Jan Mertens,ATHX MUNICH 2026,Germany 🇩🇪,2026,Male,ATHX,Overall,102 (678KG),188 (8.612KM),186 (18:22),,,,,,476
172,Ben Lemberg & Omar Bahgat,ATHX MUNICH 2026,Germany 🇩🇪,2026,Male,ATHX,Overall,94 (685KG),214 (8.2KM),171 (17:33),,,,,,479
173,Erik Wrage & Anatoli Guschan,ATHX BERLIN 2026,Germany 🇩🇪,2026,Male,ATHX,Overall,149 (632KG),172 (8.732KM),161 (17:13),,,,,,482
174,Sebastian Gick & Simon Mueller,ATHX MUNICH 2026,Germany 🇩🇪,2026,Male,ATHX,Overall,139 (645KG),182 (8.644KM),166 (17:18),,,,,,487
175,Max Doege & Jörn Sattler,ATHX BERLIN 2026,Germany 🇩🇪,2026,Male,ATHX,Overall,69 (710KG),217 (8.173KM),205 (19:30),,,,,,491
176,Florian Eibel & Christian Wölm,ATHX MUNICH 2026,Germany 🇩🇪,2026,Male,ATHX,Overall,161 (616KG),167 (8.776KM),164 (17:16),,,,,,492
177,Bernhard Koelbl & Florian Koehler,ATHX BERLIN 2026,Germany 🇩🇪,2026,Male,ATHX,Overall,228 (418KG),86 (9.277KM),179 (18:06),,,,,,493
177,Martin Gruner & Dennis Hypa,ATHX BERLIN 2026,Germany 🇩🇪,2026,Male,ATHX,Overall,73 (709KG),222 (7.887KM),198 (18:54),,,,,,493
179,Mario Nunes & Raphael Meier,ATHX MUNICH 2026,Germany 🇩🇪,2026,Male,ATHX,Overall,129 (655KG),197 (8.459KM),170 (17:31),,,,,,496
179,Lennart Peters & Björn Lacambacal,ATHX MUNICH 2026,Germany 🇩🇪,2026,Male,ATHX,Overall,221 (500KG),139 (8.916KM),136 (16:32),,,,,,496
181,Florian Vielweber & Alexander Hartmann,ATHX MUNICH 2026,Germany 🇩🇪,2026,Male,ATHX,Overall,118 (663KG),202 (8.335KM),178 (17:53),,,,,,498
182,Benjamin Wilck & Leonhard Wedel,ATHX BERLIN 2026,Germany 🇩🇪,2026,Male,ATHX,Overall,122 (660KG),185 (8.619KM),193 (18:43),,,,,,500
182,Jörg Schröder & Marko Weber-Schönherr,ATHX BERLIN 2026,Germany 🇩🇪,2026,Male,ATHX,Overall,157 (620KG),216 (8.194KM),127 (16:21),,,,,,500
184,Marco Scardino & Vincenzo Pesce,ATHX BERLIN 2026,Germany 🇩🇪,2026,Male,ATHX,Overall,172 (604KG),132 (8.971KM),197 (18:53),,,,,,501
185,Mark Hine & Moritz Winkler,ATHX BERLIN 2026,Germany 🇩🇪,2026,Male,ATHX,Overall,84 (698KG),206 (8.317KM),215 (20:35),,,,,,505
186,Philipp Reichenbach & Andreas Bichler,ATHX MUNICH 2026,Germany 🇩🇪,2026,Male,ATHX,Overall,134 (651KG),193 (8.573KM),183 (18:14),,,,,,510
187,Aleksey Toropchin & Gonzalo Duany Conroy,ATHX MUNICH 2026,Germany 🇩🇪,2026,Male,ATHX,Overall,197 (561KG),166 (8.78KM),151 (17:00),,,,,,514
188,Sebastian Geidel & Lukas Wiesner,ATHX MUNICH 2026,Germany 🇩🇪,2026,Male,ATHX,Overall,106 (673KG),215 (8.197KM),194 (18:45),,,,,,515
189,Ali Ismailov & Emin Fuehrer,ATHX MUNICH 2026,Germany 🇩🇪,2026,Male,ATHX,Overall,182 (590KG),159 (8.823KM),182 (18:12),,,,,,523
190,Michael Lovric & Giorgos Sylignakis,ATHX MUNICH 2026,Germany 🇩🇪,2026,Male,ATHX,Overall,121 (662KG),219 (8.069KM),184 (18:15),,,,,,524
191,Christian Dornes & Robert Schneider,ATHX MUNICH 2026,Germany 🇩🇪,2026,Male,ATHX,Overall,191 (572KG),153 (8.846KM),187 (18:28),,,,,,531
192,Raimonds Ozolins & Raivis Ozolins,ATHX MUNICH 2026,Germany 🇩🇪,2026,Male,ATHX,Overall,184 (588KG),144 (8.897KM),208 (19:42),,,,,,536
192,Philipp Fritz & Paul Fischer,ATHX MUNICH 2026,Germany 🇩🇪,2026,Male,ATHX,Overall,126 (658KG),221 (8.031KM),189 (18:35),,,,,,536
194,Stephan Rabsch & Lucas Altmann,ATHX BERLIN 2026,Germany 🇩🇪,2026,Male,ATHX,Overall,153 (628KG),185 (8.619KM),199 (19:00),,,,,,537
195,Alexander Sander & Aaron Hooff,ATHX MUNICH 2026,Germany 🇩🇪,2026,Male,ATHX,Overall,200 (555KG),131 (8.972KM),215 (20:35),,,,,,546
196,Erik Fengler & Lukas Martens,ATHX MUNICH 2026,Germany 🇩🇪,2026,Male,ATHX,Overall,165 (610KG),205 (8.319KM),177 (17:46),,,,,,547
196,Daniel Schanz & Marvin Ostrop,ATHX MUNICH 2026,Germany 🇩🇪,2026,Male,ATHX,Overall,153 (628KG),204 (8.322KM),190 (18:37),,,,,,547
198,Steven Roese & Markus Riesner-Körner,ATHX BERLIN 2026,Germany 🇩🇪,2026,Male,ATHX,Overall,171 (605KG),176 (8.678KM),202 (19:14),,,,,,549
199,Timm Wagner & Thomas Mauthofer,ATHX MUNICH 2026,Germany 🇩🇪,2026,Male,ATHX,Overall,226 (470KG),139 (8.916KM),185 (18:21),,,,,,550
200,Keith McCrae & Phuc Luu,ATHX BERLIN 2026,Germany 🇩🇪,2026,Male,ATHX,Overall,158 (619KG),199 (8.38KM),201 (19:08),,,,,,558
201,Martin Schaeffl & Nicolas Schäffl,ATHX MUNICH 2026,Germany 🇩🇪,2026,Male,ATHX,Overall,210 (535KG),161 (8.815KM),195 (18:47),,,,,,566
202,Jannes Stubbemann & Federico Orlandini,ATHX BERLIN 2026,Germany 🇩🇪,2026,Male,ATHX,Overall,188 (577KG),174 (8.684KM),206 (19:36),,,,,,568
203,Christoph Kaemmerer & Benjamin Reiss,ATHX MUNICH 2026,Germany 🇩🇪,2026,Male,ATHX,Overall,135 (650KG),213 (8.203KM),225 (23:39),,,,,,573
204,Christoph Diemer & Florian Völz,ATHX MUNICH 2026,Germany 🇩🇪,2026,Male,ATHX,Overall,173 (603KG),201 (8.374KM),203 (19:16),,,,,,577
205,Maurice Erich & Philipp Rasthofer,ATHX MUNICH 2026,Germany 🇩🇪,2026,Male,ATHX,Overall,210 (535KG),152 (8.847KM),226 (23:52),,,,,,588
205,Florian Vielweber & Heiko Hoferer,ATHX BERLIN 2026,Germany 🇩🇪,2026,Male,ATHX,Overall,213 (529KG),179 (8.666KM),196 (18:50),,,,,,588
207,Oliver Lange & Günther Schmid,ATHX MUNICH 2026,Germany 🇩🇪,2026,Male,ATHX,Overall,227 (424KG),150 (8.866KM),214 (20:33),,,,,,591
207,Marijo Sucic & rmarohn Team,ATHX BERLIN 2026,Germany 🇩🇪,2026,Male,ATHX,Overall,207 (540KG),177 (8.676KM),207 (19:40),,,,,,591
209,Patrick Crespo & Zelieus Namirian,ATHX MUNICH 2026,Germany 🇩🇪,2026,Male,ATHX,Overall,220 (505KG),162 (8.809KM),213 (20:30),,,,,,595
209,Oliver Patzelt & Jerome Kubaschek,ATHX BERLIN 2026,Germany 🇩🇪,2026,Male,ATHX,Overall,194 (569KG),210 (8.275KM),191 (18:40),,,,,,595
211,Thorsten Eckert & Carsten List,ATHX MUNICH 2026,Germany 🇩🇪,2026,Male,ATHX,Overall,224 (488KG),198 (8.405KM),175 (17:43),,,,,,597
212,Chris Reichert & Markus Robitschko,ATHX MUNICH 2026,Germany 🇩🇪,2026,Male,ATHX,Overall,200 (555KG),181 (8.651KM),217 (20:56),,,,,,598
213,Robert Junklewitz & Marc-Philipp Müller,ATHX MUNICH 2026,Germany 🇩🇪,2026,Male,ATHX,Overall,215 (523KG),184 (8.623KM),209 (20:03),,,,,,608
214,Adrian Dreßler & David Klein,ATHX MUNICH 2026,Germany 🇩🇪,2026,Male,ATHX,Overall,179 (593KG),223 (7.85KM),211 (20:26),,,,,,613
215,Sebastian Pemsl & Konstantin Gaull,ATHX MUNICH 2026,Germany 🇩🇪,2026,Male,ATHX,Overall,203 (550KG),212 (8.237KM),200 (19:04),,,,,,615
216,Julian Hensel & Lucas Leiding,ATHX MUNICH 2026,Germany 🇩🇪,2026,Male,ATHX,Overall,203 (550KG),194 (8.552KM),219 (21:29),,,,,,616
217,Jakob Handy & Maximilian schöngen,ATHX BERLIN 2026,Germany 🇩🇪,2026,Male,ATHX,Overall,221 (500KG),175 (8.683KM),223 (23:15),,,,,,619
218,Erik Larsen & Konrad Larsen,ATHX BERLIN 2026,Germany 🇩🇪,2026,Male,ATHX,Overall,189 (575KG),207 (8.313KM),227 (24:52),,,,,,623
219,Jonas Woitzyk & Stefan Resch,ATHX MUNICH 2026,Germany 🇩🇪,2026,Male,ATHX,Overall,210 (535KG),200 (8.375KM),218 (21:19),,,,,,628
220,Christopher Weber & Thomas Hauser,ATHX MUNICH 2026,Germany 🇩🇪,2026,Male,ATHX,Overall,215 (523KG),203 (8.333KM),212 (20:27),,,,,,630
221,Alexander Schellinger & friedrich morisak,ATHX BERLIN 2026,Germany 🇩🇪,2026,Male,ATHX,Overall,191 (572KG),220 (8.055KM),221 (22:13),,,,,,632
222,Martin Hanson & Daniel Stimpson,ATHX BERLIN 2026,Germany 🇩🇪,2026,Male,ATHX,Overall,219 (507KG),192 (8.583KM),222 (22:53),,,,,,633
223,Christian Kuehl & Paul Kühl,ATHX MUNICH 2026,Germany 🇩🇪,2026,Male,ATHX,Overall,185 (586KG),226 (7.344KM),224 (23:33),,,,,,635
224,Christian Borka & Hanno Focken,ATHX BERLIN 2026,Germany 🇩🇪,2026,Male,ATHX,Overall,206 (542KG),227 (7.311KM),204 (19:27),,,,,,637
225,Rainer De Lima Knappe & ibrahim Zeghzeghi,ATHX BERLIN 2026,Germany 🇩🇪,2026,Male,ATHX,Overall,217 (522KG),218 (8.119KM),210 (20:12),,,,,,645
226,Stefan Köhn & Jens Rebmann,ATHX MUNICH 2026,Germany 🇩🇪,2026,Male,ATHX,Overall,225 (480KG),224 (7.835KM),220 (21:37),,,,,,669
227,Jens Wudick & Marc Wudick,ATHX BERLIN 2026,Germany 🇩🇪,2026,Male,ATHX,Overall,218 (520KG),225 (7.683KM),228 (25:17),,,,,,671
1,Maximilian Brandl & Kevin Hoos,ATHX BERLIN 2026,Germany 🇩🇪,2026,Male,ATHX,MetCon X,,,11:46,,,,,,1
2,Jona Kozmin & Lorenz Petri,ATHX BERLIN 2026,Germany 🇩🇪,2026,Male,ATHX,MetCon X,,,11:59,,,,,,2
3,Martin Hartner & Kilian Jonasch,ATHX MUNICH 2026,Germany 🇩🇪,2026,Male,ATHX,MetCon X,,,12:01,,,,,,3
4,Omar Baritello & Fadi Joumaa,ATHX BERLIN 2026,Germany 🇩🇪,2026,Male,ATHX,MetCon X,,,12:02,,,,,,4
5,Kristian Czyz & Marek Rok,ATHX BERLIN 2026,Germany 🇩🇪,2026,Male,ATHX,MetCon X,,,12:05,,,,,,5
5,Justus Herrenbrück & Dustin Schliwka,ATHX BERLIN 2026,Germany 🇩🇪,2026,Male,ATHX,MetCon X,,,12:05,,,,,,5
7,Tiago Costa & Felisberto Pereira,ATHX MUNICH 2026,Germany 🇩🇪,2026,Male,ATHX,MetCon X,,,12:07,,,,,,7
8,Enrico Klein & Daniel Trenz,ATHX MUNICH 2026,Germany 🇩🇪,2026,Male,ATHX,MetCon X,,,12:15,,,,,,8
9,Raffaele Del piano & Simone Tavarani,ATHX BERLIN 2026,Germany 🇩🇪,2026,Male,ATHX,MetCon X,,,12:23,,,,,,9
10,Tom Grindel & Lukasz Debek,ATHX BERLIN 2026,Germany 🇩🇪,2026,Male,ATHX,MetCon X,,,12:25,,,,,,10
11,Manuel Jandrijevic & Daniel Leibinger,ATHX MUNICH 2026,Germany 🇩🇪,2026,Male,ATHX,MetCon X,,,12:30,,,,,,11
12,Jop Siewe & Bernd grosse Siemer,ATHX BERLIN 2026,Germany 🇩🇪,2026,Male,ATHX,MetCon X,,,12:37,,,,,,12
13,Henry Kaschel & Dennis Hannemann,ATHX BERLIN 2026,Germany 🇩🇪,2026,Male,ATHX,MetCon X,,,12:44,,,,,,13
14,Jonas Graf & Elin Giancotti,ATHX MUNICH 2026,Germany 🇩🇪,2026,Male,ATHX,MetCon X,,,12:55,,,,,,14
14,Marvin Gedlich & Maxime Pracisnore,ATHX BERLIN 2026,Germany 🇩🇪,2026,Male,ATHX,MetCon X,,,12:55,,,,,,14
14,Lukas Bossert & Gabriel Lichtenstein,ATHX BERLIN 2026,Germany 🇩🇪,2026,Male,ATHX,MetCon X,,,12:55,,,,,,14
17,Felix Michael Müller & Hannes Tüllmann,ATHX BERLIN 2026,Germany 🇩🇪,2026,Male,ATHX,MetCon X,,,12:56,,,,,,17
18,Simon schmidt & Juri Maier,ATHX BERLIN 2026,Germany 🇩🇪,2026,Male,ATHX,MetCon X,,,12:59,,,,,,18
19,Christopher Smith & Maher Sellam,ATHX MUNICH 2026,Germany 🇩🇪,2026,Male,ATHX,MetCon X,,,13:01,,,,,,19
20,Bjarne Rogall & Mischa Schneider,ATHX BERLIN 2026,Germany 🇩🇪,2026,Male,ATHX,MetCon X,,,13:09,,,,,,20
21,Mateusz Florczak & Adam Dadok,ATHX BERLIN 2026,Germany 🇩🇪,2026,Male,ATHX,MetCon X,,,13:14,,,,,,21
22,Simon Kosiol & Steven Knieriemen,ATHX MUNICH 2026,Germany 🇩🇪,2026,Male,ATHX,MetCon X,,,13:25,,,,,,22
22,Lars Kortenbach & Jonas Wintergerst,ATHX BERLIN 2026,Germany 🇩🇪,2026,Male,ATHX,MetCon X,,,13:25,,,,,,22
24,Tobias Stadler & Sebastian Schmidt,ATHX MUNICH 2026,Germany 🇩🇪,2026,Male,ATHX,MetCon X,,,13:26,,,,,,24
25,Gian-Luca Liesch & Ramon Kirchner,ATHX MUNICH 2026,Germany 🇩🇪,2026,Male,ATHX,MetCon X,,,13:27,,,,,,25
26,Max Gassner & David Gerlach,ATHX MUNICH 2026,Germany 🇩🇪,2026,Male,ATHX,MetCon X,,,13:28,,,,,,26
27,Leon Armoza & Michael Kabus,ATHX MUNICH 2026,Germany 🇩🇪,2026,Male,ATHX,MetCon X,,,13:30,,,,,,27
28,Pit Alexander Klepatz & Bastian Barthel,ATHX BERLIN 2026,Germany 🇩🇪,2026,Male,ATHX,MetCon X,,,13:36,,,,,,28
29,Brooklyn Lange & Rustem Masgutov,ATHX BERLIN 2026,Germany 🇩🇪,2026,Male,ATHX,MetCon X,,,13:37,,,,,,29
30,Frank Bauer & Malte Sieger,ATHX BERLIN 2026,Germany 🇩🇪,2026,Male,ATHX,MetCon X,,,13:38,,,,,,30
31,Kevin Weltzien & Christian Nolde,ATHX BERLIN 2026,Germany 🇩🇪,2026,Male,ATHX,MetCon X,,,13:40,,,,,,31
32,Eugen Wiens & Erik Olbert,ATHX BERLIN 2026,Germany 🇩🇪,2026,Male,ATHX,MetCon X,,,13:42,,,,,,32
33,Daniel Hasselmann & Burak Kara,ATHX BERLIN 2026,Germany 🇩🇪,2026,Male,ATHX,MetCon X,,,13:46,,,,,,33
33,Julian Chahal & Tayfun Simsek,ATHX BERLIN 2026,Germany 🇩🇪,2026,Male,ATHX,MetCon X,,,13:46,,,,,,33
35,Marco Reinhard & Christoph Brechbühler,ATHX MUNICH 2026,Germany 🇩🇪,2026,Male,ATHX,MetCon X,,,13:47,,,,,,35
35,Ronny Kühberger & Florian Pohn,ATHX MUNICH 2026,Germany 🇩🇪,2026,Male,ATHX,MetCon X,,,13:47,,,,,,35
37,Johannes Müller & Dominik Winghardt,ATHX MUNICH 2026,Germany 🇩🇪,2026,Male,ATHX,MetCon X,,,13:50,,,,,,37
38,Michael Luong & Nam Hoang,ATHX MUNICH 2026,Germany 🇩🇪,2026,Male,ATHX,MetCon X,,,13:51,,,,,,38
39,Leo Marcello Polack & Fritz Theden-Schow,ATHX BERLIN 2026,Germany 🇩🇪,2026,Male,ATHX,MetCon X,,,13:54,,,,,,39
40,Tim Harff & Maximilian Schmitt,ATHX MUNICH 2026,Germany 🇩🇪,2026,Male,ATHX,MetCon X,,,13:57,,,,,,40
41,Kallum Radley & Connor Coyle,ATHX MUNICH 2026,Germany 🇩🇪,2026,Male,ATHX,MetCon X,,,13:58,,,,,,41
42,Kevin Wanka & Jürgen Hellrigl,ATHX MUNICH 2026,Germany 🇩🇪,2026,Male,ATHX,MetCon X,,,13:59,,,,,,42
43,Patrick Loch & Patrick Thurau,ATHX MUNICH 2026,Germany 🇩🇪,2026,Male,ATHX,MetCon X,,,14:00,,,,,,43
44,Raphael Kibler & Christoph Wagner,ATHX MUNICH 2026,Germany 🇩🇪,2026,Male,ATHX,MetCon X,,,14:03,,,,,,44
45,Simon Cichos & Nicolas Cichos,ATHX BERLIN 2026,Germany 🇩🇪,2026,Male,ATHX,MetCon X,,,14:05,,,,,,45
46,Filip Antoszewski & Sebastian Lary,ATHX BERLIN 2026,Germany 🇩🇪,2026,Male,ATHX,MetCon X,,,14:06,,,,,,46
47,Dom Stroh & Piran Asci,ATHX BERLIN 2026,Germany 🇩🇪,2026,Male,ATHX,MetCon X,,,14:09,,,,,,47
48,Daniel Alvarado & Kayode Passos,ATHX BERLIN 2026,Germany 🇩🇪,2026,Male,ATHX,MetCon X,,,14:13,,,,,,48
49,Leon Aehlich & Michael Neulinger,ATHX MUNICH 2026,Germany 🇩🇪,2026,Male,ATHX,MetCon X,,,14:16,,,,,,49
50,Honza Havlena & Tomas Havlena,ATHX MUNICH 2026,Germany 🇩🇪,2026,Male,ATHX,MetCon X,,,14:18,,,,,,50
51,Jonas Kapfer & Tim Sablotny,ATHX MUNICH 2026,Germany 🇩🇪,2026,Male,ATHX,MetCon X,,,14:19,,,,,,51
52,Christopher Singh & Waldemar Melmann,ATHX MUNICH 2026,Germany 🇩🇪,2026,Male,ATHX,MetCon X,,,14:20,,,,,,52
53,Sebastian Hecht & Giuliano Barone,ATHX MUNICH 2026,Germany 🇩🇪,2026,Male,ATHX,MetCon X,,,14:21,,,,,,53
54,Erik Olbert & Aaron Schwegler,ATHX MUNICH 2026,Germany 🇩🇪,2026,Male,ATHX,MetCon X,,,14:25,,,,,,54
54,Sebastian Raeck & Sebastian Whitton,ATHX BERLIN 2026,Germany 🇩🇪,2026,Male,ATHX,MetCon X,,,14:25,,,,,,54
56,Fabian Bullack & Arne Knüppel,ATHX BERLIN 2026,Germany 🇩🇪,2026,Male,ATHX,MetCon X,,,14:26,,,,,,56
57,Christopher Scheurle & Sebastian Lang,ATHX MUNICH 2026,Germany 🇩🇪,2026,Male,ATHX,MetCon X,,,14:28,,,,,,57
57,Julius Levermann & Tim Wallner,ATHX MUNICH 2026,Germany 🇩🇪,2026,Male,ATHX,MetCon X,,,14:28,,,,,,57
59,Hendrik Hilzinger & Julian Hipp,ATHX MUNICH 2026,Germany 🇩🇪,2026,Male,ATHX,MetCon X,,,14:30,,,,,,59
60,Jeremy Kausel & Nico Bremer,ATHX BERLIN 2026,Germany 🇩🇪,2026,Male,ATHX,MetCon X,,,14:33,,,,,,60
61,Max Steinmaurer & Nils Lauer-Neff,ATHX MUNICH 2026,Germany 🇩🇪,2026,Male,ATHX,MetCon X,,,14:35,,,,,,61
61,Ralf Dettenrieder & Daniel Maucher,ATHX MUNICH 2026,Germany 🇩🇪,2026,Male,ATHX,MetCon X,,,14:35,,,,,,61
61,Bruno Alves & Chris Lenton,ATHX BERLIN 2026,Germany 🇩🇪,2026,Male,ATHX,MetCon X,,,14:35,,,,,,61
64,Sebastian Brauer & Felix Fischer,ATHX BERLIN 2026,Germany 🇩🇪,2026,Male,ATHX,MetCon X,,,14:37,,,,,,64
65,Adrian Klein & Stefano Grasso,ATHX MUNICH 2026,Germany 🇩🇪,2026,Male,ATHX,MetCon X,,,14:38,,,,,,65
65,Sebastian Knie & Florian Vogel-Kern,ATHX MUNICH 2026,Germany 🇩🇪,2026,Male,ATHX,MetCon X,,,14:38,,,,,,65
67,Georg Bechtold & Tobias Unger,ATHX MUNICH 2026,Germany 🇩🇪,2026,Male,ATHX,MetCon X,,,14:39,,,,,,67
68,Eric Brockmann & Jason Henkel,ATHX BERLIN 2026,Germany 🇩🇪,2026,Male,ATHX,MetCon X,,,14:44,,,,,,68
69,Andreas Stenberg & Martin Dahlman,ATHX BERLIN 2026,Germany 🇩🇪,2026,Male,ATHX,MetCon X,,,14:45,,,,,,69
70,Szymon Sekula & Sam Jobson,ATHX BERLIN 2026,Germany 🇩🇪,2026,Male,ATHX,MetCon X,,,14:48,,,,,,70
71,Finn Crozier & Joel Hill,ATHX BERLIN 2026,Germany 🇩🇪,2026,Male,ATHX,MetCon X,,,14:57,,,,,,71
72,Felix Schier & Luca Hardt,ATHX BERLIN 2026,Germany 🇩🇪,2026,Male,ATHX,MetCon X,,,14:59,,,,,,72
72,WIlli Kellich & Luis Recinos,ATHX BERLIN 2026,Germany 🇩🇪,2026,Male,ATHX,MetCon X,,,14:59,,,,,,72
72,Denis Rduch & Sven Riek,ATHX BERLIN 2026,Germany 🇩🇪,2026,Male,ATHX,MetCon X,,,14:59,,,,,,72
75,louis vogler & Matthias Gonsior,ATHX MUNICH 2026,Germany 🇩🇪,2026,Male,ATHX,MetCon X,,,15:00,,,,,,75
75,Alexander Selbach & Steven Müller,ATHX MUNICH 2026,Germany 🇩🇪,2026,Male,ATHX,MetCon X,,,15:00,,,,,,75
77,Pascal Schmitt & Benno Wolff,ATHX MUNICH 2026,Germany 🇩🇪,2026,Male,ATHX,MetCon X,,,15:01,,,,,,77
77,Sebastian Fischer & Tim Schiffers,ATHX MUNICH 2026,Germany 🇩🇪,2026,Male,ATHX,MetCon X,,,15:01,,,,,,77
77,Mahmoud Sameh & Ahmed AboHarga,ATHX MUNICH 2026,Germany 🇩🇪,2026,Male,ATHX,MetCon X,,,15:01,,,,,,77
77,Nils Bind & Sven Lang,ATHX BERLIN 2026,Germany 🇩🇪,2026,Male,ATHX,MetCon X,,,15:01,,,,,,77
77,Philipp Schneider & Philipp Pecher,ATHX BERLIN 2026,Germany 🇩🇪,2026,Male,ATHX,MetCon X,,,15:01,,,,,,77
77,Lars Ulbricht & Christoph Depner,ATHX BERLIN 2026,Germany 🇩🇪,2026,Male,ATHX,MetCon X,,,15:01,,,,,,77
83,Daniel Pusin & Niklas Röck,ATHX MUNICH 2026,Germany 🇩🇪,2026,Male,ATHX,MetCon X,,,15:02,,,,,,83
84,Leo Schlecht & David Hofacker,ATHX MUNICH 2026,Germany 🇩🇪,2026,Male,ATHX,MetCon X,,,15:05,,,,,,84
84,Thorsten Pfeilschifter & Dischner Korbinian,ATHX BERLIN 2026,Germany 🇩🇪,2026,Male,ATHX,MetCon X,,,15:05,,,,,,84
86,Fabian Schießl & Martin Prasch,ATHX BERLIN 2026,Germany 🇩🇪,2026,Male,ATHX,MetCon X,,,15:08,,,,,,86
86,Robert Steinberg & Jan-Niclas Faasch,ATHX BERLIN 2026,Germany 🇩🇪,2026,Male,ATHX,MetCon X,,,15:08,,,,,,86
88,Fabian Bank & Sandro Beer,ATHX MUNICH 2026,Germany 🇩🇪,2026,Male,ATHX,MetCon X,,,15:09,,,,,,88
89,Nico Schulze & Erik Walther,ATHX BERLIN 2026,Germany 🇩🇪,2026,Male,ATHX,MetCon X,,,15:11,,,,,,89
90,Richard Marcic & Matthias Nyvelt,ATHX MUNICH 2026,Germany 🇩🇪,2026,Male,ATHX,MetCon X,,,15:14,,,,,,90
91,Marco Kauschka & Philipp Maurer,ATHX MUNICH 2026,Germany 🇩🇪,2026,Male,ATHX,MetCon X,,,15:15,,,,,,91
92,Gianluca Mamone & Dennis Humann,ATHX BERLIN 2026,Germany 🇩🇪,2026,Male,ATHX,MetCon X,,,15:19,,,,,,92
93,Lars Prager & André Sadra,ATHX BERLIN 2026,Germany 🇩🇪,2026,Male,ATHX,MetCon X,,,15:21,,,,,,93
94,Simon Mayr & Sebastian Prange,ATHX MUNICH 2026,Germany 🇩🇪,2026,Male,ATHX,MetCon X,,,15:23,,,,,,94
95,Andreas Kleinberg & Christof Braterschofsky,ATHX MUNICH 2026,Germany 🇩🇪,2026,Male,ATHX,MetCon X,,,15:24,,,,,,95
95,Michael Bartsch & Philipp Reb,ATHX BERLIN 2026,Germany 🇩🇪,2026,Male,ATHX,MetCon X,,,15:24,,,,,,95
97,Anton Savitsky & Aliaksandr Kochneu,ATHX BERLIN 2026,Germany 🇩🇪,2026,Male,ATHX,MetCon X,,,15:25,,,,,,97
98,Lucas Kothe & Siraj Mohamed,ATHX MUNICH 2026,Germany 🇩🇪,2026,Male,ATHX,MetCon X,,,15:27,,,,,,98
99,Alberto Mesas & Bernardo Mercado Coimbra,ATHX BERLIN 2026,Germany 🇩🇪,2026,Male,ATHX,MetCon X,,,15:28,,,,,,99
99,Leo Chiricone & Federico Benedetti,ATHX BERLIN 2026,Germany 🇩🇪,2026,Male,ATHX,MetCon X,,,15:28,,,,,,99
101,Alexander Spießl & Marcus Graz,ATHX MUNICH 2026,Germany 🇩🇪,2026,Male,ATHX,MetCon X,,,15:30,,,,,,101
102,Tim Rösch & Dimitri Kiritschenko,ATHX MUNICH 2026,Germany 🇩🇪,2026,Male,ATHX,MetCon X,,,15:33,,,,,,102
102,Ilija Markovic & Florian Schatz,ATHX BERLIN 2026,Germany 🇩🇪,2026,Male,ATHX,MetCon X,,,15:33,,,,,,102
104,Bernd grosse Siemer & Marvin Wolff,ATHX MUNICH 2026,Germany 🇩🇪,2026,Male,ATHX,MetCon X,,,15:34,,,,,,104
105,Henry Bauer & Franz Gratz,ATHX BERLIN 2026,Germany 🇩🇪,2026,Male,ATHX,MetCon X,,,15:35,,,,,,105
106,ROBERTO GALINDO & Dogukan Özer,ATHX MUNICH 2026,Germany 🇩🇪,2026,Male,ATHX,MetCon X,,,15:36,,,,,,106
107,Ciaran McCabe & Alex Hughes,ATHX MUNICH 2026,Germany 🇩🇪,2026,Male,ATHX,MetCon X,,,15:38,,,,,,107
108,Patrick Schmid & Stefan Giglberger,ATHX MUNICH 2026,Germany 🇩🇪,2026,Male,ATHX,MetCon X,,,15:43,,,,,,108
109,Robert Hamatdinov & Alexander Rapp,ATHX MUNICH 2026,Germany 🇩🇪,2026,Male,ATHX,MetCon X,,,15:46,,,,,,109
110,Tobias Schuster & Sergio Kaiser,ATHX BERLIN 2026,Germany 🇩🇪,2026,Male,ATHX,MetCon X,,,15:47,,,,,,110
111,Fabian Nadig & Philipp Maximilian Nadig,ATHX MUNICH 2026,Germany 🇩🇪,2026,Male,ATHX,MetCon X,,,15:51,,,,,,111
111,Luca Hofmann & Benedikt Meyer-Drabert,ATHX BERLIN 2026,Germany 🇩🇪,2026,Male,ATHX,MetCon X,,,15:51,,,,,,111
113,Felix Krause & Daniel Heinze,ATHX MUNICH 2026,Germany 🇩🇪,2026,Male,ATHX,MetCon X,,,15:52,,,,,,113
114,Dominik Graf & Tobias Weigt,ATHX MUNICH 2026,Germany 🇩🇪,2026,Male,ATHX,MetCon X,,,15:54,,,,,,114
115,Thomas Range & Murat Hasan,ATHX BERLIN 2026,Germany 🇩🇪,2026,Male,ATHX,MetCon X,,,15:56,,,,,,115
116,Markus Mollnar & Markus Tiefenbacher,ATHX MUNICH 2026,Germany 🇩🇪,2026,Male,ATHX,MetCon X,,,16:01,,,,,,116
117,Sahin Kovancisoy & Heiko Kandler,ATHX MUNICH 2026,Germany 🇩🇪,2026,Male,ATHX,MetCon X,,,16:02,,,,,,117
117,Euan MacRury & Euan Duff,ATHX BERLIN 2026,Germany 🇩🇪,2026,Male,ATHX,MetCon X,,,16:02,,,,,,117
119,Oliver Novakov & Marc-André Lehmann,ATHX MUNICH 2026,Germany 🇩🇪,2026,Male,ATHX,MetCon X,,,16:03,,,,,,119
120,Tim Wiedenmann & Leon Hütter,ATHX BERLIN 2026,Germany 🇩🇪,2026,Male,ATHX,MetCon X,,,16:04,,,,,,120
120,Leon Huzeyfe Erdal & sefer ahmet özkan,ATHX BERLIN 2026,Germany 🇩🇪,2026,Male,ATHX,MetCon X,,,16:04,,,,,,120
122,Dominik Heumann & Christian Oberndorfer,ATHX MUNICH 2026,Germany 🇩🇪,2026,Male,ATHX,MetCon X,,,16:05,,,,,,122
122,Simon Rossmann & Manuel Holzmann,ATHX BERLIN 2026,Germany 🇩🇪,2026,Male,ATHX,MetCon X,,,16:05,,,,,,122
124,sebastian cifuentes & Moritz Braun,ATHX MUNICH 2026,Germany 🇩🇪,2026,Male,ATHX,MetCon X,,,16:07,,,,,,124
125,Felix Gotsch & Till Wintgen,ATHX BERLIN 2026,Germany 🇩🇪,2026,Male,ATHX,MetCon X,,,16:08,,,,,,125
126,Alexander Hespeler & Adrian Dennochweiler,ATHX MUNICH 2026,Germany 🇩🇪,2026,Male,ATHX,MetCon X,,,16:20,,,,,,126
127,Andreas Burger & Lukas Will,ATHX MUNICH 2026,Germany 🇩🇪,2026,Male,ATHX,MetCon X,,,16:21,,,,,,127
127,Jörg Schröder & Marko Weber-Schönherr,ATHX BERLIN 2026,Germany 🇩🇪,2026,Male,ATHX,MetCon X,,,16:21,,,,,,127
129,Johann Helminger & Christoph Esterer,ATHX MUNICH 2026,Germany 🇩🇪,2026,Male,ATHX,MetCon X,,,16:23,,,,,,129
130,Sebastian Schreiner & Joseph Knabl,ATHX MUNICH 2026,Germany 🇩🇪,2026,Male,ATHX,MetCon X,,,16:28,,,,,,130
130,Patrick Anton & Marko Fiege,ATHX MUNICH 2026,Germany 🇩🇪,2026,Male,ATHX,MetCon X,,,16:28,,,,,,130
130,Paul Gebhard & Christoph Chaloupka,ATHX MUNICH 2026,Germany 🇩🇪,2026,Male,ATHX,MetCon X,,,16:28,,,,,,130
133,Joshua Wasem & Gregor Schmidt,ATHX MUNICH 2026,Germany 🇩🇪,2026,Male,ATHX,MetCon X,,,16:29,,,,,,133
134,Alex Markgraf & Max Thoma,ATHX MUNICH 2026,Germany 🇩🇪,2026,Male,ATHX,MetCon X,,,16:30,,,,,,134
135,Julius Heruth & Lucas Bayer,ATHX MUNICH 2026,Germany 🇩🇪,2026,Male,ATHX,MetCon X,,,16:31,,,,,,135
136,Lennart Peters & Björn Lacambacal,ATHX MUNICH 2026,Germany 🇩🇪,2026,Male,ATHX,MetCon X,,,16:32,,,,,,136
137,Arran Arogundade & Yannick Braun,ATHX BERLIN 2026,Germany 🇩🇪,2026,Male,ATHX,MetCon X,,,16:39,,,,,,137
138,Sebastian Vermaat & Johannes Brenninkmeyer,ATHX MUNICH 2026,Germany 🇩🇪,2026,Male,ATHX,MetCon X,,,16:40,,,,,,138
139,Jonathan Cavalier & Adrian Maquieira Cambon,ATHX MUNICH 2026,Germany 🇩🇪,2026,Male,ATHX,MetCon X,,,16:43,,,,,,139
140,Arthur Odenbach & Julian Overmeyer,ATHX MUNICH 2026,Germany 🇩🇪,2026,Male,ATHX,MetCon X,,,16:51,,,,,,140
140,Erik Fengler & Hannes Gey,ATHX BERLIN 2026,Germany 🇩🇪,2026,Male,ATHX,MetCon X,,,16:51,,,,,,140
142,Julian Siller & Mario Hellmuth,ATHX MUNICH 2026,Germany 🇩🇪,2026,Male,ATHX,MetCon X,,,16:55,,,,,,142
142,Jens Nordmeier & Thomas Lau,ATHX BERLIN 2026,Germany 🇩🇪,2026,Male,ATHX,MetCon X,,,16:55,,,,,,142
144,Daniel von der Heydt & Saimir Kortoci,ATHX MUNICH 2026,Germany 🇩🇪,2026,Male,ATHX,MetCon X,,,16:56,,,,,,144
144,Luis Jouve Gutiérrez & Eloy López de Carrión,ATHX BERLIN 2026,Germany 🇩🇪,2026,Male,ATHX,MetCon X,,,16:56,,,,,,144
146,Sebastian Wörlen & Konstantin Rissling,ATHX MUNICH 2026,Germany 🇩🇪,2026,Male,ATHX,MetCon X,,,16:58,,,,,,146
146,sebastian cifuentes & Nick Schuster,ATHX BERLIN 2026,Germany 🇩🇪,2026,Male,ATHX,MetCon X,,,16:58,,,,,,146
148,Cornelius Glück & Tassilo Matthes,ATHX MUNICH 2026,Germany 🇩🇪,2026,Male,ATHX,MetCon X,,,16:59,,,,,,148
148,Daniel Stegers-Heinen & Niklas Jacobi,ATHX MUNICH 2026,Germany 🇩🇪,2026,Male,ATHX,MetCon X,,,16:59,,,,,,148
148,Tom Haufe & Marcel Weise,ATHX BERLIN 2026,Germany 🇩🇪,2026,Male,ATHX,MetCon X,,,16:59,,,,,,148
151,Aleksey Toropchin & Gonzalo Duany Conroy,ATHX MUNICH 2026,Germany 🇩🇪,2026,Male,ATHX,MetCon X,,,17:00,,,,,,151
151,Jan Andryszak & Sasha Hinderlich,ATHX BERLIN 2026,Germany 🇩🇪,2026,Male,ATHX,MetCon X,,,17:00,,,,,,151
153,Art Claas van der Heide & Kris Sarnes,ATHX MUNICH 2026,Germany 🇩🇪,2026,Male,ATHX,MetCon X,,,17:02,,,,,,153
154,Sören Bühler & Rainer Sorg,ATHX MUNICH 2026,Germany 🇩🇪,2026,Male,ATHX,MetCon X,,,17:03,,,,,,154
154,Marten Kiersch & Erik Endelich,ATHX BERLIN 2026,Germany 🇩🇪,2026,Male,ATHX,MetCon X,,,17:03,,,,,,154
156,Sebastian Münzenberger & Patrick Seiffert,ATHX MUNICH 2026,Germany 🇩🇪,2026,Male,ATHX,MetCon X,,,17:06,,,,,,156
156,Vincent To-Sanguan & Daniel Blank,ATHX BERLIN 2026,Germany 🇩🇪,2026,Male,ATHX,MetCon X,,,17:06,,,,,,156
158,Martin Rapierski & Nino Rum,ATHX BERLIN 2026,Germany 🇩🇪,2026,Male,ATHX,MetCon X,,,17:07,,,,,,158
159,Lucas Bahr & Benjamin Ramml,ATHX MUNICH 2026,Germany 🇩🇪,2026,Male,ATHX,MetCon X,,,17:08,,,,,,159
160,Adam Kugli & Szabolcs Lukacs,ATHX BERLIN 2026,Germany 🇩🇪,2026,Male,ATHX,MetCon X,,,17:11,,,,,,160
161,Andreas Wikström & Peter Jonas,ATHX BERLIN 2026,Germany 🇩🇪,2026,Male,ATHX,MetCon X,,,17:13,,,,,,161
161,Erik Wrage & Anatoli Guschan,ATHX BERLIN 2026,Germany 🇩🇪,2026,Male,ATHX,MetCon X,,,17:13,,,,,,161
163,Luca Zukschwerdt & Paul Böhringer,ATHX MUNICH 2026,Germany 🇩🇪,2026,Male,ATHX,MetCon X,,,17:15,,,,,,163
164,Florian Eibel & Christian Wölm,ATHX MUNICH 2026,Germany 🇩🇪,2026,Male,ATHX,MetCon X,,,17:16,,,,,,164
165,Erik M & Marcel M,ATHX BERLIN 2026,Germany 🇩🇪,2026,Male,ATHX,MetCon X,,,17:17,,,,,,165
166,Sebastian Gick & Simon Mueller,ATHX MUNICH 2026,Germany 🇩🇪,2026,Male,ATHX,MetCon X,,,17:18,,,,,,166
166,Christopher Funk & Lorenz Funk,ATHX BERLIN 2026,Germany 🇩🇪,2026,Male,ATHX,MetCon X,,,17:18,,,,,,166
168,Pascal Raddatz & Henning Bär,ATHX MUNICH 2026,Germany 🇩🇪,2026,Male,ATHX,MetCon X,,,17:19,,,,,,168
169,Perry Haki & Ole Petschner,ATHX BERLIN 2026,Germany 🇩🇪,2026,Male,ATHX,MetCon X,,,17:30,,,,,,169
170,Mario Nunes & Raphael Meier,ATHX MUNICH 2026,Germany 🇩🇪,2026,Male,ATHX,MetCon X,,,17:31,,,,,,170
171,Ben Lemberg & Omar Bahgat,ATHX MUNICH 2026,Germany 🇩🇪,2026,Male,ATHX,MetCon X,,,17:33,,,,,,171
172,Sébastien Petit & Cedric LEJARD,ATHX BERLIN 2026,Germany 🇩🇪,2026,Male,ATHX,MetCon X,,,17:34,,,,,,172
173,Luis Schmid & Maximilian Rau,ATHX MUNICH 2026,Germany 🇩🇪,2026,Male,ATHX,MetCon X,,,17:41,,,,,,173
174,Marcel Kuhn & Philipp Kurzendörfer,ATHX MUNICH 2026,Germany 🇩🇪,2026,Male,ATHX,MetCon X,,,17:42,,,,,,174
175,Thorsten Eckert & Carsten List,ATHX MUNICH 2026,Germany 🇩🇪,2026,Male,ATHX,MetCon X,,,17:43,,,,,,175
176,Kamil Burkhanov & Peter Freundel,ATHX BERLIN 2026,Germany 🇩🇪,2026,Male,ATHX,MetCon X,,,17:45,,,,,,176
177,Erik Fengler & Lukas Martens,ATHX MUNICH 2026,Germany 🇩🇪,2026,Male,ATHX,MetCon X,,,17:46,,,,,,177
178,Florian Vielweber & Alexander Hartmann,ATHX MUNICH 2026,Germany 🇩🇪,2026,Male,ATHX,MetCon X,,,17:53,,,,,,178
179,Bernhard Koelbl & Florian Koehler,ATHX BERLIN 2026,Germany 🇩🇪,2026,Male,ATHX,MetCon X,,,18:06,,,,,,179
180,Andreas Fleischhacker & Sebastian Rocher,ATHX MUNICH 2026,Germany 🇩🇪,2026,Male,ATHX,MetCon X,,,18:09,,,,,,180
180,Dirk Heinze & Drew Pronko,ATHX BERLIN 2026,Germany 🇩🇪,2026,Male,ATHX,MetCon X,,,18:09,,,,,,180
182,Ali Ismailov & Emin Fuehrer,ATHX MUNICH 2026,Germany 🇩🇪,2026,Male,ATHX,MetCon X,,,18:12,,,,,,182
183,Philipp Reichenbach & Andreas Bichler,ATHX MUNICH 2026,Germany 🇩🇪,2026,Male,ATHX,MetCon X,,,18:14,,,,,,183
184,Michael Lovric & Giorgos Sylignakis,ATHX MUNICH 2026,Germany 🇩🇪,2026,Male,ATHX,MetCon X,,,18:15,,,,,,184
185,Timm Wagner & Thomas Mauthofer,ATHX MUNICH 2026,Germany 🇩🇪,2026,Male,ATHX,MetCon X,,,18:21,,,,,,185
186,Julian Niedernhuber & Jan Mertens,ATHX MUNICH 2026,Germany 🇩🇪,2026,Male,ATHX,MetCon X,,,18:22,,,,,,186
187,Christian Dornes & Robert Schneider,ATHX MUNICH 2026,Germany 🇩🇪,2026,Male,ATHX,MetCon X,,,18:28,,,,,,187
188,Robert Ettrich & Stefan Zipfel,ATHX BERLIN 2026,Germany 🇩🇪,2026,Male,ATHX,MetCon X,,,18:32,,,,,,188
189,Philipp Fritz & Paul Fischer,ATHX MUNICH 2026,Germany 🇩🇪,2026,Male,ATHX,MetCon X,,,18:35,,,,,,189
190,Daniel Schanz & Marvin Ostrop,ATHX MUNICH 2026,Germany 🇩🇪,2026,Male,ATHX,MetCon X,,,18:37,,,,,,190
191,Oliver Patzelt & Jerome Kubaschek,ATHX BERLIN 2026,Germany 🇩🇪,2026,Male,ATHX,MetCon X,,,18:40,,,,,,191
192,Jean-Maxime Rivière & Diego Estrada,ATHX BERLIN 2026,Germany 🇩🇪,2026,Male,ATHX,MetCon X,,,18:42,,,,,,192
193,Benjamin Wilck & Leonhard Wedel,ATHX BERLIN 2026,Germany 🇩🇪,2026,Male,ATHX,MetCon X,,,18:43,,,,,,193
194,Sebastian Geidel & Lukas Wiesner,ATHX MUNICH 2026,Germany 🇩🇪,2026,Male,ATHX,MetCon X,,,18:45,,,,,,194
195,Martin Schaeffl & Nicolas Schäffl,ATHX MUNICH 2026,Germany 🇩🇪,2026,Male,ATHX,MetCon X,,,18:47,,,,,,195
196,Florian Vielweber & Heiko Hoferer,ATHX BERLIN 2026,Germany 🇩🇪,2026,Male,ATHX,MetCon X,,,18:50,,,,,,196
197,Marco Scardino & Vincenzo Pesce,ATHX BERLIN 2026,Germany 🇩🇪,2026,Male,ATHX,MetCon X,,,18:53,,,,,,197
198,Martin Gruner & Dennis Hypa,ATHX BERLIN 2026,Germany 🇩🇪,2026,Male,ATHX,MetCon X,,,18:54,,,,,,198
199,Stephan Rabsch & Lucas Altmann,ATHX BERLIN 2026,Germany 🇩🇪,2026,Male,ATHX,MetCon X,,,19:00,,,,,,199
200,Sebastian Pemsl & Konstantin Gaull,ATHX MUNICH 2026,Germany 🇩🇪,2026,Male,ATHX,MetCon X,,,19:04,,,,,,200
201,Keith McCrae & Phuc Luu,ATHX BERLIN 2026,Germany 🇩🇪,2026,Male,ATHX,MetCon X,,,19:08,,,,,,201
202,Steven Roese & Markus Riesner-Körner,ATHX BERLIN 2026,Germany 🇩🇪,2026,Male,ATHX,MetCon X,,,19:14,,,,,,202
203,Christoph Diemer & Florian Völz,ATHX MUNICH 2026,Germany 🇩🇪,2026,Male,ATHX,MetCon X,,,19:16,,,,,,203
204,Christian Borka & Hanno Focken,ATHX BERLIN 2026,Germany 🇩🇪,2026,Male,ATHX,MetCon X,,,19:27,,,,,,204
205,Max Doege & Jörn Sattler,ATHX BERLIN 2026,Germany 🇩🇪,2026,Male,ATHX,MetCon X,,,19:30,,,,,,205
206,Jannes Stubbemann & Federico Orlandini,ATHX BERLIN 2026,Germany 🇩🇪,2026,Male,ATHX,MetCon X,,,19:36,,,,,,206
207,Marijo Sucic & rmarohn Team,ATHX BERLIN 2026,Germany 🇩🇪,2026,Male,ATHX,MetCon X,,,19:40,,,,,,207
208,Raimonds Ozolins & Raivis Ozolins,ATHX MUNICH 2026,Germany 🇩🇪,2026,Male,ATHX,MetCon X,,,19:42,,,,,,208
209,Robert Junklewitz & Marc-Philipp Müller,ATHX MUNICH 2026,Germany 🇩🇪,2026,Male,ATHX,MetCon X,,,20:03,,,,,,209
210,Rainer De Lima Knappe & ibrahim Zeghzeghi,ATHX BERLIN 2026,Germany 🇩🇪,2026,Male,ATHX,MetCon X,,,20:12,,,,,,210
211,Adrian Dreßler & David Klein,ATHX MUNICH 2026,Germany 🇩🇪,2026,Male,ATHX,MetCon X,,,20:26,,,,,,211
212,Christopher Weber & Thomas Hauser,ATHX MUNICH 2026,Germany 🇩🇪,2026,Male,ATHX,MetCon X,,,20:27,,,,,,212
213,Patrick Crespo & Zelieus Namirian,ATHX MUNICH 2026,Germany 🇩🇪,2026,Male,ATHX,MetCon X,,,20:30,,,,,,213
214,Oliver Lange & Günther Schmid,ATHX MUNICH 2026,Germany 🇩🇪,2026,Male,ATHX,MetCon X,,,20:33,,,,,,214
215,Alexander Sander & Aaron Hooff,ATHX MUNICH 2026,Germany 🇩🇪,2026,Male,ATHX,MetCon X,,,20:35,,,,,,215
215,Mark Hine & Moritz Winkler,ATHX BERLIN 2026,Germany 🇩🇪,2026,Male,ATHX,MetCon X,,,20:35,,,,,,215
217,Chris Reichert & Markus Robitschko,ATHX MUNICH 2026,Germany 🇩🇪,2026,Male,ATHX,MetCon X,,,20:56,,,,,,217
218,Jonas Woitzyk & Stefan Resch,ATHX MUNICH 2026,Germany 🇩🇪,2026,Male,ATHX,MetCon X,,,21:19,,,,,,218
219,Julian Hensel & Lucas Leiding,ATHX MUNICH 2026,Germany 🇩🇪,2026,Male,ATHX,MetCon X,,,21:29,,,,,,219
220,Stefan Köhn & Jens Rebmann,ATHX MUNICH 2026,Germany 🇩🇪,2026,Male,ATHX,MetCon X,,,21:37,,,,,,220
221,Alexander Schellinger & friedrich morisak,ATHX BERLIN 2026,Germany 🇩🇪,2026,Male,ATHX,MetCon X,,,22:13,,,,,,221
222,Martin Hanson & Daniel Stimpson,ATHX BERLIN 2026,Germany 🇩🇪,2026,Male,ATHX,MetCon X,,,22:53,,,,,,222
223,Jakob Handy & Maximilian schöngen,ATHX BERLIN 2026,Germany 🇩🇪,2026,Male,ATHX,MetCon X,,,23:15,,,,,,223
224,Christian Kuehl & Paul Kühl,ATHX MUNICH 2026,Germany 🇩🇪,2026,Male,ATHX,MetCon X,,,23:33,,,,,,224
225,Christoph Kaemmerer & Benjamin Reiss,ATHX MUNICH 2026,Germany 🇩🇪,2026,Male,ATHX,MetCon X,,,23:39,,,,,,225
226,Maurice Erich & Philipp Rasthofer,ATHX MUNICH 2026,Germany 🇩🇪,2026,Male,ATHX,MetCon X,,,23:52,,,,,,226
227,Erik Larsen & Konrad Larsen,ATHX BERLIN 2026,Germany 🇩🇪,2026,Male,ATHX,MetCon X,,,24:52,,,,,,227
228,Jens Wudick & Marc Wudick,ATHX BERLIN 2026,Germany 🇩🇪,2026,Male,ATHX,MetCon X,,,25:17,,,,,,228
1,Arran Arogundade & Yannick Braun,ATHX BERLIN 2026,Germany 🇩🇪,2026,Male,ATHX,Strength,,,,180KG,380KG,420KG,,,1
2,Tom Grindel & Lukasz Debek,ATHX BERLIN 2026,Germany 🇩🇪,2026,Male,ATHX,Strength,,,,187KG,340KG,412KG,,,2
3,Justus Herrenbrück & Dustin Schliwka,ATHX BERLIN 2026,Germany 🇩🇪,2026,Male,ATHX,Strength,,,,155KG,325KG,448KG,,,3
4,Lars Kortenbach & Jonas Wintergerst,ATHX BERLIN 2026,Germany 🇩🇪,2026,Male,ATHX,Strength,,,,160KG,360KG,400KG,,,4
5,Jona Kozmin & Lorenz Petri,ATHX BERLIN 2026,Germany 🇩🇪,2026,Male,ATHX,Strength,,,,173KG,350KG,390KG,,,5
6,Lucas Kothe & Siraj Mohamed,ATHX MUNICH 2026,Germany 🇩🇪,2026,Male,ATHX,Strength,,,,175KG,360KG,370KG,,,6
7,Raffaele Del piano & Simone Tavarani,ATHX BERLIN 2026,Germany 🇩🇪,2026,Male,ATHX,Strength,,,,180KG,360KG,360KG,,,7
8,Michael Luong & Nam Hoang,ATHX MUNICH 2026,Germany 🇩🇪,2026,Male,ATHX,Strength,,,,165KG,320KG,390KG,,,8
9,Kallum Radley & Connor Coyle,ATHX MUNICH 2026,Germany 🇩🇪,2026,Male,ATHX,Strength,,,,178KG,290KG,385KG,,,9
9,Daniel Hasselmann & Burak Kara,ATHX BERLIN 2026,Germany 🇩🇪,2026,Male,ATHX,Strength,,,,158KG,320KG,375KG,,,9
11,Leon Armoza & Michael Kabus,ATHX MUNICH 2026,Germany 🇩🇪,2026,Male,ATHX,Strength,,,,150KG,330KG,370KG,,,11
12,Gian-Luca Liesch & Ramon Kirchner,ATHX MUNICH 2026,Germany 🇩🇪,2026,Male,ATHX,Strength,,,,153KG,320KG,370KG,,,12
12,Euan MacRury & Euan Duff,ATHX BERLIN 2026,Germany 🇩🇪,2026,Male,ATHX,Strength,,,,128KG,360KG,355KG,,,12
14,Jan Andryszak & Sasha Hinderlich,ATHX BERLIN 2026,Germany 🇩🇪,2026,Male,ATHX,Strength,,,,168KG,330KG,340KG,,,14
14,Simon schmidt & Juri Maier,ATHX BERLIN 2026,Germany 🇩🇪,2026,Male,ATHX,Strength,,,,168KG,320KG,350KG,,,14
16,Maximilian Brandl & Kevin Hoos,ATHX BERLIN 2026,Germany 🇩🇪,2026,Male,ATHX,Strength,,,,149KG,320KG,360KG,,,16
17,Georg Bechtold & Tobias Unger,ATHX MUNICH 2026,Germany 🇩🇪,2026,Male,ATHX,Strength,,,,145KG,320KG,360KG,,,17
18,Jonas Graf & Elin Giancotti,ATHX MUNICH 2026,Germany 🇩🇪,2026,Male,ATHX,Strength,,,,155KG,295KG,372KG,,,18
19,Mateusz Florczak & Adam Dadok,ATHX BERLIN 2026,Germany 🇩🇪,2026,Male,ATHX,Strength,,,,171KG,290KG,360KG,,,19
20,Max Gassner & David Gerlach,ATHX MUNICH 2026,Germany 🇩🇪,2026,Male,ATHX,Strength,,,,154KG,305KG,361KG,,,20
20,Nico Schulze & Erik Walther,ATHX BERLIN 2026,Germany 🇩🇪,2026,Male,ATHX,Strength,,,,165KG,310KG,345KG,,,20
22,Ralf Dettenrieder & Daniel Maucher,ATHX MUNICH 2026,Germany 🇩🇪,2026,Male,ATHX,Strength,,,,170KG,291KG,355KG,,,22
23,Max Steinmaurer & Nils Lauer-Neff,ATHX MUNICH 2026,Germany 🇩🇪,2026,Male,ATHX,Strength,,,,155KG,310KG,350KG,,,23
24,Kristian Czyz & Marek Rok,ATHX BERLIN 2026,Germany 🇩🇪,2026,Male,ATHX,Strength,,,,143KG,287KG,378KG,,,24
25,Felix Michael Müller & Hannes Tüllmann,ATHX BERLIN 2026,Germany 🇩🇪,2026,Male,ATHX,Strength,,,,175KG,280KG,350KG,,,25
26,Omar Baritello & Fadi Joumaa,ATHX BERLIN 2026,Germany 🇩🇪,2026,Male,ATHX,Strength,,,,162KG,280KG,360KG,,,26
27,Brooklyn Lange & Rustem Masgutov,ATHX BERLIN 2026,Germany 🇩🇪,2026,Male,ATHX,Strength,,,,153KG,290KG,355KG,,,27
28,Andreas Stenberg & Martin Dahlman,ATHX BERLIN 2026,Germany 🇩🇪,2026,Male,ATHX,Strength,,,,161KG,275KG,360KG,,,28
29,Fabian Schießl & Martin Prasch,ATHX BERLIN 2026,Germany 🇩🇪,2026,Male,ATHX,Strength,,,,145KG,299KG,345KG,,,29
30,Felix Schier & Luca Hardt,ATHX BERLIN 2026,Germany 🇩🇪,2026,Male,ATHX,Strength,,,,158KG,300KG,330KG,,,30
30,Filip Antoszewski & Sebastian Lary,ATHX BERLIN 2026,Germany 🇩🇪,2026,Male,ATHX,Strength,,,,145KG,291KG,352KG,,,30
32,Sebastian Hecht & Giuliano Barone,ATHX MUNICH 2026,Germany 🇩🇪,2026,Male,ATHX,Strength,,,,152KG,285KG,350KG,,,32
33,Sahin Kovancisoy & Heiko Kandler,ATHX MUNICH 2026,Germany 🇩🇪,2026,Male,ATHX,Strength,,,,163KG,280KG,340KG,,,33
34,Enrico Klein & Daniel Trenz,ATHX MUNICH 2026,Germany 🇩🇪,2026,Male,ATHX,Strength,,,,150KG,280KG,350KG,,,34
34,Michael Bartsch & Philipp Reb,ATHX BERLIN 2026,Germany 🇩🇪,2026,Male,ATHX,Strength,,,,160KG,280KG,340KG,,,34
36,Johannes Müller & Dominik Winghardt,ATHX MUNICH 2026,Germany 🇩🇪,2026,Male,ATHX,Strength,,,,148KG,280KG,350KG,,,36
37,Leo Chiricone & Federico Benedetti,ATHX BERLIN 2026,Germany 🇩🇪,2026,Male,ATHX,Strength,,,,130KG,300KG,340KG,,,37
38,Sebastian Knie & Florian Vogel-Kern,ATHX MUNICH 2026,Germany 🇩🇪,2026,Male,ATHX,Strength,,,,150KG,285KG,330KG,,,38
38,Pascal Schmitt & Benno Wolff,ATHX MUNICH 2026,Germany 🇩🇪,2026,Male,ATHX,Strength,,,,150KG,270KG,345KG,,,38
38,Sebastian Raeck & Sebastian Whitton,ATHX BERLIN 2026,Germany 🇩🇪,2026,Male,ATHX,Strength,,,,155KG,260KG,350KG,,,38
38,Julian Chahal & Tayfun Simsek,ATHX BERLIN 2026,Germany 🇩🇪,2026,Male,ATHX,Strength,,,,155KG,290KG,320KG,,,38
42,Bernd grosse Siemer & Marvin Wolff,ATHX MUNICH 2026,Germany 🇩🇪,2026,Male,ATHX,Strength,,,,150KG,260KG,350KG,,,42
42,Honza Havlena & Tomas Havlena,ATHX MUNICH 2026,Germany 🇩🇪,2026,Male,ATHX,Strength,,,,145KG,280KG,335KG,,,42
42,Adam Kugli & Szabolcs Lukacs,ATHX BERLIN 2026,Germany 🇩🇪,2026,Male,ATHX,Strength,,,,145KG,260KG,355KG,,,42
42,Frank Bauer & Malte Sieger,ATHX BERLIN 2026,Germany 🇩🇪,2026,Male,ATHX,Strength,,,,135KG,255KG,370KG,,,42
46,Julius Levermann & Tim Wallner,ATHX MUNICH 2026,Germany 🇩🇪,2026,Male,ATHX,Strength,,,,155KG,270KG,330KG,,,46
47,Sebastian Fischer & Tim Schiffers,ATHX MUNICH 2026,Germany 🇩🇪,2026,Male,ATHX,Strength,,,,142KG,290KG,320KG,,,47
48,Sebastian Schreiner & Joseph Knabl,ATHX MUNICH 2026,Germany 🇩🇪,2026,Male,ATHX,Strength,,,,156KG,270KG,325KG,,,48
48,Tim Harff & Maximilian Schmitt,ATHX MUNICH 2026,Germany 🇩🇪,2026,Male,ATHX,Strength,,,,169KG,237KG,345KG,,,48
50,Nils Bind & Sven Lang,ATHX BERLIN 2026,Germany 🇩🇪,2026,Male,ATHX,Strength,,,,145KG,250KG,350KG,,,50
51,Daniel Alvarado & Kayode Passos,ATHX BERLIN 2026,Germany 🇩🇪,2026,Male,ATHX,Strength,,,,140KG,275KG,325KG,,,51
52,Tiago Costa & Felisberto Pereira,ATHX MUNICH 2026,Germany 🇩🇪,2026,Male,ATHX,Strength,,,,132KG,275KG,330KG,,,52
52,Christopher Singh & Waldemar Melmann,ATHX MUNICH 2026,Germany 🇩🇪,2026,Male,ATHX,Strength,,,,139KG,270KG,328KG,,,52
54,Martin Hartner & Kilian Jonasch,ATHX MUNICH 2026,Germany 🇩🇪,2026,Male,ATHX,Strength,,,,145KG,240KG,350KG,,,54
54,Kevin Wanka & Jürgen Hellrigl,ATHX MUNICH 2026,Germany 🇩🇪,2026,Male,ATHX,Strength,,,,140KG,270KG,325KG,,,54
56,Christopher Scheurle & Sebastian Lang,ATHX MUNICH 2026,Germany 🇩🇪,2026,Male,ATHX,Strength,,,,136KG,278KG,320KG,,,56
57,Jonas Kapfer & Tim Sablotny,ATHX MUNICH 2026,Germany 🇩🇪,2026,Male,ATHX,Strength,,,,138KG,259KG,336KG,,,57
58,Andreas Burger & Lukas Will,ATHX MUNICH 2026,Germany 🇩🇪,2026,Male,ATHX,Strength,,,,150KG,270KG,310KG,,,58
59,Raphael Kibler & Christoph Wagner,ATHX MUNICH 2026,Germany 🇩🇪,2026,Male,ATHX,Strength,,,,137KG,270KG,320KG,,,59
60,Alexander Selbach & Steven Müller,ATHX MUNICH 2026,Germany 🇩🇪,2026,Male,ATHX,Strength,,,,122KG,284KG,320KG,,,60
61,Robert Hamatdinov & Alexander Rapp,ATHX MUNICH 2026,Germany 🇩🇪,2026,Male,ATHX,Strength,,,,150KG,265KG,310KG,,,61
61,Robert Ettrich & Stefan Zipfel,ATHX BERLIN 2026,Germany 🇩🇪,2026,Male,ATHX,Strength,,,,145KG,240KG,340KG,,,61
61,Finn Crozier & Joel Hill,ATHX BERLIN 2026,Germany 🇩🇪,2026,Male,ATHX,Strength,,,,140KG,265KG,320KG,,,61
64,Eugen Wiens & Erik Olbert,ATHX BERLIN 2026,Germany 🇩🇪,2026,Male,ATHX,Strength,,,,137KG,275KG,310KG,,,64
65,Marco Reinhard & Christoph Brechbühler,ATHX MUNICH 2026,Germany 🇩🇪,2026,Male,ATHX,Strength,,,,153KG,235KG,330KG,,,65
66,Felix Krause & Daniel Heinze,ATHX MUNICH 2026,Germany 🇩🇪,2026,Male,ATHX,Strength,,,,150KG,265KG,300KG,,,66
66,Lars Ulbricht & Christoph Depner,ATHX BERLIN 2026,Germany 🇩🇪,2026,Male,ATHX,Strength,,,,140KG,275KG,300KG,,,66
68,Eric Brockmann & Jason Henkel,ATHX BERLIN 2026,Germany 🇩🇪,2026,Male,ATHX,Strength,,,,130KG,255KG,328KG,,,68
69,Marvin Gedlich & Maxime Pracisnore,ATHX BERLIN 2026,Germany 🇩🇪,2026,Male,ATHX,Strength,,,,130KG,260KG,320KG,,,69
69,Alberto Mesas & Bernardo Mercado Coimbra,ATHX BERLIN 2026,Germany 🇩🇪,2026,Male,ATHX,Strength,,,,130KG,260KG,320KG,,,69
69,Jop Siewe & Bernd grosse Siemer,ATHX BERLIN 2026,Germany 🇩🇪,2026,Male,ATHX,Strength,,,,145KG,250KG,315KG,,,69
69,Max Doege & Jörn Sattler,ATHX BERLIN 2026,Germany 🇩🇪,2026,Male,ATHX,Strength,,,,150KG,280KG,280KG,,,69
73,Adrian Klein & Stefano Grasso,ATHX MUNICH 2026,Germany 🇩🇪,2026,Male,ATHX,Strength,,,,149KG,260KG,300KG,,,73
73,Andreas Kleinberg & Christof Braterschofsky,ATHX MUNICH 2026,Germany 🇩🇪,2026,Male,ATHX,Strength,,,,142KG,262KG,305KG,,,73
73,Martin Gruner & Dennis Hypa,ATHX BERLIN 2026,Germany 🇩🇪,2026,Male,ATHX,Strength,,,,158KG,265KG,286KG,,,73
76,Julian Siller & Mario Hellmuth,ATHX MUNICH 2026,Germany 🇩🇪,2026,Male,ATHX,Strength,,,,128KG,260KG,320KG,,,76
77,Simon Kosiol & Steven Knieriemen,ATHX MUNICH 2026,Germany 🇩🇪,2026,Male,ATHX,Strength,,,,146KG,261KG,300KG,,,77
77,Bruno Alves & Chris Lenton,ATHX BERLIN 2026,Germany 🇩🇪,2026,Male,ATHX,Strength,,,,127KG,260KG,320KG,,,77
79,Daniel Pusin & Niklas Röck,ATHX MUNICH 2026,Germany 🇩🇪,2026,Male,ATHX,Strength,,,,135KG,240KG,330KG,,,79
80,WIlli Kellich & Luis Recinos,ATHX BERLIN 2026,Germany 🇩🇪,2026,Male,ATHX,Strength,,,,118KG,262KG,324KG,,,80
81,Luca Hofmann & Benedikt Meyer-Drabert,ATHX BERLIN 2026,Germany 🇩🇪,2026,Male,ATHX,Strength,,,,142KG,260KG,300KG,,,81
82,Alexander Spießl & Marcus Graz,ATHX MUNICH 2026,Germany 🇩🇪,2026,Male,ATHX,Strength,,,,150KG,270KG,280KG,,,82
83,Christopher Smith & Maher Sellam,ATHX MUNICH 2026,Germany 🇩🇪,2026,Male,ATHX,Strength,,,,129KG,240KG,330KG,,,83
84,Mark Hine & Moritz Winkler,ATHX BERLIN 2026,Germany 🇩🇪,2026,Male,ATHX,Strength,,,,143KG,245KG,310KG,,,84
85,Patrick Loch & Patrick Thurau,ATHX MUNICH 2026,Germany 🇩🇪,2026,Male,ATHX,Strength,,,,137KG,237KG,320KG,,,85
85,Sebastian Brauer & Felix Fischer,ATHX BERLIN 2026,Germany 🇩🇪,2026,Male,ATHX,Strength,,,,139KG,255KG,300KG,,,85
87,Sören Bühler & Rainer Sorg,ATHX MUNICH 2026,Germany 🇩🇪,2026,Male,ATHX,Strength,,,,128KG,250KG,315KG,,,87
88,Oliver Novakov & Marc-André Lehmann,ATHX MUNICH 2026,Germany 🇩🇪,2026,Male,ATHX,Strength,,,,144KG,248KG,300KG,,,88
89,Lars Prager & André Sadra,ATHX BERLIN 2026,Germany 🇩🇪,2026,Male,ATHX,Strength,,,,136KG,250KG,305KG,,,89
90,Fabian Nadig & Philipp Maximilian Nadig,ATHX MUNICH 2026,Germany 🇩🇪,2026,Male,ATHX,Strength,,,,143KG,223KG,324KG,,,90
90,Daniel von der Heydt & Saimir Kortoci,ATHX MUNICH 2026,Germany 🇩🇪,2026,Male,ATHX,Strength,,,,135KG,240KG,315KG,,,90
92,Ronny Kühberger & Florian Pohn,ATHX MUNICH 2026,Germany 🇩🇪,2026,Male,ATHX,Strength,,,,128KG,250KG,310KG,,,92
93,Andreas Fleischhacker & Sebastian Rocher,ATHX MUNICH 2026,Germany 🇩🇪,2026,Male,ATHX,Strength,,,,155KG,260KG,271KG,,,93
94,Ben Lemberg & Omar Bahgat,ATHX MUNICH 2026,Germany 🇩🇪,2026,Male,ATHX,Strength,,,,150KG,235KG,300KG,,,94
94,Lukas Bossert & Gabriel Lichtenstein,ATHX BERLIN 2026,Germany 🇩🇪,2026,Male,ATHX,Strength,,,,135KG,250KG,300KG,,,94
94,Bjarne Rogall & Mischa Schneider,ATHX BERLIN 2026,Germany 🇩🇪,2026,Male,ATHX,Strength,,,,145KG,250KG,290KG,,,94
97,Luis Schmid & Maximilian Rau,ATHX MUNICH 2026,Germany 🇩🇪,2026,Male,ATHX,Strength,,,,144KG,240KG,300KG,,,97
97,Jonathan Cavalier & Adrian Maquieira Cambon,ATHX MUNICH 2026,Germany 🇩🇪,2026,Male,ATHX,Strength,,,,134KG,240KG,310KG,,,97
99,Denis Rduch & Sven Riek,ATHX BERLIN 2026,Germany 🇩🇪,2026,Male,ATHX,Strength,,,,132KG,230KG,320KG,,,99
100,Marcel Kuhn & Philipp Kurzendörfer,ATHX MUNICH 2026,Germany 🇩🇪,2026,Male,ATHX,Strength,,,,125KG,250KG,305KG,,,100
100,sebastian cifuentes & Nick Schuster,ATHX BERLIN 2026,Germany 🇩🇪,2026,Male,ATHX,Strength,,,,130KG,250KG,300KG,,,100
102,Julian Niedernhuber & Jan Mertens,ATHX MUNICH 2026,Germany 🇩🇪,2026,Male,ATHX,Strength,,,,138KG,230KG,310KG,,,102
103,Andreas Wikström & Peter Jonas,ATHX BERLIN 2026,Germany 🇩🇪,2026,Male,ATHX,Strength,,,,130KG,245KG,300KG,,,103
103,Tobias Schuster & Sergio Kaiser,ATHX BERLIN 2026,Germany 🇩🇪,2026,Male,ATHX,Strength,,,,135KG,200KG,340KG,,,103
105,Lucas Bahr & Benjamin Ramml,ATHX MUNICH 2026,Germany 🇩🇪,2026,Male,ATHX,Strength,,,,139KG,255KG,280KG,,,105
106,Sebastian Geidel & Lukas Wiesner,ATHX MUNICH 2026,Germany 🇩🇪,2026,Male,ATHX,Strength,,,,137KG,234KG,302KG,,,106
106,Alexander Hespeler & Adrian Dennochweiler,ATHX MUNICH 2026,Germany 🇩🇪,2026,Male,ATHX,Strength,,,,123KG,250KG,300KG,,,106
106,Paul Gebhard & Christoph Chaloupka,ATHX MUNICH 2026,Germany 🇩🇪,2026,Male,ATHX,Strength,,,,149KG,254KG,270KG,,,106
106,Fabian Bullack & Arne Knüppel,ATHX BERLIN 2026,Germany 🇩🇪,2026,Male,ATHX,Strength,,,,138KG,225KG,310KG,,,106
110,Tobias Stadler & Sebastian Schmidt,ATHX MUNICH 2026,Germany 🇩🇪,2026,Male,ATHX,Strength,,,,130KG,235KG,307KG,,,110
111,Leon Aehlich & Michael Neulinger,ATHX MUNICH 2026,Germany 🇩🇪,2026,Male,ATHX,Strength,,,,120KG,240KG,310KG,,,111
111,Perry Haki & Ole Petschner,ATHX BERLIN 2026,Germany 🇩🇪,2026,Male,ATHX,Strength,,,,140KG,230KG,300KG,,,111
111,Luis Jouve Gutiérrez & Eloy López de Carrión,ATHX BERLIN 2026,Germany 🇩🇪,2026,Male,ATHX,Strength,,,,115KG,245KG,310KG,,,111
111,Thorsten Pfeilschifter & Dischner Korbinian,ATHX BERLIN 2026,Germany 🇩🇪,2026,Male,ATHX,Strength,,,,135KG,260KG,275KG,,,111
115,Joshua Wasem & Gregor Schmidt,ATHX MUNICH 2026,Germany 🇩🇪,2026,Male,ATHX,Strength,,,,120KG,245KG,300KG,,,115
115,Christopher Funk & Lorenz Funk,ATHX BERLIN 2026,Germany 🇩🇪,2026,Male,ATHX,Strength,,,,145KG,220KG,300KG,,,115
115,Philipp Schneider & Philipp Pecher,ATHX BERLIN 2026,Germany 🇩🇪,2026,Male,ATHX,Strength,,,,135KG,230KG,300KG,,,115
118,Florian Vielweber & Alexander Hartmann,ATHX MUNICH 2026,Germany 🇩🇪,2026,Male,ATHX,Strength,,,,133KG,235KG,295KG,,,118
118,Erik Olbert & Aaron Schwegler,ATHX MUNICH 2026,Germany 🇩🇪,2026,Male,ATHX,Strength,,,,123KG,240KG,300KG,,,118
118,Vincent To-Sanguan & Daniel Blank,ATHX BERLIN 2026,Germany 🇩🇪,2026,Male,ATHX,Strength,,,,143KG,220KG,300KG,,,118
121,Michael Lovric & Giorgos Sylignakis,ATHX MUNICH 2026,Germany 🇩🇪,2026,Male,ATHX,Strength,,,,122KG,240KG,300KG,,,121
122,Jeremy Kausel & Nico Bremer,ATHX BERLIN 2026,Germany 🇩🇪,2026,Male,ATHX,Strength,,,,120KG,250KG,290KG,,,122
122,Henry Bauer & Franz Gratz,ATHX BERLIN 2026,Germany 🇩🇪,2026,Male,ATHX,Strength,,,,140KG,240KG,280KG,,,122
122,Benjamin Wilck & Leonhard Wedel,ATHX BERLIN 2026,Germany 🇩🇪,2026,Male,ATHX,Strength,,,,130KG,240KG,290KG,,,122
125,Markus Mollnar & Markus Tiefenbacher,ATHX MUNICH 2026,Germany 🇩🇪,2026,Male,ATHX,Strength,,,,142KG,230KG,287KG,,,125
126,Philipp Fritz & Paul Fischer,ATHX MUNICH 2026,Germany 🇩🇪,2026,Male,ATHX,Strength,,,,123KG,225KG,310KG,,,126
126,Patrick Schmid & Stefan Giglberger,ATHX MUNICH 2026,Germany 🇩🇪,2026,Male,ATHX,Strength,,,,138KG,230KG,290KG,,,126
128,Marten Kiersch & Erik Endelich,ATHX BERLIN 2026,Germany 🇩🇪,2026,Male,ATHX,Strength,,,,123KG,240KG,293KG,,,128
129,Mario Nunes & Raphael Meier,ATHX MUNICH 2026,Germany 🇩🇪,2026,Male,ATHX,Strength,,,,135KG,220KG,300KG,,,129
130,Pit Alexander Klepatz & Bastian Barthel,ATHX BERLIN 2026,Germany 🇩🇪,2026,Male,ATHX,Strength,,,,122KG,250KG,282KG,,,130
131,Henry Kaschel & Dennis Hannemann,ATHX BERLIN 2026,Germany 🇩🇪,2026,Male,ATHX,Strength,,,,128KG,225KG,300KG,,,131
132,sebastian cifuentes & Moritz Braun,ATHX MUNICH 2026,Germany 🇩🇪,2026,Male,ATHX,Strength,,,,137KG,220KG,295KG,,,132
132,Daniel Stegers-Heinen & Niklas Jacobi,ATHX MUNICH 2026,Germany 🇩🇪,2026,Male,ATHX,Strength,,,,117KG,230KG,305KG,,,132
134,Philipp Reichenbach & Andreas Bichler,ATHX MUNICH 2026,Germany 🇩🇪,2026,Male,ATHX,Strength,,,,126KG,240KG,285KG,,,134
135,Christoph Kaemmerer & Benjamin Reiss,ATHX MUNICH 2026,Germany 🇩🇪,2026,Male,ATHX,Strength,,,,140KG,230KG,280KG,,,135
136,Art Claas van der Heide & Kris Sarnes,ATHX MUNICH 2026,Germany 🇩🇪,2026,Male,ATHX,Strength,,,,148KG,235KG,265KG,,,136
137,Dominik Heumann & Christian Oberndorfer,ATHX MUNICH 2026,Germany 🇩🇪,2026,Male,ATHX,Strength,,,,130KG,230KG,287KG,,,137
137,Patrick Anton & Marko Fiege,ATHX MUNICH 2026,Germany 🇩🇪,2026,Male,ATHX,Strength,,,,132KG,245KG,270KG,,,137
139,Sebastian Gick & Simon Mueller,ATHX MUNICH 2026,Germany 🇩🇪,2026,Male,ATHX,Strength,,,,145KG,240KG,260KG,,,139
139,Sebastian Wörlen & Konstantin Rissling,ATHX MUNICH 2026,Germany 🇩🇪,2026,Male,ATHX,Strength,,,,165KG,230KG,250KG,,,139
139,Erik Fengler & Hannes Gey,ATHX BERLIN 2026,Germany 🇩🇪,2026,Male,ATHX,Strength,,,,120KG,250KG,275KG,,,139
142,Simon Mayr & Sebastian Prange,ATHX MUNICH 2026,Germany 🇩🇪,2026,Male,ATHX,Strength,,,,118KG,225KG,300KG,,,142
143,Anton Savitsky & Aliaksandr Kochneu,ATHX BERLIN 2026,Germany 🇩🇪,2026,Male,ATHX,Strength,,,,125KG,235KG,282KG,,,143
144,Luca Zukschwerdt & Paul Böhringer,ATHX MUNICH 2026,Germany 🇩🇪,2026,Male,ATHX,Strength,,,,140KG,240KG,260KG,,,144
144,Sébastien Petit & Cedric LEJARD,ATHX BERLIN 2026,Germany 🇩🇪,2026,Male,ATHX,Strength,,,,120KG,220KG,300KG,,,144
146,Leo Schlecht & David Hofacker,ATHX MUNICH 2026,Germany 🇩🇪,2026,Male,ATHX,Strength,,,,138KG,215KG,285KG,,,146
147,Richard Marcic & Matthias Nyvelt,ATHX MUNICH 2026,Germany 🇩🇪,2026,Male,ATHX,Strength,,,,115KG,237KG,284KG,,,147
148,Alex Markgraf & Max Thoma,ATHX MUNICH 2026,Germany 🇩🇪,2026,Male,ATHX,Strength,,,,122KG,240KG,271KG,,,148
149,Erik Wrage & Anatoli Guschan,ATHX BERLIN 2026,Germany 🇩🇪,2026,Male,ATHX,Strength,,,,127KG,235KG,270KG,,,149
150,Dominik Graf & Tobias Weigt,ATHX MUNICH 2026,Germany 🇩🇪,2026,Male,ATHX,Strength,,,,130KG,220KG,280KG,,,150
150,Leo Marcello Polack & Fritz Theden-Schow,ATHX BERLIN 2026,Germany 🇩🇪,2026,Male,ATHX,Strength,,,,140KG,215KG,275KG,,,150
150,Tom Haufe & Marcel Weise,ATHX BERLIN 2026,Germany 🇩🇪,2026,Male,ATHX,Strength,,,,135KG,220KG,275KG,,,150
153,Daniel Schanz & Marvin Ostrop,ATHX MUNICH 2026,Germany 🇩🇪,2026,Male,ATHX,Strength,,,,118KG,233KG,277KG,,,153
153,Stephan Rabsch & Lucas Altmann,ATHX BERLIN 2026,Germany 🇩🇪,2026,Male,ATHX,Strength,,,,133KG,235KG,260KG,,,153
155,Manuel Jandrijevic & Daniel Leibinger,ATHX MUNICH 2026,Germany 🇩🇪,2026,Male,ATHX,Strength,,,,132KG,225KG,270KG,,,155
156,Sebastian Münzenberger & Patrick Seiffert,ATHX MUNICH 2026,Germany 🇩🇪,2026,Male,ATHX,Strength,,,,122KG,200KG,300KG,,,156
157,Jörg Schröder & Marko Weber-Schönherr,ATHX BERLIN 2026,Germany 🇩🇪,2026,Male,ATHX,Strength,,,,128KG,222KG,270KG,,,157
158,Keith McCrae & Phuc Luu,ATHX BERLIN 2026,Germany 🇩🇪,2026,Male,ATHX,Strength,,,,119KG,270KG,230KG,,,158
159,ROBERTO GALINDO & Dogukan Özer,ATHX MUNICH 2026,Germany 🇩🇪,2026,Male,ATHX,Strength,,,,128KG,230KG,260KG,,,159
159,Thomas Range & Murat Hasan,ATHX BERLIN 2026,Germany 🇩🇪,2026,Male,ATHX,Strength,,,,118KG,210KG,290KG,,,159
161,Florian Eibel & Christian Wölm,ATHX MUNICH 2026,Germany 🇩🇪,2026,Male,ATHX,Strength,,,,121KG,205KG,290KG,,,161
162,Julius Heruth & Lucas Bayer,ATHX MUNICH 2026,Germany 🇩🇪,2026,Male,ATHX,Strength,,,,125KG,210KG,280KG,,,162
163,Ciaran McCabe & Alex Hughes,ATHX MUNICH 2026,Germany 🇩🇪,2026,Male,ATHX,Strength,,,,108KG,245KG,260KG,,,163
163,Johann Helminger & Christoph Esterer,ATHX MUNICH 2026,Germany 🇩🇪,2026,Male,ATHX,Strength,,,,138KG,185KG,290KG,,,163
165,Erik Fengler & Lukas Martens,ATHX MUNICH 2026,Germany 🇩🇪,2026,Male,ATHX,Strength,,,,110KG,210KG,290KG,,,165
165,Robert Steinberg & Jan-Niclas Faasch,ATHX BERLIN 2026,Germany 🇩🇪,2026,Male,ATHX,Strength,,,,140KG,230KG,240KG,,,165
167,Fabian Bank & Sandro Beer,ATHX MUNICH 2026,Germany 🇩🇪,2026,Male,ATHX,Strength,,,,130KG,225KG,254KG,,,167
168,Hendrik Hilzinger & Julian Hipp,ATHX MUNICH 2026,Germany 🇩🇪,2026,Male,ATHX,Strength,,,,128KG,220KG,260KG,,,168
168,Leon Huzeyfe Erdal & sefer ahmet özkan,ATHX BERLIN 2026,Germany 🇩🇪,2026,Male,ATHX,Strength,,,,128KG,210KG,270KG,,,168
170,Kevin Weltzien & Christian Nolde,ATHX BERLIN 2026,Germany 🇩🇪,2026,Male,ATHX,Strength,,,,131KG,215KG,260KG,,,170
171,Steven Roese & Markus Riesner-Körner,ATHX BERLIN 2026,Germany 🇩🇪,2026,Male,ATHX,Strength,,,,140KG,215KG,250KG,,,171
172,Marco Scardino & Vincenzo Pesce,ATHX BERLIN 2026,Germany 🇩🇪,2026,Male,ATHX,Strength,,,,112KG,217KG,275KG,,,172
173,Christoph Diemer & Florian Völz,ATHX MUNICH 2026,Germany 🇩🇪,2026,Male,ATHX,Strength,,,,118KG,215KG,270KG,,,173
174,Ilija Markovic & Florian Schatz,ATHX BERLIN 2026,Germany 🇩🇪,2026,Male,ATHX,Strength,,,,115KG,195KG,290KG,,,174
174,Gianluca Mamone & Dennis Humann,ATHX BERLIN 2026,Germany 🇩🇪,2026,Male,ATHX,Strength,,,,135KG,225KG,240KG,,,174
174,Kamil Burkhanov & Peter Freundel,ATHX BERLIN 2026,Germany 🇩🇪,2026,Male,ATHX,Strength,,,,125KG,215KG,260KG,,,174
177,Felix Gotsch & Till Wintgen,ATHX BERLIN 2026,Germany 🇩🇪,2026,Male,ATHX,Strength,,,,129KG,190KG,280KG,,,177
178,Erik M & Marcel M,ATHX BERLIN 2026,Germany 🇩🇪,2026,Male,ATHX,Strength,,,,136KG,220KG,240KG,,,178
179,Adrian Dreßler & David Klein,ATHX MUNICH 2026,Germany 🇩🇪,2026,Male,ATHX,Strength,,,,103KG,210KG,280KG,,,179
179,Arthur Odenbach & Julian Overmeyer,ATHX MUNICH 2026,Germany 🇩🇪,2026,Male,ATHX,Strength,,,,128KG,200KG,265KG,,,179
181,Simon Rossmann & Manuel Holzmann,ATHX BERLIN 2026,Germany 🇩🇪,2026,Male,ATHX,Strength,,,,116KG,205KG,270KG,,,181
182,Ali Ismailov & Emin Fuehrer,ATHX MUNICH 2026,Germany 🇩🇪,2026,Male,ATHX,Strength,,,,150KG,190KG,250KG,,,182
182,Jean-Maxime Rivière & Diego Estrada,ATHX BERLIN 2026,Germany 🇩🇪,2026,Male,ATHX,Strength,,,,115KG,225KG,250KG,,,182
184,Raimonds Ozolins & Raivis Ozolins,ATHX MUNICH 2026,Germany 🇩🇪,2026,Male,ATHX,Strength,,,,128KG,190KG,270KG,,,184
185,Christian Kuehl & Paul Kühl,ATHX MUNICH 2026,Germany 🇩🇪,2026,Male,ATHX,Strength,,,,136KG,200KG,250KG,,,185
186,louis vogler & Matthias Gonsior,ATHX MUNICH 2026,Germany 🇩🇪,2026,Male,ATHX,Strength,,,,120KG,190KG,275KG,,,186
186,Dom Stroh & Piran Asci,ATHX BERLIN 2026,Germany 🇩🇪,2026,Male,ATHX,Strength,,,,125KG,210KG,250KG,,,186
188,Jannes Stubbemann & Federico Orlandini,ATHX BERLIN 2026,Germany 🇩🇪,2026,Male,ATHX,Strength,,,,127KG,190KG,260KG,,,188
189,Martin Rapierski & Nino Rum,ATHX BERLIN 2026,Germany 🇩🇪,2026,Male,ATHX,Strength,,,,115KG,200KG,260KG,,,189
189,Erik Larsen & Konrad Larsen,ATHX BERLIN 2026,Germany 🇩🇪,2026,Male,ATHX,Strength,,,,125KG,210KG,240KG,,,189
191,Christian Dornes & Robert Schneider,ATHX MUNICH 2026,Germany 🇩🇪,2026,Male,ATHX,Strength,,,,132KG,190KG,250KG,,,191
191,Alexander Schellinger & friedrich morisak,ATHX BERLIN 2026,Germany 🇩🇪,2026,Male,ATHX,Strength,,,,112KG,200KG,260KG,,,191
191,Szymon Sekula & Sam Jobson,ATHX BERLIN 2026,Germany 🇩🇪,2026,Male,ATHX,Strength,,,,112KG,220KG,240KG,,,191
194,Oliver Patzelt & Jerome Kubaschek,ATHX BERLIN 2026,Germany 🇩🇪,2026,Male,ATHX,Strength,,,,119KG,210KG,240KG,,,194
195,Marco Kauschka & Philipp Maurer,ATHX MUNICH 2026,Germany 🇩🇪,2026,Male,ATHX,Strength,,,,125KG,200KG,240KG,,,195
196,Simon Cichos & Nicolas Cichos,ATHX BERLIN 2026,Germany 🇩🇪,2026,Male,ATHX,Strength,,,,113KG,215KG,235KG,,,196
197,Aleksey Toropchin & Gonzalo Duany Conroy,ATHX MUNICH 2026,Germany 🇩🇪,2026,Male,ATHX,Strength,,,,106KG,195KG,260KG,,,197
198,Sebastian Vermaat & Johannes Brenninkmeyer,ATHX MUNICH 2026,Germany 🇩🇪,2026,Male,ATHX,Strength,,,,141KG,195KG,220KG,,,198
198,Jens Nordmeier & Thomas Lau,ATHX BERLIN 2026,Germany 🇩🇪,2026,Male,ATHX,Strength,,,,116KG,200KG,240KG,,,198
200,Chris Reichert & Markus Robitschko,ATHX MUNICH 2026,Germany 🇩🇪,2026,Male,ATHX,Strength,,,,100KG,190KG,265KG,,,200
200,Alexander Sander & Aaron Hooff,ATHX MUNICH 2026,Germany 🇩🇪,2026,Male,ATHX,Strength,,,,105KG,180KG,270KG,,,200
202,Pascal Raddatz & Henning Bär,ATHX MUNICH 2026,Germany 🇩🇪,2026,Male,ATHX,Strength,,,,131KG,180KG,240KG,,,202
203,Sebastian Pemsl & Konstantin Gaull,ATHX MUNICH 2026,Germany 🇩🇪,2026,Male,ATHX,Strength,,,,120KG,180KG,250KG,,,203
203,Julian Hensel & Lucas Leiding,ATHX MUNICH 2026,Germany 🇩🇪,2026,Male,ATHX,Strength,,,,115KG,195KG,240KG,,,203
203,Dirk Heinze & Drew Pronko,ATHX BERLIN 2026,Germany 🇩🇪,2026,Male,ATHX,Strength,,,,120KG,190KG,240KG,,,203
206,Christian Borka & Hanno Focken,ATHX BERLIN 2026,Germany 🇩🇪,2026,Male,ATHX,Strength,,,,132KG,170KG,240KG,,,206
207,Mahmoud Sameh & Ahmed AboHarga,ATHX MUNICH 2026,Germany 🇩🇪,2026,Male,ATHX,Strength,,,,115KG,190KG,235KG,,,207
207,Marijo Sucic & rmarohn Team,ATHX BERLIN 2026,Germany 🇩🇪,2026,Male,ATHX,Strength,,,,130KG,180KG,230KG,,,207
209,Tim Wiedenmann & Leon Hütter,ATHX BERLIN 2026,Germany 🇩🇪,2026,Male,ATHX,Strength,,,,102KG,185KG,250KG,,,209
210,Jonas Woitzyk & Stefan Resch,ATHX MUNICH 2026,Germany 🇩🇪,2026,Male,ATHX,Strength,,,,115KG,185KG,235KG,,,210
210,Maurice Erich & Philipp Rasthofer,ATHX MUNICH 2026,Germany 🇩🇪,2026,Male,ATHX,Strength,,,,120KG,175KG,240KG,,,210
210,Martin Schaeffl & Nicolas Schäffl,ATHX MUNICH 2026,Germany 🇩🇪,2026,Male,ATHX,Strength,,,,120KG,185KG,230KG,,,210
213,Florian Vielweber & Heiko Hoferer,ATHX BERLIN 2026,Germany 🇩🇪,2026,Male,ATHX,Strength,,,,117KG,192KG,220KG,,,213
214,Cornelius Glück & Tassilo Matthes,ATHX MUNICH 2026,Germany 🇩🇪,2026,Male,ATHX,Strength,,,,110KG,185KG,230KG,,,214
215,Robert Junklewitz & Marc-Philipp Müller,ATHX MUNICH 2026,Germany 🇩🇪,2026,Male,ATHX,Strength,,,,112KG,186KG,225KG,,,215
215,Christopher Weber & Thomas Hauser,ATHX MUNICH 2026,Germany 🇩🇪,2026,Male,ATHX,Strength,,,,108KG,190KG,225KG,,,215
217,Rainer De Lima Knappe & ibrahim Zeghzeghi,ATHX BERLIN 2026,Germany 🇩🇪,2026,Male,ATHX,Strength,,,,114KG,178KG,230KG,,,217
218,Jens Wudick & Marc Wudick,ATHX BERLIN 2026,Germany 🇩🇪,2026,Male,ATHX,Strength,,,,100KG,190KG,230KG,,,218
219,Martin Hanson & Daniel Stimpson,ATHX BERLIN 2026,Germany 🇩🇪,2026,Male,ATHX,Strength,,,,112KG,165KG,230KG,,,219
220,Patrick Crespo & Zelieus Namirian,ATHX MUNICH 2026,Germany 🇩🇪,2026,Male,ATHX,Strength,,,,95KG,150KG,260KG,,,220
221,Lennart Peters & Björn Lacambacal,ATHX MUNICH 2026,Germany 🇩🇪,2026,Male,ATHX,Strength,,,,100KG,180KG,220KG,,,221
221,Jakob Handy & Maximilian schöngen,ATHX BERLIN 2026,Germany 🇩🇪,2026,Male,ATHX,Strength,,,,120KG,150KG,230KG,,,221
223,Tim Rösch & Dimitri Kiritschenko,ATHX MUNICH 2026,Germany 🇩🇪,2026,Male,ATHX,Strength,,,,120KG,167KG,210KG,,,223
224,Thorsten Eckert & Carsten List,ATHX MUNICH 2026,Germany 🇩🇪,2026,Male,ATHX,Strength,,,,98KG,170KG,220KG,,,224
225,Stefan Köhn & Jens Rebmann,ATHX MUNICH 2026,Germany 🇩🇪,2026,Male,ATHX,Strength,,,,105KG,185KG,190KG,,,225
226,Timm Wagner & Thomas Mauthofer,ATHX MUNICH 2026,Germany 🇩🇪,2026,Male,ATHX,Strength,,,,110KG,180KG,180KG,,,226
227,Oliver Lange & Günther Schmid,ATHX MUNICH 2026,Germany 🇩🇪,2026,Male,ATHX,Strength,,,,94KG,145KG,185KG,,,227
228,Bernhard Koelbl & Florian Koehler,ATHX BERLIN 2026,Germany 🇩🇪,2026,Male,ATHX,Strength,,,,94KG,140KG,184KG,,,228
1,Manuel Jandrijevic & Daniel Leibinger,ATHX MUNICH 2026,Germany 🇩🇪,2026,Male,ATHX,Endurance,,,,,,,4.773KM,5.982KM,1
2,Justus Herrenbrück & Dustin Schliwka,ATHX BERLIN 2026,Germany 🇩🇪,2026,Male,ATHX,Endurance,,,,,,,4.855KM,5.788KM,2
3,Dom Stroh & Piran Asci,ATHX BERLIN 2026,Germany 🇩🇪,2026,Male,ATHX,Endurance,,,,,,,5.061KM,5.575KM,3
4,Lukas Bossert & Gabriel Lichtenstein,ATHX BERLIN 2026,Germany 🇩🇪,2026,Male,ATHX,Endurance,,,,,,,4.679KM,5.807KM,4
5,Felix Krause & Daniel Heinze,ATHX MUNICH 2026,Germany 🇩🇪,2026,Male,ATHX,Endurance,,,,,,,4.5KM,5.979KM,5
5,Bjarne Rogall & Mischa Schneider,ATHX BERLIN 2026,Germany 🇩🇪,2026,Male,ATHX,Endurance,,,,,,,4.877KM,5.602KM,5
7,Tiago Costa & Felisberto Pereira,ATHX MUNICH 2026,Germany 🇩🇪,2026,Male,ATHX,Endurance,,,,,,,4.704KM,5.722KM,7
8,Marvin Gedlich & Maxime Pracisnore,ATHX BERLIN 2026,Germany 🇩🇪,2026,Male,ATHX,Endurance,,,,,,,4.756KM,5.591KM,8
9,Kevin Weltzien & Christian Nolde,ATHX BERLIN 2026,Germany 🇩🇪,2026,Male,ATHX,Endurance,,,,,,,4.5KM,5.829KM,9
10,Leo Marcello Polack & Fritz Theden-Schow,ATHX BERLIN 2026,Germany 🇩🇪,2026,Male,ATHX,Endurance,,,,,,,4.5KM,5.82KM,10
11,Daniel Pusin & Niklas Röck,ATHX MUNICH 2026,Germany 🇩🇪,2026,Male,ATHX,Endurance,,,,,,,4.43KM,5.747KM,11
12,Marco Kauschka & Philipp Maurer,ATHX MUNICH 2026,Germany 🇩🇪,2026,Male,ATHX,Endurance,,,,,,,4.5KM,5.606KM,12
13,Jeremy Kausel & Nico Bremer,ATHX BERLIN 2026,Germany 🇩🇪,2026,Male,ATHX,Endurance,,,,,,,4.58KM,5.488KM,13
14,Jonas Graf & Elin Giancotti,ATHX MUNICH 2026,Germany 🇩🇪,2026,Male,ATHX,Endurance,,,,,,,4.307KM,5.747KM,14
15,Kallum Radley & Connor Coyle,ATHX MUNICH 2026,Germany 🇩🇪,2026,Male,ATHX,Endurance,,,,,,,4.366KM,5.652KM,15
16,Hendrik Hilzinger & Julian Hipp,ATHX MUNICH 2026,Germany 🇩🇪,2026,Male,ATHX,Endurance,,,,,,,4.343KM,5.633KM,16
17,Kristian Czyz & Marek Rok,ATHX BERLIN 2026,Germany 🇩🇪,2026,Male,ATHX,Endurance,,,,,,,4.302KM,5.653KM,17
18,Robert Steinberg & Jan-Niclas Faasch,ATHX BERLIN 2026,Germany 🇩🇪,2026,Male,ATHX,Endurance,,,,,,,4.204KM,5.73KM,18
19,Henry Kaschel & Dennis Hannemann,ATHX BERLIN 2026,Germany 🇩🇪,2026,Male,ATHX,Endurance,,,,,,,4.068KM,5.823KM,19
20,Christopher Smith & Maher Sellam,ATHX MUNICH 2026,Germany 🇩🇪,2026,Male,ATHX,Endurance,,,,,,,4.26KM,5.606KM,20
21,Simon schmidt & Juri Maier,ATHX BERLIN 2026,Germany 🇩🇪,2026,Male,ATHX,Endurance,,,,,,,4.437KM,5.425KM,21
22,Raffaele Del piano & Simone Tavarani,ATHX BERLIN 2026,Germany 🇩🇪,2026,Male,ATHX,Endurance,,,,,,,4.389KM,5.472KM,22
23,Fabian Bullack & Arne Knüppel,ATHX BERLIN 2026,Germany 🇩🇪,2026,Male,ATHX,Endurance,,,,,,,4.357KM,5.491KM,23
24,Dirk Heinze & Drew Pronko,ATHX BERLIN 2026,Germany 🇩🇪,2026,Male,ATHX,Endurance,,,,,,,4.59KM,5.247KM,24
25,Felix Michael Müller & Hannes Tüllmann,ATHX BERLIN 2026,Germany 🇩🇪,2026,Male,ATHX,Endurance,,,,,,,3.976KM,5.845KM,25
26,Fabian Nadig & Philipp Maximilian Nadig,ATHX MUNICH 2026,Germany 🇩🇪,2026,Male,ATHX,Endurance,,,,,,,4.157KM,5.658KM,26
26,Maximilian Brandl & Kevin Hoos,ATHX BERLIN 2026,Germany 🇩🇪,2026,Male,ATHX,Endurance,,,,,,,3.868KM,5.947KM,26
28,Marco Reinhard & Christoph Brechbühler,ATHX MUNICH 2026,Germany 🇩🇪,2026,Male,ATHX,Endurance,,,,,,,3.904KM,5.897KM,28
29,Sébastien Petit & Cedric LEJARD,ATHX BERLIN 2026,Germany 🇩🇪,2026,Male,ATHX,Endurance,,,,,,,4.364KM,5.418KM,29
30,Felix Gotsch & Till Wintgen,ATHX BERLIN 2026,Germany 🇩🇪,2026,Male,ATHX,Endurance,,,,,,,4.362KM,5.399KM,30
31,Tom Grindel & Lukasz Debek,ATHX BERLIN 2026,Germany 🇩🇪,2026,Male,ATHX,Endurance,,,,,,,4.085KM,5.665KM,31
32,Andreas Stenberg & Martin Dahlman,ATHX BERLIN 2026,Germany 🇩🇪,2026,Male,ATHX,Endurance,,,,,,,4.242KM,5.484KM,32
33,Mateusz Florczak & Adam Dadok,ATHX BERLIN 2026,Germany 🇩🇪,2026,Male,ATHX,Endurance,,,,,,,4.199KM,5.524KM,33
34,Jop Siewe & Bernd grosse Siemer,ATHX BERLIN 2026,Germany 🇩🇪,2026,Male,ATHX,Endurance,,,,,,,4.409KM,5.307KM,34
35,Simon Kosiol & Steven Knieriemen,ATHX MUNICH 2026,Germany 🇩🇪,2026,Male,ATHX,Endurance,,,,,,,3.75KM,5.913KM,35
36,Joshua Wasem & Gregor Schmidt,ATHX MUNICH 2026,Germany 🇩🇪,2026,Male,ATHX,Endurance,,,,,,,4.423KM,5.236KM,36
37,Frank Bauer & Malte Sieger,ATHX BERLIN 2026,Germany 🇩🇪,2026,Male,ATHX,Endurance,,,,,,,4.276KM,5.371KM,37
38,Tim Wiedenmann & Leon Hütter,ATHX BERLIN 2026,Germany 🇩🇪,2026,Male,ATHX,Endurance,,,,,,,4.389KM,5.257KM,38
39,Ilija Markovic & Florian Schatz,ATHX BERLIN 2026,Germany 🇩🇪,2026,Male,ATHX,Endurance,,,,,,,4.477KM,5.167KM,39
40,Simon Cichos & Nicolas Cichos,ATHX BERLIN 2026,Germany 🇩🇪,2026,Male,ATHX,Endurance,,,,,,,4.25KM,5.369KM,40
41,Bernd grosse Siemer & Marvin Wolff,ATHX MUNICH 2026,Germany 🇩🇪,2026,Male,ATHX,Endurance,,,,,,,4.067KM,5.544KM,41
42,Martin Hartner & Kilian Jonasch,ATHX MUNICH 2026,Germany 🇩🇪,2026,Male,ATHX,Endurance,,,,,,,3.846KM,5.757KM,42
43,Lars Kortenbach & Jonas Wintergerst,ATHX BERLIN 2026,Germany 🇩🇪,2026,Male,ATHX,Endurance,,,,,,,4.082KM,5.499KM,43
44,Jean-Maxime Rivière & Diego Estrada,ATHX BERLIN 2026,Germany 🇩🇪,2026,Male,ATHX,Endurance,,,,,,,4.111KM,5.453KM,44
45,Enrico Klein & Daniel Trenz,ATHX MUNICH 2026,Germany 🇩🇪,2026,Male,ATHX,Endurance,,,,,,,3.75KM,5.808KM,45
46,Finn Crozier & Joel Hill,ATHX BERLIN 2026,Germany 🇩🇪,2026,Male,ATHX,Endurance,,,,,,,4.161KM,5.383KM,46
47,Henry Bauer & Franz Gratz,ATHX BERLIN 2026,Germany 🇩🇪,2026,Male,ATHX,Endurance,,,,,,,4.469KM,5.069KM,47
48,Sebastian Knie & Florian Vogel-Kern,ATHX MUNICH 2026,Germany 🇩🇪,2026,Male,ATHX,Endurance,,,,,,,4.047KM,5.488KM,48
49,Gian-Luca Liesch & Ramon Kirchner,ATHX MUNICH 2026,Germany 🇩🇪,2026,Male,ATHX,Endurance,,,,,,,3.896KM,5.636KM,49
50,Leo Chiricone & Federico Benedetti,ATHX BERLIN 2026,Germany 🇩🇪,2026,Male,ATHX,Endurance,,,,,,,4.233KM,5.296KM,50
51,Jona Kozmin & Lorenz Petri,ATHX BERLIN 2026,Germany 🇩🇪,2026,Male,ATHX,Endurance,,,,,,,3.877KM,5.631KM,51
52,louis vogler & Matthias Gonsior,ATHX MUNICH 2026,Germany 🇩🇪,2026,Male,ATHX,Endurance,,,,,,,4.047KM,5.455KM,52
53,Patrick Loch & Patrick Thurau,ATHX MUNICH 2026,Germany 🇩🇪,2026,Male,ATHX,Endurance,,,,,,,4.009KM,5.491KM,53
54,Simon Mayr & Sebastian Prange,ATHX MUNICH 2026,Germany 🇩🇪,2026,Male,ATHX,Endurance,,,,,,,3.838KM,5.656KM,54
55,Jonas Kapfer & Tim Sablotny,ATHX MUNICH 2026,Germany 🇩🇪,2026,Male,ATHX,Endurance,,,,,,,3.75KM,5.734KM,55
56,Tobias Schuster & Sergio Kaiser,ATHX BERLIN 2026,Germany 🇩🇪,2026,Male,ATHX,Endurance,,,,,,,4.102KM,5.37KM,56
57,Max Gassner & David Gerlach,ATHX MUNICH 2026,Germany 🇩🇪,2026,Male,ATHX,Endurance,,,,,,,3.883KM,5.586KM,57
58,Christopher Scheurle & Sebastian Lang,ATHX MUNICH 2026,Germany 🇩🇪,2026,Male,ATHX,Endurance,,,,,,,3.75KM,5.718KM,58
59,Eric Brockmann & Jason Henkel,ATHX BERLIN 2026,Germany 🇩🇪,2026,Male,ATHX,Endurance,,,,,,,3.877KM,5.578KM,59
60,sebastian cifuentes & Nick Schuster,ATHX BERLIN 2026,Germany 🇩🇪,2026,Male,ATHX,Endurance,,,,,,,4.353KM,5.097KM,60
61,Tim Harff & Maximilian Schmitt,ATHX MUNICH 2026,Germany 🇩🇪,2026,Male,ATHX,Endurance,,,,,,,4.275KM,5.166KM,61
62,Sahin Kovancisoy & Heiko Kandler,ATHX MUNICH 2026,Germany 🇩🇪,2026,Male,ATHX,Endurance,,,,,,,3.75KM,5.675KM,62
62,Brooklyn Lange & Rustem Masgutov,ATHX BERLIN 2026,Germany 🇩🇪,2026,Male,ATHX,Endurance,,,,,,,3.946KM,5.479KM,62
64,Kamil Burkhanov & Peter Freundel,ATHX BERLIN 2026,Germany 🇩🇪,2026,Male,ATHX,Endurance,,,,,,,4.183KM,5.24KM,64
65,Luca Hofmann & Benedikt Meyer-Drabert,ATHX BERLIN 2026,Germany 🇩🇪,2026,Male,ATHX,Endurance,,,,,,,3.821KM,5.581KM,65
66,Andreas Wikström & Peter Jonas,ATHX BERLIN 2026,Germany 🇩🇪,2026,Male,ATHX,Endurance,,,,,,,4.097KM,5.3KM,66
67,Mahmoud Sameh & Ahmed AboHarga,ATHX MUNICH 2026,Germany 🇩🇪,2026,Male,ATHX,Endurance,,,,,,,3.859KM,5.536KM,67
68,Leon Huzeyfe Erdal & sefer ahmet özkan,ATHX BERLIN 2026,Germany 🇩🇪,2026,Male,ATHX,Endurance,,,,,,,3.8KM,5.59KM,68
69,Jens Nordmeier & Thomas Lau,ATHX BERLIN 2026,Germany 🇩🇪,2026,Male,ATHX,Endurance,,,,,,,4.065KM,5.316KM,69
70,Johannes Müller & Dominik Winghardt,ATHX MUNICH 2026,Germany 🇩🇪,2026,Male,ATHX,Endurance,,,,,,,3.75KM,5.628KM,70
71,Daniel Alvarado & Kayode Passos,ATHX BERLIN 2026,Germany 🇩🇪,2026,Male,ATHX,Endurance,,,,,,,4.481KM,4.893KM,71
72,Georg Bechtold & Tobias Unger,ATHX MUNICH 2026,Germany 🇩🇪,2026,Male,ATHX,Endurance,,,,,,,3.639KM,5.73KM,72
73,Thomas Range & Murat Hasan,ATHX BERLIN 2026,Germany 🇩🇪,2026,Male,ATHX,Endurance,,,,,,,3.863KM,5.501KM,73
74,Sebastian Raeck & Sebastian Whitton,ATHX BERLIN 2026,Germany 🇩🇪,2026,Male,ATHX,Endurance,,,,,,,3.968KM,5.383KM,74
75,Omar Baritello & Fadi Joumaa,ATHX BERLIN 2026,Germany 🇩🇪,2026,Male,ATHX,Endurance,,,,,,,3.75KM,5.589KM,75
76,Daniel Hasselmann & Burak Kara,ATHX BERLIN 2026,Germany 🇩🇪,2026,Male,ATHX,Endurance,,,,,,,3.689KM,5.649KM,76
77,Filip Antoszewski & Sebastian Lary,ATHX BERLIN 2026,Germany 🇩🇪,2026,Male,ATHX,Endurance,,,,,,,3.904KM,5.428KM,77
78,Thorsten Pfeilschifter & Dischner Korbinian,ATHX BERLIN 2026,Germany 🇩🇪,2026,Male,ATHX,Endurance,,,,,,,3.669KM,5.651KM,78
79,Max Steinmaurer & Nils Lauer-Neff,ATHX MUNICH 2026,Germany 🇩🇪,2026,Male,ATHX,Endurance,,,,,,,3.75KM,5.565KM,79
80,Leon Aehlich & Michael Neulinger,ATHX MUNICH 2026,Germany 🇩🇪,2026,Male,ATHX,Endurance,,,,,,,3.934KM,5.378KM,80
81,Sebastian Hecht & Giuliano Barone,ATHX MUNICH 2026,Germany 🇩🇪,2026,Male,ATHX,Endurance,,,,,,,3.75KM,5.557KM,81
82,Marten Kiersch & Erik Endelich,ATHX BERLIN 2026,Germany 🇩🇪,2026,Male,ATHX,Endurance,,,,,,,3.838KM,5.467KM,82
82,Anton Savitsky & Aliaksandr Kochneu,ATHX BERLIN 2026,Germany 🇩🇪,2026,Male,ATHX,Endurance,,,,,,,3.95KM,5.355KM,82
84,Julian Chahal & Tayfun Simsek,ATHX BERLIN 2026,Germany 🇩🇪,2026,Male,ATHX,Endurance,,,,,,,4.337KM,4.96KM,84
85,Tim Rösch & Dimitri Kiritschenko,ATHX MUNICH 2026,Germany 🇩🇪,2026,Male,ATHX,Endurance,,,,,,,3.75KM,5.53KM,85
86,Bernhard Koelbl & Florian Koehler,ATHX BERLIN 2026,Germany 🇩🇪,2026,Male,ATHX,Endurance,,,,,,,4.357KM,4.92KM,86
87,Sebastian Brauer & Felix Fischer,ATHX BERLIN 2026,Germany 🇩🇪,2026,Male,ATHX,Endurance,,,,,,,3.636KM,5.637KM,87
88,Eugen Wiens & Erik Olbert,ATHX BERLIN 2026,Germany 🇩🇪,2026,Male,ATHX,Endurance,,,,,,,3.87KM,5.399KM,88
89,Philipp Schneider & Philipp Pecher,ATHX BERLIN 2026,Germany 🇩🇪,2026,Male,ATHX,Endurance,,,,,,,3.686KM,5.569KM,89
90,Lars Ulbricht & Christoph Depner,ATHX BERLIN 2026,Germany 🇩🇪,2026,Male,ATHX,Endurance,,,,,,,4.062KM,5.188KM,90
91,Arthur Odenbach & Julian Overmeyer,ATHX MUNICH 2026,Germany 🇩🇪,2026,Male,ATHX,Endurance,,,,,,,3.75KM,5.481KM,91
92,Pascal Raddatz & Henning Bär,ATHX MUNICH 2026,Germany 🇩🇪,2026,Male,ATHX,Endurance,,,,,,,3.75KM,5.48KM,92
92,Johann Helminger & Christoph Esterer,ATHX MUNICH 2026,Germany 🇩🇪,2026,Male,ATHX,Endurance,,,,,,,3.785KM,5.445KM,92
94,Ronny Kühberger & Florian Pohn,ATHX MUNICH 2026,Germany 🇩🇪,2026,Male,ATHX,Endurance,,,,,,,3.631KM,5.595KM,94
95,Robert Hamatdinov & Alexander Rapp,ATHX MUNICH 2026,Germany 🇩🇪,2026,Male,ATHX,Endurance,,,,,,,3.75KM,5.471KM,95
96,Leo Schlecht & David Hofacker,ATHX MUNICH 2026,Germany 🇩🇪,2026,Male,ATHX,Endurance,,,,,,,3.867KM,5.353KM,96
97,Erik Olbert & Aaron Schwegler,ATHX MUNICH 2026,Germany 🇩🇪,2026,Male,ATHX,Endurance,,,,,,,3.635KM,5.581KM,97
98,Alex Markgraf & Max Thoma,ATHX MUNICH 2026,Germany 🇩🇪,2026,Male,ATHX,Endurance,,,,,,,3.941KM,5.267KM,98
98,Fabian Schießl & Martin Prasch,ATHX BERLIN 2026,Germany 🇩🇪,2026,Male,ATHX,Endurance,,,,,,,3.75KM,5.458KM,98
100,Szymon Sekula & Sam Jobson,ATHX BERLIN 2026,Germany 🇩🇪,2026,Male,ATHX,Endurance,,,,,,,3.832KM,5.354KM,100
101,Tobias Stadler & Sebastian Schmidt,ATHX MUNICH 2026,Germany 🇩🇪,2026,Male,ATHX,Endurance,,,,,,,3.814KM,5.369KM,101
102,Jonathan Cavalier & Adrian Maquieira Cambon,ATHX MUNICH 2026,Germany 🇩🇪,2026,Male,ATHX,Endurance,,,,,,,3.819KM,5.35KM,102
103,Luca Zukschwerdt & Paul Böhringer,ATHX MUNICH 2026,Germany 🇩🇪,2026,Male,ATHX,Endurance,,,,,,,3.905KM,5.263KM,103
104,sebastian cifuentes & Moritz Braun,ATHX MUNICH 2026,Germany 🇩🇪,2026,Male,ATHX,Endurance,,,,,,,3.75KM,5.416KM,104
105,Christopher Singh & Waldemar Melmann,ATHX MUNICH 2026,Germany 🇩🇪,2026,Male,ATHX,Endurance,,,,,,,3.726KM,5.437KM,105
106,Cornelius Glück & Tassilo Matthes,ATHX MUNICH 2026,Germany 🇩🇪,2026,Male,ATHX,Endurance,,,,,,,3.75KM,5.405KM,106
107,Ralf Dettenrieder & Daniel Maucher,ATHX MUNICH 2026,Germany 🇩🇪,2026,Male,ATHX,Endurance,,,,,,,3.566KM,5.588KM,107
108,Julius Heruth & Lucas Bayer,ATHX MUNICH 2026,Germany 🇩🇪,2026,Male,ATHX,Endurance,,,,,,,3.75KM,5.403KM,108
109,Dominik Heumann & Christian Oberndorfer,ATHX MUNICH 2026,Germany 🇩🇪,2026,Male,ATHX,Endurance,,,,,,,3.847KM,5.305KM,109
109,Honza Havlena & Tomas Havlena,ATHX MUNICH 2026,Germany 🇩🇪,2026,Male,ATHX,Endurance,,,,,,,3.703KM,5.449KM,109
111,Erik M & Marcel M,ATHX BERLIN 2026,Germany 🇩🇪,2026,Male,ATHX,Endurance,,,,,,,3.853KM,5.298KM,111
112,Adrian Klein & Stefano Grasso,ATHX MUNICH 2026,Germany 🇩🇪,2026,Male,ATHX,Endurance,,,,,,,3.61KM,5.536KM,112
112,Pit Alexander Klepatz & Bastian Barthel,ATHX BERLIN 2026,Germany 🇩🇪,2026,Male,ATHX,Endurance,,,,,,,3.68KM,5.466KM,112
114,Bruno Alves & Chris Lenton,ATHX BERLIN 2026,Germany 🇩🇪,2026,Male,ATHX,Endurance,,,,,,,3.75KM,5.393KM,114
115,Denis Rduch & Sven Riek,ATHX BERLIN 2026,Germany 🇩🇪,2026,Male,ATHX,Endurance,,,,,,,3.854KM,5.284KM,115
116,Simon Rossmann & Manuel Holzmann,ATHX BERLIN 2026,Germany 🇩🇪,2026,Male,ATHX,Endurance,,,,,,,3.838KM,5.296KM,116
117,Nils Bind & Sven Lang,ATHX BERLIN 2026,Germany 🇩🇪,2026,Male,ATHX,Endurance,,,,,,,3.754KM,5.377KM,117
118,Martin Rapierski & Nino Rum,ATHX BERLIN 2026,Germany 🇩🇪,2026,Male,ATHX,Endurance,,,,,,,3.776KM,5.338KM,118
118,Tom Haufe & Marcel Weise,ATHX BERLIN 2026,Germany 🇩🇪,2026,Male,ATHX,Endurance,,,,,,,3.75KM,5.364KM,118
120,Ciaran McCabe & Alex Hughes,ATHX MUNICH 2026,Germany 🇩🇪,2026,Male,ATHX,Endurance,,,,,,,3.876KM,5.227KM,120
121,Felix Schier & Luca Hardt,ATHX BERLIN 2026,Germany 🇩🇪,2026,Male,ATHX,Endurance,,,,,,,3.79KM,5.311KM,121
122,Patrick Anton & Marko Fiege,ATHX MUNICH 2026,Germany 🇩🇪,2026,Male,ATHX,Endurance,,,,,,,3.75KM,5.337KM,122
123,Sebastian Schreiner & Joseph Knabl,ATHX MUNICH 2026,Germany 🇩🇪,2026,Male,ATHX,Endurance,,,,,,,3.552KM,5.526KM,123
124,Michael Luong & Nam Hoang,ATHX MUNICH 2026,Germany 🇩🇪,2026,Male,ATHX,Endurance,,,,,,,3.75KM,5.324KM,124
125,Michael Bartsch & Philipp Reb,ATHX BERLIN 2026,Germany 🇩🇪,2026,Male,ATHX,Endurance,,,,,,,3.714KM,5.304KM,125
126,Kevin Wanka & Jürgen Hellrigl,ATHX MUNICH 2026,Germany 🇩🇪,2026,Male,ATHX,Endurance,,,,,,,3.564KM,5.448KM,126
127,Dominik Graf & Tobias Weigt,ATHX MUNICH 2026,Germany 🇩🇪,2026,Male,ATHX,Endurance,,,,,,,3.506KM,5.505KM,127
128,Sebastian Fischer & Tim Schiffers,ATHX MUNICH 2026,Germany 🇩🇪,2026,Male,ATHX,Endurance,,,,,,,3.396KM,5.61KM,128
129,Perry Haki & Ole Petschner,ATHX BERLIN 2026,Germany 🇩🇪,2026,Male,ATHX,Endurance,,,,,,,4.133KM,4.865KM,129
130,Fabian Bank & Sandro Beer,ATHX MUNICH 2026,Germany 🇩🇪,2026,Male,ATHX,Endurance,,,,,,,3.75KM,5.238KM,130
131,Alexander Sander & Aaron Hooff,ATHX MUNICH 2026,Germany 🇩🇪,2026,Male,ATHX,Endurance,,,,,,,3.75KM,5.222KM,131
132,Marco Scardino & Vincenzo Pesce,ATHX BERLIN 2026,Germany 🇩🇪,2026,Male,ATHX,Endurance,,,,,,,3.657KM,5.314KM,132
133,Leon Armoza & Michael Kabus,ATHX MUNICH 2026,Germany 🇩🇪,2026,Male,ATHX,Endurance,,,,,,,3.5KM,5.467KM,133
134,Raphael Kibler & Christoph Wagner,ATHX MUNICH 2026,Germany 🇩🇪,2026,Male,ATHX,Endurance,,,,,,,3.331KM,5.623KM,134
135,Sebastian Vermaat & Johannes Brenninkmeyer,ATHX MUNICH 2026,Germany 🇩🇪,2026,Male,ATHX,Endurance,,,,,,,3.531KM,5.411KM,135
136,Art Claas van der Heide & Kris Sarnes,ATHX MUNICH 2026,Germany 🇩🇪,2026,Male,ATHX,Endurance,,,,,,,3.517KM,5.424KM,136
137,Julius Levermann & Tim Wallner,ATHX MUNICH 2026,Germany 🇩🇪,2026,Male,ATHX,Endurance,,,,,,,3.521KM,5.419KM,137
138,Christopher Funk & Lorenz Funk,ATHX BERLIN 2026,Germany 🇩🇪,2026,Male,ATHX,Endurance,,,,,,,3.945KM,4.986KM,138
139,Lennart Peters & Björn Lacambacal,ATHX MUNICH 2026,Germany 🇩🇪,2026,Male,ATHX,Endurance,,,,,,,3.76KM,5.156KM,139
139,Sebastian Münzenberger & Patrick Seiffert,ATHX MUNICH 2026,Germany 🇩🇪,2026,Male,ATHX,Endurance,,,,,,,3.472KM,5.444KM,139
139,Timm Wagner & Thomas Mauthofer,ATHX MUNICH 2026,Germany 🇩🇪,2026,Male,ATHX,Endurance,,,,,,,3.919KM,4.997KM,139
142,Adam Kugli & Szabolcs Lukacs,ATHX BERLIN 2026,Germany 🇩🇪,2026,Male,ATHX,Endurance,,,,,,,3.544KM,5.371KM,142
143,Paul Gebhard & Christoph Chaloupka,ATHX MUNICH 2026,Germany 🇩🇪,2026,Male,ATHX,Endurance,,,,,,,3.513KM,5.388KM,143
144,Raimonds Ozolins & Raivis Ozolins,ATHX MUNICH 2026,Germany 🇩🇪,2026,Male,ATHX,Endurance,,,,,,,3.557KM,5.34KM,144
145,Nico Schulze & Erik Walther,ATHX BERLIN 2026,Germany 🇩🇪,2026,Male,ATHX,Endurance,,,,,,,3.77KM,5.121KM,145
146,Euan MacRury & Euan Duff,ATHX BERLIN 2026,Germany 🇩🇪,2026,Male,ATHX,Endurance,,,,,,,3.762KM,5.126KM,146
147,Markus Mollnar & Markus Tiefenbacher,ATHX MUNICH 2026,Germany 🇩🇪,2026,Male,ATHX,Endurance,,,,,,,3.499KM,5.38KM,147
148,Alexander Selbach & Steven Müller,ATHX MUNICH 2026,Germany 🇩🇪,2026,Male,ATHX,Endurance,,,,,,,3.75KM,5.126KM,148
149,Lars Prager & André Sadra,ATHX BERLIN 2026,Germany 🇩🇪,2026,Male,ATHX,Endurance,,,,,,,3.75KM,5.123KM,149
150,Oliver Lange & Günther Schmid,ATHX MUNICH 2026,Germany 🇩🇪,2026,Male,ATHX,Endurance,,,,,,,3.548KM,5.318KM,150
151,Sören Bühler & Rainer Sorg,ATHX MUNICH 2026,Germany 🇩🇪,2026,Male,ATHX,Endurance,,,,,,,3.389KM,5.474KM,151
152,Maurice Erich & Philipp Rasthofer,ATHX MUNICH 2026,Germany 🇩🇪,2026,Male,ATHX,Endurance,,,,,,,3.75KM,5.097KM,152
153,Christian Dornes & Robert Schneider,ATHX MUNICH 2026,Germany 🇩🇪,2026,Male,ATHX,Endurance,,,,,,,3.665KM,5.181KM,153
154,Daniel Stegers-Heinen & Niklas Jacobi,ATHX MUNICH 2026,Germany 🇩🇪,2026,Male,ATHX,Endurance,,,,,,,3.75KM,5.087KM,154
155,Vincent To-Sanguan & Daniel Blank,ATHX BERLIN 2026,Germany 🇩🇪,2026,Male,ATHX,Endurance,,,,,,,3.168KM,5.666KM,155
156,Richard Marcic & Matthias Nyvelt,ATHX MUNICH 2026,Germany 🇩🇪,2026,Male,ATHX,Endurance,,,,,,,3.543KM,5.284KM,156
157,Patrick Schmid & Stefan Giglberger,ATHX MUNICH 2026,Germany 🇩🇪,2026,Male,ATHX,Endurance,,,,,,,3.566KM,5.26KM,157
157,Robert Ettrich & Stefan Zipfel,ATHX BERLIN 2026,Germany 🇩🇪,2026,Male,ATHX,Endurance,,,,,,,3.573KM,5.253KM,157
159,Ali Ismailov & Emin Fuehrer,ATHX MUNICH 2026,Germany 🇩🇪,2026,Male,ATHX,Endurance,,,,,,,3.549KM,5.274KM,159
160,WIlli Kellich & Luis Recinos,ATHX BERLIN 2026,Germany 🇩🇪,2026,Male,ATHX,Endurance,,,,,,,3.511KM,5.311KM,160
161,Martin Schaeffl & Nicolas Schäffl,ATHX MUNICH 2026,Germany 🇩🇪,2026,Male,ATHX,Endurance,,,,,,,3.854KM,4.961KM,161
162,Sebastian Wörlen & Konstantin Rissling,ATHX MUNICH 2026,Germany 🇩🇪,2026,Male,ATHX,Endurance,,,,,,,3.54KM,5.269KM,162
162,Patrick Crespo & Zelieus Namirian,ATHX MUNICH 2026,Germany 🇩🇪,2026,Male,ATHX,Endurance,,,,,,,4.193KM,4.616KM,162
164,Jan Andryszak & Sasha Hinderlich,ATHX BERLIN 2026,Germany 🇩🇪,2026,Male,ATHX,Endurance,,,,,,,3.618KM,5.19KM,164
165,Andreas Kleinberg & Christof Braterschofsky,ATHX MUNICH 2026,Germany 🇩🇪,2026,Male,ATHX,Endurance,,,,,,,3.531KM,5.264KM,165
166,Aleksey Toropchin & Gonzalo Duany Conroy,ATHX MUNICH 2026,Germany 🇩🇪,2026,Male,ATHX,Endurance,,,,,,,3.761KM,5.019KM,166
167,Florian Eibel & Christian Wölm,ATHX MUNICH 2026,Germany 🇩🇪,2026,Male,ATHX,Endurance,,,,,,,3.65KM,5.126KM,167
168,Andreas Burger & Lukas Will,ATHX MUNICH 2026,Germany 🇩🇪,2026,Male,ATHX,Endurance,,,,,,,3.25KM,5.516KM,168
169,Alexander Hespeler & Adrian Dennochweiler,ATHX MUNICH 2026,Germany 🇩🇪,2026,Male,ATHX,Endurance,,,,,,,3.75KM,5.015KM,169
170,Daniel von der Heydt & Saimir Kortoci,ATHX MUNICH 2026,Germany 🇩🇪,2026,Male,ATHX,Endurance,,,,,,,3.618KM,5.138KM,170
171,Alexander Spießl & Marcus Graz,ATHX MUNICH 2026,Germany 🇩🇪,2026,Male,ATHX,Endurance,,,,,,,3.377KM,5.369KM,171
172,Erik Wrage & Anatoli Guschan,ATHX BERLIN 2026,Germany 🇩🇪,2026,Male,ATHX,Endurance,,,,,,,3.454KM,5.278KM,172
173,Oliver Novakov & Marc-André Lehmann,ATHX MUNICH 2026,Germany 🇩🇪,2026,Male,ATHX,Endurance,,,,,,,3.527KM,5.203KM,173
174,Jannes Stubbemann & Federico Orlandini,ATHX BERLIN 2026,Germany 🇩🇪,2026,Male,ATHX,Endurance,,,,,,,3.663KM,5.021KM,174
175,Jakob Handy & Maximilian schöngen,ATHX BERLIN 2026,Germany 🇩🇪,2026,Male,ATHX,Endurance,,,,,,,3.653KM,5.03KM,175
176,Steven Roese & Markus Riesner-Körner,ATHX BERLIN 2026,Germany 🇩🇪,2026,Male,ATHX,Endurance,,,,,,,3.75KM,4.928KM,176
177,Marijo Sucic & rmarohn Team,ATHX BERLIN 2026,Germany 🇩🇪,2026,Male,ATHX,Endurance,,,,,,,3.665KM,5.011KM,177
178,Andreas Fleischhacker & Sebastian Rocher,ATHX MUNICH 2026,Germany 🇩🇪,2026,Male,ATHX,Endurance,,,,,,,3.75KM,4.92KM,178
179,Florian Vielweber & Heiko Hoferer,ATHX BERLIN 2026,Germany 🇩🇪,2026,Male,ATHX,Endurance,,,,,,,3.468KM,5.198KM,179
180,Erik Fengler & Hannes Gey,ATHX BERLIN 2026,Germany 🇩🇪,2026,Male,ATHX,Endurance,,,,,,,3.524KM,5.128KM,180
181,Chris Reichert & Markus Robitschko,ATHX MUNICH 2026,Germany 🇩🇪,2026,Male,ATHX,Endurance,,,,,,,3.549KM,5.102KM,181
182,Sebastian Gick & Simon Mueller,ATHX MUNICH 2026,Germany 🇩🇪,2026,Male,ATHX,Endurance,,,,,,,3.266KM,5.378KM,182
183,Pascal Schmitt & Benno Wolff,ATHX MUNICH 2026,Germany 🇩🇪,2026,Male,ATHX,Endurance,,,,,,,3.264KM,5.36KM,183
184,Robert Junklewitz & Marc-Philipp Müller,ATHX MUNICH 2026,Germany 🇩🇪,2026,Male,ATHX,Endurance,,,,,,,3.649KM,4.974KM,184
185,Benjamin Wilck & Leonhard Wedel,ATHX BERLIN 2026,Germany 🇩🇪,2026,Male,ATHX,Endurance,,,,,,,3.48KM,5.139KM,185
185,Stephan Rabsch & Lucas Altmann,ATHX BERLIN 2026,Germany 🇩🇪,2026,Male,ATHX,Endurance,,,,,,,3.64KM,4.979KM,185
187,Lucas Kothe & Siraj Mohamed,ATHX MUNICH 2026,Germany 🇩🇪,2026,Male,ATHX,Endurance,,,,,,,3.75KM,4.864KM,187
188,Julian Niedernhuber & Jan Mertens,ATHX MUNICH 2026,Germany 🇩🇪,2026,Male,ATHX,Endurance,,,,,,,3.541KM,5.071KM,188
189,Luis Schmid & Maximilian Rau,ATHX MUNICH 2026,Germany 🇩🇪,2026,Male,ATHX,Endurance,,,,,,,3.377KM,5.226KM,189
190,Julian Siller & Mario Hellmuth,ATHX MUNICH 2026,Germany 🇩🇪,2026,Male,ATHX,Endurance,,,,,,,3.314KM,5.282KM,190
191,ROBERTO GALINDO & Dogukan Özer,ATHX MUNICH 2026,Germany 🇩🇪,2026,Male,ATHX,Endurance,,,,,,,3.402KM,5.192KM,191
192,Martin Hanson & Daniel Stimpson,ATHX BERLIN 2026,Germany 🇩🇪,2026,Male,ATHX,Endurance,,,,,,,3.448KM,5.135KM,192
193,Philipp Reichenbach & Andreas Bichler,ATHX MUNICH 2026,Germany 🇩🇪,2026,Male,ATHX,Endurance,,,,,,,3.488KM,5.085KM,193
194,Julian Hensel & Lucas Leiding,ATHX MUNICH 2026,Germany 🇩🇪,2026,Male,ATHX,Endurance,,,,,,,3.663KM,4.889KM,194
195,Marcel Kuhn & Philipp Kurzendörfer,ATHX MUNICH 2026,Germany 🇩🇪,2026,Male,ATHX,Endurance,,,,,,,3.256KM,5.293KM,195
196,Lucas Bahr & Benjamin Ramml,ATHX MUNICH 2026,Germany 🇩🇪,2026,Male,ATHX,Endurance,,,,,,,3.423KM,5.061KM,196
197,Mario Nunes & Raphael Meier,ATHX MUNICH 2026,Germany 🇩🇪,2026,Male,ATHX,Endurance,,,,,,,3.011KM,5.448KM,197
198,Thorsten Eckert & Carsten List,ATHX MUNICH 2026,Germany 🇩🇪,2026,Male,ATHX,Endurance,,,,,,,3.39KM,5.015KM,198
199,Keith McCrae & Phuc Luu,ATHX BERLIN 2026,Germany 🇩🇪,2026,Male,ATHX,Endurance,,,,,,,3.395KM,4.985KM,199
200,Jonas Woitzyk & Stefan Resch,ATHX MUNICH 2026,Germany 🇩🇪,2026,Male,ATHX,Endurance,,,,,,,3.296KM,5.079KM,200
201,Christoph Diemer & Florian Völz,ATHX MUNICH 2026,Germany 🇩🇪,2026,Male,ATHX,Endurance,,,,,,,3.36KM,5.014KM,201
202,Florian Vielweber & Alexander Hartmann,ATHX MUNICH 2026,Germany 🇩🇪,2026,Male,ATHX,Endurance,,,,,,,3.168KM,5.167KM,202
203,Christopher Weber & Thomas Hauser,ATHX MUNICH 2026,Germany 🇩🇪,2026,Male,ATHX,Endurance,,,,,,,3.115KM,5.218KM,203
204,Daniel Schanz & Marvin Ostrop,ATHX MUNICH 2026,Germany 🇩🇪,2026,Male,ATHX,Endurance,,,,,,,3.254KM,5.068KM,204
205,Erik Fengler & Lukas Martens,ATHX MUNICH 2026,Germany 🇩🇪,2026,Male,ATHX,Endurance,,,,,,,3.011KM,5.308KM,205
206,Mark Hine & Moritz Winkler,ATHX BERLIN 2026,Germany 🇩🇪,2026,Male,ATHX,Endurance,,,,,,,3.045KM,5.272KM,206
207,Arran Arogundade & Yannick Braun,ATHX BERLIN 2026,Germany 🇩🇪,2026,Male,ATHX,Endurance,,,,,,,3.429KM,4.884KM,207
207,Erik Larsen & Konrad Larsen,ATHX BERLIN 2026,Germany 🇩🇪,2026,Male,ATHX,Endurance,,,,,,,3.499KM,4.814KM,207
209,Alberto Mesas & Bernardo Mercado Coimbra,ATHX BERLIN 2026,Germany 🇩🇪,2026,Male,ATHX,Endurance,,,,,,,3.087KM,5.215KM,209
210,Oliver Patzelt & Jerome Kubaschek,ATHX BERLIN 2026,Germany 🇩🇪,2026,Male,ATHX,Endurance,,,,,,,3.084KM,5.191KM,210
211,Luis Jouve Gutiérrez & Eloy López de Carrión,ATHX BERLIN 2026,Germany 🇩🇪,2026,Male,ATHX,Endurance,,,,,,,3.25KM,5.011KM,211
212,Sebastian Pemsl & Konstantin Gaull,ATHX MUNICH 2026,Germany 🇩🇪,2026,Male,ATHX,Endurance,,,,,,,3.2KM,5.037KM,212
213,Christoph Kaemmerer & Benjamin Reiss,ATHX MUNICH 2026,Germany 🇩🇪,2026,Male,ATHX,Endurance,,,,,,,3KM,5.203KM,213
214,Ben Lemberg & Omar Bahgat,ATHX MUNICH 2026,Germany 🇩🇪,2026,Male,ATHX,Endurance,,,,,,,2.856KM,5.344KM,214
215,Sebastian Geidel & Lukas Wiesner,ATHX MUNICH 2026,Germany 🇩🇪,2026,Male,ATHX,Endurance,,,,,,,3KM,5.197KM,215
216,Jörg Schröder & Marko Weber-Schönherr,ATHX BERLIN 2026,Germany 🇩🇪,2026,Male,ATHX,Endurance,,,,,,,3.189KM,5.005KM,216
217,Max Doege & Jörn Sattler,ATHX BERLIN 2026,Germany 🇩🇪,2026,Male,ATHX,Endurance,,,,,,,3.618KM,4.555KM,217
218,Rainer De Lima Knappe & ibrahim Zeghzeghi,ATHX BERLIN 2026,Germany 🇩🇪,2026,Male,ATHX,Endurance,,,,,,,3.216KM,4.903KM,218
219,Michael Lovric & Giorgos Sylignakis,ATHX MUNICH 2026,Germany 🇩🇪,2026,Male,ATHX,Endurance,,,,,,,3.004KM,5.065KM,219
220,Alexander Schellinger & friedrich morisak,ATHX BERLIN 2026,Germany 🇩🇪,2026,Male,ATHX,Endurance,,,,,,,3.098KM,4.957KM,220
221,Philipp Fritz & Paul Fischer,ATHX MUNICH 2026,Germany 🇩🇪,2026,Male,ATHX,Endurance,,,,,,,3KM,5.031KM,221
222,Martin Gruner & Dennis Hypa,ATHX BERLIN 2026,Germany 🇩🇪,2026,Male,ATHX,Endurance,,,,,,,3.086KM,4.801KM,222
223,Adrian Dreßler & David Klein,ATHX MUNICH 2026,Germany 🇩🇪,2026,Male,ATHX,Endurance,,,,,,,3.1KM,4.75KM,223
224,Stefan Köhn & Jens Rebmann,ATHX MUNICH 2026,Germany 🇩🇪,2026,Male,ATHX,Endurance,,,,,,,3.165KM,4.67KM,224
225,Jens Wudick & Marc Wudick,ATHX BERLIN 2026,Germany 🇩🇪,2026,Male,ATHX,Endurance,,,,,,,3.816KM,3.867KM,225
226,Christian Kuehl & Paul Kühl,ATHX MUNICH 2026,Germany 🇩🇪,2026,Male,ATHX,Endurance,,,,,,,2.625KM,4.719KM,226
227,Christian Borka & Hanno Focken,ATHX BERLIN 2026,Germany 🇩🇪,2026,Male,ATHX,Endurance,,,,,,,2.5KM,4.811KM,227
1,Anna Connor-Astreos & Liam Eldridge,ATHX BERLIN 2026,Germany 🇩🇪,2026,Mixed,ATHX,Overall,3 (738KG),18 (9.609KM),15 (13:12),,,,,,36
2,Kathryn Metcalfe & Joshua Sacher,ATHX BERLIN 2026,Germany 🇩🇪,2026,Mixed,ATHX,Overall,24 (637KG),10 (9.791KM),6 (12:46),,,,,,40
3,Matthias Herter & Nina Lorenz,ATHX MUNICH 2026,Germany 🇩🇪,2026,Mixed,ATHX,Overall,9 (675KG),34 (9.274KM),2 (12:21),,,,,,45
4,Kathrin Limmer & Stephan Friedrich,ATHX BERLIN 2026,Germany 🇩🇪,2026,Mixed,ATHX,Overall,21 (645KG),15 (9.697KM),10 (13:00),,,,,,46
5,Sarah Kerr & Chris Pawson,ATHX BERLIN 2026,Germany 🇩🇪,2026,Mixed,ATHX,Overall,40 (618KG),5 (10.028KM),4 (12:40),,,,,,49
6,Nina Knieriemen & Pascal Pech,ATHX BERLIN 2026,Germany 🇩🇪,2026,Mixed,ATHX,Overall,18 (649KG),28 (9.348KM),16 (13:19),,,,,,62
7,Michal Schwarz & Petra Juskova,ATHX BERLIN 2026,Germany 🇩🇪,2026,Mixed,ATHX,Overall,7 (683KG),46 (9.153KM),10 (13:00),,,,,,63
8,Daniel Birca & Klára Nováková,ATHX BERLIN 2026,Germany 🇩🇪,2026,Mixed,ATHX,Overall,56 (602KG),12 (9.728KM),5 (12:44),,,,,,73
9,Anna Horatz & Thomas Reppa,ATHX MUNICH 2026,Germany 🇩🇪,2026,Mixed,ATHX,Overall,13 (662KG),39 (9.241KM),23 (13:50),,,,,,75
10,Julian Roppelt & Viktoria Roppelt,ATHX BERLIN 2026,Germany 🇩🇪,2026,Mixed,ATHX,Overall,7 (683KG),42 (9.203KM),38 (14:19),,,,,,87
11,Rebecca Hertlein & Markus Gebauer,ATHX MUNICH 2026,Germany 🇩🇪,2026,Mixed,ATHX,Overall,55 (604KG),22 (9.446KM),20 (13:35),,,,,,97
12,Christin Bosinsky & Deniz Galander,ATHX BERLIN 2026,Germany 🇩🇪,2026,Mixed,ATHX,Overall,34 (625KG),33 (9.283KM),32 (14:03),,,,,,99
12,Paula Loibl & Marius Grad,ATHX BERLIN 2026,Germany 🇩🇪,2026,Mixed,ATHX,Overall,76 (581KG),9 (9.797KM),14 (13:10),,,,,,99
14,Kelli Weinreich & Neil Weinreich,ATHX MUNICH 2026,Germany 🇩🇪,2026,Mixed,ATHX,Overall,42 (617KG),30 (9.307KM),43 (14:26),,,,,,115
15,Alexander Zamida & Sabrina Zamida,ATHX MUNICH 2026,Germany 🇩🇪,2026,Mixed,ATHX,Overall,27 (635KG),31 (9.286KM),58 (14:47),,,,,,116
16,Alina Bräuer & Sami Mardnli,ATHX BERLIN 2026,Germany 🇩🇪,2026,Mixed,ATHX,Overall,112 (545KG),4 (10.052KM),1 (11:54),,,,,,117
17,Jule Paulsen & Thies Nicolaisen,ATHX BERLIN 2026,Germany 🇩🇪,2026,Mixed,ATHX,Overall,57 (601KG),31 (9.286KM),30 (14:00),,,,,,118
18,Mirjam Blass & Hannes Röhrle,ATHX MUNICH 2026,Germany 🇩🇪,2026,Mixed,ATHX,Overall,45 (616KG),48 (9.107KM),26 (13:52),,,,,,119
19,Benjamin Lux & Anne Lux,ATHX BERLIN 2026,Germany 🇩🇪,2026,Mixed,ATHX,Overall,46 (615KG),36 (9.262KM),41 (14:25),,,,,,123
20,Jonathan Bunel joly & Andrea Hendry,ATHX BERLIN 2026,Germany 🇩🇪,2026,Mixed,ATHX,Overall,4 (721KG),87 (8.908KM),33 (14:05),,,,,,124
21,Deniz Püseli & Michèle Engel,ATHX MUNICH 2026,Germany 🇩🇪,2026,Mixed,ATHX,Overall,1 (798KG),73 (8.987KM),55 (14:45),,,,,,129
22,Hendrik Kabelitz & Leonie Kolle,ATHX MUNICH 2026,Germany 🇩🇪,2026,Mixed,ATHX,Overall,2 (745KG),106 (8.799KM),23 (13:50),,,,,,131
23,Saskia Noack & Marc Ewers,ATHX BERLIN 2026,Germany 🇩🇪,2026,Mixed,ATHX,Overall,70 (586KG),14 (9.707KM),47 (14:34),,,,,,131
24,Angela Deiß & Alexander Deiß,ATHX MUNICH 2026,Germany 🇩🇪,2026,Mixed,ATHX,Overall,105 (555KG),17 (9.617KM),12 (13:04),,,,,,134
25,Luis Willer & Julia Zeller,ATHX BERLIN 2026,Germany 🇩🇪,2026,Mixed,ATHX,Overall,100 (557KG),16 (9.693KM),23 (13:50),,,,,,139
26,Kathrin Limmer & Stephan Friedrich,ATHX MUNICH 2026,Germany 🇩🇪,2026,Mixed,ATHX,Overall,40 (618KG),76 (8.985KM),28 (13:57),,,,,,144
27,Jenny Klemenz & Phillip Benda,ATHX MUNICH 2026,Germany 🇩🇪,2026,Mixed,ATHX,Overall,64 (593KG),63 (9.035KM),19 (13:28),,,,,,146
27,Cynthia Mensah & Jannes Werner,ATHX BERLIN 2026,Germany 🇩🇪,2026,Mixed,ATHX,Overall,89 (565KG),21 (9.447KM),36 (14:14),,,,,,146
29,Vivien Gantioler & Marian Klopcic,ATHX MUNICH 2026,Germany 🇩🇪,2026,Mixed,ATHX,Overall,66 (590KG),82 (8.958KM),7 (12:47),,,,,,155
30,Laura Knon & Stefan s.schegg@gmail.com,ATHX MUNICH 2026,Germany 🇩🇪,2026,Mixed,ATHX,Overall,34 (625KG),79 (8.972KM),43 (14:26),,,,,,156
30,Malte Frontzek & Kerstin Brückner,ATHX BERLIN 2026,Germany 🇩🇪,2026,Mixed,ATHX,Overall,121 (538KG),13 (9.71KM),22 (13:38),,,,,,156
32,Elisabeth Schmidt & Erik Hellwig,ATHX MUNICH 2026,Germany 🇩🇪,2026,Mixed,ATHX,Overall,149 (523KG),3 (10.075KM),9 (12:55),,,,,,161
33,Daniela Schlosser & Daniel Schlosser,ATHX MUNICH 2026,Germany 🇩🇪,2026,Mixed,ATHX,Overall,52 (608KG),83 (8.956KM),27 (13:54),,,,,,162
34,Marcel Jöbstl & Zoë Killisch,ATHX MUNICH 2026,Germany 🇩🇪,2026,Mixed,ATHX,Overall,9 (675KG),94 (8.882KM),62 (14:51),,,,,,165
35,Florian Kowalczyk & Nadine Henningsen,ATHX BERLIN 2026,Germany 🇩🇪,2026,Mixed,ATHX,Overall,154 (521KG),2 (10.08KM),13 (13:06),,,,,,169
36,Martin Michelius & Nathalie Duerbeck,ATHX BERLIN 2026,Germany 🇩🇪,2026,Mixed,ATHX,Overall,166 (512KG),1 (10.212KM),3 (12:28),,,,,,170
37,Christin Bosinsky & Deniz Galander,ATHX MUNICH 2026,Germany 🇩🇪,2026,Mixed,ATHX,Overall,83 (577KG),66 (9.016KM),21 (13:37),,,,,,170
38,Johanna Alber & Artjom Müller,ATHX MUNICH 2026,Germany 🇩🇪,2026,Mixed,ATHX,Overall,79 (579KG),81 (8.968KM),17 (13:23),,,,,,177
39,Sina Bertelsbeck & Philip Heitmann,ATHX BERLIN 2026,Germany 🇩🇪,2026,Mixed,ATHX,Overall,24 (637KG),86 (8.91KM),68 (14:54),,,,,,178
40,Ines Noeske & Boubacar Bah,ATHX BERLIN 2026,Germany 🇩🇪,2026,Mixed,ATHX,Overall,11 (670KG),69 (9.008KM),100 (15:20),,,,,,180
41,Chiara Regli & Enzo Helbling,ATHX BERLIN 2026,Germany 🇩🇪,2026,Mixed,ATHX,Overall,95 (560KG),50 (9.104KM),38 (14:19),,,,,,183
42,Jens Geppert & Christin Friedrich,ATHX MUNICH 2026,Germany 🇩🇪,2026,Mixed,ATHX,Overall,42 (617KG),45 (9.154KM),98 (15:18),,,,,,185
43,Laszlo Peimli & Sabrina Müller,ATHX MUNICH 2026,Germany 🇩🇪,2026,Mixed,ATHX,Overall,49 (610KG),85 (8.95KM),54 (14:43),,,,,,188
44,Cynthia Gurrieri-Uhl & Armin Uhl,ATHX BERLIN 2026,Germany 🇩🇪,2026,Mixed,ATHX,Overall,29 (632KG),115 (8.775KM),46 (14:30),,,,,,190
45,Maximilian Kraus & Laura Nefzger,ATHX MUNICH 2026,Germany 🇩🇪,2026,Mixed,ATHX,Overall,73 (584KG),49 (9.106KM),73 (14:59),,,,,,195
46,Andreas Burcea Marcu & Jaime Imbusch,ATHX MUNICH 2026,Germany 🇩🇪,2026,Mixed,ATHX,Overall,13 (662KG),138 (8.683KM),49 (14:36),,,,,,200
47,Pascal Giger & Janine Czeschner,ATHX BERLIN 2026,Germany 🇩🇪,2026,Mixed,ATHX,Overall,47 (614KG),61 (9.054KM),95 (15:15),,,,,,203
48,Sabine Schartner & Florian Geyer,ATHX MUNICH 2026,Germany 🇩🇪,2026,Mixed,ATHX,Overall,51 (609KG),77 (8.977KM),82 (15:04),,,,,,210
49,Tobias Maier & Christina Beck,ATHX MUNICH 2026,Germany 🇩🇪,2026,Mixed,ATHX,Overall,54 (605KG),108 (8.795KM),52 (14:42),,,,,,214
50,Maximilian Köckritz & Eva Liedtke,ATHX BERLIN 2026,Germany 🇩🇪,2026,Mixed,ATHX,Overall,114 (540KG),26 (9.369KM),76 (15:01),,,,,,216
51,Angela Henning & Marc Maier,ATHX MUNICH 2026,Germany 🇩🇪,2026,Mixed,ATHX,Overall,123 (537KG),55 (9.071KM),43 (14:26),,,,,,221
52,Kathrin Binder & Pietro Vecchio,ATHX MUNICH 2026,Germany 🇩🇪,2026,Mixed,ATHX,Overall,123 (537KG),73 (8.987KM),28 (13:57),,,,,,224
53,Nils Metzger & Julia Lutz,ATHX MUNICH 2026,Germany 🇩🇪,2026,Mixed,ATHX,Overall,111 (548KG),43 (9.197KM),73 (14:59),,,,,,227
54,Marijke Jacobs & Stefan Rohroff,ATHX MUNICH 2026,Germany 🇩🇪,2026,Mixed,ATHX,Overall,110 (549KG),78 (8.973KM),41 (14:25),,,,,,229
55,Alexander Spießl & Manuela Schambeck,ATHX BERLIN 2026,Germany 🇩🇪,2026,Mixed,ATHX,Overall,93 (562KG),97 (8.845KM),40 (14:24),,,,,,230
56,Steve Enning & Anna Heuschmann,ATHX BERLIN 2026,Germany 🇩🇪,2026,Mixed,ATHX,Overall,71 (585KG),68 (9.01KM),92 (15:13),,,,,,231
57,Stephen Paul & Laura Kleiber,ATHX MUNICH 2026,Germany 🇩🇪,2026,Mixed,ATHX,Overall,6 (704KG),164 (8.51KM),65 (14:52),,,,,,235
58,Romy Trömel & Dan Baaken,ATHX BERLIN 2026,Germany 🇩🇪,2026,Mixed,ATHX,Overall,22 (640KG),148 (8.619KM),68 (14:54),,,,,,238
59,Moritz Scheele & Franziska Scheele,ATHX MUNICH 2026,Germany 🇩🇪,2026,Mixed,ATHX,Overall,17 (653KG),215 (8.064KM),8 (12:53),,,,,,240
59,Christian Schnur & Inge Kling,ATHX BERLIN 2026,Germany 🇩🇪,2026,Mixed,ATHX,Overall,129 (534KG),60 (9.059KM),51 (14:41),,,,,,240
61,Christian Nolde & Steffi Schmitt,ATHX MUNICH 2026,Germany 🇩🇪,2026,Mixed,ATHX,Overall,214 (456KG),11 (9.752KM),18 (13:26),,,,,,243
62,Lydia Kreuter & Lukas Lundbeck,ATHX MUNICH 2026,Germany 🇩🇪,2026,Mixed,ATHX,Overall,42 (617KG),113 (8.786KM),90 (15:11),,,,,,245
62,Sally Petzold & Marcel Wichert,ATHX BERLIN 2026,Germany 🇩🇪,2026,Mixed,ATHX,Overall,121 (538KG),62 (9.042KM),62 (14:51),,,,,,245
62,Adrianna Wisniewska & Jaime Bodelon,ATHX BERLIN 2026,Germany 🇩🇪,2026,Mixed,ATHX,Overall,95 (560KG),84 (8.955KM),66 (14:53),,,,,,245
65,Celina Krieb & Christoph Hagmann,ATHX MUNICH 2026,Germany 🇩🇪,2026,Mixed,ATHX,Overall,76 (581KG),122 (8.749KM),48 (14:35),,,,,,246
65,Jule Paulsen & Thies Nicolaisen,ATHX MUNICH 2026,Germany 🇩🇪,2026,Mixed,ATHX,Overall,65 (591KG),123 (8.737KM),58 (14:47),,,,,,246
67,Sophia Mayr & Steffen Rupp,ATHX MUNICH 2026,Germany 🇩🇪,2026,Mixed,ATHX,Overall,158 (517KG),59 (9.067KM),34 (14:10),,,,,,251
67,Veronika Hammerbacher & Meier.Florian Team,ATHX BERLIN 2026,Germany 🇩🇪,2026,Mixed,ATHX,Overall,20 (646KG),126 (8.719KM),105 (15:27),,,,,,251
69,Jana Monin & Adrian Roseanu,ATHX BERLIN 2026,Germany 🇩🇪,2026,Mixed,ATHX,Overall,190 (486KG),8 (9.799KM),60 (14:48),,,,,,258
70,Christof Griebenow & Éloïse LASNET,ATHX MUNICH 2026,Germany 🇩🇪,2026,Mixed,ATHX,Overall,129 (534KG),93 (8.884KM),37 (14:17),,,,,,259
70,Jan Danowski & Sara Schäfers,ATHX BERLIN 2026,Germany 🇩🇪,2026,Mixed,ATHX,Overall,48 (613KG),97 (8.845KM),114 (15:38),,,,,,259
70,Sabrina Leinmüller & Hannes Röhrle,ATHX BERLIN 2026,Germany 🇩🇪,2026,Mixed,ATHX,Overall,166 (512KG),38 (9.256KM),55 (14:45),,,,,,259
73,Magdalena Moltzan-Malkowska & Zbigniew Moltzan,ATHX BERLIN 2026,Germany 🇩🇪,2026,Mixed,ATHX,Overall,142 (526KG),7 (9.831KM),113 (15:37),,,,,,262
74,Stefanie Bauch & Sebastian Pletz,ATHX MUNICH 2026,Germany 🇩🇪,2026,Mixed,ATHX,Overall,80 (578KG),69 (9.008KM),117 (15:40),,,,,,266
75,Thamara Schuster & Stephan Hotzy,ATHX BERLIN 2026,Germany 🇩🇪,2026,Mixed,ATHX,Overall,101 (556KG),91 (8.889KM),75 (15:00),,,,,,267
76,Paula Loibl & Marius Grad,ATHX MUNICH 2026,Germany 🇩🇪,2026,Mixed,ATHX,Overall,114 (540KG),47 (9.121KM),108 (15:29),,,,,,269
77,Sarah Hünting & Philipp Wolf,ATHX MUNICH 2026,Germany 🇩🇪,2026,Mixed,ATHX,Overall,105 (555KG),57 (9.07KM),108 (15:29),,,,,,270
78,Joana Müller & Daniel Fuentealba,ATHX BERLIN 2026,Germany 🇩🇪,2026,Mixed,ATHX,Overall,49 (610KG),151 (8.586KM),72 (14:57),,,,,,272
79,Alruna Piccinato & Andrés Müller,ATHX MUNICH 2026,Germany 🇩🇪,2026,Mixed,ATHX,Overall,93 (562KG),102 (8.824KM),78 (15:02),,,,,,273
79,Lea Stein & Nico Küttner,ATHX BERLIN 2026,Germany 🇩🇪,2026,Mixed,ATHX,Overall,204 (465KG),19 (9.53KM),50 (14:37),,,,,,273
81,Ines Baer & Kevin Deininger,ATHX MUNICH 2026,Germany 🇩🇪,2026,Mixed,ATHX,Overall,138 (529KG),57 (9.07KM),80 (15:03),,,,,,275
82,Antonia Lim & Tobias Klaus,ATHX MUNICH 2026,Germany 🇩🇪,2026,Mixed,ATHX,Overall,170 (508KG),71 (9.005KM),35 (14:12),,,,,,276
83,Marilena Micha & Vangelis Papanikolaou,ATHX BERLIN 2026,Germany 🇩🇪,2026,Mixed,ATHX,Overall,76 (581KG),44 (9.167KM),157 (16:31),,,,,,277
84,Simone Schär & Simon Steinemann,ATHX MUNICH 2026,Germany 🇩🇪,2026,Mixed,ATHX,Overall,31 (630KG),144 (8.626KM),103 (15:26),,,,,,278
84,Melissa Filion & Matthieu Rebaud,ATHX MUNICH 2026,Germany 🇩🇪,2026,Mixed,ATHX,Overall,186 (489KG),40 (9.239KM),52 (14:42),,,,,,278
86,Florian Sebald & Agnes Bretschneider,ATHX BERLIN 2026,Germany 🇩🇪,2026,Mixed,ATHX,Overall,99 (558KG),88 (8.904KM),92 (15:13),,,,,,279
87,Peter Schwendinger & Melanie Schwendinger,ATHX MUNICH 2026,Germany 🇩🇪,2026,Mixed,ATHX,Overall,142 (526KG),79 (8.972KM),61 (14:50),,,,,,282
88,Julia Rißmann & Jan Gimbel,ATHX BERLIN 2026,Germany 🇩🇪,2026,Mixed,ATHX,Overall,217 (451KG),35 (9.27KM),31 (14:01),,,,,,283
89,Judith Claßen & Jonas Gutsche,ATHX MUNICH 2026,Germany 🇩🇪,2026,Mixed,ATHX,Overall,27 (635KG),171 (8.46KM),90 (15:11),,,,,,288
89,Jule Minrath & Leon Horn,ATHX BERLIN 2026,Germany 🇩🇪,2026,Mixed,ATHX,Overall,144 (525KG),29 (9.312KM),115 (15:39),,,,,,288
91,Simone Schuhbauer & Alexander Hien,ATHX BERLIN 2026,Germany 🇩🇪,2026,Mixed,ATHX,Overall,87 (568KG),105 (8.801KM),102 (15:21),,,,,,294
92,Anna-Lena Markus & Patrick Siehoff,ATHX BERLIN 2026,Germany 🇩🇪,2026,Mixed,ATHX,Overall,209 (460KG),20 (9.48KM),66 (14:53),,,,,,295
93,Fabian Kettlitz & Romina Buschick,ATHX BERLIN 2026,Germany 🇩🇪,2026,Mixed,ATHX,Overall,86 (569KG),96 (8.852KM),115 (15:39),,,,,,297
94,Nicole Malucha & Max Anossow,ATHX BERLIN 2026,Germany 🇩🇪,2026,Mixed,ATHX,Overall,227 (425KG),6 (9.891KM),70 (14:55),,,,,,303
95,Kate Gerhard & Thomas Führer,ATHX BERLIN 2026,Germany 🇩🇪,2026,Mixed,ATHX,Overall,197 (474KG),37 (9.26KM),70 (14:55),,,,,,304
96,Cedric Budmiger & Bettina Budmiger,ATHX MUNICH 2026,Germany 🇩🇪,2026,Mixed,ATHX,Overall,37 (624KG),180 (8.414KM),88 (15:10),,,,,,305
97,Tim Weyland & Marie Kaiser,ATHX BERLIN 2026,Germany 🇩🇪,2026,Mixed,ATHX,Overall,60 (599KG),114 (8.778KM),132 (15:59),,,,,,306
97,Alexander Hespeler & Bahar Scholz,ATHX BERLIN 2026,Germany 🇩🇪,2026,Mixed,ATHX,Overall,179 (495KG),41 (9.219KM),86 (15:08),,,,,,306
99,Maximilian Jakob & Lara Pfleider,ATHX MUNICH 2026,Germany 🇩🇪,2026,Mixed,ATHX,Overall,16 (654KG),147 (8.622KM),145 (16:14),,,,,,308
99,Dominik Honz & Raphaela Honz,ATHX MUNICH 2026,Germany 🇩🇪,2026,Mixed,ATHX,Overall,62 (596KG),104 (8.813KM),142 (16:10),,,,,,308
101,Tamara Fekete & Norbert Gyongyosi,ATHX MUNICH 2026,Germany 🇩🇪,2026,Mixed,ATHX,Overall,114 (540KG),107 (8.798KM),88 (15:10),,,,,,309
101,Giannina Pomilio & Angelo E,ATHX BERLIN 2026,Germany 🇩🇪,2026,Mixed,ATHX,Overall,160 (515KG),92 (8.885KM),57 (14:46),,,,,,309
103,Veronika Hammerbacher & Marius Stumpf,ATHX MUNICH 2026,Germany 🇩🇪,2026,Mixed,ATHX,Overall,80 (578KG),116 (8.773KM),117 (15:40),,,,,,313
104,Steffen Waibel & Julia Waibel,ATHX BERLIN 2026,Germany 🇩🇪,2026,Mixed,ATHX,Overall,91 (564KG),118 (8.756KM),105 (15:27),,,,,,314
105,Daniela Zimmerhackel & Eugen Wiens,ATHX MUNICH 2026,Germany 🇩🇪,2026,Mixed,ATHX,Overall,29 (632KG),205 (8.175KM),82 (15:04),,,,,,316
106,David Stein & Sarah Neises,ATHX BERLIN 2026,Germany 🇩🇪,2026,Mixed,ATHX,Overall,149 (523KG),53 (9.082KM),119 (15:44),,,,,,321
107,Andreas Paul & Natalia Brozda,ATHX MUNICH 2026,Germany 🇩🇪,2026,Mixed,ATHX,Overall,107 (551KG),72 (8.99KM),144 (16:13),,,,,,323
108,Susanne Kopf & Patrick Röhrl,ATHX BERLIN 2026,Germany 🇩🇪,2026,Mixed,ATHX,Overall,177 (496KG),54 (9.077KM),95 (15:15),,,,,,326
108,Alexander Irmscher & Tina Irmscher,ATHX BERLIN 2026,Germany 🇩🇪,2026,Mixed,ATHX,Overall,138 (529KG),51 (9.099KM),137 (16:01),,,,,,326
110,Maximilian Stark & Veronika Steuringer,ATHX MUNICH 2026,Germany 🇩🇪,2026,Mixed,ATHX,Overall,176 (497KG),52 (9.095KM),99 (15:19),,,,,,327
111,Matthias Pöder & Annie Sienerth,ATHX MUNICH 2026,Germany 🇩🇪,2026,Mixed,ATHX,Overall,18 (649KG),201 (8.186KM),111 (15:35),,,,,,330
112,Angelos Hoikas & Helena Comman,ATHX MUNICH 2026,Germany 🇩🇪,2026,Mixed,ATHX,Overall,31 (630KG),166 (8.479KM),135 (16:00),,,,,,332
112,Mike Lämmel & Yvonne Lämmel,ATHX MUNICH 2026,Germany 🇩🇪,2026,Mixed,ATHX,Overall,92 (563KG),143 (8.627KM),97 (15:17),,,,,,332
114,Edith Moser & Manfred Moser,ATHX BERLIN 2026,Germany 🇩🇪,2026,Mixed,ATHX,Overall,26 (636KG),169 (8.47KM),140 (16:09),,,,,,335
115,Melanie Walch & Michael Walch,ATHX BERLIN 2026,Germany 🇩🇪,2026,Mixed,ATHX,Overall,146 (524KG),110 (8.792KM),80 (15:03),,,,,,336
116,Viviane Schemat & Markus Simon,ATHX MUNICH 2026,Germany 🇩🇪,2026,Mixed,ATHX,Overall,80 (578KG),134 (8.693KM),123 (15:49),,,,,,337
117,Jan Koch & Michelle Hofmeier,ATHX BERLIN 2026,Germany 🇩🇪,2026,Mixed,ATHX,Overall,137 (530KG),24 (9.405KM),177 (17:20),,,,,,338
118,Florian Abram & Vanessa Ludin,ATHX MUNICH 2026,Germany 🇩🇪,2026,Mixed,ATHX,Overall,189 (487KG),65 (9.022KM),85 (15:07),,,,,,339
118,Daniel Buchert & Antonia Pfeiffer,ATHX MUNICH 2026,Germany 🇩🇪,2026,Mixed,ATHX,Overall,11 (670KG),228 (7.903KM),100 (15:20),,,,,,339
118,Bastian Bienlein & U Z,ATHX BERLIN 2026,Germany 🇩🇪,2026,Mixed,ATHX,Overall,133 (532KG),130 (8.701KM),76 (15:01),,,,,,339
118,Hendrik Behrens & Clarissa Siegel,ATHX BERLIN 2026,Germany 🇩🇪,2026,Mixed,ATHX,Overall,61 (598KG),131 (8.696KM),147 (16:19),,,,,,339
122,Nadine Taschner & Lengsfeld Maximilian,ATHX BERLIN 2026,Germany 🇩🇪,2026,Mixed,ATHX,Overall,218 (450KG),23 (9.416KM),105 (15:27),,,,,,346
123,Nicole Hager & Rene Leier,ATHX MUNICH 2026,Germany 🇩🇪,2026,Mixed,ATHX,Overall,133 (532KG),134 (8.693KM),84 (15:05),,,,,,351
124,Vioneta vioneta.bendel@gmail.com & Philip Hakenberg,ATHX MUNICH 2026,Germany 🇩🇪,2026,Mixed,ATHX,Overall,4 (721KG),223 (7.99KM),127 (15:55),,,,,,354
124,Jan Lesczinski & Verena Lesczinski,ATHX MUNICH 2026,Germany 🇩🇪,2026,Mixed,ATHX,Overall,127 (535KG),99 (8.84KM),128 (15:56),,,,,,354
126,Juliane Groß & Michel Müller,ATHX MUNICH 2026,Germany 🇩🇪,2026,Mixed,ATHX,Overall,63 (594KG),102 (8.824KM),194 (17:56),,,,,,359
126,Eugen Wiens & Asrai Soos,ATHX MUNICH 2026,Germany 🇩🇪,2026,Mixed,ATHX,Overall,75 (583KG),181 (8.412KM),103 (15:26),,,,,,359
128,Tanja Münch-Dürl & Bernd Dürl,ATHX MUNICH 2026,Germany 🇩🇪,2026,Mixed,ATHX,Overall,192 (483KG),67 (9.012KM),108 (15:29),,,,,,367
129,Julia Hornauer & Marcel Schreiber,ATHX BERLIN 2026,Germany 🇩🇪,2026,Mixed,ATHX,Overall,211 (458KG),25 (9.398KM),132 (15:59),,,,,,368
130,Eleonora Keller & Robert Gunz,ATHX MUNICH 2026,Germany 🇩🇪,2026,Mixed,ATHX,Overall,149 (523KG),129 (8.703KM),92 (15:13),,,,,,370
131,Feji Abdullah & Marvin Langmandel,ATHX MUNICH 2026,Germany 🇩🇪,2026,Mixed,ATHX,Overall,22 (640KG),189 (8.291KM),160 (16:38),,,,,,371
132,Valentin Gressel & Amelie Bingart,ATHX MUNICH 2026,Germany 🇩🇪,2026,Mixed,ATHX,Overall,175 (505KG),120 (8.754KM),78 (15:02),,,,,,373
133,Alexandra Kaps & Steven Strecker,ATHX MUNICH 2026,Germany 🇩🇪,2026,Mixed,ATHX,Overall,101 (556KG),110 (8.792KM),167 (16:57),,,,,,378
133,Igor Roller & Svetlana Roller,ATHX BERLIN 2026,Germany 🇩🇪,2026,Mixed,ATHX,Overall,84 (572KG),119 (8.755KM),175 (17:13),,,,,,378
135,Julia Gebelein & Christoph Dubiel,ATHX MUNICH 2026,Germany 🇩🇪,2026,Mixed,ATHX,Overall,37 (624KG),186 (8.301KM),156 (16:28),,,,,,379
136,Michael Haid & Babett Groholy,ATHX MUNICH 2026,Germany 🇩🇪,2026,Mixed,ATHX,Overall,114 (540KG),125 (8.721KM),142 (16:10),,,,,,381
136,David Piesik & Laura Heynen,ATHX BERLIN 2026,Germany 🇩🇪,2026,Mixed,ATHX,Overall,73 (584KG),161 (8.52KM),147 (16:19),,,,,,381
138,Katja Stabenow & Markus Oesteritz,ATHX BERLIN 2026,Germany 🇩🇪,2026,Mixed,ATHX,Overall,172 (507KG),95 (8.875KM),120 (15:45),,,,,,387
139,Miklos Hollosy & Anita Hollosy,ATHX MUNICH 2026,Germany 🇩🇪,2026,Mixed,ATHX,Overall,101 (556KG),108 (8.795KM),181 (17:24),,,,,,390
140,Daniel Luley & Martina Tremmel,ATHX MUNICH 2026,Germany 🇩🇪,2026,Mixed,ATHX,Overall,15 (658KG),208 (8.135KM),174 (17:11),,,,,,397
141,Ben Schinabeck & Johanna Schinabeck,ATHX MUNICH 2026,Germany 🇩🇪,2026,Mixed,ATHX,Overall,58 (600KG),190 (8.29KM),151 (16:22),,,,,,399
141,Mark Hartnett-Morgan & MARIE WAGG,ATHX MUNICH 2026,Germany 🇩🇪,2026,Mixed,ATHX,Overall,69 (588KG),199 (8.204KM),131 (15:58),,,,,,399
143,Olivia Shepherd & Manuel Stepanow,ATHX BERLIN 2026,Germany 🇩🇪,2026,Mixed,ATHX,Overall,71 (585KG),149 (8.604KM),188 (17:47),,,,,,408
144,Luisa Eickmeyer & Frederic Ruppel,ATHX BERLIN 2026,Germany 🇩🇪,2026,Mixed,ATHX,Overall,202 (470KG),89 (8.901KM),123 (15:49),,,,,,414
145,Marco Ruffani & Sabrina Rebekka Nusser,ATHX BERLIN 2026,Germany 🇩🇪,2026,Mixed,ATHX,Overall,211 (458KG),55 (9.071KM),149 (16:20),,,,,,415
146,Maria-Theresia Grosser-Schneider & Christian Schneider,ATHX MUNICH 2026,Germany 🇩🇪,2026,Mixed,ATHX,Overall,149 (523KG),132 (8.695KM),137 (16:01),,,,,,418
147,Kian Mehrnusch & Tina Multhaupt,ATHX MUNICH 2026,Germany 🇩🇪,2026,Mixed,ATHX,Overall,233 (407KG),27 (9.353KM),159 (16:36),,,,,,419
148,Melissa Krüger & Frank Fleissner,ATHX MUNICH 2026,Germany 🇩🇪,2026,Mixed,ATHX,Overall,132 (533KG),137 (8.684KM),152 (16:25),,,,,,421
148,Ferdinand Greinacher & Laura Lehmkuhl,ATHX BERLIN 2026,Germany 🇩🇪,2026,Mixed,ATHX,Overall,222 (433KG),64 (9.034KM),135 (16:00),,,,,,421
148,Andreas Synak & Anina Günzel,ATHX BERLIN 2026,Germany 🇩🇪,2026,Mixed,ATHX,Overall,101 (556KG),194 (8.245KM),126 (15:52),,,,,,421
151,Luis Queiros & Libânia Magalhães,ATHX MUNICH 2026,Germany 🇩🇪,2026,Mixed,ATHX,Overall,87 (568KG),175 (8.441KM),162 (16:39),,,,,,424
152,Bernadett Békési & Mark Halasi,ATHX BERLIN 2026,Germany 🇩🇪,2026,Mixed,ATHX,Overall,66 (590KG),213 (8.065KM),146 (16:16),,,,,,425
153,Stefanie Einmüller & Robert Einmüller,ATHX MUNICH 2026,Germany 🇩🇪,2026,Mixed,ATHX,Overall,163 (514KG),152 (8.569KM),112 (15:36),,,,,,427
153,Ronja Großmann & Raphael Großmann,ATHX MUNICH 2026,Germany 🇩🇪,2026,Mixed,ATHX,Overall,52 (608KG),217 (8.059KM),158 (16:33),,,,,,427
155,Lukas Quackatz & Jülly-Inna Liang,ATHX BERLIN 2026,Germany 🇩🇪,2026,Mixed,ATHX,Overall,181 (492KG),160 (8.522KM),87 (15:09),,,,,,428
156,Tobias Wambach & Ulrike Wambach,ATHX MUNICH 2026,Germany 🇩🇪,2026,Mixed,ATHX,Overall,109 (550KG),167 (8.474KM),153 (16:26),,,,,,429
157,Mohamed Sameh & Evmorfia Chrysovalantou Seiti,ATHX MUNICH 2026,Germany 🇩🇪,2026,Mixed,ATHX,Overall,119 (539KG),127 (8.71KM),189 (17:48),,,,,,435
158,Franz Ströher & Sophie Bredendiek,ATHX MUNICH 2026,Germany 🇩🇪,2026,Mixed,ATHX,Overall,146 (524KG),153 (8.567KM),139 (16:03),,,,,,438
158,Heiko Rutsch & Vanessa Brüggler,ATHX MUNICH 2026,Germany 🇩🇪,2026,Mixed,ATHX,Overall,107 (551KG),203 (8.18KM),128 (15:56),,,,,,438
160,Paulo Camilo Junior & Sara Örnek,ATHX MUNICH 2026,Germany 🇩🇪,2026,Mixed,ATHX,Overall,177 (496KG),100 (8.834KM),165 (16:48),,,,,,442
161,Anja Schürken & Sven Schürken,ATHX MUNICH 2026,Germany 🇩🇪,2026,Mixed,ATHX,Overall,163 (514KG),154 (8.563KM),128 (15:56),,,,,,445
161,Vanessa Seifert & Philipp Herok,ATHX MUNICH 2026,Germany 🇩🇪,2026,Mixed,ATHX,Overall,184 (490KG),101 (8.827KM),160 (16:38),,,,,,445
163,Christian Kosak & Tamara Salden,ATHX MUNICH 2026,Germany 🇩🇪,2026,Mixed,ATHX,Overall,157 (518KG),139 (8.675KM),153 (16:26),,,,,,449
163,Daniel Kochmann & Jenifer Stepanow,ATHX BERLIN 2026,Germany 🇩🇪,2026,Mixed,ATHX,Overall,179 (495KG),121 (8.751KM),149 (16:20),,,,,,449
165,Katharina Nikolov & Dominik Gastner,ATHX MUNICH 2026,Germany 🇩🇪,2026,Mixed,ATHX,Overall,205 (463KG),183 (8.38KM),62 (14:51),,,,,,450
166,Nick Burgmann & Katharina Saur,ATHX MUNICH 2026,Germany 🇩🇪,2026,Mixed,ATHX,Overall,172 (507KG),155 (8.561KM),125 (15:50),,,,,,452
166,Gina Gerz & Patrick Marie,ATHX MUNICH 2026,Germany 🇩🇪,2026,Mixed,ATHX,Overall,95 (560KG),202 (8.185KM),155 (16:27),,,,,,452
168,Christoph Huber & Melissa Hausladen,ATHX BERLIN 2026,Germany 🇩🇪,2026,Mixed,ATHX,Overall,119 (539KG),133 (8.694KM),214 (19:05),,,,,,466
169,Rene Michel & Manuela Hack,ATHX MUNICH 2026,Germany 🇩🇪,2026,Mixed,ATHX,Overall,170 (508KG),176 (8.439KM),121 (15:46),,,,,,467
169,Meiko Krause & Madeleine Krause,ATHX MUNICH 2026,Germany 🇩🇪,2026,Mixed,ATHX,Overall,207 (462KG),128 (8.709KM),132 (15:59),,,,,,467
171,maeve hamill & Adam Johnston,ATHX BERLIN 2026,Germany 🇩🇪,2026,Mixed,ATHX,Overall,33 (628KG),226 (7.923KM),209 (18:43),,,,,,468
172,Nicole Weber & Moritz Schwarz,ATHX MUNICH 2026,Germany 🇩🇪,2026,Mixed,ATHX,Overall,133 (532KG),159 (8.526KM),179 (17:22),,,,,,471
172,Sebastian Vermaat & Sonja Oeller,ATHX BERLIN 2026,Germany 🇩🇪,2026,Mixed,ATHX,Overall,191 (485KG),90 (8.89KM),190 (17:49),,,,,,471
174,Vanessa Tacke & Marek Buschmann,ATHX BERLIN 2026,Germany 🇩🇪,2026,Mixed,ATHX,Overall,205 (463KG),145 (8.625KM),122 (15:47),,,,,,472
175,Carolin Karn & Janosch Janson,ATHX MUNICH 2026,Germany 🇩🇪,2026,Mixed,ATHX,Overall,34 (625KG),239 (7.449KM),202 (18:22),,,,,,475
176,Daniel Ridinger & Jana Burghard,ATHX MUNICH 2026,Germany 🇩🇪,2026,Mixed,ATHX,Overall,154 (521KG),185 (8.302KM),140 (16:09),,,,,,479
177,Uli Heimes & Lars Neumann,ATHX BERLIN 2026,Germany 🇩🇪,2026,Mixed,ATHX,Overall,243 (369KG),75 (8.986KM),164 (16:40),,,,,,482
178,Regina Frieß & Peter Kronenwett,ATHX MUNICH 2026,Germany 🇩🇪,2026,Mixed,ATHX,Overall,98 (559KG),186 (8.301KM),206 (18:38),,,,,,490
178,Sandy Dannenberg & Philipp Dannenberg,ATHX BERLIN 2026,Germany 🇩🇪,2026,Mixed,ATHX,Overall,141 (528KG),145 (8.625KM),204 (18:26),,,,,,490
180,Nicole Bäumler & Markus Bäumler,ATHX BERLIN 2026,Germany 🇩🇪,2026,Mixed,ATHX,Overall,146 (524KG),182 (8.383KM),170 (17:05),,,,,,498
181,Pierre Lennartz & Vivien Düster,ATHX MUNICH 2026,Germany 🇩🇪,2026,Mixed,ATHX,Overall,127 (535KG),196 (8.241KM),176 (17:14),,,,,,499
182,Romy Leutner & Marco Friedrichs,ATHX BERLIN 2026,Germany 🇩🇪,2026,Mixed,ATHX,Overall,39 (623KG),230 (7.856KM),231 (20:19),,,,,,500
183,Celina Fischer & Denis Fuchs,ATHX BERLIN 2026,Germany 🇩🇪,2026,Mixed,ATHX,Overall,66 (590KG),236 (7.561KM),201 (18:15),,,,,,503
184,Stefanie Klar & Alexander Höcht,ATHX MUNICH 2026,Germany 🇩🇪,2026,Mixed,ATHX,Overall,160 (515KG),157 (8.537KM),191 (17:50),,,,,,508
185,Martin Hennig & Laura laura.hirthe@gmx.de,ATHX BERLIN 2026,Germany 🇩🇪,2026,Mixed,ATHX,Overall,181 (492KG),162 (8.518KM),168 (16:59),,,,,,511
186,Elena Walter & Steffen Bosch,ATHX BERLIN 2026,Germany 🇩🇪,2026,Mixed,ATHX,Overall,202 (470KG),150 (8.593KM),162 (16:39),,,,,,514
186,Franziska Schultz & Sebastian Schramm,ATHX BERLIN 2026,Germany 🇩🇪,2026,Mixed,ATHX,Overall,136 (531KG),193 (8.268KM),185 (17:33),,,,,,514
188,Tim Richter & Marina Baur,ATHX MUNICH 2026,Germany 🇩🇪,2026,Mixed,ATHX,Overall,58 (600KG),229 (7.876KM),228 (19:56),,,,,,515
189,Daniel Rath & Josephine Bärlin,ATHX BERLIN 2026,Germany 🇩🇪,2026,Mixed,ATHX,Overall,123 (537KG),198 (8.211KM),198 (18:03),,,,,,519
190,Luca Lahaye & Louis Aisosa Omoregbee,ATHX BERLIN 2026,Germany 🇩🇪,2026,Mixed,ATHX,Overall,230 (415KG),124 (8.728KM),166 (16:55),,,,,,520
191,Michelle Wothe & Eric Wothe,ATHX BERLIN 2026,Germany 🇩🇪,2026,Mixed,ATHX,Overall,207 (462KG),136 (8.69KM),180 (17:23),,,,,,523
192,Christian Leutner & Ines Leutner,ATHX BERLIN 2026,Germany 🇩🇪,2026,Mixed,ATHX,Overall,84 (572KG),232 (7.825KM),211 (18:49),,,,,,527
193,Christian Wurm & Aline Rückel,ATHX MUNICH 2026,Germany 🇩🇪,2026,Mixed,ATHX,Overall,193 (480KG),140 (8.655KM),199 (18:08),,,,,,532
194,Andreas Ehrat & Lena Schober,ATHX MUNICH 2026,Germany 🇩🇪,2026,Mixed,ATHX,Overall,165 (513KG),179 (8.432KM),193 (17:55),,,,,,537
195,Jan Kollmann & Ursula Mühle,ATHX MUNICH 2026,Germany 🇩🇪,2026,Mixed,ATHX,Overall,153 (522KG),212 (8.073KM),173 (17:09),,,,,,538
196,Lina Schuhmacher & Valentin Schneider,ATHX MUNICH 2026,Germany 🇩🇪,2026,Mixed,ATHX,Overall,126 (536KG),210 (8.111KM),203 (18:23),,,,,,539
197,Daniel Kraus & Lisa Brütting,ATHX MUNICH 2026,Germany 🇩🇪,2026,Mixed,ATHX,Overall,234 (405KG),112 (8.79KM),195 (17:57),,,,,,541
198,Melanie Schwalb & Hugo Heid,ATHX BERLIN 2026,Germany 🇩🇪,2026,Mixed,ATHX,Overall,238 (397KG),117 (8.764KM),187 (17:42),,,,,,542
198,Denis Brandt & Sarah Mertes,ATHX BERLIN 2026,Germany 🇩🇪,2026,Mixed,ATHX,Overall,113 (543KG),222 (7.995KM),207 (18:39),,,,,,542
200,Laurin Sanllorente & Anissa Schmidt-Mößinger,ATHX MUNICH 2026,Germany 🇩🇪,2026,Mixed,ATHX,Overall,196 (477KG),177 (8.434KM),170 (17:05),,,,,,543
201,Gai Luong & Carole Merens,ATHX MUNICH 2026,Germany 🇩🇪,2026,Mixed,ATHX,Overall,159 (516KG),220 (8.014KM),169 (17:03),,,,,,548
201,Robert Richter & Silke Holzmayr,ATHX MUNICH 2026,Germany 🇩🇪,2026,Mixed,ATHX,Overall,198 (473KG),158 (8.532KM),192 (17:52),,,,,,548
203,Sven Riek & Julia Waibel,ATHX MUNICH 2026,Germany 🇩🇪,2026,Mixed,ATHX,Overall,184 (490KG),188 (8.298KM),181 (17:24),,,,,,553
204,Luka Braun & Anouk Köhler,ATHX BERLIN 2026,Germany 🇩🇪,2026,Mixed,ATHX,Overall,144 (525KG),206 (8.153KM),205 (18:36),,,,,,555
205,Markus Ornigg & Nira Zoesmar,ATHX MUNICH 2026,Germany 🇩🇪,2026,Mixed,ATHX,Overall,168 (511KG),224 (7.983KM),170 (17:05),,,,,,562
206,Lisa Majewski & Philipp Zimmermann,ATHX MUNICH 2026,Germany 🇩🇪,2026,Mixed,ATHX,Overall,223 (431KG),163 (8.514KM),177 (17:20),,,,,,563
206,Corinna Rose & Christian Böttger,ATHX BERLIN 2026,Germany 🇩🇪,2026,Mixed,ATHX,Overall,89 (565KG),240 (7.416KM),234 (20:50),,,,,,563
208,Natalie Maier & Jaime Martinez Manresa,ATHX MUNICH 2026,Germany 🇩🇪,2026,Mixed,ATHX,Overall,156 (520KG),211 (8.095KM),197 (18:00),,,,,,564
209,Oliver Lange & Sarah Andris,ATHX BERLIN 2026,Germany 🇩🇪,2026,Mixed,ATHX,Overall,215 (455KG),167 (8.474KM),184 (17:31),,,,,,566
210,Alexander Karpf & Vivienne Schulze,ATHX BERLIN 2026,Germany 🇩🇪,2026,Mixed,ATHX,Overall,114 (540KG),243 (7.148KM),212 (18:56),,,,,,569
211,Mitchel Fischer & Melanie Eckl,ATHX MUNICH 2026,Germany 🇩🇪,2026,Mixed,ATHX,Overall,229 (416KG),142 (8.628KM),200 (18:11),,,,,,571
212,Nadine Freigang & Thomas Helbig,ATHX BERLIN 2026,Germany 🇩🇪,2026,Mixed,ATHX,Overall,198 (473KG),156 (8.553KM),221 (19:18),,,,,,575
213,Sabrina Wagner & Dave Gummelt,ATHX BERLIN 2026,Germany 🇩🇪,2026,Mixed,ATHX,Overall,186 (489KG),174 (8.452KM),218 (19:16),,,,,,578
213,Ly Trinh & Henning Reimers,ATHX BERLIN 2026,Germany 🇩🇪,2026,Mixed,ATHX,Overall,183 (491KG),165 (8.507KM),230 (20:04),,,,,,578
215,Jenna Kadlubski & Christian Maksvitat,ATHX BERLIN 2026,Germany 🇩🇪,2026,Mixed,ATHX,Overall,160 (515KG),213 (8.065KM),208 (18:40),,,,,,581
216,Matthias Betzl & Anna Köhler,ATHX MUNICH 2026,Germany 🇩🇪,2026,Mixed,ATHX,Overall,138 (529KG),221 (7.997KM),227 (19:42),,,,,,586
217,Linda Clauß & Alexander Rößner,ATHX MUNICH 2026,Germany 🇩🇪,2026,Mixed,ATHX,Overall,238 (397KG),141 (8.641KM),214 (19:05),,,,,,593
218,Monika Sestic & Slaven Sestic,ATHX BERLIN 2026,Germany 🇩🇪,2026,Mixed,ATHX,Overall,169 (510KG),203 (8.18KM),225 (19:38),,,,,,597
219,Filip Njezic & Linda Marks,ATHX MUNICH 2026,Germany 🇩🇪,2026,Mixed,ATHX,Overall,188 (488KG),197 (8.226KM),216 (19:10),,,,,,601
220,Franziska Bartenschlager & Markus Liese,ATHX MUNICH 2026,Germany 🇩🇪,2026,Mixed,ATHX,Overall,198 (473KG),225 (7.953KM),186 (17:35),,,,,,609
221,Dennis Klös & Anna-Lena Klös,ATHX MUNICH 2026,Germany 🇩🇪,2026,Mixed,ATHX,Overall,226 (427KG),173 (8.456KM),213 (18:59),,,,,,612
221,Sandra Mühlhäußer & Lukas Müller,ATHX MUNICH 2026,Germany 🇩🇪,2026,Mixed,ATHX,Overall,129 (534KG),241 (7.201KM),242 (23:44),,,,,,612
223,Philipp Huebsch & Julia Roth,ATHX MUNICH 2026,Germany 🇩🇪,2026,Mixed,ATHX,Overall,230 (415KG),200 (8.202KM),183 (17:26),,,,,,613
224,Maik Leber & Valeska Grabowski,ATHX BERLIN 2026,Germany 🇩🇪,2026,Mixed,ATHX,Overall,220 (444KG),172 (8.457KM),225 (19:38),,,,,,617
225,Steffen Mädger & Ilona Michallek,ATHX BERLIN 2026,Germany 🇩🇪,2026,Mixed,ATHX,Overall,221 (437KG),191 (8.272KM),210 (18:47),,,,,,622
226,Sebastian Letz & Jennifer Letz,ATHX BERLIN 2026,Germany 🇩🇪,2026,Mixed,ATHX,Overall,218 (450KG),195 (8.244KM),217 (19:15),,,,,,630
227,Jeff Gosnell & Thea Gosnell,ATHX MUNICH 2026,Germany 🇩🇪,2026,Mixed,ATHX,Overall,172 (507KG),227 (7.916KM),232 (20:30),,,,,,631
228,Juergen Deckert & Kerstin Deckert,ATHX MUNICH 2026,Germany 🇩🇪,2026,Mixed,ATHX,Overall,232 (414KG),184 (8.357KM),222 (19:20),,,,,,638
229,Nina Sieger & Jakob Sieger,ATHX BERLIN 2026,Germany 🇩🇪,2026,Mixed,ATHX,Overall,224 (430KG),219 (8.048KM),196 (17:59),,,,,,639
230,Louis Reinecke & Alexandra Scheidl,ATHX MUNICH 2026,Germany 🇩🇪,2026,Mixed,ATHX,Overall,201 (471KG),218 (8.051KM),223 (19:23),,,,,,642
231,Katharina Ulrich & Alexander Ulrich,ATHX MUNICH 2026,Germany 🇩🇪,2026,Mixed,ATHX,Overall,237 (400KG),170 (8.461KM),236 (20:55),,,,,,643
232,Stefan Stöckle & Daniela Stöckle,ATHX MUNICH 2026,Germany 🇩🇪,2026,Mixed,ATHX,Overall,193 (480KG),233 (7.743KM),219 (19:17),,,,,,645
233,Christian Schmidt & Irena Schmidt,ATHX MUNICH 2026,Germany 🇩🇪,2026,Mixed,ATHX,Overall,242 (370KG),177 (8.434KM),229 (19:57),,,,,,648
234,Georgios Kanistras & Saskia-Alessandra Forkel,ATHX MUNICH 2026,Germany 🇩🇪,2026,Mixed,ATHX,Overall,209 (460KG),216 (8.063KM),224 (19:26),,,,,,649
235,Josi Sandhaus & Alex Haberberger,ATHX BERLIN 2026,Germany 🇩🇪,2026,Mixed,ATHX,Overall,225 (428KG),192 (8.271KM),241 (23:29),,,,,,658
235,Anna Sylvester & Stefan Koch,ATHX BERLIN 2026,Germany 🇩🇪,2026,Mixed,ATHX,Overall,216 (454KG),207 (8.137KM),235 (20:52),,,,,,658
237,Andreas Botey & Alexandra Voigt,ATHX MUNICH 2026,Germany 🇩🇪,2026,Mixed,ATHX,Overall,211 (458KG),234 (7.577KM),233 (20:47),,,,,,678
238,Cornelia Schmid & Marc Schmid,ATHX MUNICH 2026,Germany 🇩🇪,2026,Mixed,ATHX,Overall,195 (478KG),242 (7.166KM),243 (23:50),,,,,,680
239,Konstantin Hoffmann & Michelle Guy,ATHX BERLIN 2026,Germany 🇩🇪,2026,Mixed,ATHX,Overall,234 (405KG),231 (7.85KM),219 (19:17),,,,,,684
240,Alexander Ebert & Katharina Ebert,ATHX BERLIN 2026,Germany 🇩🇪,2026,Mixed,ATHX,Overall,241 (388KG),209 (8.125KM),238 (21:32),,,,,,688
241,Antonio Villani & Nilla Hoppe,ATHX BERLIN 2026,Germany 🇩🇪,2026,Mixed,ATHX,Overall,228 (421KG),238 (7.483KM),240 (22:45),,,,,,706
242,Vera Schnepf & Peter Winkler,ATHX MUNICH 2026,Germany 🇩🇪,2026,Mixed,ATHX,Overall,236 (401KG),235 (7.566KM),237 (21:28),,,,,,708
243,Gavin Perrie & Emma Sinclair,ATHX MUNICH 2026,Germany 🇩🇪,2026,Mixed,ATHX,Overall,240 (393KG),237 (7.486KM),239 (21:43),,,,,,716
1,Alina Bräuer & Sami Mardnli,ATHX BERLIN 2026,Germany 🇩🇪,2026,Mixed,ATHX,MetCon X,,,11:54,,,,,,1
2,Matthias Herter & Nina Lorenz,ATHX MUNICH 2026,Germany 🇩🇪,2026,Mixed,ATHX,MetCon X,,,12:21,,,,,,2
3,Martin Michelius & Nathalie Duerbeck,ATHX BERLIN 2026,Germany 🇩🇪,2026,Mixed,ATHX,MetCon X,,,12:28,,,,,,3
4,Sarah Kerr & Chris Pawson,ATHX BERLIN 2026,Germany 🇩🇪,2026,Mixed,ATHX,MetCon X,,,12:40,,,,,,4
5,Daniel Birca & Klára Nováková,ATHX BERLIN 2026,Germany 🇩🇪,2026,Mixed,ATHX,MetCon X,,,12:44,,,,,,5
6,Kathryn Metcalfe & Joshua Sacher,ATHX BERLIN 2026,Germany 🇩🇪,2026,Mixed,ATHX,MetCon X,,,12:46,,,,,,6
7,Vivien Gantioler & Marian Klopcic,ATHX MUNICH 2026,Germany 🇩🇪,2026,Mixed,ATHX,MetCon X,,,12:47,,,,,,7
8,Moritz Scheele & Franziska Scheele,ATHX MUNICH 2026,Germany 🇩🇪,2026,Mixed,ATHX,MetCon X,,,12:53,,,,,,8
9,Elisabeth Schmidt & Erik Hellwig,ATHX MUNICH 2026,Germany 🇩🇪,2026,Mixed,ATHX,MetCon X,,,12:55,,,,,,9
10,Kathrin Limmer & Stephan Friedrich,ATHX BERLIN 2026,Germany 🇩🇪,2026,Mixed,ATHX,MetCon X,,,13:00,,,,,,10
10,Michal Schwarz & Petra Juskova,ATHX BERLIN 2026,Germany 🇩🇪,2026,Mixed,ATHX,MetCon X,,,13:00,,,,,,10
12,Angela Deiß & Alexander Deiß,ATHX MUNICH 2026,Germany 🇩🇪,2026,Mixed,ATHX,MetCon X,,,13:04,,,,,,12
13,Florian Kowalczyk & Nadine Henningsen,ATHX BERLIN 2026,Germany 🇩🇪,2026,Mixed,ATHX,MetCon X,,,13:06,,,,,,13
14,Paula Loibl & Marius Grad,ATHX BERLIN 2026,Germany 🇩🇪,2026,Mixed,ATHX,MetCon X,,,13:10,,,,,,14
15,Anna Connor-Astreos & Liam Eldridge,ATHX BERLIN 2026,Germany 🇩🇪,2026,Mixed,ATHX,MetCon X,,,13:12,,,,,,15
16,Nina Knieriemen & Pascal Pech,ATHX BERLIN 2026,Germany 🇩🇪,2026,Mixed,ATHX,MetCon X,,,13:19,,,,,,16
17,Johanna Alber & Artjom Müller,ATHX MUNICH 2026,Germany 🇩🇪,2026,Mixed,ATHX,MetCon X,,,13:23,,,,,,17
18,Christian Nolde & Steffi Schmitt,ATHX MUNICH 2026,Germany 🇩🇪,2026,Mixed,ATHX,MetCon X,,,13:26,,,,,,18
19,Jenny Klemenz & Phillip Benda,ATHX MUNICH 2026,Germany 🇩🇪,2026,Mixed,ATHX,MetCon X,,,13:28,,,,,,19
20,Rebecca Hertlein & Markus Gebauer,ATHX MUNICH 2026,Germany 🇩🇪,2026,Mixed,ATHX,MetCon X,,,13:35,,,,,,20
21,Christin Bosinsky & Deniz Galander,ATHX MUNICH 2026,Germany 🇩🇪,2026,Mixed,ATHX,MetCon X,,,13:37,,,,,,21
22,Malte Frontzek & Kerstin Brückner,ATHX BERLIN 2026,Germany 🇩🇪,2026,Mixed,ATHX,MetCon X,,,13:38,,,,,,22
23,Hendrik Kabelitz & Leonie Kolle,ATHX MUNICH 2026,Germany 🇩🇪,2026,Mixed,ATHX,MetCon X,,,13:50,,,,,,23
23,Anna Horatz & Thomas Reppa,ATHX MUNICH 2026,Germany 🇩🇪,2026,Mixed,ATHX,MetCon X,,,13:50,,,,,,23
23,Luis Willer & Julia Zeller,ATHX BERLIN 2026,Germany 🇩🇪,2026,Mixed,ATHX,MetCon X,,,13:50,,,,,,23
26,Mirjam Blass & Hannes Röhrle,ATHX MUNICH 2026,Germany 🇩🇪,2026,Mixed,ATHX,MetCon X,,,13:52,,,,,,26
27,Daniela Schlosser & Daniel Schlosser,ATHX MUNICH 2026,Germany 🇩🇪,2026,Mixed,ATHX,MetCon X,,,13:54,,,,,,27
28,Kathrin Limmer & Stephan Friedrich,ATHX MUNICH 2026,Germany 🇩🇪,2026,Mixed,ATHX,MetCon X,,,13:57,,,,,,28
28,Kathrin Binder & Pietro Vecchio,ATHX MUNICH 2026,Germany 🇩🇪,2026,Mixed,ATHX,MetCon X,,,13:57,,,,,,28
30,Jule Paulsen & Thies Nicolaisen,ATHX BERLIN 2026,Germany 🇩🇪,2026,Mixed,ATHX,MetCon X,,,14:00,,,,,,30
31,Julia Rißmann & Jan Gimbel,ATHX BERLIN 2026,Germany 🇩🇪,2026,Mixed,ATHX,MetCon X,,,14:01,,,,,,31
32,Christin Bosinsky & Deniz Galander,ATHX BERLIN 2026,Germany 🇩🇪,2026,Mixed,ATHX,MetCon X,,,14:03,,,,,,32
33,Jonathan Bunel joly & Andrea Hendry,ATHX BERLIN 2026,Germany 🇩🇪,2026,Mixed,ATHX,MetCon X,,,14:05,,,,,,33
34,Sophia Mayr & Steffen Rupp,ATHX MUNICH 2026,Germany 🇩🇪,2026,Mixed,ATHX,MetCon X,,,14:10,,,,,,34
35,Antonia Lim & Tobias Klaus,ATHX MUNICH 2026,Germany 🇩🇪,2026,Mixed,ATHX,MetCon X,,,14:12,,,,,,35
36,Cynthia Mensah & Jannes Werner,ATHX BERLIN 2026,Germany 🇩🇪,2026,Mixed,ATHX,MetCon X,,,14:14,,,,,,36
37,Christof Griebenow & Éloïse LASNET,ATHX MUNICH 2026,Germany 🇩🇪,2026,Mixed,ATHX,MetCon X,,,14:17,,,,,,37
38,Chiara Regli & Enzo Helbling,ATHX BERLIN 2026,Germany 🇩🇪,2026,Mixed,ATHX,MetCon X,,,14:19,,,,,,38
38,Julian Roppelt & Viktoria Roppelt,ATHX BERLIN 2026,Germany 🇩🇪,2026,Mixed,ATHX,MetCon X,,,14:19,,,,,,38
40,Alexander Spießl & Manuela Schambeck,ATHX BERLIN 2026,Germany 🇩🇪,2026,Mixed,ATHX,MetCon X,,,14:24,,,,,,40
41,Marijke Jacobs & Stefan Rohroff,ATHX MUNICH 2026,Germany 🇩🇪,2026,Mixed,ATHX,MetCon X,,,14:25,,,,,,41
41,Benjamin Lux & Anne Lux,ATHX BERLIN 2026,Germany 🇩🇪,2026,Mixed,ATHX,MetCon X,,,14:25,,,,,,41
43,Kelli Weinreich & Neil Weinreich,ATHX MUNICH 2026,Germany 🇩🇪,2026,Mixed,ATHX,MetCon X,,,14:26,,,,,,43
43,Laura Knon & Stefan s.schegg@gmail.com,ATHX MUNICH 2026,Germany 🇩🇪,2026,Mixed,ATHX,MetCon X,,,14:26,,,,,,43
43,Angela Henning & Marc Maier,ATHX MUNICH 2026,Germany 🇩🇪,2026,Mixed,ATHX,MetCon X,,,14:26,,,,,,43
46,Cynthia Gurrieri-Uhl & Armin Uhl,ATHX BERLIN 2026,Germany 🇩🇪,2026,Mixed,ATHX,MetCon X,,,14:30,,,,,,46
47,Saskia Noack & Marc Ewers,ATHX BERLIN 2026,Germany 🇩🇪,2026,Mixed,ATHX,MetCon X,,,14:34,,,,,,47
48,Celina Krieb & Christoph Hagmann,ATHX MUNICH 2026,Germany 🇩🇪,2026,Mixed,ATHX,MetCon X,,,14:35,,,,,,48
49,Andreas Burcea Marcu & Jaime Imbusch,ATHX MUNICH 2026,Germany 🇩🇪,2026,Mixed,ATHX,MetCon X,,,14:36,,,,,,49
50,Lea Stein & Nico Küttner,ATHX BERLIN 2026,Germany 🇩🇪,2026,Mixed,ATHX,MetCon X,,,14:37,,,,,,50
51,Christian Schnur & Inge Kling,ATHX BERLIN 2026,Germany 🇩🇪,2026,Mixed,ATHX,MetCon X,,,14:41,,,,,,51
52,Tobias Maier & Christina Beck,ATHX MUNICH 2026,Germany 🇩🇪,2026,Mixed,ATHX,MetCon X,,,14:42,,,,,,52
52,Melissa Filion & Matthieu Rebaud,ATHX MUNICH 2026,Germany 🇩🇪,2026,Mixed,ATHX,MetCon X,,,14:42,,,,,,52
54,Laszlo Peimli & Sabrina Müller,ATHX MUNICH 2026,Germany 🇩🇪,2026,Mixed,ATHX,MetCon X,,,14:43,,,,,,54
55,Deniz Püseli & Michèle Engel,ATHX MUNICH 2026,Germany 🇩🇪,2026,Mixed,ATHX,MetCon X,,,14:45,,,,,,55
55,Sabrina Leinmüller & Hannes Röhrle,ATHX BERLIN 2026,Germany 🇩🇪,2026,Mixed,ATHX,MetCon X,,,14:45,,,,,,55
57,Giannina Pomilio & Angelo E,ATHX BERLIN 2026,Germany 🇩🇪,2026,Mixed,ATHX,MetCon X,,,14:46,,,,,,57
58,Alexander Zamida & Sabrina Zamida,ATHX MUNICH 2026,Germany 🇩🇪,2026,Mixed,ATHX,MetCon X,,,14:47,,,,,,58
58,Jule Paulsen & Thies Nicolaisen,ATHX MUNICH 2026,Germany 🇩🇪,2026,Mixed,ATHX,MetCon X,,,14:47,,,,,,58
60,Jana Monin & Adrian Roseanu,ATHX BERLIN 2026,Germany 🇩🇪,2026,Mixed,ATHX,MetCon X,,,14:48,,,,,,60
61,Peter Schwendinger & Melanie Schwendinger,ATHX MUNICH 2026,Germany 🇩🇪,2026,Mixed,ATHX,MetCon X,,,14:50,,,,,,61
62,Marcel Jöbstl & Zoë Killisch,ATHX MUNICH 2026,Germany 🇩🇪,2026,Mixed,ATHX,MetCon X,,,14:51,,,,,,62
62,Katharina Nikolov & Dominik Gastner,ATHX MUNICH 2026,Germany 🇩🇪,2026,Mixed,ATHX,MetCon X,,,14:51,,,,,,62
62,Sally Petzold & Marcel Wichert,ATHX BERLIN 2026,Germany 🇩🇪,2026,Mixed,ATHX,MetCon X,,,14:51,,,,,,62
65,Stephen Paul & Laura Kleiber,ATHX MUNICH 2026,Germany 🇩🇪,2026,Mixed,ATHX,MetCon X,,,14:52,,,,,,65
66,Anna-Lena Markus & Patrick Siehoff,ATHX BERLIN 2026,Germany 🇩🇪,2026,Mixed,ATHX,MetCon X,,,14:53,,,,,,66
66,Adrianna Wisniewska & Jaime Bodelon,ATHX BERLIN 2026,Germany 🇩🇪,2026,Mixed,ATHX,MetCon X,,,14:53,,,,,,66
68,Sina Bertelsbeck & Philip Heitmann,ATHX BERLIN 2026,Germany 🇩🇪,2026,Mixed,ATHX,MetCon X,,,14:54,,,,,,68
68,Romy Trömel & Dan Baaken,ATHX BERLIN 2026,Germany 🇩🇪,2026,Mixed,ATHX,MetCon X,,,14:54,,,,,,68
70,Nicole Malucha & Max Anossow,ATHX BERLIN 2026,Germany 🇩🇪,2026,Mixed,ATHX,MetCon X,,,14:55,,,,,,70
70,Kate Gerhard & Thomas Führer,ATHX BERLIN 2026,Germany 🇩🇪,2026,Mixed,ATHX,MetCon X,,,14:55,,,,,,70
72,Joana Müller & Daniel Fuentealba,ATHX BERLIN 2026,Germany 🇩🇪,2026,Mixed,ATHX,MetCon X,,,14:57,,,,,,72
73,Nils Metzger & Julia Lutz,ATHX MUNICH 2026,Germany 🇩🇪,2026,Mixed,ATHX,MetCon X,,,14:59,,,,,,73
73,Maximilian Kraus & Laura Nefzger,ATHX MUNICH 2026,Germany 🇩🇪,2026,Mixed,ATHX,MetCon X,,,14:59,,,,,,73
75,Thamara Schuster & Stephan Hotzy,ATHX BERLIN 2026,Germany 🇩🇪,2026,Mixed,ATHX,MetCon X,,,15:00,,,,,,75
76,Bastian Bienlein & U Z,ATHX BERLIN 2026,Germany 🇩🇪,2026,Mixed,ATHX,MetCon X,,,15:01,,,,,,76
76,Maximilian Köckritz & Eva Liedtke,ATHX BERLIN 2026,Germany 🇩🇪,2026,Mixed,ATHX,MetCon X,,,15:01,,,,,,76
78,Alruna Piccinato & Andrés Müller,ATHX MUNICH 2026,Germany 🇩🇪,2026,Mixed,ATHX,MetCon X,,,15:02,,,,,,78
78,Valentin Gressel & Amelie Bingart,ATHX MUNICH 2026,Germany 🇩🇪,2026,Mixed,ATHX,MetCon X,,,15:02,,,,,,78
80,Ines Baer & Kevin Deininger,ATHX MUNICH 2026,Germany 🇩🇪,2026,Mixed,ATHX,MetCon X,,,15:03,,,,,,80
80,Melanie Walch & Michael Walch,ATHX BERLIN 2026,Germany 🇩🇪,2026,Mixed,ATHX,MetCon X,,,15:03,,,,,,80
82,Daniela Zimmerhackel & Eugen Wiens,ATHX MUNICH 2026,Germany 🇩🇪,2026,Mixed,ATHX,MetCon X,,,15:04,,,,,,82
82,Sabine Schartner & Florian Geyer,ATHX MUNICH 2026,Germany 🇩🇪,2026,Mixed,ATHX,MetCon X,,,15:04,,,,,,82
84,Nicole Hager & Rene Leier,ATHX MUNICH 2026,Germany 🇩🇪,2026,Mixed,ATHX,MetCon X,,,15:05,,,,,,84
85,Florian Abram & Vanessa Ludin,ATHX MUNICH 2026,Germany 🇩🇪,2026,Mixed,ATHX,MetCon X,,,15:07,,,,,,85
86,Alexander Hespeler & Bahar Scholz,ATHX BERLIN 2026,Germany 🇩🇪,2026,Mixed,ATHX,MetCon X,,,15:08,,,,,,86
87,Lukas Quackatz & Jülly-Inna Liang,ATHX BERLIN 2026,Germany 🇩🇪,2026,Mixed,ATHX,MetCon X,,,15:09,,,,,,87
88,Cedric Budmiger & Bettina Budmiger,ATHX MUNICH 2026,Germany 🇩🇪,2026,Mixed,ATHX,MetCon X,,,15:10,,,,,,88
88,Tamara Fekete & Norbert Gyongyosi,ATHX MUNICH 2026,Germany 🇩🇪,2026,Mixed,ATHX,MetCon X,,,15:10,,,,,,88
90,Lydia Kreuter & Lukas Lundbeck,ATHX MUNICH 2026,Germany 🇩🇪,2026,Mixed,ATHX,MetCon X,,,15:11,,,,,,90
90,Judith Claßen & Jonas Gutsche,ATHX MUNICH 2026,Germany 🇩🇪,2026,Mixed,ATHX,MetCon X,,,15:11,,,,,,90
92,Eleonora Keller & Robert Gunz,ATHX MUNICH 2026,Germany 🇩🇪,2026,Mixed,ATHX,MetCon X,,,15:13,,,,,,92
92,Florian Sebald & Agnes Bretschneider,ATHX BERLIN 2026,Germany 🇩🇪,2026,Mixed,ATHX,MetCon X,,,15:13,,,,,,92
92,Steve Enning & Anna Heuschmann,ATHX BERLIN 2026,Germany 🇩🇪,2026,Mixed,ATHX,MetCon X,,,15:13,,,,,,92
95,Pascal Giger & Janine Czeschner,ATHX BERLIN 2026,Germany 🇩🇪,2026,Mixed,ATHX,MetCon X,,,15:15,,,,,,95
95,Susanne Kopf & Patrick Röhrl,ATHX BERLIN 2026,Germany 🇩🇪,2026,Mixed,ATHX,MetCon X,,,15:15,,,,,,95
97,Mike Lämmel & Yvonne Lämmel,ATHX MUNICH 2026,Germany 🇩🇪,2026,Mixed,ATHX,MetCon X,,,15:17,,,,,,97
98,Jens Geppert & Christin Friedrich,ATHX MUNICH 2026,Germany 🇩🇪,2026,Mixed,ATHX,MetCon X,,,15:18,,,,,,98
99,Maximilian Stark & Veronika Steuringer,ATHX MUNICH 2026,Germany 🇩🇪,2026,Mixed,ATHX,MetCon X,,,15:19,,,,,,99
100,Daniel Buchert & Antonia Pfeiffer,ATHX MUNICH 2026,Germany 🇩🇪,2026,Mixed,ATHX,MetCon X,,,15:20,,,,,,100
100,Ines Noeske & Boubacar Bah,ATHX BERLIN 2026,Germany 🇩🇪,2026,Mixed,ATHX,MetCon X,,,15:20,,,,,,100
102,Simone Schuhbauer & Alexander Hien,ATHX BERLIN 2026,Germany 🇩🇪,2026,Mixed,ATHX,MetCon X,,,15:21,,,,,,102
103,Eugen Wiens & Asrai Soos,ATHX MUNICH 2026,Germany 🇩🇪,2026,Mixed,ATHX,MetCon X,,,15:26,,,,,,103
103,Simone Schär & Simon Steinemann,ATHX MUNICH 2026,Germany 🇩🇪,2026,Mixed,ATHX,MetCon X,,,15:26,,,,,,103
105,Steffen Waibel & Julia Waibel,ATHX BERLIN 2026,Germany 🇩🇪,2026,Mixed,ATHX,MetCon X,,,15:27,,,,,,105
105,Veronika Hammerbacher & Meier.Florian Team,ATHX BERLIN 2026,Germany 🇩🇪,2026,Mixed,ATHX,MetCon X,,,15:27,,,,,,105
105,Nadine Taschner & Lengsfeld Maximilian,ATHX BERLIN 2026,Germany 🇩🇪,2026,Mixed,ATHX,MetCon X,,,15:27,,,,,,105
108,Tanja Münch-Dürl & Bernd Dürl,ATHX MUNICH 2026,Germany 🇩🇪,2026,Mixed,ATHX,MetCon X,,,15:29,,,,,,108
108,Paula Loibl & Marius Grad,ATHX MUNICH 2026,Germany 🇩🇪,2026,Mixed,ATHX,MetCon X,,,15:29,,,,,,108
108,Sarah Hünting & Philipp Wolf,ATHX MUNICH 2026,Germany 🇩🇪,2026,Mixed,ATHX,MetCon X,,,15:29,,,,,,108
111,Matthias Pöder & Annie Sienerth,ATHX MUNICH 2026,Germany 🇩🇪,2026,Mixed,ATHX,MetCon X,,,15:35,,,,,,111
112,Stefanie Einmüller & Robert Einmüller,ATHX MUNICH 2026,Germany 🇩🇪,2026,Mixed,ATHX,MetCon X,,,15:36,,,,,,112
113,Magdalena Moltzan-Malkowska & Zbigniew Moltzan,ATHX BERLIN 2026,Germany 🇩🇪,2026,Mixed,ATHX,MetCon X,,,15:37,,,,,,113
114,Jan Danowski & Sara Schäfers,ATHX BERLIN 2026,Germany 🇩🇪,2026,Mixed,ATHX,MetCon X,,,15:38,,,,,,114
115,Jule Minrath & Leon Horn,ATHX BERLIN 2026,Germany 🇩🇪,2026,Mixed,ATHX,MetCon X,,,15:39,,,,,,115
115,Fabian Kettlitz & Romina Buschick,ATHX BERLIN 2026,Germany 🇩🇪,2026,Mixed,ATHX,MetCon X,,,15:39,,,,,,115
117,Veronika Hammerbacher & Marius Stumpf,ATHX MUNICH 2026,Germany 🇩🇪,2026,Mixed,ATHX,MetCon X,,,15:40,,,,,,117
117,Stefanie Bauch & Sebastian Pletz,ATHX MUNICH 2026,Germany 🇩🇪,2026,Mixed,ATHX,MetCon X,,,15:40,,,,,,117
119,David Stein & Sarah Neises,ATHX BERLIN 2026,Germany 🇩🇪,2026,Mixed,ATHX,MetCon X,,,15:44,,,,,,119
120,Katja Stabenow & Markus Oesteritz,ATHX BERLIN 2026,Germany 🇩🇪,2026,Mixed,ATHX,MetCon X,,,15:45,,,,,,120
121,Rene Michel & Manuela Hack,ATHX MUNICH 2026,Germany 🇩🇪,2026,Mixed,ATHX,MetCon X,,,15:46,,,,,,121
122,Vanessa Tacke & Marek Buschmann,ATHX BERLIN 2026,Germany 🇩🇪,2026,Mixed,ATHX,MetCon X,,,15:47,,,,,,122
123,Viviane Schemat & Markus Simon,ATHX MUNICH 2026,Germany 🇩🇪,2026,Mixed,ATHX,MetCon X,,,15:49,,,,,,123
123,Luisa Eickmeyer & Frederic Ruppel,ATHX BERLIN 2026,Germany 🇩🇪,2026,Mixed,ATHX,MetCon X,,,15:49,,,,,,123
125,Nick Burgmann & Katharina Saur,ATHX MUNICH 2026,Germany 🇩🇪,2026,Mixed,ATHX,MetCon X,,,15:50,,,,,,125
126,Andreas Synak & Anina Günzel,ATHX BERLIN 2026,Germany 🇩🇪,2026,Mixed,ATHX,MetCon X,,,15:52,,,,,,126
127,Vioneta vioneta.bendel@gmail.com & Philip Hakenberg,ATHX MUNICH 2026,Germany 🇩🇪,2026,Mixed,ATHX,MetCon X,,,15:55,,,,,,127
128,Anja Schürken & Sven Schürken,ATHX MUNICH 2026,Germany 🇩🇪,2026,Mixed,ATHX,MetCon X,,,15:56,,,,,,128
128,Jan Lesczinski & Verena Lesczinski,ATHX MUNICH 2026,Germany 🇩🇪,2026,Mixed,ATHX,MetCon X,,,15:56,,,,,,128
128,Heiko Rutsch & Vanessa Brüggler,ATHX MUNICH 2026,Germany 🇩🇪,2026,Mixed,ATHX,MetCon X,,,15:56,,,,,,128
131,Mark Hartnett-Morgan & MARIE WAGG,ATHX MUNICH 2026,Germany 🇩🇪,2026,Mixed,ATHX,MetCon X,,,15:58,,,,,,131
132,Meiko Krause & Madeleine Krause,ATHX MUNICH 2026,Germany 🇩🇪,2026,Mixed,ATHX,MetCon X,,,15:59,,,,,,132
132,Tim Weyland & Marie Kaiser,ATHX BERLIN 2026,Germany 🇩🇪,2026,Mixed,ATHX,MetCon X,,,15:59,,,,,,132
132,Julia Hornauer & Marcel Schreiber,ATHX BERLIN 2026,Germany 🇩🇪,2026,Mixed,ATHX,MetCon X,,,15:59,,,,,,132
135,Angelos Hoikas & Helena Comman,ATHX MUNICH 2026,Germany 🇩🇪,2026,Mixed,ATHX,MetCon X,,,16:00,,,,,,135
135,Ferdinand Greinacher & Laura Lehmkuhl,ATHX BERLIN 2026,Germany 🇩🇪,2026,Mixed,ATHX,MetCon X,,,16:00,,,,,,135
137,Maria-Theresia Grosser-Schneider & Christian Schneider,ATHX MUNICH 2026,Germany 🇩🇪,2026,Mixed,ATHX,MetCon X,,,16:01,,,,,,137
137,Alexander Irmscher & Tina Irmscher,ATHX BERLIN 2026,Germany 🇩🇪,2026,Mixed,ATHX,MetCon X,,,16:01,,,,,,137
139,Franz Ströher & Sophie Bredendiek,ATHX MUNICH 2026,Germany 🇩🇪,2026,Mixed,ATHX,MetCon X,,,16:03,,,,,,139
140,Daniel Ridinger & Jana Burghard,ATHX MUNICH 2026,Germany 🇩🇪,2026,Mixed,ATHX,MetCon X,,,16:09,,,,,,140
140,Edith Moser & Manfred Moser,ATHX BERLIN 2026,Germany 🇩🇪,2026,Mixed,ATHX,MetCon X,,,16:09,,,,,,140
142,Dominik Honz & Raphaela Honz,ATHX MUNICH 2026,Germany 🇩🇪,2026,Mixed,ATHX,MetCon X,,,16:10,,,,,,142
142,Michael Haid & Babett Groholy,ATHX MUNICH 2026,Germany 🇩🇪,2026,Mixed,ATHX,MetCon X,,,16:10,,,,,,142
144,Andreas Paul & Natalia Brozda,ATHX MUNICH 2026,Germany 🇩🇪,2026,Mixed,ATHX,MetCon X,,,16:13,,,,,,144
145,Maximilian Jakob & Lara Pfleider,ATHX MUNICH 2026,Germany 🇩🇪,2026,Mixed,ATHX,MetCon X,,,16:14,,,,,,145
146,Bernadett Békési & Mark Halasi,ATHX BERLIN 2026,Germany 🇩🇪,2026,Mixed,ATHX,MetCon X,,,16:16,,,,,,146
147,David Piesik & Laura Heynen,ATHX BERLIN 2026,Germany 🇩🇪,2026,Mixed,ATHX,MetCon X,,,16:19,,,,,,147
147,Hendrik Behrens & Clarissa Siegel,ATHX BERLIN 2026,Germany 🇩🇪,2026,Mixed,ATHX,MetCon X,,,16:19,,,,,,147
149,Marco Ruffani & Sabrina Rebekka Nusser,ATHX BERLIN 2026,Germany 🇩🇪,2026,Mixed,ATHX,MetCon X,,,16:20,,,,,,149
149,Daniel Kochmann & Jenifer Stepanow,ATHX BERLIN 2026,Germany 🇩🇪,2026,Mixed,ATHX,MetCon X,,,16:20,,,,,,149
151,Ben Schinabeck & Johanna Schinabeck,ATHX MUNICH 2026,Germany 🇩🇪,2026,Mixed,ATHX,MetCon X,,,16:22,,,,,,151
152,Melissa Krüger & Frank Fleissner,ATHX MUNICH 2026,Germany 🇩🇪,2026,Mixed,ATHX,MetCon X,,,16:25,,,,,,152
153,Christian Kosak & Tamara Salden,ATHX MUNICH 2026,Germany 🇩🇪,2026,Mixed,ATHX,MetCon X,,,16:26,,,,,,153
153,Tobias Wambach & Ulrike Wambach,ATHX MUNICH 2026,Germany 🇩🇪,2026,Mixed,ATHX,MetCon X,,,16:26,,,,,,153
155,Gina Gerz & Patrick Marie,ATHX MUNICH 2026,Germany 🇩🇪,2026,Mixed,ATHX,MetCon X,,,16:27,,,,,,155
156,Julia Gebelein & Christoph Dubiel,ATHX MUNICH 2026,Germany 🇩🇪,2026,Mixed,ATHX,MetCon X,,,16:28,,,,,,156
157,Marilena Micha & Vangelis Papanikolaou,ATHX BERLIN 2026,Germany 🇩🇪,2026,Mixed,ATHX,MetCon X,,,16:31,,,,,,157
158,Ronja Großmann & Raphael Großmann,ATHX MUNICH 2026,Germany 🇩🇪,2026,Mixed,ATHX,MetCon X,,,16:33,,,,,,158
159,Kian Mehrnusch & Tina Multhaupt,ATHX MUNICH 2026,Germany 🇩🇪,2026,Mixed,ATHX,MetCon X,,,16:36,,,,,,159
160,Feji Abdullah & Marvin Langmandel,ATHX MUNICH 2026,Germany 🇩🇪,2026,Mixed,ATHX,MetCon X,,,16:38,,,,,,160
160,Vanessa Seifert & Philipp Herok,ATHX MUNICH 2026,Germany 🇩🇪,2026,Mixed,ATHX,MetCon X,,,16:38,,,,,,160
162,Luis Queiros & Libânia Magalhães,ATHX MUNICH 2026,Germany 🇩🇪,2026,Mixed,ATHX,MetCon X,,,16:39,,,,,,162
162,Elena Walter & Steffen Bosch,ATHX BERLIN 2026,Germany 🇩🇪,2026,Mixed,ATHX,MetCon X,,,16:39,,,,,,162
164,Uli Heimes & Lars Neumann,ATHX BERLIN 2026,Germany 🇩🇪,2026,Mixed,ATHX,MetCon X,,,16:40,,,,,,164
165,Paulo Camilo Junior & Sara Örnek,ATHX MUNICH 2026,Germany 🇩🇪,2026,Mixed,ATHX,MetCon X,,,16:48,,,,,,165
166,Luca Lahaye & Louis Aisosa Omoregbee,ATHX BERLIN 2026,Germany 🇩🇪,2026,Mixed,ATHX,MetCon X,,,16:55,,,,,,166
167,Alexandra Kaps & Steven Strecker,ATHX MUNICH 2026,Germany 🇩🇪,2026,Mixed,ATHX,MetCon X,,,16:57,,,,,,167
168,Martin Hennig & Laura laura.hirthe@gmx.de,ATHX BERLIN 2026,Germany 🇩🇪,2026,Mixed,ATHX,MetCon X,,,16:59,,,,,,168
169,Gai Luong & Carole Merens,ATHX MUNICH 2026,Germany 🇩🇪,2026,Mixed,ATHX,MetCon X,,,17:03,,,,,,169
170,Laurin Sanllorente & Anissa Schmidt-Mößinger,ATHX MUNICH 2026,Germany 🇩🇪,2026,Mixed,ATHX,MetCon X,,,17:05,,,,,,170
170,Markus Ornigg & Nira Zoesmar,ATHX MUNICH 2026,Germany 🇩🇪,2026,Mixed,ATHX,MetCon X,,,17:05,,,,,,170
170,Nicole Bäumler & Markus Bäumler,ATHX BERLIN 2026,Germany 🇩🇪,2026,Mixed,ATHX,MetCon X,,,17:05,,,,,,170
173,Jan Kollmann & Ursula Mühle,ATHX MUNICH 2026,Germany 🇩🇪,2026,Mixed,ATHX,MetCon X,,,17:09,,,,,,173
174,Daniel Luley & Martina Tremmel,ATHX MUNICH 2026,Germany 🇩🇪,2026,Mixed,ATHX,MetCon X,,,17:11,,,,,,174
175,Igor Roller & Svetlana Roller,ATHX BERLIN 2026,Germany 🇩🇪,2026,Mixed,ATHX,MetCon X,,,17:13,,,,,,175
176,Pierre Lennartz & Vivien Düster,ATHX MUNICH 2026,Germany 🇩🇪,2026,Mixed,ATHX,MetCon X,,,17:14,,,,,,176
177,Lisa Majewski & Philipp Zimmermann,ATHX MUNICH 2026,Germany 🇩🇪,2026,Mixed,ATHX,MetCon X,,,17:20,,,,,,177
177,Jan Koch & Michelle Hofmeier,ATHX BERLIN 2026,Germany 🇩🇪,2026,Mixed,ATHX,MetCon X,,,17:20,,,,,,177
179,Nicole Weber & Moritz Schwarz,ATHX MUNICH 2026,Germany 🇩🇪,2026,Mixed,ATHX,MetCon X,,,17:22,,,,,,179
180,Michelle Wothe & Eric Wothe,ATHX BERLIN 2026,Germany 🇩🇪,2026,Mixed,ATHX,MetCon X,,,17:23,,,,,,180
181,Sven Riek & Julia Waibel,ATHX MUNICH 2026,Germany 🇩🇪,2026,Mixed,ATHX,MetCon X,,,17:24,,,,,,181
181,Miklos Hollosy & Anita Hollosy,ATHX MUNICH 2026,Germany 🇩🇪,2026,Mixed,ATHX,MetCon X,,,17:24,,,,,,181
183,Philipp Huebsch & Julia Roth,ATHX MUNICH 2026,Germany 🇩🇪,2026,Mixed,ATHX,MetCon X,,,17:26,,,,,,183
184,Oliver Lange & Sarah Andris,ATHX BERLIN 2026,Germany 🇩🇪,2026,Mixed,ATHX,MetCon X,,,17:31,,,,,,184
185,Franziska Schultz & Sebastian Schramm,ATHX BERLIN 2026,Germany 🇩🇪,2026,Mixed,ATHX,MetCon X,,,17:33,,,,,,185
186,Franziska Bartenschlager & Markus Liese,ATHX MUNICH 2026,Germany 🇩🇪,2026,Mixed,ATHX,MetCon X,,,17:35,,,,,,186
187,Melanie Schwalb & Hugo Heid,ATHX BERLIN 2026,Germany 🇩🇪,2026,Mixed,ATHX,MetCon X,,,17:42,,,,,,187
188,Olivia Shepherd & Manuel Stepanow,ATHX BERLIN 2026,Germany 🇩🇪,2026,Mixed,ATHX,MetCon X,,,17:47,,,,,,188
189,Mohamed Sameh & Evmorfia Chrysovalantou Seiti,ATHX MUNICH 2026,Germany 🇩🇪,2026,Mixed,ATHX,MetCon X,,,17:48,,,,,,189
190,Sebastian Vermaat & Sonja Oeller,ATHX BERLIN 2026,Germany 🇩🇪,2026,Mixed,ATHX,MetCon X,,,17:49,,,,,,190
191,Stefanie Klar & Alexander Höcht,ATHX MUNICH 2026,Germany 🇩🇪,2026,Mixed,ATHX,MetCon X,,,17:50,,,,,,191
192,Robert Richter & Silke Holzmayr,ATHX MUNICH 2026,Germany 🇩🇪,2026,Mixed,ATHX,MetCon X,,,17:52,,,,,,192
193,Andreas Ehrat & Lena Schober,ATHX MUNICH 2026,Germany 🇩🇪,2026,Mixed,ATHX,MetCon X,,,17:55,,,,,,193
194,Juliane Groß & Michel Müller,ATHX MUNICH 2026,Germany 🇩🇪,2026,Mixed,ATHX,MetCon X,,,17:56,,,,,,194
195,Daniel Kraus & Lisa Brütting,ATHX MUNICH 2026,Germany 🇩🇪,2026,Mixed,ATHX,MetCon X,,,17:57,,,,,,195
196,Nina Sieger & Jakob Sieger,ATHX BERLIN 2026,Germany 🇩🇪,2026,Mixed,ATHX,MetCon X,,,17:59,,,,,,196
197,Natalie Maier & Jaime Martinez Manresa,ATHX MUNICH 2026,Germany 🇩🇪,2026,Mixed,ATHX,MetCon X,,,18:00,,,,,,197
198,Daniel Rath & Josephine Bärlin,ATHX BERLIN 2026,Germany 🇩🇪,2026,Mixed,ATHX,MetCon X,,,18:03,,,,,,198
199,Christian Wurm & Aline Rückel,ATHX MUNICH 2026,Germany 🇩🇪,2026,Mixed,ATHX,MetCon X,,,18:08,,,,,,199
200,Mitchel Fischer & Melanie Eckl,ATHX MUNICH 2026,Germany 🇩🇪,2026,Mixed,ATHX,MetCon X,,,18:11,,,,,,200
201,Celina Fischer & Denis Fuchs,ATHX BERLIN 2026,Germany 🇩🇪,2026,Mixed,ATHX,MetCon X,,,18:15,,,,,,201
202,Carolin Karn & Janosch Janson,ATHX MUNICH 2026,Germany 🇩🇪,2026,Mixed,ATHX,MetCon X,,,18:22,,,,,,202
203,Lina Schuhmacher & Valentin Schneider,ATHX MUNICH 2026,Germany 🇩🇪,2026,Mixed,ATHX,MetCon X,,,18:23,,,,,,203
204,Sandy Dannenberg & Philipp Dannenberg,ATHX BERLIN 2026,Germany 🇩🇪,2026,Mixed,ATHX,MetCon X,,,18:26,,,,,,204
205,Luka Braun & Anouk Köhler,ATHX BERLIN 2026,Germany 🇩🇪,2026,Mixed,ATHX,MetCon X,,,18:36,,,,,,205
206,Regina Frieß & Peter Kronenwett,ATHX MUNICH 2026,Germany 🇩🇪,2026,Mixed,ATHX,MetCon X,,,18:38,,,,,,206
207,Denis Brandt & Sarah Mertes,ATHX BERLIN 2026,Germany 🇩🇪,2026,Mixed,ATHX,MetCon X,,,18:39,,,,,,207
208,Jenna Kadlubski & Christian Maksvitat,ATHX BERLIN 2026,Germany 🇩🇪,2026,Mixed,ATHX,MetCon X,,,18:40,,,,,,208
209,maeve hamill & Adam Johnston,ATHX BERLIN 2026,Germany 🇩🇪,2026,Mixed,ATHX,MetCon X,,,18:43,,,,,,209
210,Steffen Mädger & Ilona Michallek,ATHX BERLIN 2026,Germany 🇩🇪,2026,Mixed,ATHX,MetCon X,,,18:47,,,,,,210
211,Christian Leutner & Ines Leutner,ATHX BERLIN 2026,Germany 🇩🇪,2026,Mixed,ATHX,MetCon X,,,18:49,,,,,,211
212,Alexander Karpf & Vivienne Schulze,ATHX BERLIN 2026,Germany 🇩🇪,2026,Mixed,ATHX,MetCon X,,,18:56,,,,,,212
213,Dennis Klös & Anna-Lena Klös,ATHX MUNICH 2026,Germany 🇩🇪,2026,Mixed,ATHX,MetCon X,,,18:59,,,,,,213
214,Linda Clauß & Alexander Rößner,ATHX MUNICH 2026,Germany 🇩🇪,2026,Mixed,ATHX,MetCon X,,,19:05,,,,,,214
214,Christoph Huber & Melissa Hausladen,ATHX BERLIN 2026,Germany 🇩🇪,2026,Mixed,ATHX,MetCon X,,,19:05,,,,,,214
216,Filip Njezic & Linda Marks,ATHX MUNICH 2026,Germany 🇩🇪,2026,Mixed,ATHX,MetCon X,,,19:10,,,,,,216
217,Sebastian Letz & Jennifer Letz,ATHX BERLIN 2026,Germany 🇩🇪,2026,Mixed,ATHX,MetCon X,,,19:15,,,,,,217
218,Sabrina Wagner & Dave Gummelt,ATHX BERLIN 2026,Germany 🇩🇪,2026,Mixed,ATHX,MetCon X,,,19:16,,,,,,218
219,Stefan Stöckle & Daniela Stöckle,ATHX MUNICH 2026,Germany 🇩🇪,2026,Mixed,ATHX,MetCon X,,,19:17,,,,,,219
219,Konstantin Hoffmann & Michelle Guy,ATHX BERLIN 2026,Germany 🇩🇪,2026,Mixed,ATHX,MetCon X,,,19:17,,,,,,219
221,Nadine Freigang & Thomas Helbig,ATHX BERLIN 2026,Germany 🇩🇪,2026,Mixed,ATHX,MetCon X,,,19:18,,,,,,221
222,Juergen Deckert & Kerstin Deckert,ATHX MUNICH 2026,Germany 🇩🇪,2026,Mixed,ATHX,MetCon X,,,19:20,,,,,,222
223,Louis Reinecke & Alexandra Scheidl,ATHX MUNICH 2026,Germany 🇩🇪,2026,Mixed,ATHX,MetCon X,,,19:23,,,,,,223
224,Georgios Kanistras & Saskia-Alessandra Forkel,ATHX MUNICH 2026,Germany 🇩🇪,2026,Mixed,ATHX,MetCon X,,,19:26,,,,,,224
225,Maik Leber & Valeska Grabowski,ATHX BERLIN 2026,Germany 🇩🇪,2026,Mixed,ATHX,MetCon X,,,19:38,,,,,,225
225,Monika Sestic & Slaven Sestic,ATHX BERLIN 2026,Germany 🇩🇪,2026,Mixed,ATHX,MetCon X,,,19:38,,,,,,225
227,Matthias Betzl & Anna Köhler,ATHX MUNICH 2026,Germany 🇩🇪,2026,Mixed,ATHX,MetCon X,,,19:42,,,,,,227
228,Tim Richter & Marina Baur,ATHX MUNICH 2026,Germany 🇩🇪,2026,Mixed,ATHX,MetCon X,,,19:56,,,,,,228
229,Christian Schmidt & Irena Schmidt,ATHX MUNICH 2026,Germany 🇩🇪,2026,Mixed,ATHX,MetCon X,,,19:57,,,,,,229
230,Ly Trinh & Henning Reimers,ATHX BERLIN 2026,Germany 🇩🇪,2026,Mixed,ATHX,MetCon X,,,20:04,,,,,,230
231,Romy Leutner & Marco Friedrichs,ATHX BERLIN 2026,Germany 🇩🇪,2026,Mixed,ATHX,MetCon X,,,20:19,,,,,,231
232,Jeff Gosnell & Thea Gosnell,ATHX MUNICH 2026,Germany 🇩🇪,2026,Mixed,ATHX,MetCon X,,,20:30,,,,,,232
233,Andreas Botey & Alexandra Voigt,ATHX MUNICH 2026,Germany 🇩🇪,2026,Mixed,ATHX,MetCon X,,,20:47,,,,,,233
234,Corinna Rose & Christian Böttger,ATHX BERLIN 2026,Germany 🇩🇪,2026,Mixed,ATHX,MetCon X,,,20:50,,,,,,234
235,Anna Sylvester & Stefan Koch,ATHX BERLIN 2026,Germany 🇩🇪,2026,Mixed,ATHX,MetCon X,,,20:52,,,,,,235
236,Katharina Ulrich & Alexander Ulrich,ATHX MUNICH 2026,Germany 🇩🇪,2026,Mixed,ATHX,MetCon X,,,20:55,,,,,,236
237,Vera Schnepf & Peter Winkler,ATHX MUNICH 2026,Germany 🇩🇪,2026,Mixed,ATHX,MetCon X,,,21:28,,,,,,237
238,Alexander Ebert & Katharina Ebert,ATHX BERLIN 2026,Germany 🇩🇪,2026,Mixed,ATHX,MetCon X,,,21:32,,,,,,238
239,Gavin Perrie & Emma Sinclair,ATHX MUNICH 2026,Germany 🇩🇪,2026,Mixed,ATHX,MetCon X,,,21:43,,,,,,239
240,Antonio Villani & Nilla Hoppe,ATHX BERLIN 2026,Germany 🇩🇪,2026,Mixed,ATHX,MetCon X,,,22:45,,,,,,240
241,Josi Sandhaus & Alex Haberberger,ATHX BERLIN 2026,Germany 🇩🇪,2026,Mixed,ATHX,MetCon X,,,23:29,,,,,,241
242,Sandra Mühlhäußer & Lukas Müller,ATHX MUNICH 2026,Germany 🇩🇪,2026,Mixed,ATHX,MetCon X,,,23:44,,,,,,242
243,Cornelia Schmid & Marc Schmid,ATHX MUNICH 2026,Germany 🇩🇪,2026,Mixed,ATHX,MetCon X,,,23:50,,,,,,243
1,Martin Michelius & Nathalie Duerbeck,ATHX BERLIN 2026,Germany 🇩🇪,2026,Mixed,ATHX,Endurance,,,,,,,4.887KM,5.325KM,1
2,Florian Kowalczyk & Nadine Henningsen,ATHX BERLIN 2026,Germany 🇩🇪,2026,Mixed,ATHX,Endurance,,,,,,,5.005KM,5.075KM,2
3,Elisabeth Schmidt & Erik Hellwig,ATHX MUNICH 2026,Germany 🇩🇪,2026,Mixed,ATHX,Endurance,,,,,,,4.5KM,5.575KM,3
4,Alina Bräuer & Sami Mardnli,ATHX BERLIN 2026,Germany 🇩🇪,2026,Mixed,ATHX,Endurance,,,,,,,4.647KM,5.405KM,4
5,Sarah Kerr & Chris Pawson,ATHX BERLIN 2026,Germany 🇩🇪,2026,Mixed,ATHX,Endurance,,,,,,,4.479KM,5.549KM,5
6,Nicole Malucha & Max Anossow,ATHX BERLIN 2026,Germany 🇩🇪,2026,Mixed,ATHX,Endurance,,,,,,,4.83KM,5.061KM,6
7,Magdalena Moltzan-Malkowska & Zbigniew Moltzan,ATHX BERLIN 2026,Germany 🇩🇪,2026,Mixed,ATHX,Endurance,,,,,,,4.459KM,5.372KM,7
8,Jana Monin & Adrian Roseanu,ATHX BERLIN 2026,Germany 🇩🇪,2026,Mixed,ATHX,Endurance,,,,,,,4.5KM,5.299KM,8
9,Paula Loibl & Marius Grad,ATHX BERLIN 2026,Germany 🇩🇪,2026,Mixed,ATHX,Endurance,,,,,,,4.298KM,5.499KM,9
10,Kathryn Metcalfe & Joshua Sacher,ATHX BERLIN 2026,Germany 🇩🇪,2026,Mixed,ATHX,Endurance,,,,,,,4.367KM,5.424KM,10
11,Christian Nolde & Steffi Schmitt,ATHX MUNICH 2026,Germany 🇩🇪,2026,Mixed,ATHX,Endurance,,,,,,,4.396KM,5.356KM,11
12,Daniel Birca & Klára Nováková,ATHX BERLIN 2026,Germany 🇩🇪,2026,Mixed,ATHX,Endurance,,,,,,,4.138KM,5.59KM,12
13,Malte Frontzek & Kerstin Brückner,ATHX BERLIN 2026,Germany 🇩🇪,2026,Mixed,ATHX,Endurance,,,,,,,4.424KM,5.286KM,13
14,Saskia Noack & Marc Ewers,ATHX BERLIN 2026,Germany 🇩🇪,2026,Mixed,ATHX,Endurance,,,,,,,4.395KM,5.312KM,14
15,Kathrin Limmer & Stephan Friedrich,ATHX BERLIN 2026,Germany 🇩🇪,2026,Mixed,ATHX,Endurance,,,,,,,4.25KM,5.447KM,15
16,Luis Willer & Julia Zeller,ATHX BERLIN 2026,Germany 🇩🇪,2026,Mixed,ATHX,Endurance,,,,,,,4.5KM,5.193KM,16
17,Angela Deiß & Alexander Deiß,ATHX MUNICH 2026,Germany 🇩🇪,2026,Mixed,ATHX,Endurance,,,,,,,4.294KM,5.323KM,17
18,Anna Connor-Astreos & Liam Eldridge,ATHX BERLIN 2026,Germany 🇩🇪,2026,Mixed,ATHX,Endurance,,,,,,,4.25KM,5.359KM,18
19,Lea Stein & Nico Küttner,ATHX BERLIN 2026,Germany 🇩🇪,2026,Mixed,ATHX,Endurance,,,,,,,4.32KM,5.21KM,19
20,Anna-Lena Markus & Patrick Siehoff,ATHX BERLIN 2026,Germany 🇩🇪,2026,Mixed,ATHX,Endurance,,,,,,,4.33KM,5.15KM,20
21,Cynthia Mensah & Jannes Werner,ATHX BERLIN 2026,Germany 🇩🇪,2026,Mixed,ATHX,Endurance,,,,,,,4.415KM,5.032KM,21
22,Rebecca Hertlein & Markus Gebauer,ATHX MUNICH 2026,Germany 🇩🇪,2026,Mixed,ATHX,Endurance,,,,,,,4.022KM,5.424KM,22
23,Nadine Taschner & Lengsfeld Maximilian,ATHX BERLIN 2026,Germany 🇩🇪,2026,Mixed,ATHX,Endurance,,,,,,,4.11KM,5.306KM,23
24,Jan Koch & Michelle Hofmeier,ATHX BERLIN 2026,Germany 🇩🇪,2026,Mixed,ATHX,Endurance,,,,,,,4.459KM,4.946KM,24
25,Julia Hornauer & Marcel Schreiber,ATHX BERLIN 2026,Germany 🇩🇪,2026,Mixed,ATHX,Endurance,,,,,,,3.943KM,5.455KM,25
26,Maximilian Köckritz & Eva Liedtke,ATHX BERLIN 2026,Germany 🇩🇪,2026,Mixed,ATHX,Endurance,,,,,,,3.877KM,5.492KM,26
27,Kian Mehrnusch & Tina Multhaupt,ATHX MUNICH 2026,Germany 🇩🇪,2026,Mixed,ATHX,Endurance,,,,,,,4.351KM,5.002KM,27
28,Nina Knieriemen & Pascal Pech,ATHX BERLIN 2026,Germany 🇩🇪,2026,Mixed,ATHX,Endurance,,,,,,,3.885KM,5.463KM,28
29,Jule Minrath & Leon Horn,ATHX BERLIN 2026,Germany 🇩🇪,2026,Mixed,ATHX,Endurance,,,,,,,4.189KM,5.123KM,29
30,Kelli Weinreich & Neil Weinreich,ATHX MUNICH 2026,Germany 🇩🇪,2026,Mixed,ATHX,Endurance,,,,,,,3.889KM,5.418KM,30
31,Alexander Zamida & Sabrina Zamida,ATHX MUNICH 2026,Germany 🇩🇪,2026,Mixed,ATHX,Endurance,,,,,,,4.027KM,5.259KM,31
31,Jule Paulsen & Thies Nicolaisen,ATHX BERLIN 2026,Germany 🇩🇪,2026,Mixed,ATHX,Endurance,,,,,,,4.135KM,5.151KM,31
33,Christin Bosinsky & Deniz Galander,ATHX BERLIN 2026,Germany 🇩🇪,2026,Mixed,ATHX,Endurance,,,,,,,4.018KM,5.265KM,33
34,Matthias Herter & Nina Lorenz,ATHX MUNICH 2026,Germany 🇩🇪,2026,Mixed,ATHX,Endurance,,,,,,,3.798KM,5.476KM,34
35,Julia Rißmann & Jan Gimbel,ATHX BERLIN 2026,Germany 🇩🇪,2026,Mixed,ATHX,Endurance,,,,,,,3.899KM,5.371KM,35
36,Benjamin Lux & Anne Lux,ATHX BERLIN 2026,Germany 🇩🇪,2026,Mixed,ATHX,Endurance,,,,,,,3.75KM,5.512KM,36
37,Kate Gerhard & Thomas Führer,ATHX BERLIN 2026,Germany 🇩🇪,2026,Mixed,ATHX,Endurance,,,,,,,4.285KM,4.975KM,37
38,Sabrina Leinmüller & Hannes Röhrle,ATHX BERLIN 2026,Germany 🇩🇪,2026,Mixed,ATHX,Endurance,,,,,,,3.895KM,5.361KM,38
39,Anna Horatz & Thomas Reppa,ATHX MUNICH 2026,Germany 🇩🇪,2026,Mixed,ATHX,Endurance,,,,,,,3.76KM,5.481KM,39
40,Melissa Filion & Matthieu Rebaud,ATHX MUNICH 2026,Germany 🇩🇪,2026,Mixed,ATHX,Endurance,,,,,,,4.006KM,5.233KM,40
41,Alexander Hespeler & Bahar Scholz,ATHX BERLIN 2026,Germany 🇩🇪,2026,Mixed,ATHX,Endurance,,,,,,,4.346KM,4.873KM,41
42,Julian Roppelt & Viktoria Roppelt,ATHX BERLIN 2026,Germany 🇩🇪,2026,Mixed,ATHX,Endurance,,,,,,,3.862KM,5.341KM,42
43,Nils Metzger & Julia Lutz,ATHX MUNICH 2026,Germany 🇩🇪,2026,Mixed,ATHX,Endurance,,,,,,,3.877KM,5.32KM,43
44,Marilena Micha & Vangelis Papanikolaou,ATHX BERLIN 2026,Germany 🇩🇪,2026,Mixed,ATHX,Endurance,,,,,,,4.202KM,4.965KM,44
45,Jens Geppert & Christin Friedrich,ATHX MUNICH 2026,Germany 🇩🇪,2026,Mixed,ATHX,Endurance,,,,,,,3.965KM,5.189KM,45
46,Michal Schwarz & Petra Juskova,ATHX BERLIN 2026,Germany 🇩🇪,2026,Mixed,ATHX,Endurance,,,,,,,3.684KM,5.469KM,46
47,Paula Loibl & Marius Grad,ATHX MUNICH 2026,Germany 🇩🇪,2026,Mixed,ATHX,Endurance,,,,,,,3.801KM,5.32KM,47
48,Mirjam Blass & Hannes Röhrle,ATHX MUNICH 2026,Germany 🇩🇪,2026,Mixed,ATHX,Endurance,,,,,,,3.75KM,5.357KM,48
49,Maximilian Kraus & Laura Nefzger,ATHX MUNICH 2026,Germany 🇩🇪,2026,Mixed,ATHX,Endurance,,,,,,,3.64KM,5.466KM,49
50,Chiara Regli & Enzo Helbling,ATHX BERLIN 2026,Germany 🇩🇪,2026,Mixed,ATHX,Endurance,,,,,,,3.75KM,5.354KM,50
51,Alexander Irmscher & Tina Irmscher,ATHX BERLIN 2026,Germany 🇩🇪,2026,Mixed,ATHX,Endurance,,,,,,,4KM,5.099KM,51
52,Maximilian Stark & Veronika Steuringer,ATHX MUNICH 2026,Germany 🇩🇪,2026,Mixed,ATHX,Endurance,,,,,,,4.13KM,4.965KM,52
53,David Stein & Sarah Neises,ATHX BERLIN 2026,Germany 🇩🇪,2026,Mixed,ATHX,Endurance,,,,,,,3.846KM,5.236KM,53
54,Susanne Kopf & Patrick Röhrl,ATHX BERLIN 2026,Germany 🇩🇪,2026,Mixed,ATHX,Endurance,,,,,,,3.821KM,5.256KM,54
55,Angela Henning & Marc Maier,ATHX MUNICH 2026,Germany 🇩🇪,2026,Mixed,ATHX,Endurance,,,,,,,3.75KM,5.321KM,55
55,Marco Ruffani & Sabrina Rebekka Nusser,ATHX BERLIN 2026,Germany 🇩🇪,2026,Mixed,ATHX,Endurance,,,,,,,3.849KM,5.222KM,55
57,Sarah Hünting & Philipp Wolf,ATHX MUNICH 2026,Germany 🇩🇪,2026,Mixed,ATHX,Endurance,,,,,,,3.75KM,5.32KM,57
57,Ines Baer & Kevin Deininger,ATHX MUNICH 2026,Germany 🇩🇪,2026,Mixed,ATHX,Endurance,,,,,,,3.684KM,5.386KM,57
59,Sophia Mayr & Steffen Rupp,ATHX MUNICH 2026,Germany 🇩🇪,2026,Mixed,ATHX,Endurance,,,,,,,3.607KM,5.46KM,59
60,Christian Schnur & Inge Kling,ATHX BERLIN 2026,Germany 🇩🇪,2026,Mixed,ATHX,Endurance,,,,,,,3.75KM,5.309KM,60
61,Pascal Giger & Janine Czeschner,ATHX BERLIN 2026,Germany 🇩🇪,2026,Mixed,ATHX,Endurance,,,,,,,3.909KM,5.145KM,61
62,Sally Petzold & Marcel Wichert,ATHX BERLIN 2026,Germany 🇩🇪,2026,Mixed,ATHX,Endurance,,,,,,,3.785KM,5.257KM,62
63,Jenny Klemenz & Phillip Benda,ATHX MUNICH 2026,Germany 🇩🇪,2026,Mixed,ATHX,Endurance,,,,,,,3.693KM,5.342KM,63
64,Ferdinand Greinacher & Laura Lehmkuhl,ATHX BERLIN 2026,Germany 🇩🇪,2026,Mixed,ATHX,Endurance,,,,,,,4.2KM,4.834KM,64
65,Florian Abram & Vanessa Ludin,ATHX MUNICH 2026,Germany 🇩🇪,2026,Mixed,ATHX,Endurance,,,,,,,3.659KM,5.363KM,65
66,Christin Bosinsky & Deniz Galander,ATHX MUNICH 2026,Germany 🇩🇪,2026,Mixed,ATHX,Endurance,,,,,,,3.75KM,5.266KM,66
67,Tanja Münch-Dürl & Bernd Dürl,ATHX MUNICH 2026,Germany 🇩🇪,2026,Mixed,ATHX,Endurance,,,,,,,3.75KM,5.262KM,67
68,Steve Enning & Anna Heuschmann,ATHX BERLIN 2026,Germany 🇩🇪,2026,Mixed,ATHX,Endurance,,,,,,,3.771KM,5.239KM,68
69,Stefanie Bauch & Sebastian Pletz,ATHX MUNICH 2026,Germany 🇩🇪,2026,Mixed,ATHX,Endurance,,,,,,,3.75KM,5.258KM,69
69,Ines Noeske & Boubacar Bah,ATHX BERLIN 2026,Germany 🇩🇪,2026,Mixed,ATHX,Endurance,,,,,,,3.857KM,5.151KM,69
71,Antonia Lim & Tobias Klaus,ATHX MUNICH 2026,Germany 🇩🇪,2026,Mixed,ATHX,Endurance,,,,,,,3.769KM,5.236KM,71
72,Andreas Paul & Natalia Brozda,ATHX MUNICH 2026,Germany 🇩🇪,2026,Mixed,ATHX,Endurance,,,,,,,3.75KM,5.24KM,72
73,Deniz Püseli & Michèle Engel,ATHX MUNICH 2026,Germany 🇩🇪,2026,Mixed,ATHX,Endurance,,,,,,,3.676KM,5.311KM,73
73,Kathrin Binder & Pietro Vecchio,ATHX MUNICH 2026,Germany 🇩🇪,2026,Mixed,ATHX,Endurance,,,,,,,3.842KM,5.145KM,73
75,Uli Heimes & Lars Neumann,ATHX BERLIN 2026,Germany 🇩🇪,2026,Mixed,ATHX,Endurance,,,,,,,4.105KM,4.881KM,75
76,Kathrin Limmer & Stephan Friedrich,ATHX MUNICH 2026,Germany 🇩🇪,2026,Mixed,ATHX,Endurance,,,,,,,3.75KM,5.235KM,76
77,Sabine Schartner & Florian Geyer,ATHX MUNICH 2026,Germany 🇩🇪,2026,Mixed,ATHX,Endurance,,,,,,,3.785KM,5.192KM,77
78,Marijke Jacobs & Stefan Rohroff,ATHX MUNICH 2026,Germany 🇩🇪,2026,Mixed,ATHX,Endurance,,,,,,,3.618KM,5.355KM,78
79,Peter Schwendinger & Melanie Schwendinger,ATHX MUNICH 2026,Germany 🇩🇪,2026,Mixed,ATHX,Endurance,,,,,,,3.75KM,5.222KM,79
79,Laura Knon & Stefan s.schegg@gmail.com,ATHX MUNICH 2026,Germany 🇩🇪,2026,Mixed,ATHX,Endurance,,,,,,,3.75KM,5.222KM,79
81,Johanna Alber & Artjom Müller,ATHX MUNICH 2026,Germany 🇩🇪,2026,Mixed,ATHX,Endurance,,,,,,,3.798KM,5.17KM,81
82,Vivien Gantioler & Marian Klopcic,ATHX MUNICH 2026,Germany 🇩🇪,2026,Mixed,ATHX,Endurance,,,,,,,3.634KM,5.324KM,82
83,Daniela Schlosser & Daniel Schlosser,ATHX MUNICH 2026,Germany 🇩🇪,2026,Mixed,ATHX,Endurance,,,,,,,3.655KM,5.301KM,83
84,Adrianna Wisniewska & Jaime Bodelon,ATHX BERLIN 2026,Germany 🇩🇪,2026,Mixed,ATHX,Endurance,,,,,,,3.935KM,5.02KM,84
85,Laszlo Peimli & Sabrina Müller,ATHX MUNICH 2026,Germany 🇩🇪,2026,Mixed,ATHX,Endurance,,,,,,,3.75KM,5.2KM,85
86,Sina Bertelsbeck & Philip Heitmann,ATHX BERLIN 2026,Germany 🇩🇪,2026,Mixed,ATHX,Endurance,,,,,,,3.75KM,5.16KM,86
87,Jonathan Bunel joly & Andrea Hendry,ATHX BERLIN 2026,Germany 🇩🇪,2026,Mixed,ATHX,Endurance,,,,,,,3.416KM,5.492KM,87
88,Florian Sebald & Agnes Bretschneider,ATHX BERLIN 2026,Germany 🇩🇪,2026,Mixed,ATHX,Endurance,,,,,,,3.698KM,5.206KM,88
89,Luisa Eickmeyer & Frederic Ruppel,ATHX BERLIN 2026,Germany 🇩🇪,2026,Mixed,ATHX,Endurance,,,,,,,3.75KM,5.151KM,89
90,Sebastian Vermaat & Sonja Oeller,ATHX BERLIN 2026,Germany 🇩🇪,2026,Mixed,ATHX,Endurance,,,,,,,3.75KM,5.14KM,90
91,Thamara Schuster & Stephan Hotzy,ATHX BERLIN 2026,Germany 🇩🇪,2026,Mixed,ATHX,Endurance,,,,,,,3.804KM,5.085KM,91
92,Giannina Pomilio & Angelo E,ATHX BERLIN 2026,Germany 🇩🇪,2026,Mixed,ATHX,Endurance,,,,,,,3.592KM,5.293KM,92
93,Christof Griebenow & Éloïse LASNET,ATHX MUNICH 2026,Germany 🇩🇪,2026,Mixed,ATHX,Endurance,,,,,,,3.806KM,5.078KM,93
94,Marcel Jöbstl & Zoë Killisch,ATHX MUNICH 2026,Germany 🇩🇪,2026,Mixed,ATHX,Endurance,,,,,,,3.885KM,4.997KM,94
95,Katja Stabenow & Markus Oesteritz,ATHX BERLIN 2026,Germany 🇩🇪,2026,Mixed,ATHX,Endurance,,,,,,,3.82KM,5.055KM,95
96,Fabian Kettlitz & Romina Buschick,ATHX BERLIN 2026,Germany 🇩🇪,2026,Mixed,ATHX,Endurance,,,,,,,3.542KM,5.31KM,96
97,Jan Danowski & Sara Schäfers,ATHX BERLIN 2026,Germany 🇩🇪,2026,Mixed,ATHX,Endurance,,,,,,,3.765KM,5.08KM,97
97,Alexander Spießl & Manuela Schambeck,ATHX BERLIN 2026,Germany 🇩🇪,2026,Mixed,ATHX,Endurance,,,,,,,3.596KM,5.249KM,97
99,Jan Lesczinski & Verena Lesczinski,ATHX MUNICH 2026,Germany 🇩🇪,2026,Mixed,ATHX,Endurance,,,,,,,3.75KM,5.09KM,99
100,Paulo Camilo Junior & Sara Örnek,ATHX MUNICH 2026,Germany 🇩🇪,2026,Mixed,ATHX,Endurance,,,,,,,3.827KM,5.007KM,100
101,Vanessa Seifert & Philipp Herok,ATHX MUNICH 2026,Germany 🇩🇪,2026,Mixed,ATHX,Endurance,,,,,,,3.889KM,4.938KM,101
102,Alruna Piccinato & Andrés Müller,ATHX MUNICH 2026,Germany 🇩🇪,2026,Mixed,ATHX,Endurance,,,,,,,3.862KM,4.962KM,102
102,Juliane Groß & Michel Müller,ATHX MUNICH 2026,Germany 🇩🇪,2026,Mixed,ATHX,Endurance,,,,,,,3.675KM,5.149KM,102
104,Dominik Honz & Raphaela Honz,ATHX MUNICH 2026,Germany 🇩🇪,2026,Mixed,ATHX,Endurance,,,,,,,3.536KM,5.277KM,104
105,Simone Schuhbauer & Alexander Hien,ATHX BERLIN 2026,Germany 🇩🇪,2026,Mixed,ATHX,Endurance,,,,,,,3.75KM,5.051KM,105
106,Hendrik Kabelitz & Leonie Kolle,ATHX MUNICH 2026,Germany 🇩🇪,2026,Mixed,ATHX,Endurance,,,,,,,3.343KM,5.456KM,106
107,Tamara Fekete & Norbert Gyongyosi,ATHX MUNICH 2026,Germany 🇩🇪,2026,Mixed,ATHX,Endurance,,,,,,,3.643KM,5.155KM,107
108,Tobias Maier & Christina Beck,ATHX MUNICH 2026,Germany 🇩🇪,2026,Mixed,ATHX,Endurance,,,,,,,3.537KM,5.258KM,108
108,Miklos Hollosy & Anita Hollosy,ATHX MUNICH 2026,Germany 🇩🇪,2026,Mixed,ATHX,Endurance,,,,,,,3.75KM,5.045KM,108
110,Alexandra Kaps & Steven Strecker,ATHX MUNICH 2026,Germany 🇩🇪,2026,Mixed,ATHX,Endurance,,,,,,,3.356KM,5.436KM,110
110,Melanie Walch & Michael Walch,ATHX BERLIN 2026,Germany 🇩🇪,2026,Mixed,ATHX,Endurance,,,,,,,3.75KM,5.042KM,110
112,Daniel Kraus & Lisa Brütting,ATHX MUNICH 2026,Germany 🇩🇪,2026,Mixed,ATHX,Endurance,,,,,,,3.824KM,4.966KM,112
113,Lydia Kreuter & Lukas Lundbeck,ATHX MUNICH 2026,Germany 🇩🇪,2026,Mixed,ATHX,Endurance,,,,,,,3.403KM,5.383KM,113
114,Tim Weyland & Marie Kaiser,ATHX BERLIN 2026,Germany 🇩🇪,2026,Mixed,ATHX,Endurance,,,,,,,3.905KM,4.873KM,114
115,Cynthia Gurrieri-Uhl & Armin Uhl,ATHX BERLIN 2026,Germany 🇩🇪,2026,Mixed,ATHX,Endurance,,,,,,,3.656KM,5.119KM,115
116,Veronika Hammerbacher & Marius Stumpf,ATHX MUNICH 2026,Germany 🇩🇪,2026,Mixed,ATHX,Endurance,,,,,,,3.75KM,5.023KM,116
117,Melanie Schwalb & Hugo Heid,ATHX BERLIN 2026,Germany 🇩🇪,2026,Mixed,ATHX,Endurance,,,,,,,4.22KM,4.544KM,117
118,Steffen Waibel & Julia Waibel,ATHX BERLIN 2026,Germany 🇩🇪,2026,Mixed,ATHX,Endurance,,,,,,,3.626KM,5.13KM,118
119,Igor Roller & Svetlana Roller,ATHX BERLIN 2026,Germany 🇩🇪,2026,Mixed,ATHX,Endurance,,,,,,,3.92KM,4.835KM,119
120,Valentin Gressel & Amelie Bingart,ATHX MUNICH 2026,Germany 🇩🇪,2026,Mixed,ATHX,Endurance,,,,,,,3.792KM,4.962KM,120
121,Daniel Kochmann & Jenifer Stepanow,ATHX BERLIN 2026,Germany 🇩🇪,2026,Mixed,ATHX,Endurance,,,,,,,3.559KM,5.192KM,121
122,Celina Krieb & Christoph Hagmann,ATHX MUNICH 2026,Germany 🇩🇪,2026,Mixed,ATHX,Endurance,,,,,,,3.565KM,5.184KM,122
123,Jule Paulsen & Thies Nicolaisen,ATHX MUNICH 2026,Germany 🇩🇪,2026,Mixed,ATHX,Endurance,,,,,,,3.632KM,5.105KM,123
124,Luca Lahaye & Louis Aisosa Omoregbee,ATHX BERLIN 2026,Germany 🇩🇪,2026,Mixed,ATHX,Endurance,,,,,,,4.639KM,4.089KM,124
125,Michael Haid & Babett Groholy,ATHX MUNICH 2026,Germany 🇩🇪,2026,Mixed,ATHX,Endurance,,,,,,,3.62KM,5.101KM,125
126,Veronika Hammerbacher & Meier.Florian Team,ATHX BERLIN 2026,Germany 🇩🇪,2026,Mixed,ATHX,Endurance,,,,,,,3.678KM,5.041KM,126
127,Mohamed Sameh & Evmorfia Chrysovalantou Seiti,ATHX MUNICH 2026,Germany 🇩🇪,2026,Mixed,ATHX,Endurance,,,,,,,3.75KM,4.96KM,127
128,Meiko Krause & Madeleine Krause,ATHX MUNICH 2026,Germany 🇩🇪,2026,Mixed,ATHX,Endurance,,,,,,,3.535KM,5.174KM,128
129,Eleonora Keller & Robert Gunz,ATHX MUNICH 2026,Germany 🇩🇪,2026,Mixed,ATHX,Endurance,,,,,,,3.75KM,4.953KM,129
130,Bastian Bienlein & U Z,ATHX BERLIN 2026,Germany 🇩🇪,2026,Mixed,ATHX,Endurance,,,,,,,3.75KM,4.951KM,130
131,Hendrik Behrens & Clarissa Siegel,ATHX BERLIN 2026,Germany 🇩🇪,2026,Mixed,ATHX,Endurance,,,,,,,3.64KM,5.056KM,131
132,Maria-Theresia Grosser-Schneider & Christian Schneider,ATHX MUNICH 2026,Germany 🇩🇪,2026,Mixed,ATHX,Endurance,,,,,,,3.547KM,5.148KM,132
133,Christoph Huber & Melissa Hausladen,ATHX BERLIN 2026,Germany 🇩🇪,2026,Mixed,ATHX,Endurance,,,,,,,3.688KM,5.006KM,133
134,Viviane Schemat & Markus Simon,ATHX MUNICH 2026,Germany 🇩🇪,2026,Mixed,ATHX,Endurance,,,,,,,3.518KM,5.175KM,134
134,Nicole Hager & Rene Leier,ATHX MUNICH 2026,Germany 🇩🇪,2026,Mixed,ATHX,Endurance,,,,,,,3.589KM,5.104KM,134
136,Michelle Wothe & Eric Wothe,ATHX BERLIN 2026,Germany 🇩🇪,2026,Mixed,ATHX,Endurance,,,,,,,3.73KM,4.96KM,136
137,Melissa Krüger & Frank Fleissner,ATHX MUNICH 2026,Germany 🇩🇪,2026,Mixed,ATHX,Endurance,,,,,,,3.55KM,5.134KM,137
138,Andreas Burcea Marcu & Jaime Imbusch,ATHX MUNICH 2026,Germany 🇩🇪,2026,Mixed,ATHX,Endurance,,,,,,,3.492KM,5.191KM,138
139,Christian Kosak & Tamara Salden,ATHX MUNICH 2026,Germany 🇩🇪,2026,Mixed,ATHX,Endurance,,,,,,,3.5KM,5.175KM,139
140,Christian Wurm & Aline Rückel,ATHX MUNICH 2026,Germany 🇩🇪,2026,Mixed,ATHX,Endurance,,,,,,,3.75KM,4.905KM,140
141,Linda Clauß & Alexander Rößner,ATHX MUNICH 2026,Germany 🇩🇪,2026,Mixed,ATHX,Endurance,,,,,,,3.75KM,4.891KM,141
142,Mitchel Fischer & Melanie Eckl,ATHX MUNICH 2026,Germany 🇩🇪,2026,Mixed,ATHX,Endurance,,,,,,,3.927KM,4.701KM,142
143,Mike Lämmel & Yvonne Lämmel,ATHX MUNICH 2026,Germany 🇩🇪,2026,Mixed,ATHX,Endurance,,,,,,,3.797KM,4.83KM,143
144,Simone Schär & Simon Steinemann,ATHX MUNICH 2026,Germany 🇩🇪,2026,Mixed,ATHX,Endurance,,,,,,,3.144KM,5.482KM,144
145,Sandy Dannenberg & Philipp Dannenberg,ATHX BERLIN 2026,Germany 🇩🇪,2026,Mixed,ATHX,Endurance,,,,,,,3.75KM,4.875KM,145
145,Vanessa Tacke & Marek Buschmann,ATHX BERLIN 2026,Germany 🇩🇪,2026,Mixed,ATHX,Endurance,,,,,,,3.78KM,4.845KM,145
147,Maximilian Jakob & Lara Pfleider,ATHX MUNICH 2026,Germany 🇩🇪,2026,Mixed,ATHX,Endurance,,,,,,,3.4KM,5.222KM,147
148,Romy Trömel & Dan Baaken,ATHX BERLIN 2026,Germany 🇩🇪,2026,Mixed,ATHX,Endurance,,,,,,,3.591KM,5.028KM,148
149,Olivia Shepherd & Manuel Stepanow,ATHX BERLIN 2026,Germany 🇩🇪,2026,Mixed,ATHX,Endurance,,,,,,,3.575KM,5.029KM,149
150,Elena Walter & Steffen Bosch,ATHX BERLIN 2026,Germany 🇩🇪,2026,Mixed,ATHX,Endurance,,,,,,,3.846KM,4.747KM,150
151,Joana Müller & Daniel Fuentealba,ATHX BERLIN 2026,Germany 🇩🇪,2026,Mixed,ATHX,Endurance,,,,,,,3.788KM,4.798KM,151
152,Stefanie Einmüller & Robert Einmüller,ATHX MUNICH 2026,Germany 🇩🇪,2026,Mixed,ATHX,Endurance,,,,,,,3.75KM,4.819KM,152
153,Franz Ströher & Sophie Bredendiek,ATHX MUNICH 2026,Germany 🇩🇪,2026,Mixed,ATHX,Endurance,,,,,,,3.552KM,5.015KM,153
154,Anja Schürken & Sven Schürken,ATHX MUNICH 2026,Germany 🇩🇪,2026,Mixed,ATHX,Endurance,,,,,,,3.32KM,5.243KM,154
155,Nick Burgmann & Katharina Saur,ATHX MUNICH 2026,Germany 🇩🇪,2026,Mixed,ATHX,Endurance,,,,,,,3.675KM,4.886KM,155
156,Nadine Freigang & Thomas Helbig,ATHX BERLIN 2026,Germany 🇩🇪,2026,Mixed,ATHX,Endurance,,,,,,,3.667KM,4.886KM,156
157,Stefanie Klar & Alexander Höcht,ATHX MUNICH 2026,Germany 🇩🇪,2026,Mixed,ATHX,Endurance,,,,,,,3.402KM,5.135KM,157
158,Robert Richter & Silke Holzmayr,ATHX MUNICH 2026,Germany 🇩🇪,2026,Mixed,ATHX,Endurance,,,,,,,3.75KM,4.782KM,158
159,Nicole Weber & Moritz Schwarz,ATHX MUNICH 2026,Germany 🇩🇪,2026,Mixed,ATHX,Endurance,,,,,,,3.517KM,5.009KM,159
160,Lukas Quackatz & Jülly-Inna Liang,ATHX BERLIN 2026,Germany 🇩🇪,2026,Mixed,ATHX,Endurance,,,,,,,3.614KM,4.908KM,160
161,David Piesik & Laura Heynen,ATHX BERLIN 2026,Germany 🇩🇪,2026,Mixed,ATHX,Endurance,,,,,,,3.434KM,5.086KM,161
162,Martin Hennig & Laura laura.hirthe@gmx.de,ATHX BERLIN 2026,Germany 🇩🇪,2026,Mixed,ATHX,Endurance,,,,,,,3.75KM,4.768KM,162
163,Lisa Majewski & Philipp Zimmermann,ATHX MUNICH 2026,Germany 🇩🇪,2026,Mixed,ATHX,Endurance,,,,,,,3.75KM,4.764KM,163
164,Stephen Paul & Laura Kleiber,ATHX MUNICH 2026,Germany 🇩🇪,2026,Mixed,ATHX,Endurance,,,,,,,3.441KM,5.069KM,164
165,Ly Trinh & Henning Reimers,ATHX BERLIN 2026,Germany 🇩🇪,2026,Mixed,ATHX,Endurance,,,,,,,3.588KM,4.919KM,165
166,Angelos Hoikas & Helena Comman,ATHX MUNICH 2026,Germany 🇩🇪,2026,Mixed,ATHX,Endurance,,,,,,,3.75KM,4.729KM,166
167,Tobias Wambach & Ulrike Wambach,ATHX MUNICH 2026,Germany 🇩🇪,2026,Mixed,ATHX,Endurance,,,,,,,3.18KM,5.294KM,167
167,Oliver Lange & Sarah Andris,ATHX BERLIN 2026,Germany 🇩🇪,2026,Mixed,ATHX,Endurance,,,,,,,3.5KM,4.974KM,167
169,Edith Moser & Manfred Moser,ATHX BERLIN 2026,Germany 🇩🇪,2026,Mixed,ATHX,Endurance,,,,,,,3.75KM,4.72KM,169
170,Katharina Ulrich & Alexander Ulrich,ATHX MUNICH 2026,Germany 🇩🇪,2026,Mixed,ATHX,Endurance,,,,,,,3.611KM,4.85KM,170
171,Judith Claßen & Jonas Gutsche,ATHX MUNICH 2026,Germany 🇩🇪,2026,Mixed,ATHX,Endurance,,,,,,,3.321KM,5.139KM,171
172,Maik Leber & Valeska Grabowski,ATHX BERLIN 2026,Germany 🇩🇪,2026,Mixed,ATHX,Endurance,,,,,,,3.496KM,4.961KM,172
173,Dennis Klös & Anna-Lena Klös,ATHX MUNICH 2026,Germany 🇩🇪,2026,Mixed,ATHX,Endurance,,,,,,,3.414KM,5.042KM,173
174,Sabrina Wagner & Dave Gummelt,ATHX BERLIN 2026,Germany 🇩🇪,2026,Mixed,ATHX,Endurance,,,,,,,3.436KM,5.016KM,174
175,Luis Queiros & Libânia Magalhães,ATHX MUNICH 2026,Germany 🇩🇪,2026,Mixed,ATHX,Endurance,,,,,,,3.499KM,4.942KM,175
176,Rene Michel & Manuela Hack,ATHX MUNICH 2026,Germany 🇩🇪,2026,Mixed,ATHX,Endurance,,,,,,,3.75KM,4.689KM,176
177,Christian Schmidt & Irena Schmidt,ATHX MUNICH 2026,Germany 🇩🇪,2026,Mixed,ATHX,Endurance,,,,,,,3.5KM,4.934KM,177
177,Laurin Sanllorente & Anissa Schmidt-Mößinger,ATHX MUNICH 2026,Germany 🇩🇪,2026,Mixed,ATHX,Endurance,,,,,,,3.54KM,4.894KM,177
179,Andreas Ehrat & Lena Schober,ATHX MUNICH 2026,Germany 🇩🇪,2026,Mixed,ATHX,Endurance,,,,,,,3.524KM,4.908KM,179
180,Cedric Budmiger & Bettina Budmiger,ATHX MUNICH 2026,Germany 🇩🇪,2026,Mixed,ATHX,Endurance,,,,,,,3.257KM,5.157KM,180
181,Eugen Wiens & Asrai Soos,ATHX MUNICH 2026,Germany 🇩🇪,2026,Mixed,ATHX,Endurance,,,,,,,3.444KM,4.968KM,181
182,Nicole Bäumler & Markus Bäumler,ATHX BERLIN 2026,Germany 🇩🇪,2026,Mixed,ATHX,Endurance,,,,,,,3.5KM,4.883KM,182
183,Katharina Nikolov & Dominik Gastner,ATHX MUNICH 2026,Germany 🇩🇪,2026,Mixed,ATHX,Endurance,,,,,,,3.296KM,5.084KM,183
184,Juergen Deckert & Kerstin Deckert,ATHX MUNICH 2026,Germany 🇩🇪,2026,Mixed,ATHX,Endurance,,,,,,,3.68KM,4.677KM,184
185,Daniel Ridinger & Jana Burghard,ATHX MUNICH 2026,Germany 🇩🇪,2026,Mixed,ATHX,Endurance,,,,,,,3.558KM,4.744KM,185
186,Regina Frieß & Peter Kronenwett,ATHX MUNICH 2026,Germany 🇩🇪,2026,Mixed,ATHX,Endurance,,,,,,,3.771KM,4.53KM,186
186,Julia Gebelein & Christoph Dubiel,ATHX MUNICH 2026,Germany 🇩🇪,2026,Mixed,ATHX,Endurance,,,,,,,3.014KM,5.287KM,186
188,Sven Riek & Julia Waibel,ATHX MUNICH 2026,Germany 🇩🇪,2026,Mixed,ATHX,Endurance,,,,,,,3.386KM,4.912KM,188
189,Feji Abdullah & Marvin Langmandel,ATHX MUNICH 2026,Germany 🇩🇪,2026,Mixed,ATHX,Endurance,,,,,,,3.023KM,5.268KM,189
190,Ben Schinabeck & Johanna Schinabeck,ATHX MUNICH 2026,Germany 🇩🇪,2026,Mixed,ATHX,Endurance,,,,,,,3.253KM,5.037KM,190
191,Steffen Mädger & Ilona Michallek,ATHX BERLIN 2026,Germany 🇩🇪,2026,Mixed,ATHX,Endurance,,,,,,,3.5KM,4.772KM,191
192,Josi Sandhaus & Alex Haberberger,ATHX BERLIN 2026,Germany 🇩🇪,2026,Mixed,ATHX,Endurance,,,,,,,3.533KM,4.738KM,192
193,Franziska Schultz & Sebastian Schramm,ATHX BERLIN 2026,Germany 🇩🇪,2026,Mixed,ATHX,Endurance,,,,,,,3.265KM,5.003KM,193
194,Andreas Synak & Anina Günzel,ATHX BERLIN 2026,Germany 🇩🇪,2026,Mixed,ATHX,Endurance,,,,,,,3.446KM,4.799KM,194
195,Sebastian Letz & Jennifer Letz,ATHX BERLIN 2026,Germany 🇩🇪,2026,Mixed,ATHX,Endurance,,,,,,,3.5KM,4.744KM,195
196,Pierre Lennartz & Vivien Düster,ATHX MUNICH 2026,Germany 🇩🇪,2026,Mixed,ATHX,Endurance,,,,,,,3.28KM,4.961KM,196
197,Filip Njezic & Linda Marks,ATHX MUNICH 2026,Germany 🇩🇪,2026,Mixed,ATHX,Endurance,,,,,,,3.325KM,4.901KM,197
198,Daniel Rath & Josephine Bärlin,ATHX BERLIN 2026,Germany 🇩🇪,2026,Mixed,ATHX,Endurance,,,,,,,3.49KM,4.721KM,198
199,Mark Hartnett-Morgan & MARIE WAGG,ATHX MUNICH 2026,Germany 🇩🇪,2026,Mixed,ATHX,Endurance,,,,,,,3.545KM,4.659KM,199
200,Philipp Huebsch & Julia Roth,ATHX MUNICH 2026,Germany 🇩🇪,2026,Mixed,ATHX,Endurance,,,,,,,3.442KM,4.76KM,200
201,Matthias Pöder & Annie Sienerth,ATHX MUNICH 2026,Germany 🇩🇪,2026,Mixed,ATHX,Endurance,,,,,,,3.078KM,5.108KM,201
202,Gina Gerz & Patrick Marie,ATHX MUNICH 2026,Germany 🇩🇪,2026,Mixed,ATHX,Endurance,,,,,,,3.161KM,5.024KM,202
203,Heiko Rutsch & Vanessa Brüggler,ATHX MUNICH 2026,Germany 🇩🇪,2026,Mixed,ATHX,Endurance,,,,,,,3.359KM,4.821KM,203
203,Monika Sestic & Slaven Sestic,ATHX BERLIN 2026,Germany 🇩🇪,2026,Mixed,ATHX,Endurance,,,,,,,3.518KM,4.662KM,203
205,Daniela Zimmerhackel & Eugen Wiens,ATHX MUNICH 2026,Germany 🇩🇪,2026,Mixed,ATHX,Endurance,,,,,,,3.195KM,4.98KM,205
206,Luka Braun & Anouk Köhler,ATHX BERLIN 2026,Germany 🇩🇪,2026,Mixed,ATHX,Endurance,,,,,,,3.812KM,4.341KM,206
207,Anna Sylvester & Stefan Koch,ATHX BERLIN 2026,Germany 🇩🇪,2026,Mixed,ATHX,Endurance,,,,,,,3.548KM,4.589KM,207
208,Daniel Luley & Martina Tremmel,ATHX MUNICH 2026,Germany 🇩🇪,2026,Mixed,ATHX,Endurance,,,,,,,2.921KM,5.214KM,208
209,Alexander Ebert & Katharina Ebert,ATHX BERLIN 2026,Germany 🇩🇪,2026,Mixed,ATHX,Endurance,,,,,,,3.432KM,4.693KM,209
210,Lina Schuhmacher & Valentin Schneider,ATHX MUNICH 2026,Germany 🇩🇪,2026,Mixed,ATHX,Endurance,,,,,,,3.154KM,4.957KM,210
211,Natalie Maier & Jaime Martinez Manresa,ATHX MUNICH 2026,Germany 🇩🇪,2026,Mixed,ATHX,Endurance,,,,,,,3.352KM,4.743KM,211
212,Jan Kollmann & Ursula Mühle,ATHX MUNICH 2026,Germany 🇩🇪,2026,Mixed,ATHX,Endurance,,,,,,,3.243KM,4.83KM,212
213,Jenna Kadlubski & Christian Maksvitat,ATHX BERLIN 2026,Germany 🇩🇪,2026,Mixed,ATHX,Endurance,,,,,,,3.064KM,5.001KM,213
213,Bernadett Békési & Mark Halasi,ATHX BERLIN 2026,Germany 🇩🇪,2026,Mixed,ATHX,Endurance,,,,,,,3.182KM,4.883KM,213
215,Moritz Scheele & Franziska Scheele,ATHX MUNICH 2026,Germany 🇩🇪,2026,Mixed,ATHX,Endurance,,,,,,,3KM,5.064KM,215
216,Georgios Kanistras & Saskia-Alessandra Forkel,ATHX MUNICH 2026,Germany 🇩🇪,2026,Mixed,ATHX,Endurance,,,,,,,3.686KM,4.377KM,216
217,Ronja Großmann & Raphael Großmann,ATHX MUNICH 2026,Germany 🇩🇪,2026,Mixed,ATHX,Endurance,,,,,,,3.16KM,4.899KM,217
218,Louis Reinecke & Alexandra Scheidl,ATHX MUNICH 2026,Germany 🇩🇪,2026,Mixed,ATHX,Endurance,,,,,,,3.489KM,4.562KM,218
219,Nina Sieger & Jakob Sieger,ATHX BERLIN 2026,Germany 🇩🇪,2026,Mixed,ATHX,Endurance,,,,,,,3.355KM,4.693KM,219
220,Gai Luong & Carole Merens,ATHX MUNICH 2026,Germany 🇩🇪,2026,Mixed,ATHX,Endurance,,,,,,,3.155KM,4.859KM,220
221,Matthias Betzl & Anna Köhler,ATHX MUNICH 2026,Germany 🇩🇪,2026,Mixed,ATHX,Endurance,,,,,,,3.44KM,4.557KM,221
222,Denis Brandt & Sarah Mertes,ATHX BERLIN 2026,Germany 🇩🇪,2026,Mixed,ATHX,Endurance,,,,,,,2.995KM,5KM,222
223,Vioneta vioneta.bendel@gmail.com & Philip Hakenberg,ATHX MUNICH 2026,Germany 🇩🇪,2026,Mixed,ATHX,Endurance,,,,,,,3.103KM,4.887KM,223
224,Markus Ornigg & Nira Zoesmar,ATHX MUNICH 2026,Germany 🇩🇪,2026,Mixed,ATHX,Endurance,,,,,,,2.944KM,5.039KM,224
225,Franziska Bartenschlager & Markus Liese,ATHX MUNICH 2026,Germany 🇩🇪,2026,Mixed,ATHX,Endurance,,,,,,,3KM,4.953KM,225
226,maeve hamill & Adam Johnston,ATHX BERLIN 2026,Germany 🇩🇪,2026,Mixed,ATHX,Endurance,,,,,,,3.192KM,4.731KM,226
227,Jeff Gosnell & Thea Gosnell,ATHX MUNICH 2026,Germany 🇩🇪,2026,Mixed,ATHX,Endurance,,,,,,,3KM,4.916KM,227
228,Daniel Buchert & Antonia Pfeiffer,ATHX MUNICH 2026,Germany 🇩🇪,2026,Mixed,ATHX,Endurance,,,,,,,3KM,4.903KM,228
229,Tim Richter & Marina Baur,ATHX MUNICH 2026,Germany 🇩🇪,2026,Mixed,ATHX,Endurance,,,,,,,3.066KM,4.81KM,229
230,Romy Leutner & Marco Friedrichs,ATHX BERLIN 2026,Germany 🇩🇪,2026,Mixed,ATHX,Endurance,,,,,,,3.144KM,4.712KM,230
231,Konstantin Hoffmann & Michelle Guy,ATHX BERLIN 2026,Germany 🇩🇪,2026,Mixed,ATHX,Endurance,,,,,,,3.581KM,4.269KM,231
232,Christian Leutner & Ines Leutner,ATHX BERLIN 2026,Germany 🇩🇪,2026,Mixed,ATHX,Endurance,,,,,,,3.079KM,4.746KM,232
233,Stefan Stöckle & Daniela Stöckle,ATHX MUNICH 2026,Germany 🇩🇪,2026,Mixed,ATHX,Endurance,,,,,,,3.356KM,4.387KM,233
234,Andreas Botey & Alexandra Voigt,ATHX MUNICH 2026,Germany 🇩🇪,2026,Mixed,ATHX,Endurance,,,,,,,3KM,4.577KM,234
235,Vera Schnepf & Peter Winkler,ATHX MUNICH 2026,Germany 🇩🇪,2026,Mixed,ATHX,Endurance,,,,,,,2.75KM,4.816KM,235
236,Celina Fischer & Denis Fuchs,ATHX BERLIN 2026,Germany 🇩🇪,2026,Mixed,ATHX,Endurance,,,,,,,2.5KM,5.061KM,236
237,Gavin Perrie & Emma Sinclair,ATHX MUNICH 2026,Germany 🇩🇪,2026,Mixed,ATHX,Endurance,,,,,,,3.022KM,4.464KM,237
238,Antonio Villani & Nilla Hoppe,ATHX BERLIN 2026,Germany 🇩🇪,2026,Mixed,ATHX,Endurance,,,,,,,3.054KM,4.429KM,238
239,Carolin Karn & Janosch Janson,ATHX MUNICH 2026,Germany 🇩🇪,2026,Mixed,ATHX,Endurance,,,,,,,3.03KM,4.419KM,239
240,Corinna Rose & Christian Böttger,ATHX BERLIN 2026,Germany 🇩🇪,2026,Mixed,ATHX,Endurance,,,,,,,2.924KM,4.492KM,240
241,Sandra Mühlhäußer & Lukas Müller,ATHX MUNICH 2026,Germany 🇩🇪,2026,Mixed,ATHX,Endurance,,,,,,,3.038KM,4.163KM,241
242,Cornelia Schmid & Marc Schmid,ATHX MUNICH 2026,Germany 🇩🇪,2026,Mixed,ATHX,Endurance,,,,,,,2.656KM,4.51KM,242
243,Alexander Karpf & Vivienne Schulze,ATHX BERLIN 2026,Germany 🇩🇪,2026,Mixed,ATHX,Endurance,,,,,,,2.285KM,4.863KM,243
1,Deniz Püseli & Michèle Engel,ATHX MUNICH 2026,Germany 🇩🇪,2026,Mixed,ATHX,Strength,,,,128KG,345KG,325KG,,,1
2,Hendrik Kabelitz & Leonie Kolle,ATHX MUNICH 2026,Germany 🇩🇪,2026,Mixed,ATHX,Strength,,,,125KG,281KG,339KG,,,2
3,Anna Connor-Astreos & Liam Eldridge,ATHX BERLIN 2026,Germany 🇩🇪,2026,Mixed,ATHX,Strength,,,,137KG,287KG,314KG,,,3
4,Vioneta vioneta.bendel@gmail.com & Philip Hakenberg,ATHX MUNICH 2026,Germany 🇩🇪,2026,Mixed,ATHX,Strength,,,,141KG,250KG,330KG,,,4
4,Jonathan Bunel joly & Andrea Hendry,ATHX BERLIN 2026,Germany 🇩🇪,2026,Mixed,ATHX,Strength,,,,118KG,280KG,323KG,,,4
6,Stephen Paul & Laura Kleiber,ATHX MUNICH 2026,Germany 🇩🇪,2026,Mixed,ATHX,Strength,,,,139KG,260KG,305KG,,,6
7,Julian Roppelt & Viktoria Roppelt,ATHX BERLIN 2026,Germany 🇩🇪,2026,Mixed,ATHX,Strength,,,,128KG,255KG,300KG,,,7
7,Michal Schwarz & Petra Juskova,ATHX BERLIN 2026,Germany 🇩🇪,2026,Mixed,ATHX,Strength,,,,130KG,255KG,298KG,,,7
9,Marcel Jöbstl & Zoë Killisch,ATHX MUNICH 2026,Germany 🇩🇪,2026,Mixed,ATHX,Strength,,,,135KG,230KG,310KG,,,9
9,Matthias Herter & Nina Lorenz,ATHX MUNICH 2026,Germany 🇩🇪,2026,Mixed,ATHX,Strength,,,,120KG,245KG,310KG,,,9
11,Daniel Buchert & Antonia Pfeiffer,ATHX MUNICH 2026,Germany 🇩🇪,2026,Mixed,ATHX,Strength,,,,119KG,270KG,281KG,,,11
11,Ines Noeske & Boubacar Bah,ATHX BERLIN 2026,Germany 🇩🇪,2026,Mixed,ATHX,Strength,,,,120KG,260KG,290KG,,,11
13,Anna Horatz & Thomas Reppa,ATHX MUNICH 2026,Germany 🇩🇪,2026,Mixed,ATHX,Strength,,,,122KG,225KG,315KG,,,13
13,Andreas Burcea Marcu & Jaime Imbusch,ATHX MUNICH 2026,Germany 🇩🇪,2026,Mixed,ATHX,Strength,,,,127KG,245KG,290KG,,,13
15,Daniel Luley & Martina Tremmel,ATHX MUNICH 2026,Germany 🇩🇪,2026,Mixed,ATHX,Strength,,,,114KG,254KG,290KG,,,15
16,Maximilian Jakob & Lara Pfleider,ATHX MUNICH 2026,Germany 🇩🇪,2026,Mixed,ATHX,Strength,,,,119KG,244KG,291KG,,,16
17,Moritz Scheele & Franziska Scheele,ATHX MUNICH 2026,Germany 🇩🇪,2026,Mixed,ATHX,Strength,,,,127KG,240KG,286KG,,,17
18,Matthias Pöder & Annie Sienerth,ATHX MUNICH 2026,Germany 🇩🇪,2026,Mixed,ATHX,Strength,,,,119KG,230KG,300KG,,,18
18,Nina Knieriemen & Pascal Pech,ATHX BERLIN 2026,Germany 🇩🇪,2026,Mixed,ATHX,Strength,,,,120KG,244KG,285KG,,,18
20,Veronika Hammerbacher & Meier.Florian Team,ATHX BERLIN 2026,Germany 🇩🇪,2026,Mixed,ATHX,Strength,,,,119KG,255KG,272KG,,,20
21,Kathrin Limmer & Stephan Friedrich,ATHX BERLIN 2026,Germany 🇩🇪,2026,Mixed,ATHX,Strength,,,,133KG,236KG,276KG,,,21
22,Feji Abdullah & Marvin Langmandel,ATHX MUNICH 2026,Germany 🇩🇪,2026,Mixed,ATHX,Strength,,,,120KG,240KG,280KG,,,22
22,Romy Trömel & Dan Baaken,ATHX BERLIN 2026,Germany 🇩🇪,2026,Mixed,ATHX,Strength,,,,120KG,215KG,305KG,,,22
24,Sina Bertelsbeck & Philip Heitmann,ATHX BERLIN 2026,Germany 🇩🇪,2026,Mixed,ATHX,Strength,,,,120KG,235KG,282KG,,,24
24,Kathryn Metcalfe & Joshua Sacher,ATHX BERLIN 2026,Germany 🇩🇪,2026,Mixed,ATHX,Strength,,,,122KG,235KG,280KG,,,24
26,Edith Moser & Manfred Moser,ATHX BERLIN 2026,Germany 🇩🇪,2026,Mixed,ATHX,Strength,,,,124KG,230KG,282KG,,,26
27,Alexander Zamida & Sabrina Zamida,ATHX MUNICH 2026,Germany 🇩🇪,2026,Mixed,ATHX,Strength,,,,124KG,214KG,297KG,,,27
27,Judith Claßen & Jonas Gutsche,ATHX MUNICH 2026,Germany 🇩🇪,2026,Mixed,ATHX,Strength,,,,120KG,245KG,270KG,,,27
29,Daniela Zimmerhackel & Eugen Wiens,ATHX MUNICH 2026,Germany 🇩🇪,2026,Mixed,ATHX,Strength,,,,122KG,235KG,275KG,,,29
29,Cynthia Gurrieri-Uhl & Armin Uhl,ATHX BERLIN 2026,Germany 🇩🇪,2026,Mixed,ATHX,Strength,,,,122KG,225KG,285KG,,,29
31,Angelos Hoikas & Helena Comman,ATHX MUNICH 2026,Germany 🇩🇪,2026,Mixed,ATHX,Strength,,,,120KG,250KG,260KG,,,31
31,Simone Schär & Simon Steinemann,ATHX MUNICH 2026,Germany 🇩🇪,2026,Mixed,ATHX,Strength,,,,115KG,245KG,270KG,,,31
33,maeve hamill & Adam Johnston,ATHX BERLIN 2026,Germany 🇩🇪,2026,Mixed,ATHX,Strength,,,,103KG,235KG,290KG,,,33
34,Carolin Karn & Janosch Janson,ATHX MUNICH 2026,Germany 🇩🇪,2026,Mixed,ATHX,Strength,,,,120KG,225KG,280KG,,,34
34,Laura Knon & Stefan s.schegg@gmail.com,ATHX MUNICH 2026,Germany 🇩🇪,2026,Mixed,ATHX,Strength,,,,115KG,230KG,280KG,,,34
34,Christin Bosinsky & Deniz Galander,ATHX BERLIN 2026,Germany 🇩🇪,2026,Mixed,ATHX,Strength,,,,120KG,225KG,280KG,,,34
37,Cedric Budmiger & Bettina Budmiger,ATHX MUNICH 2026,Germany 🇩🇪,2026,Mixed,ATHX,Strength,,,,118KG,226KG,280KG,,,37
37,Julia Gebelein & Christoph Dubiel,ATHX MUNICH 2026,Germany 🇩🇪,2026,Mixed,ATHX,Strength,,,,122KG,227KG,275KG,,,37
39,Romy Leutner & Marco Friedrichs,ATHX BERLIN 2026,Germany 🇩🇪,2026,Mixed,ATHX,Strength,,,,143KG,210KG,270KG,,,39
40,Kathrin Limmer & Stephan Friedrich,ATHX MUNICH 2026,Germany 🇩🇪,2026,Mixed,ATHX,Strength,,,,132KG,223KG,263KG,,,40
40,Sarah Kerr & Chris Pawson,ATHX BERLIN 2026,Germany 🇩🇪,2026,Mixed,ATHX,Strength,,,,128KG,220KG,270KG,,,40
42,Lydia Kreuter & Lukas Lundbeck,ATHX MUNICH 2026,Germany 🇩🇪,2026,Mixed,ATHX,Strength,,,,146KG,201KG,270KG,,,42
42,Jens Geppert & Christin Friedrich,ATHX MUNICH 2026,Germany 🇩🇪,2026,Mixed,ATHX,Strength,,,,117KG,230KG,270KG,,,42
42,Kelli Weinreich & Neil Weinreich,ATHX MUNICH 2026,Germany 🇩🇪,2026,Mixed,ATHX,Strength,,,,107KG,240KG,270KG,,,42
45,Mirjam Blass & Hannes Röhrle,ATHX MUNICH 2026,Germany 🇩🇪,2026,Mixed,ATHX,Strength,,,,106KG,215KG,295KG,,,45
46,Benjamin Lux & Anne Lux,ATHX BERLIN 2026,Germany 🇩🇪,2026,Mixed,ATHX,Strength,,,,120KG,205KG,290KG,,,46
47,Pascal Giger & Janine Czeschner,ATHX BERLIN 2026,Germany 🇩🇪,2026,Mixed,ATHX,Strength,,,,110KG,229KG,275KG,,,47
48,Jan Danowski & Sara Schäfers,ATHX BERLIN 2026,Germany 🇩🇪,2026,Mixed,ATHX,Strength,,,,128KG,210KG,275KG,,,48
49,Laszlo Peimli & Sabrina Müller,ATHX MUNICH 2026,Germany 🇩🇪,2026,Mixed,ATHX,Strength,,,,120KG,230KG,260KG,,,49
49,Joana Müller & Daniel Fuentealba,ATHX BERLIN 2026,Germany 🇩🇪,2026,Mixed,ATHX,Strength,,,,107KG,225KG,278KG,,,49
51,Sabine Schartner & Florian Geyer,ATHX MUNICH 2026,Germany 🇩🇪,2026,Mixed,ATHX,Strength,,,,114KG,205KG,290KG,,,51
52,Daniela Schlosser & Daniel Schlosser,ATHX MUNICH 2026,Germany 🇩🇪,2026,Mixed,ATHX,Strength,,,,110KG,218KG,280KG,,,52
52,Ronja Großmann & Raphael Großmann,ATHX MUNICH 2026,Germany 🇩🇪,2026,Mixed,ATHX,Strength,,,,111KG,225KG,272KG,,,52
54,Tobias Maier & Christina Beck,ATHX MUNICH 2026,Germany 🇩🇪,2026,Mixed,ATHX,Strength,,,,110KG,241KG,254KG,,,54
55,Rebecca Hertlein & Markus Gebauer,ATHX MUNICH 2026,Germany 🇩🇪,2026,Mixed,ATHX,Strength,,,,119KG,215KG,270KG,,,55
56,Daniel Birca & Klára Nováková,ATHX BERLIN 2026,Germany 🇩🇪,2026,Mixed,ATHX,Strength,,,,117KG,225KG,260KG,,,56
57,Jule Paulsen & Thies Nicolaisen,ATHX BERLIN 2026,Germany 🇩🇪,2026,Mixed,ATHX,Strength,,,,107KG,210KG,284KG,,,57
58,Tim Richter & Marina Baur,ATHX MUNICH 2026,Germany 🇩🇪,2026,Mixed,ATHX,Strength,,,,111KG,229KG,260KG,,,58
58,Ben Schinabeck & Johanna Schinabeck,ATHX MUNICH 2026,Germany 🇩🇪,2026,Mixed,ATHX,Strength,,,,105KG,235KG,260KG,,,58
60,Tim Weyland & Marie Kaiser,ATHX BERLIN 2026,Germany 🇩🇪,2026,Mixed,ATHX,Strength,,,,109KG,210KG,280KG,,,60
61,Hendrik Behrens & Clarissa Siegel,ATHX BERLIN 2026,Germany 🇩🇪,2026,Mixed,ATHX,Strength,,,,108KG,210KG,280KG,,,61
62,Dominik Honz & Raphaela Honz,ATHX MUNICH 2026,Germany 🇩🇪,2026,Mixed,ATHX,Strength,,,,108KG,218KG,270KG,,,62
63,Juliane Groß & Michel Müller,ATHX MUNICH 2026,Germany 🇩🇪,2026,Mixed,ATHX,Strength,,,,110KG,232KG,252KG,,,63
64,Jenny Klemenz & Phillip Benda,ATHX MUNICH 2026,Germany 🇩🇪,2026,Mixed,ATHX,Strength,,,,103KG,210KG,280KG,,,64
65,Jule Paulsen & Thies Nicolaisen,ATHX MUNICH 2026,Germany 🇩🇪,2026,Mixed,ATHX,Strength,,,,110KG,209KG,272KG,,,65
66,Vivien Gantioler & Marian Klopcic,ATHX MUNICH 2026,Germany 🇩🇪,2026,Mixed,ATHX,Strength,,,,128KG,200KG,262KG,,,66
66,Celina Fischer & Denis Fuchs,ATHX BERLIN 2026,Germany 🇩🇪,2026,Mixed,ATHX,Strength,,,,110KG,215KG,265KG,,,66
66,Bernadett Békési & Mark Halasi,ATHX BERLIN 2026,Germany 🇩🇪,2026,Mixed,ATHX,Strength,,,,86KG,224KG,280KG,,,66
69,Mark Hartnett-Morgan & MARIE WAGG,ATHX MUNICH 2026,Germany 🇩🇪,2026,Mixed,ATHX,Strength,,,,118KG,190KG,280KG,,,69
70,Saskia Noack & Marc Ewers,ATHX BERLIN 2026,Germany 🇩🇪,2026,Mixed,ATHX,Strength,,,,112KG,215KG,259KG,,,70
71,Olivia Shepherd & Manuel Stepanow,ATHX BERLIN 2026,Germany 🇩🇪,2026,Mixed,ATHX,Strength,,,,110KG,200KG,275KG,,,71
71,Steve Enning & Anna Heuschmann,ATHX BERLIN 2026,Germany 🇩🇪,2026,Mixed,ATHX,Strength,,,,105KG,215KG,265KG,,,71
73,Maximilian Kraus & Laura Nefzger,ATHX MUNICH 2026,Germany 🇩🇪,2026,Mixed,ATHX,Strength,,,,121KG,208KG,255KG,,,73
73,David Piesik & Laura Heynen,ATHX BERLIN 2026,Germany 🇩🇪,2026,Mixed,ATHX,Strength,,,,119KG,205KG,260KG,,,73
75,Eugen Wiens & Asrai Soos,ATHX MUNICH 2026,Germany 🇩🇪,2026,Mixed,ATHX,Strength,,,,118KG,205KG,260KG,,,75
76,Celina Krieb & Christoph Hagmann,ATHX MUNICH 2026,Germany 🇩🇪,2026,Mixed,ATHX,Strength,,,,105KG,210KG,266KG,,,76
76,Marilena Micha & Vangelis Papanikolaou,ATHX BERLIN 2026,Germany 🇩🇪,2026,Mixed,ATHX,Strength,,,,93KG,235KG,253KG,,,76
76,Paula Loibl & Marius Grad,ATHX BERLIN 2026,Germany 🇩🇪,2026,Mixed,ATHX,Strength,,,,99KG,197KG,285KG,,,76
79,Johanna Alber & Artjom Müller,ATHX MUNICH 2026,Germany 🇩🇪,2026,Mixed,ATHX,Strength,,,,96KG,197KG,286KG,,,79
80,Viviane Schemat & Markus Simon,ATHX MUNICH 2026,Germany 🇩🇪,2026,Mixed,ATHX,Strength,,,,104KG,210KG,264KG,,,80
80,Veronika Hammerbacher & Marius Stumpf,ATHX MUNICH 2026,Germany 🇩🇪,2026,Mixed,ATHX,Strength,,,,113KG,210KG,255KG,,,80
80,Stefanie Bauch & Sebastian Pletz,ATHX MUNICH 2026,Germany 🇩🇪,2026,Mixed,ATHX,Strength,,,,103KG,210KG,265KG,,,80
83,Christin Bosinsky & Deniz Galander,ATHX MUNICH 2026,Germany 🇩🇪,2026,Mixed,ATHX,Strength,,,,117KG,210KG,250KG,,,83
84,Igor Roller & Svetlana Roller,ATHX BERLIN 2026,Germany 🇩🇪,2026,Mixed,ATHX,Strength,,,,107KG,190KG,275KG,,,84
84,Christian Leutner & Ines Leutner,ATHX BERLIN 2026,Germany 🇩🇪,2026,Mixed,ATHX,Strength,,,,119KG,215KG,238KG,,,84
86,Fabian Kettlitz & Romina Buschick,ATHX BERLIN 2026,Germany 🇩🇪,2026,Mixed,ATHX,Strength,,,,114KG,195KG,260KG,,,86
87,Luis Queiros & Libânia Magalhães,ATHX MUNICH 2026,Germany 🇩🇪,2026,Mixed,ATHX,Strength,,,,103KG,225KG,240KG,,,87
87,Simone Schuhbauer & Alexander Hien,ATHX BERLIN 2026,Germany 🇩🇪,2026,Mixed,ATHX,Strength,,,,106KG,196KG,266KG,,,87
89,Corinna Rose & Christian Böttger,ATHX BERLIN 2026,Germany 🇩🇪,2026,Mixed,ATHX,Strength,,,,100KG,210KG,255KG,,,89
89,Cynthia Mensah & Jannes Werner,ATHX BERLIN 2026,Germany 🇩🇪,2026,Mixed,ATHX,Strength,,,,105KG,210KG,250KG,,,89
91,Steffen Waibel & Julia Waibel,ATHX BERLIN 2026,Germany 🇩🇪,2026,Mixed,ATHX,Strength,,,,104KG,200KG,260KG,,,91
92,Mike Lämmel & Yvonne Lämmel,ATHX MUNICH 2026,Germany 🇩🇪,2026,Mixed,ATHX,Strength,,,,113KG,210KG,240KG,,,92
93,Alruna Piccinato & Andrés Müller,ATHX MUNICH 2026,Germany 🇩🇪,2026,Mixed,ATHX,Strength,,,,107KG,200KG,255KG,,,93
93,Alexander Spießl & Manuela Schambeck,ATHX BERLIN 2026,Germany 🇩🇪,2026,Mixed,ATHX,Strength,,,,119KG,200KG,243KG,,,93
95,Gina Gerz & Patrick Marie,ATHX MUNICH 2026,Germany 🇩🇪,2026,Mixed,ATHX,Strength,,,,100KG,190KG,270KG,,,95
95,Adrianna Wisniewska & Jaime Bodelon,ATHX BERLIN 2026,Germany 🇩🇪,2026,Mixed,ATHX,Strength,,,,105KG,200KG,255KG,,,95
95,Chiara Regli & Enzo Helbling,ATHX BERLIN 2026,Germany 🇩🇪,2026,Mixed,ATHX,Strength,,,,100KG,210KG,250KG,,,95
98,Regina Frieß & Peter Kronenwett,ATHX MUNICH 2026,Germany 🇩🇪,2026,Mixed,ATHX,Strength,,,,107KG,200KG,252KG,,,98
99,Florian Sebald & Agnes Bretschneider,ATHX BERLIN 2026,Germany 🇩🇪,2026,Mixed,ATHX,Strength,,,,98KG,215KG,245KG,,,99
100,Luis Willer & Julia Zeller,ATHX BERLIN 2026,Germany 🇩🇪,2026,Mixed,ATHX,Strength,,,,100KG,191KG,266KG,,,100
101,Alexandra Kaps & Steven Strecker,ATHX MUNICH 2026,Germany 🇩🇪,2026,Mixed,ATHX,Strength,,,,99KG,193KG,264KG,,,101
101,Miklos Hollosy & Anita Hollosy,ATHX MUNICH 2026,Germany 🇩🇪,2026,Mixed,ATHX,Strength,,,,107KG,189KG,260KG,,,101
101,Andreas Synak & Anina Günzel,ATHX BERLIN 2026,Germany 🇩🇪,2026,Mixed,ATHX,Strength,,,,106KG,225KG,225KG,,,101
101,Thamara Schuster & Stephan Hotzy,ATHX BERLIN 2026,Germany 🇩🇪,2026,Mixed,ATHX,Strength,,,,101KG,220KG,235KG,,,101
105,Sarah Hünting & Philipp Wolf,ATHX MUNICH 2026,Germany 🇩🇪,2026,Mixed,ATHX,Strength,,,,106KG,200KG,249KG,,,105
105,Angela Deiß & Alexander Deiß,ATHX MUNICH 2026,Germany 🇩🇪,2026,Mixed,ATHX,Strength,,,,107KG,198KG,250KG,,,105
107,Heiko Rutsch & Vanessa Brüggler,ATHX MUNICH 2026,Germany 🇩🇪,2026,Mixed,ATHX,Strength,,,,110KG,187KG,254KG,,,107
107,Andreas Paul & Natalia Brozda,ATHX MUNICH 2026,Germany 🇩🇪,2026,Mixed,ATHX,Strength,,,,101KG,195KG,255KG,,,107
109,Tobias Wambach & Ulrike Wambach,ATHX MUNICH 2026,Germany 🇩🇪,2026,Mixed,ATHX,Strength,,,,120KG,195KG,235KG,,,109
110,Marijke Jacobs & Stefan Rohroff,ATHX MUNICH 2026,Germany 🇩🇪,2026,Mixed,ATHX,Strength,,,,97KG,210KG,242KG,,,110
111,Nils Metzger & Julia Lutz,ATHX MUNICH 2026,Germany 🇩🇪,2026,Mixed,ATHX,Strength,,,,103KG,205KG,240KG,,,111
112,Alina Bräuer & Sami Mardnli,ATHX BERLIN 2026,Germany 🇩🇪,2026,Mixed,ATHX,Strength,,,,135KG,200KG,210KG,,,112
113,Denis Brandt & Sarah Mertes,ATHX BERLIN 2026,Germany 🇩🇪,2026,Mixed,ATHX,Strength,,,,104KG,183KG,256KG,,,113
114,Tamara Fekete & Norbert Gyongyosi,ATHX MUNICH 2026,Germany 🇩🇪,2026,Mixed,ATHX,Strength,,,,98KG,191KG,251KG,,,114
114,Paula Loibl & Marius Grad,ATHX MUNICH 2026,Germany 🇩🇪,2026,Mixed,ATHX,Strength,,,,100KG,185KG,255KG,,,114
114,Michael Haid & Babett Groholy,ATHX MUNICH 2026,Germany 🇩🇪,2026,Mixed,ATHX,Strength,,,,100KG,180KG,260KG,,,114
114,Maximilian Köckritz & Eva Liedtke,ATHX BERLIN 2026,Germany 🇩🇪,2026,Mixed,ATHX,Strength,,,,110KG,195KG,235KG,,,114
114,Alexander Karpf & Vivienne Schulze,ATHX BERLIN 2026,Germany 🇩🇪,2026,Mixed,ATHX,Strength,,,,110KG,200KG,230KG,,,114
119,Mohamed Sameh & Evmorfia Chrysovalantou Seiti,ATHX MUNICH 2026,Germany 🇩🇪,2026,Mixed,ATHX,Strength,,,,105KG,184KG,250KG,,,119
119,Christoph Huber & Melissa Hausladen,ATHX BERLIN 2026,Germany 🇩🇪,2026,Mixed,ATHX,Strength,,,,104KG,195KG,240KG,,,119
121,Malte Frontzek & Kerstin Brückner,ATHX BERLIN 2026,Germany 🇩🇪,2026,Mixed,ATHX,Strength,,,,121KG,190KG,227KG,,,121
121,Sally Petzold & Marcel Wichert,ATHX BERLIN 2026,Germany 🇩🇪,2026,Mixed,ATHX,Strength,,,,98KG,190KG,250KG,,,121
123,Kathrin Binder & Pietro Vecchio,ATHX MUNICH 2026,Germany 🇩🇪,2026,Mixed,ATHX,Strength,,,,103KG,194KG,240KG,,,123
123,Angela Henning & Marc Maier,ATHX MUNICH 2026,Germany 🇩🇪,2026,Mixed,ATHX,Strength,,,,95KG,207KG,235KG,,,123
123,Daniel Rath & Josephine Bärlin,ATHX BERLIN 2026,Germany 🇩🇪,2026,Mixed,ATHX,Strength,,,,92KG,210KG,235KG,,,123
126,Lina Schuhmacher & Valentin Schneider,ATHX MUNICH 2026,Germany 🇩🇪,2026,Mixed,ATHX,Strength,,,,86KG,185KG,265KG,,,126
127,Pierre Lennartz & Vivien Düster,ATHX MUNICH 2026,Germany 🇩🇪,2026,Mixed,ATHX,Strength,,,,93KG,200KG,242KG,,,127
127,Jan Lesczinski & Verena Lesczinski,ATHX MUNICH 2026,Germany 🇩🇪,2026,Mixed,ATHX,Strength,,,,101KG,189KG,245KG,,,127
129,Christof Griebenow & Éloïse LASNET,ATHX MUNICH 2026,Germany 🇩🇪,2026,Mixed,ATHX,Strength,,,,104KG,190KG,240KG,,,129
129,Sandra Mühlhäußer & Lukas Müller,ATHX MUNICH 2026,Germany 🇩🇪,2026,Mixed,ATHX,Strength,,,,110KG,199KG,225KG,,,129
129,Christian Schnur & Inge Kling,ATHX BERLIN 2026,Germany 🇩🇪,2026,Mixed,ATHX,Strength,,,,108KG,193KG,233KG,,,129
132,Melissa Krüger & Frank Fleissner,ATHX MUNICH 2026,Germany 🇩🇪,2026,Mixed,ATHX,Strength,,,,93KG,195KG,245KG,,,132
133,Nicole Weber & Moritz Schwarz,ATHX MUNICH 2026,Germany 🇩🇪,2026,Mixed,ATHX,Strength,,,,112KG,175KG,245KG,,,133
133,Nicole Hager & Rene Leier,ATHX MUNICH 2026,Germany 🇩🇪,2026,Mixed,ATHX,Strength,,,,112KG,185KG,235KG,,,133
133,Bastian Bienlein & U Z,ATHX BERLIN 2026,Germany 🇩🇪,2026,Mixed,ATHX,Strength,,,,97KG,190KG,245KG,,,133
136,Franziska Schultz & Sebastian Schramm,ATHX BERLIN 2026,Germany 🇩🇪,2026,Mixed,ATHX,Strength,,,,96KG,185KG,250KG,,,136
137,Jan Koch & Michelle Hofmeier,ATHX BERLIN 2026,Germany 🇩🇪,2026,Mixed,ATHX,Strength,,,,100KG,210KG,220KG,,,137
138,Ines Baer & Kevin Deininger,ATHX MUNICH 2026,Germany 🇩🇪,2026,Mixed,ATHX,Strength,,,,107KG,132KG,290KG,,,138
138,Matthias Betzl & Anna Köhler,ATHX MUNICH 2026,Germany 🇩🇪,2026,Mixed,ATHX,Strength,,,,107KG,192KG,230KG,,,138
138,Alexander Irmscher & Tina Irmscher,ATHX BERLIN 2026,Germany 🇩🇪,2026,Mixed,ATHX,Strength,,,,98KG,195KG,236KG,,,138
141,Sandy Dannenberg & Philipp Dannenberg,ATHX BERLIN 2026,Germany 🇩🇪,2026,Mixed,ATHX,Strength,,,,125KG,164KG,239KG,,,141
142,Peter Schwendinger & Melanie Schwendinger,ATHX MUNICH 2026,Germany 🇩🇪,2026,Mixed,ATHX,Strength,,,,104KG,192KG,230KG,,,142
142,Magdalena Moltzan-Malkowska & Zbigniew Moltzan,ATHX BERLIN 2026,Germany 🇩🇪,2026,Mixed,ATHX,Strength,,,,106KG,185KG,235KG,,,142
144,Jule Minrath & Leon Horn,ATHX BERLIN 2026,Germany 🇩🇪,2026,Mixed,ATHX,Strength,,,,105KG,180KG,240KG,,,144
144,Luka Braun & Anouk Köhler,ATHX BERLIN 2026,Germany 🇩🇪,2026,Mixed,ATHX,Strength,,,,100KG,185KG,240KG,,,144
146,Franz Ströher & Sophie Bredendiek,ATHX MUNICH 2026,Germany 🇩🇪,2026,Mixed,ATHX,Strength,,,,112KG,188KG,224KG,,,146
146,Melanie Walch & Michael Walch,ATHX BERLIN 2026,Germany 🇩🇪,2026,Mixed,ATHX,Strength,,,,101KG,183KG,240KG,,,146
146,Nicole Bäumler & Markus Bäumler,ATHX BERLIN 2026,Germany 🇩🇪,2026,Mixed,ATHX,Strength,,,,91KG,195KG,238KG,,,146
149,Elisabeth Schmidt & Erik Hellwig,ATHX MUNICH 2026,Germany 🇩🇪,2026,Mixed,ATHX,Strength,,,,98KG,195KG,230KG,,,149
149,Eleonora Keller & Robert Gunz,ATHX MUNICH 2026,Germany 🇩🇪,2026,Mixed,ATHX,Strength,,,,99KG,194KG,230KG,,,149
149,Maria-Theresia Grosser-Schneider & Christian Schneider,ATHX MUNICH 2026,Germany 🇩🇪,2026,Mixed,ATHX,Strength,,,,110KG,173KG,240KG,,,149
149,David Stein & Sarah Neises,ATHX BERLIN 2026,Germany 🇩🇪,2026,Mixed,ATHX,Strength,,,,108KG,192KG,223KG,,,149
153,Jan Kollmann & Ursula Mühle,ATHX MUNICH 2026,Germany 🇩🇪,2026,Mixed,ATHX,Strength,,,,100KG,187KG,235KG,,,153
154,Daniel Ridinger & Jana Burghard,ATHX MUNICH 2026,Germany 🇩🇪,2026,Mixed,ATHX,Strength,,,,116KG,185KG,220KG,,,154
154,Florian Kowalczyk & Nadine Henningsen,ATHX BERLIN 2026,Germany 🇩🇪,2026,Mixed,ATHX,Strength,,,,105KG,191KG,225KG,,,154
156,Natalie Maier & Jaime Martinez Manresa,ATHX MUNICH 2026,Germany 🇩🇪,2026,Mixed,ATHX,Strength,,,,95KG,205KG,220KG,,,156
157,Christian Kosak & Tamara Salden,ATHX MUNICH 2026,Germany 🇩🇪,2026,Mixed,ATHX,Strength,,,,98KG,190KG,230KG,,,157
158,Sophia Mayr & Steffen Rupp,ATHX MUNICH 2026,Germany 🇩🇪,2026,Mixed,ATHX,Strength,,,,90KG,193KG,234KG,,,158
159,Gai Luong & Carole Merens,ATHX MUNICH 2026,Germany 🇩🇪,2026,Mixed,ATHX,Strength,,,,107KG,189KG,220KG,,,159
160,Stefanie Klar & Alexander Höcht,ATHX MUNICH 2026,Germany 🇩🇪,2026,Mixed,ATHX,Strength,,,,100KG,190KG,225KG,,,160
160,Jenna Kadlubski & Christian Maksvitat,ATHX BERLIN 2026,Germany 🇩🇪,2026,Mixed,ATHX,Strength,,,,105KG,180KG,230KG,,,160
160,Giannina Pomilio & Angelo E,ATHX BERLIN 2026,Germany 🇩🇪,2026,Mixed,ATHX,Strength,,,,109KG,188KG,218KG,,,160
163,Stefanie Einmüller & Robert Einmüller,ATHX MUNICH 2026,Germany 🇩🇪,2026,Mixed,ATHX,Strength,,,,94KG,200KG,220KG,,,163
163,Anja Schürken & Sven Schürken,ATHX MUNICH 2026,Germany 🇩🇪,2026,Mixed,ATHX,Strength,,,,96KG,188KG,230KG,,,163
165,Andreas Ehrat & Lena Schober,ATHX MUNICH 2026,Germany 🇩🇪,2026,Mixed,ATHX,Strength,,,,105KG,183KG,225KG,,,165
166,Sabrina Leinmüller & Hannes Röhrle,ATHX BERLIN 2026,Germany 🇩🇪,2026,Mixed,ATHX,Strength,,,,100KG,172KG,240KG,,,166
166,Martin Michelius & Nathalie Duerbeck,ATHX BERLIN 2026,Germany 🇩🇪,2026,Mixed,ATHX,Strength,,,,107KG,173KG,232KG,,,166
168,Markus Ornigg & Nira Zoesmar,ATHX MUNICH 2026,Germany 🇩🇪,2026,Mixed,ATHX,Strength,,,,100KG,188KG,223KG,,,168
169,Monika Sestic & Slaven Sestic,ATHX BERLIN 2026,Germany 🇩🇪,2026,Mixed,ATHX,Strength,,,,105KG,170KG,235KG,,,169
170,Rene Michel & Manuela Hack,ATHX MUNICH 2026,Germany 🇩🇪,2026,Mixed,ATHX,Strength,,,,106KG,172KG,230KG,,,170
170,Antonia Lim & Tobias Klaus,ATHX MUNICH 2026,Germany 🇩🇪,2026,Mixed,ATHX,Strength,,,,98KG,190KG,220KG,,,170
172,Nick Burgmann & Katharina Saur,ATHX MUNICH 2026,Germany 🇩🇪,2026,Mixed,ATHX,Strength,,,,83KG,169KG,255KG,,,172
172,Jeff Gosnell & Thea Gosnell,ATHX MUNICH 2026,Germany 🇩🇪,2026,Mixed,ATHX,Strength,,,,84KG,178KG,245KG,,,172
172,Katja Stabenow & Markus Oesteritz,ATHX BERLIN 2026,Germany 🇩🇪,2026,Mixed,ATHX,Strength,,,,103KG,165KG,239KG,,,172
175,Valentin Gressel & Amelie Bingart,ATHX MUNICH 2026,Germany 🇩🇪,2026,Mixed,ATHX,Strength,,,,89KG,204KG,212KG,,,175
176,Maximilian Stark & Veronika Steuringer,ATHX MUNICH 2026,Germany 🇩🇪,2026,Mixed,ATHX,Strength,,,,104KG,170KG,223KG,,,176
177,Paulo Camilo Junior & Sara Örnek,ATHX MUNICH 2026,Germany 🇩🇪,2026,Mixed,ATHX,Strength,,,,101KG,180KG,215KG,,,177
177,Susanne Kopf & Patrick Röhrl,ATHX BERLIN 2026,Germany 🇩🇪,2026,Mixed,ATHX,Strength,,,,96KG,175KG,225KG,,,177
179,Alexander Hespeler & Bahar Scholz,ATHX BERLIN 2026,Germany 🇩🇪,2026,Mixed,ATHX,Strength,,,,93KG,180KG,222KG,,,179
179,Daniel Kochmann & Jenifer Stepanow,ATHX BERLIN 2026,Germany 🇩🇪,2026,Mixed,ATHX,Strength,,,,85KG,180KG,230KG,,,179
181,Martin Hennig & Laura laura.hirthe@gmx.de,ATHX BERLIN 2026,Germany 🇩🇪,2026,Mixed,ATHX,Strength,,,,97KG,175KG,220KG,,,181
181,Lukas Quackatz & Jülly-Inna Liang,ATHX BERLIN 2026,Germany 🇩🇪,2026,Mixed,ATHX,Strength,,,,107KG,160KG,225KG,,,181
183,Ly Trinh & Henning Reimers,ATHX BERLIN 2026,Germany 🇩🇪,2026,Mixed,ATHX,Strength,,,,96KG,185KG,210KG,,,183
184,Sven Riek & Julia Waibel,ATHX MUNICH 2026,Germany 🇩🇪,2026,Mixed,ATHX,Strength,,,,90KG,180KG,220KG,,,184
184,Vanessa Seifert & Philipp Herok,ATHX MUNICH 2026,Germany 🇩🇪,2026,Mixed,ATHX,Strength,,,,101KG,175KG,214KG,,,184
186,Melissa Filion & Matthieu Rebaud,ATHX MUNICH 2026,Germany 🇩🇪,2026,Mixed,ATHX,Strength,,,,94KG,165KG,230KG,,,186
186,Sabrina Wagner & Dave Gummelt,ATHX BERLIN 2026,Germany 🇩🇪,2026,Mixed,ATHX,Strength,,,,110KG,174KG,205KG,,,186
188,Filip Njezic & Linda Marks,ATHX MUNICH 2026,Germany 🇩🇪,2026,Mixed,ATHX,Strength,,,,100KG,163KG,225KG,,,188
189,Florian Abram & Vanessa Ludin,ATHX MUNICH 2026,Germany 🇩🇪,2026,Mixed,ATHX,Strength,,,,97KG,170KG,220KG,,,189
190,Jana Monin & Adrian Roseanu,ATHX BERLIN 2026,Germany 🇩🇪,2026,Mixed,ATHX,Strength,,,,101KG,190KG,195KG,,,190
191,Sebastian Vermaat & Sonja Oeller,ATHX BERLIN 2026,Germany 🇩🇪,2026,Mixed,ATHX,Strength,,,,105KG,170KG,210KG,,,191
192,Tanja Münch-Dürl & Bernd Dürl,ATHX MUNICH 2026,Germany 🇩🇪,2026,Mixed,ATHX,Strength,,,,88KG,180KG,215KG,,,192
193,Christian Wurm & Aline Rückel,ATHX MUNICH 2026,Germany 🇩🇪,2026,Mixed,ATHX,Strength,,,,95KG,160KG,225KG,,,193
193,Stefan Stöckle & Daniela Stöckle,ATHX MUNICH 2026,Germany 🇩🇪,2026,Mixed,ATHX,Strength,,,,105KG,170KG,205KG,,,193
195,Cornelia Schmid & Marc Schmid,ATHX MUNICH 2026,Germany 🇩🇪,2026,Mixed,ATHX,Strength,,,,98KG,165KG,215KG,,,195
196,Laurin Sanllorente & Anissa Schmidt-Mößinger,ATHX MUNICH 2026,Germany 🇩🇪,2026,Mixed,ATHX,Strength,,,,92KG,175KG,210KG,,,196
197,Kate Gerhard & Thomas Führer,ATHX BERLIN 2026,Germany 🇩🇪,2026,Mixed,ATHX,Strength,,,,95KG,160KG,219KG,,,197
198,Franziska Bartenschlager & Markus Liese,ATHX MUNICH 2026,Germany 🇩🇪,2026,Mixed,ATHX,Strength,,,,98KG,165KG,210KG,,,198
198,Robert Richter & Silke Holzmayr,ATHX MUNICH 2026,Germany 🇩🇪,2026,Mixed,ATHX,Strength,,,,91KG,172KG,210KG,,,198
198,Nadine Freigang & Thomas Helbig,ATHX BERLIN 2026,Germany 🇩🇪,2026,Mixed,ATHX,Strength,,,,100KG,153KG,220KG,,,198
201,Louis Reinecke & Alexandra Scheidl,ATHX MUNICH 2026,Germany 🇩🇪,2026,Mixed,ATHX,Strength,,,,101KG,165KG,205KG,,,201
202,Elena Walter & Steffen Bosch,ATHX BERLIN 2026,Germany 🇩🇪,2026,Mixed,ATHX,Strength,,,,110KG,170KG,190KG,,,202
202,Luisa Eickmeyer & Frederic Ruppel,ATHX BERLIN 2026,Germany 🇩🇪,2026,Mixed,ATHX,Strength,,,,97KG,173KG,200KG,,,202
204,Lea Stein & Nico Küttner,ATHX BERLIN 2026,Germany 🇩🇪,2026,Mixed,ATHX,Strength,,,,95KG,155KG,215KG,,,204
205,Katharina Nikolov & Dominik Gastner,ATHX MUNICH 2026,Germany 🇩🇪,2026,Mixed,ATHX,Strength,,,,118KG,265KG,80KG,,,205
205,Vanessa Tacke & Marek Buschmann,ATHX BERLIN 2026,Germany 🇩🇪,2026,Mixed,ATHX,Strength,,,,98KG,170KG,195KG,,,205
207,Meiko Krause & Madeleine Krause,ATHX MUNICH 2026,Germany 🇩🇪,2026,Mixed,ATHX,Strength,,,,92KG,165KG,205KG,,,207
207,Michelle Wothe & Eric Wothe,ATHX BERLIN 2026,Germany 🇩🇪,2026,Mixed,ATHX,Strength,,,,100KG,185KG,177KG,,,207
209,Georgios Kanistras & Saskia-Alessandra Forkel,ATHX MUNICH 2026,Germany 🇩🇪,2026,Mixed,ATHX,Strength,,,,100KG,145KG,215KG,,,209
209,Anna-Lena Markus & Patrick Siehoff,ATHX BERLIN 2026,Germany 🇩🇪,2026,Mixed,ATHX,Strength,,,,115KG,155KG,190KG,,,209
211,Andreas Botey & Alexandra Voigt,ATHX MUNICH 2026,Germany 🇩🇪,2026,Mixed,ATHX,Strength,,,,95KG,163KG,200KG,,,211
211,Marco Ruffani & Sabrina Rebekka Nusser,ATHX BERLIN 2026,Germany 🇩🇪,2026,Mixed,ATHX,Strength,,,,88KG,155KG,215KG,,,211
211,Julia Hornauer & Marcel Schreiber,ATHX BERLIN 2026,Germany 🇩🇪,2026,Mixed,ATHX,Strength,,,,93KG,160KG,205KG,,,211
214,Christian Nolde & Steffi Schmitt,ATHX MUNICH 2026,Germany 🇩🇪,2026,Mixed,ATHX,Strength,,,,96KG,175KG,185KG,,,214
215,Oliver Lange & Sarah Andris,ATHX BERLIN 2026,Germany 🇩🇪,2026,Mixed,ATHX,Strength,,,,82KG,170KG,203KG,,,215
216,Anna Sylvester & Stefan Koch,ATHX BERLIN 2026,Germany 🇩🇪,2026,Mixed,ATHX,Strength,,,,89KG,160KG,205KG,,,216
217,Julia Rißmann & Jan Gimbel,ATHX BERLIN 2026,Germany 🇩🇪,2026,Mixed,ATHX,Strength,,,,99KG,160KG,192KG,,,217
218,Sebastian Letz & Jennifer Letz,ATHX BERLIN 2026,Germany 🇩🇪,2026,Mixed,ATHX,Strength,,,,95KG,160KG,195KG,,,218
218,Nadine Taschner & Lengsfeld Maximilian,ATHX BERLIN 2026,Germany 🇩🇪,2026,Mixed,ATHX,Strength,,,,92KG,156KG,202KG,,,218
220,Maik Leber & Valeska Grabowski,ATHX BERLIN 2026,Germany 🇩🇪,2026,Mixed,ATHX,Strength,,,,95KG,162KG,187KG,,,220
221,Steffen Mädger & Ilona Michallek,ATHX BERLIN 2026,Germany 🇩🇪,2026,Mixed,ATHX,Strength,,,,87KG,160KG,190KG,,,221
222,Ferdinand Greinacher & Laura Lehmkuhl,ATHX BERLIN 2026,Germany 🇩🇪,2026,Mixed,ATHX,Strength,,,,91KG,152KG,190KG,,,222
223,Lisa Majewski & Philipp Zimmermann,ATHX MUNICH 2026,Germany 🇩🇪,2026,Mixed,ATHX,Strength,,,,82KG,145KG,204KG,,,223
224,Nina Sieger & Jakob Sieger,ATHX BERLIN 2026,Germany 🇩🇪,2026,Mixed,ATHX,Strength,,,,85KG,150KG,195KG,,,224
225,Josi Sandhaus & Alex Haberberger,ATHX BERLIN 2026,Germany 🇩🇪,2026,Mixed,ATHX,Strength,,,,90KG,153KG,185KG,,,225
226,Dennis Klös & Anna-Lena Klös,ATHX MUNICH 2026,Germany 🇩🇪,2026,Mixed,ATHX,Strength,,,,87KG,155KG,185KG,,,226
227,Nicole Malucha & Max Anossow,ATHX BERLIN 2026,Germany 🇩🇪,2026,Mixed,ATHX,Strength,,,,95KG,140KG,190KG,,,227
228,Antonio Villani & Nilla Hoppe,ATHX BERLIN 2026,Germany 🇩🇪,2026,Mixed,ATHX,Strength,,,,86KG,130KG,205KG,,,228
229,Mitchel Fischer & Melanie Eckl,ATHX MUNICH 2026,Germany 🇩🇪,2026,Mixed,ATHX,Strength,,,,79KG,127KG,210KG,,,229
230,Philipp Huebsch & Julia Roth,ATHX MUNICH 2026,Germany 🇩🇪,2026,Mixed,ATHX,Strength,,,,76KG,145KG,194KG,,,230
230,Luca Lahaye & Louis Aisosa Omoregbee,ATHX BERLIN 2026,Germany 🇩🇪,2026,Mixed,ATHX,Strength,,,,81KG,145KG,189KG,,,230
232,Juergen Deckert & Kerstin Deckert,ATHX MUNICH 2026,Germany 🇩🇪,2026,Mixed,ATHX,Strength,,,,95KG,139KG,180KG,,,232
233,Kian Mehrnusch & Tina Multhaupt,ATHX MUNICH 2026,Germany 🇩🇪,2026,Mixed,ATHX,Strength,,,,88KG,140KG,179KG,,,233
234,Daniel Kraus & Lisa Brütting,ATHX MUNICH 2026,Germany 🇩🇪,2026,Mixed,ATHX,Strength,,,,80KG,140KG,185KG,,,234
234,Konstantin Hoffmann & Michelle Guy,ATHX BERLIN 2026,Germany 🇩🇪,2026,Mixed,ATHX,Strength,,,,98KG,137KG,170KG,,,234
236,Vera Schnepf & Peter Winkler,ATHX MUNICH 2026,Germany 🇩🇪,2026,Mixed,ATHX,Strength,,,,105KG,200KG,96KG,,,236
237,Katharina Ulrich & Alexander Ulrich,ATHX MUNICH 2026,Germany 🇩🇪,2026,Mixed,ATHX,Strength,,,,85KG,150KG,165KG,,,237
238,Linda Clauß & Alexander Rößner,ATHX MUNICH 2026,Germany 🇩🇪,2026,Mixed,ATHX,Strength,,,,80KG,157KG,160KG,,,238
238,Melanie Schwalb & Hugo Heid,ATHX BERLIN 2026,Germany 🇩🇪,2026,Mixed,ATHX,Strength,,,,84KG,150KG,163KG,,,238
240,Gavin Perrie & Emma Sinclair,ATHX MUNICH 2026,Germany 🇩🇪,2026,Mixed,ATHX,Strength,,,,83KG,130KG,180KG,,,240
241,Alexander Ebert & Katharina Ebert,ATHX BERLIN 2026,Germany 🇩🇪,2026,Mixed,ATHX,Strength,,,,108KG,160KG,120KG,,,241
242,Christian Schmidt & Irena Schmidt,ATHX MUNICH 2026,Germany 🇩🇪,2026,Mixed,ATHX,Strength,,,,81KG,116KG,173KG,,,242
243,Uli Heimes & Lars Neumann,ATHX BERLIN 2026,Germany 🇩🇪,2026,Mixed,ATHX,Strength,,,,84KG,130KG,155KG,,,243
