rank,team_name,event,country,year,division,event_category,workout_filter,Strength,Endurance,MetCon X,1RM Strict Press,3RM Back Squat,5RM Deadlift,Run,Row,Points
1,Becki Watkins & Sophie Grosvenor,ATHX BIRMINGHAM 2026,United Kingdom 🇬🇧,2026,Female,ATHX Pro,Overall,1 (630KG),3 (9.206KM),1 (14:50),,,,,,5
2,Alice Hardy & Hannah Brown,ATHX BIRMINGHAM 2026,United Kingdom 🇬🇧,2026,Female,ATHX Pro,Overall,2 (567KG),2 (9.258KM),2 (14:51),,,,,,6
3,Chelsea Callaghan & Chloe White,ATHX BIRMINGHAM 2026,United Kingdom 🇬🇧,2026,Female,ATHX Pro,Overall,7 (476KG),4 (9.115KM),3 (15:51),,,,,,14
4,Hollie John & Becky Standen,ATHX BIRMINGHAM 2026,United Kingdom 🇬🇧,2026,Female,ATHX Pro,Overall,9 (465KG),5 (9.033KM),3 (15:51),,,,,,17
5,Jade Brier & Nicolle Grant,ATHX BIRMINGHAM 2026,United Kingdom 🇬🇧,2026,Female,ATHX Pro,Overall,3 (550KG),10 (8.381KM),6 (16:32),,,,,,19
6,Holly Foster & Fern Gardner,ATHX BIRMINGHAM 2026,United Kingdom 🇬🇧,2026,Female,ATHX Pro,Overall,15 (430KG),1 (9.704KM),5 (16:13),,,,,,21
7,Sam Allcott & Lyra McKinnon,ATHX BIRMINGHAM 2026,United Kingdom 🇬🇧,2026,Female,ATHX Pro,Overall,6 (494KG),8 (8.585KM),7 (18:19),,,,,,21
8,Sheena McEwen & Hannah Botten,ATHX BIRMINGHAM 2026,United Kingdom 🇬🇧,2026,Female,ATHX Pro,Overall,5 (514KG),11 (8.349KM),9 (18:55),,,,,,25
9,Katy Binney & rebecca Canning,ATHX BIRMINGHAM 2026,United Kingdom 🇬🇧,2026,Female,ATHX Pro,Overall,12 (451KG),6 (8.669KM),8 (18:46),,,,,,26
10,Sophie Whatley & Emma Shaw,ATHX BIRMINGHAM 2026,United Kingdom 🇬🇧,2026,Female,ATHX Pro,Overall,13 (440KG),7 (8.597KM),11 (19:52),,,,,,31
11,Leanne Lewis & Stacey Auty,ATHX BIRMINGHAM 2026,United Kingdom 🇬🇧,2026,Female,ATHX Pro,Overall,14 (438KG),9 (8.569KM),10 (19:32),,,,,,33
12,Charlotte Bembridge & Emma Causon-Wood,ATHX BIRMINGHAM 2026,United Kingdom 🇬🇧,2026,Female,ATHX Pro,Overall,10 (458KG),12 (8.279KM),12 (20:06),,,,,,34
12,Laura Smith & Sharon O’SULLIVAN,ATHX BIRMINGHAM 2026,United Kingdom 🇬🇧,2026,Female,ATHX Pro,Overall,4 (540KG),15 (7.77KM),15 (24:15),,,,,,34
14,Tilly Hazell & Dana-Jane Maybin,ATHX BIRMINGHAM 2026,United Kingdom 🇬🇧,2026,Female,ATHX Pro,Overall,8 (473KG),14 (7.952KM),14 (21:58),,,,,,36
15,Kirsty Bond & Jordan Domeney,ATHX BIRMINGHAM 2026,United Kingdom 🇬🇧,2026,Female,ATHX Pro,Overall,11 (455KG),13 (7.975KM),13 (20:10),,,,,,37
1,Jamie Barnes & Thomas Potts,ATHX BIRMINGHAM 2026,United Kingdom 🇬🇧,2026,Male,ATHX Lite,MetCon X,,,10:46,,,,,,1
2,Martin Carvalho & Alex Gale,ATHX BIRMINGHAM 2026,United Kingdom 🇬🇧,2026,Male,ATHX Lite,MetCon X,,,12:39,,,,,,2
3,James Whyte & Sam Faulkes,ATHX BIRMINGHAM 2026,United Kingdom 🇬🇧,2026,Male,ATHX Lite,MetCon X,,,12:53,,,,,,3
4,Sivesh Kathir Kamarajah & Michael Bahrami-Hessari,ATHX BIRMINGHAM 2026,United Kingdom 🇬🇧,2026,Male,ATHX Lite,MetCon X,,,13:18,,,,,,4
5,Paul Wilkerson & Ben Cazot,ATHX BIRMINGHAM 2026,United Kingdom 🇬🇧,2026,Male,ATHX Lite,MetCon X,,,13:29,,,,,,5
6,Craig Elswood & Michael Quick,ATHX BIRMINGHAM 2026,United Kingdom 🇬🇧,2026,Male,ATHX Lite,MetCon X,,,15:18,,,,,,6
7,James King & Patrick O'Boyle,ATHX BIRMINGHAM 2026,United Kingdom 🇬🇧,2026,Male,ATHX Lite,MetCon X,,,15:35,,,,,,7
8,Darren Gardner & Daniel Baker,ATHX BIRMINGHAM 2026,United Kingdom 🇬🇧,2026,Male,ATHX Lite,MetCon X,,,17:58,,,,,,8
9,Soroosh Jabari & Shashi Patel,ATHX BIRMINGHAM 2026,United Kingdom 🇬🇧,2026,Male,ATHX Lite,MetCon X,,,20:08,,,,,,9
1,Etham Yates & Gracious Phillips,ATHX BIRMINGHAM 2026,United Kingdom 🇬🇧,2026,Mixed,ATHX Pro,Overall,3 (798KG),1 (10.232KM),4 (14:02),,,,,,8
2,Ben Fairlie & Amelia Roberts,ATHX BIRMINGHAM 2026,United Kingdom 🇬🇧,2026,Mixed,ATHX Pro,Overall,4 (778KG),2 (10.205KM),3 (13:00),,,,,,9
3,Cara Brown & Izaak Thacker,ATHX BIRMINGHAM 2026,United Kingdom 🇬🇧,2026,Mixed,ATHX Pro,Overall,2 (826KG),6 (9.65KM),2 (12:43),,,,,,10
4,Richy Jordan & Louise Sondergaard,ATHX BIRMINGHAM 2026,United Kingdom 🇬🇧,2026,Mixed,ATHX Pro,Overall,6 (745KG),5 (9.664KM),1 (12:33),,,,,,12
5,Lucy Brundish & Ben Kimber,ATHX BIRMINGHAM 2026,United Kingdom 🇬🇧,2026,Mixed,ATHX Pro,Overall,12 (724KG),9 (9.565KM),11 (14:58),,,,,,32
6,Cassia Williams & Ashley Cunliffe,ATHX BIRMINGHAM 2026,United Kingdom 🇬🇧,2026,Mixed,ATHX Pro,Overall,5 (763KG),16 (9.175KM),13 (15:51),,,,,,34
7,Vicki Whitbrook & Matthew Horner,ATHX BIRMINGHAM 2026,United Kingdom 🇬🇧,2026,Mixed,ATHX Pro,Overall,25 (630KG),3 (9.764KM),7 (14:45),,,,,,35
7,Ozzy Caliskan & Stevie Peake,ATHX BIRMINGHAM 2026,United Kingdom 🇬🇧,2026,Mixed,ATHX Pro,Overall,14 (718KG),11 (9.492KM),10 (14:57),,,,,,35
9,Douglas Shaw & Maddy Furnival,ATHX BIRMINGHAM 2026,United Kingdom 🇬🇧,2026,Mixed,ATHX Pro,Overall,8 (738KG),10 (9.525KM),20 (16:51),,,,,,38
10,Zachary Watson & Samantha Cubbins,ATHX BIRMINGHAM 2026,United Kingdom 🇬🇧,2026,Mixed,ATHX Pro,Overall,19 (683KG),12 (9.44KM),9 (14:55),,,,,,40
11,Amir Khan & Sara Khan,ATHX BIRMINGHAM 2026,United Kingdom 🇬🇧,2026,Mixed,ATHX Pro,Overall,9 (729KG),18 (9.168KM),16 (16:05),,,,,,43
12,Alastair Combe & Ellen Whittle,ATHX BIRMINGHAM 2026,United Kingdom 🇬🇧,2026,Mixed,ATHX Pro,Overall,16 (695KG),20 (9.104KM),8 (14:49),,,,,,44
13,Abby Beswick & Simon Corke,ATHX BIRMINGHAM 2026,United Kingdom 🇬🇧,2026,Mixed,ATHX Pro,Overall,33 (580KG),7 (9.595KM),5 (14:08),,,,,,45
14,Matt Dewhurst & Charlie Dewhurst,ATHX BIRMINGHAM 2026,United Kingdom 🇬🇧,2026,Mixed,ATHX Pro,Overall,27 (620KG),13 (9.389KM),6 (14:42),,,,,,46
15,Alex Miller & Yusuf Paterson-Mosafeer,ATHX BIRMINGHAM 2026,United Kingdom 🇬🇧,2026,Mixed,ATHX Pro,Overall,15 (710KG),21 (9.063KM),14 (15:54),,,,,,50
16,Jacinda Brass & Guy Kennedy,ATHX BIRMINGHAM 2026,United Kingdom 🇬🇧,2026,Mixed,ATHX Pro,Overall,34 (573KG),8 (9.59KM),12 (15:43),,,,,,54
17,Alexis Newton-french & Liam Webster,ATHX BIRMINGHAM 2026,United Kingdom 🇬🇧,2026,Mixed,ATHX Pro,Overall,7 (740KG),25 (8.89KM),24 (17:11),,,,,,56
18,Peter Slattery & Hannah O'sullivan,ATHX BIRMINGHAM 2026,United Kingdom 🇬🇧,2026,Mixed,ATHX Pro,Overall,32 (595KG),4 (9.721KM),22 (16:55),,,,,,58
19,Eleanor Shaw & Danny Williamson,ATHX BIRMINGHAM 2026,United Kingdom 🇬🇧,2026,Mixed,ATHX Pro,Overall,17 (690KG),22 (8.952KM),20 (16:51),,,,,,59
20,Fiona Cousins & Jack Bishop,ATHX BIRMINGHAM 2026,United Kingdom 🇬🇧,2026,Mixed,ATHX Pro,Overall,30 (598KG),15 (9.269KM),15 (15:55),,,,,,60
21,Ben Buchmann & Laura Banks,ATHX BIRMINGHAM 2026,United Kingdom 🇬🇧,2026,Mixed,ATHX Pro,Overall,10 (726KG),32 (8.745KM),19 (16:41),,,,,,61
22,Akeem Halimi & Natalie Halimi,ATHX BIRMINGHAM 2026,United Kingdom 🇬🇧,2026,Mixed,ATHX Pro,Overall,18 (685KG),17 (9.174KM),28 (17:55),,,,,,63
23,Nicola Guiver & Mark Twigg,ATHX BIRMINGHAM 2026,United Kingdom 🇬🇧,2026,Mixed,ATHX Pro,Overall,35 (571KG),14 (9.376KM),16 (16:05),,,,,,65
24,Kayleigh Roberts & Chris Ward,ATHX BIRMINGHAM 2026,United Kingdom 🇬🇧,2026,Mixed,ATHX Pro,Overall,1 (830KG),33 (8.51KM),34 (19:16),,,,,,68
25,Millie Blakemore & William Woods,ATHX BIRMINGHAM 2026,United Kingdom 🇬🇧,2026,Mixed,ATHX Pro,Overall,13 (723KG),27 (8.871KM),30 (18:26),,,,,,70
26,Alex Jones & Leah Newton,ATHX BIRMINGHAM 2026,United Kingdom 🇬🇧,2026,Mixed,ATHX Pro,Overall,21 (665KG),19 (9.129KM),31 (18:50),,,,,,71
27,Ka Xin Cheah & Brandon Harris,ATHX BIRMINGHAM 2026,United Kingdom 🇬🇧,2026,Mixed,ATHX Pro,Overall,20 (675KG),29 (8.801KM),23 (16:58),,,,,,72
28,Anthony Rutlidge & Louise Lockley,ATHX BIRMINGHAM 2026,United Kingdom 🇬🇧,2026,Mixed,ATHX Pro,Overall,26 (629KG),31 (8.768KM),18 (16:30),,,,,,75
29,Jacob Sturgess & Leah Parsons,ATHX BIRMINGHAM 2026,United Kingdom 🇬🇧,2026,Mixed,ATHX Pro,Overall,24 (633KG),26 (8.872KM),26 (17:44),,,,,,76
30,Chris Williams & Francesca Boers,ATHX BIRMINGHAM 2026,United Kingdom 🇬🇧,2026,Mixed,ATHX Pro,Overall,29 (613KG),23 (8.915KM),25 (17:31),,,,,,77
31,Mike Jones & Laura Jeffreys,ATHX BIRMINGHAM 2026,United Kingdom 🇬🇧,2026,Mixed,ATHX Pro,Overall,23 (645KG),28 (8.804KM),27 (17:46),,,,,,78
31,Isobelle Matthews & Jake Williams,ATHX BIRMINGHAM 2026,United Kingdom 🇬🇧,2026,Mixed,ATHX Pro,Overall,11 (725KG),35 (8.244KM),32 (19:09),,,,,,78
33,Katy Twigg & Luke Blizard,ATHX BIRMINGHAM 2026,United Kingdom 🇬🇧,2026,Mixed,ATHX Pro,Overall,30 (598KG),24 (8.9KM),32 (19:09),,,,,,86
34,Leigha Baxter & robert turner,ATHX BIRMINGHAM 2026,United Kingdom 🇬🇧,2026,Mixed,ATHX Pro,Overall,28 (615KG),30 (8.793KM),29 (18:02),,,,,,87
35,charlie menter & Lauren Evans,ATHX BIRMINGHAM 2026,United Kingdom 🇬🇧,2026,Mixed,ATHX Pro,Overall,22 (663KG),34 (8.48KM),35 (20:38),,,,,,91
1,Eloise Barnes & Kate Harvey,ATHX BIRMINGHAM 2026,United Kingdom 🇬🇧,2026,Female,ATHX,MetCon X,,,12:44,,,,,,1
2,Ruth Casey & Katrin Hulme,ATHX BIRMINGHAM 2026,United Kingdom 🇬🇧,2026,Female,ATHX,MetCon X,,,13:52,,,,,,2
3,Poppy Wilson & Hannah Baines,ATHX BIRMINGHAM 2026,United Kingdom 🇬🇧,2026,Female,ATHX,MetCon X,,,14:03,,,,,,3
4,Aliya Arthur & Samantha Johnson,ATHX BIRMINGHAM 2026,United Kingdom 🇬🇧,2026,Female,ATHX,MetCon X,,,14:10,,,,,,4
5,Lisa Jones & Natalie Briggs,ATHX BIRMINGHAM 2026,United Kingdom 🇬🇧,2026,Female,ATHX,MetCon X,,,14:16,,,,,,5
6,sharlene Greenwood & Claire Barron,ATHX BIRMINGHAM 2026,United Kingdom 🇬🇧,2026,Female,ATHX,MetCon X,,,14:18,,,,,,6
7,Becca Charnock & Aimee Thompson,ATHX BIRMINGHAM 2026,United Kingdom 🇬🇧,2026,Female,ATHX,MetCon X,,,14:20,,,,,,7
8,Olivia Hull & Charlie Wyn Williams,ATHX BIRMINGHAM 2026,United Kingdom 🇬🇧,2026,Female,ATHX,MetCon X,,,14:32,,,,,,8
8,Hayley Leese & Emma Darlington,ATHX BIRMINGHAM 2026,United Kingdom 🇬🇧,2026,Female,ATHX,MetCon X,,,14:32,,,,,,8
10,Christabel Turcan & Sarah Fraser,ATHX BIRMINGHAM 2026,United Kingdom 🇬🇧,2026,Female,ATHX,MetCon X,,,14:38,,,,,,10
10,Erica Timbrell & Eve Burns,ATHX BIRMINGHAM 2026,United Kingdom 🇬🇧,2026,Female,ATHX,MetCon X,,,14:38,,,,,,10
12,Holly Yates & Emily Kendall,ATHX BIRMINGHAM 2026,United Kingdom 🇬🇧,2026,Female,ATHX,MetCon X,,,14:40,,,,,,12
13,Chloe Coote & Georgia Stevens,ATHX BIRMINGHAM 2026,United Kingdom 🇬🇧,2026,Female,ATHX,MetCon X,,,14:44,,,,,,13
14,Kirsten Hood & Simona Marinov,ATHX BIRMINGHAM 2026,United Kingdom 🇬🇧,2026,Female,ATHX,MetCon X,,,14:47,,,,,,14
15,Amy Parmenter & Holly Du Toit,ATHX BIRMINGHAM 2026,United Kingdom 🇬🇧,2026,Female,ATHX,MetCon X,,,14:48,,,,,,15
16,Sindy Haake & Silva Moderzinski,ATHX BIRMINGHAM 2026,United Kingdom 🇬🇧,2026,Female,ATHX,MetCon X,,,14:51,,,,,,16
17,Stacey Horner & Clare Shepherd,ATHX BIRMINGHAM 2026,United Kingdom 🇬🇧,2026,Female,ATHX,MetCon X,,,14:53,,,,,,17
18,Rebecca Young & Eleanor Taylor,ATHX BIRMINGHAM 2026,United Kingdom 🇬🇧,2026,Female,ATHX,MetCon X,,,14:54,,,,,,18
19,Noddy Burke & Hayley Roebuck,ATHX BIRMINGHAM 2026,United Kingdom 🇬🇧,2026,Female,ATHX,MetCon X,,,14:55,,,,,,19
20,Amanda Haywood-Atkinson & Zoe Lawrence,ATHX BIRMINGHAM 2026,United Kingdom 🇬🇧,2026,Female,ATHX,MetCon X,,,14:56,,,,,,20
21,Olivia Mole & Charlie Banyard,ATHX BIRMINGHAM 2026,United Kingdom 🇬🇧,2026,Female,ATHX,MetCon X,,,14:59,,,,,,21
22,Karen Stephens & Amanda Williams,ATHX BIRMINGHAM 2026,United Kingdom 🇬🇧,2026,Female,ATHX,MetCon X,,,15:05,,,,,,22
23,Charlotte Good & Katie Skellett,ATHX BIRMINGHAM 2026,United Kingdom 🇬🇧,2026,Female,ATHX,MetCon X,,,15:09,,,,,,23
24,Millie Foley & Izzy Morris,ATHX BIRMINGHAM 2026,United Kingdom 🇬🇧,2026,Female,ATHX,MetCon X,,,15:10,,,,,,24
24,Georgina Dolan & Alexandra Dolan,ATHX BIRMINGHAM 2026,United Kingdom 🇬🇧,2026,Female,ATHX,MetCon X,,,15:10,,,,,,24
26,Lucy Berry & Sophie Field,ATHX BIRMINGHAM 2026,United Kingdom 🇬🇧,2026,Female,ATHX,MetCon X,,,15:11,,,,,,26
27,Lauren O’Donnell & Kayleanne Payne,ATHX BIRMINGHAM 2026,United Kingdom 🇬🇧,2026,Female,ATHX,MetCon X,,,15:12,,,,,,27
28,Sheridan McWilliam & Tessa Clarke,ATHX BIRMINGHAM 2026,United Kingdom 🇬🇧,2026,Female,ATHX,MetCon X,,,15:17,,,,,,28
29,Ruslana Rashchupkina & Victoria Burke,ATHX BIRMINGHAM 2026,United Kingdom 🇬🇧,2026,Female,ATHX,MetCon X,,,15:22,,,,,,29
30,Ellie Smith & Mia Frazer,ATHX BIRMINGHAM 2026,United Kingdom 🇬🇧,2026,Female,ATHX,MetCon X,,,15:31,,,,,,30
31,Chenoa Ingram & Michelle Smith,ATHX BIRMINGHAM 2026,United Kingdom 🇬🇧,2026,Female,ATHX,MetCon X,,,15:33,,,,,,31
32,Hannah Vogler & Carina Casey,ATHX BIRMINGHAM 2026,United Kingdom 🇬🇧,2026,Female,ATHX,MetCon X,,,15:34,,,,,,32
33,Tilly Johnson & Samantha Weller-Pryce,ATHX BIRMINGHAM 2026,United Kingdom 🇬🇧,2026,Female,ATHX,MetCon X,,,15:36,,,,,,33
34,Grace Gurling & Sophie Harris,ATHX BIRMINGHAM 2026,United Kingdom 🇬🇧,2026,Female,ATHX,MetCon X,,,15:37,,,,,,34
35,Holly Hewlett & Mollie Churms,ATHX BIRMINGHAM 2026,United Kingdom 🇬🇧,2026,Female,ATHX,MetCon X,,,15:38,,,,,,35
36,Alex Withey & Faye Lewis,ATHX BIRMINGHAM 2026,United Kingdom 🇬🇧,2026,Female,ATHX,MetCon X,,,15:43,,,,,,36
37,Francesca di Palma & Sussanna di Palma,ATHX BIRMINGHAM 2026,United Kingdom 🇬🇧,2026,Female,ATHX,MetCon X,,,15:46,,,,,,37
38,Jenn Harris & Lucie Beech-Pickard,ATHX BIRMINGHAM 2026,United Kingdom 🇬🇧,2026,Female,ATHX,MetCon X,,,15:52,,,,,,38
39,Caitlin Curran & Athina Hirst,ATHX BIRMINGHAM 2026,United Kingdom 🇬🇧,2026,Female,ATHX,MetCon X,,,15:55,,,,,,39
40,Caitlin Borders & Lucy Craik,ATHX BIRMINGHAM 2026,United Kingdom 🇬🇧,2026,Female,ATHX,MetCon X,,,15:56,,,,,,40
41,Olivia Kreigenfeld & Pippa Watson,ATHX BIRMINGHAM 2026,United Kingdom 🇬🇧,2026,Female,ATHX,MetCon X,,,15:57,,,,,,41
42,Rebecca Coleman & Adela Covaciu,ATHX BIRMINGHAM 2026,United Kingdom 🇬🇧,2026,Female,ATHX,MetCon X,,,16:00,,,,,,42
43,Mia Reay & Millie Fern,ATHX BIRMINGHAM 2026,United Kingdom 🇬🇧,2026,Female,ATHX,MetCon X,,,16:02,,,,,,43
43,Tonya Murray & Emma Walsh,ATHX BIRMINGHAM 2026,United Kingdom 🇬🇧,2026,Female,ATHX,MetCon X,,,16:02,,,,,,43
45,Jessica Williams & Elodie Stoker,ATHX BIRMINGHAM 2026,United Kingdom 🇬🇧,2026,Female,ATHX,MetCon X,,,16:05,,,,,,45
46,Roxy Cameron & Amber Evans,ATHX BIRMINGHAM 2026,United Kingdom 🇬🇧,2026,Female,ATHX,MetCon X,,,16:07,,,,,,46
47,Emma Perry & Rebekah Webster,ATHX BIRMINGHAM 2026,United Kingdom 🇬🇧,2026,Female,ATHX,MetCon X,,,16:08,,,,,,47
48,Krystle Winfield & Holly De Caville,ATHX BIRMINGHAM 2026,United Kingdom 🇬🇧,2026,Female,ATHX,MetCon X,,,16:10,,,,,,48
49,Pippa Harvey & Georgia Henderson,ATHX BIRMINGHAM 2026,United Kingdom 🇬🇧,2026,Female,ATHX,MetCon X,,,16:15,,,,,,49
50,Holly Espie & Reanne Francis,ATHX BIRMINGHAM 2026,United Kingdom 🇬🇧,2026,Female,ATHX,MetCon X,,,16:17,,,,,,50
51,Ruby Jacklin & Nicola Maltby,ATHX BIRMINGHAM 2026,United Kingdom 🇬🇧,2026,Female,ATHX,MetCon X,,,16:27,,,,,,51
52,Marion Andrey & Jessica Clarke,ATHX BIRMINGHAM 2026,United Kingdom 🇬🇧,2026,Female,ATHX,MetCon X,,,16:30,,,,,,52
53,Abigail Merricks & Lupe Morera,ATHX BIRMINGHAM 2026,United Kingdom 🇬🇧,2026,Female,ATHX,MetCon X,,,16:34,,,,,,53
54,Laura Jones & Sarah Fanning,ATHX BIRMINGHAM 2026,United Kingdom 🇬🇧,2026,Female,ATHX,MetCon X,,,16:40,,,,,,54
54,Samantha Kayser & Jade Foxcroft,ATHX BIRMINGHAM 2026,United Kingdom 🇬🇧,2026,Female,ATHX,MetCon X,,,16:40,,,,,,54
56,Georgia Beasley & Katie Evans,ATHX BIRMINGHAM 2026,United Kingdom 🇬🇧,2026,Female,ATHX,MetCon X,,,16:42,,,,,,56
57,Victoria Hazell & Katy Wicks,ATHX BIRMINGHAM 2026,United Kingdom 🇬🇧,2026,Female,ATHX,MetCon X,,,16:52,,,,,,57
58,Daneen Hughes & Kate Collett,ATHX BIRMINGHAM 2026,United Kingdom 🇬🇧,2026,Female,ATHX,MetCon X,,,16:53,,,,,,58
59,Keren Bland & emma howitt,ATHX BIRMINGHAM 2026,United Kingdom 🇬🇧,2026,Female,ATHX,MetCon X,,,16:54,,,,,,59
60,Kirsty Mars & Dina Ali Al-Samawi,ATHX BIRMINGHAM 2026,United Kingdom 🇬🇧,2026,Female,ATHX,MetCon X,,,16:55,,,,,,60
60,Danielle Wheadon & Talia Murphy,ATHX BIRMINGHAM 2026,United Kingdom 🇬🇧,2026,Female,ATHX,MetCon X,,,16:55,,,,,,60
60,Lilly Webb & Ashley Barnes,ATHX BIRMINGHAM 2026,United Kingdom 🇬🇧,2026,Female,ATHX,MetCon X,,,16:55,,,,,,60
63,Ashley Faith Brooks & Kate West,ATHX BIRMINGHAM 2026,United Kingdom 🇬🇧,2026,Female,ATHX,MetCon X,,,16:56,,,,,,63
64,Justine Leith & Sophie OConnor,ATHX BIRMINGHAM 2026,United Kingdom 🇬🇧,2026,Female,ATHX,MetCon X,,,16:57,,,,,,64
65,Katherine Ivey & Cliona Beirne,ATHX BIRMINGHAM 2026,United Kingdom 🇬🇧,2026,Female,ATHX,MetCon X,,,16:59,,,,,,65
66,Eni Adeyemo & Jennifer Panaki,ATHX BIRMINGHAM 2026,United Kingdom 🇬🇧,2026,Female,ATHX,MetCon X,,,17:00,,,,,,66
67,Lhea  Terzaki  & Kara Frost,ATHX BIRMINGHAM 2026,United Kingdom 🇬🇧,2026,Female,ATHX,MetCon X,,,17:02,,,,,,67
68,Katy Graham & Jen Bale,ATHX BIRMINGHAM 2026,United Kingdom 🇬🇧,2026,Female,ATHX,MetCon X,,,17:04,,,,,,68
69,Georgia Thomas & Gemma Hughes,ATHX BIRMINGHAM 2026,United Kingdom 🇬🇧,2026,Female,ATHX,MetCon X,,,17:08,,,,,,69
70,tereza pilnackova & Roxane Long,ATHX BIRMINGHAM 2026,United Kingdom 🇬🇧,2026,Female,ATHX,MetCon X,,,17:09,,,,,,70
71,Maddy Dawson & Hannah Gaves,ATHX BIRMINGHAM 2026,United Kingdom 🇬🇧,2026,Female,ATHX,MetCon X,,,17:10,,,,,,71
72,Charlotte Ayres & Jenna Gutteridge,ATHX BIRMINGHAM 2026,United Kingdom 🇬🇧,2026,Female,ATHX,MetCon X,,,17:11,,,,,,72
73,Polly Corner & Bethan Hewitt,ATHX BIRMINGHAM 2026,United Kingdom 🇬🇧,2026,Female,ATHX,MetCon X,,,17:12,,,,,,73
74,Nicky Bliss & Anna Kedzierska,ATHX BIRMINGHAM 2026,United Kingdom 🇬🇧,2026,Female,ATHX,MetCon X,,,17:16,,,,,,74
75,Felicity Arneaud & Gemma Square,ATHX BIRMINGHAM 2026,United Kingdom 🇬🇧,2026,Female,ATHX,MetCon X,,,17:19,,,,,,75
75,Lou Osment & Kimberly Mills,ATHX BIRMINGHAM 2026,United Kingdom 🇬🇧,2026,Female,ATHX,MetCon X,,,17:19,,,,,,75
77,Holly James & Lorna Kelly,ATHX BIRMINGHAM 2026,United Kingdom 🇬🇧,2026,Female,ATHX,MetCon X,,,17:20,,,,,,77
78,Emily Grehan & Emma Herlihy,ATHX BIRMINGHAM 2026,United Kingdom 🇬🇧,2026,Female,ATHX,MetCon X,,,17:24,,,,,,78
78,Eva May & Alice Mee,ATHX BIRMINGHAM 2026,United Kingdom 🇬🇧,2026,Female,ATHX,MetCon X,,,17:24,,,,,,78
80,Lucy Williams & Robyn Ince,ATHX BIRMINGHAM 2026,United Kingdom 🇬🇧,2026,Female,ATHX,MetCon X,,,17:27,,,,,,80
81,Laura Pearson & Jess Suthard,ATHX BIRMINGHAM 2026,United Kingdom 🇬🇧,2026,Female,ATHX,MetCon X,,,17:28,,,,,,81
82,Hayley Anderson & Gemma Dannatt,ATHX BIRMINGHAM 2026,United Kingdom 🇬🇧,2026,Female,ATHX,MetCon X,,,17:29,,,,,,82
83,Latasha Powell & Emily Sales,ATHX BIRMINGHAM 2026,United Kingdom 🇬🇧,2026,Female,ATHX,MetCon X,,,17:30,,,,,,83
84,Emma Jarvis & Charlotte Swarbrick,ATHX BIRMINGHAM 2026,United Kingdom 🇬🇧,2026,Female,ATHX,MetCon X,,,17:31,,,,,,84
85,Zara Templeman & Karen Wrigjey,ATHX BIRMINGHAM 2026,United Kingdom 🇬🇧,2026,Female,ATHX,MetCon X,,,17:34,,,,,,85
85,Nicole Bradley & Stacey Gifford-Brown,ATHX BIRMINGHAM 2026,United Kingdom 🇬🇧,2026,Female,ATHX,MetCon X,,,17:34,,,,,,85
87,Louise Trodden & Jagjit Heer,ATHX BIRMINGHAM 2026,United Kingdom 🇬🇧,2026,Female,ATHX,MetCon X,,,17:35,,,,,,87
88,Laura Wilson & Beth Owen,ATHX BIRMINGHAM 2026,United Kingdom 🇬🇧,2026,Female,ATHX,MetCon X,,,17:38,,,,,,88
88,Louise Dadd & Sabrina Campbell,ATHX BIRMINGHAM 2026,United Kingdom 🇬🇧,2026,Female,ATHX,MetCon X,,,17:38,,,,,,88
88,Amy Taylor & Emily Rae,ATHX BIRMINGHAM 2026,United Kingdom 🇬🇧,2026,Female,ATHX,MetCon X,,,17:38,,,,,,88
91,Abigail Lockwood-Morris & Emily Higham,ATHX BIRMINGHAM 2026,United Kingdom 🇬🇧,2026,Female,ATHX,MetCon X,,,17:39,,,,,,91
91,Alex Miller & Millie Diamond,ATHX BIRMINGHAM 2026,United Kingdom 🇬🇧,2026,Female,ATHX,MetCon X,,,17:39,,,,,,91
93,Michelle Smith & Hollie-Mai Smith,ATHX BIRMINGHAM 2026,United Kingdom 🇬🇧,2026,Female,ATHX,MetCon X,,,17:42,,,,,,93
93,Sandra Pugh & Kayleigh Afford,ATHX BIRMINGHAM 2026,United Kingdom 🇬🇧,2026,Female,ATHX,MetCon X,,,17:42,,,,,,93
95,Kate Henderson & Elise bailey,ATHX BIRMINGHAM 2026,United Kingdom 🇬🇧,2026,Female,ATHX,MetCon X,,,17:44,,,,,,95
96,Ella Savage & Anna Johnson,ATHX BIRMINGHAM 2026,United Kingdom 🇬🇧,2026,Female,ATHX,MetCon X,,,17:47,,,,,,96
97,Holly Heffron & Erin Healy,ATHX BIRMINGHAM 2026,United Kingdom 🇬🇧,2026,Female,ATHX,MetCon X,,,17:48,,,,,,97
98,Kelsie Johnson & Esther Johnson,ATHX BIRMINGHAM 2026,United Kingdom 🇬🇧,2026,Female,ATHX,MetCon X,,,17:49,,,,,,98
99,Hannah Lattin & Hayley Towell,ATHX BIRMINGHAM 2026,United Kingdom 🇬🇧,2026,Female,ATHX,MetCon X,,,17:50,,,,,,99
100,Stephanie Shepherd & Isabelle Cross,ATHX BIRMINGHAM 2026,United Kingdom 🇬🇧,2026,Female,ATHX,MetCon X,,,17:52,,,,,,100
100,Joanne Bowman & Emma Tregellas,ATHX BIRMINGHAM 2026,United Kingdom 🇬🇧,2026,Female,ATHX,MetCon X,,,17:52,,,,,,100
100,Lauren Lawson & Olivia Tutton,ATHX BIRMINGHAM 2026,United Kingdom 🇬🇧,2026,Female,ATHX,MetCon X,,,17:52,,,,,,100
103,Duaa Mbuyi & Georgia Bowman,ATHX BIRMINGHAM 2026,United Kingdom 🇬🇧,2026,Female,ATHX,MetCon X,,,17:53,,,,,,103
104,faith hooper & Julia Messer,ATHX BIRMINGHAM 2026,United Kingdom 🇬🇧,2026,Female,ATHX,MetCon X,,,17:56,,,,,,104
104,Naomi McGregor & Sarah Hall,ATHX BIRMINGHAM 2026,United Kingdom 🇬🇧,2026,Female,ATHX,MetCon X,,,17:56,,,,,,104
106,Lucy Logan & Lucy Mcinerney,ATHX BIRMINGHAM 2026,United Kingdom 🇬🇧,2026,Female,ATHX,MetCon X,,,17:58,,,,,,106
107,Hollie Stephenson & Mel Strong,ATHX BIRMINGHAM 2026,United Kingdom 🇬🇧,2026,Female,ATHX,MetCon X,,,18:01,,,,,,107
108,Simone Beasant & Chantelle Dorsett,ATHX BIRMINGHAM 2026,United Kingdom 🇬🇧,2026,Female,ATHX,MetCon X,,,18:02,,,,,,108
108,Charlotte Preston & Rachel Walker,ATHX BIRMINGHAM 2026,United Kingdom 🇬🇧,2026,Female,ATHX,MetCon X,,,18:02,,,,,,108
108,Jen Beattie & Kath Stephens,ATHX BIRMINGHAM 2026,United Kingdom 🇬🇧,2026,Female,ATHX,MetCon X,,,18:02,,,,,,108
111,Kate Parkman & Katrina Cross,ATHX BIRMINGHAM 2026,United Kingdom 🇬🇧,2026,Female,ATHX,MetCon X,,,18:03,,,,,,111
111,Joanne Lloyd & Tessa Wills,ATHX BIRMINGHAM 2026,United Kingdom 🇬🇧,2026,Female,ATHX,MetCon X,,,18:03,,,,,,111
113,Siobhan Thubron & Alana Birchall,ATHX BIRMINGHAM 2026,United Kingdom 🇬🇧,2026,Female,ATHX,MetCon X,,,18:04,,,,,,113
114,Kelly Wedge & Gheri Ashcroft,ATHX BIRMINGHAM 2026,United Kingdom 🇬🇧,2026,Female,ATHX,MetCon X,,,18:07,,,,,,114
115,Jenny Bourton & robyn Dentry,ATHX BIRMINGHAM 2026,United Kingdom 🇬🇧,2026,Female,ATHX,MetCon X,,,18:08,,,,,,115
116,Alice Torr & Rachel White,ATHX BIRMINGHAM 2026,United Kingdom 🇬🇧,2026,Female,ATHX,MetCon X,,,18:10,,,,,,116
117,Lynn Bertenshaw & Caitlin Callan,ATHX BIRMINGHAM 2026,United Kingdom 🇬🇧,2026,Female,ATHX,MetCon X,,,18:11,,,,,,117
117,Stephanie Poulter & Katie Truscott-Howell,ATHX BIRMINGHAM 2026,United Kingdom 🇬🇧,2026,Female,ATHX,MetCon X,,,18:11,,,,,,117
119,Josie Meatyard & Lee Cousins,ATHX BIRMINGHAM 2026,United Kingdom 🇬🇧,2026,Female,ATHX,MetCon X,,,18:12,,,,,,119
120,Sophy Wills & Beth Whapham,ATHX BIRMINGHAM 2026,United Kingdom 🇬🇧,2026,Female,ATHX,MetCon X,,,18:21,,,,,,120
121,Robyn Laing & Isabella Yianni,ATHX BIRMINGHAM 2026,United Kingdom 🇬🇧,2026,Female,ATHX,MetCon X,,,18:22,,,,,,121
122,amy Wood & Amy Buttar,ATHX BIRMINGHAM 2026,United Kingdom 🇬🇧,2026,Female,ATHX,MetCon X,,,18:24,,,,,,122
123,charlotte pengilly & Aimee Sussex,ATHX BIRMINGHAM 2026,United Kingdom 🇬🇧,2026,Female,ATHX,MetCon X,,,18:25,,,,,,123
123,Ana Devis & Rebeca Espinar Alvarez,ATHX BIRMINGHAM 2026,United Kingdom 🇬🇧,2026,Female,ATHX,MetCon X,,,18:25,,,,,,123
123,Alice Tocknell & Molly Hemming,ATHX BIRMINGHAM 2026,United Kingdom 🇬🇧,2026,Female,ATHX,MetCon X,,,18:25,,,,,,123
123,Sara Robinson & Jade Thomas,ATHX BIRMINGHAM 2026,United Kingdom 🇬🇧,2026,Female,ATHX,MetCon X,,,18:25,,,,,,123
127,Liz Davies & Lucy Smith,ATHX BIRMINGHAM 2026,United Kingdom 🇬🇧,2026,Female,ATHX,MetCon X,,,18:26,,,,,,127
127,Aleksandra Ongley & Natalie Coates,ATHX BIRMINGHAM 2026,United Kingdom 🇬🇧,2026,Female,ATHX,MetCon X,,,18:26,,,,,,127
127,Ellie Hunt & Sarah Reeder,ATHX BIRMINGHAM 2026,United Kingdom 🇬🇧,2026,Female,ATHX,MetCon X,,,18:26,,,,,,127
130,Lucy  Hodgson & Ellie Gahan,ATHX BIRMINGHAM 2026,United Kingdom 🇬🇧,2026,Female,ATHX,MetCon X,,,18:28,,,,,,130
130,Sonia Jones & Sammie Lloyd,ATHX BIRMINGHAM 2026,United Kingdom 🇬🇧,2026,Female,ATHX,MetCon X,,,18:28,,,,,,130
132,Aimee Waters & Chontelle Nightingale,ATHX BIRMINGHAM 2026,United Kingdom 🇬🇧,2026,Female,ATHX,MetCon X,,,18:31,,,,,,132
133,jody ward & Danni Mitchell,ATHX BIRMINGHAM 2026,United Kingdom 🇬🇧,2026,Female,ATHX,MetCon X,,,18:32,,,,,,133
133,Kelly Woolley & April Strong,ATHX BIRMINGHAM 2026,United Kingdom 🇬🇧,2026,Female,ATHX,MetCon X,,,18:32,,,,,,133
135,Sophie Younghusband & Jasmine Williamson,ATHX BIRMINGHAM 2026,United Kingdom 🇬🇧,2026,Female,ATHX,MetCon X,,,18:33,,,,,,135
135,Emma Turner & Rebecca Hewett,ATHX BIRMINGHAM 2026,United Kingdom 🇬🇧,2026,Female,ATHX,MetCon X,,,18:33,,,,,,135
137,Hannah Hadfield & Lily Reeve,ATHX BIRMINGHAM 2026,United Kingdom 🇬🇧,2026,Female,ATHX,MetCon X,,,18:35,,,,,,137
138,Gem COEL & Victoria Foote,ATHX BIRMINGHAM 2026,United Kingdom 🇬🇧,2026,Female,ATHX,MetCon X,,,18:37,,,,,,138
139,Kirsty Patterson & Shiona Gibson,ATHX BIRMINGHAM 2026,United Kingdom 🇬🇧,2026,Female,ATHX,MetCon X,,,18:39,,,,,,139
140,Alyeah larose Abreu & Stevie Paintin,ATHX BIRMINGHAM 2026,United Kingdom 🇬🇧,2026,Female,ATHX,MetCon X,,,18:40,,,,,,140
141,Cayla Vichot & Katherine Gaukroger,ATHX BIRMINGHAM 2026,United Kingdom 🇬🇧,2026,Female,ATHX,MetCon X,,,18:43,,,,,,141
141,Elle Boorman & Jordan jdwillettpurchase@outlook.com,ATHX BIRMINGHAM 2026,United Kingdom 🇬🇧,2026,Female,ATHX,MetCon X,,,18:43,,,,,,141
143,Alexandra Pope & Heather Fitzsimmons,ATHX BIRMINGHAM 2026,United Kingdom 🇬🇧,2026,Female,ATHX,MetCon X,,,18:44,,,,,,143
143,Megan Bride & Isabel Brown,ATHX BIRMINGHAM 2026,United Kingdom 🇬🇧,2026,Female,ATHX,MetCon X,,,18:44,,,,,,143
145,Esther Dobie & Laura McLaren,ATHX BIRMINGHAM 2026,United Kingdom 🇬🇧,2026,Female,ATHX,MetCon X,,,18:45,,,,,,145
145,Lizze Chan-Foxley & Chardine Roberts,ATHX BIRMINGHAM 2026,United Kingdom 🇬🇧,2026,Female,ATHX,MetCon X,,,18:45,,,,,,145
145,Lucy King & Sian Jones,ATHX BIRMINGHAM 2026,United Kingdom 🇬🇧,2026,Female,ATHX,MetCon X,,,18:45,,,,,,145
148,Louise Emmott & Abby Varga,ATHX BIRMINGHAM 2026,United Kingdom 🇬🇧,2026,Female,ATHX,MetCon X,,,18:46,,,,,,148
148,Holly Barber & Natalka Prychidnyj,ATHX BIRMINGHAM 2026,United Kingdom 🇬🇧,2026,Female,ATHX,MetCon X,,,18:46,,,,,,148
150,Elissa Adams & Anna Bryant,ATHX BIRMINGHAM 2026,United Kingdom 🇬🇧,2026,Female,ATHX,MetCon X,,,18:49,,,,,,150
150,Naomi Alesbury & Becky Hall,ATHX BIRMINGHAM 2026,United Kingdom 🇬🇧,2026,Female,ATHX,MetCon X,,,18:49,,,,,,150
152,Kerry Sudale & Lauren Steadman,ATHX BIRMINGHAM 2026,United Kingdom 🇬🇧,2026,Female,ATHX,MetCon X,,,18:50,,,,,,152
153,laura carter & Ellie Rowley,ATHX BIRMINGHAM 2026,United Kingdom 🇬🇧,2026,Female,ATHX,MetCon X,,,18:52,,,,,,153
153,Sophia Phillips & Nichola Hands,ATHX BIRMINGHAM 2026,United Kingdom 🇬🇧,2026,Female,ATHX,MetCon X,,,18:52,,,,,,153
155,Charlotte Sweeney & Donna Wright,ATHX BIRMINGHAM 2026,United Kingdom 🇬🇧,2026,Female,ATHX,MetCon X,,,18:53,,,,,,155
155,Molly Hannafin & Jess Pearce,ATHX BIRMINGHAM 2026,United Kingdom 🇬🇧,2026,Female,ATHX,MetCon X,,,18:53,,,,,,155
155,Louise Hynes & Jade Rivers,ATHX BIRMINGHAM 2026,United Kingdom 🇬🇧,2026,Female,ATHX,MetCon X,,,18:53,,,,,,155
158,Bethany Mackrell & poppy mcneill,ATHX BIRMINGHAM 2026,United Kingdom 🇬🇧,2026,Female,ATHX,MetCon X,,,18:55,,,,,,158
159,Laura Panter & Sophie Wilkins,ATHX BIRMINGHAM 2026,United Kingdom 🇬🇧,2026,Female,ATHX,MetCon X,,,18:57,,,,,,159
159,Deasha Waddup & Hannah Mills,ATHX BIRMINGHAM 2026,United Kingdom 🇬🇧,2026,Female,ATHX,MetCon X,,,18:57,,,,,,159
161,Amanda Burton & Leonie Borland,ATHX BIRMINGHAM 2026,United Kingdom 🇬🇧,2026,Female,ATHX,MetCon X,,,18:58,,,,,,161
161,Charlie Williams & Jennifer Birkby,ATHX BIRMINGHAM 2026,United Kingdom 🇬🇧,2026,Female,ATHX,MetCon X,,,18:58,,,,,,161
163,Cristina Ferreira & Claire Davison,ATHX BIRMINGHAM 2026,United Kingdom 🇬🇧,2026,Female,ATHX,MetCon X,,,19:00,,,,,,163
164,Sophie Taylor & Jemma Mastrocristino,ATHX BIRMINGHAM 2026,United Kingdom 🇬🇧,2026,Female,ATHX,MetCon X,,,19:02,,,,,,164
165,Kerry Chawko & Rachel Cawthorne,ATHX BIRMINGHAM 2026,United Kingdom 🇬🇧,2026,Female,ATHX,MetCon X,,,19:03,,,,,,165
166,Michaela Corbett & Charlotte Smith,ATHX BIRMINGHAM 2026,United Kingdom 🇬🇧,2026,Female,ATHX,MetCon X,,,19:04,,,,,,166
167,Isobel Lloyd-Morris & Abigail Lloyd-morris,ATHX BIRMINGHAM 2026,United Kingdom 🇬🇧,2026,Female,ATHX,MetCon X,,,19:07,,,,,,167
168,Katie Kenney & Zoe Powney,ATHX BIRMINGHAM 2026,United Kingdom 🇬🇧,2026,Female,ATHX,MetCon X,,,19:08,,,,,,168
169,Katie Wyartt & Kathryn Wilkes,ATHX BIRMINGHAM 2026,United Kingdom 🇬🇧,2026,Female,ATHX,MetCon X,,,19:09,,,,,,169
169,Kat Malinowska & Jo Hayes,ATHX BIRMINGHAM 2026,United Kingdom 🇬🇧,2026,Female,ATHX,MetCon X,,,19:09,,,,,,169
171,Amy Brooks & Sarah Finbow,ATHX BIRMINGHAM 2026,United Kingdom 🇬🇧,2026,Female,ATHX,MetCon X,,,19:10,,,,,,171
172,Sally Scott & Liz Covino,ATHX BIRMINGHAM 2026,United Kingdom 🇬🇧,2026,Female,ATHX,MetCon X,,,19:11,,,,,,172
173,Sarah Edmonds & Lisa Miller,ATHX BIRMINGHAM 2026,United Kingdom 🇬🇧,2026,Female,ATHX,MetCon X,,,19:13,,,,,,173
173,Samantha Minnis & Jenni Page,ATHX BIRMINGHAM 2026,United Kingdom 🇬🇧,2026,Female,ATHX,MetCon X,,,19:13,,,,,,173
173,Laura Wright & Laura Neave,ATHX BIRMINGHAM 2026,United Kingdom 🇬🇧,2026,Female,ATHX,MetCon X,,,19:13,,,,,,173
176,Nicola Davidson & Sarah Watson,ATHX BIRMINGHAM 2026,United Kingdom 🇬🇧,2026,Female,ATHX,MetCon X,,,19:15,,,,,,176
177,Kerie Hale & Laura Taylor,ATHX BIRMINGHAM 2026,United Kingdom 🇬🇧,2026,Female,ATHX,MetCon X,,,19:17,,,,,,177
178,Elizabeth Whitehouse & Sy-Anne Holden,ATHX BIRMINGHAM 2026,United Kingdom 🇬🇧,2026,Female,ATHX,MetCon X,,,19:18,,,,,,178
179,Dominique Harley & Fiola Woodley,ATHX BIRMINGHAM 2026,United Kingdom 🇬🇧,2026,Female,ATHX,MetCon X,,,19:19,,,,,,179
180,Lauren Bowe & Anna Morley,ATHX BIRMINGHAM 2026,United Kingdom 🇬🇧,2026,Female,ATHX,MetCon X,,,19:22,,,,,,180
180,Ellie Hall & Emma Odeneal,ATHX BIRMINGHAM 2026,United Kingdom 🇬🇧,2026,Female,ATHX,MetCon X,,,19:22,,,,,,180
180,Megan Wade & Grace Larcombe,ATHX BIRMINGHAM 2026,United Kingdom 🇬🇧,2026,Female,ATHX,MetCon X,,,19:22,,,,,,180
183,Chloe Morgan & Neha Vadhvana,ATHX BIRMINGHAM 2026,United Kingdom 🇬🇧,2026,Female,ATHX,MetCon X,,,19:24,,,,,,183
183,Emma Arlow & Andi Seago,ATHX BIRMINGHAM 2026,United Kingdom 🇬🇧,2026,Female,ATHX,MetCon X,,,19:24,,,,,,183
185,Anna Harvey & Joanne Motte,ATHX BIRMINGHAM 2026,United Kingdom 🇬🇧,2026,Female,ATHX,MetCon X,,,19:28,,,,,,185
185,Emma Traherne & Jodie Cole,ATHX BIRMINGHAM 2026,United Kingdom 🇬🇧,2026,Female,ATHX,MetCon X,,,19:28,,,,,,185
187,Shelley Dell & Megan Dell,ATHX BIRMINGHAM 2026,United Kingdom 🇬🇧,2026,Female,ATHX,MetCon X,,,19:30,,,,,,187
188,Jo Thorne & Hollie Sullivan,ATHX BIRMINGHAM 2026,United Kingdom 🇬🇧,2026,Female,ATHX,MetCon X,,,19:33,,,,,,188
189,Marianna Lacinova & Lisa Haddock,ATHX BIRMINGHAM 2026,United Kingdom 🇬🇧,2026,Female,ATHX,MetCon X,,,19:36,,,,,,189
189,Lucy Watson & Bayley Archer,ATHX BIRMINGHAM 2026,United Kingdom 🇬🇧,2026,Female,ATHX,MetCon X,,,19:36,,,,,,189
189,Jennifer Wickwar & Darcie Chambers,ATHX BIRMINGHAM 2026,United Kingdom 🇬🇧,2026,Female,ATHX,MetCon X,,,19:36,,,,,,189
192,Ffion Robinson & harriet vizard,ATHX BIRMINGHAM 2026,United Kingdom 🇬🇧,2026,Female,ATHX,MetCon X,,,19:37,,,,,,192
193,Jade Danes & Jody Brazel,ATHX BIRMINGHAM 2026,United Kingdom 🇬🇧,2026,Female,ATHX,MetCon X,,,19:40,,,,,,193
194,Mia Tuik & Katie Cassidy,ATHX BIRMINGHAM 2026,United Kingdom 🇬🇧,2026,Female,ATHX,MetCon X,,,19:43,,,,,,194
195,Michelle Jones & Verity Gooding,ATHX BIRMINGHAM 2026,United Kingdom 🇬🇧,2026,Female,ATHX,MetCon X,,,19:46,,,,,,195
195,Lisa Henderson & Becky Lennox,ATHX BIRMINGHAM 2026,United Kingdom 🇬🇧,2026,Female,ATHX,MetCon X,,,19:46,,,,,,195
197,Ellena Murray & Julie Pritchett,ATHX BIRMINGHAM 2026,United Kingdom 🇬🇧,2026,Female,ATHX,MetCon X,,,19:48,,,,,,197
198,Chloe Winterbourne & Jenny Southey,ATHX BIRMINGHAM 2026,United Kingdom 🇬🇧,2026,Female,ATHX,MetCon X,,,19:49,,,,,,198
199,Helen Terry & Laura Farmer,ATHX BIRMINGHAM 2026,United Kingdom 🇬🇧,2026,Female,ATHX,MetCon X,,,19:50,,,,,,199
200,Angela Wood & Em Crawford,ATHX BIRMINGHAM 2026,United Kingdom 🇬🇧,2026,Female,ATHX,MetCon X,,,19:51,,,,,,200
201,Jo Clark & Emily Storey,ATHX BIRMINGHAM 2026,United Kingdom 🇬🇧,2026,Female,ATHX,MetCon X,,,19:52,,,,,,201
202,Abbie Stead & Emma stead,ATHX BIRMINGHAM 2026,United Kingdom 🇬🇧,2026,Female,ATHX,MetCon X,,,19:55,,,,,,202
202,Natalie Walker & Fiona Aitchison,ATHX BIRMINGHAM 2026,United Kingdom 🇬🇧,2026,Female,ATHX,MetCon X,,,19:55,,,,,,202
204,Kirsty Taylor & Georgina Rowley,ATHX BIRMINGHAM 2026,United Kingdom 🇬🇧,2026,Female,ATHX,MetCon X,,,19:56,,,,,,204
204,Louise Tagg & Jessica Burbage,ATHX BIRMINGHAM 2026,United Kingdom 🇬🇧,2026,Female,ATHX,MetCon X,,,19:56,,,,,,204
206,Sarah Mackay & Sophie Metcalfe,ATHX BIRMINGHAM 2026,United Kingdom 🇬🇧,2026,Female,ATHX,MetCon X,,,19:57,,,,,,206
207,Katie Donkin & Laura Marks,ATHX BIRMINGHAM 2026,United Kingdom 🇬🇧,2026,Female,ATHX,MetCon X,,,19:59,,,,,,207
208,Hannah Black & Alice Nolan,ATHX BIRMINGHAM 2026,United Kingdom 🇬🇧,2026,Female,ATHX,MetCon X,,,20:00,,,,,,208
209,Sarah Harrison & Sarah Hardy,ATHX BIRMINGHAM 2026,United Kingdom 🇬🇧,2026,Female,ATHX,MetCon X,,,20:01,,,,,,209
210,Leonnie Stanyon & Megan Gregory,ATHX BIRMINGHAM 2026,United Kingdom 🇬🇧,2026,Female,ATHX,MetCon X,,,20:02,,,,,,210
210,Rebecca Barrow & Gemma Sharples,ATHX BIRMINGHAM 2026,United Kingdom 🇬🇧,2026,Female,ATHX,MetCon X,,,20:02,,,,,,210
212,vicki valentine & Cori Dempster,ATHX BIRMINGHAM 2026,United Kingdom 🇬🇧,2026,Female,ATHX,MetCon X,,,20:04,,,,,,212
212,Carly Rees & Kirsty Bowen-Davies,ATHX BIRMINGHAM 2026,United Kingdom 🇬🇧,2026,Female,ATHX,MetCon X,,,20:04,,,,,,212
212,Jennifer Campbell & Eugenia Polo Pascual,ATHX BIRMINGHAM 2026,United Kingdom 🇬🇧,2026,Female,ATHX,MetCon X,,,20:04,,,,,,212
215,Amy Lynex & Teresa Waplington,ATHX BIRMINGHAM 2026,United Kingdom 🇬🇧,2026,Female,ATHX,MetCon X,,,20:06,,,,,,215
216,Natalie Williams & Leah Jennings,ATHX BIRMINGHAM 2026,United Kingdom 🇬🇧,2026,Female,ATHX,MetCon X,,,20:11,,,,,,216
217,Mary Jeffery & Amber Morris,ATHX BIRMINGHAM 2026,United Kingdom 🇬🇧,2026,Female,ATHX,MetCon X,,,20:14,,,,,,217
218,Maria Olaya & Claudia Jolonch,ATHX BIRMINGHAM 2026,United Kingdom 🇬🇧,2026,Female,ATHX,MetCon X,,,20:16,,,,,,218
219,Johanna Burge & Christie Lewis-Adefope,ATHX BIRMINGHAM 2026,United Kingdom 🇬🇧,2026,Female,ATHX,MetCon X,,,20:17,,,,,,219
220,Katie Lambert & Georgia Mizen,ATHX BIRMINGHAM 2026,United Kingdom 🇬🇧,2026,Female,ATHX,MetCon X,,,20:19,,,,,,220
220,Jasmine Garner & sharen panesar,ATHX BIRMINGHAM 2026,United Kingdom 🇬🇧,2026,Female,ATHX,MetCon X,,,20:19,,,,,,220
220,Hannah Smith & Emma Wagstaff,ATHX BIRMINGHAM 2026,United Kingdom 🇬🇧,2026,Female,ATHX,MetCon X,,,20:19,,,,,,220
220,Lucy Griffin & Daniiella-Sophia Turner,ATHX BIRMINGHAM 2026,United Kingdom 🇬🇧,2026,Female,ATHX,MetCon X,,,20:19,,,,,,220
224,Sophie Dickinson & Zoe Attenborough,ATHX BIRMINGHAM 2026,United Kingdom 🇬🇧,2026,Female,ATHX,MetCon X,,,20:23,,,,,,224
225,Gemma Hole & Lauren Teasdale,ATHX BIRMINGHAM 2026,United Kingdom 🇬🇧,2026,Female,ATHX,MetCon X,,,20:25,,,,,,225
225,Harriet Elias & Grace Mendonca,ATHX BIRMINGHAM 2026,United Kingdom 🇬🇧,2026,Female,ATHX,MetCon X,,,20:25,,,,,,225
227,Rishonah Ronaldson & Hannah McMillan,ATHX BIRMINGHAM 2026,United Kingdom 🇬🇧,2026,Female,ATHX,MetCon X,,,20:27,,,,,,227
228,Louise Thalemann & victoria bulgin,ATHX BIRMINGHAM 2026,United Kingdom 🇬🇧,2026,Female,ATHX,MetCon X,,,20:28,,,,,,228
229,Adrianna Jackson & Rachel Gilbey,ATHX BIRMINGHAM 2026,United Kingdom 🇬🇧,2026,Female,ATHX,MetCon X,,,20:29,,,,,,229
230,Ellen Whiteside & Gemma Deacon,ATHX BIRMINGHAM 2026,United Kingdom 🇬🇧,2026,Female,ATHX,MetCon X,,,20:30,,,,,,230
230,Ceri Littlechild & Alex Gould,ATHX BIRMINGHAM 2026,United Kingdom 🇬🇧,2026,Female,ATHX,MetCon X,,,20:30,,,,,,230
232,Katie Ferraby & Sarah Page,ATHX BIRMINGHAM 2026,United Kingdom 🇬🇧,2026,Female,ATHX,MetCon X,,,20:31,,,,,,232
233,Hazel Hartley & Victoria Crisp,ATHX BIRMINGHAM 2026,United Kingdom 🇬🇧,2026,Female,ATHX,MetCon X,,,20:33,,,,,,233
234,Cherniece Plume & Nicola Beer,ATHX BIRMINGHAM 2026,United Kingdom 🇬🇧,2026,Female,ATHX,MetCon X,,,20:34,,,,,,234
234,Lorena Carretero Moreno & Veronika Fajksova,ATHX BIRMINGHAM 2026,United Kingdom 🇬🇧,2026,Female,ATHX,MetCon X,,,20:34,,,,,,234
236,Jenna Attwood & Nancy West,ATHX BIRMINGHAM 2026,United Kingdom 🇬🇧,2026,Female,ATHX,MetCon X,,,20:35,,,,,,236
237,Kam wab & Romy Jones,ATHX BIRMINGHAM 2026,United Kingdom 🇬🇧,2026,Female,ATHX,MetCon X,,,20:38,,,,,,237
238,Bryony Creighton & Jade Roberts,ATHX BIRMINGHAM 2026,United Kingdom 🇬🇧,2026,Female,ATHX,MetCon X,,,20:39,,,,,,238
239,Courteney Toombs & Sophie Wombell,ATHX BIRMINGHAM 2026,United Kingdom 🇬🇧,2026,Female,ATHX,MetCon X,,,20:42,,,,,,239
240,Annie Ramage & Emily Frampton,ATHX BIRMINGHAM 2026,United Kingdom 🇬🇧,2026,Female,ATHX,MetCon X,,,20:45,,,,,,240
241,Ellie Tennant & Izzy Wright,ATHX BIRMINGHAM 2026,United Kingdom 🇬🇧,2026,Female,ATHX,MetCon X,,,20:48,,,,,,241
242,Georgia Day & Sophie Fleming,ATHX BIRMINGHAM 2026,United Kingdom 🇬🇧,2026,Female,ATHX,MetCon X,,,20:52,,,,,,242
243,Alex alexkarenlord572@gmail.com & Lisa Sweeney,ATHX BIRMINGHAM 2026,United Kingdom 🇬🇧,2026,Female,ATHX,MetCon X,,,21:01,,,,,,243
244,Rebecca Mclaurin & Helen Austin,ATHX BIRMINGHAM 2026,United Kingdom 🇬🇧,2026,Female,ATHX,MetCon X,,,21:09,,,,,,244
244,Narni Fulford & Kate Fewkes,ATHX BIRMINGHAM 2026,United Kingdom 🇬🇧,2026,Female,ATHX,MetCon X,,,21:09,,,,,,244
246,Ebony Dear & Haley Hills,ATHX BIRMINGHAM 2026,United Kingdom 🇬🇧,2026,Female,ATHX,MetCon X,,,21:10,,,,,,246
247,Rachel Plumridge & Alyshia Wood,ATHX BIRMINGHAM 2026,United Kingdom 🇬🇧,2026,Female,ATHX,MetCon X,,,21:11,,,,,,247
248,Hannah Baldwin & Katie Gilman-Abel,ATHX BIRMINGHAM 2026,United Kingdom 🇬🇧,2026,Female,ATHX,MetCon X,,,21:13,,,,,,248
249,Christy Adetola & Rossi Campbell,ATHX BIRMINGHAM 2026,United Kingdom 🇬🇧,2026,Female,ATHX,MetCon X,,,21:14,,,,,,249
250,Carla Hall & Lucy Hilsden,ATHX BIRMINGHAM 2026,United Kingdom 🇬🇧,2026,Female,ATHX,MetCon X,,,21:17,,,,,,250
251,Lily Illingworth-Turner & Caitlin Washington,ATHX BIRMINGHAM 2026,United Kingdom 🇬🇧,2026,Female,ATHX,MetCon X,,,21:19,,,,,,251
251,Charli Gale & Chantalle Shaw,ATHX BIRMINGHAM 2026,United Kingdom 🇬🇧,2026,Female,ATHX,MetCon X,,,21:19,,,,,,251
253,Molly Poulton & Ellie Leech,ATHX BIRMINGHAM 2026,United Kingdom 🇬🇧,2026,Female,ATHX,MetCon X,,,21:20,,,,,,253
254,chelsea ogrady & Bongiwe Sibanda,ATHX BIRMINGHAM 2026,United Kingdom 🇬🇧,2026,Female,ATHX,MetCon X,,,21:21,,,,,,254
255,Tess Bateman & Louise Hillyer,ATHX BIRMINGHAM 2026,United Kingdom 🇬🇧,2026,Female,ATHX,MetCon X,,,21:25,,,,,,255
256,Grace Leadbeater & Emma Minshall,ATHX BIRMINGHAM 2026,United Kingdom 🇬🇧,2026,Female,ATHX,MetCon X,,,21:36,,,,,,256
257,Georgie Habash & Harriet Stuart,ATHX BIRMINGHAM 2026,United Kingdom 🇬🇧,2026,Female,ATHX,MetCon X,,,21:37,,,,,,257
258,Dominique Childs & Sam Clarke,ATHX BIRMINGHAM 2026,United Kingdom 🇬🇧,2026,Female,ATHX,MetCon X,,,21:39,,,,,,258
259,Liz Malpass & Emily Savage,ATHX BIRMINGHAM 2026,United Kingdom 🇬🇧,2026,Female,ATHX,MetCon X,,,21:41,,,,,,259
260,Kathryn Jackson & Angel Membury,ATHX BIRMINGHAM 2026,United Kingdom 🇬🇧,2026,Female,ATHX,MetCon X,,,21:45,,,,,,260
261,Chloe Longstaff & Carrie-Anne Rice,ATHX BIRMINGHAM 2026,United Kingdom 🇬🇧,2026,Female,ATHX,MetCon X,,,21:54,,,,,,261
262,Lauren Moss & Emma Hatfield,ATHX BIRMINGHAM 2026,United Kingdom 🇬🇧,2026,Female,ATHX,MetCon X,,,22:00,,,,,,262
262,Suzy Judd & Helen Westwood,ATHX BIRMINGHAM 2026,United Kingdom 🇬🇧,2026,Female,ATHX,MetCon X,,,22:00,,,,,,262
264,Alana Love & Holly Prendergast,ATHX BIRMINGHAM 2026,United Kingdom 🇬🇧,2026,Female,ATHX,MetCon X,,,22:08,,,,,,264
265,Lauryn Hallett & Steffi Saunders,ATHX BIRMINGHAM 2026,United Kingdom 🇬🇧,2026,Female,ATHX,MetCon X,,,22:16,,,,,,265
266,Kellie Searle & Becky Cox,ATHX BIRMINGHAM 2026,United Kingdom 🇬🇧,2026,Female,ATHX,MetCon X,,,22:24,,,,,,266
267,Joanne Orsmond & Anna Alderton,ATHX BIRMINGHAM 2026,United Kingdom 🇬🇧,2026,Female,ATHX,MetCon X,,,22:27,,,,,,267
268,Georgia Brown & Mick Peters,ATHX BIRMINGHAM 2026,United Kingdom 🇬🇧,2026,Female,ATHX,MetCon X,,,22:40,,,,,,268
269,Naomi Cook & Angela Pannett,ATHX BIRMINGHAM 2026,United Kingdom 🇬🇧,2026,Female,ATHX,MetCon X,,,22:41,,,,,,269
270,Hannah de Main & Mickey Peacock,ATHX BIRMINGHAM 2026,United Kingdom 🇬🇧,2026,Female,ATHX,MetCon X,,,22:45,,,,,,270
270,Nicola Harrison & emma beardshaw,ATHX BIRMINGHAM 2026,United Kingdom 🇬🇧,2026,Female,ATHX,MetCon X,,,22:45,,,,,,270
272,Rebecca  Beaumont & Sophie Gager,ATHX BIRMINGHAM 2026,United Kingdom 🇬🇧,2026,Female,ATHX,MetCon X,,,22:46,,,,,,272
273,Michelle Owens & Courtney Newbould,ATHX BIRMINGHAM 2026,United Kingdom 🇬🇧,2026,Female,ATHX,MetCon X,,,22:49,,,,,,273
274,Amy Plawes & Kayleigh Wade,ATHX BIRMINGHAM 2026,United Kingdom 🇬🇧,2026,Female,ATHX,MetCon X,,,22:56,,,,,,274
275,Bethan Williams & Harriet Evans,ATHX BIRMINGHAM 2026,United Kingdom 🇬🇧,2026,Female,ATHX,MetCon X,,,22:58,,,,,,275
276,Nina Forte & Shelley White,ATHX BIRMINGHAM 2026,United Kingdom 🇬🇧,2026,Female,ATHX,MetCon X,,,23:05,,,,,,276
277,Vicky Scales & Lauren Weston,ATHX BIRMINGHAM 2026,United Kingdom 🇬🇧,2026,Female,ATHX,MetCon X,,,23:09,,,,,,277
278,Billie Jordan & Kiara Gascoigne,ATHX BIRMINGHAM 2026,United Kingdom 🇬🇧,2026,Female,ATHX,MetCon X,,,23:13,,,,,,278
279,Danielle Fuller & Holly Haynes,ATHX BIRMINGHAM 2026,United Kingdom 🇬🇧,2026,Female,ATHX,MetCon X,,,23:20,,,,,,279
280,Neeta Rana & Keri Chappell,ATHX BIRMINGHAM 2026,United Kingdom 🇬🇧,2026,Female,ATHX,MetCon X,,,23:21,,,,,,280
281,Kirsten Walker & Davina Toofan,ATHX BIRMINGHAM 2026,United Kingdom 🇬🇧,2026,Female,ATHX,MetCon X,,,23:26,,,,,,281
282,Micayla Telfer & Tereza Illikova,ATHX BIRMINGHAM 2026,United Kingdom 🇬🇧,2026,Female,ATHX,MetCon X,,,23:46,,,,,,282
283,Karen Maxwell & Alison Ware,ATHX BIRMINGHAM 2026,United Kingdom 🇬🇧,2026,Female,ATHX,MetCon X,,,23:48,,,,,,283
283,Cherie Sykes & Evie Sykes,ATHX BIRMINGHAM 2026,United Kingdom 🇬🇧,2026,Female,ATHX,MetCon X,,,23:48,,,,,,283
285,Hollie Bass & Sarah Dilkes,ATHX BIRMINGHAM 2026,United Kingdom 🇬🇧,2026,Female,ATHX,MetCon X,,,24:09,,,,,,285
285,Charlie Kimberley & Libby-Jade Cooper,ATHX BIRMINGHAM 2026,United Kingdom 🇬🇧,2026,Female,ATHX,MetCon X,,,24:09,,,,,,285
287,Martha Eason & Taryn Porteous,ATHX BIRMINGHAM 2026,United Kingdom 🇬🇧,2026,Female,ATHX,MetCon X,,,24:19,,,,,,287
288,Neve Snelgrove & Stephanie Gaunt,ATHX BIRMINGHAM 2026,United Kingdom 🇬🇧,2026,Female,ATHX,MetCon X,,,24:24,,,,,,288
289,Rikke Hansen & Maria Hansen,ATHX BIRMINGHAM 2026,United Kingdom 🇬🇧,2026,Female,ATHX,MetCon X,,,24:30,,,,,,289
290,Emma Cox & Tina Woodham,ATHX BIRMINGHAM 2026,United Kingdom 🇬🇧,2026,Female,ATHX,MetCon X,,,24:39,,,,,,290
291,Jo Hindmarch & Gaynor Macaulay,ATHX BIRMINGHAM 2026,United Kingdom 🇬🇧,2026,Female,ATHX,MetCon X,,,24:42,,,,,,291
292,Edesili Obetoh & Afrika Morris,ATHX BIRMINGHAM 2026,United Kingdom 🇬🇧,2026,Female,ATHX,MetCon X,,,24:57,,,,,,292
292,Ann Merchant & Rebecca Eisenberg,ATHX BIRMINGHAM 2026,United Kingdom 🇬🇧,2026,Female,ATHX,MetCon X,,,24:57,,,,,,292
294,Eleanor Dundon & Olivia Reynolds,ATHX BIRMINGHAM 2026,United Kingdom 🇬🇧,2026,Female,ATHX,MetCon X,,,24:59,,,,,,294
295,Lisa Ramsawak & Tara Maguire,ATHX BIRMINGHAM 2026,United Kingdom 🇬🇧,2026,Female,ATHX,MetCon X,,,25:07,,,,,,295
296,Lois Yawson & Kanke Ishaku,ATHX BIRMINGHAM 2026,United Kingdom 🇬🇧,2026,Female,ATHX,MetCon X,,,25:08,,,,,,296
297,Sarah Gray & Gemma Shaw,ATHX BIRMINGHAM 2026,United Kingdom 🇬🇧,2026,Female,ATHX,MetCon X,,,25:10,,,,,,297
297,Helen Hogan & Julia Emerson,ATHX BIRMINGHAM 2026,United Kingdom 🇬🇧,2026,Female,ATHX,MetCon X,,,25:10,,,,,,297
299,Ellie Potter & Alice Ingham,ATHX BIRMINGHAM 2026,United Kingdom 🇬🇧,2026,Female,ATHX,MetCon X,,,25:30,,,,,,299
300,Cemile Turker & Kvanta Buasri,ATHX BIRMINGHAM 2026,United Kingdom 🇬🇧,2026,Female,ATHX,MetCon X,,,25:38,,,,,,300
301,Milly Louch & Meera Shah,ATHX BIRMINGHAM 2026,United Kingdom 🇬🇧,2026,Female,ATHX,MetCon X,,,25:39,,,,,,301
302,Emily Carey-Smith & Kelly Heath,ATHX BIRMINGHAM 2026,United Kingdom 🇬🇧,2026,Female,ATHX,MetCon X,,,26:00,,,,,,302
303,Jodie Holmes & Ashton Winsor,ATHX BIRMINGHAM 2026,United Kingdom 🇬🇧,2026,Female,ATHX,MetCon X,,,26:45,,,,,,303
1,Jamie Barnes & Thomas Potts,ATHX BIRMINGHAM 2026,United Kingdom 🇬🇧,2026,Male,ATHX Lite,Endurance,,,,,,,3.706KM,5.23KM,1
2,James Whyte & Sam Faulkes,ATHX BIRMINGHAM 2026,United Kingdom 🇬🇧,2026,Male,ATHX Lite,Endurance,,,,,,,3.964KM,4.528KM,2
3,Sivesh Kathir Kamarajah & Michael Bahrami-Hessari,ATHX BIRMINGHAM 2026,United Kingdom 🇬🇧,2026,Male,ATHX Lite,Endurance,,,,,,,2.984KM,5.086KM,3
4,Paul Wilkerson & Ben Cazot,ATHX BIRMINGHAM 2026,United Kingdom 🇬🇧,2026,Male,ATHX Lite,Endurance,,,,,,,3KM,4.982KM,4
5,Craig Elswood & Michael Quick,ATHX BIRMINGHAM 2026,United Kingdom 🇬🇧,2026,Male,ATHX Lite,Endurance,,,,,,,3KM,4.966KM,5
6,Martin Carvalho & Alex Gale,ATHX BIRMINGHAM 2026,United Kingdom 🇬🇧,2026,Male,ATHX Lite,Endurance,,,,,,,3.5KM,4.386KM,6
7,Soroosh Jabari & Shashi Patel,ATHX BIRMINGHAM 2026,United Kingdom 🇬🇧,2026,Male,ATHX Lite,Endurance,,,,,,,2.956KM,4.398KM,7
8,James King & Patrick O'Boyle,ATHX BIRMINGHAM 2026,United Kingdom 🇬🇧,2026,Male,ATHX Lite,Endurance,,,,,,,2.609KM,4.458KM,8
9,Darren Gardner & Daniel Baker,ATHX BIRMINGHAM 2026,United Kingdom 🇬🇧,2026,Male,ATHX Lite,Endurance,,,,,,,2.5KM,4.282KM,9
1,Nathan Bland & Josh Bland,ATHX BIRMINGHAM 2026,United Kingdom 🇬🇧,2026,Male,ATHX Pro,MetCon X,,,12:42,,,,,,1
2,Alfie Burton & Taryn Skinner,ATHX BIRMINGHAM 2026,United Kingdom 🇬🇧,2026,Male,ATHX Pro,MetCon X,,,12:47,,,,,,2
3,Thomas Krogh & James English,ATHX BIRMINGHAM 2026,United Kingdom 🇬🇧,2026,Male,ATHX Pro,MetCon X,,,13:29,,,,,,3
4,Peter Crudge & Fergus Kneath,ATHX BIRMINGHAM 2026,United Kingdom 🇬🇧,2026,Male,ATHX Pro,MetCon X,,,13:55,,,,,,4
5,Alex Campbell & Joe Martin,ATHX BIRMINGHAM 2026,United Kingdom 🇬🇧,2026,Male,ATHX Pro,MetCon X,,,14:02,,,,,,5
6,Jamie Matthews & andrew coupe,ATHX BIRMINGHAM 2026,United Kingdom 🇬🇧,2026,Male,ATHX Pro,MetCon X,,,14:46,,,,,,6
7,James Vernall & Mike Catris,ATHX BIRMINGHAM 2026,United Kingdom 🇬🇧,2026,Male,ATHX Pro,MetCon X,,,14:48,,,,,,7
8,James Cartwright & Dan Moyle,ATHX BIRMINGHAM 2026,United Kingdom 🇬🇧,2026,Male,ATHX Pro,MetCon X,,,15:10,,,,,,8
9,Ben Read & Greg Duddridge,ATHX BIRMINGHAM 2026,United Kingdom 🇬🇧,2026,Male,ATHX Pro,MetCon X,,,15:17,,,,,,9
10,Martyn Lever & Ben Haigh,ATHX BIRMINGHAM 2026,United Kingdom 🇬🇧,2026,Male,ATHX Pro,MetCon X,,,15:49,,,,,,10
11,Jonathan Whelan & Luke Rees,ATHX BIRMINGHAM 2026,United Kingdom 🇬🇧,2026,Male,ATHX Pro,MetCon X,,,16:00,,,,,,11
12,Lukasz Debek & Tom Grindel,ATHX BIRMINGHAM 2026,United Kingdom 🇬🇧,2026,Male,ATHX Pro,MetCon X,,,16:04,,,,,,12
13,Jack Brereton & lewis pritchett,ATHX BIRMINGHAM 2026,United Kingdom 🇬🇧,2026,Male,ATHX Pro,MetCon X,,,16:12,,,,,,13
14,Rhys Lewis & Nicolas Moore,ATHX BIRMINGHAM 2026,United Kingdom 🇬🇧,2026,Male,ATHX Pro,MetCon X,,,16:18,,,,,,14
15,Lewis Chatfield & chris pickering,ATHX BIRMINGHAM 2026,United Kingdom 🇬🇧,2026,Male,ATHX Pro,MetCon X,,,16:45,,,,,,15
15,Lewis Munt & Ethan Whittock,ATHX BIRMINGHAM 2026,United Kingdom 🇬🇧,2026,Male,ATHX Pro,MetCon X,,,16:45,,,,,,15
17,Chris Allen & Chris Adams,ATHX BIRMINGHAM 2026,United Kingdom 🇬🇧,2026,Male,ATHX Pro,MetCon X,,,16:46,,,,,,17
18,Josh Reilly & Adam Stableford,ATHX BIRMINGHAM 2026,United Kingdom 🇬🇧,2026,Male,ATHX Pro,MetCon X,,,16:58,,,,,,18
19,Joe Ball & Matt Baxter,ATHX BIRMINGHAM 2026,United Kingdom 🇬🇧,2026,Male,ATHX Pro,MetCon X,,,17:07,,,,,,19
19,Thomas Rowland & Michael Rowland,ATHX BIRMINGHAM 2026,United Kingdom 🇬🇧,2026,Male,ATHX Pro,MetCon X,,,17:07,,,,,,19
21,Andrew Brown & Paul Cranswick,ATHX BIRMINGHAM 2026,United Kingdom 🇬🇧,2026,Male,ATHX Pro,MetCon X,,,17:23,,,,,,21
22,Charlie Jones & Dominic Ainsworth,ATHX BIRMINGHAM 2026,United Kingdom 🇬🇧,2026,Male,ATHX Pro,MetCon X,,,17:46,,,,,,22
23,Michael Chung & Pete Chlopek,ATHX BIRMINGHAM 2026,United Kingdom 🇬🇧,2026,Male,ATHX Pro,MetCon X,,,17:53,,,,,,23
24,Aaron OBrien & Joel O'Sullivan,ATHX BIRMINGHAM 2026,United Kingdom 🇬🇧,2026,Male,ATHX Pro,MetCon X,,,19:11,,,,,,24
25,Adam Brittain & William Turville,ATHX BIRMINGHAM 2026,United Kingdom 🇬🇧,2026,Male,ATHX Pro,MetCon X,,,20:30,,,,,,25
26,Banki Akinsulire & Jamie Chatfield,ATHX BIRMINGHAM 2026,United Kingdom 🇬🇧,2026,Male,ATHX Pro,MetCon X,,,21:10,,,,,,26
27,Caine Stringer & Louis Kerin,ATHX BIRMINGHAM 2026,United Kingdom 🇬🇧,2026,Male,ATHX Pro,MetCon X,,,22:57,,,,,,27
1,Rebecca Young & Eleanor Taylor,ATHX BIRMINGHAM 2026,United Kingdom 🇬🇧,2026,Female,ATHX,Endurance,,,,,,,4.166KM,5.162KM,1
2,Becca Charnock & Aimee Thompson,ATHX BIRMINGHAM 2026,United Kingdom 🇬🇧,2026,Female,ATHX,Endurance,,,,,,,4.202KM,5.055KM,2
3,Lisa Jones & Natalie Briggs,ATHX BIRMINGHAM 2026,United Kingdom 🇬🇧,2026,Female,ATHX,Endurance,,,,,,,4.407KM,4.842KM,3
4,Ruth Casey & Katrin Hulme,ATHX BIRMINGHAM 2026,United Kingdom 🇬🇧,2026,Female,ATHX,Endurance,,,,,,,3.898KM,5.348KM,4
5,Abigail Merricks & Lupe Morera,ATHX BIRMINGHAM 2026,United Kingdom 🇬🇧,2026,Female,ATHX,Endurance,,,,,,,4.137KM,5.098KM,5
6,Emma Perry & Rebekah Webster,ATHX BIRMINGHAM 2026,United Kingdom 🇬🇧,2026,Female,ATHX,Endurance,,,,,,,4.213KM,4.997KM,6
7,Sheridan McWilliam & Tessa Clarke,ATHX BIRMINGHAM 2026,United Kingdom 🇬🇧,2026,Female,ATHX,Endurance,,,,,,,4.043KM,5.165KM,7
8,Christabel Turcan & Sarah Fraser,ATHX BIRMINGHAM 2026,United Kingdom 🇬🇧,2026,Female,ATHX,Endurance,,,,,,,3.972KM,5.185KM,8
9,Jessica Williams & Elodie Stoker,ATHX BIRMINGHAM 2026,United Kingdom 🇬🇧,2026,Female,ATHX,Endurance,,,,,,,4.149KM,4.982KM,9
10,Charlotte Good & Katie Skellett,ATHX BIRMINGHAM 2026,United Kingdom 🇬🇧,2026,Female,ATHX,Endurance,,,,,,,4.321KM,4.66KM,10
11,Georgina Dolan & Alexandra Dolan,ATHX BIRMINGHAM 2026,United Kingdom 🇬🇧,2026,Female,ATHX,Endurance,,,,,,,3.867KM,5.11KM,11
12,Aliya Arthur & Samantha Johnson,ATHX BIRMINGHAM 2026,United Kingdom 🇬🇧,2026,Female,ATHX,Endurance,,,,,,,3.85KM,5.093KM,12
13,Tilly Johnson & Samantha Weller-Pryce,ATHX BIRMINGHAM 2026,United Kingdom 🇬🇧,2026,Female,ATHX,Endurance,,,,,,,3.75KM,5.142KM,13
14,Ruslana Rashchupkina & Victoria Burke,ATHX BIRMINGHAM 2026,United Kingdom 🇬🇧,2026,Female,ATHX,Endurance,,,,,,,3.75KM,5.124KM,14
15,Holly Yates & Emily Kendall,ATHX BIRMINGHAM 2026,United Kingdom 🇬🇧,2026,Female,ATHX,Endurance,,,,,,,3.619KM,5.226KM,15
16,Ruby Jacklin & Nicola Maltby,ATHX BIRMINGHAM 2026,United Kingdom 🇬🇧,2026,Female,ATHX,Endurance,,,,,,,3.75KM,5.075KM,16
17,Pippa Harvey & Georgia Henderson,ATHX BIRMINGHAM 2026,United Kingdom 🇬🇧,2026,Female,ATHX,Endurance,,,,,,,3.872KM,4.945KM,17
18,Laura Jones & Sarah Fanning,ATHX BIRMINGHAM 2026,United Kingdom 🇬🇧,2026,Female,ATHX,Endurance,,,,,,,3.75KM,5.058KM,18
19,Caitlin Curran & Athina Hirst,ATHX BIRMINGHAM 2026,United Kingdom 🇬🇧,2026,Female,ATHX,Endurance,,,,,,,3.929KM,4.877KM,19
20,Ellie Smith & Mia Frazer,ATHX BIRMINGHAM 2026,United Kingdom 🇬🇧,2026,Female,ATHX,Endurance,,,,,,,3.843KM,4.961KM,20
21,Francesca di Palma & Sussanna di Palma,ATHX BIRMINGHAM 2026,United Kingdom 🇬🇧,2026,Female,ATHX,Endurance,,,,,,,3.75KM,5.046KM,21
22,Poppy Wilson & Hannah Baines,ATHX BIRMINGHAM 2026,United Kingdom 🇬🇧,2026,Female,ATHX,Endurance,,,,,,,3.91KM,4.873KM,22
23,Latasha Powell & Emily Sales,ATHX BIRMINGHAM 2026,United Kingdom 🇬🇧,2026,Female,ATHX,Endurance,,,,,,,4.005KM,4.773KM,23
24,Sindy Haake & Silva Moderzinski,ATHX BIRMINGHAM 2026,United Kingdom 🇬🇧,2026,Female,ATHX,Endurance,,,,,,,3.5KM,5.275KM,24
25,Ashley Faith Brooks & Kate West,ATHX BIRMINGHAM 2026,United Kingdom 🇬🇧,2026,Female,ATHX,Endurance,,,,,,,3.724KM,5.031KM,25
26,Stacey Horner & Clare Shepherd,ATHX BIRMINGHAM 2026,United Kingdom 🇬🇧,2026,Female,ATHX,Endurance,,,,,,,3.75KM,5.001KM,26
27,Holly Hewlett & Mollie Churms,ATHX BIRMINGHAM 2026,United Kingdom 🇬🇧,2026,Female,ATHX,Endurance,,,,,,,3.75KM,4.995KM,27
28,Millie Foley & Izzy Morris,ATHX BIRMINGHAM 2026,United Kingdom 🇬🇧,2026,Female,ATHX,Endurance,,,,,,,3.976KM,4.768KM,28
29,Amanda Haywood-Atkinson & Zoe Lawrence,ATHX BIRMINGHAM 2026,United Kingdom 🇬🇧,2026,Female,ATHX,Endurance,,,,,,,3.596KM,5.141KM,29
30,Amy Parmenter & Holly Du Toit,ATHX BIRMINGHAM 2026,United Kingdom 🇬🇧,2026,Female,ATHX,Endurance,,,,,,,3.75KM,4.985KM,30
31,Lhea  Terzaki  & Kara Frost,ATHX BIRMINGHAM 2026,United Kingdom 🇬🇧,2026,Female,ATHX,Endurance,,,,,,,3.702KM,5.026KM,31
32,Erica Timbrell & Eve Burns,ATHX BIRMINGHAM 2026,United Kingdom 🇬🇧,2026,Female,ATHX,Endurance,,,,,,,4.188KM,4.538KM,32
33,Chloe Coote & Georgia Stevens,ATHX BIRMINGHAM 2026,United Kingdom 🇬🇧,2026,Female,ATHX,Endurance,,,,,,,3.51KM,5.171KM,33
34,Roxy Cameron & Amber Evans,ATHX BIRMINGHAM 2026,United Kingdom 🇬🇧,2026,Female,ATHX,Endurance,,,,,,,3.75KM,4.919KM,34
35,Tonya Murray & Emma Walsh,ATHX BIRMINGHAM 2026,United Kingdom 🇬🇧,2026,Female,ATHX,Endurance,,,,,,,3.816KM,4.85KM,35
36,Georgia Beasley & Katie Evans,ATHX BIRMINGHAM 2026,United Kingdom 🇬🇧,2026,Female,ATHX,Endurance,,,,,,,3.821KM,4.832KM,36
37,Louise Trodden & Jagjit Heer,ATHX BIRMINGHAM 2026,United Kingdom 🇬🇧,2026,Female,ATHX,Endurance,,,,,,,4.021KM,4.618KM,37
38,Mia Reay & Millie Fern,ATHX BIRMINGHAM 2026,United Kingdom 🇬🇧,2026,Female,ATHX,Endurance,,,,,,,3.75KM,4.886KM,38
39,tereza pilnackova & Roxane Long,ATHX BIRMINGHAM 2026,United Kingdom 🇬🇧,2026,Female,ATHX,Endurance,,,,,,,3.969KM,4.663KM,39
40,Olivia Hull & Charlie Wyn Williams,ATHX BIRMINGHAM 2026,United Kingdom 🇬🇧,2026,Female,ATHX,Endurance,,,,,,,3.5KM,5.122KM,40
41,Hannah Vogler & Carina Casey,ATHX BIRMINGHAM 2026,United Kingdom 🇬🇧,2026,Female,ATHX,Endurance,,,,,,,3.789KM,4.818KM,41
42,Naomi McGregor & Sarah Hall,ATHX BIRMINGHAM 2026,United Kingdom 🇬🇧,2026,Female,ATHX,Endurance,,,,,,,3.993KM,4.609KM,42
43,Sophie Dickinson & Zoe Attenborough,ATHX BIRMINGHAM 2026,United Kingdom 🇬🇧,2026,Female,ATHX,Endurance,,,,,,,3.734KM,4.867KM,43
44,Krystle Winfield & Holly De Caville,ATHX BIRMINGHAM 2026,United Kingdom 🇬🇧,2026,Female,ATHX,Endurance,,,,,,,3.52KM,5.076KM,44
45,Marion Andrey & Jessica Clarke,ATHX BIRMINGHAM 2026,United Kingdom 🇬🇧,2026,Female,ATHX,Endurance,,,,,,,3.75KM,4.836KM,45
46,Lauren O’Donnell & Kayleanne Payne,ATHX BIRMINGHAM 2026,United Kingdom 🇬🇧,2026,Female,ATHX,Endurance,,,,,,,3.721KM,4.863KM,46
47,Daneen Hughes & Kate Collett,ATHX BIRMINGHAM 2026,United Kingdom 🇬🇧,2026,Female,ATHX,Endurance,,,,,,,3.615KM,4.96KM,47
48,Katy Graham & Jen Bale,ATHX BIRMINGHAM 2026,United Kingdom 🇬🇧,2026,Female,ATHX,Endurance,,,,,,,3.526KM,5.023KM,48
49,Holly Espie & Reanne Francis,ATHX BIRMINGHAM 2026,United Kingdom 🇬🇧,2026,Female,ATHX,Endurance,,,,,,,3.75KM,4.793KM,49
50,Ella Savage & Anna Johnson,ATHX BIRMINGHAM 2026,United Kingdom 🇬🇧,2026,Female,ATHX,Endurance,,,,,,,3.85KM,4.687KM,50
51,Nicky Bliss & Anna Kedzierska,ATHX BIRMINGHAM 2026,United Kingdom 🇬🇧,2026,Female,ATHX,Endurance,,,,,,,3.512KM,5.023KM,51
52,Lucy  Hodgson & Ellie Gahan,ATHX BIRMINGHAM 2026,United Kingdom 🇬🇧,2026,Female,ATHX,Endurance,,,,,,,3.726KM,4.794KM,52
53,Hayley Leese & Emma Darlington,ATHX BIRMINGHAM 2026,United Kingdom 🇬🇧,2026,Female,ATHX,Endurance,,,,,,,3.559KM,4.959KM,53
54,Kelly Wedge & Gheri Ashcroft,ATHX BIRMINGHAM 2026,United Kingdom 🇬🇧,2026,Female,ATHX,Endurance,,,,,,,3.75KM,4.767KM,54
55,Noddy Burke & Hayley Roebuck,ATHX BIRMINGHAM 2026,United Kingdom 🇬🇧,2026,Female,ATHX,Endurance,,,,,,,3.543KM,4.965KM,55
56,Lucy Berry & Sophie Field,ATHX BIRMINGHAM 2026,United Kingdom 🇬🇧,2026,Female,ATHX,Endurance,,,,,,,3.382KM,5.104KM,56
57,Siobhan Thubron & Alana Birchall,ATHX BIRMINGHAM 2026,United Kingdom 🇬🇧,2026,Female,ATHX,Endurance,,,,,,,3.472KM,5.006KM,57
58,Dominique Childs & Sam Clarke,ATHX BIRMINGHAM 2026,United Kingdom 🇬🇧,2026,Female,ATHX,Endurance,,,,,,,3.75KM,4.727KM,58
59,Maddy Dawson & Hannah Gaves,ATHX BIRMINGHAM 2026,United Kingdom 🇬🇧,2026,Female,ATHX,Endurance,,,,,,,3.54KM,4.932KM,59
60,Rebecca Coleman & Adela Covaciu,ATHX BIRMINGHAM 2026,United Kingdom 🇬🇧,2026,Female,ATHX,Endurance,,,,,,,3.328KM,5.135KM,60
60,Laura Wilson & Beth Owen,ATHX BIRMINGHAM 2026,United Kingdom 🇬🇧,2026,Female,ATHX,Endurance,,,,,,,3.703KM,4.76KM,60
60,Lilly Webb & Ashley Barnes,ATHX BIRMINGHAM 2026,United Kingdom 🇬🇧,2026,Female,ATHX,Endurance,,,,,,,3.581KM,4.882KM,60
63,sharlene Greenwood & Claire Barron,ATHX BIRMINGHAM 2026,United Kingdom 🇬🇧,2026,Female,ATHX,Endurance,,,,,,,3.5KM,4.96KM,63
64,Grace Gurling & Sophie Harris,ATHX BIRMINGHAM 2026,United Kingdom 🇬🇧,2026,Female,ATHX,Endurance,,,,,,,3.5KM,4.957KM,64
65,Holly Heffron & Erin Healy,ATHX BIRMINGHAM 2026,United Kingdom 🇬🇧,2026,Female,ATHX,Endurance,,,,,,,3.849KM,4.604KM,65
65,Helen Terry & Laura Farmer,ATHX BIRMINGHAM 2026,United Kingdom 🇬🇧,2026,Female,ATHX,Endurance,,,,,,,3.626KM,4.827KM,65
67,Alex Withey & Faye Lewis,ATHX BIRMINGHAM 2026,United Kingdom 🇬🇧,2026,Female,ATHX,Endurance,,,,,,,3.337KM,5.107KM,67
68,Emma Jarvis & Charlotte Swarbrick,ATHX BIRMINGHAM 2026,United Kingdom 🇬🇧,2026,Female,ATHX,Endurance,,,,,,,3.75KM,4.692KM,68
68,Kirsten Hood & Simona Marinov,ATHX BIRMINGHAM 2026,United Kingdom 🇬🇧,2026,Female,ATHX,Endurance,,,,,,,3.329KM,5.113KM,68
70,Abigail Lockwood-Morris & Emily Higham,ATHX BIRMINGHAM 2026,United Kingdom 🇬🇧,2026,Female,ATHX,Endurance,,,,,,,3.75KM,4.689KM,70
71,Olivia Kreigenfeld & Pippa Watson,ATHX BIRMINGHAM 2026,United Kingdom 🇬🇧,2026,Female,ATHX,Endurance,,,,,,,3.607KM,4.827KM,71
72,Sally Scott & Liz Covino,ATHX BIRMINGHAM 2026,United Kingdom 🇬🇧,2026,Female,ATHX,Endurance,,,,,,,3.568KM,4.859KM,72
73,Sophy Wills & Beth Whapham,ATHX BIRMINGHAM 2026,United Kingdom 🇬🇧,2026,Female,ATHX,Endurance,,,,,,,3.698KM,4.725KM,73
74,Kerie Hale & Laura Taylor,ATHX BIRMINGHAM 2026,United Kingdom 🇬🇧,2026,Female,ATHX,Endurance,,,,,,,3.5KM,4.92KM,74
75,Kelsie Johnson & Esther Johnson,ATHX BIRMINGHAM 2026,United Kingdom 🇬🇧,2026,Female,ATHX,Endurance,,,,,,,3.552KM,4.857KM,75
76,Olivia Mole & Charlie Banyard,ATHX BIRMINGHAM 2026,United Kingdom 🇬🇧,2026,Female,ATHX,Endurance,,,,,,,3.481KM,4.912KM,76
77,Holly Barber & Natalka Prychidnyj,ATHX BIRMINGHAM 2026,United Kingdom 🇬🇧,2026,Female,ATHX,Endurance,,,,,,,3.75KM,4.64KM,77
78,Caitlin Borders & Lucy Craik,ATHX BIRMINGHAM 2026,United Kingdom 🇬🇧,2026,Female,ATHX,Endurance,,,,,,,3.476KM,4.904KM,78
79,Amy Brooks & Sarah Finbow,ATHX BIRMINGHAM 2026,United Kingdom 🇬🇧,2026,Female,ATHX,Endurance,,,,,,,3.593KM,4.78KM,79
80,Nicole Bradley & Stacey Gifford-Brown,ATHX BIRMINGHAM 2026,United Kingdom 🇬🇧,2026,Female,ATHX,Endurance,,,,,,,3.748KM,4.61KM,80
81,Kate Henderson & Elise bailey,ATHX BIRMINGHAM 2026,United Kingdom 🇬🇧,2026,Female,ATHX,Endurance,,,,,,,3.176KM,5.181KM,81
82,Marianna Lacinova & Lisa Haddock,ATHX BIRMINGHAM 2026,United Kingdom 🇬🇧,2026,Female,ATHX,Endurance,,,,,,,3.75KM,4.602KM,82
83,Laura Pearson & Jess Suthard,ATHX BIRMINGHAM 2026,United Kingdom 🇬🇧,2026,Female,ATHX,Endurance,,,,,,,3.498KM,4.843KM,83
84,Jenny Bourton & robyn Dentry,ATHX BIRMINGHAM 2026,United Kingdom 🇬🇧,2026,Female,ATHX,Endurance,,,,,,,3.725KM,4.604KM,84
85,Molly Hannafin & Jess Pearce,ATHX BIRMINGHAM 2026,United Kingdom 🇬🇧,2026,Female,ATHX,Endurance,,,,,,,3.534KM,4.794KM,85
86,Alice Torr & Rachel White,ATHX BIRMINGHAM 2026,United Kingdom 🇬🇧,2026,Female,ATHX,Endurance,,,,,,,3.457KM,4.858KM,86
87,Lucy Logan & Lucy Mcinerney,ATHX BIRMINGHAM 2026,United Kingdom 🇬🇧,2026,Female,ATHX,Endurance,,,,,,,3.511KM,4.803KM,87
88,Gemma Hole & Lauren Teasdale,ATHX BIRMINGHAM 2026,United Kingdom 🇬🇧,2026,Female,ATHX,Endurance,,,,,,,3.412KM,4.901KM,88
89,Anna Harvey & Joanne Motte,ATHX BIRMINGHAM 2026,United Kingdom 🇬🇧,2026,Female,ATHX,Endurance,,,,,,,3.055KM,5.24KM,89
90,Jenn Harris & Lucie Beech-Pickard,ATHX BIRMINGHAM 2026,United Kingdom 🇬🇧,2026,Female,ATHX,Endurance,,,,,,,3.087KM,5.188KM,90
91,Hayley Anderson & Gemma Dannatt,ATHX BIRMINGHAM 2026,United Kingdom 🇬🇧,2026,Female,ATHX,Endurance,,,,,,,3.485KM,4.779KM,91
92,Sandra Pugh & Kayleigh Afford,ATHX BIRMINGHAM 2026,United Kingdom 🇬🇧,2026,Female,ATHX,Endurance,,,,,,,3.25KM,4.998KM,92
93,Josie Meatyard & Lee Cousins,ATHX BIRMINGHAM 2026,United Kingdom 🇬🇧,2026,Female,ATHX,Endurance,,,,,,,3.75KM,4.489KM,93
94,Keren Bland & emma howitt,ATHX BIRMINGHAM 2026,United Kingdom 🇬🇧,2026,Female,ATHX,Endurance,,,,,,,3.382KM,4.85KM,94
94,Lauren Bowe & Anna Morley,ATHX BIRMINGHAM 2026,United Kingdom 🇬🇧,2026,Female,ATHX,Endurance,,,,,,,3.5KM,4.732KM,94
96,Sarah Harrison & Sarah Hardy,ATHX BIRMINGHAM 2026,United Kingdom 🇬🇧,2026,Female,ATHX,Endurance,,,,,,,3.562KM,4.664KM,96
97,Kate Parkman & Katrina Cross,ATHX BIRMINGHAM 2026,United Kingdom 🇬🇧,2026,Female,ATHX,Endurance,,,,,,,3.32KM,4.904KM,97
97,Lucy Williams & Robyn Ince,ATHX BIRMINGHAM 2026,United Kingdom 🇬🇧,2026,Female,ATHX,Endurance,,,,,,,3.365KM,4.859KM,97
99,Mia Tuik & Katie Cassidy,ATHX BIRMINGHAM 2026,United Kingdom 🇬🇧,2026,Female,ATHX,Endurance,,,,,,,3.307KM,4.901KM,99
100,Chenoa Ingram & Michelle Smith,ATHX BIRMINGHAM 2026,United Kingdom 🇬🇧,2026,Female,ATHX,Endurance,,,,,,,3.376KM,4.826KM,100
101,jody ward & Danni Mitchell,ATHX BIRMINGHAM 2026,United Kingdom 🇬🇧,2026,Female,ATHX,Endurance,,,,,,,3.671KM,4.52KM,101
102,Katie Wyartt & Kathryn Wilkes,ATHX BIRMINGHAM 2026,United Kingdom 🇬🇧,2026,Female,ATHX,Endurance,,,,,,,3.5KM,4.689KM,102
103,Ellen Whiteside & Gemma Deacon,ATHX BIRMINGHAM 2026,United Kingdom 🇬🇧,2026,Female,ATHX,Endurance,,,,,,,3.341KM,4.843KM,103
104,Emily Grehan & Emma Herlihy,ATHX BIRMINGHAM 2026,United Kingdom 🇬🇧,2026,Female,ATHX,Endurance,,,,,,,3.505KM,4.678KM,104
105,Adrianna Jackson & Rachel Gilbey,ATHX BIRMINGHAM 2026,United Kingdom 🇬🇧,2026,Female,ATHX,Endurance,,,,,,,3.437KM,4.738KM,105
106,Jo Clark & Emily Storey,ATHX BIRMINGHAM 2026,United Kingdom 🇬🇧,2026,Female,ATHX,Endurance,,,,,,,3.318KM,4.85KM,106
107,Gem COEL & Victoria Foote,ATHX BIRMINGHAM 2026,United Kingdom 🇬🇧,2026,Female,ATHX,Endurance,,,,,,,3.573KM,4.59KM,107
107,Danielle Wheadon & Talia Murphy,ATHX BIRMINGHAM 2026,United Kingdom 🇬🇧,2026,Female,ATHX,Endurance,,,,,,,3.227KM,4.936KM,107
109,Justine Leith & Sophie OConnor,ATHX BIRMINGHAM 2026,United Kingdom 🇬🇧,2026,Female,ATHX,Endurance,,,,,,,3.608KM,4.551KM,109
109,Aimee Waters & Chontelle Nightingale,ATHX BIRMINGHAM 2026,United Kingdom 🇬🇧,2026,Female,ATHX,Endurance,,,,,,,3.605KM,4.554KM,109
111,Polly Corner & Bethan Hewitt,ATHX BIRMINGHAM 2026,United Kingdom 🇬🇧,2026,Female,ATHX,Endurance,,,,,,,3.361KM,4.781KM,111
111,Narni Fulford & Kate Fewkes,ATHX BIRMINGHAM 2026,United Kingdom 🇬🇧,2026,Female,ATHX,Endurance,,,,,,,3.479KM,4.663KM,111
113,Louise Dadd & Sabrina Campbell,ATHX BIRMINGHAM 2026,United Kingdom 🇬🇧,2026,Female,ATHX,Endurance,,,,,,,3.533KM,4.608KM,113
114,Sophia Phillips & Nichola Hands,ATHX BIRMINGHAM 2026,United Kingdom 🇬🇧,2026,Female,ATHX,Endurance,,,,,,,3.371KM,4.768KM,114
115,Hannah Hadfield & Lily Reeve,ATHX BIRMINGHAM 2026,United Kingdom 🇬🇧,2026,Female,ATHX,Endurance,,,,,,,3.473KM,4.658KM,115
116,Elissa Adams & Anna Bryant,ATHX BIRMINGHAM 2026,United Kingdom 🇬🇧,2026,Female,ATHX,Endurance,,,,,,,3.963KM,4.16KM,116
117,Kirsty Mars & Dina Ali Al-Samawi,ATHX BIRMINGHAM 2026,United Kingdom 🇬🇧,2026,Female,ATHX,Endurance,,,,,,,3.75KM,4.368KM,117
118,Mary Jeffery & Amber Morris,ATHX BIRMINGHAM 2026,United Kingdom 🇬🇧,2026,Female,ATHX,Endurance,,,,,,,3.498KM,4.61KM,118
119,Felicity Arneaud & Gemma Square,ATHX BIRMINGHAM 2026,United Kingdom 🇬🇧,2026,Female,ATHX,Endurance,,,,,,,3.5KM,4.602KM,119
120,Ana Devis & Rebeca Espinar Alvarez,ATHX BIRMINGHAM 2026,United Kingdom 🇬🇧,2026,Female,ATHX,Endurance,,,,,,,3.34KM,4.753KM,120
121,Laura Panter & Sophie Wilkins,ATHX BIRMINGHAM 2026,United Kingdom 🇬🇧,2026,Female,ATHX,Endurance,,,,,,,3.75KM,4.34KM,121
122,Alex Miller & Millie Diamond,ATHX BIRMINGHAM 2026,United Kingdom 🇬🇧,2026,Female,ATHX,Endurance,,,,,,,3.165KM,4.922KM,122
123,Katie Donkin & Laura Marks,ATHX BIRMINGHAM 2026,United Kingdom 🇬🇧,2026,Female,ATHX,Endurance,,,,,,,3.352KM,4.728KM,123
124,Esther Dobie & Laura McLaren,ATHX BIRMINGHAM 2026,United Kingdom 🇬🇧,2026,Female,ATHX,Endurance,,,,,,,3.149KM,4.928KM,124
125,Aleksandra Ongley & Natalie Coates,ATHX BIRMINGHAM 2026,United Kingdom 🇬🇧,2026,Female,ATHX,Endurance,,,,,,,3.316KM,4.736KM,125
126,Michelle Smith & Hollie-Mai Smith,ATHX BIRMINGHAM 2026,United Kingdom 🇬🇧,2026,Female,ATHX,Endurance,,,,,,,3.161KM,4.886KM,126
126,Victoria Hazell & Katy Wicks,ATHX BIRMINGHAM 2026,United Kingdom 🇬🇧,2026,Female,ATHX,Endurance,,,,,,,3KM,5.047KM,126
128,faith hooper & Julia Messer,ATHX BIRMINGHAM 2026,United Kingdom 🇬🇧,2026,Female,ATHX,Endurance,,,,,,,3.16KM,4.872KM,128
129,Samantha Kayser & Jade Foxcroft,ATHX BIRMINGHAM 2026,United Kingdom 🇬🇧,2026,Female,ATHX,Endurance,,,,,,,3.351KM,4.675KM,129
130,Sophie Taylor & Jemma Mastrocristino,ATHX BIRMINGHAM 2026,United Kingdom 🇬🇧,2026,Female,ATHX,Endurance,,,,,,,3.338KM,4.679KM,130
131,Eloise Barnes & Kate Harvey,ATHX BIRMINGHAM 2026,United Kingdom 🇬🇧,2026,Female,ATHX,Endurance,,,,,,,3.458KM,4.557KM,131
132,Amy Taylor & Emily Rae,ATHX BIRMINGHAM 2026,United Kingdom 🇬🇧,2026,Female,ATHX,Endurance,,,,,,,3.337KM,4.677KM,132
132,Louise Tagg & Jessica Burbage,ATHX BIRMINGHAM 2026,United Kingdom 🇬🇧,2026,Female,ATHX,Endurance,,,,,,,3.083KM,4.931KM,132
134,Annie Ramage & Emily Frampton,ATHX BIRMINGHAM 2026,United Kingdom 🇬🇧,2026,Female,ATHX,Endurance,,,,,,,3.75KM,4.259KM,134
134,Jo Thorne & Hollie Sullivan,ATHX BIRMINGHAM 2026,United Kingdom 🇬🇧,2026,Female,ATHX,Endurance,,,,,,,3KM,5.009KM,134
136,Eva May & Alice Mee,ATHX BIRMINGHAM 2026,United Kingdom 🇬🇧,2026,Female,ATHX,Endurance,,,,,,,3.103KM,4.905KM,136
137,Robyn Laing & Isabella Yianni,ATHX BIRMINGHAM 2026,United Kingdom 🇬🇧,2026,Female,ATHX,Endurance,,,,,,,3.634KM,4.373KM,137
138,Duaa Mbuyi & Georgia Bowman,ATHX BIRMINGHAM 2026,United Kingdom 🇬🇧,2026,Female,ATHX,Endurance,,,,,,,3.171KM,4.833KM,138
139,Cherniece Plume & Nicola Beer,ATHX BIRMINGHAM 2026,United Kingdom 🇬🇧,2026,Female,ATHX,Endurance,,,,,,,3.53KM,4.46KM,139
139,Jennifer Wickwar & Darcie Chambers,ATHX BIRMINGHAM 2026,United Kingdom 🇬🇧,2026,Female,ATHX,Endurance,,,,,,,3.75KM,4.24KM,139
141,Kerry Chawko & Rachel Cawthorne,ATHX BIRMINGHAM 2026,United Kingdom 🇬🇧,2026,Female,ATHX,Endurance,,,,,,,3.417KM,4.568KM,141
142,amy Wood & Amy Buttar,ATHX BIRMINGHAM 2026,United Kingdom 🇬🇧,2026,Female,ATHX,Endurance,,,,,,,3.75KM,4.22KM,142
143,Zara Templeman & Karen Wrigjey,ATHX BIRMINGHAM 2026,United Kingdom 🇬🇧,2026,Female,ATHX,Endurance,,,,,,,3.544KM,4.425KM,143
144,Sophie Younghusband & Jasmine Williamson,ATHX BIRMINGHAM 2026,United Kingdom 🇬🇧,2026,Female,ATHX,Endurance,,,,,,,3.255KM,4.707KM,144
145,Cayla Vichot & Katherine Gaukroger,ATHX BIRMINGHAM 2026,United Kingdom 🇬🇧,2026,Female,ATHX,Endurance,,,,,,,3.689KM,4.272KM,145
146,Samantha Minnis & Jenni Page,ATHX BIRMINGHAM 2026,United Kingdom 🇬🇧,2026,Female,ATHX,Endurance,,,,,,,3.054KM,4.898KM,146
147,Joanne Lloyd & Tessa Wills,ATHX BIRMINGHAM 2026,United Kingdom 🇬🇧,2026,Female,ATHX,Endurance,,,,,,,3KM,4.95KM,147
148,Stephanie Shepherd & Isabelle Cross,ATHX BIRMINGHAM 2026,United Kingdom 🇬🇧,2026,Female,ATHX,Endurance,,,,,,,3.102KM,4.845KM,148
149,Ellie Hunt & Sarah Reeder,ATHX BIRMINGHAM 2026,United Kingdom 🇬🇧,2026,Female,ATHX,Endurance,,,,,,,3KM,4.944KM,149
150,Amanda Burton & Leonie Borland,ATHX BIRMINGHAM 2026,United Kingdom 🇬🇧,2026,Female,ATHX,Endurance,,,,,,,3.191KM,4.751KM,150
151,Christy Adetola & Rossi Campbell,ATHX BIRMINGHAM 2026,United Kingdom 🇬🇧,2026,Female,ATHX,Endurance,,,,,,,3.576KM,4.364KM,151
152,Jade Danes & Jody Brazel,ATHX BIRMINGHAM 2026,United Kingdom 🇬🇧,2026,Female,ATHX,Endurance,,,,,,,3.217KM,4.721KM,152
153,Katie Ferraby & Sarah Page,ATHX BIRMINGHAM 2026,United Kingdom 🇬🇧,2026,Female,ATHX,Endurance,,,,,,,3.75KM,4.187KM,153
154,Kirsty Patterson & Shiona Gibson,ATHX BIRMINGHAM 2026,United Kingdom 🇬🇧,2026,Female,ATHX,Endurance,,,,,,,3.348KM,4.588KM,154
155,Martha Eason & Taryn Porteous,ATHX BIRMINGHAM 2026,United Kingdom 🇬🇧,2026,Female,ATHX,Endurance,,,,,,,3.75KM,4.183KM,155
156,Simone Beasant & Chantelle Dorsett,ATHX BIRMINGHAM 2026,United Kingdom 🇬🇧,2026,Female,ATHX,Endurance,,,,,,,3.098KM,4.824KM,156
157,Michaela Corbett & Charlotte Smith,ATHX BIRMINGHAM 2026,United Kingdom 🇬🇧,2026,Female,ATHX,Endurance,,,,,,,3.052KM,4.847KM,157
158,Megan Bride & Isabel Brown,ATHX BIRMINGHAM 2026,United Kingdom 🇬🇧,2026,Female,ATHX,Endurance,,,,,,,3KM,4.898KM,158
159,Lauren Lawson & Olivia Tutton,ATHX BIRMINGHAM 2026,United Kingdom 🇬🇧,2026,Female,ATHX,Endurance,,,,,,,3KM,4.895KM,159
160,Holly James & Lorna Kelly,ATHX BIRMINGHAM 2026,United Kingdom 🇬🇧,2026,Female,ATHX,Endurance,,,,,,,3.007KM,4.887KM,160
161,Lizze Chan-Foxley & Chardine Roberts,ATHX BIRMINGHAM 2026,United Kingdom 🇬🇧,2026,Female,ATHX,Endurance,,,,,,,3.301KM,4.587KM,161
162,Courteney Toombs & Sophie Wombell,ATHX BIRMINGHAM 2026,United Kingdom 🇬🇧,2026,Female,ATHX,Endurance,,,,,,,3.454KM,4.432KM,162
163,Alice Tocknell & Molly Hemming,ATHX BIRMINGHAM 2026,United Kingdom 🇬🇧,2026,Female,ATHX,Endurance,,,,,,,3.066KM,4.809KM,163
164,Ellie Tennant & Izzy Wright,ATHX BIRMINGHAM 2026,United Kingdom 🇬🇧,2026,Female,ATHX,Endurance,,,,,,,3.423KM,4.443KM,164
165,Bethany Mackrell & poppy mcneill,ATHX BIRMINGHAM 2026,United Kingdom 🇬🇧,2026,Female,ATHX,Endurance,,,,,,,3.5KM,4.364KM,165
166,Stephanie Poulter & Katie Truscott-Howell,ATHX BIRMINGHAM 2026,United Kingdom 🇬🇧,2026,Female,ATHX,Endurance,,,,,,,3.494KM,4.365KM,166
167,charlotte pengilly & Aimee Sussex,ATHX BIRMINGHAM 2026,United Kingdom 🇬🇧,2026,Female,ATHX,Endurance,,,,,,,3KM,4.858KM,167
168,Hannah Lattin & Hayley Towell,ATHX BIRMINGHAM 2026,United Kingdom 🇬🇧,2026,Female,ATHX,Endurance,,,,,,,3KM,4.842KM,168
169,Katie Lambert & Georgia Mizen,ATHX BIRMINGHAM 2026,United Kingdom 🇬🇧,2026,Female,ATHX,Endurance,,,,,,,3.18KM,4.66KM,169
170,Naomi Cook & Angela Pannett,ATHX BIRMINGHAM 2026,United Kingdom 🇬🇧,2026,Female,ATHX,Endurance,,,,,,,3.378KM,4.458KM,170
171,Sarah Mackay & Sophie Metcalfe,ATHX BIRMINGHAM 2026,United Kingdom 🇬🇧,2026,Female,ATHX,Endurance,,,,,,,3.398KM,4.437KM,171
172,Georgia Day & Sophie Fleming,ATHX BIRMINGHAM 2026,United Kingdom 🇬🇧,2026,Female,ATHX,Endurance,,,,,,,3.75KM,4.078KM,172
173,Louise Thalemann & victoria bulgin,ATHX BIRMINGHAM 2026,United Kingdom 🇬🇧,2026,Female,ATHX,Endurance,,,,,,,3.153KM,4.674KM,173
173,Kerry Sudale & Lauren Steadman,ATHX BIRMINGHAM 2026,United Kingdom 🇬🇧,2026,Female,ATHX,Endurance,,,,,,,3.185KM,4.642KM,173
175,Ellena Murray & Julie Pritchett,ATHX BIRMINGHAM 2026,United Kingdom 🇬🇧,2026,Female,ATHX,Endurance,,,,,,,3.136KM,4.689KM,175
176,Hannah Smith & Emma Wagstaff,ATHX BIRMINGHAM 2026,United Kingdom 🇬🇧,2026,Female,ATHX,Endurance,,,,,,,3.559KM,4.26KM,176
177,Deasha Waddup & Hannah Mills,ATHX BIRMINGHAM 2026,United Kingdom 🇬🇧,2026,Female,ATHX,Endurance,,,,,,,3.123KM,4.691KM,177
178,Charlotte Preston & Rachel Walker,ATHX BIRMINGHAM 2026,United Kingdom 🇬🇧,2026,Female,ATHX,Endurance,,,,,,,2.985KM,4.827KM,178
179,Chloe Winterbourne & Jenny Southey,ATHX BIRMINGHAM 2026,United Kingdom 🇬🇧,2026,Female,ATHX,Endurance,,,,,,,3.126KM,4.681KM,179
180,Cristina Ferreira & Claire Davison,ATHX BIRMINGHAM 2026,United Kingdom 🇬🇧,2026,Female,ATHX,Endurance,,,,,,,3KM,4.805KM,180
181,Georgia Thomas & Gemma Hughes,ATHX BIRMINGHAM 2026,United Kingdom 🇬🇧,2026,Female,ATHX,Endurance,,,,,,,3.4KM,4.401KM,181
182,Georgie Habash & Harriet Stuart,ATHX BIRMINGHAM 2026,United Kingdom 🇬🇧,2026,Female,ATHX,Endurance,,,,,,,3.499KM,4.294KM,182
183,Megan Wade & Grace Larcombe,ATHX BIRMINGHAM 2026,United Kingdom 🇬🇧,2026,Female,ATHX,Endurance,,,,,,,3KM,4.792KM,183
184,Liz Davies & Lucy Smith,ATHX BIRMINGHAM 2026,United Kingdom 🇬🇧,2026,Female,ATHX,Endurance,,,,,,,2.9KM,4.89KM,184
185,Johanna Burge & Christie Lewis-Adefope,ATHX BIRMINGHAM 2026,United Kingdom 🇬🇧,2026,Female,ATHX,Endurance,,,,,,,3.339KM,4.45KM,185
186,Kelly Woolley & April Strong,ATHX BIRMINGHAM 2026,United Kingdom 🇬🇧,2026,Female,ATHX,Endurance,,,,,,,3.289KM,4.499KM,186
187,Natalie Walker & Fiona Aitchison,ATHX BIRMINGHAM 2026,United Kingdom 🇬🇧,2026,Female,ATHX,Endurance,,,,,,,3.407KM,4.38KM,187
188,Lou Osment & Kimberly Mills,ATHX BIRMINGHAM 2026,United Kingdom 🇬🇧,2026,Female,ATHX,Endurance,,,,,,,3.161KM,4.621KM,188
189,Louise Emmott & Abby Varga,ATHX BIRMINGHAM 2026,United Kingdom 🇬🇧,2026,Female,ATHX,Endurance,,,,,,,3.524KM,4.226KM,189
189,Kirsty Taylor & Georgina Rowley,ATHX BIRMINGHAM 2026,United Kingdom 🇬🇧,2026,Female,ATHX,Endurance,,,,,,,3.254KM,4.496KM,189
191,Hollie Stephenson & Mel Strong,ATHX BIRMINGHAM 2026,United Kingdom 🇬🇧,2026,Female,ATHX,Endurance,,,,,,,3.088KM,4.66KM,191
192,Emma Turner & Rebecca Hewett,ATHX BIRMINGHAM 2026,United Kingdom 🇬🇧,2026,Female,ATHX,Endurance,,,,,,,3.111KM,4.633KM,192
193,Louise Hynes & Jade Rivers,ATHX BIRMINGHAM 2026,United Kingdom 🇬🇧,2026,Female,ATHX,Endurance,,,,,,,3KM,4.741KM,193
194,Alexandra Pope & Heather Fitzsimmons,ATHX BIRMINGHAM 2026,United Kingdom 🇬🇧,2026,Female,ATHX,Endurance,,,,,,,2.976KM,4.764KM,194
195,Hannah Baldwin & Katie Gilman-Abel,ATHX BIRMINGHAM 2026,United Kingdom 🇬🇧,2026,Female,ATHX,Endurance,,,,,,,3.169KM,4.567KM,195
196,Emma Traherne & Jodie Cole,ATHX BIRMINGHAM 2026,United Kingdom 🇬🇧,2026,Female,ATHX,Endurance,,,,,,,3KM,4.73KM,196
197,Lisa Henderson & Becky Lennox,ATHX BIRMINGHAM 2026,United Kingdom 🇬🇧,2026,Female,ATHX,Endurance,,,,,,,3KM,4.724KM,197
198,Charlie Williams & Jennifer Birkby,ATHX BIRMINGHAM 2026,United Kingdom 🇬🇧,2026,Female,ATHX,Endurance,,,,,,,3.547KM,4.176KM,198
199,Kat Malinowska & Jo Hayes,ATHX BIRMINGHAM 2026,United Kingdom 🇬🇧,2026,Female,ATHX,Endurance,,,,,,,3.258KM,4.464KM,199
200,Katie Kenney & Zoe Powney,ATHX BIRMINGHAM 2026,United Kingdom 🇬🇧,2026,Female,ATHX,Endurance,,,,,,,3.5KM,4.221KM,200
201,Sonia Jones & Sammie Lloyd,ATHX BIRMINGHAM 2026,United Kingdom 🇬🇧,2026,Female,ATHX,Endurance,,,,,,,3.261KM,4.447KM,201
202,Emma Arlow & Andi Seago,ATHX BIRMINGHAM 2026,United Kingdom 🇬🇧,2026,Female,ATHX,Endurance,,,,,,,3KM,4.7KM,202
202,Ceri Littlechild & Alex Gould,ATHX BIRMINGHAM 2026,United Kingdom 🇬🇧,2026,Female,ATHX,Endurance,,,,,,,3KM,4.7KM,202
204,Jen Beattie & Kath Stephens,ATHX BIRMINGHAM 2026,United Kingdom 🇬🇧,2026,Female,ATHX,Endurance,,,,,,,2.758KM,4.914KM,204
205,Amy Lynex & Teresa Waplington,ATHX BIRMINGHAM 2026,United Kingdom 🇬🇧,2026,Female,ATHX,Endurance,,,,,,,3KM,4.664KM,205
206,Laura Wright & Laura Neave,ATHX BIRMINGHAM 2026,United Kingdom 🇬🇧,2026,Female,ATHX,Endurance,,,,,,,3KM,4.654KM,206
207,Harriet Elias & Grace Mendonca,ATHX BIRMINGHAM 2026,United Kingdom 🇬🇧,2026,Female,ATHX,Endurance,,,,,,,3KM,4.647KM,207
208,Karen Stephens & Amanda Williams,ATHX BIRMINGHAM 2026,United Kingdom 🇬🇧,2026,Female,ATHX,Endurance,,,,,,,3.023KM,4.619KM,208
209,Rebecca  Beaumont & Sophie Gager,ATHX BIRMINGHAM 2026,United Kingdom 🇬🇧,2026,Female,ATHX,Endurance,,,,,,,2.862KM,4.766KM,209
210,Rishonah Ronaldson & Hannah McMillan,ATHX BIRMINGHAM 2026,United Kingdom 🇬🇧,2026,Female,ATHX,Endurance,,,,,,,3KM,4.624KM,210
211,Lily Illingworth-Turner & Caitlin Washington,ATHX BIRMINGHAM 2026,United Kingdom 🇬🇧,2026,Female,ATHX,Endurance,,,,,,,3.108KM,4.515KM,211
212,Leonnie Stanyon & Megan Gregory,ATHX BIRMINGHAM 2026,United Kingdom 🇬🇧,2026,Female,ATHX,Endurance,,,,,,,3.374KM,4.242KM,212
212,Natalie Williams & Leah Jennings,ATHX BIRMINGHAM 2026,United Kingdom 🇬🇧,2026,Female,ATHX,Endurance,,,,,,,3.216KM,4.4KM,212
214,Michelle Jones & Verity Gooding,ATHX BIRMINGHAM 2026,United Kingdom 🇬🇧,2026,Female,ATHX,Endurance,,,,,,,3.077KM,4.535KM,214
215,Kam wab & Romy Jones,ATHX BIRMINGHAM 2026,United Kingdom 🇬🇧,2026,Female,ATHX,Endurance,,,,,,,2.934KM,4.67KM,215
216,Isobel Lloyd-Morris & Abigail Lloyd-morris,ATHX BIRMINGHAM 2026,United Kingdom 🇬🇧,2026,Female,ATHX,Endurance,,,,,,,3.109KM,4.485KM,216
217,Rebecca Barrow & Gemma Sharples,ATHX BIRMINGHAM 2026,United Kingdom 🇬🇧,2026,Female,ATHX,Endurance,,,,,,,2.81KM,4.773KM,217
218,Chloe Morgan & Neha Vadhvana,ATHX BIRMINGHAM 2026,United Kingdom 🇬🇧,2026,Female,ATHX,Endurance,,,,,,,3.426KM,4.156KM,218
219,vicki valentine & Cori Dempster,ATHX BIRMINGHAM 2026,United Kingdom 🇬🇧,2026,Female,ATHX,Endurance,,,,,,,2.912KM,4.667KM,219
220,Charlotte Sweeney & Donna Wright,ATHX BIRMINGHAM 2026,United Kingdom 🇬🇧,2026,Female,ATHX,Endurance,,,,,,,2.926KM,4.649KM,220
221,Angela Wood & Em Crawford,ATHX BIRMINGHAM 2026,United Kingdom 🇬🇧,2026,Female,ATHX,Endurance,,,,,,,2.816KM,4.756KM,221
221,Sara Robinson & Jade Thomas,ATHX BIRMINGHAM 2026,United Kingdom 🇬🇧,2026,Female,ATHX,Endurance,,,,,,,3.311KM,4.261KM,221
223,Grace Leadbeater & Emma Minshall,ATHX BIRMINGHAM 2026,United Kingdom 🇬🇧,2026,Female,ATHX,Endurance,,,,,,,3.517KM,4.054KM,223
224,Liz Malpass & Emily Savage,ATHX BIRMINGHAM 2026,United Kingdom 🇬🇧,2026,Female,ATHX,Endurance,,,,,,,3KM,4.564KM,224
225,Maria Olaya & Claudia Jolonch,ATHX BIRMINGHAM 2026,United Kingdom 🇬🇧,2026,Female,ATHX,Endurance,,,,,,,3.199KM,4.363KM,225
226,Rebecca Mclaurin & Helen Austin,ATHX BIRMINGHAM 2026,United Kingdom 🇬🇧,2026,Female,ATHX,Endurance,,,,,,,3KM,4.558KM,226
227,Lorena Carretero Moreno & Veronika Fajksova,ATHX BIRMINGHAM 2026,United Kingdom 🇬🇧,2026,Female,ATHX,Endurance,,,,,,,3.065KM,4.482KM,227
228,Alex alexkarenlord572@gmail.com & Lisa Sweeney,ATHX BIRMINGHAM 2026,United Kingdom 🇬🇧,2026,Female,ATHX,Endurance,,,,,,,3KM,4.545KM,228
229,Bryony Creighton & Jade Roberts,ATHX BIRMINGHAM 2026,United Kingdom 🇬🇧,2026,Female,ATHX,Endurance,,,,,,,3.029KM,4.514KM,229
230,Sarah Edmonds & Lisa Miller,ATHX BIRMINGHAM 2026,United Kingdom 🇬🇧,2026,Female,ATHX,Endurance,,,,,,,3KM,4.536KM,230
231,Lucy King & Sian Jones,ATHX BIRMINGHAM 2026,United Kingdom 🇬🇧,2026,Female,ATHX,Endurance,,,,,,,3.061KM,4.474KM,231
232,Charlotte Ayres & Jenna Gutteridge,ATHX BIRMINGHAM 2026,United Kingdom 🇬🇧,2026,Female,ATHX,Endurance,,,,,,,2.932KM,4.6KM,232
233,Lynn Bertenshaw & Caitlin Callan,ATHX BIRMINGHAM 2026,United Kingdom 🇬🇧,2026,Female,ATHX,Endurance,,,,,,,2.98KM,4.546KM,233
233,Shelley Dell & Megan Dell,ATHX BIRMINGHAM 2026,United Kingdom 🇬🇧,2026,Female,ATHX,Endurance,,,,,,,3.011KM,4.515KM,233
235,Ebony Dear & Haley Hills,ATHX BIRMINGHAM 2026,United Kingdom 🇬🇧,2026,Female,ATHX,Endurance,,,,,,,3.148KM,4.369KM,235
236,Lauren Moss & Emma Hatfield,ATHX BIRMINGHAM 2026,United Kingdom 🇬🇧,2026,Female,ATHX,Endurance,,,,,,,3KM,4.514KM,236
237,Hazel Hartley & Victoria Crisp,ATHX BIRMINGHAM 2026,United Kingdom 🇬🇧,2026,Female,ATHX,Endurance,,,,,,,2.973KM,4.537KM,237
238,Elizabeth Whitehouse & Sy-Anne Holden,ATHX BIRMINGHAM 2026,United Kingdom 🇬🇧,2026,Female,ATHX,Endurance,,,,,,,3KM,4.503KM,238
239,Vicky Scales & Lauren Weston,ATHX BIRMINGHAM 2026,United Kingdom 🇬🇧,2026,Female,ATHX,Endurance,,,,,,,3KM,4.493KM,239
240,Charlie Kimberley & Libby-Jade Cooper,ATHX BIRMINGHAM 2026,United Kingdom 🇬🇧,2026,Female,ATHX,Endurance,,,,,,,3.193KM,4.297KM,240
241,Joanne Orsmond & Anna Alderton,ATHX BIRMINGHAM 2026,United Kingdom 🇬🇧,2026,Female,ATHX,Endurance,,,,,,,3.052KM,4.427KM,241
242,Hannah de Main & Mickey Peacock,ATHX BIRMINGHAM 2026,United Kingdom 🇬🇧,2026,Female,ATHX,Endurance,,,,,,,2.909KM,4.552KM,242
243,Carla Hall & Lucy Hilsden,ATHX BIRMINGHAM 2026,United Kingdom 🇬🇧,2026,Female,ATHX,Endurance,,,,,,,2.75KM,4.702KM,243
244,Molly Poulton & Ellie Leech,ATHX BIRMINGHAM 2026,United Kingdom 🇬🇧,2026,Female,ATHX,Endurance,,,,,,,3KM,4.442KM,244
245,Suzy Judd & Helen Westwood,ATHX BIRMINGHAM 2026,United Kingdom 🇬🇧,2026,Female,ATHX,Endurance,,,,,,,2.917KM,4.519KM,245
246,Georgia Brown & Mick Peters,ATHX BIRMINGHAM 2026,United Kingdom 🇬🇧,2026,Female,ATHX,Endurance,,,,,,,3KM,4.435KM,246
246,Chloe Longstaff & Carrie-Anne Rice,ATHX BIRMINGHAM 2026,United Kingdom 🇬🇧,2026,Female,ATHX,Endurance,,,,,,,3KM,4.435KM,246
248,Katherine Ivey & Cliona Beirne,ATHX BIRMINGHAM 2026,United Kingdom 🇬🇧,2026,Female,ATHX,Endurance,,,,,,,3.017KM,4.414KM,248
249,Jasmine Garner & sharen panesar,ATHX BIRMINGHAM 2026,United Kingdom 🇬🇧,2026,Female,ATHX,Endurance,,,,,,,3.143KM,4.284KM,249
250,Rachel Plumridge & Alyshia Wood,ATHX BIRMINGHAM 2026,United Kingdom 🇬🇧,2026,Female,ATHX,Endurance,,,,,,,2.738KM,4.687KM,250
251,Neeta Rana & Keri Chappell,ATHX BIRMINGHAM 2026,United Kingdom 🇬🇧,2026,Female,ATHX,Endurance,,,,,,,3.317KM,4.092KM,251
251,Naomi Alesbury & Becky Hall,ATHX BIRMINGHAM 2026,United Kingdom 🇬🇧,2026,Female,ATHX,Endurance,,,,,,,3.072KM,4.337KM,251
253,Nicola Davidson & Sarah Watson,ATHX BIRMINGHAM 2026,United Kingdom 🇬🇧,2026,Female,ATHX,Endurance,,,,,,,3.011KM,4.382KM,253
254,laura carter & Ellie Rowley,ATHX BIRMINGHAM 2026,United Kingdom 🇬🇧,2026,Female,ATHX,Endurance,,,,,,,2.99KM,4.402KM,254
255,Cherie Sykes & Evie Sykes,ATHX BIRMINGHAM 2026,United Kingdom 🇬🇧,2026,Female,ATHX,Endurance,,,,,,,3.11KM,4.279KM,255
256,Carly Rees & Kirsty Bowen-Davies,ATHX BIRMINGHAM 2026,United Kingdom 🇬🇧,2026,Female,ATHX,Endurance,,,,,,,3.031KM,4.355KM,256
257,Bethan Williams & Harriet Evans,ATHX BIRMINGHAM 2026,United Kingdom 🇬🇧,2026,Female,ATHX,Endurance,,,,,,,2.941KM,4.423KM,257
258,Lucy Griffin & Daniiella-Sophia Turner,ATHX BIRMINGHAM 2026,United Kingdom 🇬🇧,2026,Female,ATHX,Endurance,,,,,,,3.273KM,4.081KM,258
259,Nicola Harrison & emma beardshaw,ATHX BIRMINGHAM 2026,United Kingdom 🇬🇧,2026,Female,ATHX,Endurance,,,,,,,2.815KM,4.535KM,259
260,Edesili Obetoh & Afrika Morris,ATHX BIRMINGHAM 2026,United Kingdom 🇬🇧,2026,Female,ATHX,Endurance,,,,,,,3.33KM,4.007KM,260
261,Lucy Watson & Bayley Archer,ATHX BIRMINGHAM 2026,United Kingdom 🇬🇧,2026,Female,ATHX,Endurance,,,,,,,3.05KM,4.279KM,261
262,Hannah Black & Alice Nolan,ATHX BIRMINGHAM 2026,United Kingdom 🇬🇧,2026,Female,ATHX,Endurance,,,,,,,2.989KM,4.326KM,262
263,Joanne Bowman & Emma Tregellas,ATHX BIRMINGHAM 2026,United Kingdom 🇬🇧,2026,Female,ATHX,Endurance,,,,,,,3KM,4.307KM,263
264,Eni Adeyemo & Jennifer Panaki,ATHX BIRMINGHAM 2026,United Kingdom 🇬🇧,2026,Female,ATHX,Endurance,,,,,,,3.047KM,4.253KM,264
265,Ffion Robinson & harriet vizard,ATHX BIRMINGHAM 2026,United Kingdom 🇬🇧,2026,Female,ATHX,Endurance,,,,,,,2.967KM,4.331KM,265
266,Micayla Telfer & Tereza Illikova,ATHX BIRMINGHAM 2026,United Kingdom 🇬🇧,2026,Female,ATHX,Endurance,,,,,,,2.889KM,4.361KM,266
267,Jenna Attwood & Nancy West,ATHX BIRMINGHAM 2026,United Kingdom 🇬🇧,2026,Female,ATHX,Endurance,,,,,,,2.75KM,4.491KM,267
268,Charli Gale & Chantalle Shaw,ATHX BIRMINGHAM 2026,United Kingdom 🇬🇧,2026,Female,ATHX,Endurance,,,,,,,2.856KM,4.382KM,268
269,Jennifer Campbell & Eugenia Polo Pascual,ATHX BIRMINGHAM 2026,United Kingdom 🇬🇧,2026,Female,ATHX,Endurance,,,,,,,3KM,4.237KM,269
270,Emma Cox & Tina Woodham,ATHX BIRMINGHAM 2026,United Kingdom 🇬🇧,2026,Female,ATHX,Endurance,,,,,,,3KM,4.231KM,270
271,chelsea ogrady & Bongiwe Sibanda,ATHX BIRMINGHAM 2026,United Kingdom 🇬🇧,2026,Female,ATHX,Endurance,,,,,,,2.912KM,4.309KM,271
271,Neve Snelgrove & Stephanie Gaunt,ATHX BIRMINGHAM 2026,United Kingdom 🇬🇧,2026,Female,ATHX,Endurance,,,,,,,2.936KM,4.285KM,271
273,Ann Merchant & Rebecca Eisenberg,ATHX BIRMINGHAM 2026,United Kingdom 🇬🇧,2026,Female,ATHX,Endurance,,,,,,,2.914KM,4.306KM,273
274,Dominique Harley & Fiola Woodley,ATHX BIRMINGHAM 2026,United Kingdom 🇬🇧,2026,Female,ATHX,Endurance,,,,,,,3.466KM,3.746KM,274
275,Billie Jordan & Kiara Gascoigne,ATHX BIRMINGHAM 2026,United Kingdom 🇬🇧,2026,Female,ATHX,Endurance,,,,,,,3KM,4.207KM,275
276,Eleanor Dundon & Olivia Reynolds,ATHX BIRMINGHAM 2026,United Kingdom 🇬🇧,2026,Female,ATHX,Endurance,,,,,,,3KM,4.179KM,276
277,Sarah Gray & Gemma Shaw,ATHX BIRMINGHAM 2026,United Kingdom 🇬🇧,2026,Female,ATHX,Endurance,,,,,,,2.825KM,4.346KM,277
278,Ellie Hall & Emma Odeneal,ATHX BIRMINGHAM 2026,United Kingdom 🇬🇧,2026,Female,ATHX,Endurance,,,,,,,2.835KM,4.318KM,278
279,Tess Bateman & Louise Hillyer,ATHX BIRMINGHAM 2026,United Kingdom 🇬🇧,2026,Female,ATHX,Endurance,,,,,,,3.044KM,4.106KM,279
280,Ellie Potter & Alice Ingham,ATHX BIRMINGHAM 2026,United Kingdom 🇬🇧,2026,Female,ATHX,Endurance,,,,,,,2.679KM,4.438KM,280
281,Michelle Owens & Courtney Newbould,ATHX BIRMINGHAM 2026,United Kingdom 🇬🇧,2026,Female,ATHX,Endurance,,,,,,,2.85KM,4.198KM,281
282,Kathryn Jackson & Angel Membury,ATHX BIRMINGHAM 2026,United Kingdom 🇬🇧,2026,Female,ATHX,Endurance,,,,,,,2.684KM,4.363KM,282
283,Kellie Searle & Becky Cox,ATHX BIRMINGHAM 2026,United Kingdom 🇬🇧,2026,Female,ATHX,Endurance,,,,,,,2.564KM,4.479KM,283
283,Abbie Stead & Emma stead,ATHX BIRMINGHAM 2026,United Kingdom 🇬🇧,2026,Female,ATHX,Endurance,,,,,,,2.944KM,4.099KM,283
285,Danielle Fuller & Holly Haynes,ATHX BIRMINGHAM 2026,United Kingdom 🇬🇧,2026,Female,ATHX,Endurance,,,,,,,2.904KM,4.134KM,285
286,Lauryn Hallett & Steffi Saunders,ATHX BIRMINGHAM 2026,United Kingdom 🇬🇧,2026,Female,ATHX,Endurance,,,,,,,2.722KM,4.304KM,286
287,Rikke Hansen & Maria Hansen,ATHX BIRMINGHAM 2026,United Kingdom 🇬🇧,2026,Female,ATHX,Endurance,,,,,,,3KM,3.998KM,287
288,Amy Plawes & Kayleigh Wade,ATHX BIRMINGHAM 2026,United Kingdom 🇬🇧,2026,Female,ATHX,Endurance,,,,,,,2.952KM,4.038KM,288
289,Jo Hindmarch & Gaynor Macaulay,ATHX BIRMINGHAM 2026,United Kingdom 🇬🇧,2026,Female,ATHX,Endurance,,,,,,,2.963KM,3.994KM,289
290,Hollie Bass & Sarah Dilkes,ATHX BIRMINGHAM 2026,United Kingdom 🇬🇧,2026,Female,ATHX,Endurance,,,,,,,2.756KM,4.104KM,290
291,Cemile Turker & Kvanta Buasri,ATHX BIRMINGHAM 2026,United Kingdom 🇬🇧,2026,Female,ATHX,Endurance,,,,,,,2.504KM,4.335KM,291
292,Karen Maxwell & Alison Ware,ATHX BIRMINGHAM 2026,United Kingdom 🇬🇧,2026,Female,ATHX,Endurance,,,,,,,2.591KM,4.236KM,292
293,Nina Forte & Shelley White,ATHX BIRMINGHAM 2026,United Kingdom 🇬🇧,2026,Female,ATHX,Endurance,,,,,,,3.043KM,3.757KM,293
294,Kirsten Walker & Davina Toofan,ATHX BIRMINGHAM 2026,United Kingdom 🇬🇧,2026,Female,ATHX,Endurance,,,,,,,2.761KM,4.019KM,294
295,Lisa Ramsawak & Tara Maguire,ATHX BIRMINGHAM 2026,United Kingdom 🇬🇧,2026,Female,ATHX,Endurance,,,,,,,2.998KM,3.757KM,295
296,Alyeah larose Abreu & Stevie Paintin,ATHX BIRMINGHAM 2026,United Kingdom 🇬🇧,2026,Female,ATHX,Endurance,,,,,,,3.166KM,3.585KM,296
297,Emily Carey-Smith & Kelly Heath,ATHX BIRMINGHAM 2026,United Kingdom 🇬🇧,2026,Female,ATHX,Endurance,,,,,,,2.733KM,3.803KM,297
298,Jodie Holmes & Ashton Winsor,ATHX BIRMINGHAM 2026,United Kingdom 🇬🇧,2026,Female,ATHX,Endurance,,,,,,,2.339KM,4.068KM,298
299,Milly Louch & Meera Shah,ATHX BIRMINGHAM 2026,United Kingdom 🇬🇧,2026,Female,ATHX,Endurance,,,,,,,2.26KM,3.969KM,299
300,Lois Yawson & Kanke Ishaku,ATHX BIRMINGHAM 2026,United Kingdom 🇬🇧,2026,Female,ATHX,Endurance,,,,,,,2.307KM,3.567KM,300
301,Alana Love & Holly Prendergast,ATHX BIRMINGHAM 2026,United Kingdom 🇬🇧,2026,Female,ATHX,Endurance,,,,,,,2.304KM,3.544KM,301
1,James Whyte & Sam Faulkes,ATHX BIRMINGHAM 2026,United Kingdom 🇬🇧,2026,Male,ATHX Lite,Strength,,,,135KG,260KG,270KG,,,1
2,Sivesh Kathir Kamarajah & Michael Bahrami-Hessari,ATHX BIRMINGHAM 2026,United Kingdom 🇬🇧,2026,Male,ATHX Lite,Strength,,,,130KG,250KG,260KG,,,2
3,Craig Elswood & Michael Quick,ATHX BIRMINGHAM 2026,United Kingdom 🇬🇧,2026,Male,ATHX Lite,Strength,,,,103KG,230KG,260KG,,,3
4,Jamie Barnes & Thomas Potts,ATHX BIRMINGHAM 2026,United Kingdom 🇬🇧,2026,Male,ATHX Lite,Strength,,,,110KG,206KG,268KG,,,4
5,Darren Gardner & Daniel Baker,ATHX BIRMINGHAM 2026,United Kingdom 🇬🇧,2026,Male,ATHX Lite,Strength,,,,108KG,185KG,260KG,,,5
6,James King & Patrick O'Boyle,ATHX BIRMINGHAM 2026,United Kingdom 🇬🇧,2026,Male,ATHX Lite,Strength,,,,115KG,160KG,260KG,,,6
7,Martin Carvalho & Alex Gale,ATHX BIRMINGHAM 2026,United Kingdom 🇬🇧,2026,Male,ATHX Lite,Strength,,,,108KG,180KG,240KG,,,7
8,Paul Wilkerson & Ben Cazot,ATHX BIRMINGHAM 2026,United Kingdom 🇬🇧,2026,Male,ATHX Lite,Strength,,,,100KG,170KG,230KG,,,8
9,Soroosh Jabari & Shashi Patel,ATHX BIRMINGHAM 2026,United Kingdom 🇬🇧,2026,Male,ATHX Lite,Strength,,,,83KG,155KG,185KG,,,9
1,Alfie Burton & Taryn Skinner,ATHX BIRMINGHAM 2026,United Kingdom 🇬🇧,2026,Male,ATHX Pro,Endurance,,,,,,,4.885KM,6.219KM,1
2,Alex Campbell & Joe Martin,ATHX BIRMINGHAM 2026,United Kingdom 🇬🇧,2026,Male,ATHX Pro,Endurance,,,,,,,4.567KM,5.936KM,2
3,Thomas Krogh & James English,ATHX BIRMINGHAM 2026,United Kingdom 🇬🇧,2026,Male,ATHX Pro,Endurance,,,,,,,4.491KM,6.008KM,3
4,Nathan Bland & Josh Bland,ATHX BIRMINGHAM 2026,United Kingdom 🇬🇧,2026,Male,ATHX Pro,Endurance,,,,,,,4.31KM,6.157KM,4
5,Ben Read & Greg Duddridge,ATHX BIRMINGHAM 2026,United Kingdom 🇬🇧,2026,Male,ATHX Pro,Endurance,,,,,,,4.483KM,5.912KM,5
6,Adam Brittain & William Turville,ATHX BIRMINGHAM 2026,United Kingdom 🇬🇧,2026,Male,ATHX Pro,Endurance,,,,,,,4.656KM,5.691KM,6
7,Peter Crudge & Fergus Kneath,ATHX BIRMINGHAM 2026,United Kingdom 🇬🇧,2026,Male,ATHX Pro,Endurance,,,,,,,4.413KM,5.922KM,7
8,Jamie Matthews & andrew coupe,ATHX BIRMINGHAM 2026,United Kingdom 🇬🇧,2026,Male,ATHX Pro,Endurance,,,,,,,4.329KM,5.983KM,8
9,James Cartwright & Dan Moyle,ATHX BIRMINGHAM 2026,United Kingdom 🇬🇧,2026,Male,ATHX Pro,Endurance,,,,,,,4.137KM,5.935KM,9
10,Rhys Lewis & Nicolas Moore,ATHX BIRMINGHAM 2026,United Kingdom 🇬🇧,2026,Male,ATHX Pro,Endurance,,,,,,,4.211KM,5.831KM,10
11,Aaron OBrien & Joel O'Sullivan,ATHX BIRMINGHAM 2026,United Kingdom 🇬🇧,2026,Male,ATHX Pro,Endurance,,,,,,,4.506KM,5.51KM,11
12,Joe Ball & Matt Baxter,ATHX BIRMINGHAM 2026,United Kingdom 🇬🇧,2026,Male,ATHX Pro,Endurance,,,,,,,4.173KM,5.658KM,12
13,James Vernall & Mike Catris,ATHX BIRMINGHAM 2026,United Kingdom 🇬🇧,2026,Male,ATHX Pro,Endurance,,,,,,,3.98KM,5.847KM,13
14,Caine Stringer & Louis Kerin,ATHX BIRMINGHAM 2026,United Kingdom 🇬🇧,2026,Male,ATHX Pro,Endurance,,,,,,,4.119KM,5.681KM,14
15,Charlie Jones & Dominic Ainsworth,ATHX BIRMINGHAM 2026,United Kingdom 🇬🇧,2026,Male,ATHX Pro,Endurance,,,,,,,3.953KM,5.755KM,15
16,Jack Brereton & lewis pritchett,ATHX BIRMINGHAM 2026,United Kingdom 🇬🇧,2026,Male,ATHX Pro,Endurance,,,,,,,3.906KM,5.786KM,16
17,Lukasz Debek & Tom Grindel,ATHX BIRMINGHAM 2026,United Kingdom 🇬🇧,2026,Male,ATHX Pro,Endurance,,,,,,,4KM,5.588KM,17
18,Jonathan Whelan & Luke Rees,ATHX BIRMINGHAM 2026,United Kingdom 🇬🇧,2026,Male,ATHX Pro,Endurance,,,,,,,3.76KM,5.61KM,18
19,Josh Reilly & Adam Stableford,ATHX BIRMINGHAM 2026,United Kingdom 🇬🇧,2026,Male,ATHX Pro,Endurance,,,,,,,3.556KM,5.81KM,19
20,Lewis Chatfield & chris pickering,ATHX BIRMINGHAM 2026,United Kingdom 🇬🇧,2026,Male,ATHX Pro,Endurance,,,,,,,3.758KM,5.564KM,20
21,Martyn Lever & Ben Haigh,ATHX BIRMINGHAM 2026,United Kingdom 🇬🇧,2026,Male,ATHX Pro,Endurance,,,,,,,3.622KM,5.686KM,21
22,Thomas Rowland & Michael Rowland,ATHX BIRMINGHAM 2026,United Kingdom 🇬🇧,2026,Male,ATHX Pro,Endurance,,,,,,,3.799KM,5.491KM,22
23,Chris Allen & Chris Adams,ATHX BIRMINGHAM 2026,United Kingdom 🇬🇧,2026,Male,ATHX Pro,Endurance,,,,,,,3.918KM,5.332KM,23
24,Michael Chung & Pete Chlopek,ATHX BIRMINGHAM 2026,United Kingdom 🇬🇧,2026,Male,ATHX Pro,Endurance,,,,,,,4.003KM,5.185KM,24
25,Lewis Munt & Ethan Whittock,ATHX BIRMINGHAM 2026,United Kingdom 🇬🇧,2026,Male,ATHX Pro,Endurance,,,,,,,3.836KM,5.238KM,25
26,Andrew Brown & Paul Cranswick,ATHX BIRMINGHAM 2026,United Kingdom 🇬🇧,2026,Male,ATHX Pro,Endurance,,,,,,,3.628KM,5.219KM,26
27,Banki Akinsulire & Jamie Chatfield,ATHX BIRMINGHAM 2026,United Kingdom 🇬🇧,2026,Male,ATHX Pro,Endurance,,,,,,,3.322KM,5.256KM,27
1,Kirsten Hood & Simona Marinov,ATHX BIRMINGHAM 2026,United Kingdom 🇬🇧,2026,Female,ATHX,Strength,,,,105KG,200KG,265KG,,,1
2,Olivia Hull & Charlie Wyn Williams,ATHX BIRMINGHAM 2026,United Kingdom 🇬🇧,2026,Female,ATHX,Strength,,,,93KG,220KG,256KG,,,2
3,Noddy Burke & Hayley Roebuck,ATHX BIRMINGHAM 2026,United Kingdom 🇬🇧,2026,Female,ATHX,Strength,,,,100KG,215KG,245KG,,,3
4,Hayley Leese & Emma Darlington,ATHX BIRMINGHAM 2026,United Kingdom 🇬🇧,2026,Female,ATHX,Strength,,,,98KG,215KG,245KG,,,4
5,Stephanie Poulter & Katie Truscott-Howell,ATHX BIRMINGHAM 2026,United Kingdom 🇬🇧,2026,Female,ATHX,Strength,,,,88KG,205KG,260KG,,,5
6,Louise Hynes & Jade Rivers,ATHX BIRMINGHAM 2026,United Kingdom 🇬🇧,2026,Female,ATHX,Strength,,,,85KG,230KG,230KG,,,6
7,Holly Yates & Emily Kendall,ATHX BIRMINGHAM 2026,United Kingdom 🇬🇧,2026,Female,ATHX,Strength,,,,96KG,203KG,245KG,,,7
8,sharlene Greenwood & Claire Barron,ATHX BIRMINGHAM 2026,United Kingdom 🇬🇧,2026,Female,ATHX,Strength,,,,95KG,183KG,265KG,,,8
9,Amanda Haywood-Atkinson & Zoe Lawrence,ATHX BIRMINGHAM 2026,United Kingdom 🇬🇧,2026,Female,ATHX,Strength,,,,93KG,185KG,255KG,,,9
9,Rebecca Barrow & Gemma Sharples,ATHX BIRMINGHAM 2026,United Kingdom 🇬🇧,2026,Female,ATHX,Strength,,,,95KG,203KG,235KG,,,9
11,Katherine Ivey & Cliona Beirne,ATHX BIRMINGHAM 2026,United Kingdom 🇬🇧,2026,Female,ATHX,Strength,,,,90KG,200KG,240KG,,,11
12,Lucy Berry & Sophie Field,ATHX BIRMINGHAM 2026,United Kingdom 🇬🇧,2026,Female,ATHX,Strength,,,,88KG,200KG,238KG,,,12
13,Aliya Arthur & Samantha Johnson,ATHX BIRMINGHAM 2026,United Kingdom 🇬🇧,2026,Female,ATHX,Strength,,,,90KG,200KG,235KG,,,13
14,Karen Stephens & Amanda Williams,ATHX BIRMINGHAM 2026,United Kingdom 🇬🇧,2026,Female,ATHX,Strength,,,,86KG,180KG,245KG,,,14
15,Eni Adeyemo & Jennifer Panaki,ATHX BIRMINGHAM 2026,United Kingdom 🇬🇧,2026,Female,ATHX,Strength,,,,83KG,188KG,235KG,,,15
15,Nicole Bradley & Stacey Gifford-Brown,ATHX BIRMINGHAM 2026,United Kingdom 🇬🇧,2026,Female,ATHX,Strength,,,,83KG,190KG,233KG,,,15
17,Maddy Dawson & Hannah Gaves,ATHX BIRMINGHAM 2026,United Kingdom 🇬🇧,2026,Female,ATHX,Strength,,,,91KG,190KG,220KG,,,17
17,Chenoa Ingram & Michelle Smith,ATHX BIRMINGHAM 2026,United Kingdom 🇬🇧,2026,Female,ATHX,Strength,,,,91KG,205KG,205KG,,,17
17,Alyeah larose Abreu & Stevie Paintin,ATHX BIRMINGHAM 2026,United Kingdom 🇬🇧,2026,Female,ATHX,Strength,,,,78KG,208KG,215KG,,,17
20,laura carter & Ellie Rowley,ATHX BIRMINGHAM 2026,United Kingdom 🇬🇧,2026,Female,ATHX,Strength,,,,90KG,180KG,230KG,,,20
20,Kam wab & Romy Jones,ATHX BIRMINGHAM 2026,United Kingdom 🇬🇧,2026,Female,ATHX,Strength,,,,70KG,190KG,240KG,,,20
22,Georgina Dolan & Alexandra Dolan,ATHX BIRMINGHAM 2026,United Kingdom 🇬🇧,2026,Female,ATHX,Strength,,,,89KG,185KG,225KG,,,22
23,Sheridan McWilliam & Tessa Clarke,ATHX BIRMINGHAM 2026,United Kingdom 🇬🇧,2026,Female,ATHX,Strength,,,,85KG,180KG,230KG,,,23
24,Jenn Harris & Lucie Beech-Pickard,ATHX BIRMINGHAM 2026,United Kingdom 🇬🇧,2026,Female,ATHX,Strength,,,,83KG,180KG,230KG,,,24
25,Alexandra Pope & Heather Fitzsimmons,ATHX BIRMINGHAM 2026,United Kingdom 🇬🇧,2026,Female,ATHX,Strength,,,,85KG,190KG,215KG,,,25
25,Hayley Anderson & Gemma Dannatt,ATHX BIRMINGHAM 2026,United Kingdom 🇬🇧,2026,Female,ATHX,Strength,,,,75KG,185KG,230KG,,,25
27,Olivia Kreigenfeld & Pippa Watson,ATHX BIRMINGHAM 2026,United Kingdom 🇬🇧,2026,Female,ATHX,Strength,,,,78KG,180KG,231KG,,,27
28,Daneen Hughes & Kate Collett,ATHX BIRMINGHAM 2026,United Kingdom 🇬🇧,2026,Female,ATHX,Strength,,,,85KG,190KG,213KG,,,28
28,Poppy Wilson & Hannah Baines,ATHX BIRMINGHAM 2026,United Kingdom 🇬🇧,2026,Female,ATHX,Strength,,,,83KG,185KG,220KG,,,28
28,Laura Wright & Laura Neave,ATHX BIRMINGHAM 2026,United Kingdom 🇬🇧,2026,Female,ATHX,Strength,,,,88KG,180KG,220KG,,,28
31,Erica Timbrell & Eve Burns,ATHX BIRMINGHAM 2026,United Kingdom 🇬🇧,2026,Female,ATHX,Strength,,,,83KG,186KG,216KG,,,31
32,Louise Dadd & Sabrina Campbell,ATHX BIRMINGHAM 2026,United Kingdom 🇬🇧,2026,Female,ATHX,Strength,,,,93KG,180KG,210KG,,,32
33,Olivia Mole & Charlie Banyard,ATHX BIRMINGHAM 2026,United Kingdom 🇬🇧,2026,Female,ATHX,Strength,,,,88KG,185KG,208KG,,,33
33,Ruth Casey & Katrin Hulme,ATHX BIRMINGHAM 2026,United Kingdom 🇬🇧,2026,Female,ATHX,Strength,,,,88KG,173KG,220KG,,,33
33,Lauryn Hallett & Steffi Saunders,ATHX BIRMINGHAM 2026,United Kingdom 🇬🇧,2026,Female,ATHX,Strength,,,,73KG,188KG,220KG,,,33
36,Tess Bateman & Louise Hillyer,ATHX BIRMINGHAM 2026,United Kingdom 🇬🇧,2026,Female,ATHX,Strength,,,,80KG,183KG,215KG,,,36
37,Holly Espie & Reanne Francis,ATHX BIRMINGHAM 2026,United Kingdom 🇬🇧,2026,Female,ATHX,Strength,,,,91KG,155KG,230KG,,,37
37,Danielle Wheadon & Talia Murphy,ATHX BIRMINGHAM 2026,United Kingdom 🇬🇧,2026,Female,ATHX,Strength,,,,78KG,170KG,228KG,,,37
39,Leonnie Stanyon & Megan Gregory,ATHX BIRMINGHAM 2026,United Kingdom 🇬🇧,2026,Female,ATHX,Strength,,,,85KG,195KG,195KG,,,39
40,Katy Graham & Jen Bale,ATHX BIRMINGHAM 2026,United Kingdom 🇬🇧,2026,Female,ATHX,Strength,,,,80KG,160KG,233KG,,,40
40,Laura Jones & Sarah Fanning,ATHX BIRMINGHAM 2026,United Kingdom 🇬🇧,2026,Female,ATHX,Strength,,,,83KG,165KG,225KG,,,40
40,Jade Danes & Jody Brazel,ATHX BIRMINGHAM 2026,United Kingdom 🇬🇧,2026,Female,ATHX,Strength,,,,78KG,175KG,220KG,,,40
43,Cayla Vichot & Katherine Gaukroger,ATHX BIRMINGHAM 2026,United Kingdom 🇬🇧,2026,Female,ATHX,Strength,,,,83KG,170KG,215KG,,,43
43,Gem COEL & Victoria Foote,ATHX BIRMINGHAM 2026,United Kingdom 🇬🇧,2026,Female,ATHX,Strength,,,,83KG,175KG,210KG,,,43
43,Mia Reay & Millie Fern,ATHX BIRMINGHAM 2026,United Kingdom 🇬🇧,2026,Female,ATHX,Strength,,,,80KG,165KG,223KG,,,43
46,Kerry Chawko & Rachel Cawthorne,ATHX BIRMINGHAM 2026,United Kingdom 🇬🇧,2026,Female,ATHX,Strength,,,,81KG,180KG,205KG,,,46
46,Jen Beattie & Kath Stephens,ATHX BIRMINGHAM 2026,United Kingdom 🇬🇧,2026,Female,ATHX,Strength,,,,83KG,165KG,218KG,,,46
46,Sonia Jones & Sammie Lloyd,ATHX BIRMINGHAM 2026,United Kingdom 🇬🇧,2026,Female,ATHX,Strength,,,,86KG,170KG,210KG,,,46
49,Holly James & Lorna Kelly,ATHX BIRMINGHAM 2026,United Kingdom 🇬🇧,2026,Female,ATHX,Strength,,,,85KG,175KG,205KG,,,49
50,Polly Corner & Bethan Hewitt,ATHX BIRMINGHAM 2026,United Kingdom 🇬🇧,2026,Female,ATHX,Strength,,,,83KG,165KG,215KG,,,50
50,faith hooper & Julia Messer,ATHX BIRMINGHAM 2026,United Kingdom 🇬🇧,2026,Female,ATHX,Strength,,,,78KG,155KG,230KG,,,50
52,charlotte pengilly & Aimee Sussex,ATHX BIRMINGHAM 2026,United Kingdom 🇬🇧,2026,Female,ATHX,Strength,,,,81KG,170KG,210KG,,,52
52,Amy Lynex & Teresa Waplington,ATHX BIRMINGHAM 2026,United Kingdom 🇬🇧,2026,Female,ATHX,Strength,,,,85KG,188KG,188KG,,,52
52,Pippa Harvey & Georgia Henderson,ATHX BIRMINGHAM 2026,United Kingdom 🇬🇧,2026,Female,ATHX,Strength,,,,76KG,165KG,220KG,,,52
52,Samantha Kayser & Jade Foxcroft,ATHX BIRMINGHAM 2026,United Kingdom 🇬🇧,2026,Female,ATHX,Strength,,,,91KG,175KG,195KG,,,52
52,Gemma Hole & Lauren Teasdale,ATHX BIRMINGHAM 2026,United Kingdom 🇬🇧,2026,Female,ATHX,Strength,,,,73KG,170KG,218KG,,,52
52,Georgia Thomas & Gemma Hughes,ATHX BIRMINGHAM 2026,United Kingdom 🇬🇧,2026,Female,ATHX,Strength,,,,90KG,165KG,206KG,,,52
58,Charlotte Good & Katie Skellett,ATHX BIRMINGHAM 2026,United Kingdom 🇬🇧,2026,Female,ATHX,Strength,,,,75KG,185KG,200KG,,,58
58,Caitlin Borders & Lucy Craik,ATHX BIRMINGHAM 2026,United Kingdom 🇬🇧,2026,Female,ATHX,Strength,,,,75KG,175KG,210KG,,,58
60,Kelsie Johnson & Esther Johnson,ATHX BIRMINGHAM 2026,United Kingdom 🇬🇧,2026,Female,ATHX,Strength,,,,88KG,165KG,205KG,,,60
61,Ruby Jacklin & Nicola Maltby,ATHX BIRMINGHAM 2026,United Kingdom 🇬🇧,2026,Female,ATHX,Strength,,,,80KG,163KG,213KG,,,61
62,Charlotte Sweeney & Donna Wright,ATHX BIRMINGHAM 2026,United Kingdom 🇬🇧,2026,Female,ATHX,Strength,,,,78KG,171KG,206KG,,,62
62,Holly Heffron & Erin Healy,ATHX BIRMINGHAM 2026,United Kingdom 🇬🇧,2026,Female,ATHX,Strength,,,,75KG,185KG,195KG,,,62
62,Sandra Pugh & Kayleigh Afford,ATHX BIRMINGHAM 2026,United Kingdom 🇬🇧,2026,Female,ATHX,Strength,,,,80KG,150KG,225KG,,,62
65,Kellie Searle & Becky Cox,ATHX BIRMINGHAM 2026,United Kingdom 🇬🇧,2026,Female,ATHX,Strength,,,,78KG,170KG,206KG,,,65
65,Alex Withey & Faye Lewis,ATHX BIRMINGHAM 2026,United Kingdom 🇬🇧,2026,Female,ATHX,Strength,,,,73KG,165KG,216KG,,,65
67,Kate Henderson & Elise bailey,ATHX BIRMINGHAM 2026,United Kingdom 🇬🇧,2026,Female,ATHX,Strength,,,,73KG,180KG,200KG,,,67
67,Lois Yawson & Kanke Ishaku,ATHX BIRMINGHAM 2026,United Kingdom 🇬🇧,2026,Female,ATHX,Strength,,,,88KG,165KG,200KG,,,67
69,Michaela Corbett & Charlotte Smith,ATHX BIRMINGHAM 2026,United Kingdom 🇬🇧,2026,Female,ATHX,Strength,,,,71KG,175KG,205KG,,,69
70,Kerry Sudale & Lauren Steadman,ATHX BIRMINGHAM 2026,United Kingdom 🇬🇧,2026,Female,ATHX,Strength,,,,70KG,170KG,210KG,,,70
70,Jennifer Campbell & Eugenia Polo Pascual,ATHX BIRMINGHAM 2026,United Kingdom 🇬🇧,2026,Female,ATHX,Strength,,,,85KG,170KG,195KG,,,70
72,Lynn Bertenshaw & Caitlin Callan,ATHX BIRMINGHAM 2026,United Kingdom 🇬🇧,2026,Female,ATHX,Strength,,,,86KG,165KG,198KG,,,72
72,Keren Bland & emma howitt,ATHX BIRMINGHAM 2026,United Kingdom 🇬🇧,2026,Female,ATHX,Strength,,,,91KG,150KG,208KG,,,72
74,Angela Wood & Em Crawford,ATHX BIRMINGHAM 2026,United Kingdom 🇬🇧,2026,Female,ATHX,Strength,,,,73KG,170KG,205KG,,,74
74,Sindy Haake & Silva Moderzinski,ATHX BIRMINGHAM 2026,United Kingdom 🇬🇧,2026,Female,ATHX,Strength,,,,80KG,158KG,210KG,,,74
74,Amy Parmenter & Holly Du Toit,ATHX BIRMINGHAM 2026,United Kingdom 🇬🇧,2026,Female,ATHX,Strength,,,,75KG,163KG,210KG,,,74
74,Ana Devis & Rebeca Espinar Alvarez,ATHX BIRMINGHAM 2026,United Kingdom 🇬🇧,2026,Female,ATHX,Strength,,,,83KG,155KG,210KG,,,74
74,Alice Tocknell & Molly Hemming,ATHX BIRMINGHAM 2026,United Kingdom 🇬🇧,2026,Female,ATHX,Strength,,,,78KG,160KG,210KG,,,74
79,Amy Brooks & Sarah Finbow,ATHX BIRMINGHAM 2026,United Kingdom 🇬🇧,2026,Female,ATHX,Strength,,,,76KG,165KG,205KG,,,79
79,Anna Harvey & Joanne Motte,ATHX BIRMINGHAM 2026,United Kingdom 🇬🇧,2026,Female,ATHX,Strength,,,,78KG,173KG,195KG,,,79
79,Sophia Phillips & Nichola Hands,ATHX BIRMINGHAM 2026,United Kingdom 🇬🇧,2026,Female,ATHX,Strength,,,,76KG,165KG,205KG,,,79
79,Lauren O’Donnell & Kayleanne Payne,ATHX BIRMINGHAM 2026,United Kingdom 🇬🇧,2026,Female,ATHX,Strength,,,,86KG,155KG,205KG,,,79
79,Sophie Taylor & Jemma Mastrocristino,ATHX BIRMINGHAM 2026,United Kingdom 🇬🇧,2026,Female,ATHX,Strength,,,,86KG,160KG,200KG,,,79
84,Chloe Morgan & Neha Vadhvana,ATHX BIRMINGHAM 2026,United Kingdom 🇬🇧,2026,Female,ATHX,Strength,,,,65KG,160KG,220KG,,,84
84,Kirsten Walker & Davina Toofan,ATHX BIRMINGHAM 2026,United Kingdom 🇬🇧,2026,Female,ATHX,Strength,,,,60KG,155KG,230KG,,,84
84,Jasmine Garner & sharen panesar,ATHX BIRMINGHAM 2026,United Kingdom 🇬🇧,2026,Female,ATHX,Strength,,,,90KG,165KG,190KG,,,84
87,Lhea  Terzaki  & Kara Frost,ATHX BIRMINGHAM 2026,United Kingdom 🇬🇧,2026,Female,ATHX,Strength,,,,80KG,143KG,220KG,,,87
87,Cristina Ferreira & Claire Davison,ATHX BIRMINGHAM 2026,United Kingdom 🇬🇧,2026,Female,ATHX,Strength,,,,75KG,168KG,200KG,,,87
87,Samantha Minnis & Jenni Page,ATHX BIRMINGHAM 2026,United Kingdom 🇬🇧,2026,Female,ATHX,Strength,,,,80KG,165KG,198KG,,,87
87,Grace Gurling & Sophie Harris,ATHX BIRMINGHAM 2026,United Kingdom 🇬🇧,2026,Female,ATHX,Strength,,,,78KG,150KG,215KG,,,87
91,Hannah Black & Alice Nolan,ATHX BIRMINGHAM 2026,United Kingdom 🇬🇧,2026,Female,ATHX,Strength,,,,76KG,160KG,206KG,,,91
92,Hazel Hartley & Victoria Crisp,ATHX BIRMINGHAM 2026,United Kingdom 🇬🇧,2026,Female,ATHX,Strength,,,,76KG,140KG,225KG,,,92
92,Lily Illingworth-Turner & Caitlin Washington,ATHX BIRMINGHAM 2026,United Kingdom 🇬🇧,2026,Female,ATHX,Strength,,,,80KG,146KG,215KG,,,92
92,Molly Hannafin & Jess Pearce,ATHX BIRMINGHAM 2026,United Kingdom 🇬🇧,2026,Female,ATHX,Strength,,,,75KG,163KG,203KG,,,92
92,Tilly Johnson & Samantha Weller-Pryce,ATHX BIRMINGHAM 2026,United Kingdom 🇬🇧,2026,Female,ATHX,Strength,,,,78KG,178KG,185KG,,,92
96,Justine Leith & Sophie OConnor,ATHX BIRMINGHAM 2026,United Kingdom 🇬🇧,2026,Female,ATHX,Strength,,,,80KG,170KG,190KG,,,96
96,Amy Taylor & Emily Rae,ATHX BIRMINGHAM 2026,United Kingdom 🇬🇧,2026,Female,ATHX,Strength,,,,75KG,170KG,195KG,,,96
96,Becca Charnock & Aimee Thompson,ATHX BIRMINGHAM 2026,United Kingdom 🇬🇧,2026,Female,ATHX,Strength,,,,75KG,145KG,220KG,,,96
99,Emma Arlow & Andi Seago,ATHX BIRMINGHAM 2026,United Kingdom 🇬🇧,2026,Female,ATHX,Strength,,,,70KG,170KG,198KG,,,99
99,Ann Merchant & Rebecca Eisenberg,ATHX BIRMINGHAM 2026,United Kingdom 🇬🇧,2026,Female,ATHX,Strength,,,,80KG,160KG,198KG,,,99
99,Alex Miller & Millie Diamond,ATHX BIRMINGHAM 2026,United Kingdom 🇬🇧,2026,Female,ATHX,Strength,,,,78KG,145KG,215KG,,,99
99,Laura Pearson & Jess Suthard,ATHX BIRMINGHAM 2026,United Kingdom 🇬🇧,2026,Female,ATHX,Strength,,,,70KG,163KG,205KG,,,99
99,Alex alexkarenlord572@gmail.com & Lisa Sweeney,ATHX BIRMINGHAM 2026,United Kingdom 🇬🇧,2026,Female,ATHX,Strength,,,,72KG,163KG,203KG,,,99
104,Krystle Winfield & Holly De Caville,ATHX BIRMINGHAM 2026,United Kingdom 🇬🇧,2026,Female,ATHX,Strength,,,,86KG,148KG,203KG,,,104
105,Molly Poulton & Ellie Leech,ATHX BIRMINGHAM 2026,United Kingdom 🇬🇧,2026,Female,ATHX,Strength,,,,75KG,165KG,196KG,,,105
105,Lucy King & Sian Jones,ATHX BIRMINGHAM 2026,United Kingdom 🇬🇧,2026,Female,ATHX,Strength,,,,86KG,170KG,180KG,,,105
105,Lauren Lawson & Olivia Tutton,ATHX BIRMINGHAM 2026,United Kingdom 🇬🇧,2026,Female,ATHX,Strength,,,,71KG,160KG,205KG,,,105
108,Michelle Owens & Courtney Newbould,ATHX BIRMINGHAM 2026,United Kingdom 🇬🇧,2026,Female,ATHX,Strength,,,,73KG,156KG,206KG,,,108
108,Lou Osment & Kimberly Mills,ATHX BIRMINGHAM 2026,United Kingdom 🇬🇧,2026,Female,ATHX,Strength,,,,85KG,165KG,185KG,,,108
110,Duaa Mbuyi & Georgia Bowman,ATHX BIRMINGHAM 2026,United Kingdom 🇬🇧,2026,Female,ATHX,Strength,,,,78KG,150KG,206KG,,,110
110,Hannah de Main & Mickey Peacock,ATHX BIRMINGHAM 2026,United Kingdom 🇬🇧,2026,Female,ATHX,Strength,,,,81KG,148KG,205KG,,,110
112,Stacey Horner & Clare Shepherd,ATHX BIRMINGHAM 2026,United Kingdom 🇬🇧,2026,Female,ATHX,Strength,,,,75KG,153KG,205KG,,,112
112,Georgia Brown & Mick Peters,ATHX BIRMINGHAM 2026,United Kingdom 🇬🇧,2026,Female,ATHX,Strength,,,,68KG,175KG,190KG,,,112
114,Emma Perry & Rebekah Webster,ATHX BIRMINGHAM 2026,United Kingdom 🇬🇧,2026,Female,ATHX,Strength,,,,68KG,165KG,198KG,,,114
114,Ebony Dear & Haley Hills,ATHX BIRMINGHAM 2026,United Kingdom 🇬🇧,2026,Female,ATHX,Strength,,,,71KG,155KG,205KG,,,114
114,Ffion Robinson & harriet vizard,ATHX BIRMINGHAM 2026,United Kingdom 🇬🇧,2026,Female,ATHX,Strength,,,,83KG,160KG,188KG,,,114
114,Sally Scott & Liz Covino,ATHX BIRMINGHAM 2026,United Kingdom 🇬🇧,2026,Female,ATHX,Strength,,,,71KG,160KG,200KG,,,114
118,Victoria Hazell & Katy Wicks,ATHX BIRMINGHAM 2026,United Kingdom 🇬🇧,2026,Female,ATHX,Strength,,,,93KG,140KG,197KG,,,118
119,Lisa Jones & Natalie Briggs,ATHX BIRMINGHAM 2026,United Kingdom 🇬🇧,2026,Female,ATHX,Strength,,,,86KG,143KG,200KG,,,119
119,Kelly Woolley & April Strong,ATHX BIRMINGHAM 2026,United Kingdom 🇬🇧,2026,Female,ATHX,Strength,,,,76KG,153KG,200KG,,,119
121,Louise Emmott & Abby Varga,ATHX BIRMINGHAM 2026,United Kingdom 🇬🇧,2026,Female,ATHX,Strength,,,,65KG,153KG,210KG,,,121
121,Ellie Hall & Emma Odeneal,ATHX BIRMINGHAM 2026,United Kingdom 🇬🇧,2026,Female,ATHX,Strength,,,,68KG,160KG,200KG,,,121
121,Holly Hewlett & Mollie Churms,ATHX BIRMINGHAM 2026,United Kingdom 🇬🇧,2026,Female,ATHX,Strength,,,,68KG,165KG,195KG,,,121
121,Megan Bride & Isabel Brown,ATHX BIRMINGHAM 2026,United Kingdom 🇬🇧,2026,Female,ATHX,Strength,,,,73KG,155KG,200KG,,,121
121,Eleanor Dundon & Olivia Reynolds,ATHX BIRMINGHAM 2026,United Kingdom 🇬🇧,2026,Female,ATHX,Strength,,,,68KG,175KG,185KG,,,121
126,Josie Meatyard & Lee Cousins,ATHX BIRMINGHAM 2026,United Kingdom 🇬🇧,2026,Female,ATHX,Strength,,,,76KG,138KG,213KG,,,126
127,Jenna Attwood & Nancy West,ATHX BIRMINGHAM 2026,United Kingdom 🇬🇧,2026,Female,ATHX,Strength,,,,85KG,140KG,201KG,,,127
128,vicki valentine & Cori Dempster,ATHX BIRMINGHAM 2026,United Kingdom 🇬🇧,2026,Female,ATHX,Strength,,,,70KG,145KG,210KG,,,128
128,Deasha Waddup & Hannah Mills,ATHX BIRMINGHAM 2026,United Kingdom 🇬🇧,2026,Female,ATHX,Strength,,,,70KG,150KG,205KG,,,128
128,Ceri Littlechild & Alex Gould,ATHX BIRMINGHAM 2026,United Kingdom 🇬🇧,2026,Female,ATHX,Strength,,,,80KG,155KG,190KG,,,128
131,Emily Grehan & Emma Herlihy,ATHX BIRMINGHAM 2026,United Kingdom 🇬🇧,2026,Female,ATHX,Strength,,,,71KG,153KG,200KG,,,131
132,Jenny Bourton & robyn Dentry,ATHX BIRMINGHAM 2026,United Kingdom 🇬🇧,2026,Female,ATHX,Strength,,,,78KG,155KG,190KG,,,132
133,Stephanie Shepherd & Isabelle Cross,ATHX BIRMINGHAM 2026,United Kingdom 🇬🇧,2026,Female,ATHX,Strength,,,,76KG,145KG,200KG,,,133
133,Marion Andrey & Jessica Clarke,ATHX BIRMINGHAM 2026,United Kingdom 🇬🇧,2026,Female,ATHX,Strength,,,,83KG,155KG,183KG,,,133
135,Sarah Gray & Gemma Shaw,ATHX BIRMINGHAM 2026,United Kingdom 🇬🇧,2026,Female,ATHX,Strength,,,,70KG,155KG,195KG,,,135
135,Holly Barber & Natalka Prychidnyj,ATHX BIRMINGHAM 2026,United Kingdom 🇬🇧,2026,Female,ATHX,Strength,,,,70KG,155KG,195KG,,,135
135,Lauren Moss & Emma Hatfield,ATHX BIRMINGHAM 2026,United Kingdom 🇬🇧,2026,Female,ATHX,Strength,,,,75KG,160KG,185KG,,,135
138,Rebecca Young & Eleanor Taylor,ATHX BIRMINGHAM 2026,United Kingdom 🇬🇧,2026,Female,ATHX,Strength,,,,76KG,150KG,193KG,,,138
139,Chloe Winterbourne & Jenny Southey,ATHX BIRMINGHAM 2026,United Kingdom 🇬🇧,2026,Female,ATHX,Strength,,,,68KG,155KG,195KG,,,139
139,Ellie Potter & Alice Ingham,ATHX BIRMINGHAM 2026,United Kingdom 🇬🇧,2026,Female,ATHX,Strength,,,,68KG,140KG,210KG,,,139
139,Ashley Faith Brooks & Kate West,ATHX BIRMINGHAM 2026,United Kingdom 🇬🇧,2026,Female,ATHX,Strength,,,,85KG,138KG,195KG,,,139
139,Charlotte Preston & Rachel Walker,ATHX BIRMINGHAM 2026,United Kingdom 🇬🇧,2026,Female,ATHX,Strength,,,,73KG,160KG,185KG,,,139
139,Nicola Davidson & Sarah Watson,ATHX BIRMINGHAM 2026,United Kingdom 🇬🇧,2026,Female,ATHX,Strength,,,,80KG,158KG,180KG,,,139
139,Bethan Williams & Harriet Evans,ATHX BIRMINGHAM 2026,United Kingdom 🇬🇧,2026,Female,ATHX,Strength,,,,68KG,140KG,210KG,,,139
139,Charlie Williams & Jennifer Birkby,ATHX BIRMINGHAM 2026,United Kingdom 🇬🇧,2026,Female,ATHX,Strength,,,,77KG,145KG,196KG,,,139
146,Christabel Turcan & Sarah Fraser,ATHX BIRMINGHAM 2026,United Kingdom 🇬🇧,2026,Female,ATHX,Strength,,,,76KG,143KG,198KG,,,146
147,Esther Dobie & Laura McLaren,ATHX BIRMINGHAM 2026,United Kingdom 🇬🇧,2026,Female,ATHX,Strength,,,,68KG,155KG,193KG,,,147
147,Emma Traherne & Jodie Cole,ATHX BIRMINGHAM 2026,United Kingdom 🇬🇧,2026,Female,ATHX,Strength,,,,71KG,150KG,195KG,,,147
147,Ellie Hunt & Sarah Reeder,ATHX BIRMINGHAM 2026,United Kingdom 🇬🇧,2026,Female,ATHX,Strength,,,,66KG,155KG,195KG,,,147
147,Sara Robinson & Jade Thomas,ATHX BIRMINGHAM 2026,United Kingdom 🇬🇧,2026,Female,ATHX,Strength,,,,78KG,153KG,185KG,,,147
147,Hannah Vogler & Carina Casey,ATHX BIRMINGHAM 2026,United Kingdom 🇬🇧,2026,Female,ATHX,Strength,,,,73KG,135KG,208KG,,,147
152,Nicky Bliss & Anna Kedzierska,ATHX BIRMINGHAM 2026,United Kingdom 🇬🇧,2026,Female,ATHX,Strength,,,,70KG,155KG,190KG,,,152
152,Aimee Waters & Chontelle Nightingale,ATHX BIRMINGHAM 2026,United Kingdom 🇬🇧,2026,Female,ATHX,Strength,,,,71KG,148KG,196KG,,,152
152,Francesca di Palma & Sussanna di Palma,ATHX BIRMINGHAM 2026,United Kingdom 🇬🇧,2026,Female,ATHX,Strength,,,,80KG,130KG,205KG,,,152
152,Kirsty Mars & Dina Ali Al-Samawi,ATHX BIRMINGHAM 2026,United Kingdom 🇬🇧,2026,Female,ATHX,Strength,,,,75KG,145KG,195KG,,,152
152,Nicola Harrison & emma beardshaw,ATHX BIRMINGHAM 2026,United Kingdom 🇬🇧,2026,Female,ATHX,Strength,,,,83KG,136KG,196KG,,,152
152,Kat Malinowska & Jo Hayes,ATHX BIRMINGHAM 2026,United Kingdom 🇬🇧,2026,Female,ATHX,Strength,,,,75KG,140KG,200KG,,,152
158,Lucy  Hodgson & Ellie Gahan,ATHX BIRMINGHAM 2026,United Kingdom 🇬🇧,2026,Female,ATHX,Strength,,,,65KG,155KG,193KG,,,158
158,Felicity Arneaud & Gemma Square,ATHX BIRMINGHAM 2026,United Kingdom 🇬🇧,2026,Female,ATHX,Strength,,,,83KG,140KG,190KG,,,158
158,Lauren Bowe & Anna Morley,ATHX BIRMINGHAM 2026,United Kingdom 🇬🇧,2026,Female,ATHX,Strength,,,,68KG,155KG,190KG,,,158
158,Alana Love & Holly Prendergast,ATHX BIRMINGHAM 2026,United Kingdom 🇬🇧,2026,Female,ATHX,Strength,,,,80KG,145KG,188KG,,,158
158,Elle Boorman & Jordan jdwillettpurchase@outlook.com,ATHX BIRMINGHAM 2026,United Kingdom 🇬🇧,2026,Female,ATHX,Strength,,,,78KG,145KG,190KG,,,158
158,Louise Tagg & Jessica Burbage,ATHX BIRMINGHAM 2026,United Kingdom 🇬🇧,2026,Female,ATHX,Strength,,,,78KG,150KG,185KG,,,158
164,Laura Wilson & Beth Owen,ATHX BIRMINGHAM 2026,United Kingdom 🇬🇧,2026,Female,ATHX,Strength,,,,78KG,135KG,199KG,,,164
165,Ellie Smith & Mia Frazer,ATHX BIRMINGHAM 2026,United Kingdom 🇬🇧,2026,Female,ATHX,Strength,,,,78KG,133KG,200KG,,,165
166,Kathryn Jackson & Angel Membury,ATHX BIRMINGHAM 2026,United Kingdom 🇬🇧,2026,Female,ATHX,Strength,,,,65KG,160KG,185KG,,,166
166,Joanne Lloyd & Tessa Wills,ATHX BIRMINGHAM 2026,United Kingdom 🇬🇧,2026,Female,ATHX,Strength,,,,70KG,150KG,190KG,,,166
166,Simone Beasant & Chantelle Dorsett,ATHX BIRMINGHAM 2026,United Kingdom 🇬🇧,2026,Female,ATHX,Strength,,,,80KG,140KG,190KG,,,166
169,Carla Hall & Lucy Hilsden,ATHX BIRMINGHAM 2026,United Kingdom 🇬🇧,2026,Female,ATHX,Strength,,,,79KG,135KG,195KG,,,169
170,Chloe Coote & Georgia Stevens,ATHX BIRMINGHAM 2026,United Kingdom 🇬🇧,2026,Female,ATHX,Strength,,,,68KG,150KG,190KG,,,170
170,Siobhan Thubron & Alana Birchall,ATHX BIRMINGHAM 2026,United Kingdom 🇬🇧,2026,Female,ATHX,Strength,,,,68KG,145KG,195KG,,,170
172,Cemile Turker & Kvanta Buasri,ATHX BIRMINGHAM 2026,United Kingdom 🇬🇧,2026,Female,ATHX,Strength,,,,78KG,126KG,203KG,,,172
173,Charlotte Ayres & Jenna Gutteridge,ATHX BIRMINGHAM 2026,United Kingdom 🇬🇧,2026,Female,ATHX,Strength,,,,85KG,133KG,188KG,,,173
174,Lucy Logan & Lucy Mcinerney,ATHX BIRMINGHAM 2026,United Kingdom 🇬🇧,2026,Female,ATHX,Strength,,,,75KG,155KG,175KG,,,174
174,Sophie Younghusband & Jasmine Williamson,ATHX BIRMINGHAM 2026,United Kingdom 🇬🇧,2026,Female,ATHX,Strength,,,,75KG,150KG,180KG,,,174
174,Emma Turner & Rebecca Hewett,ATHX BIRMINGHAM 2026,United Kingdom 🇬🇧,2026,Female,ATHX,Strength,,,,75KG,150KG,180KG,,,174
177,Jessica Williams & Elodie Stoker,ATHX BIRMINGHAM 2026,United Kingdom 🇬🇧,2026,Female,ATHX,Strength,,,,65KG,153KG,186KG,,,177
178,Amanda Burton & Leonie Borland,ATHX BIRMINGHAM 2026,United Kingdom 🇬🇧,2026,Female,ATHX,Strength,,,,75KG,140KG,188KG,,,178
178,Bryony Creighton & Jade Roberts,ATHX BIRMINGHAM 2026,United Kingdom 🇬🇧,2026,Female,ATHX,Strength,,,,68KG,135KG,200KG,,,178
178,Ellena Murray & Julie Pritchett,ATHX BIRMINGHAM 2026,United Kingdom 🇬🇧,2026,Female,ATHX,Strength,,,,73KG,140KG,190KG,,,178
181,Tonya Murray & Emma Walsh,ATHX BIRMINGHAM 2026,United Kingdom 🇬🇧,2026,Female,ATHX,Strength,,,,73KG,146KG,183KG,,,181
182,Marianna Lacinova & Lisa Haddock,ATHX BIRMINGHAM 2026,United Kingdom 🇬🇧,2026,Female,ATHX,Strength,,,,68KG,143KG,190KG,,,182
182,Kate Parkman & Katrina Cross,ATHX BIRMINGHAM 2026,United Kingdom 🇬🇧,2026,Female,ATHX,Strength,,,,78KG,138KG,185KG,,,182
182,Dominique Harley & Fiola Woodley,ATHX BIRMINGHAM 2026,United Kingdom 🇬🇧,2026,Female,ATHX,Strength,,,,41KG,155KG,205KG,,,182
182,Georgie Habash & Harriet Stuart,ATHX BIRMINGHAM 2026,United Kingdom 🇬🇧,2026,Female,ATHX,Strength,,,,73KG,145KG,183KG,,,182
186,Jo Clark & Emily Storey,ATHX BIRMINGHAM 2026,United Kingdom 🇬🇧,2026,Female,ATHX,Strength,,,,75KG,140KG,185KG,,,186
187,Ellie Tennant & Izzy Wright,ATHX BIRMINGHAM 2026,United Kingdom 🇬🇧,2026,Female,ATHX,Strength,,,,73KG,143KG,183KG,,,187
187,Kelly Wedge & Gheri Ashcroft,ATHX BIRMINGHAM 2026,United Kingdom 🇬🇧,2026,Female,ATHX,Strength,,,,68KG,143KG,188KG,,,187
187,Megan Wade & Grace Larcombe,ATHX BIRMINGHAM 2026,United Kingdom 🇬🇧,2026,Female,ATHX,Strength,,,,73KG,143KG,183KG,,,187
190,Eloise Barnes & Kate Harvey,ATHX BIRMINGHAM 2026,United Kingdom 🇬🇧,2026,Female,ATHX,Strength,,,,68KG,150KG,180KG,,,190
190,Jo Thorne & Hollie Sullivan,ATHX BIRMINGHAM 2026,United Kingdom 🇬🇧,2026,Female,ATHX,Strength,,,,73KG,150KG,175KG,,,190
190,Hannah Hadfield & Lily Reeve,ATHX BIRMINGHAM 2026,United Kingdom 🇬🇧,2026,Female,ATHX,Strength,,,,68KG,150KG,180KG,,,190
193,Zara Templeman & Karen Wrigjey,ATHX BIRMINGHAM 2026,United Kingdom 🇬🇧,2026,Female,ATHX,Strength,,,,76KG,150KG,170KG,,,193
193,Millie Foley & Izzy Morris,ATHX BIRMINGHAM 2026,United Kingdom 🇬🇧,2026,Female,ATHX,Strength,,,,73KG,148KG,175KG,,,193
195,Lucy Griffin & Daniiella-Sophia Turner,ATHX BIRMINGHAM 2026,United Kingdom 🇬🇧,2026,Female,ATHX,Strength,,,,65KG,140KG,190KG,,,195
196,Katie Wyartt & Kathryn Wilkes,ATHX BIRMINGHAM 2026,United Kingdom 🇬🇧,2026,Female,ATHX,Strength,,,,68KG,153KG,173KG,,,196
197,Rebecca Coleman & Adela Covaciu,ATHX BIRMINGHAM 2026,United Kingdom 🇬🇧,2026,Female,ATHX,Strength,,,,75KG,115KG,203KG,,,197
197,Edesili Obetoh & Afrika Morris,ATHX BIRMINGHAM 2026,United Kingdom 🇬🇧,2026,Female,ATHX,Strength,,,,73KG,130KG,190KG,,,197
197,Caitlin Curran & Athina Hirst,ATHX BIRMINGHAM 2026,United Kingdom 🇬🇧,2026,Female,ATHX,Strength,,,,73KG,145KG,175KG,,,197
197,Amy Plawes & Kayleigh Wade,ATHX BIRMINGHAM 2026,United Kingdom 🇬🇧,2026,Female,ATHX,Strength,,,,73KG,140KG,180KG,,,197
197,Ruslana Rashchupkina & Victoria Burke,ATHX BIRMINGHAM 2026,United Kingdom 🇬🇧,2026,Female,ATHX,Strength,,,,73KG,140KG,180KG,,,197
197,Aleksandra Ongley & Natalie Coates,ATHX BIRMINGHAM 2026,United Kingdom 🇬🇧,2026,Female,ATHX,Strength,,,,75KG,138KG,180KG,,,197
197,Milly Louch & Meera Shah,ATHX BIRMINGHAM 2026,United Kingdom 🇬🇧,2026,Female,ATHX,Strength,,,,78KG,140KG,175KG,,,197
204,Mia Tuik & Katie Cassidy,ATHX BIRMINGHAM 2026,United Kingdom 🇬🇧,2026,Female,ATHX,Strength,,,,81KG,155KG,155KG,,,204
205,Lizze Chan-Foxley & Chardine Roberts,ATHX BIRMINGHAM 2026,United Kingdom 🇬🇧,2026,Female,ATHX,Strength,,,,80KG,130KG,180KG,,,205
205,Karen Maxwell & Alison Ware,ATHX BIRMINGHAM 2026,United Kingdom 🇬🇧,2026,Female,ATHX,Strength,,,,75KG,130KG,185KG,,,205
207,Courteney Toombs & Sophie Wombell,ATHX BIRMINGHAM 2026,United Kingdom 🇬🇧,2026,Female,ATHX,Strength,,,,68KG,143KG,178KG,,,207
207,Helen Terry & Laura Farmer,ATHX BIRMINGHAM 2026,United Kingdom 🇬🇧,2026,Female,ATHX,Strength,,,,76KG,133KG,180KG,,,207
209,Billie Jordan & Kiara Gascoigne,ATHX BIRMINGHAM 2026,United Kingdom 🇬🇧,2026,Female,ATHX,Strength,,,,63KG,155KG,170KG,,,209
209,Rikke Hansen & Maria Hansen,ATHX BIRMINGHAM 2026,United Kingdom 🇬🇧,2026,Female,ATHX,Strength,,,,65KG,130KG,193KG,,,209
209,Jennifer Wickwar & Darcie Chambers,ATHX BIRMINGHAM 2026,United Kingdom 🇬🇧,2026,Female,ATHX,Strength,,,,60KG,145KG,183KG,,,209
212,Georgia Beasley & Katie Evans,ATHX BIRMINGHAM 2026,United Kingdom 🇬🇧,2026,Female,ATHX,Strength,,,,65KG,151KG,170KG,,,212
213,Laura Panter & Sophie Wilkins,ATHX BIRMINGHAM 2026,United Kingdom 🇬🇧,2026,Female,ATHX,Strength,,,,70KG,145KG,170KG,,,213
214,Jodie Holmes & Ashton Winsor,ATHX BIRMINGHAM 2026,United Kingdom 🇬🇧,2026,Female,ATHX,Strength,,,,71KG,150KG,160KG,,,214
215,Sophie Dickinson & Zoe Attenborough,ATHX BIRMINGHAM 2026,United Kingdom 🇬🇧,2026,Female,ATHX,Strength,,,,70KG,120KG,190KG,,,215
215,Eva May & Alice Mee,ATHX BIRMINGHAM 2026,United Kingdom 🇬🇧,2026,Female,ATHX,Strength,,,,80KG,130KG,170KG,,,215
215,Mary Jeffery & Amber Morris,ATHX BIRMINGHAM 2026,United Kingdom 🇬🇧,2026,Female,ATHX,Strength,,,,70KG,140KG,170KG,,,215
218,Alice Torr & Rachel White,ATHX BIRMINGHAM 2026,United Kingdom 🇬🇧,2026,Female,ATHX,Strength,,,,65KG,140KG,173KG,,,218
218,Natalie Walker & Fiona Aitchison,ATHX BIRMINGHAM 2026,United Kingdom 🇬🇧,2026,Female,ATHX,Strength,,,,75KG,143KG,160KG,,,218
218,Roxy Cameron & Amber Evans,ATHX BIRMINGHAM 2026,United Kingdom 🇬🇧,2026,Female,ATHX,Strength,,,,58KG,135KG,185KG,,,218
218,Carly Rees & Kirsty Bowen-Davies,ATHX BIRMINGHAM 2026,United Kingdom 🇬🇧,2026,Female,ATHX,Strength,,,,73KG,145KG,160KG,,,218
218,Micayla Telfer & Tereza Illikova,ATHX BIRMINGHAM 2026,United Kingdom 🇬🇧,2026,Female,ATHX,Strength,,,,68KG,140KG,170KG,,,218
218,Johanna Burge & Christie Lewis-Adefope,ATHX BIRMINGHAM 2026,United Kingdom 🇬🇧,2026,Female,ATHX,Strength,,,,75KG,128KG,175KG,,,218
218,Nina Forte & Shelley White,ATHX BIRMINGHAM 2026,United Kingdom 🇬🇧,2026,Female,ATHX,Strength,,,,68KG,130KG,180KG,,,218
225,Chloe Longstaff & Carrie-Anne Rice,ATHX BIRMINGHAM 2026,United Kingdom 🇬🇧,2026,Female,ATHX,Strength,,,,66KG,146KG,165KG,,,225
226,Abigail Lockwood-Morris & Emily Higham,ATHX BIRMINGHAM 2026,United Kingdom 🇬🇧,2026,Female,ATHX,Strength,,,,66KG,135KG,175KG,,,226
226,Liz Davies & Lucy Smith,ATHX BIRMINGHAM 2026,United Kingdom 🇬🇧,2026,Female,ATHX,Strength,,,,71KG,130KG,175KG,,,226
226,Lucy Watson & Bayley Archer,ATHX BIRMINGHAM 2026,United Kingdom 🇬🇧,2026,Female,ATHX,Strength,,,,68KG,148KG,160KG,,,226
226,Danielle Fuller & Holly Haynes,ATHX BIRMINGHAM 2026,United Kingdom 🇬🇧,2026,Female,ATHX,Strength,,,,66KG,140KG,170KG,,,226
226,Lilly Webb & Ashley Barnes,ATHX BIRMINGHAM 2026,United Kingdom 🇬🇧,2026,Female,ATHX,Strength,,,,63KG,145KG,168KG,,,226
231,Sarah Edmonds & Lisa Miller,ATHX BIRMINGHAM 2026,United Kingdom 🇬🇧,2026,Female,ATHX,Strength,,,,70KG,120KG,185KG,,,231
231,Rachel Plumridge & Alyshia Wood,ATHX BIRMINGHAM 2026,United Kingdom 🇬🇧,2026,Female,ATHX,Strength,,,,70KG,135KG,170KG,,,231
231,Harriet Elias & Grace Mendonca,ATHX BIRMINGHAM 2026,United Kingdom 🇬🇧,2026,Female,ATHX,Strength,,,,70KG,125KG,180KG,,,231
234,Kirsty Patterson & Shiona Gibson,ATHX BIRMINGHAM 2026,United Kingdom 🇬🇧,2026,Female,ATHX,Strength,,,,71KG,135KG,168KG,,,234
235,Hannah Lattin & Hayley Towell,ATHX BIRMINGHAM 2026,United Kingdom 🇬🇧,2026,Female,ATHX,Strength,,,,70KG,133KG,170KG,,,235
235,Lisa Henderson & Becky Lennox,ATHX BIRMINGHAM 2026,United Kingdom 🇬🇧,2026,Female,ATHX,Strength,,,,73KG,130KG,170KG,,,235
235,Charli Gale & Chantalle Shaw,ATHX BIRMINGHAM 2026,United Kingdom 🇬🇧,2026,Female,ATHX,Strength,,,,68KG,135KG,170KG,,,235
238,Katie Ferraby & Sarah Page,ATHX BIRMINGHAM 2026,United Kingdom 🇬🇧,2026,Female,ATHX,Strength,,,,65KG,133KG,173KG,,,238
238,Hannah Baldwin & Katie Gilman-Abel,ATHX BIRMINGHAM 2026,United Kingdom 🇬🇧,2026,Female,ATHX,Strength,,,,71KG,135KG,165KG,,,238
238,Lucy Williams & Robyn Ince,ATHX BIRMINGHAM 2026,United Kingdom 🇬🇧,2026,Female,ATHX,Strength,,,,68KG,123KG,180KG,,,238
241,Emma Cox & Tina Woodham,ATHX BIRMINGHAM 2026,United Kingdom 🇬🇧,2026,Female,ATHX,Strength,,,,61KG,125KG,183KG,,,241
242,Bethany Mackrell & poppy mcneill,ATHX BIRMINGHAM 2026,United Kingdom 🇬🇧,2026,Female,ATHX,Strength,,,,68KG,120KG,180KG,,,242
242,Katie Donkin & Laura Marks,ATHX BIRMINGHAM 2026,United Kingdom 🇬🇧,2026,Female,ATHX,Strength,,,,68KG,120KG,180KG,,,242
242,Suzy Judd & Helen Westwood,ATHX BIRMINGHAM 2026,United Kingdom 🇬🇧,2026,Female,ATHX,Strength,,,,68KG,120KG,180KG,,,242
245,Natalie Williams & Leah Jennings,ATHX BIRMINGHAM 2026,United Kingdom 🇬🇧,2026,Female,ATHX,Strength,,,,66KG,130KG,170KG,,,245
246,Narni Fulford & Kate Fewkes,ATHX BIRMINGHAM 2026,United Kingdom 🇬🇧,2026,Female,ATHX,Strength,,,,60KG,130KG,175KG,,,246
247,Rebecca Mclaurin & Helen Austin,ATHX BIRMINGHAM 2026,United Kingdom 🇬🇧,2026,Female,ATHX,Strength,,,,69KG,139KG,155KG,,,247
247,Emma Jarvis & Charlotte Swarbrick,ATHX BIRMINGHAM 2026,United Kingdom 🇬🇧,2026,Female,ATHX,Strength,,,,68KG,135KG,160KG,,,247
247,Grace Leadbeater & Emma Minshall,ATHX BIRMINGHAM 2026,United Kingdom 🇬🇧,2026,Female,ATHX,Strength,,,,68KG,115KG,180KG,,,247
247,Katie Lambert & Georgia Mizen,ATHX BIRMINGHAM 2026,United Kingdom 🇬🇧,2026,Female,ATHX,Strength,,,,68KG,130KG,165KG,,,247
247,Sophy Wills & Beth Whapham,ATHX BIRMINGHAM 2026,United Kingdom 🇬🇧,2026,Female,ATHX,Strength,,,,73KG,130KG,160KG,,,247
247,Liz Malpass & Emily Savage,ATHX BIRMINGHAM 2026,United Kingdom 🇬🇧,2026,Female,ATHX,Strength,,,,73KG,130KG,160KG,,,247
253,Shelley Dell & Megan Dell,ATHX BIRMINGHAM 2026,United Kingdom 🇬🇧,2026,Female,ATHX,Strength,,,,86KG,123KG,153KG,,,253
254,amy Wood & Amy Buttar,ATHX BIRMINGHAM 2026,United Kingdom 🇬🇧,2026,Female,ATHX,Strength,,,,65KG,120KG,175KG,,,254
255,Ellen Whiteside & Gemma Deacon,ATHX BIRMINGHAM 2026,United Kingdom 🇬🇧,2026,Female,ATHX,Strength,,,,66KG,135KG,158KG,,,255
256,Elizabeth Whitehouse & Sy-Anne Holden,ATHX BIRMINGHAM 2026,United Kingdom 🇬🇧,2026,Female,ATHX,Strength,,,,68KG,120KG,170KG,,,256
257,Emily Carey-Smith & Kelly Heath,ATHX BIRMINGHAM 2026,United Kingdom 🇬🇧,2026,Female,ATHX,Strength,,,,66KG,130KG,160KG,,,257
258,Naomi McGregor & Sarah Hall,ATHX BIRMINGHAM 2026,United Kingdom 🇬🇧,2026,Female,ATHX,Strength,,,,63KG,126KG,165KG,,,258
259,Abigail Merricks & Lupe Morera,ATHX BIRMINGHAM 2026,United Kingdom 🇬🇧,2026,Female,ATHX,Strength,,,,63KG,125KG,165KG,,,259
259,Rebecca  Beaumont & Sophie Gager,ATHX BIRMINGHAM 2026,United Kingdom 🇬🇧,2026,Female,ATHX,Strength,,,,73KG,120KG,160KG,,,259
261,Michelle Smith & Hollie-Mai Smith,ATHX BIRMINGHAM 2026,United Kingdom 🇬🇧,2026,Female,ATHX,Strength,,,,68KG,126KG,158KG,,,261
262,jody ward & Danni Mitchell,ATHX BIRMINGHAM 2026,United Kingdom 🇬🇧,2026,Female,ATHX,Strength,,,,66KG,105KG,180KG,,,262
262,Neve Snelgrove & Stephanie Gaunt,ATHX BIRMINGHAM 2026,United Kingdom 🇬🇧,2026,Female,ATHX,Strength,,,,63KG,118KG,170KG,,,262
262,Joanne Orsmond & Anna Alderton,ATHX BIRMINGHAM 2026,United Kingdom 🇬🇧,2026,Female,ATHX,Strength,,,,70KG,128KG,153KG,,,262
265,Cherie Sykes & Evie Sykes,ATHX BIRMINGHAM 2026,United Kingdom 🇬🇧,2026,Female,ATHX,Strength,,,,65KG,125KG,160KG,,,265
266,chelsea ogrady & Bongiwe Sibanda,ATHX BIRMINGHAM 2026,United Kingdom 🇬🇧,2026,Female,ATHX,Strength,,,,85KG,150KG,114KG,,,266
266,Naomi Alesbury & Becky Hall,ATHX BIRMINGHAM 2026,United Kingdom 🇬🇧,2026,Female,ATHX,Strength,,,,68KG,116KG,165KG,,,266
268,Isobel Lloyd-Morris & Abigail Lloyd-morris,ATHX BIRMINGHAM 2026,United Kingdom 🇬🇧,2026,Female,ATHX,Strength,,,,61KG,121KG,165KG,,,268
269,Katie Kenney & Zoe Powney,ATHX BIRMINGHAM 2026,United Kingdom 🇬🇧,2026,Female,ATHX,Strength,,,,65KG,118KG,163KG,,,269
269,Louise Thalemann & victoria bulgin,ATHX BIRMINGHAM 2026,United Kingdom 🇬🇧,2026,Female,ATHX,Strength,,,,68KG,110KG,168KG,,,269
269,Hollie Bass & Sarah Dilkes,ATHX BIRMINGHAM 2026,United Kingdom 🇬🇧,2026,Female,ATHX,Strength,,,,63KG,133KG,150KG,,,269
272,Latasha Powell & Emily Sales,ATHX BIRMINGHAM 2026,United Kingdom 🇬🇧,2026,Female,ATHX,Strength,,,,60KG,125KG,160KG,,,272
273,Elissa Adams & Anna Bryant,ATHX BIRMINGHAM 2026,United Kingdom 🇬🇧,2026,Female,ATHX,Strength,,,,58KG,120KG,166KG,,,273
274,Dominique Childs & Sam Clarke,ATHX BIRMINGHAM 2026,United Kingdom 🇬🇧,2026,Female,ATHX,Strength,,,,68KG,110KG,165KG,,,274
275,Christy Adetola & Rossi Campbell,ATHX BIRMINGHAM 2026,United Kingdom 🇬🇧,2026,Female,ATHX,Strength,,,,63KG,116KG,160KG,,,275
275,Michelle Jones & Verity Gooding,ATHX BIRMINGHAM 2026,United Kingdom 🇬🇧,2026,Female,ATHX,Strength,,,,61KG,120KG,158KG,,,275
277,Annie Ramage & Emily Frampton,ATHX BIRMINGHAM 2026,United Kingdom 🇬🇧,2026,Female,ATHX,Strength,,,,63KG,120KG,155KG,,,277
278,tereza pilnackova & Roxane Long,ATHX BIRMINGHAM 2026,United Kingdom 🇬🇧,2026,Female,ATHX,Strength,,,,64KG,123KG,150KG,,,278
279,Sarah Harrison & Sarah Hardy,ATHX BIRMINGHAM 2026,United Kingdom 🇬🇧,2026,Female,ATHX,Strength,,,,63KG,108KG,163KG,,,279
280,Georgia Day & Sophie Fleming,ATHX BIRMINGHAM 2026,United Kingdom 🇬🇧,2026,Female,ATHX,Strength,,,,58KG,130KG,145KG,,,280
280,Cherniece Plume & Nicola Beer,ATHX BIRMINGHAM 2026,United Kingdom 🇬🇧,2026,Female,ATHX,Strength,,,,63KG,120KG,150KG,,,280
280,Rishonah Ronaldson & Hannah McMillan,ATHX BIRMINGHAM 2026,United Kingdom 🇬🇧,2026,Female,ATHX,Strength,,,,55KG,130KG,148KG,,,280
283,Louise Trodden & Jagjit Heer,ATHX BIRMINGHAM 2026,United Kingdom 🇬🇧,2026,Female,ATHX,Strength,,,,48KG,118KG,165KG,,,283
283,Robyn Laing & Isabella Yianni,ATHX BIRMINGHAM 2026,United Kingdom 🇬🇧,2026,Female,ATHX,Strength,,,,58KG,128KG,145KG,,,283
283,Kirsty Taylor & Georgina Rowley,ATHX BIRMINGHAM 2026,United Kingdom 🇬🇧,2026,Female,ATHX,Strength,,,,60KG,108KG,163KG,,,283
286,Adrianna Jackson & Rachel Gilbey,ATHX BIRMINGHAM 2026,United Kingdom 🇬🇧,2026,Female,ATHX,Strength,,,,70KG,110KG,150KG,,,286
287,Charlie Kimberley & Libby-Jade Cooper,ATHX BIRMINGHAM 2026,United Kingdom 🇬🇧,2026,Female,ATHX,Strength,,,,56KG,118KG,155KG,,,287
287,Jo Hindmarch & Gaynor Macaulay,ATHX BIRMINGHAM 2026,United Kingdom 🇬🇧,2026,Female,ATHX,Strength,,,,61KG,108KG,160KG,,,287
289,Naomi Cook & Angela Pannett,ATHX BIRMINGHAM 2026,United Kingdom 🇬🇧,2026,Female,ATHX,Strength,,,,58KG,115KG,153KG,,,289
289,Hannah Smith & Emma Wagstaff,ATHX BIRMINGHAM 2026,United Kingdom 🇬🇧,2026,Female,ATHX,Strength,,,,65KG,140KG,121KG,,,289
291,Maria Olaya & Claudia Jolonch,ATHX BIRMINGHAM 2026,United Kingdom 🇬🇧,2026,Female,ATHX,Strength,,,,58KG,135KG,130KG,,,291
292,Abbie Stead & Emma stead,ATHX BIRMINGHAM 2026,United Kingdom 🇬🇧,2026,Female,ATHX,Strength,,,,66KG,120KG,135KG,,,292
293,Ella Savage & Anna Johnson,ATHX BIRMINGHAM 2026,United Kingdom 🇬🇧,2026,Female,ATHX,Strength,,,,63KG,115KG,140KG,,,293
293,Lorena Carretero Moreno & Veronika Fajksova,ATHX BIRMINGHAM 2026,United Kingdom 🇬🇧,2026,Female,ATHX,Strength,,,,53KG,95KG,170KG,,,293
295,Joanne Bowman & Emma Tregellas,ATHX BIRMINGHAM 2026,United Kingdom 🇬🇧,2026,Female,ATHX,Strength,,,,63KG,103KG,151KG,,,295
296,Vicky Scales & Lauren Weston,ATHX BIRMINGHAM 2026,United Kingdom 🇬🇧,2026,Female,ATHX,Strength,,,,65KG,100KG,150KG,,,296
297,Sarah Mackay & Sophie Metcalfe,ATHX BIRMINGHAM 2026,United Kingdom 🇬🇧,2026,Female,ATHX,Strength,,,,63KG,105KG,143KG,,,297
298,Martha Eason & Taryn Porteous,ATHX BIRMINGHAM 2026,United Kingdom 🇬🇧,2026,Female,ATHX,Strength,,,,48KG,98KG,145KG,,,298
299,Neeta Rana & Keri Chappell,ATHX BIRMINGHAM 2026,United Kingdom 🇬🇧,2026,Female,ATHX,Strength,,,,58KG,85KG,136KG,,,299
300,Kerie Hale & Laura Taylor,ATHX BIRMINGHAM 2026,United Kingdom 🇬🇧,2026,Female,ATHX,Strength,,,,55KG,90KG,130KG,,,300
301,Lisa Ramsawak & Tara Maguire,ATHX BIRMINGHAM 2026,United Kingdom 🇬🇧,2026,Female,ATHX,Strength,,,,58KG,98KG,115KG,,,301
302,Helen Hogan & Julia Emerson,ATHX BIRMINGHAM 2026,United Kingdom 🇬🇧,2026,Female,ATHX,Strength,,,,55KG,85KG,130KG,,,302
1,Jamie Barnes & Thomas Potts,ATHX BIRMINGHAM 2026,United Kingdom 🇬🇧,2026,Male,ATHX Lite,Overall,4 (584KG),1 (8.936KM),1 (10:46),,,,,,6
2,James Whyte & Sam Faulkes,ATHX BIRMINGHAM 2026,United Kingdom 🇬🇧,2026,Male,ATHX Lite,Overall,1 (665KG),2 (8.492KM),3 (12:53),,,,,,6
3,Sivesh Kathir Kamarajah & Michael Bahrami-Hessari,ATHX BIRMINGHAM 2026,United Kingdom 🇬🇧,2026,Male,ATHX Lite,Overall,2 (640KG),3 (8.07KM),4 (13:18),,,,,,9
4,Craig Elswood & Michael Quick,ATHX BIRMINGHAM 2026,United Kingdom 🇬🇧,2026,Male,ATHX Lite,Overall,3 (593KG),5 (7.966KM),6 (15:18),,,,,,14
5,Martin Carvalho & Alex Gale,ATHX BIRMINGHAM 2026,United Kingdom 🇬🇧,2026,Male,ATHX Lite,Overall,7 (528KG),6 (7.886KM),2 (12:39),,,,,,15
6,Paul Wilkerson & Ben Cazot,ATHX BIRMINGHAM 2026,United Kingdom 🇬🇧,2026,Male,ATHX Lite,Overall,8 (500KG),4 (7.982KM),5 (13:29),,,,,,17
7,James King & Patrick O'Boyle,ATHX BIRMINGHAM 2026,United Kingdom 🇬🇧,2026,Male,ATHX Lite,Overall,6 (535KG),8 (7.067KM),7 (15:35),,,,,,21
8,Darren Gardner & Daniel Baker,ATHX BIRMINGHAM 2026,United Kingdom 🇬🇧,2026,Male,ATHX Lite,Overall,5 (553KG),9 (6.782KM),8 (17:58),,,,,,22
9,Soroosh Jabari & Shashi Patel,ATHX BIRMINGHAM 2026,United Kingdom 🇬🇧,2026,Male,ATHX Lite,Overall,9 (423KG),7 (7.354KM),9 (20:08),,,,,,25
1,Peter Crudge & Fergus Kneath,ATHX BIRMINGHAM 2026,United Kingdom 🇬🇧,2026,Male,ATHX Pro,Strength,,,,190KG,350KG,450KG,,,1
2,Ben Read & Greg Duddridge,ATHX BIRMINGHAM 2026,United Kingdom 🇬🇧,2026,Male,ATHX Pro,Strength,,,,175KG,365KG,445KG,,,2
3,Banki Akinsulire & Jamie Chatfield,ATHX BIRMINGHAM 2026,United Kingdom 🇬🇧,2026,Male,ATHX Pro,Strength,,,,178KG,360KG,420KG,,,3
4,Lukasz Debek & Tom Grindel,ATHX BIRMINGHAM 2026,United Kingdom 🇬🇧,2026,Male,ATHX Pro,Strength,,,,193KG,330KG,420KG,,,4
5,Alfie Burton & Taryn Skinner,ATHX BIRMINGHAM 2026,United Kingdom 🇬🇧,2026,Male,ATHX Pro,Strength,,,,160KG,345KG,423KG,,,5
6,Martyn Lever & Ben Haigh,ATHX BIRMINGHAM 2026,United Kingdom 🇬🇧,2026,Male,ATHX Pro,Strength,,,,163KG,360KG,390KG,,,6
7,Nathan Bland & Josh Bland,ATHX BIRMINGHAM 2026,United Kingdom 🇬🇧,2026,Male,ATHX Pro,Strength,,,,170KG,320KG,420KG,,,7
8,James Vernall & Mike Catris,ATHX BIRMINGHAM 2026,United Kingdom 🇬🇧,2026,Male,ATHX Pro,Strength,,,,201KG,340KG,360KG,,,8
9,Josh Reilly & Adam Stableford,ATHX BIRMINGHAM 2026,United Kingdom 🇬🇧,2026,Male,ATHX Pro,Strength,,,,170KG,345KG,370KG,,,9
10,Thomas Krogh & James English,ATHX BIRMINGHAM 2026,United Kingdom 🇬🇧,2026,Male,ATHX Pro,Strength,,,,160KG,320KG,400KG,,,10
11,Rhys Lewis & Nicolas Moore,ATHX BIRMINGHAM 2026,United Kingdom 🇬🇧,2026,Male,ATHX Pro,Strength,,,,170KG,340KG,360KG,,,11
12,Jonathan Whelan & Luke Rees,ATHX BIRMINGHAM 2026,United Kingdom 🇬🇧,2026,Male,ATHX Pro,Strength,,,,173KG,325KG,370KG,,,12
13,Jamie Matthews & andrew coupe,ATHX BIRMINGHAM 2026,United Kingdom 🇬🇧,2026,Male,ATHX Pro,Strength,,,,153KG,300KG,400KG,,,13
14,Thomas Rowland & Michael Rowland,ATHX BIRMINGHAM 2026,United Kingdom 🇬🇧,2026,Male,ATHX Pro,Strength,,,,156KG,305KG,390KG,,,14
15,James Cartwright & Dan Moyle,ATHX BIRMINGHAM 2026,United Kingdom 🇬🇧,2026,Male,ATHX Pro,Strength,,,,170KG,310KG,370KG,,,15
16,Alex Campbell & Joe Martin,ATHX BIRMINGHAM 2026,United Kingdom 🇬🇧,2026,Male,ATHX Pro,Strength,,,,165KG,300KG,378KG,,,16
17,Michael Chung & Pete Chlopek,ATHX BIRMINGHAM 2026,United Kingdom 🇬🇧,2026,Male,ATHX Pro,Strength,,,,160KG,308KG,370KG,,,17
18,Lewis Munt & Ethan Whittock,ATHX BIRMINGHAM 2026,United Kingdom 🇬🇧,2026,Male,ATHX Pro,Strength,,,,165KG,320KG,350KG,,,18
19,Andrew Brown & Paul Cranswick,ATHX BIRMINGHAM 2026,United Kingdom 🇬🇧,2026,Male,ATHX Pro,Strength,,,,148KG,330KG,350KG,,,19
20,Charlie Jones & Dominic Ainsworth,ATHX BIRMINGHAM 2026,United Kingdom 🇬🇧,2026,Male,ATHX Pro,Strength,,,,148KG,315KG,360KG,,,20
21,Jack Brereton & lewis pritchett,ATHX BIRMINGHAM 2026,United Kingdom 🇬🇧,2026,Male,ATHX Pro,Strength,,,,155KG,300KG,360KG,,,21
22,Chris Allen & Chris Adams,ATHX BIRMINGHAM 2026,United Kingdom 🇬🇧,2026,Male,ATHX Pro,Strength,,,,150KG,300KG,360KG,,,22
23,Joe Ball & Matt Baxter,ATHX BIRMINGHAM 2026,United Kingdom 🇬🇧,2026,Male,ATHX Pro,Strength,,,,140KG,260KG,317KG,,,23
24,Aaron OBrien & Joel O'Sullivan,ATHX BIRMINGHAM 2026,United Kingdom 🇬🇧,2026,Male,ATHX Pro,Strength,,,,153KG,253KG,290KG,,,24
25,Lewis Chatfield & chris pickering,ATHX BIRMINGHAM 2026,United Kingdom 🇬🇧,2026,Male,ATHX Pro,Strength,,,,120KG,235KG,315KG,,,25
26,Adam Brittain & William Turville,ATHX BIRMINGHAM 2026,United Kingdom 🇬🇧,2026,Male,ATHX Pro,Strength,,,,126KG,260KG,280KG,,,26
27,Caine Stringer & Louis Kerin,ATHX BIRMINGHAM 2026,United Kingdom 🇬🇧,2026,Male,ATHX Pro,Strength,,,,123KG,200KG,240KG,,,27
1,Aliya Arthur & Samantha Johnson,ATHX BIRMINGHAM 2026,United Kingdom 🇬🇧,2026,Female,ATHX,Overall,13 (525KG),12 (8.943KM),4 (14:10),,,,,,29
2,Holly Yates & Emily Kendall,ATHX BIRMINGHAM 2026,United Kingdom 🇬🇧,2026,Female,ATHX,Overall,7 (544KG),15 (8.845KM),12 (14:40),,,,,,34
3,Ruth Casey & Katrin Hulme,ATHX BIRMINGHAM 2026,United Kingdom 🇬🇧,2026,Female,ATHX,Overall,33 (481KG),4 (9.246KM),2 (13:52),,,,,,39
4,Olivia Hull & Charlie Wyn Williams,ATHX BIRMINGHAM 2026,United Kingdom 🇬🇧,2026,Female,ATHX,Overall,2 (569KG),40 (8.622KM),8 (14:32),,,,,,50
5,Poppy Wilson & Hannah Baines,ATHX BIRMINGHAM 2026,United Kingdom 🇬🇧,2026,Female,ATHX,Overall,28 (488KG),22 (8.783KM),3 (14:03),,,,,,53
6,Georgina Dolan & Alexandra Dolan,ATHX BIRMINGHAM 2026,United Kingdom 🇬🇧,2026,Female,ATHX,Overall,22 (499KG),11 (8.977KM),24 (15:10),,,,,,57
7,Sheridan McWilliam & Tessa Clarke,ATHX BIRMINGHAM 2026,United Kingdom 🇬🇧,2026,Female,ATHX,Overall,23 (495KG),7 (9.208KM),28 (15:17),,,,,,58
7,Amanda Haywood-Atkinson & Zoe Lawrence,ATHX BIRMINGHAM 2026,United Kingdom 🇬🇧,2026,Female,ATHX,Overall,9 (533KG),29 (8.737KM),20 (14:56),,,,,,58
9,Hayley Leese & Emma Darlington,ATHX BIRMINGHAM 2026,United Kingdom 🇬🇧,2026,Female,ATHX,Overall,4 (558KG),53 (8.518KM),8 (14:32),,,,,,65
10,Erica Timbrell & Eve Burns,ATHX BIRMINGHAM 2026,United Kingdom 🇬🇧,2026,Female,ATHX,Overall,31 (485KG),32 (8.726KM),10 (14:38),,,,,,73
11,sharlene Greenwood & Claire Barron,ATHX BIRMINGHAM 2026,United Kingdom 🇬🇧,2026,Female,ATHX,Overall,8 (543KG),63 (8.46KM),6 (14:18),,,,,,77
11,Noddy Burke & Hayley Roebuck,ATHX BIRMINGHAM 2026,United Kingdom 🇬🇧,2026,Female,ATHX,Overall,3 (560KG),55 (8.508KM),19 (14:55),,,,,,77
13,Kirsten Hood & Simona Marinov,ATHX BIRMINGHAM 2026,United Kingdom 🇬🇧,2026,Female,ATHX,Overall,1 (570KG),68 (8.442KM),14 (14:47),,,,,,83
14,Charlotte Good & Katie Skellett,ATHX BIRMINGHAM 2026,United Kingdom 🇬🇧,2026,Female,ATHX,Overall,58 (460KG),10 (8.981KM),23 (15:09),,,,,,91
15,Lucy Berry & Sophie Field,ATHX BIRMINGHAM 2026,United Kingdom 🇬🇧,2026,Female,ATHX,Overall,12 (526KG),56 (8.486KM),26 (15:11),,,,,,94
16,Becca Charnock & Aimee Thompson,ATHX BIRMINGHAM 2026,United Kingdom 🇬🇧,2026,Female,ATHX,Overall,96 (440KG),2 (9.257KM),7 (14:20),,,,,,105
17,Laura Jones & Sarah Fanning,ATHX BIRMINGHAM 2026,United Kingdom 🇬🇧,2026,Female,ATHX,Overall,40 (473KG),18 (8.808KM),54 (16:40),,,,,,112
18,Sindy Haake & Silva Moderzinski,ATHX BIRMINGHAM 2026,United Kingdom 🇬🇧,2026,Female,ATHX,Overall,74 (448KG),24 (8.775KM),16 (14:51),,,,,,114
19,Pippa Harvey & Georgia Henderson,ATHX BIRMINGHAM 2026,United Kingdom 🇬🇧,2026,Female,ATHX,Overall,52 (461KG),17 (8.817KM),49 (16:15),,,,,,118
20,Amy Parmenter & Holly Du Toit,ATHX BIRMINGHAM 2026,United Kingdom 🇬🇧,2026,Female,ATHX,Overall,74 (448KG),30 (8.735KM),15 (14:48),,,,,,119
21,Mia Reay & Millie Fern,ATHX BIRMINGHAM 2026,United Kingdom 🇬🇧,2026,Female,ATHX,Overall,43 (468KG),38 (8.636KM),43 (16:02),,,,,,124
22,Lisa Jones & Natalie Briggs,ATHX BIRMINGHAM 2026,United Kingdom 🇬🇧,2026,Female,ATHX,Overall,119 (429KG),3 (9.249KM),5 (14:16),,,,,,127
23,Ruby Jacklin & Nicola Maltby,ATHX BIRMINGHAM 2026,United Kingdom 🇬🇧,2026,Female,ATHX,Overall,61 (456KG),16 (8.825KM),51 (16:27),,,,,,128
24,Olivia Mole & Charlie Banyard,ATHX BIRMINGHAM 2026,United Kingdom 🇬🇧,2026,Female,ATHX,Overall,33 (481KG),76 (8.393KM),21 (14:59),,,,,,130
25,Daneen Hughes & Kate Collett,ATHX BIRMINGHAM 2026,United Kingdom 🇬🇧,2026,Female,ATHX,Overall,28 (488KG),47 (8.575KM),58 (16:53),,,,,,133
26,Holly Espie & Reanne Francis,ATHX BIRMINGHAM 2026,United Kingdom 🇬🇧,2026,Female,ATHX,Overall,37 (476KG),49 (8.543KM),50 (16:17),,,,,,136
27,Tilly Johnson & Samantha Weller-Pryce,ATHX BIRMINGHAM 2026,United Kingdom 🇬🇧,2026,Female,ATHX,Overall,92 (441KG),13 (8.892KM),33 (15:36),,,,,,138
28,Olivia Kreigenfeld & Pippa Watson,ATHX BIRMINGHAM 2026,United Kingdom 🇬🇧,2026,Female,ATHX,Overall,27 (489KG),71 (8.434KM),41 (15:57),,,,,,139
29,Maddy Dawson & Hannah Gaves,ATHX BIRMINGHAM 2026,United Kingdom 🇬🇧,2026,Female,ATHX,Overall,17 (501KG),59 (8.472KM),71 (17:10),,,,,,147
30,Chenoa Ingram & Michelle Smith,ATHX BIRMINGHAM 2026,United Kingdom 🇬🇧,2026,Female,ATHX,Overall,17 (501KG),100 (8.202KM),31 (15:33),,,,,,148
31,Jenn Harris & Lucie Beech-Pickard,ATHX BIRMINGHAM 2026,United Kingdom 🇬🇧,2026,Female,ATHX,Overall,24 (493KG),90 (8.275KM),38 (15:52),,,,,,152
31,Lauren O’Donnell & Kayleanne Payne,ATHX BIRMINGHAM 2026,United Kingdom 🇬🇧,2026,Female,ATHX,Overall,79 (446KG),46 (8.584KM),27 (15:12),,,,,,152
33,Stacey Horner & Clare Shepherd,ATHX BIRMINGHAM 2026,United Kingdom 🇬🇧,2026,Female,ATHX,Overall,112 (433KG),26 (8.751KM),17 (14:53),,,,,,155
34,Katy Graham & Jen Bale,ATHX BIRMINGHAM 2026,United Kingdom 🇬🇧,2026,Female,ATHX,Overall,40 (473KG),48 (8.549KM),68 (17:04),,,,,,156
35,Rebecca Young & Eleanor Taylor,ATHX BIRMINGHAM 2026,United Kingdom 🇬🇧,2026,Female,ATHX,Overall,138 (419KG),1 (9.328KM),18 (14:54),,,,,,157
36,Christabel Turcan & Sarah Fraser,ATHX BIRMINGHAM 2026,United Kingdom 🇬🇧,2026,Female,ATHX,Overall,146 (417KG),8 (9.157KM),10 (14:38),,,,,,164
37,Emma Perry & Rebekah Webster,ATHX BIRMINGHAM 2026,United Kingdom 🇬🇧,2026,Female,ATHX,Overall,114 (431KG),6 (9.21KM),47 (16:08),,,,,,167
38,Alex Withey & Faye Lewis,ATHX BIRMINGHAM 2026,United Kingdom 🇬🇧,2026,Female,ATHX,Overall,65 (454KG),67 (8.444KM),36 (15:43),,,,,,168
39,Caitlin Borders & Lucy Craik,ATHX BIRMINGHAM 2026,United Kingdom 🇬🇧,2026,Female,ATHX,Overall,58 (460KG),78 (8.38KM),40 (15:56),,,,,,176
40,Nicole Bradley & Stacey Gifford-Brown,ATHX BIRMINGHAM 2026,United Kingdom 🇬🇧,2026,Female,ATHX,Overall,15 (506KG),80 (8.358KM),85 (17:34),,,,,,180
41,Holly Hewlett & Mollie Churms,ATHX BIRMINGHAM 2026,United Kingdom 🇬🇧,2026,Female,ATHX,Overall,121 (428KG),27 (8.745KM),35 (15:38),,,,,,183
42,Lhea  Terzaki  & Kara Frost,ATHX BIRMINGHAM 2026,United Kingdom 🇬🇧,2026,Female,ATHX,Overall,87 (443KG),31 (8.728KM),67 (17:02),,,,,,185
42,Grace Gurling & Sophie Harris,ATHX BIRMINGHAM 2026,United Kingdom 🇬🇧,2026,Female,ATHX,Overall,87 (443KG),64 (8.457KM),34 (15:37),,,,,,185
44,Krystle Winfield & Holly De Caville,ATHX BIRMINGHAM 2026,United Kingdom 🇬🇧,2026,Female,ATHX,Overall,104 (437KG),44 (8.596KM),48 (16:10),,,,,,196
45,Hayley Anderson & Gemma Dannatt,ATHX BIRMINGHAM 2026,United Kingdom 🇬🇧,2026,Female,ATHX,Overall,25 (490KG),91 (8.264KM),82 (17:29),,,,,,198
46,Danielle Wheadon & Talia Murphy,ATHX BIRMINGHAM 2026,United Kingdom 🇬🇧,2026,Female,ATHX,Overall,37 (476KG),107 (8.163KM),60 (16:55),,,,,,204
47,Francesca di Palma & Sussanna di Palma,ATHX BIRMINGHAM 2026,United Kingdom 🇬🇧,2026,Female,ATHX,Overall,152 (415KG),21 (8.796KM),37 (15:46),,,,,,210
48,Ellie Smith & Mia Frazer,ATHX BIRMINGHAM 2026,United Kingdom 🇬🇧,2026,Female,ATHX,Overall,165 (411KG),20 (8.804KM),30 (15:31),,,,,,215
49,Chloe Coote & Georgia Stevens,ATHX BIRMINGHAM 2026,United Kingdom 🇬🇧,2026,Female,ATHX,Overall,170 (408KG),33 (8.681KM),13 (14:44),,,,,,216
50,Hannah Vogler & Carina Casey,ATHX BIRMINGHAM 2026,United Kingdom 🇬🇧,2026,Female,ATHX,Overall,147 (416KG),41 (8.607KM),32 (15:34),,,,,,220
51,Holly Heffron & Erin Healy,ATHX BIRMINGHAM 2026,United Kingdom 🇬🇧,2026,Female,ATHX,Overall,62 (455KG),65 (8.453KM),97 (17:48),,,,,,224
52,Keren Bland & emma howitt,ATHX BIRMINGHAM 2026,United Kingdom 🇬🇧,2026,Female,ATHX,Overall,72 (449KG),94 (8.232KM),59 (16:54),,,,,,225
53,Ashley Faith Brooks & Kate West,ATHX BIRMINGHAM 2026,United Kingdom 🇬🇧,2026,Female,ATHX,Overall,139 (418KG),25 (8.755KM),63 (16:56),,,,,,227
54,Marion Andrey & Jessica Clarke,ATHX BIRMINGHAM 2026,United Kingdom 🇬🇧,2026,Female,ATHX,Overall,133 (421KG),45 (8.586KM),52 (16:30),,,,,,230
55,Jessica Williams & Elodie Stoker,ATHX BIRMINGHAM 2026,United Kingdom 🇬🇧,2026,Female,ATHX,Overall,177 (404KG),9 (9.131KM),45 (16:05),,,,,,231
56,Kelsie Johnson & Esther Johnson,ATHX BIRMINGHAM 2026,United Kingdom 🇬🇧,2026,Female,ATHX,Overall,60 (458KG),75 (8.409KM),98 (17:49),,,,,,233
56,Louise Dadd & Sabrina Campbell,ATHX BIRMINGHAM 2026,United Kingdom 🇬🇧,2026,Female,ATHX,Overall,32 (483KG),113 (8.141KM),88 (17:38),,,,,,233
58,Polly Corner & Bethan Hewitt,ATHX BIRMINGHAM 2026,United Kingdom 🇬🇧,2026,Female,ATHX,Overall,50 (463KG),111 (8.142KM),73 (17:12),,,,,,234
59,Samantha Kayser & Jade Foxcroft,ATHX BIRMINGHAM 2026,United Kingdom 🇬🇧,2026,Female,ATHX,Overall,52 (461KG),129 (8.026KM),54 (16:40),,,,,,235
60,Ruslana Rashchupkina & Victoria Burke,ATHX BIRMINGHAM 2026,United Kingdom 🇬🇧,2026,Female,ATHX,Overall,197 (393KG),14 (8.874KM),29 (15:22),,,,,,240
61,Kate Henderson & Elise bailey,ATHX BIRMINGHAM 2026,United Kingdom 🇬🇧,2026,Female,ATHX,Overall,67 (453KG),81 (8.357KM),95 (17:44),,,,,,243
62,Karen Stephens & Amanda Williams,ATHX BIRMINGHAM 2026,United Kingdom 🇬🇧,2026,Female,ATHX,Overall,14 (511KG),208 (7.642KM),22 (15:05),,,,,,244
63,Millie Foley & Izzy Morris,ATHX BIRMINGHAM 2026,United Kingdom 🇬🇧,2026,Female,ATHX,Overall,193 (396KG),28 (8.744KM),24 (15:10),,,,,,245
64,Sandra Pugh & Kayleigh Afford,ATHX BIRMINGHAM 2026,United Kingdom 🇬🇧,2026,Female,ATHX,Overall,62 (455KG),92 (8.248KM),93 (17:42),,,,,,247
65,Caitlin Curran & Athina Hirst,ATHX BIRMINGHAM 2026,United Kingdom 🇬🇧,2026,Female,ATHX,Overall,197 (393KG),19 (8.806KM),39 (15:55),,,,,,255
66,Tonya Murray & Emma Walsh,ATHX BIRMINGHAM 2026,United Kingdom 🇬🇧,2026,Female,ATHX,Overall,181 (402KG),35 (8.666KM),43 (16:02),,,,,,259
67,Laura Pearson & Jess Suthard,ATHX BIRMINGHAM 2026,United Kingdom 🇬🇧,2026,Female,ATHX,Overall,99 (438KG),83 (8.341KM),81 (17:28),,,,,,263
68,Justine Leith & Sophie OConnor,ATHX BIRMINGHAM 2026,United Kingdom 🇬🇧,2026,Female,ATHX,Overall,96 (440KG),109 (8.159KM),64 (16:57),,,,,,269
69,Nicky Bliss & Anna Kedzierska,ATHX BIRMINGHAM 2026,United Kingdom 🇬🇧,2026,Female,ATHX,Overall,152 (415KG),51 (8.535KM),74 (17:16),,,,,,277
70,faith hooper & Julia Messer,ATHX BIRMINGHAM 2026,United Kingdom 🇬🇧,2026,Female,ATHX,Overall,50 (463KG),128 (8.032KM),104 (17:56),,,,,,282
71,Holly James & Lorna Kelly,ATHX BIRMINGHAM 2026,United Kingdom 🇬🇧,2026,Female,ATHX,Overall,49 (465KG),160 (7.894KM),77 (17:20),,,,,,286
72,Gem COEL & Victoria Foote,ATHX BIRMINGHAM 2026,United Kingdom 🇬🇧,2026,Female,ATHX,Overall,43 (468KG),107 (8.163KM),138 (18:37),,,,,,288
72,Stephanie Poulter & Katie Truscott-Howell,ATHX BIRMINGHAM 2026,United Kingdom 🇬🇧,2026,Female,ATHX,Overall,5 (553KG),166 (7.859KM),117 (18:11),,,,,,288
74,Roxy Cameron & Amber Evans,ATHX BIRMINGHAM 2026,United Kingdom 🇬🇧,2026,Female,ATHX,Overall,218 (378KG),34 (8.669KM),46 (16:07),,,,,,298
75,Rebecca Coleman & Adela Covaciu,ATHX BIRMINGHAM 2026,United Kingdom 🇬🇧,2026,Female,ATHX,Overall,197 (393KG),60 (8.463KM),42 (16:00),,,,,,299
76,Victoria Hazell & Katy Wicks,ATHX BIRMINGHAM 2026,United Kingdom 🇬🇧,2026,Female,ATHX,Overall,118 (430KG),126 (8.047KM),57 (16:52),,,,,,301
77,Georgia Thomas & Gemma Hughes,ATHX BIRMINGHAM 2026,United Kingdom 🇬🇧,2026,Female,ATHX,Overall,52 (461KG),181 (7.801KM),69 (17:08),,,,,,302
78,Georgia Beasley & Katie Evans,ATHX BIRMINGHAM 2026,United Kingdom 🇬🇧,2026,Female,ATHX,Overall,212 (386KG),36 (8.653KM),56 (16:42),,,,,,304
79,Laura Wilson & Beth Owen,ATHX BIRMINGHAM 2026,United Kingdom 🇬🇧,2026,Female,ATHX,Overall,164 (412KG),60 (8.463KM),88 (17:38),,,,,,312
79,Alex Miller & Millie Diamond,ATHX BIRMINGHAM 2026,United Kingdom 🇬🇧,2026,Female,ATHX,Overall,99 (438KG),122 (8.087KM),91 (17:39),,,,,,312
81,Emily Grehan & Emma Herlihy,ATHX BIRMINGHAM 2026,United Kingdom 🇬🇧,2026,Female,ATHX,Overall,131 (424KG),104 (8.183KM),78 (17:24),,,,,,313
82,Amy Taylor & Emily Rae,ATHX BIRMINGHAM 2026,United Kingdom 🇬🇧,2026,Female,ATHX,Overall,96 (440KG),132 (8.014KM),88 (17:38),,,,,,316
83,Abigail Merricks & Lupe Morera,ATHX BIRMINGHAM 2026,United Kingdom 🇬🇧,2026,Female,ATHX,Overall,259 (353KG),5 (9.235KM),53 (16:34),,,,,,317
83,Ana Devis & Rebeca Espinar Alvarez,ATHX BIRMINGHAM 2026,United Kingdom 🇬🇧,2026,Female,ATHX,Overall,74 (448KG),120 (8.093KM),123 (18:25),,,,,,317
85,Eloise Barnes & Kate Harvey,ATHX BIRMINGHAM 2026,United Kingdom 🇬🇧,2026,Female,ATHX,Overall,190 (398KG),131 (8.015KM),1 (12:44),,,,,,322
86,Katherine Ivey & Cliona Beirne,ATHX BIRMINGHAM 2026,United Kingdom 🇬🇧,2026,Female,ATHX,Overall,11 (530KG),248 (7.431KM),65 (16:59),,,,,,324
87,Amy Brooks & Sarah Finbow,ATHX BIRMINGHAM 2026,United Kingdom 🇬🇧,2026,Female,ATHX,Overall,79 (446KG),79 (8.373KM),171 (19:10),,,,,,329
87,Cayla Vichot & Katherine Gaukroger,ATHX BIRMINGHAM 2026,United Kingdom 🇬🇧,2026,Female,ATHX,Overall,43 (468KG),145 (7.961KM),141 (18:43),,,,,,329
87,Kirsty Mars & Dina Ali Al-Samawi,ATHX BIRMINGHAM 2026,United Kingdom 🇬🇧,2026,Female,ATHX,Overall,152 (415KG),117 (8.118KM),60 (16:55),,,,,,329
90,Jenny Bourton & robyn Dentry,ATHX BIRMINGHAM 2026,United Kingdom 🇬🇧,2026,Female,ATHX,Overall,132 (423KG),84 (8.329KM),115 (18:08),,,,,,331
91,Molly Hannafin & Jess Pearce,ATHX BIRMINGHAM 2026,United Kingdom 🇬🇧,2026,Female,ATHX,Overall,92 (441KG),85 (8.328KM),155 (18:53),,,,,,332
92,Josie Meatyard & Lee Cousins,ATHX BIRMINGHAM 2026,United Kingdom 🇬🇧,2026,Female,ATHX,Overall,126 (427KG),93 (8.239KM),119 (18:12),,,,,,338
93,Lucy  Hodgson & Ellie Gahan,ATHX BIRMINGHAM 2026,United Kingdom 🇬🇧,2026,Female,ATHX,Overall,158 (413KG),52 (8.52KM),130 (18:28),,,,,,340
93,Siobhan Thubron & Alana Birchall,ATHX BIRMINGHAM 2026,United Kingdom 🇬🇧,2026,Female,ATHX,Overall,170 (408KG),57 (8.478KM),113 (18:04),,,,,,340
95,charlotte pengilly & Aimee Sussex,ATHX BIRMINGHAM 2026,United Kingdom 🇬🇧,2026,Female,ATHX,Overall,52 (461KG),167 (7.858KM),123 (18:25),,,,,,342
96,Eni Adeyemo & Jennifer Panaki,ATHX BIRMINGHAM 2026,United Kingdom 🇬🇧,2026,Female,ATHX,Overall,15 (506KG),264 (7.3KM),66 (17:00),,,,,,345
97,Sophia Phillips & Nichola Hands,ATHX BIRMINGHAM 2026,United Kingdom 🇬🇧,2026,Female,ATHX,Overall,79 (446KG),114 (8.139KM),153 (18:52),,,,,,346
97,Lilly Webb & Ashley Barnes,ATHX BIRMINGHAM 2026,United Kingdom 🇬🇧,2026,Female,ATHX,Overall,226 (376KG),60 (8.463KM),60 (16:55),,,,,,346
99,Duaa Mbuyi & Georgia Bowman,ATHX BIRMINGHAM 2026,United Kingdom 🇬🇧,2026,Female,ATHX,Overall,110 (434KG),138 (8.004KM),103 (17:53),,,,,,351
100,Kerry Chawko & Rachel Cawthorne,ATHX BIRMINGHAM 2026,United Kingdom 🇬🇧,2026,Female,ATHX,Overall,46 (466KG),141 (7.985KM),165 (19:03),,,,,,352
100,Felicity Arneaud & Gemma Square,ATHX BIRMINGHAM 2026,United Kingdom 🇬🇧,2026,Female,ATHX,Overall,158 (413KG),119 (8.102KM),75 (17:19),,,,,,352
102,Anna Harvey & Joanne Motte,ATHX BIRMINGHAM 2026,United Kingdom 🇬🇧,2026,Female,ATHX,Overall,79 (446KG),89 (8.295KM),185 (19:28),,,,,,353
103,Louise Hynes & Jade Rivers,ATHX BIRMINGHAM 2026,United Kingdom 🇬🇧,2026,Female,ATHX,Overall,6 (545KG),193 (7.741KM),155 (18:53),,,,,,354
104,Kelly Wedge & Gheri Ashcroft,ATHX BIRMINGHAM 2026,United Kingdom 🇬🇧,2026,Female,ATHX,Overall,187 (399KG),54 (8.517KM),114 (18:07),,,,,,355
105,Jen Beattie & Kath Stephens,ATHX BIRMINGHAM 2026,United Kingdom 🇬🇧,2026,Female,ATHX,Overall,46 (466KG),204 (7.672KM),108 (18:02),,,,,,358
105,Sally Scott & Liz Covino,ATHX BIRMINGHAM 2026,United Kingdom 🇬🇧,2026,Female,ATHX,Overall,114 (431KG),72 (8.427KM),172 (19:11),,,,,,358
107,Holly Barber & Natalka Prychidnyj,ATHX BIRMINGHAM 2026,United Kingdom 🇬🇧,2026,Female,ATHX,Overall,135 (420KG),77 (8.39KM),148 (18:46),,,,,,360
107,Alice Tocknell & Molly Hemming,ATHX BIRMINGHAM 2026,United Kingdom 🇬🇧,2026,Female,ATHX,Overall,74 (448KG),163 (7.875KM),123 (18:25),,,,,,360
109,Alexandra Pope & Heather Fitzsimmons,ATHX BIRMINGHAM 2026,United Kingdom 🇬🇧,2026,Female,ATHX,Overall,25 (490KG),194 (7.74KM),143 (18:44),,,,,,362
110,Lauren Lawson & Olivia Tutton,ATHX BIRMINGHAM 2026,United Kingdom 🇬🇧,2026,Female,ATHX,Overall,105 (436KG),159 (7.895KM),100 (17:52),,,,,,364
111,Gemma Hole & Lauren Teasdale,ATHX BIRMINGHAM 2026,United Kingdom 🇬🇧,2026,Female,ATHX,Overall,52 (461KG),88 (8.313KM),225 (20:25),,,,,,365
112,Lucy Logan & Lucy Mcinerney,ATHX BIRMINGHAM 2026,United Kingdom 🇬🇧,2026,Female,ATHX,Overall,174 (405KG),87 (8.314KM),106 (17:58),,,,,,367
113,Lou Osment & Kimberly Mills,ATHX BIRMINGHAM 2026,United Kingdom 🇬🇧,2026,Female,ATHX,Overall,108 (435KG),188 (7.782KM),75 (17:19),,,,,,371
114,Sophie Taylor & Jemma Mastrocristino,ATHX BIRMINGHAM 2026,United Kingdom 🇬🇧,2026,Female,ATHX,Overall,79 (446KG),130 (8.017KM),164 (19:02),,,,,,373
115,Sonia Jones & Sammie Lloyd,ATHX BIRMINGHAM 2026,United Kingdom 🇬🇧,2026,Female,ATHX,Overall,46 (466KG),201 (7.708KM),130 (18:28),,,,,,377
116,Latasha Powell & Emily Sales,ATHX BIRMINGHAM 2026,United Kingdom 🇬🇧,2026,Female,ATHX,Overall,272 (345KG),23 (8.778KM),83 (17:30),,,,,,378
117,Stephanie Shepherd & Isabelle Cross,ATHX BIRMINGHAM 2026,United Kingdom 🇬🇧,2026,Female,ATHX,Overall,133 (421KG),148 (7.947KM),100 (17:52),,,,,,381
118,Jade Danes & Jody Brazel,ATHX BIRMINGHAM 2026,United Kingdom 🇬🇧,2026,Female,ATHX,Overall,40 (473KG),152 (7.938KM),193 (19:40),,,,,,385
119,Abigail Lockwood-Morris & Emily Higham,ATHX BIRMINGHAM 2026,United Kingdom 🇬🇧,2026,Female,ATHX,Overall,226 (376KG),70 (8.439KM),91 (17:39),,,,,,387
119,tereza pilnackova & Roxane Long,ATHX BIRMINGHAM 2026,United Kingdom 🇬🇧,2026,Female,ATHX,Overall,278 (337KG),39 (8.632KM),70 (17:09),,,,,,387
121,Kate Parkman & Katrina Cross,ATHX BIRMINGHAM 2026,United Kingdom 🇬🇧,2026,Female,ATHX,Overall,182 (401KG),97 (8.224KM),111 (18:03),,,,,,390
122,Michaela Corbett & Charlotte Smith,ATHX BIRMINGHAM 2026,United Kingdom 🇬🇧,2026,Female,ATHX,Overall,69 (451KG),157 (7.899KM),166 (19:04),,,,,,392
123,Aimee Waters & Chontelle Nightingale,ATHX BIRMINGHAM 2026,United Kingdom 🇬🇧,2026,Female,ATHX,Overall,152 (415KG),109 (8.159KM),132 (18:31),,,,,,393
124,Kerry Sudale & Lauren Steadman,ATHX BIRMINGHAM 2026,United Kingdom 🇬🇧,2026,Female,ATHX,Overall,70 (450KG),173 (7.827KM),152 (18:50),,,,,,395
125,Emma Jarvis & Charlotte Swarbrick,ATHX BIRMINGHAM 2026,United Kingdom 🇬🇧,2026,Female,ATHX,Overall,247 (363KG),68 (8.442KM),84 (17:31),,,,,,399
126,Naomi McGregor & Sarah Hall,ATHX BIRMINGHAM 2026,United Kingdom 🇬🇧,2026,Female,ATHX,Overall,258 (354KG),42 (8.602KM),104 (17:56),,,,,,404
127,Samantha Minnis & Jenni Page,ATHX BIRMINGHAM 2026,United Kingdom 🇬🇧,2026,Female,ATHX,Overall,87 (443KG),146 (7.952KM),173 (19:13),,,,,,406
128,Louise Trodden & Jagjit Heer,ATHX BIRMINGHAM 2026,United Kingdom 🇬🇧,2026,Female,ATHX,Overall,283 (331KG),37 (8.639KM),87 (17:35),,,,,,407
128,Laura Wright & Laura Neave,ATHX BIRMINGHAM 2026,United Kingdom 🇬🇧,2026,Female,ATHX,Overall,28 (488KG),206 (7.654KM),173 (19:13),,,,,,407
130,Lucy Williams & Robyn Ince,ATHX BIRMINGHAM 2026,United Kingdom 🇬🇧,2026,Female,ATHX,Overall,238 (371KG),97 (8.224KM),80 (17:27),,,,,,415
131,Esther Dobie & Laura McLaren,ATHX BIRMINGHAM 2026,United Kingdom 🇬🇧,2026,Female,ATHX,Overall,147 (416KG),124 (8.077KM),145 (18:45),,,,,,416
132,Alice Torr & Rachel White,ATHX BIRMINGHAM 2026,United Kingdom 🇬🇧,2026,Female,ATHX,Overall,218 (378KG),86 (8.315KM),116 (18:10),,,,,,420
133,Zara Templeman & Karen Wrigjey,ATHX BIRMINGHAM 2026,United Kingdom 🇬🇧,2026,Female,ATHX,Overall,193 (396KG),143 (7.969KM),85 (17:34),,,,,,421
134,Lynn Bertenshaw & Caitlin Callan,ATHX BIRMINGHAM 2026,United Kingdom 🇬🇧,2026,Female,ATHX,Overall,72 (449KG),233 (7.526KM),117 (18:11),,,,,,422
134,Megan Bride & Isabel Brown,ATHX BIRMINGHAM 2026,United Kingdom 🇬🇧,2026,Female,ATHX,Overall,121 (428KG),158 (7.898KM),143 (18:44),,,,,,422
136,Ellie Hunt & Sarah Reeder,ATHX BIRMINGHAM 2026,United Kingdom 🇬🇧,2026,Female,ATHX,Overall,147 (416KG),149 (7.944KM),127 (18:26),,,,,,423
137,Joanne Lloyd & Tessa Wills,ATHX BIRMINGHAM 2026,United Kingdom 🇬🇧,2026,Female,ATHX,Overall,166 (410KG),147 (7.95KM),111 (18:03),,,,,,424
138,Charlotte Preston & Rachel Walker,ATHX BIRMINGHAM 2026,United Kingdom 🇬🇧,2026,Female,ATHX,Overall,139 (418KG),178 (7.812KM),108 (18:02),,,,,,425
139,laura carter & Ellie Rowley,ATHX BIRMINGHAM 2026,United Kingdom 🇬🇧,2026,Female,ATHX,Overall,20 (500KG),254 (7.392KM),153 (18:52),,,,,,427
140,Eva May & Alice Mee,ATHX BIRMINGHAM 2026,United Kingdom 🇬🇧,2026,Female,ATHX,Overall,215 (380KG),136 (8.008KM),78 (17:24),,,,,,429
141,Simone Beasant & Chantelle Dorsett,ATHX BIRMINGHAM 2026,United Kingdom 🇬🇧,2026,Female,ATHX,Overall,166 (410KG),156 (7.922KM),108 (18:02),,,,,,430
141,Cristina Ferreira & Claire Davison,ATHX BIRMINGHAM 2026,United Kingdom 🇬🇧,2026,Female,ATHX,Overall,87 (443KG),180 (7.805KM),163 (19:00),,,,,,430
143,Lauren Bowe & Anna Morley,ATHX BIRMINGHAM 2026,United Kingdom 🇬🇧,2026,Female,ATHX,Overall,158 (413KG),94 (8.232KM),180 (19:22),,,,,,432
144,Rebecca Barrow & Gemma Sharples,ATHX BIRMINGHAM 2026,United Kingdom 🇬🇧,2026,Female,ATHX,Overall,9 (533KG),217 (7.583KM),210 (20:02),,,,,,436
145,Charlotte Sweeney & Donna Wright,ATHX BIRMINGHAM 2026,United Kingdom 🇬🇧,2026,Female,ATHX,Overall,62 (455KG),220 (7.575KM),155 (18:53),,,,,,437
146,Kelly Woolley & April Strong,ATHX BIRMINGHAM 2026,United Kingdom 🇬🇧,2026,Female,ATHX,Overall,119 (429KG),186 (7.788KM),133 (18:32),,,,,,438
147,Ella Savage & Anna Johnson,ATHX BIRMINGHAM 2026,United Kingdom 🇬🇧,2026,Female,ATHX,Overall,293 (318KG),50 (8.537KM),96 (17:47),,,,,,439
148,Sophy Wills & Beth Whapham,ATHX BIRMINGHAM 2026,United Kingdom 🇬🇧,2026,Female,ATHX,Overall,247 (363KG),73 (8.423KM),120 (18:21),,,,,,440
149,Hannah Hadfield & Lily Reeve,ATHX BIRMINGHAM 2026,United Kingdom 🇬🇧,2026,Female,ATHX,Overall,190 (398KG),115 (8.131KM),137 (18:35),,,,,,442
150,Aleksandra Ongley & Natalie Coates,ATHX BIRMINGHAM 2026,United Kingdom 🇬🇧,2026,Female,ATHX,Overall,197 (393KG),125 (8.052KM),127 (18:26),,,,,,449
151,Marianna Lacinova & Lisa Haddock,ATHX BIRMINGHAM 2026,United Kingdom 🇬🇧,2026,Female,ATHX,Overall,182 (401KG),82 (8.352KM),189 (19:36),,,,,,453
151,Sophie Younghusband & Jasmine Williamson,ATHX BIRMINGHAM 2026,United Kingdom 🇬🇧,2026,Female,ATHX,Overall,174 (405KG),144 (7.962KM),135 (18:33),,,,,,453
151,Alyeah larose Abreu & Stevie Paintin,ATHX BIRMINGHAM 2026,United Kingdom 🇬🇧,2026,Female,ATHX,Overall,17 (501KG),296 (6.751KM),140 (18:40),,,,,,453
154,Louise Emmott & Abby Varga,ATHX BIRMINGHAM 2026,United Kingdom 🇬🇧,2026,Female,ATHX,Overall,121 (428KG),189 (7.75KM),148 (18:46),,,,,,458
155,Leonnie Stanyon & Megan Gregory,ATHX BIRMINGHAM 2026,United Kingdom 🇬🇧,2026,Female,ATHX,Overall,39 (475KG),212 (7.616KM),210 (20:02),,,,,,461
156,Deasha Waddup & Hannah Mills,ATHX BIRMINGHAM 2026,United Kingdom 🇬🇧,2026,Female,ATHX,Overall,128 (425KG),177 (7.814KM),159 (18:57),,,,,,464
157,Katie Wyartt & Kathryn Wilkes,ATHX BIRMINGHAM 2026,United Kingdom 🇬🇧,2026,Female,ATHX,Overall,196 (394KG),102 (8.189KM),169 (19:09),,,,,,467
158,Helen Terry & Laura Farmer,ATHX BIRMINGHAM 2026,United Kingdom 🇬🇧,2026,Female,ATHX,Overall,207 (389KG),65 (8.453KM),199 (19:50),,,,,,471
159,Amy Lynex & Teresa Waplington,ATHX BIRMINGHAM 2026,United Kingdom 🇬🇧,2026,Female,ATHX,Overall,52 (461KG),205 (7.664KM),215 (20:06),,,,,,472
159,Kam wab & Romy Jones,ATHX BIRMINGHAM 2026,United Kingdom 🇬🇧,2026,Female,ATHX,Overall,20 (500KG),215 (7.604KM),237 (20:38),,,,,,472
161,Charlotte Ayres & Jenna Gutteridge,ATHX BIRMINGHAM 2026,United Kingdom 🇬🇧,2026,Female,ATHX,Overall,173 (406KG),232 (7.532KM),72 (17:11),,,,,,477
162,Michelle Smith & Hollie-Mai Smith,ATHX BIRMINGHAM 2026,United Kingdom 🇬🇧,2026,Female,ATHX,Overall,261 (352KG),126 (8.047KM),93 (17:42),,,,,,480
163,Lucy King & Sian Jones,ATHX BIRMINGHAM 2026,United Kingdom 🇬🇧,2026,Female,ATHX,Overall,105 (436KG),231 (7.535KM),145 (18:45),,,,,,481
164,Sophie Dickinson & Zoe Attenborough,ATHX BIRMINGHAM 2026,United Kingdom 🇬🇧,2026,Female,ATHX,Overall,215 (380KG),43 (8.601KM),224 (20:23),,,,,,482
165,Emma Arlow & Andi Seago,ATHX BIRMINGHAM 2026,United Kingdom 🇬🇧,2026,Female,ATHX,Overall,99 (438KG),202 (7.7KM),183 (19:24),,,,,,484
166,Chloe Morgan & Neha Vadhvana,ATHX BIRMINGHAM 2026,United Kingdom 🇬🇧,2026,Female,ATHX,Overall,84 (445KG),218 (7.582KM),183 (19:24),,,,,,485
167,Amanda Burton & Leonie Borland,ATHX BIRMINGHAM 2026,United Kingdom 🇬🇧,2026,Female,ATHX,Overall,178 (403KG),150 (7.942KM),161 (18:58),,,,,,489
168,Sara Robinson & Jade Thomas,ATHX BIRMINGHAM 2026,United Kingdom 🇬🇧,2026,Female,ATHX,Overall,147 (416KG),221 (7.572KM),123 (18:25),,,,,,491
169,Jo Clark & Emily Storey,ATHX BIRMINGHAM 2026,United Kingdom 🇬🇧,2026,Female,ATHX,Overall,186 (400KG),106 (8.168KM),201 (19:52),,,,,,493
169,Laura Panter & Sophie Wilkins,ATHX BIRMINGHAM 2026,United Kingdom 🇬🇧,2026,Female,ATHX,Overall,213 (385KG),121 (8.09KM),159 (18:57),,,,,,493
171,Louise Tagg & Jessica Burbage,ATHX BIRMINGHAM 2026,United Kingdom 🇬🇧,2026,Female,ATHX,Overall,158 (413KG),132 (8.014KM),204 (19:56),,,,,,494
172,Angela Wood & Em Crawford,ATHX BIRMINGHAM 2026,United Kingdom 🇬🇧,2026,Female,ATHX,Overall,74 (448KG),221 (7.572KM),200 (19:51),,,,,,495
173,jody ward & Danni Mitchell,ATHX BIRMINGHAM 2026,United Kingdom 🇬🇧,2026,Female,ATHX,Overall,262 (351KG),101 (8.191KM),133 (18:32),,,,,,496
174,Mia Tuik & Katie Cassidy,ATHX BIRMINGHAM 2026,United Kingdom 🇬🇧,2026,Female,ATHX,Overall,204 (391KG),99 (8.208KM),194 (19:43),,,,,,497
175,Charlie Williams & Jennifer Birkby,ATHX BIRMINGHAM 2026,United Kingdom 🇬🇧,2026,Female,ATHX,Overall,139 (418KG),198 (7.723KM),161 (18:58),,,,,,498
176,Emma Turner & Rebecca Hewett,ATHX BIRMINGHAM 2026,United Kingdom 🇬🇧,2026,Female,ATHX,Overall,174 (405KG),192 (7.744KM),135 (18:33),,,,,,501
177,Hannah Lattin & Hayley Towell,ATHX BIRMINGHAM 2026,United Kingdom 🇬🇧,2026,Female,ATHX,Overall,235 (373KG),168 (7.842KM),99 (17:50),,,,,,502
178,Lizze Chan-Foxley & Chardine Roberts,ATHX BIRMINGHAM 2026,United Kingdom 🇬🇧,2026,Female,ATHX,Overall,205 (390KG),161 (7.888KM),145 (18:45),,,,,,511
179,Jo Thorne & Hollie Sullivan,ATHX BIRMINGHAM 2026,United Kingdom 🇬🇧,2026,Female,ATHX,Overall,190 (398KG),134 (8.009KM),188 (19:33),,,,,,512
180,Chloe Winterbourne & Jenny Southey,ATHX BIRMINGHAM 2026,United Kingdom 🇬🇧,2026,Female,ATHX,Overall,139 (418KG),179 (7.807KM),198 (19:49),,,,,,516
181,amy Wood & Amy Buttar,ATHX BIRMINGHAM 2026,United Kingdom 🇬🇧,2026,Female,ATHX,Overall,254 (360KG),142 (7.97KM),122 (18:24),,,,,,518
182,Kat Malinowska & Jo Hayes,ATHX BIRMINGHAM 2026,United Kingdom 🇬🇧,2026,Female,ATHX,Overall,152 (415KG),199 (7.722KM),169 (19:09),,,,,,520
183,Kirsty Patterson & Shiona Gibson,ATHX BIRMINGHAM 2026,United Kingdom 🇬🇧,2026,Female,ATHX,Overall,234 (374KG),154 (7.936KM),139 (18:39),,,,,,527
184,Emma Traherne & Jodie Cole,ATHX BIRMINGHAM 2026,United Kingdom 🇬🇧,2026,Female,ATHX,Overall,147 (416KG),196 (7.73KM),185 (19:28),,,,,,528
185,Liz Davies & Lucy Smith,ATHX BIRMINGHAM 2026,United Kingdom 🇬🇧,2026,Female,ATHX,Overall,226 (376KG),184 (7.79KM),127 (18:26),,,,,,537
185,Jennifer Wickwar & Darcie Chambers,ATHX BIRMINGHAM 2026,United Kingdom 🇬🇧,2026,Female,ATHX,Overall,209 (388KG),139 (7.99KM),189 (19:36),,,,,,537
187,Elissa Adams & Anna Bryant,ATHX BIRMINGHAM 2026,United Kingdom 🇬🇧,2026,Female,ATHX,Overall,273 (344KG),116 (8.123KM),150 (18:49),,,,,,539
188,Robyn Laing & Isabella Yianni,ATHX BIRMINGHAM 2026,United Kingdom 🇬🇧,2026,Female,ATHX,Overall,283 (331KG),137 (8.007KM),121 (18:22),,,,,,541
189,Mary Jeffery & Amber Morris,ATHX BIRMINGHAM 2026,United Kingdom 🇬🇧,2026,Female,ATHX,Overall,215 (380KG),118 (8.108KM),217 (20:14),,,,,,550
189,Ellena Murray & Julie Pritchett,ATHX BIRMINGHAM 2026,United Kingdom 🇬🇧,2026,Female,ATHX,Overall,178 (403KG),175 (7.825KM),197 (19:48),,,,,,550
189,Megan Wade & Grace Larcombe,ATHX BIRMINGHAM 2026,United Kingdom 🇬🇧,2026,Female,ATHX,Overall,187 (399KG),183 (7.792KM),180 (19:22),,,,,,550
192,Kerie Hale & Laura Taylor,ATHX BIRMINGHAM 2026,United Kingdom 🇬🇧,2026,Female,ATHX,Overall,300 (275KG),74 (8.42KM),177 (19:17),,,,,,551
192,Jennifer Campbell & Eugenia Polo Pascual,ATHX BIRMINGHAM 2026,United Kingdom 🇬🇧,2026,Female,ATHX,Overall,70 (450KG),269 (7.237KM),212 (20:04),,,,,,551
194,Jasmine Garner & sharen panesar,ATHX BIRMINGHAM 2026,United Kingdom 🇬🇧,2026,Female,ATHX,Overall,84 (445KG),249 (7.427KM),220 (20:19),,,,,,553
195,Lily Illingworth-Turner & Caitlin Washington,ATHX BIRMINGHAM 2026,United Kingdom 🇬🇧,2026,Female,ATHX,Overall,92 (441KG),211 (7.623KM),251 (21:19),,,,,,554
196,vicki valentine & Cori Dempster,ATHX BIRMINGHAM 2026,United Kingdom 🇬🇧,2026,Female,ATHX,Overall,128 (425KG),219 (7.579KM),212 (20:04),,,,,,559
197,Ceri Littlechild & Alex Gould,ATHX BIRMINGHAM 2026,United Kingdom 🇬🇧,2026,Female,ATHX,Overall,128 (425KG),202 (7.7KM),230 (20:30),,,,,,560
198,Hannah Black & Alice Nolan,ATHX BIRMINGHAM 2026,United Kingdom 🇬🇧,2026,Female,ATHX,Overall,91 (442KG),262 (7.315KM),208 (20:00),,,,,,561
199,Hazel Hartley & Victoria Crisp,ATHX BIRMINGHAM 2026,United Kingdom 🇬🇧,2026,Female,ATHX,Overall,92 (441KG),237 (7.51KM),233 (20:33),,,,,,562
200,Bethany Mackrell & poppy mcneill,ATHX BIRMINGHAM 2026,United Kingdom 🇬🇧,2026,Female,ATHX,Overall,242 (368KG),165 (7.864KM),158 (18:55),,,,,,565
201,Nicola Davidson & Sarah Watson,ATHX BIRMINGHAM 2026,United Kingdom 🇬🇧,2026,Female,ATHX,Overall,139 (418KG),253 (7.393KM),176 (19:15),,,,,,568
202,Tess Bateman & Louise Hillyer,ATHX BIRMINGHAM 2026,United Kingdom 🇬🇧,2026,Female,ATHX,Overall,36 (478KG),279 (7.15KM),255 (21:25),,,,,,570
202,Alex alexkarenlord572@gmail.com & Lisa Sweeney,ATHX BIRMINGHAM 2026,United Kingdom 🇬🇧,2026,Female,ATHX,Overall,99 (438KG),228 (7.545KM),243 (21:01),,,,,,570
204,Ffion Robinson & harriet vizard,ATHX BIRMINGHAM 2026,United Kingdom 🇬🇧,2026,Female,ATHX,Overall,114 (431KG),265 (7.298KM),192 (19:37),,,,,,571
205,Katie Donkin & Laura Marks,ATHX BIRMINGHAM 2026,United Kingdom 🇬🇧,2026,Female,ATHX,Overall,242 (368KG),123 (8.08KM),207 (19:59),,,,,,572
206,Ellie Hall & Emma Odeneal,ATHX BIRMINGHAM 2026,United Kingdom 🇬🇧,2026,Female,ATHX,Overall,121 (428KG),278 (7.153KM),180 (19:22),,,,,,579
207,Sarah Harrison & Sarah Hardy,ATHX BIRMINGHAM 2026,United Kingdom 🇬🇧,2026,Female,ATHX,Overall,279 (334KG),96 (8.226KM),209 (20:01),,,,,,584
207,Lauryn Hallett & Steffi Saunders,ATHX BIRMINGHAM 2026,United Kingdom 🇬🇧,2026,Female,ATHX,Overall,33 (481KG),286 (7.026KM),265 (22:16),,,,,,584
209,Ellen Whiteside & Gemma Deacon,ATHX BIRMINGHAM 2026,United Kingdom 🇬🇧,2026,Female,ATHX,Overall,255 (359KG),103 (8.184KM),230 (20:30),,,,,,588
210,Dominique Childs & Sam Clarke,ATHX BIRMINGHAM 2026,United Kingdom 🇬🇧,2026,Female,ATHX,Overall,274 (343KG),58 (8.477KM),258 (21:39),,,,,,590
211,Ellie Tennant & Izzy Wright,ATHX BIRMINGHAM 2026,United Kingdom 🇬🇧,2026,Female,ATHX,Overall,187 (399KG),164 (7.866KM),241 (20:48),,,,,,592
212,Ebony Dear & Haley Hills,ATHX BIRMINGHAM 2026,United Kingdom 🇬🇧,2026,Female,ATHX,Overall,114 (431KG),235 (7.517KM),246 (21:10),,,,,,595
213,Narni Fulford & Kate Fewkes,ATHX BIRMINGHAM 2026,United Kingdom 🇬🇧,2026,Female,ATHX,Overall,246 (365KG),111 (8.142KM),244 (21:09),,,,,,601
214,Molly Poulton & Ellie Leech,ATHX BIRMINGHAM 2026,United Kingdom 🇬🇧,2026,Female,ATHX,Overall,105 (436KG),244 (7.442KM),253 (21:20),,,,,,602
215,Natalie Walker & Fiona Aitchison,ATHX BIRMINGHAM 2026,United Kingdom 🇬🇧,2026,Female,ATHX,Overall,218 (378KG),187 (7.787KM),202 (19:55),,,,,,607
216,Courteney Toombs & Sophie Wombell,ATHX BIRMINGHAM 2026,United Kingdom 🇬🇧,2026,Female,ATHX,Overall,207 (389KG),162 (7.886KM),239 (20:42),,,,,,608
217,Kellie Searle & Becky Cox,ATHX BIRMINGHAM 2026,United Kingdom 🇬🇧,2026,Female,ATHX,Overall,65 (454KG),283 (7.043KM),266 (22:24),,,,,,614
218,Adrianna Jackson & Rachel Gilbey,ATHX BIRMINGHAM 2026,United Kingdom 🇬🇧,2026,Female,ATHX,Overall,286 (330KG),105 (8.175KM),229 (20:29),,,,,,620
219,Georgie Habash & Harriet Stuart,ATHX BIRMINGHAM 2026,United Kingdom 🇬🇧,2026,Female,ATHX,Overall,182 (401KG),182 (7.793KM),257 (21:37),,,,,,621
220,Hannah de Main & Mickey Peacock,ATHX BIRMINGHAM 2026,United Kingdom 🇬🇧,2026,Female,ATHX,Overall,110 (434KG),242 (7.461KM),270 (22:45),,,,,,622
220,Johanna Burge & Christie Lewis-Adefope,ATHX BIRMINGHAM 2026,United Kingdom 🇬🇧,2026,Female,ATHX,Overall,218 (378KG),185 (7.789KM),219 (20:17),,,,,,622
222,Katie Ferraby & Sarah Page,ATHX BIRMINGHAM 2026,United Kingdom 🇬🇧,2026,Female,ATHX,Overall,238 (371KG),153 (7.937KM),232 (20:31),,,,,,623
223,Georgia Brown & Mick Peters,ATHX BIRMINGHAM 2026,United Kingdom 🇬🇧,2026,Female,ATHX,Overall,112 (433KG),246 (7.435KM),268 (22:40),,,,,,626
224,Lisa Henderson & Becky Lennox,ATHX BIRMINGHAM 2026,United Kingdom 🇬🇧,2026,Female,ATHX,Overall,235 (373KG),197 (7.724KM),195 (19:46),,,,,,627
225,Jenna Attwood & Nancy West,ATHX BIRMINGHAM 2026,United Kingdom 🇬🇧,2026,Female,ATHX,Overall,127 (426KG),267 (7.241KM),236 (20:35),,,,,,630
226,Lauren Moss & Emma Hatfield,ATHX BIRMINGHAM 2026,United Kingdom 🇬🇧,2026,Female,ATHX,Overall,135 (420KG),236 (7.514KM),262 (22:00),,,,,,633
227,Sarah Edmonds & Lisa Miller,ATHX BIRMINGHAM 2026,United Kingdom 🇬🇧,2026,Female,ATHX,Overall,231 (375KG),230 (7.536KM),173 (19:13),,,,,,634
228,Dominique Harley & Fiola Woodley,ATHX BIRMINGHAM 2026,United Kingdom 🇬🇧,2026,Female,ATHX,Overall,182 (401KG),274 (7.212KM),179 (19:19),,,,,,635
229,Katie Lambert & Georgia Mizen,ATHX BIRMINGHAM 2026,United Kingdom 🇬🇧,2026,Female,ATHX,Overall,247 (363KG),169 (7.84KM),220 (20:19),,,,,,636
230,Katie Kenney & Zoe Powney,ATHX BIRMINGHAM 2026,United Kingdom 🇬🇧,2026,Female,ATHX,Overall,269 (346KG),200 (7.721KM),168 (19:08),,,,,,637
231,Bryony Creighton & Jade Roberts,ATHX BIRMINGHAM 2026,United Kingdom 🇬🇧,2026,Female,ATHX,Overall,178 (403KG),229 (7.543KM),238 (20:39),,,,,,645
232,Annie Ramage & Emily Frampton,ATHX BIRMINGHAM 2026,United Kingdom 🇬🇧,2026,Female,ATHX,Overall,277 (338KG),134 (8.009KM),240 (20:45),,,,,,651
232,Isobel Lloyd-Morris & Abigail Lloyd-morris,ATHX BIRMINGHAM 2026,United Kingdom 🇬🇧,2026,Female,ATHX,Overall,268 (347KG),216 (7.594KM),167 (19:07),,,,,,651
234,Cherniece Plume & Nicola Beer,ATHX BIRMINGHAM 2026,United Kingdom 🇬🇧,2026,Female,ATHX,Overall,280 (333KG),139 (7.99KM),234 (20:34),,,,,,653
235,Joanne Bowman & Emma Tregellas,ATHX BIRMINGHAM 2026,United Kingdom 🇬🇧,2026,Female,ATHX,Overall,295 (317KG),263 (7.307KM),100 (17:52),,,,,,658
236,Kirsten Walker & Davina Toofan,ATHX BIRMINGHAM 2026,United Kingdom 🇬🇧,2026,Female,ATHX,Overall,84 (445KG),294 (6.78KM),281 (23:26),,,,,,659
237,Michelle Owens & Courtney Newbould,ATHX BIRMINGHAM 2026,United Kingdom 🇬🇧,2026,Female,ATHX,Overall,108 (435KG),281 (7.048KM),273 (22:49),,,,,,662
237,Carla Hall & Lucy Hilsden,ATHX BIRMINGHAM 2026,United Kingdom 🇬🇧,2026,Female,ATHX,Overall,169 (409KG),243 (7.452KM),250 (21:17),,,,,,662
239,Lois Yawson & Kanke Ishaku,ATHX BIRMINGHAM 2026,United Kingdom 🇬🇧,2026,Female,ATHX,Overall,67 (453KG),300 (5.874KM),296 (25:08),,,,,,663
239,Harriet Elias & Grace Mendonca,ATHX BIRMINGHAM 2026,United Kingdom 🇬🇧,2026,Female,ATHX,Overall,231 (375KG),207 (7.647KM),225 (20:25),,,,,,663
241,Ann Merchant & Rebecca Eisenberg,ATHX BIRMINGHAM 2026,United Kingdom 🇬🇧,2026,Female,ATHX,Overall,99 (438KG),273 (7.22KM),292 (24:57),,,,,,664
242,Naomi Alesbury & Becky Hall,ATHX BIRMINGHAM 2026,United Kingdom 🇬🇧,2026,Female,ATHX,Overall,266 (349KG),251 (7.409KM),150 (18:49),,,,,,667
243,Louise Thalemann & victoria bulgin,ATHX BIRMINGHAM 2026,United Kingdom 🇬🇧,2026,Female,ATHX,Overall,269 (346KG),173 (7.827KM),228 (20:28),,,,,,670
244,Bethan Williams & Harriet Evans,ATHX BIRMINGHAM 2026,United Kingdom 🇬🇧,2026,Female,ATHX,Overall,139 (418KG),257 (7.364KM),275 (22:58),,,,,,671
245,Elizabeth Whitehouse & Sy-Anne Holden,ATHX BIRMINGHAM 2026,United Kingdom 🇬🇧,2026,Female,ATHX,Overall,256 (358KG),238 (7.503KM),178 (19:18),,,,,,672
246,Shelley Dell & Megan Dell,ATHX BIRMINGHAM 2026,United Kingdom 🇬🇧,2026,Female,ATHX,Overall,253 (362KG),233 (7.526KM),187 (19:30),,,,,,673
246,Natalie Williams & Leah Jennings,ATHX BIRMINGHAM 2026,United Kingdom 🇬🇧,2026,Female,ATHX,Overall,245 (366KG),212 (7.616KM),216 (20:11),,,,,,673
246,Lucy Griffin & Daniiella-Sophia Turner,ATHX BIRMINGHAM 2026,United Kingdom 🇬🇧,2026,Female,ATHX,Overall,195 (395KG),258 (7.354KM),220 (20:19),,,,,,673
249,Sarah Mackay & Sophie Metcalfe,ATHX BIRMINGHAM 2026,United Kingdom 🇬🇧,2026,Female,ATHX,Overall,297 (311KG),171 (7.835KM),206 (19:57),,,,,,674
250,Christy Adetola & Rossi Campbell,ATHX BIRMINGHAM 2026,United Kingdom 🇬🇧,2026,Female,ATHX,Overall,275 (339KG),151 (7.94KM),249 (21:14),,,,,,675
251,Lucy Watson & Bayley Archer,ATHX BIRMINGHAM 2026,United Kingdom 🇬🇧,2026,Female,ATHX,Overall,226 (376KG),261 (7.329KM),189 (19:36),,,,,,676
251,Kirsty Taylor & Georgina Rowley,ATHX BIRMINGHAM 2026,United Kingdom 🇬🇧,2026,Female,ATHX,Overall,283 (331KG),189 (7.75KM),204 (19:56),,,,,,676
253,Hannah Baldwin & Katie Gilman-Abel,ATHX BIRMINGHAM 2026,United Kingdom 🇬🇧,2026,Female,ATHX,Overall,238 (371KG),195 (7.736KM),248 (21:13),,,,,,681
253,Nicola Harrison & emma beardshaw,ATHX BIRMINGHAM 2026,United Kingdom 🇬🇧,2026,Female,ATHX,Overall,152 (415KG),259 (7.35KM),270 (22:45),,,,,,681
255,Michelle Jones & Verity Gooding,ATHX BIRMINGHAM 2026,United Kingdom 🇬🇧,2026,Female,ATHX,Overall,275 (339KG),214 (7.612KM),195 (19:46),,,,,,684
256,Hannah Smith & Emma Wagstaff,ATHX BIRMINGHAM 2026,United Kingdom 🇬🇧,2026,Female,ATHX,Overall,289 (326KG),176 (7.819KM),220 (20:19),,,,,,685
257,Carly Rees & Kirsty Bowen-Davies,ATHX BIRMINGHAM 2026,United Kingdom 🇬🇧,2026,Female,ATHX,Overall,218 (378KG),256 (7.386KM),212 (20:04),,,,,,686
258,Eleanor Dundon & Olivia Reynolds,ATHX BIRMINGHAM 2026,United Kingdom 🇬🇧,2026,Female,ATHX,Overall,121 (428KG),276 (7.179KM),294 (24:59),,,,,,691
259,Georgia Day & Sophie Fleming,ATHX BIRMINGHAM 2026,United Kingdom 🇬🇧,2026,Female,ATHX,Overall,280 (333KG),172 (7.828KM),242 (20:52),,,,,,694
260,Kathryn Jackson & Angel Membury,ATHX BIRMINGHAM 2026,United Kingdom 🇬🇧,2026,Female,ATHX,Overall,166 (410KG),282 (7.047KM),260 (21:45),,,,,,708
261,Sarah Gray & Gemma Shaw,ATHX BIRMINGHAM 2026,United Kingdom 🇬🇧,2026,Female,ATHX,Overall,135 (420KG),277 (7.171KM),297 (25:10),,,,,,709
262,Rebecca Mclaurin & Helen Austin,ATHX BIRMINGHAM 2026,United Kingdom 🇬🇧,2026,Female,ATHX,Overall,247 (363KG),226 (7.558KM),244 (21:09),,,,,,717
262,Rishonah Ronaldson & Hannah McMillan,ATHX BIRMINGHAM 2026,United Kingdom 🇬🇧,2026,Female,ATHX,Overall,280 (333KG),210 (7.624KM),227 (20:27),,,,,,717
264,Ellie Potter & Alice Ingham,ATHX BIRMINGHAM 2026,United Kingdom 🇬🇧,2026,Female,ATHX,Overall,139 (418KG),280 (7.117KM),299 (25:30),,,,,,718
265,Alana Love & Holly Prendergast,ATHX BIRMINGHAM 2026,United Kingdom 🇬🇧,2026,Female,ATHX,Overall,158 (413KG),301 (5.848KM),264 (22:08),,,,,,723
266,Grace Leadbeater & Emma Minshall,ATHX BIRMINGHAM 2026,United Kingdom 🇬🇧,2026,Female,ATHX,Overall,247 (363KG),223 (7.571KM),256 (21:36),,,,,,726
267,Naomi Cook & Angela Pannett,ATHX BIRMINGHAM 2026,United Kingdom 🇬🇧,2026,Female,ATHX,Overall,289 (326KG),170 (7.836KM),269 (22:41),,,,,,728
267,Rachel Plumridge & Alyshia Wood,ATHX BIRMINGHAM 2026,United Kingdom 🇬🇧,2026,Female,ATHX,Overall,231 (375KG),250 (7.425KM),247 (21:11),,,,,,728
269,Liz Malpass & Emily Savage,ATHX BIRMINGHAM 2026,United Kingdom 🇬🇧,2026,Female,ATHX,Overall,247 (363KG),224 (7.564KM),259 (21:41),,,,,,730
270,Chloe Longstaff & Carrie-Anne Rice,ATHX BIRMINGHAM 2026,United Kingdom 🇬🇧,2026,Female,ATHX,Overall,225 (377KG),246 (7.435KM),261 (21:54),,,,,,732
271,Maria Olaya & Claudia Jolonch,ATHX BIRMINGHAM 2026,United Kingdom 🇬🇧,2026,Female,ATHX,Overall,291 (323KG),225 (7.562KM),218 (20:16),,,,,,734
272,Martha Eason & Taryn Porteous,ATHX BIRMINGHAM 2026,United Kingdom 🇬🇧,2026,Female,ATHX,Overall,298 (291KG),155 (7.933KM),287 (24:19),,,,,,740
272,Rebecca  Beaumont & Sophie Gager,ATHX BIRMINGHAM 2026,United Kingdom 🇬🇧,2026,Female,ATHX,Overall,259 (353KG),209 (7.628KM),272 (22:46),,,,,,740
274,Edesili Obetoh & Afrika Morris,ATHX BIRMINGHAM 2026,United Kingdom 🇬🇧,2026,Female,ATHX,Overall,197 (393KG),260 (7.337KM),292 (24:57),,,,,,749
274,Suzy Judd & Helen Westwood,ATHX BIRMINGHAM 2026,United Kingdom 🇬🇧,2026,Female,ATHX,Overall,242 (368KG),245 (7.436KM),262 (22:00),,,,,,749
276,Charli Gale & Chantalle Shaw,ATHX BIRMINGHAM 2026,United Kingdom 🇬🇧,2026,Female,ATHX,Overall,235 (373KG),268 (7.238KM),251 (21:19),,,,,,754
276,Lorena Carretero Moreno & Veronika Fajksova,ATHX BIRMINGHAM 2026,United Kingdom 🇬🇧,2026,Female,ATHX,Overall,293 (318KG),227 (7.547KM),234 (20:34),,,,,,754
278,Amy Plawes & Kayleigh Wade,ATHX BIRMINGHAM 2026,United Kingdom 🇬🇧,2026,Female,ATHX,Overall,197 (393KG),288 (6.99KM),274 (22:56),,,,,,759
279,Billie Jordan & Kiara Gascoigne,ATHX BIRMINGHAM 2026,United Kingdom 🇬🇧,2026,Female,ATHX,Overall,209 (388KG),275 (7.207KM),278 (23:13),,,,,,762
280,Cemile Turker & Kvanta Buasri,ATHX BIRMINGHAM 2026,United Kingdom 🇬🇧,2026,Female,ATHX,Overall,172 (407KG),291 (6.839KM),300 (25:38),,,,,,763
281,Micayla Telfer & Tereza Illikova,ATHX BIRMINGHAM 2026,United Kingdom 🇬🇧,2026,Female,ATHX,Overall,218 (378KG),266 (7.25KM),282 (23:46),,,,,,766
282,Joanne Orsmond & Anna Alderton,ATHX BIRMINGHAM 2026,United Kingdom 🇬🇧,2026,Female,ATHX,Overall,262 (351KG),241 (7.479KM),267 (22:27),,,,,,770
283,Abbie Stead & Emma stead,ATHX BIRMINGHAM 2026,United Kingdom 🇬🇧,2026,Female,ATHX,Overall,292 (321KG),283 (7.043KM),202 (19:55),,,,,,777
284,Karen Maxwell & Alison Ware,ATHX BIRMINGHAM 2026,United Kingdom 🇬🇧,2026,Female,ATHX,Overall,205 (390KG),292 (6.827KM),283 (23:48),,,,,,780
285,Rikke Hansen & Maria Hansen,ATHX BIRMINGHAM 2026,United Kingdom 🇬🇧,2026,Female,ATHX,Overall,209 (388KG),287 (6.998KM),289 (24:30),,,,,,785
286,Nina Forte & Shelley White,ATHX BIRMINGHAM 2026,United Kingdom 🇬🇧,2026,Female,ATHX,Overall,218 (378KG),293 (6.8KM),276 (23:05),,,,,,787
287,Danielle Fuller & Holly Haynes,ATHX BIRMINGHAM 2026,United Kingdom 🇬🇧,2026,Female,ATHX,Overall,226 (376KG),285 (7.038KM),279 (23:20),,,,,,790
288,chelsea ogrady & Bongiwe Sibanda,ATHX BIRMINGHAM 2026,United Kingdom 🇬🇧,2026,Female,ATHX,Overall,266 (349KG),271 (7.221KM),254 (21:21),,,,,,791
289,Milly Louch & Meera Shah,ATHX BIRMINGHAM 2026,United Kingdom 🇬🇧,2026,Female,ATHX,Overall,197 (393KG),299 (6.229KM),301 (25:39),,,,,,797
290,Emma Cox & Tina Woodham,ATHX BIRMINGHAM 2026,United Kingdom 🇬🇧,2026,Female,ATHX,Overall,241 (369KG),270 (7.231KM),290 (24:39),,,,,,801
291,Cherie Sykes & Evie Sykes,ATHX BIRMINGHAM 2026,United Kingdom 🇬🇧,2026,Female,ATHX,Overall,265 (350KG),255 (7.389KM),283 (23:48),,,,,,803
292,Vicky Scales & Lauren Weston,ATHX BIRMINGHAM 2026,United Kingdom 🇬🇧,2026,Female,ATHX,Overall,296 (315KG),239 (7.493KM),277 (23:09),,,,,,812
292,Charlie Kimberley & Libby-Jade Cooper,ATHX BIRMINGHAM 2026,United Kingdom 🇬🇧,2026,Female,ATHX,Overall,287 (329KG),240 (7.49KM),285 (24:09),,,,,,812
294,Jodie Holmes & Ashton Winsor,ATHX BIRMINGHAM 2026,United Kingdom 🇬🇧,2026,Female,ATHX,Overall,214 (381KG),298 (6.407KM),303 (26:45),,,,,,815
295,Neve Snelgrove & Stephanie Gaunt,ATHX BIRMINGHAM 2026,United Kingdom 🇬🇧,2026,Female,ATHX,Overall,262 (351KG),271 (7.221KM),288 (24:24),,,,,,821
296,Neeta Rana & Keri Chappell,ATHX BIRMINGHAM 2026,United Kingdom 🇬🇧,2026,Female,ATHX,Overall,299 (279KG),251 (7.409KM),280 (23:21),,,,,,830
297,Hollie Bass & Sarah Dilkes,ATHX BIRMINGHAM 2026,United Kingdom 🇬🇧,2026,Female,ATHX,Overall,269 (346KG),290 (6.86KM),285 (24:09),,,,,,844
298,Emily Carey-Smith & Kelly Heath,ATHX BIRMINGHAM 2026,United Kingdom 🇬🇧,2026,Female,ATHX,Overall,257 (356KG),297 (6.536KM),302 (26:00),,,,,,856
299,Jo Hindmarch & Gaynor Macaulay,ATHX BIRMINGHAM 2026,United Kingdom 🇬🇧,2026,Female,ATHX,Overall,287 (329KG),289 (6.957KM),291 (24:42),,,,,,867
300,Lisa Ramsawak & Tara Maguire,ATHX BIRMINGHAM 2026,United Kingdom 🇬🇧,2026,Female,ATHX,Overall,301 (271KG),295 (6.755KM),295 (25:07),,,,,,891
1,Omar Ellaboudy & rosie walsh,ATHX BIRMINGHAM 2026,United Kingdom 🇬🇧,2026,Mixed,ATHX,Overall,2 (780KG),6 (9.706KM),3 (11:45),,,,,,11
2,Natasha Haldane & Tom Jupp,ATHX BIRMINGHAM 2026,United Kingdom 🇬🇧,2026,Mixed,ATHX,Overall,3 (763KG),7 (9.652KM),11 (12:21),,,,,,21
3,Nathan Nelson & Connie Scharff,ATHX BIRMINGHAM 2026,United Kingdom 🇬🇧,2026,Mixed,ATHX,Overall,14 (699KG),21 (9.373KM),5 (12:05),,,,,,40
4,Chelsea Brown & Will Shaw,ATHX BIRMINGHAM 2026,United Kingdom 🇬🇧,2026,Mixed,ATHX,Overall,20 (686KG),18 (9.448KM),6 (12:14),,,,,,44
5,Demi Tripp & Harleigh Abbott,ATHX BIRMINGHAM 2026,United Kingdom 🇬🇧,2026,Mixed,ATHX,Overall,36 (658KG),10 (9.526KM),2 (11:32),,,,,,48
6,Franco Reina & Tate Crossley,ATHX BIRMINGHAM 2026,United Kingdom 🇬🇧,2026,Mixed,ATHX,Overall,16 (693KG),20 (9.435KM),15 (12:43),,,,,,51
7,Ian Knight & Lilly Chambers,ATHX BIRMINGHAM 2026,United Kingdom 🇬🇧,2026,Mixed,ATHX,Overall,18 (690KG),37 (9.189KM),9 (12:20),,,,,,64
8,Ross Comfort & Lucinda Keir,ATHX BIRMINGHAM 2026,United Kingdom 🇬🇧,2026,Mixed,ATHX,Overall,9 (725KG),23 (9.34KM),37 (13:50),,,,,,69
9,Tom Wilde & Gemma Shaw,ATHX BIRMINGHAM 2026,United Kingdom 🇬🇧,2026,Mixed,ATHX,Overall,54 (628KG),13 (9.489KM),8 (12:19),,,,,,75
10,Lauren Russell & Tristan Coles,ATHX BIRMINGHAM 2026,United Kingdom 🇬🇧,2026,Mixed,ATHX,Overall,38 (653KG),22 (9.363KM),16 (12:45),,,,,,76
11,Sasha Jarvis & Connor Clark,ATHX BIRMINGHAM 2026,United Kingdom 🇬🇧,2026,Mixed,ATHX,Overall,26 (670KG),28 (9.266KM),29 (13:22),,,,,,83
12,Rob Smith & Genevieve Hickin,ATHX BIRMINGHAM 2026,United Kingdom 🇬🇧,2026,Mixed,ATHX,Overall,44 (649KG),27 (9.282KM),13 (12:38),,,,,,84
13,Amy Thomas & Matt Gwillam,ATHX BIRMINGHAM 2026,United Kingdom 🇬🇧,2026,Mixed,ATHX,Overall,11 (715KG),50 (9.062KM),32 (13:38),,,,,,93
14,Levi Woolley & Amelia Sharkey,ATHX BIRMINGHAM 2026,United Kingdom 🇬🇧,2026,Mixed,ATHX,Overall,30 (665KG),48 (9.066KM),20 (12:55),,,,,,98
15,Sarah Hare-Price & David Price,ATHX BIRMINGHAM 2026,United Kingdom 🇬🇧,2026,Mixed,ATHX,Overall,13 (706KG),39 (9.131KM),49 (14:07),,,,,,101
16,Sam Barnes & Verity Atkins,ATHX BIRMINGHAM 2026,United Kingdom 🇬🇧,2026,Mixed,ATHX,Overall,65 (613KG),30 (9.26KM),12 (12:28),,,,,,107
17,Hayley Biggs & Asim Jani,ATHX BIRMINGHAM 2026,United Kingdom 🇬🇧,2026,Mixed,ATHX,Overall,34 (660KG),73 (8.925KM),1 (10:10),,,,,,108
18,Daisy Yeomans & Nathan Siddans,ATHX BIRMINGHAM 2026,United Kingdom 🇬🇧,2026,Mixed,ATHX,Overall,32 (661KG),46 (9.079KM),31 (13:36),,,,,,109
19,Taylor Hastings & Natalie Chapman,ATHX BIRMINGHAM 2026,United Kingdom 🇬🇧,2026,Mixed,ATHX,Overall,17 (691KG),61 (8.985KM),32 (13:38),,,,,,110
19,Theo Bennett-Odlum & Lucy Morton,ATHX BIRMINGHAM 2026,United Kingdom 🇬🇧,2026,Mixed,ATHX,Overall,99 (578KG),5 (9.748KM),6 (12:14),,,,,,110
21,Maya Jennings & Nathan Groves,ATHX BIRMINGHAM 2026,United Kingdom 🇬🇧,2026,Mixed,ATHX,Overall,59 (623KG),24 (9.322KM),34 (13:44),,,,,,117
22,Chris Eales & Victoria Harriott,ATHX BIRMINGHAM 2026,United Kingdom 🇬🇧,2026,Mixed,ATHX,Overall,83 (593KG),14 (9.466KM),22 (13:04),,,,,,119
23,Emily-Jane Craft-Watson & Joe Watson,ATHX BIRMINGHAM 2026,United Kingdom 🇬🇧,2026,Mixed,ATHX,Overall,65 (613KG),34 (9.211KM),22 (13:04),,,,,,121
23,Dominic Darbyshire & Benneta Paluca,ATHX BIRMINGHAM 2026,United Kingdom 🇬🇧,2026,Mixed,ATHX,Overall,23 (678KG),72 (8.941KM),26 (13:15),,,,,,121
25,Sam Pask & Lucy Pask,ATHX BIRMINGHAM 2026,United Kingdom 🇬🇧,2026,Mixed,ATHX,Overall,52 (631KG),40 (9.124KM),35 (13:45),,,,,,127
25,Harry Mcfarling & Mia Samman,ATHX BIRMINGHAM 2026,United Kingdom 🇬🇧,2026,Mixed,ATHX,Overall,70 (608KG),38 (9.144KM),19 (12:54),,,,,,127
25,Ilina Slaveykova & Bobby Barber,ATHX BIRMINGHAM 2026,United Kingdom 🇬🇧,2026,Mixed,ATHX,Overall,41 (651KG),62 (8.982KM),24 (13:11),,,,,,127
28,Kieran Higgs & Tsiah Woods,ATHX BIRMINGHAM 2026,United Kingdom 🇬🇧,2026,Mixed,ATHX,Overall,123 (558KG),1 (10.247KM),4 (11:59),,,,,,128
29,Shannon Mason & Jack Mason,ATHX BIRMINGHAM 2026,United Kingdom 🇬🇧,2026,Mixed,ATHX,Overall,28 (668KG),42 (9.122KM),59 (14:19),,,,,,129
30,Emily Heard & Matthew Wells,ATHX BIRMINGHAM 2026,United Kingdom 🇬🇧,2026,Mixed,ATHX,Overall,94 (583KG),8 (9.641KM),28 (13:21),,,,,,130
31,Jenni Gilbert & Graeme Gilbert,ATHX BIRMINGHAM 2026,United Kingdom 🇬🇧,2026,Mixed,ATHX,Overall,22 (680KG),70 (8.945KM),44 (13:57),,,,,,136
32,Ian Marsh & Charlotte Jones,ATHX BIRMINGHAM 2026,United Kingdom 🇬🇧,2026,Mixed,ATHX,Overall,18 (690KG),78 (8.896KM),42 (13:55),,,,,,138
33,Matthew Love & Amy Halford,ATHX BIRMINGHAM 2026,United Kingdom 🇬🇧,2026,Mixed,ATHX,Overall,65 (613KG),31 (9.248KM),43 (13:56),,,,,,139
34,Lydia Banwell & Daniel hibberd,ATHX BIRMINGHAM 2026,United Kingdom 🇬🇧,2026,Mixed,ATHX,Overall,36 (658KG),87 (8.856KM),24 (13:11),,,,,,147
35,Adrian Boncut & Nicoleta Boncut,ATHX BIRMINGHAM 2026,United Kingdom 🇬🇧,2026,Mixed,ATHX,Overall,75 (605KG),14 (9.466KM),63 (14:29),,,,,,152
36,Steve King & Claire King,ATHX BIRMINGHAM 2026,United Kingdom 🇬🇧,2026,Mixed,ATHX,Overall,85 (591KG),19 (9.443KM),52 (14:10),,,,,,156
37,Rhys Satchell & Ellie Cooper,ATHX BIRMINGHAM 2026,United Kingdom 🇬🇧,2026,Mixed,ATHX,Overall,48 (640KG),41 (9.123KM),69 (14:41),,,,,,158
37,Amber Smith & Alex Jeffrey,ATHX BIRMINGHAM 2026,United Kingdom 🇬🇧,2026,Mixed,ATHX,Overall,38 (653KG),91 (8.797KM),29 (13:22),,,,,,158
39,Laurence Pannell & Hannah Bailey,ATHX BIRMINGHAM 2026,United Kingdom 🇬🇧,2026,Mixed,ATHX,Overall,105 (575KG),14 (9.466KM),40 (13:53),,,,,,159
40,Scott Walker & Emma Meecham Jones,ATHX BIRMINGHAM 2026,United Kingdom 🇬🇧,2026,Mixed,ATHX,Overall,140 (543KG),3 (9.795KM),17 (12:53),,,,,,160
41,Emily Gooderham & Josh Clarke-Davis,ATHX BIRMINGHAM 2026,United Kingdom 🇬🇧,2026,Mixed,ATHX,Overall,117 (564KG),17 (9.449KM),27 (13:17),,,,,,161
42,Jess Yapp & Liam Masefield,ATHX BIRMINGHAM 2026,United Kingdom 🇬🇧,2026,Mixed,ATHX,Overall,51 (633KG),75 (8.916KM),36 (13:48),,,,,,162
43,Lana Newby & Tanner Call,ATHX BIRMINGHAM 2026,United Kingdom 🇬🇧,2026,Mixed,ATHX,Overall,81 (596KG),68 (8.951KM),17 (12:53),,,,,,166
44,Jeremy Saxon & Sophie Rixon,ATHX BIRMINGHAM 2026,United Kingdom 🇬🇧,2026,Mixed,ATHX,Overall,144 (540KG),9 (9.637KM),14 (12:42),,,,,,167
45,Ian Ellis & Sian Harvey,ATHX BIRMINGHAM 2026,United Kingdom 🇬🇧,2026,Mixed,ATHX,Overall,32 (661KG),68 (8.951KM),69 (14:41),,,,,,169
46,Andy Rolstone & MANDY LEE,ATHX BIRMINGHAM 2026,United Kingdom 🇬🇧,2026,Mixed,ATHX,Overall,118 (563KG),4 (9.783KM),49 (14:07),,,,,,171
47,Dani Taylor & Jamie Newington,ATHX BIRMINGHAM 2026,United Kingdom 🇬🇧,2026,Mixed,ATHX,Overall,68 (610KG),32 (9.245KM),73 (14:45),,,,,,173
48,David Watson & Milena Georgieva,ATHX BIRMINGHAM 2026,United Kingdom 🇬🇧,2026,Mixed,ATHX,Overall,57 (625KG),63 (8.973KM),55 (14:12),,,,,,175
49,Josh  Carr & Elena Somes,ATHX BIRMINGHAM 2026,United Kingdom 🇬🇧,2026,Mixed,ATHX,Overall,38 (653KG),102 (8.742KM),39 (13:52),,,,,,179
50,Molly Storey & Jamie Braithwaite,ATHX BIRMINGHAM 2026,United Kingdom 🇬🇧,2026,Mixed,ATHX,Overall,10 (723KG),126 (8.564KM),45 (13:59),,,,,,181
51,Beth Wise & Ryan Smith,ATHX BIRMINGHAM 2026,United Kingdom 🇬🇧,2026,Mixed,ATHX,Overall,49 (638KG),70 (8.945KM),63 (14:29),,,,,,182
52,John Nicholas Adams & Amy Adams,ATHX BIRMINGHAM 2026,United Kingdom 🇬🇧,2026,Mixed,ATHX,Overall,26 (670KG),45 (9.086KM),115 (15:50),,,,,,186
53,Adam Newman & laura Swain,ATHX BIRMINGHAM 2026,United Kingdom 🇬🇧,2026,Mixed,ATHX,Overall,8 (726KG),113 (8.672KM),71 (14:43),,,,,,192
54,Hannah Tonks & Samuel Foster,ATHX BIRMINGHAM 2026,United Kingdom 🇬🇧,2026,Mixed,ATHX,Overall,83 (593KG),55 (9.03KM),56 (14:18),,,,,,194
55,Lucy Goodyear-Green & Tony Lawrence,ATHX BIRMINGHAM 2026,United Kingdom 🇬🇧,2026,Mixed,ATHX,Overall,23 (678KG),84 (8.861KM),88 (15:06),,,,,,195
56,Fraser Cockeram & Nina Hoadley-Cockeram,ATHX BIRMINGHAM 2026,United Kingdom 🇬🇧,2026,Mixed,ATHX,Overall,57 (625KG),66 (8.968KM),73 (14:45),,,,,,196
57,Charlie Louise Odams & Josh Graham,ATHX BIRMINGHAM 2026,United Kingdom 🇬🇧,2026,Mixed,ATHX,Overall,70 (608KG),56 (9.027KM),79 (14:54),,,,,,205
58,Ellesse Pearce & Alex Gapper,ATHX BIRMINGHAM 2026,United Kingdom 🇬🇧,2026,Mixed,ATHX,Overall,45 (646KG),117 (8.65KM),46 (14:00),,,,,,208
59,Jessica Fisher & Neil Mitchell,ATHX BIRMINGHAM 2026,United Kingdom 🇬🇧,2026,Mixed,ATHX,Overall,30 (665KG),105 (8.722KM),77 (14:50),,,,,,212
60,Jakub Podgorski & Alex Clay,ATHX BIRMINGHAM 2026,United Kingdom 🇬🇧,2026,Mixed,ATHX,Overall,54 (628KG),107 (8.715KM),60 (14:20),,,,,,221
61,Matt Dukes & Amber Colin-Thome,ATHX BIRMINGHAM 2026,United Kingdom 🇬🇧,2026,Mixed,ATHX,Overall,139 (545KG),36 (9.199KM),53 (14:11),,,,,,228
62,Vikki Stone & Rubin Allen,ATHX BIRMINGHAM 2026,United Kingdom 🇬🇧,2026,Mixed,ATHX,Overall,112 (568KG),49 (9.063KM),75 (14:46),,,,,,236
63,Esther Lamb & Jamie Townshend,ATHX BIRMINGHAM 2026,United Kingdom 🇬🇧,2026,Mixed,ATHX,Overall,79 (598KG),93 (8.792KM),66 (14:32),,,,,,238
64,Annie Watkins & Mark Hornby,ATHX BIRMINGHAM 2026,United Kingdom 🇬🇧,2026,Mixed,ATHX,Overall,99 (578KG),83 (8.879KM),62 (14:27),,,,,,244
64,Sara Goncalves & Mulley Branch,ATHX BIRMINGHAM 2026,United Kingdom 🇬🇧,2026,Mixed,ATHX,Overall,112 (568KG),123 (8.586KM),9 (12:20),,,,,,244
64,Cal Rayner & Lydia Taylor,ATHX BIRMINGHAM 2026,United Kingdom 🇬🇧,2026,Mixed,ATHX,Overall,114 (566KG),63 (8.973KM),67 (14:38),,,,,,244
67,Alex Fagen & Sarah Fraser,ATHX BIRMINGHAM 2026,United Kingdom 🇬🇧,2026,Mixed,ATHX,Overall,94 (583KG),111 (8.688KM),40 (13:53),,,,,,245
68,Ffion Evans & Stuart Jones,ATHX BIRMINGHAM 2026,United Kingdom 🇬🇧,2026,Mixed,ATHX,Overall,70 (608KG),92 (8.794KM),84 (14:59),,,,,,246
69,Jessie Riche & Tom Jackson,ATHX BIRMINGHAM 2026,United Kingdom 🇬🇧,2026,Mixed,ATHX,Overall,21 (683KG),101 (8.743KM),132 (16:17),,,,,,254
70,Megan Taylor & Conor McCaugherty,ATHX BIRMINGHAM 2026,United Kingdom 🇬🇧,2026,Mixed,ATHX,Overall,59 (623KG),104 (8.733KM),96 (15:22),,,,,,259
71,Anna Cavill & Finn Credland,ATHX BIRMINGHAM 2026,United Kingdom 🇬🇧,2026,Mixed,ATHX,Overall,144 (540KG),35 (9.204KM),81 (14:57),,,,,,260
72,Sarah Parish & chris Byrne,ATHX BIRMINGHAM 2026,United Kingdom 🇬🇧,2026,Mixed,ATHX,Overall,78 (600KG),82 (8.882KM),102 (15:31),,,,,,262
73,Andrew Pawley & Olivia Francis,ATHX BIRMINGHAM 2026,United Kingdom 🇬🇧,2026,Mixed,ATHX,Overall,109 (574KG),77 (8.902KM),77 (14:50),,,,,,263
74,Martyn Wright & Niamh Doran,ATHX BIRMINGHAM 2026,United Kingdom 🇬🇧,2026,Mixed,ATHX,Overall,183 (508KG),25 (9.321KM),56 (14:18),,,,,,264
75,Simon Harris & Leigh-Anne Brace,ATHX BIRMINGHAM 2026,United Kingdom 🇬🇧,2026,Mixed,ATHX,Overall,82 (594KG),136 (8.523KM),47 (14:05),,,,,,265
76,Adam Steel & Elena Martin,ATHX BIRMINGHAM 2026,United Kingdom 🇬🇧,2026,Mixed,ATHX,Overall,154 (533KG),12 (9.49KM),104 (15:35),,,,,,270
77,Charlotte James & Ron Harris,ATHX BIRMINGHAM 2026,United Kingdom 🇬🇧,2026,Mixed,ATHX,Overall,169 (518KG),26 (9.303KM),76 (14:48),,,,,,271
78,Riva Siggins & Alex Harbrow,ATHX BIRMINGHAM 2026,United Kingdom 🇬🇧,2026,Mixed,ATHX,Overall,123 (558KG),65 (8.971KM),87 (15:02),,,,,,275
79,Amy Young & Rory Hall,ATHX BIRMINGHAM 2026,United Kingdom 🇬🇧,2026,Mixed,ATHX,Overall,194 (500KG),33 (9.225KM),56 (14:18),,,,,,283
80,Tarryn McKean & Alex Doherty-Head,ATHX BIRMINGHAM 2026,United Kingdom 🇬🇧,2026,Mixed,ATHX,Overall,99 (578KG),118 (8.644KM),72 (14:44),,,,,,289
81,Mark Boyce & Natalie Kenyon,ATHX BIRMINGHAM 2026,United Kingdom 🇬🇧,2026,Mixed,ATHX,Overall,110 (570KG),98 (8.751KM),83 (14:58),,,,,,291
82,Arran Arogundade & Olivia Fletcher,ATHX BIRMINGHAM 2026,United Kingdom 🇬🇧,2026,Mixed,ATHX,Overall,4 (755KG),147 (8.437KM),143 (16:30),,,,,,294
83,Paul Woolls & Melissa Pirie,ATHX BIRMINGHAM 2026,United Kingdom 🇬🇧,2026,Mixed,ATHX,Overall,114 (566KG),119 (8.636KM),65 (14:30),,,,,,298
83,Christian Nolde & Steffi Schmitt,ATHX BIRMINGHAM 2026,United Kingdom 🇬🇧,2026,Mixed,ATHX,Overall,241 (454KG),10 (9.526KM),47 (14:05),,,,,,298
85,Stephanie Van Der Velden & Louis Verite,ATHX BIRMINGHAM 2026,United Kingdom 🇬🇧,2026,Mixed,ATHX,Overall,87 (590KG),76 (8.905KM),138 (16:26),,,,,,301
86,Lauren Owen & Brady Jackson,ATHX BIRMINGHAM 2026,United Kingdom 🇬🇧,2026,Mixed,ATHX,Overall,76 (603KG),120 (8.631KM),106 (15:40),,,,,,302
87,Zara Coney & Steve Williams,ATHX BIRMINGHAM 2026,United Kingdom 🇬🇧,2026,Mixed,ATHX,Overall,133 (548KG),86 (8.858KM),85 (15:00),,,,,,304
88,Mark Finn & Anne Finn,ATHX BIRMINGHAM 2026,United Kingdom 🇬🇧,2026,Mixed,ATHX,Overall,45 (646KG),153 (8.372KM),107 (15:41),,,,,,305
88,Zach Allen & Rachel Taylor,ATHX BIRMINGHAM 2026,United Kingdom 🇬🇧,2026,Mixed,ATHX,Overall,43 (650KG),170 (8.282KM),92 (15:10),,,,,,305
90,Samuel Tai & Joanna Bartle,ATHX BIRMINGHAM 2026,United Kingdom 🇬🇧,2026,Mixed,ATHX,Overall,12 (713KG),180 (8.24KM),117 (15:55),,,,,,309
90,Rob Loweth & Holly Knott,ATHX BIRMINGHAM 2026,United Kingdom 🇬🇧,2026,Mixed,ATHX,Overall,105 (575KG),110 (8.693KM),94 (15:19),,,,,,309
92,Elaine Farrell & William Meldrum,ATHX BIRMINGHAM 2026,United Kingdom 🇬🇧,2026,Mixed,ATHX,Overall,272 (379KG),2 (9.896KM),37 (13:50),,,,,,311
93,Chloe Phillpott & Declan Swannell,ATHX BIRMINGHAM 2026,United Kingdom 🇬🇧,2026,Mixed,ATHX,Overall,1 (803KG),194 (8.125KM),117 (15:55),,,,,,312
94,Naima Field & Ben Franks,ATHX BIRMINGHAM 2026,United Kingdom 🇬🇧,2026,Mixed,ATHX,Overall,148 (538KG),97 (8.764KM),67 (14:38),,,,,,312
95,Laura Rolph & Jamie Rolph,ATHX BIRMINGHAM 2026,United Kingdom 🇬🇧,2026,Mixed,ATHX,Overall,133 (548KG),52 (9.052KM),130 (16:14),,,,,,315
96,Nikki Dickinson & Neil Dickinson,ATHX BIRMINGHAM 2026,United Kingdom 🇬🇧,2026,Mixed,ATHX,Overall,123 (558KG),96 (8.767KM),99 (15:27),,,,,,318
96,Sam Stevens & Lisa Stevens,ATHX BIRMINGHAM 2026,United Kingdom 🇬🇧,2026,Mixed,ATHX,Overall,94 (583KG),84 (8.861KM),140 (16:28),,,,,,318
98,Vicky Atkins & Andy Oldham,ATHX BIRMINGHAM 2026,United Kingdom 🇬🇧,2026,Mixed,ATHX,Overall,151 (536KG),57 (9.023KM),113 (15:46),,,,,,321
98,Brogan Kane & Luke White,ATHX BIRMINGHAM 2026,United Kingdom 🇬🇧,2026,Mixed,ATHX,Overall,110 (570KG),103 (8.734KM),108 (15:42),,,,,,321
100,Eszter Ambrus & Barney Picton,ATHX BIRMINGHAM 2026,United Kingdom 🇬🇧,2026,Mixed,ATHX,Overall,183 (508KG),44 (9.102KM),98 (15:26),,,,,,325
101,Matthew Tonks & Naomi Hill,ATHX BIRMINGHAM 2026,United Kingdom 🇬🇧,2026,Mixed,ATHX,Overall,131 (551KG),98 (8.751KM),101 (15:30),,,,,,330
102,Steph Brumpton & Jack Pace,ATHX BIRMINGHAM 2026,United Kingdom 🇬🇧,2026,Mixed,ATHX,Overall,41 (651KG),159 (8.353KM),135 (16:19),,,,,,335
103,Karina Hastie & Leon Osborne,ATHX BIRMINGHAM 2026,United Kingdom 🇬🇧,2026,Mixed,ATHX,Overall,121 (561KG),79 (8.891KM),137 (16:21),,,,,,337
104,Jack Cowen & Hannah Hardy,ATHX BIRMINGHAM 2026,United Kingdom 🇬🇧,2026,Mixed,ATHX,Overall,50 (636KG),146 (8.449KM),145 (16:38),,,,,,341
105,Paul Connor & Fern Connor,ATHX BIRMINGHAM 2026,United Kingdom 🇬🇧,2026,Mixed,ATHX,Overall,213 (485KG),51 (9.054KM),81 (14:57),,,,,,345
106,Thomas Jaffrey & Tor Smith,ATHX BIRMINGHAM 2026,United Kingdom 🇬🇧,2026,Mixed,ATHX,Overall,209 (490KG),43 (9.118KM),95 (15:20),,,,,,347
107,Georgia Crouch & Reilly Baldwin,ATHX BIRMINGHAM 2026,United Kingdom 🇬🇧,2026,Mixed,ATHX,Overall,171 (516KG),59 (9.009KM),119 (15:56),,,,,,349
107,Ashley Prosper & Emma Clarke,ATHX BIRMINGHAM 2026,United Kingdom 🇬🇧,2026,Mixed,ATHX,Overall,220 (478KG),80 (8.883KM),49 (14:07),,,,,,349
109,Jamie Lynes & Carina Locke,ATHX BIRMINGHAM 2026,United Kingdom 🇬🇧,2026,Mixed,ATHX,Overall,85 (591KG),156 (8.363KM),110 (15:45),,,,,,351
110,Zak Gladwell & Holly Rogers,ATHX BIRMINGHAM 2026,United Kingdom 🇬🇧,2026,Mixed,ATHX,Overall,76 (603KG),149 (8.427KM),128 (16:12),,,,,,353
110,Anna Imrie & Tom Endersby,ATHX BIRMINGHAM 2026,United Kingdom 🇬🇧,2026,Mixed,ATHX,Overall,205 (495KG),58 (9.01KM),90 (15:09),,,,,,353
112,Sara Smith & Paul Richards,ATHX BIRMINGHAM 2026,United Kingdom 🇬🇧,2026,Mixed,ATHX,Overall,163 (525KG),108 (8.707KM),86 (15:01),,,,,,357
113,Kyle Hickey & Hannah Lock,ATHX BIRMINGHAM 2026,United Kingdom 🇬🇧,2026,Mixed,ATHX,Overall,159 (530KG),148 (8.428KM),53 (14:11),,,,,,360
114,Mark Thorpe & Lisa Thorpe,ATHX BIRMINGHAM 2026,United Kingdom 🇬🇧,2026,Mixed,ATHX,Overall,152 (535KG),116 (8.653KM),93 (15:17),,,,,,361
115,Matthew Salt & Jessica Salt,ATHX BIRMINGHAM 2026,United Kingdom 🇬🇧,2026,Mixed,ATHX,Overall,91 (585KG),174 (8.263KM),97 (15:23),,,,,,362
116,Mike Newby-Fraser & Rachel Dougan,ATHX BIRMINGHAM 2026,United Kingdom 🇬🇧,2026,Mixed,ATHX,Overall,105 (575KG),145 (8.457KM),122 (16:00),,,,,,372
117,Matthew Armstrong & Sarah Armstrong,ATHX BIRMINGHAM 2026,United Kingdom 🇬🇧,2026,Mixed,ATHX,Overall,79 (598KG),124 (8.571KM),174 (17:19),,,,,,377
117,Anwen Hooson & Eryl Hooson,ATHX BIRMINGHAM 2026,United Kingdom 🇬🇧,2026,Mixed,ATHX,Overall,154 (533KG),74 (8.923KM),149 (16:42),,,,,,377
119,Megan Kilbane & Harrison Wall,ATHX BIRMINGHAM 2026,United Kingdom 🇬🇧,2026,Mixed,ATHX,Overall,133 (548KG),138 (8.501KM),108 (15:42),,,,,,379
120,Richard Marques & Suzanne Grant,ATHX BIRMINGHAM 2026,United Kingdom 🇬🇧,2026,Mixed,ATHX,Overall,137 (547KG),128 (8.551KM),116 (15:52),,,,,,381
121,Jason Burkinshaw & Emmy Burkinshaw,ATHX BIRMINGHAM 2026,United Kingdom 🇬🇧,2026,Mixed,ATHX,Overall,213 (485KG),47 (9.072KM),126 (16:10),,,,,,386
121,Anna Greco & Luke Porter,ATHX BIRMINGHAM 2026,United Kingdom 🇬🇧,2026,Mixed,ATHX,Overall,116 (565KG),167 (8.304KM),103 (15:32),,,,,,386
123,James Tonry & Kelly Cridland,ATHX BIRMINGHAM 2026,United Kingdom 🇬🇧,2026,Mixed,ATHX,Overall,148 (538KG),106 (8.72KM),135 (16:19),,,,,,389
123,Claire Newton & John Burton,ATHX BIRMINGHAM 2026,United Kingdom 🇬🇧,2026,Mixed,ATHX,Overall,220 (478KG),89 (8.82KM),80 (14:55),,,,,,389
123,Mark Browne & Laura Browne,ATHX BIRMINGHAM 2026,United Kingdom 🇬🇧,2026,Mixed,ATHX,Overall,133 (548KG),125 (8.569KM),131 (16:15),,,,,,389
126,Brooklyn Gibbons & Dannii Bethell,ATHX BIRMINGHAM 2026,United Kingdom 🇬🇧,2026,Mixed,ATHX,Overall,68 (610KG),160 (8.349KM),166 (17:03),,,,,,394
127,Jack Longton & Polly Iddon,ATHX BIRMINGHAM 2026,United Kingdom 🇬🇧,2026,Mixed,ATHX,Overall,144 (540KG),90 (8.802KM),161 (16:58),,,,,,395
128,Patrick Lewis & Lauren Lewis,ATHX BIRMINGHAM 2026,United Kingdom 🇬🇧,2026,Mixed,ATHX,Overall,91 (585KG),157 (8.362KM),149 (16:42),,,,,,397
129,Natalie Sauber & Matt Messina,ATHX BIRMINGHAM 2026,United Kingdom 🇬🇧,2026,Mixed,ATHX,Overall,248 (443KG),60 (8.993KM),90 (15:09),,,,,,398
129,Daniel Fennell & Dannii Bayliss,ATHX BIRMINGHAM 2026,United Kingdom 🇬🇧,2026,Mixed,ATHX,Overall,123 (558KG),155 (8.366KM),120 (15:57),,,,,,398
129,Williams Marc & Stephanie Dibble,ATHX BIRMINGHAM 2026,United Kingdom 🇬🇧,2026,Mixed,ATHX,Overall,94 (583KG),199 (8.071KM),105 (15:38),,,,,,398
132,Tim Johnson & Louisa Christiansen,ATHX BIRMINGHAM 2026,United Kingdom 🇬🇧,2026,Mixed,ATHX,Overall,198 (499KG),114 (8.662KM),88 (15:06),,,,,,400
133,Sebrina O’Rourke & Leon O'Rourke,ATHX BIRMINGHAM 2026,United Kingdom 🇬🇧,2026,Mixed,ATHX,Overall,239 (455KG),54 (9.043KM),113 (15:46),,,,,,406
133,Nicolas OTT & Rénate SCHEUER,ATHX BIRMINGHAM 2026,United Kingdom 🇬🇧,2026,Mixed,ATHX,Overall,15 (696KG),203 (8.048KM),188 (17:38),,,,,,406
133,Charlie Adler & David Baird,ATHX BIRMINGHAM 2026,United Kingdom 🇬🇧,2026,Mixed,ATHX,Overall,28 (668KG),221 (7.941KM),157 (16:53),,,,,,406
136,Georgia Keast & Sam Keast,ATHX BIRMINGHAM 2026,United Kingdom 🇬🇧,2026,Mixed,ATHX,Overall,189 (505KG),94 (8.791KM),126 (16:10),,,,,,409
136,Christina Ellis & Ali Ellis,ATHX BIRMINGHAM 2026,United Kingdom 🇬🇧,2026,Mixed,ATHX,Overall,233 (460KG),53 (9.044KM),123 (16:01),,,,,,409
138,Donna Conlon-Jones & Wayne Thomas,ATHX BIRMINGHAM 2026,United Kingdom 🇬🇧,2026,Mixed,ATHX,Overall,99 (578KG),130 (8.543KM),182 (17:31),,,,,,411
139,Nathan Jones & Emily Jones,ATHX BIRMINGHAM 2026,United Kingdom 🇬🇧,2026,Mixed,ATHX,Overall,152 (535KG),150 (8.42KM),110 (15:45),,,,,,412
140,Ben Green & Ella Roddie,ATHX BIRMINGHAM 2026,United Kingdom 🇬🇧,2026,Mixed,ATHX,Overall,118 (563KG),158 (8.36KM),139 (16:27),,,,,,415
141,Jessie Scraton & Casha Nijhawan,ATHX BIRMINGHAM 2026,United Kingdom 🇬🇧,2026,Mixed,ATHX,Overall,169 (518KG),95 (8.772KM),152 (16:44),,,,,,416
142,Charlotte Simm & Kieran Ashdown,ATHX BIRMINGHAM 2026,United Kingdom 🇬🇧,2026,Mixed,ATHX,Overall,90 (588KG),179 (8.245KM),148 (16:41),,,,,,417
143,Jonathan Nixon & Helen Colton,ATHX BIRMINGHAM 2026,United Kingdom 🇬🇧,2026,Mixed,ATHX,Overall,34 (660KG),242 (7.766KM),144 (16:32),,,,,,420
144,Kat Gill & Charlie Gill,ATHX BIRMINGHAM 2026,United Kingdom 🇬🇧,2026,Mixed,ATHX,Overall,70 (608KG),161 (8.343KM),192 (17:43),,,,,,423
145,Seosamh Gorham & Kathleen McLaughlin,ATHX BIRMINGHAM 2026,United Kingdom 🇬🇧,2026,Mixed,ATHX,Overall,179 (510KG),224 (7.936KM),21 (13:02),,,,,,424
146,Christopher Reynolds & Loulou Robson,ATHX BIRMINGHAM 2026,United Kingdom 🇬🇧,2026,Mixed,ATHX,Overall,118 (563KG),141 (8.499KM),168 (17:09),,,,,,427
147,Thomas Hamlyn Williams & Kathryn Benjamin,ATHX BIRMINGHAM 2026,United Kingdom 🇬🇧,2026,Mixed,ATHX,Overall,53 (630KG),214 (7.976KM),163 (16:59),,,,,,430
147,Ellie Careswell & George Daly,ATHX BIRMINGHAM 2026,United Kingdom 🇬🇧,2026,Mixed,ATHX,Overall,105 (575KG),152 (8.389KM),173 (17:17),,,,,,430
149,Mark Drewett-nation & Kayleigh Ball,ATHX BIRMINGHAM 2026,United Kingdom 🇬🇧,2026,Mixed,ATHX,Overall,144 (540KG),129 (8.546KM),161 (16:58),,,,,,434
150,Gavin Wright & Francesca Woods,ATHX BIRMINGHAM 2026,United Kingdom 🇬🇧,2026,Mixed,ATHX,Overall,173 (515KG),163 (8.337KM),99 (15:27),,,,,,435
150,Steven Johnson & Chloe Lavender,ATHX BIRMINGHAM 2026,United Kingdom 🇬🇧,2026,Mixed,ATHX,Overall,188 (506KG),115 (8.659KM),132 (16:17),,,,,,435
152,Ryan Harrison & Olivia Harrison,ATHX BIRMINGHAM 2026,United Kingdom 🇬🇧,2026,Mixed,ATHX,Overall,54 (628KG),217 (7.957KM),168 (17:09),,,,,,439
153,Glen Waddell & Lacey Regan,ATHX BIRMINGHAM 2026,United Kingdom 🇬🇧,2026,Mixed,ATHX,Overall,59 (623KG),144 (8.461KM),239 (19:39),,,,,,442
154,Fred Johnston & Lucie Griffiths,ATHX BIRMINGHAM 2026,United Kingdom 🇬🇧,2026,Mixed,ATHX,Overall,205 (495KG),88 (8.834KM),151 (16:43),,,,,,444
155,Emma Sharp & Aaron Lloyd,ATHX BIRMINGHAM 2026,United Kingdom 🇬🇧,2026,Mixed,ATHX,Overall,25 (673KG),225 (7.93KM),195 (17:54),,,,,,445
156,Roxanne Galloway & Chris Galloway,ATHX BIRMINGHAM 2026,United Kingdom 🇬🇧,2026,Mixed,ATHX,Overall,171 (516KG),139 (8.5KM),147 (16:40),,,,,,457
156,Abby Dodd & Jay Isaac,ATHX BIRMINGHAM 2026,United Kingdom 🇬🇧,2026,Mixed,ATHX,Overall,87 (590KG),195 (8.123KM),175 (17:20),,,,,,457
158,Tamsin Copland & Tommi Beales,ATHX BIRMINGHAM 2026,United Kingdom 🇬🇧,2026,Mixed,ATHX,Overall,98 (580KG),151 (8.391KM),210 (18:23),,,,,,459
159,Kristofer Whitfield & Lisa Smith,ATHX BIRMINGHAM 2026,United Kingdom 🇬🇧,2026,Mixed,ATHX,Overall,183 (508KG),167 (8.304KM),110 (15:45),,,,,,460
160,Lauren McNally & Kishan Patel,ATHX BIRMINGHAM 2026,United Kingdom 🇬🇧,2026,Mixed,ATHX,Overall,91 (585KG),192 (8.144KM),178 (17:26),,,,,,461
161,Charlotte Bradley & Rich Kerr,ATHX BIRMINGHAM 2026,United Kingdom 🇬🇧,2026,Mixed,ATHX,Overall,64 (618KG),182 (8.213KM),216 (18:40),,,,,,462
162,Jules Parker & Ed Scott-Dickins,ATHX BIRMINGHAM 2026,United Kingdom 🇬🇧,2026,Mixed,ATHX,Overall,161 (528KG),127 (8.561KM),176 (17:22),,,,,,464
162,Matt Kerridge & Emily Gooderham,ATHX BIRMINGHAM 2026,United Kingdom 🇬🇧,2026,Mixed,ATHX,Overall,181 (509KG),222 (7.94KM),61 (14:24),,,,,,464
164,Nick Di Giampasquale & Jodie Slade,ATHX BIRMINGHAM 2026,United Kingdom 🇬🇧,2026,Mixed,ATHX,Overall,159 (530KG),172 (8.267KM),134 (16:18),,,,,,465
165,Alice Pennington & Phil Pennington,ATHX BIRMINGHAM 2026,United Kingdom 🇬🇧,2026,Mixed,ATHX,Overall,47 (645KG),231 (7.867KM),190 (17:40),,,,,,468
166,David Caldwell & Naomi Evans,ATHX BIRMINGHAM 2026,United Kingdom 🇬🇧,2026,Mixed,ATHX,Overall,128 (555KG),165 (8.327KM),176 (17:22),,,,,,469
167,Ben Whitworth & Lucy Bishop,ATHX BIRMINGHAM 2026,United Kingdom 🇬🇧,2026,Mixed,ATHX,Overall,7 (748KG),259 (7.533KM),208 (18:18),,,,,,474
168,Jake Flint & Amy Lowe,ATHX BIRMINGHAM 2026,United Kingdom 🇬🇧,2026,Mixed,ATHX,Overall,267 (405KG),29 (9.263KM),183 (17:33),,,,,,479
169,Caleb Kenneford & Nichapat Pukdee,ATHX BIRMINGHAM 2026,United Kingdom 🇬🇧,2026,Mixed,ATHX,Overall,63 (621KG),211 (7.989KM),206 (18:16),,,,,,480
169,Emma Bryan & Josh Clark,ATHX BIRMINGHAM 2026,United Kingdom 🇬🇧,2026,Mixed,ATHX,Overall,225 (473KG),100 (8.747KM),155 (16:52),,,,,,480
171,Mari Cowie & Byron Cowie,ATHX BIRMINGHAM 2026,United Kingdom 🇬🇧,2026,Mixed,ATHX,Overall,173 (515KG),185 (8.197KM),123 (16:01),,,,,,481
172,Cory Stobart & Kim Stobart,ATHX BIRMINGHAM 2026,United Kingdom 🇬🇧,2026,Mixed,ATHX,Overall,168 (519KG),187 (8.187KM),128 (16:12),,,,,,483
173,Frances Bradley & David Fawcett,ATHX BIRMINGHAM 2026,United Kingdom 🇬🇧,2026,Mixed,ATHX,Overall,267 (405KG),67 (8.962KM),152 (16:44),,,,,,486
174,Rosa Lenders & Nicholas Mills,ATHX BIRMINGHAM 2026,United Kingdom 🇬🇧,2026,Mixed,ATHX,Overall,210 (489KG),80 (8.883KM),202 (18:10),,,,,,492
175,Emma Penn & James Penn,ATHX BIRMINGHAM 2026,United Kingdom 🇬🇧,2026,Mixed,ATHX,Overall,213 (485KG),134 (8.531KM),146 (16:39),,,,,,493
175,Eleanor Ferris & Ben Ferris,ATHX BIRMINGHAM 2026,United Kingdom 🇬🇧,2026,Mixed,ATHX,Overall,176 (513KG),132 (8.538KM),185 (17:35),,,,,,493
177,Jo Gore & Kai Gore,ATHX BIRMINGHAM 2026,United Kingdom 🇬🇧,2026,Mixed,ATHX,Overall,166 (524KG),135 (8.527KM),194 (17:48),,,,,,495
178,Isabel  Simpson & Josh Sett,ATHX BIRMINGHAM 2026,United Kingdom 🇬🇧,2026,Mixed,ATHX,Overall,87 (590KG),206 (8.028KM),203 (18:11),,,,,,496
179,Aoife Garvey & Andrew Mcellistrim,ATHX BIRMINGHAM 2026,United Kingdom 🇬🇧,2026,Mixed,ATHX,Overall,6 (749KG),261 (7.498KM),232 (19:18),,,,,,499
179,Edina Green & Chris Mark Featherstone,ATHX BIRMINGHAM 2026,United Kingdom 🇬🇧,2026,Mixed,ATHX,Overall,175 (514KG),184 (8.202KM),140 (16:28),,,,,,499
181,Zhantelle Myburgh & Llewellyn Myburgh,ATHX BIRMINGHAM 2026,United Kingdom 🇬🇧,2026,Mixed,ATHX,Overall,157 (531KG),188 (8.176KM),155 (16:52),,,,,,500
182,Stephanie Blakemore & Richard Blakemore,ATHX BIRMINGHAM 2026,United Kingdom 🇬🇧,2026,Mixed,ATHX,Overall,208 (492KG),169 (8.292KM),125 (16:04),,,,,,502
183,Rosli King & Charlie Gregory,ATHX BIRMINGHAM 2026,United Kingdom 🇬🇧,2026,Mixed,ATHX,Overall,59 (623KG),234 (7.837KM),211 (18:25),,,,,,504
183,Paul Darroch & Elizabeth Darroch,ATHX BIRMINGHAM 2026,United Kingdom 🇬🇧,2026,Mixed,ATHX,Overall,179 (510KG),183 (8.207KM),142 (16:29),,,,,,504
185,Cameron Gilray & Tiana Webster,ATHX BIRMINGHAM 2026,United Kingdom 🇬🇧,2026,Mixed,ATHX,Overall,99 (578KG),210 (8.001KM),201 (18:06),,,,,,510
186,Jade Barsby & Ben Jones,ATHX BIRMINGHAM 2026,United Kingdom 🇬🇧,2026,Mixed,ATHX,Overall,163 (525KG),176 (8.257KM),180 (17:28),,,,,,519
187,Liam Healy & Sally Healy,ATHX BIRMINGHAM 2026,United Kingdom 🇬🇧,2026,Mixed,ATHX,Overall,239 (455KG),122 (8.593KM),165 (17:02),,,,,,526
187,Rebecca Scott & Matt Keyte,ATHX BIRMINGHAM 2026,United Kingdom 🇬🇧,2026,Mixed,ATHX,Overall,220 (478KG),139 (8.5KM),167 (17:06),,,,,,526
189,April Windebank & Jamie Everard,ATHX BIRMINGHAM 2026,United Kingdom 🇬🇧,2026,Mixed,ATHX,Overall,199 (498KG),162 (8.341KM),168 (17:09),,,,,,529
190,Joe Charlton & Ellen Morley,ATHX BIRMINGHAM 2026,United Kingdom 🇬🇧,2026,Mixed,ATHX,Overall,5 (753KG),270 (7.146KM),260 (21:52),,,,,,535
190,Danielle Ally & Harry Newberry,ATHX BIRMINGHAM 2026,United Kingdom 🇬🇧,2026,Mixed,ATHX,Overall,183 (508KG),181 (8.233KM),171 (17:11),,,,,,535
192,Francesca Hibbins & Joshua Dadd,ATHX BIRMINGHAM 2026,United Kingdom 🇬🇧,2026,Mixed,ATHX,Overall,243 (453KG),109 (8.703KM),187 (17:37),,,,,,539
193,Katie Hellier & Stewart Hellier,ATHX BIRMINGHAM 2026,United Kingdom 🇬🇧,2026,Mixed,ATHX,Overall,193 (503KG),186 (8.195KM),164 (17:00),,,,,,543
194,Jay Johnson & Kali Jack,ATHX BIRMINGHAM 2026,United Kingdom 🇬🇧,2026,Mixed,ATHX,Overall,183 (508KG),143 (8.48KM),218 (18:49),,,,,,544
195,gordon mills & Amber Mills,ATHX BIRMINGHAM 2026,United Kingdom 🇬🇧,2026,Mixed,ATHX,Overall,132 (550KG),190 (8.158KM),228 (19:15),,,,,,550
195,Andrew Illingworth-turner & Kellylee Illingworth-turner,ATHX BIRMINGHAM 2026,United Kingdom 🇬🇧,2026,Mixed,ATHX,Overall,99 (578KG),216 (7.967KM),235 (19:31),,,,,,550
195,Sally Shareef & Tom Williams,ATHX BIRMINGHAM 2026,United Kingdom 🇬🇧,2026,Mixed,ATHX,Overall,217 (483KG),154 (8.37KM),179 (17:27),,,,,,550
198,Gemma Sinclair & Scott Sinclair,ATHX BIRMINGHAM 2026,United Kingdom 🇬🇧,2026,Mixed,ATHX,Overall,194 (500KG),171 (8.277KM),188 (17:38),,,,,,553
199,Andreas Schönborn & Stini Schoenborn,ATHX BIRMINGHAM 2026,United Kingdom 🇬🇧,2026,Mixed,ATHX,Overall,218 (480KG),164 (8.334KM),172 (17:15),,,,,,554
199,Ricky McDonald & Laura Grundy,ATHX BIRMINGHAM 2026,United Kingdom 🇬🇧,2026,Mixed,ATHX,Overall,167 (521KG),175 (8.259KM),212 (18:26),,,,,,554
201,Adam Sullivan & Jessca Sullivan,ATHX BIRMINGHAM 2026,United Kingdom 🇬🇧,2026,Mixed,ATHX,Overall,194 (500KG),208 (8.018KM),154 (16:45),,,,,,556
202,Molly Bridson & Fraser McPhearson,ATHX BIRMINGHAM 2026,United Kingdom 🇬🇧,2026,Mixed,ATHX,Overall,260 (417KG),130 (8.543KM),184 (17:34),,,,,,574
203,Catherine Hickey & Tom McGuinness,ATHX BIRMINGHAM 2026,United Kingdom 🇬🇧,2026,Mixed,ATHX,Overall,249 (441KG),142 (8.492KM),185 (17:35),,,,,,576
204,Sara-Jane Larner & Philip Brackley,ATHX BIRMINGHAM 2026,United Kingdom 🇬🇧,2026,Mixed,ATHX,Overall,70 (608KG),253 (7.62KM),256 (21:38),,,,,,579
205,John Piedad & Gemma Pope,ATHX BIRMINGHAM 2026,United Kingdom 🇬🇧,2026,Mixed,ATHX,Overall,138 (546KG),246 (7.71KM),197 (17:55),,,,,,581
206,Jemma Loader & Callum Strickland,ATHX BIRMINGHAM 2026,United Kingdom 🇬🇧,2026,Mixed,ATHX,Overall,229 (468KG),200 (8.065KM),157 (16:53),,,,,,586
207,Mark Vicary & Laura Vicary,ATHX BIRMINGHAM 2026,United Kingdom 🇬🇧,2026,Mixed,ATHX,Overall,201 (497KG),193 (8.134KM),195 (17:54),,,,,,589
208,Jason Harris & Bonnie Walton,ATHX BIRMINGHAM 2026,United Kingdom 🇬🇧,2026,Mixed,ATHX,Overall,257 (428KG),133 (8.537KM),200 (18:05),,,,,,590
209,Joe Ward & Katie Newton,ATHX BIRMINGHAM 2026,United Kingdom 🇬🇧,2026,Mixed,ATHX,Overall,266 (406KG),121 (8.617KM),207 (18:17),,,,,,594
210,Zoe Prior & Lee Prior,ATHX BIRMINGHAM 2026,United Kingdom 🇬🇧,2026,Mixed,ATHX,Overall,181 (509KG),209 (8.01KM),205 (18:15),,,,,,595
211,Ryan  Payne & Sasha Weaver,ATHX BIRMINGHAM 2026,United Kingdom 🇬🇧,2026,Mixed,ATHX,Overall,207 (493KG),178 (8.249KM),212 (18:26),,,,,,597
212,Alison Delucis & Roberto Delucis,ATHX BIRMINGHAM 2026,United Kingdom 🇬🇧,2026,Mixed,ATHX,Overall,254 (431KG),112 (8.684KM),233 (19:26),,,,,,599
213,Martin Browning & Laura Thomas,ATHX BIRMINGHAM 2026,United Kingdom 🇬🇧,2026,Mixed,ATHX,Overall,211 (486KG),229 (7.887KM),160 (16:56),,,,,,600
213,Siobhan Cullern & Rob Najair,ATHX BIRMINGHAM 2026,United Kingdom 🇬🇧,2026,Mixed,ATHX,Overall,161 (528KG),247 (7.693KM),192 (17:43),,,,,,600
215,Michele Davies & Owen Davies,ATHX BIRMINGHAM 2026,United Kingdom 🇬🇧,2026,Mixed,ATHX,Overall,220 (478KG),172 (8.267KM),212 (18:26),,,,,,604
215,Scarlett Parker & Jaco Cloete,ATHX BIRMINGHAM 2026,United Kingdom 🇬🇧,2026,Mixed,ATHX,Overall,123 (558KG),264 (7.345KM),217 (18:42),,,,,,604
217,Kirstie Pritchard & Craig Pritchard,ATHX BIRMINGHAM 2026,United Kingdom 🇬🇧,2026,Mixed,ATHX,Overall,232 (461KG),177 (8.254KM),199 (18:00),,,,,,608
218,Tamsin Mockler & Alastair White,ATHX BIRMINGHAM 2026,United Kingdom 🇬🇧,2026,Mixed,ATHX,Overall,202 (496KG),227 (7.891KM),180 (17:28),,,,,,609
219,Eleanor Bobeszko & Tom Bobeszko,ATHX BIRMINGHAM 2026,United Kingdom 🇬🇧,2026,Mixed,ATHX,Overall,163 (525KG),226 (7.922KM),221 (18:55),,,,,,610
220,Louisa Ward & Matt Stone,ATHX BIRMINGHAM 2026,United Kingdom 🇬🇧,2026,Mixed,ATHX,Overall,122 (560KG),262 (7.481KM),228 (19:15),,,,,,612
221,Ryan Earnshaw & Chloe Griffin,ATHX BIRMINGHAM 2026,United Kingdom 🇬🇧,2026,Mixed,ATHX,Overall,189 (505KG),166 (8.315KM),261 (21:54),,,,,,616
222,Elaine Forth & Jermaine Skeen,ATHX BIRMINGHAM 2026,United Kingdom 🇬🇧,2026,Mixed,ATHX,Overall,140 (543KG),230 (7.88KM),250 (20:55),,,,,,620
222,NATASHA JONES & James Phipps,ATHX BIRMINGHAM 2026,United Kingdom 🇬🇧,2026,Mixed,ATHX,Overall,140 (543KG),236 (7.821KM),244 (20:15),,,,,,620
224,Kate Livesey & Ben Morgan,ATHX BIRMINGHAM 2026,United Kingdom 🇬🇧,2026,Mixed,ATHX,Overall,202 (496KG),200 (8.065KM),219 (18:52),,,,,,621
224,Donna Lewis & Atarhe Igbesoko,ATHX BIRMINGHAM 2026,United Kingdom 🇬🇧,2026,Mixed,ATHX,Overall,128 (555KG),243 (7.762KM),250 (20:55),,,,,,621
226,Chris Warren & Rachel Houghton,ATHX BIRMINGHAM 2026,United Kingdom 🇬🇧,2026,Mixed,ATHX,Overall,154 (533KG),237 (7.818KM),231 (19:17),,,,,,622
227,Helen Boffy & Matt Boffy,ATHX BIRMINGHAM 2026,United Kingdom 🇬🇧,2026,Mixed,ATHX,Overall,241 (454KG),137 (8.512KM),248 (20:48),,,,,,626
228,Michaela Pugh & mike Hoare,ATHX BIRMINGHAM 2026,United Kingdom 🇬🇧,2026,Mixed,ATHX,Overall,213 (485KG),212 (7.978KM),203 (18:11),,,,,,628
229,Tyne Grant & Noel Spilker,ATHX BIRMINGHAM 2026,United Kingdom 🇬🇧,2026,Mixed,ATHX,Overall,236 (458KG),191 (8.145KM),219 (18:52),,,,,,646
230,Liz Dyson & Kallum Dyson,ATHX BIRMINGHAM 2026,United Kingdom 🇬🇧,2026,Mixed,ATHX,Overall,148 (538KG),257 (7.566KM),245 (20:26),,,,,,650
231,Nic Seeney & Greg Day,ATHX BIRMINGHAM 2026,United Kingdom 🇬🇧,2026,Mixed,ATHX,Overall,130 (553KG),271 (7.052KM),250 (20:55),,,,,,651
232,Catherine Fenton & Scott Fenton,ATHX BIRMINGHAM 2026,United Kingdom 🇬🇧,2026,Mixed,ATHX,Overall,264 (410KG),198 (8.096KM),191 (17:41),,,,,,653
233,Callum Brown & Steph Parsons,ATHX BIRMINGHAM 2026,United Kingdom 🇬🇧,2026,Mixed,ATHX,Overall,178 (511KG),238 (7.813KM),241 (19:59),,,,,,657
234,Isabella de Camargo Nigro & Derek Marão,ATHX BIRMINGHAM 2026,United Kingdom 🇬🇧,2026,Mixed,ATHX,Overall,250 (440KG),249 (7.648KM),159 (16:54),,,,,,658
235,Amelia Watson & Nathan Watson,ATHX BIRMINGHAM 2026,United Kingdom 🇬🇧,2026,Mixed,ATHX,Overall,218 (480KG),220 (7.943KM),226 (19:13),,,,,,664
235,Angelo Joseph & Rachel Farrow,ATHX BIRMINGHAM 2026,United Kingdom 🇬🇧,2026,Mixed,ATHX,Overall,176 (513KG),241 (7.788KM),247 (20:41),,,,,,664
237,Mark Winnock & Puichi Hau,ATHX BIRMINGHAM 2026,United Kingdom 🇬🇧,2026,Mixed,ATHX,Overall,224 (476KG),205 (8.036KM),236 (19:33),,,,,,665
238,Emma Cato & Baz Cato,ATHX BIRMINGHAM 2026,United Kingdom 🇬🇧,2026,Mixed,ATHX,Overall,140 (543KG),268 (7.224KM),262 (21:59),,,,,,670
239,James Woodhouse & Jodie Stanhope,ATHX BIRMINGHAM 2026,United Kingdom 🇬🇧,2026,Mixed,ATHX,Overall,229 (468KG),245 (7.746KM),197 (17:55),,,,,,671
240,Andrew waldock & Lindsay Charlson,ATHX BIRMINGHAM 2026,United Kingdom 🇬🇧,2026,Mixed,ATHX,Overall,252 (436KG),196 (8.111KM),224 (18:58),,,,,,672
240,Lucy Booth & Dave Stevenson,ATHX BIRMINGHAM 2026,United Kingdom 🇬🇧,2026,Mixed,ATHX,Overall,245 (446KG),204 (8.041KM),223 (18:57),,,,,,672
242,Abbie  Hudson & Jahan Asadi,ATHX BIRMINGHAM 2026,United Kingdom 🇬🇧,2026,Mixed,ATHX,Overall,194 (500KG),222 (7.94KM),258 (21:41),,,,,,674
243,Ian Kelly & Ali Taylor,ATHX BIRMINGHAM 2026,United Kingdom 🇬🇧,2026,Mixed,ATHX,Overall,263 (413KG),197 (8.099KM),215 (18:37),,,,,,675
244,Chante Jones & Chris Jones,ATHX BIRMINGHAM 2026,United Kingdom 🇬🇧,2026,Mixed,ATHX,Overall,189 (505KG),250 (7.644KM),242 (20:01),,,,,,681
245,Charlie Harris & Josephine Farrelly,ATHX BIRMINGHAM 2026,United Kingdom 🇬🇧,2026,Mixed,ATHX,Overall,211 (486KG),218 (7.948KM),264 (22:20),,,,,,693
246,Phil Shuard & Ali Lester,ATHX BIRMINGHAM 2026,United Kingdom 🇬🇧,2026,Mixed,ATHX,Overall,269 (393KG),189 (8.159KM),237 (19:36),,,,,,695
247,Maha Belefquih & Samuel Augustine,ATHX BIRMINGHAM 2026,United Kingdom 🇬🇧,2026,Mixed,ATHX,Overall,199 (498KG),248 (7.65KM),249 (20:54),,,,,,696
248,Shangari Livesey & Joe Livesey,ATHX BIRMINGHAM 2026,United Kingdom 🇬🇧,2026,Mixed,ATHX,Overall,233 (460KG),255 (7.607KM),209 (18:19),,,,,,697
249,Amina Jan & Levi Brown,ATHX BIRMINGHAM 2026,United Kingdom 🇬🇧,2026,Mixed,ATHX,Overall,157 (531KG),273 (6.836KM),272 (24:20),,,,,,702
250,Nick Locke & Helen Brawn,ATHX BIRMINGHAM 2026,United Kingdom 🇬🇧,2026,Mixed,ATHX,Overall,275 (325KG),207 (8.026KM),221 (18:55),,,,,,703
251,james booth & Victoria Booth,ATHX BIRMINGHAM 2026,United Kingdom 🇬🇧,2026,Mixed,ATHX,Overall,251 (438KG),219 (7.947KM),234 (19:29),,,,,,704
251,Georgia Smith & Jack Smith,ATHX BIRMINGHAM 2026,United Kingdom 🇬🇧,2026,Mixed,ATHX,Overall,231 (463KG),233 (7.851KM),240 (19:43),,,,,,704
253,Jade Foot & Lucas Oliveira,ATHX BIRMINGHAM 2026,United Kingdom 🇬🇧,2026,Mixed,ATHX,Overall,202 (496KG),252 (7.621KM),255 (21:29),,,,,,709
254,Kate Williams & Shaun Allen,ATHX BIRMINGHAM 2026,United Kingdom 🇬🇧,2026,Mixed,ATHX,Overall,189 (505KG),251 (7.629KM),270 (23:12),,,,,,710
255,Nieve Oakman & Ben Upton,ATHX BIRMINGHAM 2026,United Kingdom 🇬🇧,2026,Mixed,ATHX,Overall,233 (460KG),232 (7.855KM),246 (20:39),,,,,,711
256,Simon Huntley & Dawn Huntley,ATHX BIRMINGHAM 2026,United Kingdom 🇬🇧,2026,Mixed,ATHX,Overall,265 (408KG),213 (7.977KM),237 (19:36),,,,,,715
257,Karl Marshall & Victoria Green,ATHX BIRMINGHAM 2026,United Kingdom 🇬🇧,2026,Mixed,ATHX,Overall,227 (470KG),263 (7.463KM),226 (19:13),,,,,,716
258,emma Johnston & Glyn Johnston,ATHX BIRMINGHAM 2026,United Kingdom 🇬🇧,2026,Mixed,ATHX,Overall,236 (458KG),239 (7.804KM),243 (20:06),,,,,,718
259,Lila Robinson & Ross Bray,ATHX BIRMINGHAM 2026,United Kingdom 🇬🇧,2026,Mixed,ATHX,Overall,225 (473KG),244 (7.755KM),257 (21:39),,,,,,726
260,Andrew Kings & Frances Kings-Thompson,ATHX BIRMINGHAM 2026,United Kingdom 🇬🇧,2026,Mixed,ATHX,Overall,247 (444KG),228 (7.89KM),254 (21:23),,,,,,729
261,Jorge Garcia & Barbara Jimenez,ATHX BIRMINGHAM 2026,United Kingdom 🇬🇧,2026,Mixed,ATHX,Overall,270 (391KG),202 (8.053KM),263 (22:03),,,,,,735
262,Christy Fitzpatrick & Carl Thomas,ATHX BIRMINGHAM 2026,United Kingdom 🇬🇧,2026,Mixed,ATHX,Overall,271 (385KG),240 (7.794KM),225 (19:01),,,,,,736
263,Andrea Coley & Jonny Goggs,ATHX BIRMINGHAM 2026,United Kingdom 🇬🇧,2026,Mixed,ATHX,Overall,259 (418KG),214 (7.976KM),265 (22:43),,,,,,738
264,millie newey & Alex Newey,ATHX BIRMINGHAM 2026,United Kingdom 🇬🇧,2026,Mixed,ATHX,Overall,255 (430KG),254 (7.61KM),230 (19:16),,,,,,739
265,Jaya Rehan & Joseph Fox,ATHX BIRMINGHAM 2026,United Kingdom 🇬🇧,2026,Mixed,ATHX,Overall,227 (470KG),258 (7.534KM),268 (22:59),,,,,,753
266,Emma Waller & Tom Wilson,ATHX BIRMINGHAM 2026,United Kingdom 🇬🇧,2026,Mixed,ATHX,Overall,255 (430KG),235 (7.826KM),267 (22:57),,,,,,757
267,Tom Coldham & Claire Coldham,ATHX BIRMINGHAM 2026,United Kingdom 🇬🇧,2026,Mixed,ATHX,Overall,252 (436KG),264 (7.345KM),253 (21:16),,,,,,769
268,Emma Thistleton & Larry Wells,ATHX BIRMINGHAM 2026,United Kingdom 🇬🇧,2026,Mixed,ATHX,Overall,258 (421KG),256 (7.599KM),258 (21:41),,,,,,772
269,Malgorzata Duzyk & Francisco Almeida,ATHX BIRMINGHAM 2026,United Kingdom 🇬🇧,2026,Mixed,ATHX,Overall,243 (453KG),267 (7.279KM),269 (23:11),,,,,,779
270,Lauren Hunt & Oliver Wright,ATHX BIRMINGHAM 2026,United Kingdom 🇬🇧,2026,Mixed,ATHX,Overall,238 (456KG),269 (7.223KM),273 (24:37),,,,,,780
271,Laura Turner & Felix Turner,ATHX BIRMINGHAM 2026,United Kingdom 🇬🇧,2026,Mixed,ATHX,Overall,245 (446KG),272 (7.037KM),266 (22:47),,,,,,783
272,Natalie Depledge & Adam Depledge,ATHX BIRMINGHAM 2026,United Kingdom 🇬🇧,2026,Mixed,ATHX,Overall,273 (375KG),260 (7.504KM),271 (23:32),,,,,,804
273,Kelvin St.Pierre Robson & VIRGINIE Harris,ATHX BIRMINGHAM 2026,United Kingdom 🇬🇧,2026,Mixed,ATHX,Overall,261 (415KG),274 (6.332KM),275 (25:15),,,,,,810
274,Louise Griffiths & Ryan Griffiths,ATHX BIRMINGHAM 2026,United Kingdom 🇬🇧,2026,Mixed,ATHX,Overall,261 (415KG),275 (5.968KM),276 (25:47),,,,,,812
275,Brad Atwill & Ella McFall,ATHX BIRMINGHAM 2026,United Kingdom 🇬🇧,2026,Mixed,ATHX,Overall,274 (350KG),266 (7.338KM),274 (25:03),,,,,,814
1,Anna Paul & Jessica Dickinson,ATHX BIRMINGHAM 2026,United Kingdom 🇬🇧,2026,Female,ATHX Lite,MetCon X,,,12:25,,,,,,1
2,Alex Wilkinson & Leanne Jones,ATHX BIRMINGHAM 2026,United Kingdom 🇬🇧,2026,Female,ATHX Lite,MetCon X,,,14:01,,,,,,2
3,Layla Woollard & Anna Margetson,ATHX BIRMINGHAM 2026,United Kingdom 🇬🇧,2026,Female,ATHX Lite,MetCon X,,,14:09,,,,,,3
4,Joey Lin & Farah Chiu,ATHX BIRMINGHAM 2026,United Kingdom 🇬🇧,2026,Female,ATHX Lite,MetCon X,,,14:30,,,,,,4
5,Sian Wigington & Holly Gibbs,ATHX BIRMINGHAM 2026,United Kingdom 🇬🇧,2026,Female,ATHX Lite,MetCon X,,,14:33,,,,,,5
6,Amanda Perry & Hannah Mcgovern,ATHX BIRMINGHAM 2026,United Kingdom 🇬🇧,2026,Female,ATHX Lite,MetCon X,,,14:50,,,,,,6
7,Ellena Bailey & Kezia Cottrell,ATHX BIRMINGHAM 2026,United Kingdom 🇬🇧,2026,Female,ATHX Lite,MetCon X,,,15:09,,,,,,7
8,Angela Gilchrist & Sally Cross,ATHX BIRMINGHAM 2026,United Kingdom 🇬🇧,2026,Female,ATHX Lite,MetCon X,,,15:12,,,,,,8
9,Rachel Caplan & Georgia Frampton,ATHX BIRMINGHAM 2026,United Kingdom 🇬🇧,2026,Female,ATHX Lite,MetCon X,,,15:23,,,,,,9
10,Ella Joseph & Shanice Birchall,ATHX BIRMINGHAM 2026,United Kingdom 🇬🇧,2026,Female,ATHX Lite,MetCon X,,,15:27,,,,,,10
11,Paige Reed & Jade Gubb,ATHX BIRMINGHAM 2026,United Kingdom 🇬🇧,2026,Female,ATHX Lite,MetCon X,,,15:30,,,,,,11
12,Leanne Trimble & Abby Adams,ATHX BIRMINGHAM 2026,United Kingdom 🇬🇧,2026,Female,ATHX Lite,MetCon X,,,15:35,,,,,,12
13,Dana Lukic & Tiffany Tebbutt,ATHX BIRMINGHAM 2026,United Kingdom 🇬🇧,2026,Female,ATHX Lite,MetCon X,,,15:41,,,,,,13
14,Jaz Pugh & Liv Jones,ATHX BIRMINGHAM 2026,United Kingdom 🇬🇧,2026,Female,ATHX Lite,MetCon X,,,15:42,,,,,,14
15,Sarah Savaria & Lucy Burden-Ince,ATHX BIRMINGHAM 2026,United Kingdom 🇬🇧,2026,Female,ATHX Lite,MetCon X,,,15:48,,,,,,15
16,Leia Leahy & Hollie Baker,ATHX BIRMINGHAM 2026,United Kingdom 🇬🇧,2026,Female,ATHX Lite,MetCon X,,,15:50,,,,,,16
17,mollie tate & CHELSEY Chapman,ATHX BIRMINGHAM 2026,United Kingdom 🇬🇧,2026,Female,ATHX Lite,MetCon X,,,15:54,,,,,,17
18,Tammy Holmes & Stephanie Meadows,ATHX BIRMINGHAM 2026,United Kingdom 🇬🇧,2026,Female,ATHX Lite,MetCon X,,,16:12,,,,,,18
19,Sharon Elms & Amanda Connolly,ATHX BIRMINGHAM 2026,United Kingdom 🇬🇧,2026,Female,ATHX Lite,MetCon X,,,16:15,,,,,,19
20,Martha Skillern & Cecily Fahey,ATHX BIRMINGHAM 2026,United Kingdom 🇬🇧,2026,Female,ATHX Lite,MetCon X,,,16:18,,,,,,20
21,Rebecca Campbell & Louise Campbell,ATHX BIRMINGHAM 2026,United Kingdom 🇬🇧,2026,Female,ATHX Lite,MetCon X,,,16:19,,,,,,21
21,Holly Johnson & Jess Miller,ATHX BIRMINGHAM 2026,United Kingdom 🇬🇧,2026,Female,ATHX Lite,MetCon X,,,16:19,,,,,,21
23,Dawn Boon & Emma Odom,ATHX BIRMINGHAM 2026,United Kingdom 🇬🇧,2026,Female,ATHX Lite,MetCon X,,,16:26,,,,,,23
24,Lizzie Corbett & Anna Jaines,ATHX BIRMINGHAM 2026,United Kingdom 🇬🇧,2026,Female,ATHX Lite,MetCon X,,,16:39,,,,,,24
25,Laura Froggatt & Angela Tooley,ATHX BIRMINGHAM 2026,United Kingdom 🇬🇧,2026,Female,ATHX Lite,MetCon X,,,16:40,,,,,,25
26,Sonia Tutt & Clara Gawley,ATHX BIRMINGHAM 2026,United Kingdom 🇬🇧,2026,Female,ATHX Lite,MetCon X,,,16:41,,,,,,26
27,Sophie Mee & SARAH Preston,ATHX BIRMINGHAM 2026,United Kingdom 🇬🇧,2026,Female,ATHX Lite,MetCon X,,,16:46,,,,,,27
28,Denise Bennett & Sue Wedgbury,ATHX BIRMINGHAM 2026,United Kingdom 🇬🇧,2026,Female,ATHX Lite,MetCon X,,,16:52,,,,,,28
29,Abbie Windebank & Lauren Cain,ATHX BIRMINGHAM 2026,United Kingdom 🇬🇧,2026,Female,ATHX Lite,MetCon X,,,16:55,,,,,,29
30,Jackie Mccoy & Courtney Brand,ATHX BIRMINGHAM 2026,United Kingdom 🇬🇧,2026,Female,ATHX Lite,MetCon X,,,16:59,,,,,,30
31,Sarah Frewin & Rachel Liddicott,ATHX BIRMINGHAM 2026,United Kingdom 🇬🇧,2026,Female,ATHX Lite,MetCon X,,,17:04,,,,,,31
32,Trish Walker & Katie Stammers,ATHX BIRMINGHAM 2026,United Kingdom 🇬🇧,2026,Female,ATHX Lite,MetCon X,,,17:10,,,,,,32
33,Katie Richards & kellywarwick87 Team,ATHX BIRMINGHAM 2026,United Kingdom 🇬🇧,2026,Female,ATHX Lite,MetCon X,,,17:14,,,,,,33
34,Kelly Catanzaro & Cindy Johnson,ATHX BIRMINGHAM 2026,United Kingdom 🇬🇧,2026,Female,ATHX Lite,MetCon X,,,17:21,,,,,,34
35,Sue Davis & Rose Piper,ATHX BIRMINGHAM 2026,United Kingdom 🇬🇧,2026,Female,ATHX Lite,MetCon X,,,17:24,,,,,,35
36,Sarah Hoosdally & Maisy Ball,ATHX BIRMINGHAM 2026,United Kingdom 🇬🇧,2026,Female,ATHX Lite,MetCon X,,,17:28,,,,,,36
37,Francesca Monk & Donna Jackson,ATHX BIRMINGHAM 2026,United Kingdom 🇬🇧,2026,Female,ATHX Lite,MetCon X,,,17:31,,,,,,37
38,Sian Thomas & Sarah Sullivan,ATHX BIRMINGHAM 2026,United Kingdom 🇬🇧,2026,Female,ATHX Lite,MetCon X,,,17:33,,,,,,38
39,Siobhan Hudson & Hannah Hudson,ATHX BIRMINGHAM 2026,United Kingdom 🇬🇧,2026,Female,ATHX Lite,MetCon X,,,17:34,,,,,,39
40,Laura Marsh & Sharon Buckingham,ATHX BIRMINGHAM 2026,United Kingdom 🇬🇧,2026,Female,ATHX Lite,MetCon X,,,17:37,,,,,,40
41,Alice Rayner & Stephanie Smith,ATHX BIRMINGHAM 2026,United Kingdom 🇬🇧,2026,Female,ATHX Lite,MetCon X,,,17:41,,,,,,41
42,Emma Dadford & Georgia Breacher,ATHX BIRMINGHAM 2026,United Kingdom 🇬🇧,2026,Female,ATHX Lite,MetCon X,,,17:59,,,,,,42
43,Ivana Babicova & Zdenka Babicova,ATHX BIRMINGHAM 2026,United Kingdom 🇬🇧,2026,Female,ATHX Lite,MetCon X,,,18:13,,,,,,43
44,Michaela Campbell & Melanie Brooke,ATHX BIRMINGHAM 2026,United Kingdom 🇬🇧,2026,Female,ATHX Lite,MetCon X,,,18:25,,,,,,44
45,Wendy Grace & Jessie Bradley,ATHX BIRMINGHAM 2026,United Kingdom 🇬🇧,2026,Female,ATHX Lite,MetCon X,,,18:33,,,,,,45
46,Rhian Burrell & Imogen Bennett,ATHX BIRMINGHAM 2026,United Kingdom 🇬🇧,2026,Female,ATHX Lite,MetCon X,,,18:47,,,,,,46
46,Beth Tranter & Sophie Tranter,ATHX BIRMINGHAM 2026,United Kingdom 🇬🇧,2026,Female,ATHX Lite,MetCon X,,,18:47,,,,,,46
48,Ayisha Ajikobi & Onika Griffith-Elliott,ATHX BIRMINGHAM 2026,United Kingdom 🇬🇧,2026,Female,ATHX Lite,MetCon X,,,18:48,,,,,,48
49,philippa blackburn & Sian Edgell,ATHX BIRMINGHAM 2026,United Kingdom 🇬🇧,2026,Female,ATHX Lite,MetCon X,,,18:53,,,,,,49
50,Rosie Beckett & Kirsty Purdew,ATHX BIRMINGHAM 2026,United Kingdom 🇬🇧,2026,Female,ATHX Lite,MetCon X,,,18:54,,,,,,50
51,Krithika Dawett & Jessica Barnes,ATHX BIRMINGHAM 2026,United Kingdom 🇬🇧,2026,Female,ATHX Lite,MetCon X,,,18:57,,,,,,51
52,Vicky Lewis & Clare Glinski-Wignall,ATHX BIRMINGHAM 2026,United Kingdom 🇬🇧,2026,Female,ATHX Lite,MetCon X,,,19:02,,,,,,52
53,Lisa Pringle & Amy Killick,ATHX BIRMINGHAM 2026,United Kingdom 🇬🇧,2026,Female,ATHX Lite,MetCon X,,,19:04,,,,,,53
54,Emma Bassey & Caprice Fox,ATHX BIRMINGHAM 2026,United Kingdom 🇬🇧,2026,Female,ATHX Lite,MetCon X,,,19:18,,,,,,54
55,Jessica Thraves & Harshini Solanki,ATHX BIRMINGHAM 2026,United Kingdom 🇬🇧,2026,Female,ATHX Lite,MetCon X,,,19:26,,,,,,55
56,Pia Jarvis & Sally Powell,ATHX BIRMINGHAM 2026,United Kingdom 🇬🇧,2026,Female,ATHX Lite,MetCon X,,,19:33,,,,,,56
57,Sharon Hunt & Naomi Herrick,ATHX BIRMINGHAM 2026,United Kingdom 🇬🇧,2026,Female,ATHX Lite,MetCon X,,,19:36,,,,,,57
58,Jane Borton & Pamela Arnold,ATHX BIRMINGHAM 2026,United Kingdom 🇬🇧,2026,Female,ATHX Lite,MetCon X,,,19:41,,,,,,58
58,Rebecca Harwood & Yoland Johnson,ATHX BIRMINGHAM 2026,United Kingdom 🇬🇧,2026,Female,ATHX Lite,MetCon X,,,19:41,,,,,,58
60,Cameron Booth & Lauren Whitehead,ATHX BIRMINGHAM 2026,United Kingdom 🇬🇧,2026,Female,ATHX Lite,MetCon X,,,19:42,,,,,,60
61,Tara Williams & Emily Williams,ATHX BIRMINGHAM 2026,United Kingdom 🇬🇧,2026,Female,ATHX Lite,MetCon X,,,19:43,,,,,,61
62,Nadeané Mcdonald & Amy Wyatt-Bennett,ATHX BIRMINGHAM 2026,United Kingdom 🇬🇧,2026,Female,ATHX Lite,MetCon X,,,20:00,,,,,,62
63,Alicia Parker-Ennis & Hannah Randall,ATHX BIRMINGHAM 2026,United Kingdom 🇬🇧,2026,Female,ATHX Lite,MetCon X,,,20:19,,,,,,63
63,Nasim Akhtar & Melodie H Gonzalez,ATHX BIRMINGHAM 2026,United Kingdom 🇬🇧,2026,Female,ATHX Lite,MetCon X,,,20:19,,,,,,63
65,Emma Coombes & Vicci Lamb,ATHX BIRMINGHAM 2026,United Kingdom 🇬🇧,2026,Female,ATHX Lite,MetCon X,,,20:22,,,,,,65
66,Zoe Churchill & natasha churchill,ATHX BIRMINGHAM 2026,United Kingdom 🇬🇧,2026,Female,ATHX Lite,MetCon X,,,20:23,,,,,,66
67,Rachel Waterman & Melanie Keen,ATHX BIRMINGHAM 2026,United Kingdom 🇬🇧,2026,Female,ATHX Lite,MetCon X,,,20:29,,,,,,67
68,Jessica Smith & Karien Read,ATHX BIRMINGHAM 2026,United Kingdom 🇬🇧,2026,Female,ATHX Lite,MetCon X,,,20:32,,,,,,68
69,Livi Hunter & Becca Thomas,ATHX BIRMINGHAM 2026,United Kingdom 🇬🇧,2026,Female,ATHX Lite,MetCon X,,,20:33,,,,,,69
70,Sophie Spencer & Jess Little,ATHX BIRMINGHAM 2026,United Kingdom 🇬🇧,2026,Female,ATHX Lite,MetCon X,,,20:42,,,,,,70
71,Gemma Broughton & Annjanet Mckerral,ATHX BIRMINGHAM 2026,United Kingdom 🇬🇧,2026,Female,ATHX Lite,MetCon X,,,20:44,,,,,,71
72,Lucie Wagstaff & Kim Rees,ATHX BIRMINGHAM 2026,United Kingdom 🇬🇧,2026,Female,ATHX Lite,MetCon X,,,20:56,,,,,,72
73,Lisa Blakeman & Charlotte Stableford,ATHX BIRMINGHAM 2026,United Kingdom 🇬🇧,2026,Female,ATHX Lite,MetCon X,,,21:07,,,,,,73
74,kaitlyn coles & Misha Staples,ATHX BIRMINGHAM 2026,United Kingdom 🇬🇧,2026,Female,ATHX Lite,MetCon X,,,21:19,,,,,,74
75,Julie Fox & Becky Lyons,ATHX BIRMINGHAM 2026,United Kingdom 🇬🇧,2026,Female,ATHX Lite,MetCon X,,,22:07,,,,,,75
76,Karen Lorenzo & Louise Mitchell,ATHX BIRMINGHAM 2026,United Kingdom 🇬🇧,2026,Female,ATHX Lite,MetCon X,,,22:13,,,,,,76
77,Margaret Ndiritu & Emma Grafton,ATHX BIRMINGHAM 2026,United Kingdom 🇬🇧,2026,Female,ATHX Lite,MetCon X,,,22:17,,,,,,77
78,Ruby Maxwell & Karon Maxwell,ATHX BIRMINGHAM 2026,United Kingdom 🇬🇧,2026,Female,ATHX Lite,MetCon X,,,23:16,,,,,,78
79,Nicola Smith & melissa green,ATHX BIRMINGHAM 2026,United Kingdom 🇬🇧,2026,Female,ATHX Lite,MetCon X,,,24:00,,,,,,79
80,Sophie Medland & Caitlin Wagstaffe,ATHX BIRMINGHAM 2026,United Kingdom 🇬🇧,2026,Female,ATHX Lite,MetCon X,,,24:10,,,,,,80
81,Rachna Amin & Shirina Davey,ATHX BIRMINGHAM 2026,United Kingdom 🇬🇧,2026,Female,ATHX Lite,MetCon X,,,24:35,,,,,,81
82,Mercedes Britton & Channelle Houston,ATHX BIRMINGHAM 2026,United Kingdom 🇬🇧,2026,Female,ATHX Lite,MetCon X,,,24:41,,,,,,82
83,Janet King & Susan Sainsbury,ATHX BIRMINGHAM 2026,United Kingdom 🇬🇧,2026,Female,ATHX Lite,MetCon X,,,25:05,,,,,,83
84,Carole Waters & Sarah Ross,ATHX BIRMINGHAM 2026,United Kingdom 🇬🇧,2026,Female,ATHX Lite,MetCon X,,,25:08,,,,,,84
85,Katie Heer & Shevonne Blair,ATHX BIRMINGHAM 2026,United Kingdom 🇬🇧,2026,Female,ATHX Lite,MetCon X,,,25:24,,,,,,85
1,Alfie Burton & Taryn Skinner,ATHX BIRMINGHAM 2026,United Kingdom 🇬🇧,2026,Male,ATHX Pro,Overall,5 (928KG),1 (11.104KM),2 (12:47),,,,,,8
2,Nathan Bland & Josh Bland,ATHX BIRMINGHAM 2026,United Kingdom 🇬🇧,2026,Male,ATHX Pro,Overall,7 (910KG),4 (10.467KM),1 (12:42),,,,,,12
2,Peter Crudge & Fergus Kneath,ATHX BIRMINGHAM 2026,United Kingdom 🇬🇧,2026,Male,ATHX Pro,Overall,1 (990KG),7 (10.335KM),4 (13:55),,,,,,12
4,Ben Read & Greg Duddridge,ATHX BIRMINGHAM 2026,United Kingdom 🇬🇧,2026,Male,ATHX Pro,Overall,2 (985KG),5 (10.395KM),9 (15:17),,,,,,16
5,Thomas Krogh & James English,ATHX BIRMINGHAM 2026,United Kingdom 🇬🇧,2026,Male,ATHX Pro,Overall,10 (880KG),3 (10.499KM),3 (13:29),,,,,,16
6,Alex Campbell & Joe Martin,ATHX BIRMINGHAM 2026,United Kingdom 🇬🇧,2026,Male,ATHX Pro,Overall,16 (843KG),2 (10.503KM),5 (14:02),,,,,,23
7,Jamie Matthews & andrew coupe,ATHX BIRMINGHAM 2026,United Kingdom 🇬🇧,2026,Male,ATHX Pro,Overall,13 (853KG),8 (10.312KM),6 (14:46),,,,,,27
8,James Vernall & Mike Catris,ATHX BIRMINGHAM 2026,United Kingdom 🇬🇧,2026,Male,ATHX Pro,Overall,8 (901KG),13 (9.827KM),7 (14:48),,,,,,28
9,James Cartwright & Dan Moyle,ATHX BIRMINGHAM 2026,United Kingdom 🇬🇧,2026,Male,ATHX Pro,Overall,15 (850KG),9 (10.072KM),8 (15:10),,,,,,32
10,Lukasz Debek & Tom Grindel,ATHX BIRMINGHAM 2026,United Kingdom 🇬🇧,2026,Male,ATHX Pro,Overall,4 (943KG),17 (9.588KM),12 (16:04),,,,,,33
11,Rhys Lewis & Nicolas Moore,ATHX BIRMINGHAM 2026,United Kingdom 🇬🇧,2026,Male,ATHX Pro,Overall,11 (870KG),10 (10.042KM),14 (16:18),,,,,,35
12,Martyn Lever & Ben Haigh,ATHX BIRMINGHAM 2026,United Kingdom 🇬🇧,2026,Male,ATHX Pro,Overall,6 (913KG),21 (9.308KM),10 (15:49),,,,,,37
13,Jonathan Whelan & Luke Rees,ATHX BIRMINGHAM 2026,United Kingdom 🇬🇧,2026,Male,ATHX Pro,Overall,12 (868KG),18 (9.37KM),11 (16:00),,,,,,41
14,Josh Reilly & Adam Stableford,ATHX BIRMINGHAM 2026,United Kingdom 🇬🇧,2026,Male,ATHX Pro,Overall,9 (885KG),19 (9.366KM),18 (16:58),,,,,,46
15,Jack Brereton & lewis pritchett,ATHX BIRMINGHAM 2026,United Kingdom 🇬🇧,2026,Male,ATHX Pro,Overall,21 (815KG),16 (9.692KM),13 (16:12),,,,,,50
16,Joe Ball & Matt Baxter,ATHX BIRMINGHAM 2026,United Kingdom 🇬🇧,2026,Male,ATHX Pro,Overall,23 (717KG),12 (9.831KM),19 (17:07),,,,,,54
17,Thomas Rowland & Michael Rowland,ATHX BIRMINGHAM 2026,United Kingdom 🇬🇧,2026,Male,ATHX Pro,Overall,14 (851KG),22 (9.29KM),19 (17:07),,,,,,55
18,Banki Akinsulire & Jamie Chatfield,ATHX BIRMINGHAM 2026,United Kingdom 🇬🇧,2026,Male,ATHX Pro,Overall,3 (958KG),27 (8.578KM),26 (21:10),,,,,,56
19,Adam Brittain & William Turville,ATHX BIRMINGHAM 2026,United Kingdom 🇬🇧,2026,Male,ATHX Pro,Overall,26 (666KG),6 (10.347KM),25 (20:30),,,,,,57
19,Charlie Jones & Dominic Ainsworth,ATHX BIRMINGHAM 2026,United Kingdom 🇬🇧,2026,Male,ATHX Pro,Overall,20 (823KG),15 (9.708KM),22 (17:46),,,,,,57
21,Lewis Munt & Ethan Whittock,ATHX BIRMINGHAM 2026,United Kingdom 🇬🇧,2026,Male,ATHX Pro,Overall,18 (835KG),25 (9.074KM),15 (16:45),,,,,,58
22,Aaron OBrien & Joel O'Sullivan,ATHX BIRMINGHAM 2026,United Kingdom 🇬🇧,2026,Male,ATHX Pro,Overall,24 (696KG),11 (10.016KM),24 (19:11),,,,,,59
23,Lewis Chatfield & chris pickering,ATHX BIRMINGHAM 2026,United Kingdom 🇬🇧,2026,Male,ATHX Pro,Overall,25 (670KG),20 (9.322KM),15 (16:45),,,,,,60
24,Chris Allen & Chris Adams,ATHX BIRMINGHAM 2026,United Kingdom 🇬🇧,2026,Male,ATHX Pro,Overall,22 (810KG),23 (9.25KM),17 (16:46),,,,,,62
25,Michael Chung & Pete Chlopek,ATHX BIRMINGHAM 2026,United Kingdom 🇬🇧,2026,Male,ATHX Pro,Overall,17 (838KG),24 (9.188KM),23 (17:53),,,,,,64
26,Andrew Brown & Paul Cranswick,ATHX BIRMINGHAM 2026,United Kingdom 🇬🇧,2026,Male,ATHX Pro,Overall,19 (828KG),26 (8.847KM),21 (17:23),,,,,,66
27,Caine Stringer & Louis Kerin,ATHX BIRMINGHAM 2026,United Kingdom 🇬🇧,2026,Male,ATHX Pro,Overall,27 (563KG),14 (9.8KM),27 (22:57),,,,,,68
1,Junior Oby Obi & Giulia Raus,ATHX BIRMINGHAM 2026,United Kingdom 🇬🇧,2026,Mixed,ATHX Lite,MetCon X,,,11:03,,,,,,1
2,Naomi Scriven & Ben Long,ATHX BIRMINGHAM 2026,United Kingdom 🇬🇧,2026,Mixed,ATHX Lite,MetCon X,,,11:06,,,,,,2
3,Karl Morgan & Nikki McSweeney,ATHX BIRMINGHAM 2026,United Kingdom 🇬🇧,2026,Mixed,ATHX Lite,MetCon X,,,12:23,,,,,,3
4,Sophie Jones & Lewis Jones,ATHX BIRMINGHAM 2026,United Kingdom 🇬🇧,2026,Mixed,ATHX Lite,MetCon X,,,12:37,,,,,,4
5,Khaleefa Chee-A-Tow & Maria Kumrili,ATHX BIRMINGHAM 2026,United Kingdom 🇬🇧,2026,Mixed,ATHX Lite,MetCon X,,,12:38,,,,,,5
6,Guy Bailey & Chloe Cooper,ATHX BIRMINGHAM 2026,United Kingdom 🇬🇧,2026,Mixed,ATHX Lite,MetCon X,,,12:58,,,,,,6
7,Charles rankin & Alison Burrows,ATHX BIRMINGHAM 2026,United Kingdom 🇬🇧,2026,Mixed,ATHX Lite,MetCon X,,,13:45,,,,,,7
8,Eddie Mills & Sarah Hodges,ATHX BIRMINGHAM 2026,United Kingdom 🇬🇧,2026,Mixed,ATHX Lite,MetCon X,,,13:49,,,,,,8
9,Charles McCausland & Katharine Anderson,ATHX BIRMINGHAM 2026,United Kingdom 🇬🇧,2026,Mixed,ATHX Lite,MetCon X,,,13:58,,,,,,9
10,Francesca Berry & James Kendall,ATHX BIRMINGHAM 2026,United Kingdom 🇬🇧,2026,Mixed,ATHX Lite,MetCon X,,,14:13,,,,,,10
11,Chloe Fowler & Richard Gibson,ATHX BIRMINGHAM 2026,United Kingdom 🇬🇧,2026,Mixed,ATHX Lite,MetCon X,,,14:14,,,,,,11
12,Lottie Hibble & Matt Harrison,ATHX BIRMINGHAM 2026,United Kingdom 🇬🇧,2026,Mixed,ATHX Lite,MetCon X,,,14:15,,,,,,12
13,Micol Mosca & Jasper Denk,ATHX BIRMINGHAM 2026,United Kingdom 🇬🇧,2026,Mixed,ATHX Lite,MetCon X,,,14:53,,,,,,13
14,Matthew Buckley & Eve Bradnam,ATHX BIRMINGHAM 2026,United Kingdom 🇬🇧,2026,Mixed,ATHX Lite,MetCon X,,,14:58,,,,,,14
15,Helen Cross & Roger Cross,ATHX BIRMINGHAM 2026,United Kingdom 🇬🇧,2026,Mixed,ATHX Lite,MetCon X,,,16:28,,,,,,15
16,Martin Gowans & Agata Gowans,ATHX BIRMINGHAM 2026,United Kingdom 🇬🇧,2026,Mixed,ATHX Lite,MetCon X,,,17:07,,,,,,16
17,Natalie Johnson & James Flatt,ATHX BIRMINGHAM 2026,United Kingdom 🇬🇧,2026,Mixed,ATHX Lite,MetCon X,,,17:23,,,,,,17
18,John Winstanley & Sarah Winstanley,ATHX BIRMINGHAM 2026,United Kingdom 🇬🇧,2026,Mixed,ATHX Lite,MetCon X,,,17:42,,,,,,18
19,Chris Grummett & Nadine Stokes,ATHX BIRMINGHAM 2026,United Kingdom 🇬🇧,2026,Mixed,ATHX Lite,MetCon X,,,18:28,,,,,,19
20,Chrissie Sweeney & jason sweeney,ATHX BIRMINGHAM 2026,United Kingdom 🇬🇧,2026,Mixed,ATHX Lite,MetCon X,,,18:46,,,,,,20
21,Nigel Conway & Amanda Smith,ATHX BIRMINGHAM 2026,United Kingdom 🇬🇧,2026,Mixed,ATHX Lite,MetCon X,,,19:06,,,,,,21
22,Stephanie Treacher & Daniel Treacher,ATHX BIRMINGHAM 2026,United Kingdom 🇬🇧,2026,Mixed,ATHX Lite,MetCon X,,,19:13,,,,,,22
23,Hardeep CHANNA & Gavin Hyman,ATHX BIRMINGHAM 2026,United Kingdom 🇬🇧,2026,Mixed,ATHX Lite,MetCon X,,,19:27,,,,,,23
24,Graham Smith & Angela Smith,ATHX BIRMINGHAM 2026,United Kingdom 🇬🇧,2026,Mixed,ATHX Lite,MetCon X,,,20:22,,,,,,24
25,Paul Caudell & Grace Caudell,ATHX BIRMINGHAM 2026,United Kingdom 🇬🇧,2026,Mixed,ATHX Lite,MetCon X,,,20:51,,,,,,25
26,Amy Hughes & Lee Harrison,ATHX BIRMINGHAM 2026,United Kingdom 🇬🇧,2026,Mixed,ATHX Lite,MetCon X,,,20:52,,,,,,26
27,Julia Beaumont & IAN BEAUMONT,ATHX BIRMINGHAM 2026,United Kingdom 🇬🇧,2026,Mixed,ATHX Lite,MetCon X,,,21:04,,,,,,27
28,Nadika Snowden & Darren Williams,ATHX BIRMINGHAM 2026,United Kingdom 🇬🇧,2026,Mixed,ATHX Lite,MetCon X,,,21:43,,,,,,28
29,Melissa Hobden & Barry Hobden,ATHX BIRMINGHAM 2026,United Kingdom 🇬🇧,2026,Mixed,ATHX Lite,MetCon X,,,22:33,,,,,,29
1,Rhys jones & Charlie Reboul,ATHX BIRMINGHAM 2026,United Kingdom 🇬🇧,2026,Male,ATHX,MetCon X,,,07:00,,,,,,1
2,Samuel Gleeson & James Tyas,ATHX BIRMINGHAM 2026,United Kingdom 🇬🇧,2026,Male,ATHX,MetCon X,,,10:07,,,,,,2
3,David Kelly & Mulley Branch,ATHX BIRMINGHAM 2026,United Kingdom 🇬🇧,2026,Male,ATHX,MetCon X,,,10:10,,,,,,3
4,Thomas Rogers & James Huntly,ATHX BIRMINGHAM 2026,United Kingdom 🇬🇧,2026,Male,ATHX,MetCon X,,,10:31,,,,,,4
5,Nathan  Gardner & Ross Walker,ATHX BIRMINGHAM 2026,United Kingdom 🇬🇧,2026,Male,ATHX,MetCon X,,,11:10,,,,,,5
6,Travis Bowley & joe massaro,ATHX BIRMINGHAM 2026,United Kingdom 🇬🇧,2026,Male,ATHX,MetCon X,,,11:28,,,,,,6
6,James McCallion & David Lilly,ATHX BIRMINGHAM 2026,United Kingdom 🇬🇧,2026,Male,ATHX,MetCon X,,,11:28,,,,,,6
8,Oliver Ashton & Dominic Allen-Ledgeway,ATHX BIRMINGHAM 2026,United Kingdom 🇬🇧,2026,Male,ATHX,MetCon X,,,11:29,,,,,,8
9,Frazer Montague & Dec Team,ATHX BIRMINGHAM 2026,United Kingdom 🇬🇧,2026,Male,ATHX,MetCon X,,,11:32,,,,,,9
10,Lee Salter & Shai Bonnick,ATHX BIRMINGHAM 2026,United Kingdom 🇬🇧,2026,Male,ATHX,MetCon X,,,11:39,,,,,,10
11,Robert Sonczak & Mark Sullivan,ATHX BIRMINGHAM 2026,United Kingdom 🇬🇧,2026,Male,ATHX,MetCon X,,,11:49,,,,,,11
12,Simon Loh & Keir Jones,ATHX BIRMINGHAM 2026,United Kingdom 🇬🇧,2026,Male,ATHX,MetCon X,,,11:55,,,,,,12
13,Chris Harman & Ryan Burrows,ATHX BIRMINGHAM 2026,United Kingdom 🇬🇧,2026,Male,ATHX,MetCon X,,,11:59,,,,,,13
14,Rhys Lawson & Jacob Turner,ATHX BIRMINGHAM 2026,United Kingdom 🇬🇧,2026,Male,ATHX,MetCon X,,,12:13,,,,,,14
15,Cyrus Molton & Max Munro,ATHX BIRMINGHAM 2026,United Kingdom 🇬🇧,2026,Male,ATHX,MetCon X,,,12:16,,,,,,15
16,Josh Mares & Luke Watson-Read,ATHX BIRMINGHAM 2026,United Kingdom 🇬🇧,2026,Male,ATHX,MetCon X,,,12:19,,,,,,16
17,Ben Trigger & Zac Cotton,ATHX BIRMINGHAM 2026,United Kingdom 🇬🇧,2026,Male,ATHX,MetCon X,,,12:25,,,,,,17
18,Richard Gill & Marcus Cattell,ATHX BIRMINGHAM 2026,United Kingdom 🇬🇧,2026,Male,ATHX,MetCon X,,,12:29,,,,,,18
18,Dave Clarke & Adrian Johnson,ATHX BIRMINGHAM 2026,United Kingdom 🇬🇧,2026,Male,ATHX,MetCon X,,,12:29,,,,,,18
20,David Beckwith & Blaine Bonnin-Ward,ATHX BIRMINGHAM 2026,United Kingdom 🇬🇧,2026,Male,ATHX,MetCon X,,,12:34,,,,,,20
21,Richard Sheer & James Connolly,ATHX BIRMINGHAM 2026,United Kingdom 🇬🇧,2026,Male,ATHX,MetCon X,,,12:38,,,,,,21
22,Zaid Al-Chalabi & Loustan Droubi,ATHX BIRMINGHAM 2026,United Kingdom 🇬🇧,2026,Male,ATHX,MetCon X,,,12:41,,,,,,22
23,Stacey Thripp & Noah Bedford-Henry,ATHX BIRMINGHAM 2026,United Kingdom 🇬🇧,2026,Male,ATHX,MetCon X,,,12:42,,,,,,23
24,Jake Wood & Brett Peel,ATHX BIRMINGHAM 2026,United Kingdom 🇬🇧,2026,Male,ATHX,MetCon X,,,12:44,,,,,,24
25,Liam Falcus & Finlay Pitman,ATHX BIRMINGHAM 2026,United Kingdom 🇬🇧,2026,Male,ATHX,MetCon X,,,12:47,,,,,,25
26,Luke Fletcher & Ben Mudd,ATHX BIRMINGHAM 2026,United Kingdom 🇬🇧,2026,Male,ATHX,MetCon X,,,12:48,,,,,,26
26,Anthony Riordan & Dan Hall,ATHX BIRMINGHAM 2026,United Kingdom 🇬🇧,2026,Male,ATHX,MetCon X,,,12:48,,,,,,26
28,Darren Braybrook & Fraser Tait,ATHX BIRMINGHAM 2026,United Kingdom 🇬🇧,2026,Male,ATHX,MetCon X,,,12:49,,,,,,28
29,Craig Brown & Josh Wright,ATHX BIRMINGHAM 2026,United Kingdom 🇬🇧,2026,Male,ATHX,MetCon X,,,12:54,,,,,,29
30,Benjamin Christofelo & Jack Hill,ATHX BIRMINGHAM 2026,United Kingdom 🇬🇧,2026,Male,ATHX,MetCon X,,,12:55,,,,,,30
31,Luke Jones & Jordan Martin,ATHX BIRMINGHAM 2026,United Kingdom 🇬🇧,2026,Male,ATHX,MetCon X,,,12:59,,,,,,31
32,Patrick Matthews & Joseph Wicks,ATHX BIRMINGHAM 2026,United Kingdom 🇬🇧,2026,Male,ATHX,MetCon X,,,13:02,,,,,,32
33,Andrew Waugh & Craig Thompson,ATHX BIRMINGHAM 2026,United Kingdom 🇬🇧,2026,Male,ATHX,MetCon X,,,13:04,,,,,,33
34,Jamie Williams & Carl Elliott,ATHX BIRMINGHAM 2026,United Kingdom 🇬🇧,2026,Male,ATHX,MetCon X,,,13:16,,,,,,34
35,Tom Church & Will Church,ATHX BIRMINGHAM 2026,United Kingdom 🇬🇧,2026,Male,ATHX,MetCon X,,,13:18,,,,,,35
36,Craig Brown & David Andrews,ATHX BIRMINGHAM 2026,United Kingdom 🇬🇧,2026,Male,ATHX,MetCon X,,,13:24,,,,,,36
37,James Jennison & Michael Lyons,ATHX BIRMINGHAM 2026,United Kingdom 🇬🇧,2026,Male,ATHX,MetCon X,,,13:25,,,,,,37
38,Andrew French & Brett McCall,ATHX BIRMINGHAM 2026,United Kingdom 🇬🇧,2026,Male,ATHX,MetCon X,,,13:29,,,,,,38
39,James Pacifici & Sam James,ATHX BIRMINGHAM 2026,United Kingdom 🇬🇧,2026,Male,ATHX,MetCon X,,,13:31,,,,,,39
40,Lewis Jones & will barnes-smith,ATHX BIRMINGHAM 2026,United Kingdom 🇬🇧,2026,Male,ATHX,MetCon X,,,13:32,,,,,,40
41,Lewis Egal & Paul Tampsett,ATHX BIRMINGHAM 2026,United Kingdom 🇬🇧,2026,Male,ATHX,MetCon X,,,13:34,,,,,,41
41,Lukasz Marcinkowski & Tom Layton,ATHX BIRMINGHAM 2026,United Kingdom 🇬🇧,2026,Male,ATHX,MetCon X,,,13:34,,,,,,41
41,Callum Lewis & Liam Reardon,ATHX BIRMINGHAM 2026,United Kingdom 🇬🇧,2026,Male,ATHX,MetCon X,,,13:34,,,,,,41
44,Declan Braddock & Matt Dytham,ATHX BIRMINGHAM 2026,United Kingdom 🇬🇧,2026,Male,ATHX,MetCon X,,,13:37,,,,,,44
44,Thomas Ewart & Adam Saunderson,ATHX BIRMINGHAM 2026,United Kingdom 🇬🇧,2026,Male,ATHX,MetCon X,,,13:37,,,,,,44
44,Graeme Maznik-Petty & Aaron Lacey,ATHX BIRMINGHAM 2026,United Kingdom 🇬🇧,2026,Male,ATHX,MetCon X,,,13:37,,,,,,44
44,James Nichol & Callum Monk,ATHX BIRMINGHAM 2026,United Kingdom 🇬🇧,2026,Male,ATHX,MetCon X,,,13:37,,,,,,44
48,Michael Grainger & Tom Ashworth,ATHX BIRMINGHAM 2026,United Kingdom 🇬🇧,2026,Male,ATHX,MetCon X,,,13:39,,,,,,48
48,Marshall Booth & Euan McKenzie Rhodes,ATHX BIRMINGHAM 2026,United Kingdom 🇬🇧,2026,Male,ATHX,MetCon X,,,13:39,,,,,,48
50,Joseph Brierley & Nick Doyle,ATHX BIRMINGHAM 2026,United Kingdom 🇬🇧,2026,Male,ATHX,MetCon X,,,13:41,,,,,,50
50,David Chambers & David whann,ATHX BIRMINGHAM 2026,United Kingdom 🇬🇧,2026,Male,ATHX,MetCon X,,,13:41,,,,,,50
52,Daniel Freitas Giuseppe & Frederick Amankwa,ATHX BIRMINGHAM 2026,United Kingdom 🇬🇧,2026,Male,ATHX,MetCon X,,,13:47,,,,,,52
52,Luke Woodrow & Benjamin Phillip,ATHX BIRMINGHAM 2026,United Kingdom 🇬🇧,2026,Male,ATHX,MetCon X,,,13:47,,,,,,52
54,Lewis Baldwin & Rowan Cooke,ATHX BIRMINGHAM 2026,United Kingdom 🇬🇧,2026,Male,ATHX,MetCon X,,,13:48,,,,,,54
55,Tom Bennett & Daniel Loasby,ATHX BIRMINGHAM 2026,United Kingdom 🇬🇧,2026,Male,ATHX,MetCon X,,,13:49,,,,,,55
55,Kevin Dadd & Simon Williams,ATHX BIRMINGHAM 2026,United Kingdom 🇬🇧,2026,Male,ATHX,MetCon X,,,13:49,,,,,,55
55,Jamie Monk & Brandon Monk,ATHX BIRMINGHAM 2026,United Kingdom 🇬🇧,2026,Male,ATHX,MetCon X,,,13:49,,,,,,55
58,Jamie Taylor & Jack Stevenson-Smith,ATHX BIRMINGHAM 2026,United Kingdom 🇬🇧,2026,Male,ATHX,MetCon X,,,13:51,,,,,,58
59,Tom Rosewarne & Will Odhams-good,ATHX BIRMINGHAM 2026,United Kingdom 🇬🇧,2026,Male,ATHX,MetCon X,,,13:52,,,,,,59
60,Eddy Nisevic & Marc Brittain,ATHX BIRMINGHAM 2026,United Kingdom 🇬🇧,2026,Male,ATHX,MetCon X,,,13:54,,,,,,60
61,Alan Macaulay & Steven Dempster,ATHX BIRMINGHAM 2026,United Kingdom 🇬🇧,2026,Male,ATHX,MetCon X,,,14:00,,,,,,61
62,David Hurst & James Kelly,ATHX BIRMINGHAM 2026,United Kingdom 🇬🇧,2026,Male,ATHX,MetCon X,,,14:01,,,,,,62
63,Alex Cherry & Luke Cragg,ATHX BIRMINGHAM 2026,United Kingdom 🇬🇧,2026,Male,ATHX,MetCon X,,,14:02,,,,,,63
64,peter white & Leon Holdridge,ATHX BIRMINGHAM 2026,United Kingdom 🇬🇧,2026,Male,ATHX,MetCon X,,,14:03,,,,,,64
64,Ryan Hall & Cameron Durrant,ATHX BIRMINGHAM 2026,United Kingdom 🇬🇧,2026,Male,ATHX,MetCon X,,,14:03,,,,,,64
66,Mr Michael Taylor & Lee Cobby,ATHX BIRMINGHAM 2026,United Kingdom 🇬🇧,2026,Male,ATHX,MetCon X,,,14:04,,,,,,66
67,Tom Crofts & Michael Lees,ATHX BIRMINGHAM 2026,United Kingdom 🇬🇧,2026,Male,ATHX,MetCon X,,,14:09,,,,,,67
68,Carl Booth & Michael Cross,ATHX BIRMINGHAM 2026,United Kingdom 🇬🇧,2026,Male,ATHX,MetCon X,,,14:11,,,,,,68
69,Daniel Forster-Knight & Zac Turner-Thorne,ATHX BIRMINGHAM 2026,United Kingdom 🇬🇧,2026,Male,ATHX,MetCon X,,,14:13,,,,,,69
70,Russ Wrigley & chris templeman,ATHX BIRMINGHAM 2026,United Kingdom 🇬🇧,2026,Male,ATHX,MetCon X,,,14:14,,,,,,70
70,Christopher Kelly & Joshua Ashmore,ATHX BIRMINGHAM 2026,United Kingdom 🇬🇧,2026,Male,ATHX,MetCon X,,,14:14,,,,,,70
72,Chris Peters & Iain Mackenzie,ATHX BIRMINGHAM 2026,United Kingdom 🇬🇧,2026,Male,ATHX,MetCon X,,,14:16,,,,,,72
72,Oliver Galotto & Will Kenworthy,ATHX BIRMINGHAM 2026,United Kingdom 🇬🇧,2026,Male,ATHX,MetCon X,,,14:16,,,,,,72
74,Luke Thorngate-Davies & Tom Morgan,ATHX BIRMINGHAM 2026,United Kingdom 🇬🇧,2026,Male,ATHX,MetCon X,,,14:18,,,,,,74
74,Peter Cay & Alex Kersey,ATHX BIRMINGHAM 2026,United Kingdom 🇬🇧,2026,Male,ATHX,MetCon X,,,14:18,,,,,,74
76,Daniel Turnbull & Lewis Brightmore,ATHX BIRMINGHAM 2026,United Kingdom 🇬🇧,2026,Male,ATHX,MetCon X,,,14:22,,,,,,76
77,Steve Harrhy & Kevin Messenger,ATHX BIRMINGHAM 2026,United Kingdom 🇬🇧,2026,Male,ATHX,MetCon X,,,14:24,,,,,,77
77,Christophe Dupont & Alessandro Conte,ATHX BIRMINGHAM 2026,United Kingdom 🇬🇧,2026,Male,ATHX,MetCon X,,,14:24,,,,,,77
79,Charles Moussay & Nathan Rautureau,ATHX BIRMINGHAM 2026,United Kingdom 🇬🇧,2026,Male,ATHX,MetCon X,,,14:28,,,,,,79
80,Harrison Cole & Tom Elmes,ATHX BIRMINGHAM 2026,United Kingdom 🇬🇧,2026,Male,ATHX,MetCon X,,,14:31,,,,,,80
80,Rob Westworth & George Lilleywhite,ATHX BIRMINGHAM 2026,United Kingdom 🇬🇧,2026,Male,ATHX,MetCon X,,,14:31,,,,,,80
80,Jamie Mitchell & Josh Maddison,ATHX BIRMINGHAM 2026,United Kingdom 🇬🇧,2026,Male,ATHX,MetCon X,,,14:31,,,,,,80
80,Matthew Hughes & Louis Keightley-Smith,ATHX BIRMINGHAM 2026,United Kingdom 🇬🇧,2026,Male,ATHX,MetCon X,,,14:31,,,,,,80
80,Norton Rogers & Sam Dodge,ATHX BIRMINGHAM 2026,United Kingdom 🇬🇧,2026,Male,ATHX,MetCon X,,,14:31,,,,,,80
85,Hugh Smith & Josh Henry,ATHX BIRMINGHAM 2026,United Kingdom 🇬🇧,2026,Male,ATHX,MetCon X,,,14:34,,,,,,85
85,Jamie Forman & John Smith,ATHX BIRMINGHAM 2026,United Kingdom 🇬🇧,2026,Male,ATHX,MetCon X,,,14:34,,,,,,85
85,Jack Wickwar & Isaac Grewcock,ATHX BIRMINGHAM 2026,United Kingdom 🇬🇧,2026,Male,ATHX,MetCon X,,,14:34,,,,,,85
85,Ben Swain & Tom Garratt,ATHX BIRMINGHAM 2026,United Kingdom 🇬🇧,2026,Male,ATHX,MetCon X,,,14:34,,,,,,85
89,Stephen Baker & Jamie Lyon,ATHX BIRMINGHAM 2026,United Kingdom 🇬🇧,2026,Male,ATHX,MetCon X,,,14:35,,,,,,89
89,Toby Evans & Sam Venn,ATHX BIRMINGHAM 2026,United Kingdom 🇬🇧,2026,Male,ATHX,MetCon X,,,14:35,,,,,,89
91,John Wooding & Andy Leeding,ATHX BIRMINGHAM 2026,United Kingdom 🇬🇧,2026,Male,ATHX,MetCon X,,,14:36,,,,,,91
92,Mark timms & Jason Lewis,ATHX BIRMINGHAM 2026,United Kingdom 🇬🇧,2026,Male,ATHX,MetCon X,,,14:39,,,,,,92
93,Steve Morison & Jay gurney,ATHX BIRMINGHAM 2026,United Kingdom 🇬🇧,2026,Male,ATHX,MetCon X,,,14:40,,,,,,93
94,Jonathan Price & Javier Ruiz,ATHX BIRMINGHAM 2026,United Kingdom 🇬🇧,2026,Male,ATHX,MetCon X,,,14:41,,,,,,94
95,James Palmer & Daniel Lloyd,ATHX BIRMINGHAM 2026,United Kingdom 🇬🇧,2026,Male,ATHX,MetCon X,,,14:43,,,,,,95
96,Stuart Mackrell & James Jerram,ATHX BIRMINGHAM 2026,United Kingdom 🇬🇧,2026,Male,ATHX,MetCon X,,,14:44,,,,,,96
97,Tim Ndekwe & Pete Cundall,ATHX BIRMINGHAM 2026,United Kingdom 🇬🇧,2026,Male,ATHX,MetCon X,,,14:47,,,,,,97
97,Jason Molloy & Glyn Broadhurst,ATHX BIRMINGHAM 2026,United Kingdom 🇬🇧,2026,Male,ATHX,MetCon X,,,14:47,,,,,,97
99,Ashley Adams & Alex Ewen,ATHX BIRMINGHAM 2026,United Kingdom 🇬🇧,2026,Male,ATHX,MetCon X,,,14:49,,,,,,99
100,Jamie Markham & Alex Markham,ATHX BIRMINGHAM 2026,United Kingdom 🇬🇧,2026,Male,ATHX,MetCon X,,,14:52,,,,,,100
101,Braden Eveleigh & Charlie Kidd,ATHX BIRMINGHAM 2026,United Kingdom 🇬🇧,2026,Male,ATHX,MetCon X,,,14:56,,,,,,101
102,Mackenzie Nash & Mike McNeill,ATHX BIRMINGHAM 2026,United Kingdom 🇬🇧,2026,Male,ATHX,MetCon X,,,15:01,,,,,,102
103,Justus Eckert & Maximilian Schoeneich,ATHX BIRMINGHAM 2026,United Kingdom 🇬🇧,2026,Male,ATHX,MetCon X,,,15:04,,,,,,103
104,Parvin Boyal & James Thompson,ATHX BIRMINGHAM 2026,United Kingdom 🇬🇧,2026,Male,ATHX,MetCon X,,,15:07,,,,,,104
104,ollie woolls & Mike Bull,ATHX BIRMINGHAM 2026,United Kingdom 🇬🇧,2026,Male,ATHX,MetCon X,,,15:07,,,,,,104
104,Mark Billings & Greg Wilson,ATHX BIRMINGHAM 2026,United Kingdom 🇬🇧,2026,Male,ATHX,MetCon X,,,15:07,,,,,,104
107,Robert Hodgkinson & Richard Hutchinson,ATHX BIRMINGHAM 2026,United Kingdom 🇬🇧,2026,Male,ATHX,MetCon X,,,15:11,,,,,,107
108,Steve Mills & Ryan Ferneyhough,ATHX BIRMINGHAM 2026,United Kingdom 🇬🇧,2026,Male,ATHX,MetCon X,,,15:13,,,,,,108
108,Ayomide Schwan & Lovis Amoateng,ATHX BIRMINGHAM 2026,United Kingdom 🇬🇧,2026,Male,ATHX,MetCon X,,,15:13,,,,,,108
108,Richard Harris & Liam Roberts,ATHX BIRMINGHAM 2026,United Kingdom 🇬🇧,2026,Male,ATHX,MetCon X,,,15:13,,,,,,108
111,Sam James & Sam Tomlinson,ATHX BIRMINGHAM 2026,United Kingdom 🇬🇧,2026,Male,ATHX,MetCon X,,,15:14,,,,,,111
112,Toby Godrich & Paul Baber,ATHX BIRMINGHAM 2026,United Kingdom 🇬🇧,2026,Male,ATHX,MetCon X,,,15:16,,,,,,112
112,Tom Bass & Lee Bohin,ATHX BIRMINGHAM 2026,United Kingdom 🇬🇧,2026,Male,ATHX,MetCon X,,,15:16,,,,,,112
114,Lewis Thorneycroft & Jamie Grant,ATHX BIRMINGHAM 2026,United Kingdom 🇬🇧,2026,Male,ATHX,MetCon X,,,15:17,,,,,,114
115,Miles Caswell & Stuart Rowlands,ATHX BIRMINGHAM 2026,United Kingdom 🇬🇧,2026,Male,ATHX,MetCon X,,,15:18,,,,,,115
116,Jeremy Wade & Tomas Mitkus,ATHX BIRMINGHAM 2026,United Kingdom 🇬🇧,2026,Male,ATHX,MetCon X,,,15:21,,,,,,116
116,Ben Shepheard & michael sandercock,ATHX BIRMINGHAM 2026,United Kingdom 🇬🇧,2026,Male,ATHX,MetCon X,,,15:21,,,,,,116
118,James Cullen & Ewan Day,ATHX BIRMINGHAM 2026,United Kingdom 🇬🇧,2026,Male,ATHX,MetCon X,,,15:24,,,,,,118
119,Anthony Smyth & Joe Missin,ATHX BIRMINGHAM 2026,United Kingdom 🇬🇧,2026,Male,ATHX,MetCon X,,,15:25,,,,,,119
120,Ieuan Oram & William King,ATHX BIRMINGHAM 2026,United Kingdom 🇬🇧,2026,Male,ATHX,MetCon X,,,15:27,,,,,,120
120,Henry Cordall & Liam Hancock,ATHX BIRMINGHAM 2026,United Kingdom 🇬🇧,2026,Male,ATHX,MetCon X,,,15:27,,,,,,120
122,Callum White & James White,ATHX BIRMINGHAM 2026,United Kingdom 🇬🇧,2026,Male,ATHX,MetCon X,,,15:31,,,,,,122
123,David Barry & Bashiru Alimi,ATHX BIRMINGHAM 2026,United Kingdom 🇬🇧,2026,Male,ATHX,MetCon X,,,15:32,,,,,,123
124,PAUL Osorio & Gareth Collins,ATHX BIRMINGHAM 2026,United Kingdom 🇬🇧,2026,Male,ATHX,MetCon X,,,15:34,,,,,,124
125,Klaus Knese & Gordon Bieling,ATHX BIRMINGHAM 2026,United Kingdom 🇬🇧,2026,Male,ATHX,MetCon X,,,15:39,,,,,,125
126,Dom Esposito & Matthew Williamson,ATHX BIRMINGHAM 2026,United Kingdom 🇬🇧,2026,Male,ATHX,MetCon X,,,15:41,,,,,,126
127,William Baisden & ifti-rahman Team,ATHX BIRMINGHAM 2026,United Kingdom 🇬🇧,2026,Male,ATHX,MetCon X,,,15:42,,,,,,127
128,Kieron Franklin & Lawrence Collins,ATHX BIRMINGHAM 2026,United Kingdom 🇬🇧,2026,Male,ATHX,MetCon X,,,15:44,,,,,,128
129,Leigh Woodwards & Paul Woolls,ATHX BIRMINGHAM 2026,United Kingdom 🇬🇧,2026,Male,ATHX,MetCon X,,,15:45,,,,,,129
129,Alistair  Maag & martyn grocott,ATHX BIRMINGHAM 2026,United Kingdom 🇬🇧,2026,Male,ATHX,MetCon X,,,15:45,,,,,,129
131,Darren Marshall & James Watson,ATHX BIRMINGHAM 2026,United Kingdom 🇬🇧,2026,Male,ATHX,MetCon X,,,15:49,,,,,,131
132,Nicholas Wearing & Hardip Rindi,ATHX BIRMINGHAM 2026,United Kingdom 🇬🇧,2026,Male,ATHX,MetCon X,,,15:50,,,,,,132
132,Elliott Laidlaw & George Eldridge,ATHX BIRMINGHAM 2026,United Kingdom 🇬🇧,2026,Male,ATHX,MetCon X,,,15:50,,,,,,132
134,Jake Varden & Connor Slattery,ATHX BIRMINGHAM 2026,United Kingdom 🇬🇧,2026,Male,ATHX,MetCon X,,,15:53,,,,,,134
135,Arun Parkash & Nev Reid,ATHX BIRMINGHAM 2026,United Kingdom 🇬🇧,2026,Male,ATHX,MetCon X,,,15:54,,,,,,135
135,Richard Joomun & Nathan Pleace,ATHX BIRMINGHAM 2026,United Kingdom 🇬🇧,2026,Male,ATHX,MetCon X,,,15:54,,,,,,135
137,James Civil & Alex Norris,ATHX BIRMINGHAM 2026,United Kingdom 🇬🇧,2026,Male,ATHX,MetCon X,,,15:55,,,,,,137
137,Leon Bell & william hodgkinson,ATHX BIRMINGHAM 2026,United Kingdom 🇬🇧,2026,Male,ATHX,MetCon X,,,15:55,,,,,,137
137,Dean Tennant & Ali Khalili,ATHX BIRMINGHAM 2026,United Kingdom 🇬🇧,2026,Male,ATHX,MetCon X,,,15:55,,,,,,137
137,Keith Garner & Gareth Roberts,ATHX BIRMINGHAM 2026,United Kingdom 🇬🇧,2026,Male,ATHX,MetCon X,,,15:55,,,,,,137
141,Tim Grubb & Rupe Manning,ATHX BIRMINGHAM 2026,United Kingdom 🇬🇧,2026,Male,ATHX,MetCon X,,,15:58,,,,,,141
141,Gabriel Sinnott & Rory McAuliffe,ATHX BIRMINGHAM 2026,United Kingdom 🇬🇧,2026,Male,ATHX,MetCon X,,,15:58,,,,,,141
143,Marcus Cook & Niall Read,ATHX BIRMINGHAM 2026,United Kingdom 🇬🇧,2026,Male,ATHX,MetCon X,,,15:59,,,,,,143
144,Robin Bakewell & Ben Hargreaves,ATHX BIRMINGHAM 2026,United Kingdom 🇬🇧,2026,Male,ATHX,MetCon X,,,16:00,,,,,,144
144,Tim Reid & Chris Butt,ATHX BIRMINGHAM 2026,United Kingdom 🇬🇧,2026,Male,ATHX,MetCon X,,,16:00,,,,,,144
146,Stuart Pannell & Rob Brown,ATHX BIRMINGHAM 2026,United Kingdom 🇬🇧,2026,Male,ATHX,MetCon X,,,16:02,,,,,,146
146,paul witham & Rich Poulton,ATHX BIRMINGHAM 2026,United Kingdom 🇬🇧,2026,Male,ATHX,MetCon X,,,16:02,,,,,,146
148,Will Chaloner & Joseph Pickering,ATHX BIRMINGHAM 2026,United Kingdom 🇬🇧,2026,Male,ATHX,MetCon X,,,16:03,,,,,,148
148,Stephen Dodge & Chris Poole,ATHX BIRMINGHAM 2026,United Kingdom 🇬🇧,2026,Male,ATHX,MetCon X,,,16:03,,,,,,148
150,Luke Blay & Callum Hazeldine,ATHX BIRMINGHAM 2026,United Kingdom 🇬🇧,2026,Male,ATHX,MetCon X,,,16:08,,,,,,150
151,Adam Farr & Liam Smith,ATHX BIRMINGHAM 2026,United Kingdom 🇬🇧,2026,Male,ATHX,MetCon X,,,16:09,,,,,,151
152,Cody Hiern & Ben Farrar,ATHX BIRMINGHAM 2026,United Kingdom 🇬🇧,2026,Male,ATHX,MetCon X,,,16:10,,,,,,152
152,Dave Moriarty & Jamie Somers,ATHX BIRMINGHAM 2026,United Kingdom 🇬🇧,2026,Male,ATHX,MetCon X,,,16:10,,,,,,152
154,Adam Wilcox & Lewis Smith,ATHX BIRMINGHAM 2026,United Kingdom 🇬🇧,2026,Male,ATHX,MetCon X,,,16:12,,,,,,154
154,Dan Keen & Tomas Marsh,ATHX BIRMINGHAM 2026,United Kingdom 🇬🇧,2026,Male,ATHX,MetCon X,,,16:12,,,,,,154
156,carl cole & Gareth Lewis,ATHX BIRMINGHAM 2026,United Kingdom 🇬🇧,2026,Male,ATHX,MetCon X,,,16:16,,,,,,156
156,Ollie Cook & Robert Smith,ATHX BIRMINGHAM 2026,United Kingdom 🇬🇧,2026,Male,ATHX,MetCon X,,,16:16,,,,,,156
158,Liam parling & Daniel Chadwick,ATHX BIRMINGHAM 2026,United Kingdom 🇬🇧,2026,Male,ATHX,MetCon X,,,16:19,,,,,,158
159,Gareth Bottomley & Matthew Kent,ATHX BIRMINGHAM 2026,United Kingdom 🇬🇧,2026,Male,ATHX,MetCon X,,,16:21,,,,,,159
160,Billy Wesson & Leo Hopley,ATHX BIRMINGHAM 2026,United Kingdom 🇬🇧,2026,Male,ATHX,MetCon X,,,16:27,,,,,,160
161,James Davies & Karl Webber,ATHX BIRMINGHAM 2026,United Kingdom 🇬🇧,2026,Male,ATHX,MetCon X,,,16:32,,,,,,161
161,harrison slater & James Dawkins,ATHX BIRMINGHAM 2026,United Kingdom 🇬🇧,2026,Male,ATHX,MetCon X,,,16:32,,,,,,161
163,Alex Board & Jak Garland,ATHX BIRMINGHAM 2026,United Kingdom 🇬🇧,2026,Male,ATHX,MetCon X,,,16:36,,,,,,163
164,Mark Innes & Alan Elvin,ATHX BIRMINGHAM 2026,United Kingdom 🇬🇧,2026,Male,ATHX,MetCon X,,,16:38,,,,,,164
165,Dan Campbell & Pete Reynolds,ATHX BIRMINGHAM 2026,United Kingdom 🇬🇧,2026,Male,ATHX,MetCon X,,,16:40,,,,,,165
166,Wilson Lua & Amit Shah,ATHX BIRMINGHAM 2026,United Kingdom 🇬🇧,2026,Male,ATHX,MetCon X,,,16:41,,,,,,166
167,Justin Wizlcox & Jonathan Hargreaves,ATHX BIRMINGHAM 2026,United Kingdom 🇬🇧,2026,Male,ATHX,MetCon X,,,16:42,,,,,,167
167,Jay Adams & Joshua Adams,ATHX BIRMINGHAM 2026,United Kingdom 🇬🇧,2026,Male,ATHX,MetCon X,,,16:42,,,,,,167
169,Scott Davis & Harvey Willett,ATHX BIRMINGHAM 2026,United Kingdom 🇬🇧,2026,Male,ATHX,MetCon X,,,16:43,,,,,,169
170,Matthew Tebb & Scott Howarth,ATHX BIRMINGHAM 2026,United Kingdom 🇬🇧,2026,Male,ATHX,MetCon X,,,16:44,,,,,,170
171,Desmond Jemwa & Ronald Olaibi,ATHX BIRMINGHAM 2026,United Kingdom 🇬🇧,2026,Male,ATHX,MetCon X,,,16:45,,,,,,171
171,Josh Lynham & Antonio Ghansah,ATHX BIRMINGHAM 2026,United Kingdom 🇬🇧,2026,Male,ATHX,MetCon X,,,16:45,,,,,,171
173,Anthony Cheetham & Ian G,ATHX BIRMINGHAM 2026,United Kingdom 🇬🇧,2026,Male,ATHX,MetCon X,,,16:50,,,,,,173
174,Paul Simmons & James Wyatt,ATHX BIRMINGHAM 2026,United Kingdom 🇬🇧,2026,Male,ATHX,MetCon X,,,16:53,,,,,,174
175,Jason Challis & Scott Heath,ATHX BIRMINGHAM 2026,United Kingdom 🇬🇧,2026,Male,ATHX,MetCon X,,,16:56,,,,,,175
176,Eric Norman & Ben Smith,ATHX BIRMINGHAM 2026,United Kingdom 🇬🇧,2026,Male,ATHX,MetCon X,,,16:59,,,,,,176
177,George Bradley & Dan Farr,ATHX BIRMINGHAM 2026,United Kingdom 🇬🇧,2026,Male,ATHX,MetCon X,,,17:00,,,,,,177
177,Albert Perry & Luke Burton,ATHX BIRMINGHAM 2026,United Kingdom 🇬🇧,2026,Male,ATHX,MetCon X,,,17:00,,,,,,177
179,Andrew HUME & Lewis Watt,ATHX BIRMINGHAM 2026,United Kingdom 🇬🇧,2026,Male,ATHX,MetCon X,,,17:01,,,,,,179
180,Samuel Crowe & Jarrod Moore,ATHX BIRMINGHAM 2026,United Kingdom 🇬🇧,2026,Male,ATHX,MetCon X,,,17:04,,,,,,180
181,Tobie kottman & Glyn Loveday,ATHX BIRMINGHAM 2026,United Kingdom 🇬🇧,2026,Male,ATHX,MetCon X,,,17:05,,,,,,181
182,Ant Morlandez & John Parker,ATHX BIRMINGHAM 2026,United Kingdom 🇬🇧,2026,Male,ATHX,MetCon X,,,17:10,,,,,,182
182,Steffan Evans & Phil Jones,ATHX BIRMINGHAM 2026,United Kingdom 🇬🇧,2026,Male,ATHX,MetCon X,,,17:10,,,,,,182
184,Chris James & Ben Crudgington,ATHX BIRMINGHAM 2026,United Kingdom 🇬🇧,2026,Male,ATHX,MetCon X,,,17:11,,,,,,184
185,Taylor Phull & Sean Hill,ATHX BIRMINGHAM 2026,United Kingdom 🇬🇧,2026,Male,ATHX,MetCon X,,,17:17,,,,,,185
186,Mark Lynch & Dale Johnson,ATHX BIRMINGHAM 2026,United Kingdom 🇬🇧,2026,Male,ATHX,MetCon X,,,17:21,,,,,,186
187,Gary Johnson & Daniel Davies,ATHX BIRMINGHAM 2026,United Kingdom 🇬🇧,2026,Male,ATHX,MetCon X,,,17:23,,,,,,187
187,Jake Woolner & Lee Thurlow,ATHX BIRMINGHAM 2026,United Kingdom 🇬🇧,2026,Male,ATHX,MetCon X,,,17:23,,,,,,187
189,Leon Chee-A-Tow & Aaron Elliott,ATHX BIRMINGHAM 2026,United Kingdom 🇬🇧,2026,Male,ATHX,MetCon X,,,17:29,,,,,,189
190,Jason Jones & Dale Vaughan,ATHX BIRMINGHAM 2026,United Kingdom 🇬🇧,2026,Male,ATHX,MetCon X,,,17:30,,,,,,190
191,Kieron Austin & Daniel Colburn,ATHX BIRMINGHAM 2026,United Kingdom 🇬🇧,2026,Male,ATHX,MetCon X,,,17:31,,,,,,191
191,Kiran Govind & Deepak Sridhar Hegde,ATHX BIRMINGHAM 2026,United Kingdom 🇬🇧,2026,Male,ATHX,MetCon X,,,17:31,,,,,,191
193,Andrew Rogers & George Russell,ATHX BIRMINGHAM 2026,United Kingdom 🇬🇧,2026,Male,ATHX,MetCon X,,,17:32,,,,,,193
194,Jack Cunningham & Jack Shaw,ATHX BIRMINGHAM 2026,United Kingdom 🇬🇧,2026,Male,ATHX,MetCon X,,,17:33,,,,,,194
195,Sam Lodge & Ben Sugarman,ATHX BIRMINGHAM 2026,United Kingdom 🇬🇧,2026,Male,ATHX,MetCon X,,,17:38,,,,,,195
196,Jamie Yates & Andrew Lingard,ATHX BIRMINGHAM 2026,United Kingdom 🇬🇧,2026,Male,ATHX,MetCon X,,,17:44,,,,,,196
197,Jack Falcus & Richard Meiklereid,ATHX BIRMINGHAM 2026,United Kingdom 🇬🇧,2026,Male,ATHX,MetCon X,,,17:50,,,,,,197
198,Chris Mager & Ed Hothersall,ATHX BIRMINGHAM 2026,United Kingdom 🇬🇧,2026,Male,ATHX,MetCon X,,,17:52,,,,,,198
198,Phillip Jeffery & Matt Glass,ATHX BIRMINGHAM 2026,United Kingdom 🇬🇧,2026,Male,ATHX,MetCon X,,,17:52,,,,,,198
200,Sean Cole & Steve Pickering,ATHX BIRMINGHAM 2026,United Kingdom 🇬🇧,2026,Male,ATHX,MetCon X,,,17:53,,,,,,200
201,Rob Luff & Alan Harrison,ATHX BIRMINGHAM 2026,United Kingdom 🇬🇧,2026,Male,ATHX,MetCon X,,,17:54,,,,,,201
202,George Gerrard & Richard Hill,ATHX BIRMINGHAM 2026,United Kingdom 🇬🇧,2026,Male,ATHX,MetCon X,,,17:57,,,,,,202
203,Chris Rodriguez & Lee Swinhoe,ATHX BIRMINGHAM 2026,United Kingdom 🇬🇧,2026,Male,ATHX,MetCon X,,,17:58,,,,,,203
204,Mike Carroll & Ian Eastwood,ATHX BIRMINGHAM 2026,United Kingdom 🇬🇧,2026,Male,ATHX,MetCon X,,,18:02,,,,,,204
205,Tom Lorimer & James Ledwich,ATHX BIRMINGHAM 2026,United Kingdom 🇬🇧,2026,Male,ATHX,MetCon X,,,18:12,,,,,,205
206,Sam Boswell & Nick Clark,ATHX BIRMINGHAM 2026,United Kingdom 🇬🇧,2026,Male,ATHX,MetCon X,,,18:14,,,,,,206
206,Paul Pugh & Nuno Cachada,ATHX BIRMINGHAM 2026,United Kingdom 🇬🇧,2026,Male,ATHX,MetCon X,,,18:14,,,,,,206
208,Alex Hughes & Andy McElligott,ATHX BIRMINGHAM 2026,United Kingdom 🇬🇧,2026,Male,ATHX,MetCon X,,,18:16,,,,,,208
209,Leo Dudin & Robert Carlin,ATHX BIRMINGHAM 2026,United Kingdom 🇬🇧,2026,Male,ATHX,MetCon X,,,18:19,,,,,,209
210,Lee Hill & Degan Hill,ATHX BIRMINGHAM 2026,United Kingdom 🇬🇧,2026,Male,ATHX,MetCon X,,,18:21,,,,,,210
211,Ben Blackhurst & Brandan blackhurst,ATHX BIRMINGHAM 2026,United Kingdom 🇬🇧,2026,Male,ATHX,MetCon X,,,18:23,,,,,,211
211,Darren Miller & Tom Greaney,ATHX BIRMINGHAM 2026,United Kingdom 🇬🇧,2026,Male,ATHX,MetCon X,,,18:23,,,,,,211
213,Sam Booth & Matthew Carmichael,ATHX BIRMINGHAM 2026,United Kingdom 🇬🇧,2026,Male,ATHX,MetCon X,,,18:40,,,,,,213
214,Matt De ferry & Brad Chalk,ATHX BIRMINGHAM 2026,United Kingdom 🇬🇧,2026,Male,ATHX,MetCon X,,,18:46,,,,,,214
215,Marcus White & Greg Curzons,ATHX BIRMINGHAM 2026,United Kingdom 🇬🇧,2026,Male,ATHX,MetCon X,,,18:47,,,,,,215
216,Tommy Cope & Tom Walker,ATHX BIRMINGHAM 2026,United Kingdom 🇬🇧,2026,Male,ATHX,MetCon X,,,18:49,,,,,,216
217,Will Hume & Owen Broadway,ATHX BIRMINGHAM 2026,United Kingdom 🇬🇧,2026,Male,ATHX,MetCon X,,,18:52,,,,,,217
218,Ollie White & Sam Geller,ATHX BIRMINGHAM 2026,United Kingdom 🇬🇧,2026,Male,ATHX,MetCon X,,,18:54,,,,,,218
219,Cai Oram & Fin Oram,ATHX BIRMINGHAM 2026,United Kingdom 🇬🇧,2026,Male,ATHX,MetCon X,,,19:03,,,,,,219
220,James Dovey & Andrew Whitehouse,ATHX BIRMINGHAM 2026,United Kingdom 🇬🇧,2026,Male,ATHX,MetCon X,,,19:12,,,,,,220
221,Ian Bull & David Bull,ATHX BIRMINGHAM 2026,United Kingdom 🇬🇧,2026,Male,ATHX,MetCon X,,,19:15,,,,,,221
222,Matt Viall & Martin Febery,ATHX BIRMINGHAM 2026,United Kingdom 🇬🇧,2026,Male,ATHX,MetCon X,,,19:27,,,,,,222
222,Callum Gee & Joshua Coe,ATHX BIRMINGHAM 2026,United Kingdom 🇬🇧,2026,Male,ATHX,MetCon X,,,19:27,,,,,,222
224,Justin Gilbert & Tomasz Blaszczyk,ATHX BIRMINGHAM 2026,United Kingdom 🇬🇧,2026,Male,ATHX,MetCon X,,,19:36,,,,,,224
225,Keith Noble & Duncan Harris,ATHX BIRMINGHAM 2026,United Kingdom 🇬🇧,2026,Male,ATHX,MetCon X,,,19:40,,,,,,225
225,Luke Offa & Jacob Iveson,ATHX BIRMINGHAM 2026,United Kingdom 🇬🇧,2026,Male,ATHX,MetCon X,,,19:40,,,,,,225
227,Rob Unsworth & Tom Unsworth,ATHX BIRMINGHAM 2026,United Kingdom 🇬🇧,2026,Male,ATHX,MetCon X,,,19:49,,,,,,227
228,Jonathan Kershaw & Gordon Hillis,ATHX BIRMINGHAM 2026,United Kingdom 🇬🇧,2026,Male,ATHX,MetCon X,,,19:52,,,,,,228
228,Samuel Fuller & MARK MCGEE,ATHX BIRMINGHAM 2026,United Kingdom 🇬🇧,2026,Male,ATHX,MetCon X,,,19:52,,,,,,228
230,Tony Watson & Andrew Smith,ATHX BIRMINGHAM 2026,United Kingdom 🇬🇧,2026,Male,ATHX,MetCon X,,,19:56,,,,,,230
231,Sam Dodson & Matthew Sallis,ATHX BIRMINGHAM 2026,United Kingdom 🇬🇧,2026,Male,ATHX,MetCon X,,,19:58,,,,,,231
232,Luke Moulding & James Taylor,ATHX BIRMINGHAM 2026,United Kingdom 🇬🇧,2026,Male,ATHX,MetCon X,,,20:12,,,,,,232
233,Sam Breacker & Tom Morley,ATHX BIRMINGHAM 2026,United Kingdom 🇬🇧,2026,Male,ATHX,MetCon X,,,20:30,,,,,,233
234,Andy Lobley & Russ Acomb,ATHX BIRMINGHAM 2026,United Kingdom 🇬🇧,2026,Male,ATHX,MetCon X,,,20:31,,,,,,234
235,Charlie Barwis & Mike Hart,ATHX BIRMINGHAM 2026,United Kingdom 🇬🇧,2026,Male,ATHX,MetCon X,,,20:33,,,,,,235
236,Ben Lavender & Adam Fitzpatrick,ATHX BIRMINGHAM 2026,United Kingdom 🇬🇧,2026,Male,ATHX,MetCon X,,,20:41,,,,,,236
237,Adam White & Anthony White,ATHX BIRMINGHAM 2026,United Kingdom 🇬🇧,2026,Male,ATHX,MetCon X,,,20:51,,,,,,237
238,George Berry & Henri Berry,ATHX BIRMINGHAM 2026,United Kingdom 🇬🇧,2026,Male,ATHX,MetCon X,,,20:59,,,,,,238
239,Scott Moore & Noel Mooney,ATHX BIRMINGHAM 2026,United Kingdom 🇬🇧,2026,Male,ATHX,MetCon X,,,21:00,,,,,,239
240,Jag Banwait & Alastair Whitfield,ATHX BIRMINGHAM 2026,United Kingdom 🇬🇧,2026,Male,ATHX,MetCon X,,,21:03,,,,,,240
241,Rhys Kilner & John Gibbins,ATHX BIRMINGHAM 2026,United Kingdom 🇬🇧,2026,Male,ATHX,MetCon X,,,21:04,,,,,,241
242,Ash Sharma & Thom Coupar-Evans,ATHX BIRMINGHAM 2026,United Kingdom 🇬🇧,2026,Male,ATHX,MetCon X,,,21:10,,,,,,242
242,Aaron Wornes & Ryan Underwood,ATHX BIRMINGHAM 2026,United Kingdom 🇬🇧,2026,Male,ATHX,MetCon X,,,21:10,,,,,,242
244,Brandon White & Gareth Coller,ATHX BIRMINGHAM 2026,United Kingdom 🇬🇧,2026,Male,ATHX,MetCon X,,,21:26,,,,,,244
245,Samir Amin & Darryl Fordham,ATHX BIRMINGHAM 2026,United Kingdom 🇬🇧,2026,Male,ATHX,MetCon X,,,21:32,,,,,,245
246,Martyn Jones & Jude Ed,ATHX BIRMINGHAM 2026,United Kingdom 🇬🇧,2026,Male,ATHX,MetCon X,,,21:44,,,,,,246
247,Jake Berry & Tom Berry,ATHX BIRMINGHAM 2026,United Kingdom 🇬🇧,2026,Male,ATHX,MetCon X,,,22:08,,,,,,247
248,Jacob Symondson & Ian Henworth,ATHX BIRMINGHAM 2026,United Kingdom 🇬🇧,2026,Male,ATHX,MetCon X,,,23:18,,,,,,248
249,Matt Hickman & Stew Crooks,ATHX BIRMINGHAM 2026,United Kingdom 🇬🇧,2026,Male,ATHX,MetCon X,,,23:27,,,,,,249
250,Jon Cusselle & Andrew Williams,ATHX BIRMINGHAM 2026,United Kingdom 🇬🇧,2026,Male,ATHX,MetCon X,,,23:46,,,,,,250
251,Craig Cooper & Lee Whitfield,ATHX BIRMINGHAM 2026,United Kingdom 🇬🇧,2026,Male,ATHX,MetCon X,,,24:08,,,,,,251
252,David Wallis & Miles De Clifford,ATHX BIRMINGHAM 2026,United Kingdom 🇬🇧,2026,Male,ATHX,MetCon X,,,25:20,,,,,,252
253,Jack Sewell & William Sewell,ATHX BIRMINGHAM 2026,United Kingdom 🇬🇧,2026,Male,ATHX,MetCon X,,,25:25,,,,,,253
254,Carl Hackett & Peter Mote,ATHX BIRMINGHAM 2026,United Kingdom 🇬🇧,2026,Male,ATHX,MetCon X,,,25:26,,,,,,254
1,Angela Gilchrist & Sally Cross,ATHX BIRMINGHAM 2026,United Kingdom 🇬🇧,2026,Female,ATHX Lite,Endurance,,,,,,,3.392KM,4.835KM,1
2,Anna Paul & Jessica Dickinson,ATHX BIRMINGHAM 2026,United Kingdom 🇬🇧,2026,Female,ATHX Lite,Endurance,,,,,,,3.298KM,4.836KM,2
3,Alex Wilkinson & Leanne Jones,ATHX BIRMINGHAM 2026,United Kingdom 🇬🇧,2026,Female,ATHX Lite,Endurance,,,,,,,3.224KM,4.784KM,3
4,Sian Wigington & Holly Gibbs,ATHX BIRMINGHAM 2026,United Kingdom 🇬🇧,2026,Female,ATHX Lite,Endurance,,,,,,,3.044KM,4.809KM,4
5,Paige Reed & Jade Gubb,ATHX BIRMINGHAM 2026,United Kingdom 🇬🇧,2026,Female,ATHX Lite,Endurance,,,,,,,2.801KM,4.991KM,5
6,Layla Woollard & Anna Margetson,ATHX BIRMINGHAM 2026,United Kingdom 🇬🇧,2026,Female,ATHX Lite,Endurance,,,,,,,3KM,4.762KM,6
7,Amanda Perry & Hannah Mcgovern,ATHX BIRMINGHAM 2026,United Kingdom 🇬🇧,2026,Female,ATHX Lite,Endurance,,,,,,,3.111KM,4.633KM,7
8,Katie Richards & kellywarwick87 Team,ATHX BIRMINGHAM 2026,United Kingdom 🇬🇧,2026,Female,ATHX Lite,Endurance,,,,,,,2.93KM,4.777KM,8
9,Joey Lin & Farah Chiu,ATHX BIRMINGHAM 2026,United Kingdom 🇬🇧,2026,Female,ATHX Lite,Endurance,,,,,,,3KM,4.688KM,9
10,Ellena Bailey & Kezia Cottrell,ATHX BIRMINGHAM 2026,United Kingdom 🇬🇧,2026,Female,ATHX Lite,Endurance,,,,,,,3KM,4.667KM,10
11,Rachel Caplan & Georgia Frampton,ATHX BIRMINGHAM 2026,United Kingdom 🇬🇧,2026,Female,ATHX Lite,Endurance,,,,,,,3.18KM,4.478KM,11
12,Ella Joseph & Shanice Birchall,ATHX BIRMINGHAM 2026,United Kingdom 🇬🇧,2026,Female,ATHX Lite,Endurance,,,,,,,3.299KM,4.337KM,12
13,Martha Skillern & Cecily Fahey,ATHX BIRMINGHAM 2026,United Kingdom 🇬🇧,2026,Female,ATHX Lite,Endurance,,,,,,,3KM,4.602KM,13
14,Lizzie Corbett & Anna Jaines,ATHX BIRMINGHAM 2026,United Kingdom 🇬🇧,2026,Female,ATHX Lite,Endurance,,,,,,,3.16KM,4.44KM,14
15,Laura Froggatt & Angela Tooley,ATHX BIRMINGHAM 2026,United Kingdom 🇬🇧,2026,Female,ATHX Lite,Endurance,,,,,,,3.096KM,4.502KM,15
16,Dawn Boon & Emma Odom,ATHX BIRMINGHAM 2026,United Kingdom 🇬🇧,2026,Female,ATHX Lite,Endurance,,,,,,,3KM,4.589KM,16
17,Tammy Holmes & Stephanie Meadows,ATHX BIRMINGHAM 2026,United Kingdom 🇬🇧,2026,Female,ATHX Lite,Endurance,,,,,,,2.914KM,4.623KM,17
18,Sharon Elms & Amanda Connolly,ATHX BIRMINGHAM 2026,United Kingdom 🇬🇧,2026,Female,ATHX Lite,Endurance,,,,,,,3.036KM,4.496KM,18
19,Rebecca Campbell & Louise Campbell,ATHX BIRMINGHAM 2026,United Kingdom 🇬🇧,2026,Female,ATHX Lite,Endurance,,,,,,,3KM,4.495KM,19
20,Sonia Tutt & Clara Gawley,ATHX BIRMINGHAM 2026,United Kingdom 🇬🇧,2026,Female,ATHX Lite,Endurance,,,,,,,2.95KM,4.523KM,20
21,Jaz Pugh & Liv Jones,ATHX BIRMINGHAM 2026,United Kingdom 🇬🇧,2026,Female,ATHX Lite,Endurance,,,,,,,2.86KM,4.598KM,21
22,Emma Dadford & Georgia Breacher,ATHX BIRMINGHAM 2026,United Kingdom 🇬🇧,2026,Female,ATHX Lite,Endurance,,,,,,,3KM,4.349KM,22
23,Sharon Hunt & Naomi Herrick,ATHX BIRMINGHAM 2026,United Kingdom 🇬🇧,2026,Female,ATHX Lite,Endurance,,,,,,,2.967KM,4.371KM,23
24,Jackie Mccoy & Courtney Brand,ATHX BIRMINGHAM 2026,United Kingdom 🇬🇧,2026,Female,ATHX Lite,Endurance,,,,,,,2.9KM,4.436KM,24
25,Sarah Savaria & Lucy Burden-Ince,ATHX BIRMINGHAM 2026,United Kingdom 🇬🇧,2026,Female,ATHX Lite,Endurance,,,,,,,2.941KM,4.357KM,25
26,Holly Johnson & Jess Miller,ATHX BIRMINGHAM 2026,United Kingdom 🇬🇧,2026,Female,ATHX Lite,Endurance,,,,,,,2.903KM,4.374KM,26
27,Dana Lukic & Tiffany Tebbutt,ATHX BIRMINGHAM 2026,United Kingdom 🇬🇧,2026,Female,ATHX Lite,Endurance,,,,,,,2.743KM,4.517KM,27
28,Leia Leahy & Hollie Baker,ATHX BIRMINGHAM 2026,United Kingdom 🇬🇧,2026,Female,ATHX Lite,Endurance,,,,,,,3.337KM,3.867KM,28
29,Abbie Windebank & Lauren Cain,ATHX BIRMINGHAM 2026,United Kingdom 🇬🇧,2026,Female,ATHX Lite,Endurance,,,,,,,2.57KM,4.59KM,29
29,Zoe Churchill & natasha churchill,ATHX BIRMINGHAM 2026,United Kingdom 🇬🇧,2026,Female,ATHX Lite,Endurance,,,,,,,3KM,4.16KM,29
31,Ivana Babicova & Zdenka Babicova,ATHX BIRMINGHAM 2026,United Kingdom 🇬🇧,2026,Female,ATHX Lite,Endurance,,,,,,,2.649KM,4.454KM,31
32,Julie Fox & Becky Lyons,ATHX BIRMINGHAM 2026,United Kingdom 🇬🇧,2026,Female,ATHX Lite,Endurance,,,,,,,2.873KM,4.214KM,32
33,Sian Thomas & Sarah Sullivan,ATHX BIRMINGHAM 2026,United Kingdom 🇬🇧,2026,Female,ATHX Lite,Endurance,,,,,,,3KM,4.086KM,33
34,Denise Bennett & Sue Wedgbury,ATHX BIRMINGHAM 2026,United Kingdom 🇬🇧,2026,Female,ATHX Lite,Endurance,,,,,,,2.657KM,4.414KM,34
35,Wendy Grace & Jessie Bradley,ATHX BIRMINGHAM 2026,United Kingdom 🇬🇧,2026,Female,ATHX Lite,Endurance,,,,,,,2.542KM,4.504KM,35
36,Rosie Beckett & Kirsty Purdew,ATHX BIRMINGHAM 2026,United Kingdom 🇬🇧,2026,Female,ATHX Lite,Endurance,,,,,,,2.81KM,4.208KM,36
37,Siobhan Hudson & Hannah Hudson,ATHX BIRMINGHAM 2026,United Kingdom 🇬🇧,2026,Female,ATHX Lite,Endurance,,,,,,,2.5KM,4.41KM,37
38,Michaela Campbell & Melanie Brooke,ATHX BIRMINGHAM 2026,United Kingdom 🇬🇧,2026,Female,ATHX Lite,Endurance,,,,,,,2.774KM,4.13KM,38
39,Pia Jarvis & Sally Powell,ATHX BIRMINGHAM 2026,United Kingdom 🇬🇧,2026,Female,ATHX Lite,Endurance,,,,,,,2.674KM,4.191KM,39
40,Emma Bassey & Caprice Fox,ATHX BIRMINGHAM 2026,United Kingdom 🇬🇧,2026,Female,ATHX Lite,Endurance,,,,,,,2.485KM,4.375KM,40
41,Emma Coombes & Vicci Lamb,ATHX BIRMINGHAM 2026,United Kingdom 🇬🇧,2026,Female,ATHX Lite,Endurance,,,,,,,2.694KM,4.143KM,41
42,Jessica Smith & Karien Read,ATHX BIRMINGHAM 2026,United Kingdom 🇬🇧,2026,Female,ATHX Lite,Endurance,,,,,,,2.718KM,4.097KM,42
42,Sue Davis & Rose Piper,ATHX BIRMINGHAM 2026,United Kingdom 🇬🇧,2026,Female,ATHX Lite,Endurance,,,,,,,2.753KM,4.062KM,42
44,Beth Tranter & Sophie Tranter,ATHX BIRMINGHAM 2026,United Kingdom 🇬🇧,2026,Female,ATHX Lite,Endurance,,,,,,,2.411KM,4.393KM,44
45,philippa blackburn & Sian Edgell,ATHX BIRMINGHAM 2026,United Kingdom 🇬🇧,2026,Female,ATHX Lite,Endurance,,,,,,,2.525KM,4.263KM,45
46,Sarah Frewin & Rachel Liddicott,ATHX BIRMINGHAM 2026,United Kingdom 🇬🇧,2026,Female,ATHX Lite,Endurance,,,,,,,2.542KM,4.223KM,46
47,Tara Williams & Emily Williams,ATHX BIRMINGHAM 2026,United Kingdom 🇬🇧,2026,Female,ATHX Lite,Endurance,,,,,,,2.3KM,4.464KM,47
48,Alicia Parker-Ennis & Hannah Randall,ATHX BIRMINGHAM 2026,United Kingdom 🇬🇧,2026,Female,ATHX Lite,Endurance,,,,,,,2.265KM,4.487KM,48
49,Trish Walker & Katie Stammers,ATHX BIRMINGHAM 2026,United Kingdom 🇬🇧,2026,Female,ATHX Lite,Endurance,,,,,,,2.434KM,4.31KM,49
50,Francesca Monk & Donna Jackson,ATHX BIRMINGHAM 2026,United Kingdom 🇬🇧,2026,Female,ATHX Lite,Endurance,,,,,,,2.561KM,4.178KM,50
51,Vicky Lewis & Clare Glinski-Wignall,ATHX BIRMINGHAM 2026,United Kingdom 🇬🇧,2026,Female,ATHX Lite,Endurance,,,,,,,2.705KM,4.028KM,51
52,Kelly Catanzaro & Cindy Johnson,ATHX BIRMINGHAM 2026,United Kingdom 🇬🇧,2026,Female,ATHX Lite,Endurance,,,,,,,2.774KM,3.955KM,52
53,Krithika Dawett & Jessica Barnes,ATHX BIRMINGHAM 2026,United Kingdom 🇬🇧,2026,Female,ATHX Lite,Endurance,,,,,,,2.334KM,4.375KM,53
54,Sophie Spencer & Jess Little,ATHX BIRMINGHAM 2026,United Kingdom 🇬🇧,2026,Female,ATHX Lite,Endurance,,,,,,,2.578KM,4.106KM,54
55,Sophie Mee & SARAH Preston,ATHX BIRMINGHAM 2026,United Kingdom 🇬🇧,2026,Female,ATHX Lite,Endurance,,,,,,,2.447KM,4.22KM,55
56,Rhian Burrell & Imogen Bennett,ATHX BIRMINGHAM 2026,United Kingdom 🇬🇧,2026,Female,ATHX Lite,Endurance,,,,,,,2.611KM,4.046KM,56
57,Alice Rayner & Stephanie Smith,ATHX BIRMINGHAM 2026,United Kingdom 🇬🇧,2026,Female,ATHX Lite,Endurance,,,,,,,2.5KM,4.154KM,57
58,Cameron Booth & Lauren Whitehead,ATHX BIRMINGHAM 2026,United Kingdom 🇬🇧,2026,Female,ATHX Lite,Endurance,,,,,,,2.516KM,4.13KM,58
59,Ayisha Ajikobi & Onika Griffith-Elliott,ATHX BIRMINGHAM 2026,United Kingdom 🇬🇧,2026,Female,ATHX Lite,Endurance,,,,,,,2.523KM,4.121KM,59
60,Lisa Pringle & Amy Killick,ATHX BIRMINGHAM 2026,United Kingdom 🇬🇧,2026,Female,ATHX Lite,Endurance,,,,,,,2.5KM,4.135KM,60
61,Lucie Wagstaff & Kim Rees,ATHX BIRMINGHAM 2026,United Kingdom 🇬🇧,2026,Female,ATHX Lite,Endurance,,,,,,,2.5KM,4.123KM,61
62,Margaret Ndiritu & Emma Grafton,ATHX BIRMINGHAM 2026,United Kingdom 🇬🇧,2026,Female,ATHX Lite,Endurance,,,,,,,2.594KM,4.006KM,62
63,Nicola Smith & melissa green,ATHX BIRMINGHAM 2026,United Kingdom 🇬🇧,2026,Female,ATHX Lite,Endurance,,,,,,,2.5KM,4KM,63
64,Lisa Blakeman & Charlotte Stableford,ATHX BIRMINGHAM 2026,United Kingdom 🇬🇧,2026,Female,ATHX Lite,Endurance,,,,,,,2.2KM,4.262KM,64
65,mollie tate & CHELSEY Chapman,ATHX BIRMINGHAM 2026,United Kingdom 🇬🇧,2026,Female,ATHX Lite,Endurance,,,,,,,2.341KM,4.115KM,65
66,Sarah Hoosdally & Maisy Ball,ATHX BIRMINGHAM 2026,United Kingdom 🇬🇧,2026,Female,ATHX Lite,Endurance,,,,,,,2.5KM,3.947KM,66
67,Leanne Trimble & Abby Adams,ATHX BIRMINGHAM 2026,United Kingdom 🇬🇧,2026,Female,ATHX Lite,Endurance,,,,,,,2.367KM,4.074KM,67
68,Nadeané Mcdonald & Amy Wyatt-Bennett,ATHX BIRMINGHAM 2026,United Kingdom 🇬🇧,2026,Female,ATHX Lite,Endurance,,,,,,,2.454KM,3.966KM,68
69,Laura Marsh & Sharon Buckingham,ATHX BIRMINGHAM 2026,United Kingdom 🇬🇧,2026,Female,ATHX Lite,Endurance,,,,,,,2.269KM,4.115KM,69
70,Jane Borton & Pamela Arnold,ATHX BIRMINGHAM 2026,United Kingdom 🇬🇧,2026,Female,ATHX Lite,Endurance,,,,,,,2.06KM,4.318KM,70
71,Rebecca Harwood & Yoland Johnson,ATHX BIRMINGHAM 2026,United Kingdom 🇬🇧,2026,Female,ATHX Lite,Endurance,,,,,,,2.55KM,3.814KM,71
72,Rachel Waterman & Melanie Keen,ATHX BIRMINGHAM 2026,United Kingdom 🇬🇧,2026,Female,ATHX Lite,Endurance,,,,,,,2.412KM,3.901KM,72
73,kaitlyn coles & Misha Staples,ATHX BIRMINGHAM 2026,United Kingdom 🇬🇧,2026,Female,ATHX Lite,Endurance,,,,,,,2.32KM,3.976KM,73
74,Jessica Thraves & Harshini Solanki,ATHX BIRMINGHAM 2026,United Kingdom 🇬🇧,2026,Female,ATHX Lite,Endurance,,,,,,,2.261KM,3.941KM,74
75,Nasim Akhtar & Melodie H Gonzalez,ATHX BIRMINGHAM 2026,United Kingdom 🇬🇧,2026,Female,ATHX Lite,Endurance,,,,,,,2.5KM,3.686KM,75
76,Livi Hunter & Becca Thomas,ATHX BIRMINGHAM 2026,United Kingdom 🇬🇧,2026,Female,ATHX Lite,Endurance,,,,,,,2.21KM,3.918KM,76
77,Karen Lorenzo & Louise Mitchell,ATHX BIRMINGHAM 2026,United Kingdom 🇬🇧,2026,Female,ATHX Lite,Endurance,,,,,,,1.95KM,4.139KM,77
78,Gemma Broughton & Annjanet Mckerral,ATHX BIRMINGHAM 2026,United Kingdom 🇬🇧,2026,Female,ATHX Lite,Endurance,,,,,,,2.907KM,3.141KM,78
79,Ruby Maxwell & Karon Maxwell,ATHX BIRMINGHAM 2026,United Kingdom 🇬🇧,2026,Female,ATHX Lite,Endurance,,,,,,,2KM,3.955KM,79
80,Mercedes Britton & Channelle Houston,ATHX BIRMINGHAM 2026,United Kingdom 🇬🇧,2026,Female,ATHX Lite,Endurance,,,,,,,2KM,3.891KM,80
81,Katie Heer & Shevonne Blair,ATHX BIRMINGHAM 2026,United Kingdom 🇬🇧,2026,Female,ATHX Lite,Endurance,,,,,,,2.565KM,3.312KM,81
82,Rachna Amin & Shirina Davey,ATHX BIRMINGHAM 2026,United Kingdom 🇬🇧,2026,Female,ATHX Lite,Endurance,,,,,,,2.349KM,3.448KM,82
83,Carole Waters & Sarah Ross,ATHX BIRMINGHAM 2026,United Kingdom 🇬🇧,2026,Female,ATHX Lite,Endurance,,,,,,,2.308KM,3.48KM,83
84,Sophie Medland & Caitlin Wagstaffe,ATHX BIRMINGHAM 2026,United Kingdom 🇬🇧,2026,Female,ATHX Lite,Endurance,,,,,,,2.029KM,3.627KM,84
85,Janet King & Susan Sainsbury,ATHX BIRMINGHAM 2026,United Kingdom 🇬🇧,2026,Female,ATHX Lite,Endurance,,,,,,,1.774KM,3.725KM,85
1,Becki Watkins & Sophie Grosvenor,ATHX BIRMINGHAM 2026,United Kingdom 🇬🇧,2026,Female,ATHX Pro,MetCon X,,,14:50,,,,,,1
2,Alice Hardy & Hannah Brown,ATHX BIRMINGHAM 2026,United Kingdom 🇬🇧,2026,Female,ATHX Pro,MetCon X,,,14:51,,,,,,2
3,Chelsea Callaghan & Chloe White,ATHX BIRMINGHAM 2026,United Kingdom 🇬🇧,2026,Female,ATHX Pro,MetCon X,,,15:51,,,,,,3
3,Hollie John & Becky Standen,ATHX BIRMINGHAM 2026,United Kingdom 🇬🇧,2026,Female,ATHX Pro,MetCon X,,,15:51,,,,,,3
5,Holly Foster & Fern Gardner,ATHX BIRMINGHAM 2026,United Kingdom 🇬🇧,2026,Female,ATHX Pro,MetCon X,,,16:13,,,,,,5
6,Jade Brier & Nicolle Grant,ATHX BIRMINGHAM 2026,United Kingdom 🇬🇧,2026,Female,ATHX Pro,MetCon X,,,16:32,,,,,,6
7,Sam Allcott & Lyra McKinnon,ATHX BIRMINGHAM 2026,United Kingdom 🇬🇧,2026,Female,ATHX Pro,MetCon X,,,18:19,,,,,,7
8,Katy Binney & rebecca Canning,ATHX BIRMINGHAM 2026,United Kingdom 🇬🇧,2026,Female,ATHX Pro,MetCon X,,,18:46,,,,,,8
9,Sheena McEwen & Hannah Botten,ATHX BIRMINGHAM 2026,United Kingdom 🇬🇧,2026,Female,ATHX Pro,MetCon X,,,18:55,,,,,,9
10,Leanne Lewis & Stacey Auty,ATHX BIRMINGHAM 2026,United Kingdom 🇬🇧,2026,Female,ATHX Pro,MetCon X,,,19:32,,,,,,10
11,Sophie Whatley & Emma Shaw,ATHX BIRMINGHAM 2026,United Kingdom 🇬🇧,2026,Female,ATHX Pro,MetCon X,,,19:52,,,,,,11
12,Charlotte Bembridge & Emma Causon-Wood,ATHX BIRMINGHAM 2026,United Kingdom 🇬🇧,2026,Female,ATHX Pro,MetCon X,,,20:06,,,,,,12
13,Kirsty Bond & Jordan Domeney,ATHX BIRMINGHAM 2026,United Kingdom 🇬🇧,2026,Female,ATHX Pro,MetCon X,,,20:10,,,,,,13
14,Tilly Hazell & Dana-Jane Maybin,ATHX BIRMINGHAM 2026,United Kingdom 🇬🇧,2026,Female,ATHX Pro,MetCon X,,,21:58,,,,,,14
15,Laura Smith & Sharon O’SULLIVAN,ATHX BIRMINGHAM 2026,United Kingdom 🇬🇧,2026,Female,ATHX Pro,MetCon X,,,24:15,,,,,,15
1,Junior Oby Obi & Giulia Raus,ATHX BIRMINGHAM 2026,United Kingdom 🇬🇧,2026,Mixed,ATHX Lite,Endurance,,,,,,,4.141KM,4.689KM,1
2,Naomi Scriven & Ben Long,ATHX BIRMINGHAM 2026,United Kingdom 🇬🇧,2026,Mixed,ATHX Lite,Endurance,,,,,,,3.596KM,4.872KM,2
3,Charles McCausland & Katharine Anderson,ATHX BIRMINGHAM 2026,United Kingdom 🇬🇧,2026,Mixed,ATHX Lite,Endurance,,,,,,,3.35KM,5.011KM,3
4,Charles rankin & Alison Burrows,ATHX BIRMINGHAM 2026,United Kingdom 🇬🇧,2026,Mixed,ATHX Lite,Endurance,,,,,,,3KM,5.263KM,4
5,Sophie Jones & Lewis Jones,ATHX BIRMINGHAM 2026,United Kingdom 🇬🇧,2026,Mixed,ATHX Lite,Endurance,,,,,,,3KM,5.01KM,5
6,Khaleefa Chee-A-Tow & Maria Kumrili,ATHX BIRMINGHAM 2026,United Kingdom 🇬🇧,2026,Mixed,ATHX Lite,Endurance,,,,,,,3.39KM,4.615KM,6
7,Guy Bailey & Chloe Cooper,ATHX BIRMINGHAM 2026,United Kingdom 🇬🇧,2026,Mixed,ATHX Lite,Endurance,,,,,,,3KM,4.941KM,7
8,Karl Morgan & Nikki McSweeney,ATHX BIRMINGHAM 2026,United Kingdom 🇬🇧,2026,Mixed,ATHX Lite,Endurance,,,,,,,2.932KM,4.959KM,8
9,Eddie Mills & Sarah Hodges,ATHX BIRMINGHAM 2026,United Kingdom 🇬🇧,2026,Mixed,ATHX Lite,Endurance,,,,,,,3.147KM,4.656KM,9
10,Francesca Berry & James Kendall,ATHX BIRMINGHAM 2026,United Kingdom 🇬🇧,2026,Mixed,ATHX Lite,Endurance,,,,,,,3.016KM,4.621KM,10
11,Micol Mosca & Jasper Denk,ATHX BIRMINGHAM 2026,United Kingdom 🇬🇧,2026,Mixed,ATHX Lite,Endurance,,,,,,,2.924KM,4.572KM,11
12,Chloe Fowler & Richard Gibson,ATHX BIRMINGHAM 2026,United Kingdom 🇬🇧,2026,Mixed,ATHX Lite,Endurance,,,,,,,3KM,4.449KM,12
13,Natalie Johnson & James Flatt,ATHX BIRMINGHAM 2026,United Kingdom 🇬🇧,2026,Mixed,ATHX Lite,Endurance,,,,,,,2.955KM,4.436KM,13
14,Matthew Buckley & Eve Bradnam,ATHX BIRMINGHAM 2026,United Kingdom 🇬🇧,2026,Mixed,ATHX Lite,Endurance,,,,,,,3KM,4.376KM,14
15,Lottie Hibble & Matt Harrison,ATHX BIRMINGHAM 2026,United Kingdom 🇬🇧,2026,Mixed,ATHX Lite,Endurance,,,,,,,2.754KM,4.552KM,15
15,Amy Hughes & Lee Harrison,ATHX BIRMINGHAM 2026,United Kingdom 🇬🇧,2026,Mixed,ATHX Lite,Endurance,,,,,,,3.034KM,4.272KM,15
17,Martin Gowans & Agata Gowans,ATHX BIRMINGHAM 2026,United Kingdom 🇬🇧,2026,Mixed,ATHX Lite,Endurance,,,,,,,2.687KM,4.514KM,17
18,Helen Cross & Roger Cross,ATHX BIRMINGHAM 2026,United Kingdom 🇬🇧,2026,Mixed,ATHX Lite,Endurance,,,,,,,2.605KM,4.481KM,18
19,Nigel Conway & Amanda Smith,ATHX BIRMINGHAM 2026,United Kingdom 🇬🇧,2026,Mixed,ATHX Lite,Endurance,,,,,,,3.046KM,4.019KM,19
20,Julia Beaumont & IAN BEAUMONT,ATHX BIRMINGHAM 2026,United Kingdom 🇬🇧,2026,Mixed,ATHX Lite,Endurance,,,,,,,2.621KM,4.372KM,20
21,Stephanie Treacher & Daniel Treacher,ATHX BIRMINGHAM 2026,United Kingdom 🇬🇧,2026,Mixed,ATHX Lite,Endurance,,,,,,,2.5KM,4.484KM,21
22,John Winstanley & Sarah Winstanley,ATHX BIRMINGHAM 2026,United Kingdom 🇬🇧,2026,Mixed,ATHX Lite,Endurance,,,,,,,2.5KM,4.435KM,22
23,Hardeep CHANNA & Gavin Hyman,ATHX BIRMINGHAM 2026,United Kingdom 🇬🇧,2026,Mixed,ATHX Lite,Endurance,,,,,,,2.822KM,4.046KM,23
24,Chris Grummett & Nadine Stokes,ATHX BIRMINGHAM 2026,United Kingdom 🇬🇧,2026,Mixed,ATHX Lite,Endurance,,,,,,,2.75KM,4.06KM,24
25,Nadika Snowden & Darren Williams,ATHX BIRMINGHAM 2026,United Kingdom 🇬🇧,2026,Mixed,ATHX Lite,Endurance,,,,,,,2.5KM,4.224KM,25
26,Graham Smith & Angela Smith,ATHX BIRMINGHAM 2026,United Kingdom 🇬🇧,2026,Mixed,ATHX Lite,Endurance,,,,,,,2.435KM,4.203KM,26
27,Chrissie Sweeney & jason sweeney,ATHX BIRMINGHAM 2026,United Kingdom 🇬🇧,2026,Mixed,ATHX Lite,Endurance,,,,,,,2.137KM,4.489KM,27
28,Paul Caudell & Grace Caudell,ATHX BIRMINGHAM 2026,United Kingdom 🇬🇧,2026,Mixed,ATHX Lite,Endurance,,,,,,,2.601KM,3.562KM,28
29,Melissa Hobden & Barry Hobden,ATHX BIRMINGHAM 2026,United Kingdom 🇬🇧,2026,Mixed,ATHX Lite,Endurance,,,,,,,0.501KM,2.952KM,29
1,Richy Jordan & Louise Sondergaard,ATHX BIRMINGHAM 2026,United Kingdom 🇬🇧,2026,Mixed,ATHX Pro,MetCon X,,,12:33,,,,,,1
2,Cara Brown & Izaak Thacker,ATHX BIRMINGHAM 2026,United Kingdom 🇬🇧,2026,Mixed,ATHX Pro,MetCon X,,,12:43,,,,,,2
3,Ben Fairlie & Amelia Roberts,ATHX BIRMINGHAM 2026,United Kingdom 🇬🇧,2026,Mixed,ATHX Pro,MetCon X,,,13:00,,,,,,3
4,Etham Yates & Gracious Phillips,ATHX BIRMINGHAM 2026,United Kingdom 🇬🇧,2026,Mixed,ATHX Pro,MetCon X,,,14:02,,,,,,4
5,Abby Beswick & Simon Corke,ATHX BIRMINGHAM 2026,United Kingdom 🇬🇧,2026,Mixed,ATHX Pro,MetCon X,,,14:08,,,,,,5
6,Matt Dewhurst & Charlie Dewhurst,ATHX BIRMINGHAM 2026,United Kingdom 🇬🇧,2026,Mixed,ATHX Pro,MetCon X,,,14:42,,,,,,6
7,Vicki Whitbrook & Matthew Horner,ATHX BIRMINGHAM 2026,United Kingdom 🇬🇧,2026,Mixed,ATHX Pro,MetCon X,,,14:45,,,,,,7
8,Alastair Combe & Ellen Whittle,ATHX BIRMINGHAM 2026,United Kingdom 🇬🇧,2026,Mixed,ATHX Pro,MetCon X,,,14:49,,,,,,8
9,Zachary Watson & Samantha Cubbins,ATHX BIRMINGHAM 2026,United Kingdom 🇬🇧,2026,Mixed,ATHX Pro,MetCon X,,,14:55,,,,,,9
10,Ozzy Caliskan & Stevie Peake,ATHX BIRMINGHAM 2026,United Kingdom 🇬🇧,2026,Mixed,ATHX Pro,MetCon X,,,14:57,,,,,,10
11,Lucy Brundish & Ben Kimber,ATHX BIRMINGHAM 2026,United Kingdom 🇬🇧,2026,Mixed,ATHX Pro,MetCon X,,,14:58,,,,,,11
12,Jacinda Brass & Guy Kennedy,ATHX BIRMINGHAM 2026,United Kingdom 🇬🇧,2026,Mixed,ATHX Pro,MetCon X,,,15:43,,,,,,12
13,Cassia Williams & Ashley Cunliffe,ATHX BIRMINGHAM 2026,United Kingdom 🇬🇧,2026,Mixed,ATHX Pro,MetCon X,,,15:51,,,,,,13
14,Alex Miller & Yusuf Paterson-Mosafeer,ATHX BIRMINGHAM 2026,United Kingdom 🇬🇧,2026,Mixed,ATHX Pro,MetCon X,,,15:54,,,,,,14
15,Fiona Cousins & Jack Bishop,ATHX BIRMINGHAM 2026,United Kingdom 🇬🇧,2026,Mixed,ATHX Pro,MetCon X,,,15:55,,,,,,15
16,Nicola Guiver & Mark Twigg,ATHX BIRMINGHAM 2026,United Kingdom 🇬🇧,2026,Mixed,ATHX Pro,MetCon X,,,16:05,,,,,,16
16,Amir Khan & Sara Khan,ATHX BIRMINGHAM 2026,United Kingdom 🇬🇧,2026,Mixed,ATHX Pro,MetCon X,,,16:05,,,,,,16
18,Anthony Rutlidge & Louise Lockley,ATHX BIRMINGHAM 2026,United Kingdom 🇬🇧,2026,Mixed,ATHX Pro,MetCon X,,,16:30,,,,,,18
19,Ben Buchmann & Laura Banks,ATHX BIRMINGHAM 2026,United Kingdom 🇬🇧,2026,Mixed,ATHX Pro,MetCon X,,,16:41,,,,,,19
20,Eleanor Shaw & Danny Williamson,ATHX BIRMINGHAM 2026,United Kingdom 🇬🇧,2026,Mixed,ATHX Pro,MetCon X,,,16:51,,,,,,20
20,Douglas Shaw & Maddy Furnival,ATHX BIRMINGHAM 2026,United Kingdom 🇬🇧,2026,Mixed,ATHX Pro,MetCon X,,,16:51,,,,,,20
22,Peter Slattery & Hannah O'sullivan,ATHX BIRMINGHAM 2026,United Kingdom 🇬🇧,2026,Mixed,ATHX Pro,MetCon X,,,16:55,,,,,,22
23,Ka Xin Cheah & Brandon Harris,ATHX BIRMINGHAM 2026,United Kingdom 🇬🇧,2026,Mixed,ATHX Pro,MetCon X,,,16:58,,,,,,23
24,Alexis Newton-french & Liam Webster,ATHX BIRMINGHAM 2026,United Kingdom 🇬🇧,2026,Mixed,ATHX Pro,MetCon X,,,17:11,,,,,,24
25,Chris Williams & Francesca Boers,ATHX BIRMINGHAM 2026,United Kingdom 🇬🇧,2026,Mixed,ATHX Pro,MetCon X,,,17:31,,,,,,25
26,Jacob Sturgess & Leah Parsons,ATHX BIRMINGHAM 2026,United Kingdom 🇬🇧,2026,Mixed,ATHX Pro,MetCon X,,,17:44,,,,,,26
27,Mike Jones & Laura Jeffreys,ATHX BIRMINGHAM 2026,United Kingdom 🇬🇧,2026,Mixed,ATHX Pro,MetCon X,,,17:46,,,,,,27
28,Akeem Halimi & Natalie Halimi,ATHX BIRMINGHAM 2026,United Kingdom 🇬🇧,2026,Mixed,ATHX Pro,MetCon X,,,17:55,,,,,,28
29,Leigha Baxter & robert turner,ATHX BIRMINGHAM 2026,United Kingdom 🇬🇧,2026,Mixed,ATHX Pro,MetCon X,,,18:02,,,,,,29
30,Millie Blakemore & William Woods,ATHX BIRMINGHAM 2026,United Kingdom 🇬🇧,2026,Mixed,ATHX Pro,MetCon X,,,18:26,,,,,,30
31,Alex Jones & Leah Newton,ATHX BIRMINGHAM 2026,United Kingdom 🇬🇧,2026,Mixed,ATHX Pro,MetCon X,,,18:50,,,,,,31
32,Katy Twigg & Luke Blizard,ATHX BIRMINGHAM 2026,United Kingdom 🇬🇧,2026,Mixed,ATHX Pro,MetCon X,,,19:09,,,,,,32
32,Isobelle Matthews & Jake Williams,ATHX BIRMINGHAM 2026,United Kingdom 🇬🇧,2026,Mixed,ATHX Pro,MetCon X,,,19:09,,,,,,32
34,Kayleigh Roberts & Chris Ward,ATHX BIRMINGHAM 2026,United Kingdom 🇬🇧,2026,Mixed,ATHX Pro,MetCon X,,,19:16,,,,,,34
35,charlie menter & Lauren Evans,ATHX BIRMINGHAM 2026,United Kingdom 🇬🇧,2026,Mixed,ATHX Pro,MetCon X,,,20:38,,,,,,35
1,Nathan  Gardner & Ross Walker,ATHX BIRMINGHAM 2026,United Kingdom 🇬🇧,2026,Male,ATHX,Endurance,,,,,,,5.25KM,5.72KM,1
2,David Kelly & Mulley Branch,ATHX BIRMINGHAM 2026,United Kingdom 🇬🇧,2026,Male,ATHX,Endurance,,,,,,,4.5KM,5.945KM,2
3,Oliver Ashton & Dominic Allen-Ledgeway,ATHX BIRMINGHAM 2026,United Kingdom 🇬🇧,2026,Male,ATHX,Endurance,,,,,,,4.399KM,5.919KM,3
4,Stacey Thripp & Noah Bedford-Henry,ATHX BIRMINGHAM 2026,United Kingdom 🇬🇧,2026,Male,ATHX,Endurance,,,,,,,4.404KM,5.906KM,4
5,Thomas Rogers & James Huntly,ATHX BIRMINGHAM 2026,United Kingdom 🇬🇧,2026,Male,ATHX,Endurance,,,,,,,4.108KM,6.196KM,5
6,Robert Sonczak & Mark Sullivan,ATHX BIRMINGHAM 2026,United Kingdom 🇬🇧,2026,Male,ATHX,Endurance,,,,,,,4.291KM,5.988KM,6
7,Dave Clarke & Adrian Johnson,ATHX BIRMINGHAM 2026,United Kingdom 🇬🇧,2026,Male,ATHX,Endurance,,,,,,,4.309KM,5.884KM,7
8,Frazer Montague & Dec Team,ATHX BIRMINGHAM 2026,United Kingdom 🇬🇧,2026,Male,ATHX,Endurance,,,,,,,4.261KM,5.891KM,8
9,Richard Gill & Marcus Cattell,ATHX BIRMINGHAM 2026,United Kingdom 🇬🇧,2026,Male,ATHX,Endurance,,,,,,,4.072KM,6.025KM,9
10,David Beckwith & Blaine Bonnin-Ward,ATHX BIRMINGHAM 2026,United Kingdom 🇬🇧,2026,Male,ATHX,Endurance,,,,,,,4.5KM,5.584KM,10
11,Travis Bowley & joe massaro,ATHX BIRMINGHAM 2026,United Kingdom 🇬🇧,2026,Male,ATHX,Endurance,,,,,,,4.431KM,5.624KM,11
12,Peter Cay & Alex Kersey,ATHX BIRMINGHAM 2026,United Kingdom 🇬🇧,2026,Male,ATHX,Endurance,,,,,,,4.268KM,5.78KM,12
13,Jason Molloy & Glyn Broadhurst,ATHX BIRMINGHAM 2026,United Kingdom 🇬🇧,2026,Male,ATHX,Endurance,,,,,,,4.439KM,5.564KM,13
14,Samuel Gleeson & James Tyas,ATHX BIRMINGHAM 2026,United Kingdom 🇬🇧,2026,Male,ATHX,Endurance,,,,,,,3.771KM,6.225KM,14
15,James McCallion & David Lilly,ATHX BIRMINGHAM 2026,United Kingdom 🇬🇧,2026,Male,ATHX,Endurance,,,,,,,4.647KM,5.325KM,15
16,Luke Jones & Jordan Martin,ATHX BIRMINGHAM 2026,United Kingdom 🇬🇧,2026,Male,ATHX,Endurance,,,,,,,4.158KM,5.806KM,16
17,Chris Harman & Ryan Burrows,ATHX BIRMINGHAM 2026,United Kingdom 🇬🇧,2026,Male,ATHX,Endurance,,,,,,,4.152KM,5.792KM,17
18,Craig Brown & Josh Wright,ATHX BIRMINGHAM 2026,United Kingdom 🇬🇧,2026,Male,ATHX,Endurance,,,,,,,4.057KM,5.865KM,18
19,Jamie Markham & Alex Markham,ATHX BIRMINGHAM 2026,United Kingdom 🇬🇧,2026,Male,ATHX,Endurance,,,,,,,4.25KM,5.651KM,19
20,Josh Mares & Luke Watson-Read,ATHX BIRMINGHAM 2026,United Kingdom 🇬🇧,2026,Male,ATHX,Endurance,,,,,,,4.304KM,5.572KM,20
21,Cyrus Molton & Max Munro,ATHX BIRMINGHAM 2026,United Kingdom 🇬🇧,2026,Male,ATHX,Endurance,,,,,,,4.021KM,5.851KM,21
22,Lukasz Marcinkowski & Tom Layton,ATHX BIRMINGHAM 2026,United Kingdom 🇬🇧,2026,Male,ATHX,Endurance,,,,,,,4.176KM,5.667KM,22
23,Michael Grainger & Tom Ashworth,ATHX BIRMINGHAM 2026,United Kingdom 🇬🇧,2026,Male,ATHX,Endurance,,,,,,,3.998KM,5.834KM,23
24,Mr Michael Taylor & Lee Cobby,ATHX BIRMINGHAM 2026,United Kingdom 🇬🇧,2026,Male,ATHX,Endurance,,,,,,,4.294KM,5.533KM,24
25,Tom Church & Will Church,ATHX BIRMINGHAM 2026,United Kingdom 🇬🇧,2026,Male,ATHX,Endurance,,,,,,,4.26KM,5.551KM,25
26,Ben Trigger & Zac Cotton,ATHX BIRMINGHAM 2026,United Kingdom 🇬🇧,2026,Male,ATHX,Endurance,,,,,,,4.25KM,5.553KM,26
27,Eddy Nisevic & Marc Brittain,ATHX BIRMINGHAM 2026,United Kingdom 🇬🇧,2026,Male,ATHX,Endurance,,,,,,,4.346KM,5.401KM,27
28,Declan Braddock & Matt Dytham,ATHX BIRMINGHAM 2026,United Kingdom 🇬🇧,2026,Male,ATHX,Endurance,,,,,,,4.34KM,5.406KM,28
29,James Jennison & Michael Lyons,ATHX BIRMINGHAM 2026,United Kingdom 🇬🇧,2026,Male,ATHX,Endurance,,,,,,,4.227KM,5.511KM,29
30,Craig Brown & David Andrews,ATHX BIRMINGHAM 2026,United Kingdom 🇬🇧,2026,Male,ATHX,Endurance,,,,,,,4.015KM,5.691KM,30
31,Andrew Waugh & Craig Thompson,ATHX BIRMINGHAM 2026,United Kingdom 🇬🇧,2026,Male,ATHX,Endurance,,,,,,,4.174KM,5.528KM,31
32,Lewis Jones & will barnes-smith,ATHX BIRMINGHAM 2026,United Kingdom 🇬🇧,2026,Male,ATHX,Endurance,,,,,,,4.094KM,5.602KM,32
33,Dave Moriarty & Jamie Somers,ATHX BIRMINGHAM 2026,United Kingdom 🇬🇧,2026,Male,ATHX,Endurance,,,,,,,4.24KM,5.441KM,33
34,Darren Braybrook & Fraser Tait,ATHX BIRMINGHAM 2026,United Kingdom 🇬🇧,2026,Male,ATHX,Endurance,,,,,,,4KM,5.678KM,34
35,Jake Varden & Connor Slattery,ATHX BIRMINGHAM 2026,United Kingdom 🇬🇧,2026,Male,ATHX,Endurance,,,,,,,4.249KM,5.426KM,35
36,Christopher Kelly & Joshua Ashmore,ATHX BIRMINGHAM 2026,United Kingdom 🇬🇧,2026,Male,ATHX,Endurance,,,,,,,3.845KM,5.829KM,36
37,Patrick Matthews & Joseph Wicks,ATHX BIRMINGHAM 2026,United Kingdom 🇬🇧,2026,Male,ATHX,Endurance,,,,,,,3.849KM,5.811KM,37
38,Adam Wilcox & Lewis Smith,ATHX BIRMINGHAM 2026,United Kingdom 🇬🇧,2026,Male,ATHX,Endurance,,,,,,,3.948KM,5.707KM,38
39,James Pacifici & Sam James,ATHX BIRMINGHAM 2026,United Kingdom 🇬🇧,2026,Male,ATHX,Endurance,,,,,,,3.758KM,5.882KM,39
40,Jake Wood & Brett Peel,ATHX BIRMINGHAM 2026,United Kingdom 🇬🇧,2026,Male,ATHX,Endurance,,,,,,,3.75KM,5.874KM,40
41,Andrew French & Brett McCall,ATHX BIRMINGHAM 2026,United Kingdom 🇬🇧,2026,Male,ATHX,Endurance,,,,,,,4.215KM,5.406KM,41
42,Anthony Riordan & Dan Hall,ATHX BIRMINGHAM 2026,United Kingdom 🇬🇧,2026,Male,ATHX,Endurance,,,,,,,4.04KM,5.572KM,42
43,Luke Fletcher & Ben Mudd,ATHX BIRMINGHAM 2026,United Kingdom 🇬🇧,2026,Male,ATHX,Endurance,,,,,,,3.987KM,5.604KM,43
44,Graeme Maznik-Petty & Aaron Lacey,ATHX BIRMINGHAM 2026,United Kingdom 🇬🇧,2026,Male,ATHX,Endurance,,,,,,,3.688KM,5.895KM,44
45,Liam Falcus & Finlay Pitman,ATHX BIRMINGHAM 2026,United Kingdom 🇬🇧,2026,Male,ATHX,Endurance,,,,,,,3.863KM,5.702KM,45
46,Anthony Cheetham & Ian G,ATHX BIRMINGHAM 2026,United Kingdom 🇬🇧,2026,Male,ATHX,Endurance,,,,,,,4.145KM,5.415KM,46
47,Carl Booth & Michael Cross,ATHX BIRMINGHAM 2026,United Kingdom 🇬🇧,2026,Male,ATHX,Endurance,,,,,,,3.75KM,5.809KM,47
48,Rhys Lawson & Jacob Turner,ATHX BIRMINGHAM 2026,United Kingdom 🇬🇧,2026,Male,ATHX,Endurance,,,,,,,3.75KM,5.807KM,48
49,Callum White & James White,ATHX BIRMINGHAM 2026,United Kingdom 🇬🇧,2026,Male,ATHX,Endurance,,,,,,,4.009KM,5.524KM,49
50,Mark Billings & Greg Wilson,ATHX BIRMINGHAM 2026,United Kingdom 🇬🇧,2026,Male,ATHX,Endurance,,,,,,,4.157KM,5.347KM,50
51,Lewis Thorneycroft & Jamie Grant,ATHX BIRMINGHAM 2026,United Kingdom 🇬🇧,2026,Male,ATHX,Endurance,,,,,,,4.25KM,5.243KM,51
51,Steve Morison & Jay gurney,ATHX BIRMINGHAM 2026,United Kingdom 🇬🇧,2026,Male,ATHX,Endurance,,,,,,,3.75KM,5.743KM,51
53,David Hurst & James Kelly,ATHX BIRMINGHAM 2026,United Kingdom 🇬🇧,2026,Male,ATHX,Endurance,,,,,,,3.972KM,5.515KM,53
53,Ieuan Oram & William King,ATHX BIRMINGHAM 2026,United Kingdom 🇬🇧,2026,Male,ATHX,Endurance,,,,,,,3.75KM,5.737KM,53
55,Lee Salter & Shai Bonnick,ATHX BIRMINGHAM 2026,United Kingdom 🇬🇧,2026,Male,ATHX,Endurance,,,,,,,3.865KM,5.616KM,55
56,Miles Caswell & Stuart Rowlands,ATHX BIRMINGHAM 2026,United Kingdom 🇬🇧,2026,Male,ATHX,Endurance,,,,,,,4.058KM,5.409KM,56
57,Simon Loh & Keir Jones,ATHX BIRMINGHAM 2026,United Kingdom 🇬🇧,2026,Male,ATHX,Endurance,,,,,,,3.75KM,5.715KM,57
58,Daniel Turnbull & Lewis Brightmore,ATHX BIRMINGHAM 2026,United Kingdom 🇬🇧,2026,Male,ATHX,Endurance,,,,,,,3.75KM,5.71KM,58
59,Marshall Booth & Euan McKenzie Rhodes,ATHX BIRMINGHAM 2026,United Kingdom 🇬🇧,2026,Male,ATHX,Endurance,,,,,,,3.812KM,5.644KM,59
60,Ben Swain & Tom Garratt,ATHX BIRMINGHAM 2026,United Kingdom 🇬🇧,2026,Male,ATHX,Endurance,,,,,,,3.819KM,5.634KM,60
61,Luke Woodrow & Benjamin Phillip,ATHX BIRMINGHAM 2026,United Kingdom 🇬🇧,2026,Male,ATHX,Endurance,,,,,,,3.864KM,5.578KM,61
62,Stephen Baker & Jamie Lyon,ATHX BIRMINGHAM 2026,United Kingdom 🇬🇧,2026,Male,ATHX,Endurance,,,,,,,3.803KM,5.638KM,62
63,Russ Wrigley & chris templeman,ATHX BIRMINGHAM 2026,United Kingdom 🇬🇧,2026,Male,ATHX,Endurance,,,,,,,3.75KM,5.685KM,63
64,Jamie Monk & Brandon Monk,ATHX BIRMINGHAM 2026,United Kingdom 🇬🇧,2026,Male,ATHX,Endurance,,,,,,,3.75KM,5.682KM,64
65,James Nichol & Callum Monk,ATHX BIRMINGHAM 2026,United Kingdom 🇬🇧,2026,Male,ATHX,Endurance,,,,,,,4.184KM,5.24KM,65
66,Norton Rogers & Sam Dodge,ATHX BIRMINGHAM 2026,United Kingdom 🇬🇧,2026,Male,ATHX,Endurance,,,,,,,3.75KM,5.665KM,66
67,Richard Sheer & James Connolly,ATHX BIRMINGHAM 2026,United Kingdom 🇬🇧,2026,Male,ATHX,Endurance,,,,,,,3.805KM,5.592KM,67
68,Braden Eveleigh & Charlie Kidd,ATHX BIRMINGHAM 2026,United Kingdom 🇬🇧,2026,Male,ATHX,Endurance,,,,,,,4.433KM,4.959KM,68
69,Dan Campbell & Pete Reynolds,ATHX BIRMINGHAM 2026,United Kingdom 🇬🇧,2026,Male,ATHX,Endurance,,,,,,,3.956KM,5.431KM,69
70,Kevin Dadd & Simon Williams,ATHX BIRMINGHAM 2026,United Kingdom 🇬🇧,2026,Male,ATHX,Endurance,,,,,,,3.75KM,5.63KM,70
71,Eric Norman & Ben Smith,ATHX BIRMINGHAM 2026,United Kingdom 🇬🇧,2026,Male,ATHX,Endurance,,,,,,,4.265KM,5.112KM,71
72,Zaid Al-Chalabi & Loustan Droubi,ATHX BIRMINGHAM 2026,United Kingdom 🇬🇧,2026,Male,ATHX,Endurance,,,,,,,4.343KM,5.021KM,72
73,Tom Bass & Lee Bohin,ATHX BIRMINGHAM 2026,United Kingdom 🇬🇧,2026,Male,ATHX,Endurance,,,,,,,3.861KM,5.497KM,73
74,Daniel Freitas Giuseppe & Frederick Amankwa,ATHX BIRMINGHAM 2026,United Kingdom 🇬🇧,2026,Male,ATHX,Endurance,,,,,,,3.804KM,5.525KM,74
75,Tom Rosewarne & Will Odhams-good,ATHX BIRMINGHAM 2026,United Kingdom 🇬🇧,2026,Male,ATHX,Endurance,,,,,,,3.75KM,5.576KM,75
76,Leon Bell & william hodgkinson,ATHX BIRMINGHAM 2026,United Kingdom 🇬🇧,2026,Male,ATHX,Endurance,,,,,,,3.449KM,5.874KM,76
76,Marcus Cook & Niall Read,ATHX BIRMINGHAM 2026,United Kingdom 🇬🇧,2026,Male,ATHX,Endurance,,,,,,,3.936KM,5.387KM,76
78,James Palmer & Daniel Lloyd,ATHX BIRMINGHAM 2026,United Kingdom 🇬🇧,2026,Male,ATHX,Endurance,,,,,,,3.973KM,5.344KM,78
79,Parvin Boyal & James Thompson,ATHX BIRMINGHAM 2026,United Kingdom 🇬🇧,2026,Male,ATHX,Endurance,,,,,,,3.716KM,5.591KM,79
80,Tobie kottman & Glyn Loveday,ATHX BIRMINGHAM 2026,United Kingdom 🇬🇧,2026,Male,ATHX,Endurance,,,,,,,4.168KM,5.137KM,80
81,Robert Hodgkinson & Richard Hutchinson,ATHX BIRMINGHAM 2026,United Kingdom 🇬🇧,2026,Male,ATHX,Endurance,,,,,,,3.75KM,5.553KM,81
82,Ashley Adams & Alex Ewen,ATHX BIRMINGHAM 2026,United Kingdom 🇬🇧,2026,Male,ATHX,Endurance,,,,,,,4.135KM,5.164KM,82
83,Alex Cherry & Luke Cragg,ATHX BIRMINGHAM 2026,United Kingdom 🇬🇧,2026,Male,ATHX,Endurance,,,,,,,3.722KM,5.572KM,83
84,Cody Hiern & Ben Farrar,ATHX BIRMINGHAM 2026,United Kingdom 🇬🇧,2026,Male,ATHX,Endurance,,,,,,,4.18KM,5.111KM,84
84,Kieron Franklin & Lawrence Collins,ATHX BIRMINGHAM 2026,United Kingdom 🇬🇧,2026,Male,ATHX,Endurance,,,,,,,3.941KM,5.35KM,84
86,Desmond Jemwa & Ronald Olaibi,ATHX BIRMINGHAM 2026,United Kingdom 🇬🇧,2026,Male,ATHX,Endurance,,,,,,,4.17KM,5.107KM,86
87,Ryan Hall & Cameron Durrant,ATHX BIRMINGHAM 2026,United Kingdom 🇬🇧,2026,Male,ATHX,Endurance,,,,,,,3.75KM,5.515KM,87
88,Billy Wesson & Leo Hopley,ATHX BIRMINGHAM 2026,United Kingdom 🇬🇧,2026,Male,ATHX,Endurance,,,,,,,3.681KM,5.576KM,88
89,David Barry & Bashiru Alimi,ATHX BIRMINGHAM 2026,United Kingdom 🇬🇧,2026,Male,ATHX,Endurance,,,,,,,3.887KM,5.369KM,89
90,Joseph Brierley & Nick Doyle,ATHX BIRMINGHAM 2026,United Kingdom 🇬🇧,2026,Male,ATHX,Endurance,,,,,,,3.75KM,5.486KM,90
91,Jamie Mitchell & Josh Maddison,ATHX BIRMINGHAM 2026,United Kingdom 🇬🇧,2026,Male,ATHX,Endurance,,,,,,,3.943KM,5.285KM,91
92,Robin Bakewell & Ben Hargreaves,ATHX BIRMINGHAM 2026,United Kingdom 🇬🇧,2026,Male,ATHX,Endurance,,,,,,,3.75KM,5.458KM,92
92,Jonathan Price & Javier Ruiz,ATHX BIRMINGHAM 2026,United Kingdom 🇬🇧,2026,Male,ATHX,Endurance,,,,,,,3.786KM,5.422KM,92
94,Steve Mills & Ryan Ferneyhough,ATHX BIRMINGHAM 2026,United Kingdom 🇬🇧,2026,Male,ATHX,Endurance,,,,,,,4.188KM,5.019KM,94
95,Rob Westworth & George Lilleywhite,ATHX BIRMINGHAM 2026,United Kingdom 🇬🇧,2026,Male,ATHX,Endurance,,,,,,,3.896KM,5.294KM,95
95,Tom Crofts & Michael Lees,ATHX BIRMINGHAM 2026,United Kingdom 🇬🇧,2026,Male,ATHX,Endurance,,,,,,,3.75KM,5.44KM,95
97,Jamie Forman & John Smith,ATHX BIRMINGHAM 2026,United Kingdom 🇬🇧,2026,Male,ATHX,Endurance,,,,,,,3.296KM,5.889KM,97
98,Gabriel Sinnott & Rory McAuliffe,ATHX BIRMINGHAM 2026,United Kingdom 🇬🇧,2026,Male,ATHX,Endurance,,,,,,,4KM,5.184KM,98
99,Sam James & Sam Tomlinson,ATHX BIRMINGHAM 2026,United Kingdom 🇬🇧,2026,Male,ATHX,Endurance,,,,,,,3.542KM,5.637KM,99
100,Hugh Smith & Josh Henry,ATHX BIRMINGHAM 2026,United Kingdom 🇬🇧,2026,Male,ATHX,Endurance,,,,,,,3.597KM,5.58KM,100
101,Benjamin Christofelo & Jack Hill,ATHX BIRMINGHAM 2026,United Kingdom 🇬🇧,2026,Male,ATHX,Endurance,,,,,,,3.673KM,5.498KM,101
102,James Davies & Karl Webber,ATHX BIRMINGHAM 2026,United Kingdom 🇬🇧,2026,Male,ATHX,Endurance,,,,,,,3.676KM,5.492KM,102
103,Scott Davis & Harvey Willett,ATHX BIRMINGHAM 2026,United Kingdom 🇬🇧,2026,Male,ATHX,Endurance,,,,,,,3.75KM,5.399KM,103
104,Harrison Cole & Tom Elmes,ATHX BIRMINGHAM 2026,United Kingdom 🇬🇧,2026,Male,ATHX,Endurance,,,,,,,3.918KM,5.225KM,104
105,Lee Hill & Degan Hill,ATHX BIRMINGHAM 2026,United Kingdom 🇬🇧,2026,Male,ATHX,Endurance,,,,,,,3.75KM,5.383KM,105
106,Klaus Knese & Gordon Bieling,ATHX BIRMINGHAM 2026,United Kingdom 🇬🇧,2026,Male,ATHX,Endurance,,,,,,,3.75KM,5.375KM,106
107,Nicholas Wearing & Hardip Rindi,ATHX BIRMINGHAM 2026,United Kingdom 🇬🇧,2026,Male,ATHX,Endurance,,,,,,,4.137KM,4.979KM,107
108,paul witham & Rich Poulton,ATHX BIRMINGHAM 2026,United Kingdom 🇬🇧,2026,Male,ATHX,Endurance,,,,,,,3.75KM,5.364KM,108
109,Alan Macaulay & Steven Dempster,ATHX BIRMINGHAM 2026,United Kingdom 🇬🇧,2026,Male,ATHX,Endurance,,,,,,,3.548KM,5.559KM,109
110,Stuart Mackrell & James Jerram,ATHX BIRMINGHAM 2026,United Kingdom 🇬🇧,2026,Male,ATHX,Endurance,,,,,,,3.496KM,5.595KM,110
110,Luke Thorngate-Davies & Tom Morgan,ATHX BIRMINGHAM 2026,United Kingdom 🇬🇧,2026,Male,ATHX,Endurance,,,,,,,3.5KM,5.591KM,110
112,Ollie Cook & Robert Smith,ATHX BIRMINGHAM 2026,United Kingdom 🇬🇧,2026,Male,ATHX,Endurance,,,,,,,3.715KM,5.371KM,112
113,Jeremy Wade & Tomas Mitkus,ATHX BIRMINGHAM 2026,United Kingdom 🇬🇧,2026,Male,ATHX,Endurance,,,,,,,3.473KM,5.608KM,113
114,Albert Perry & Luke Burton,ATHX BIRMINGHAM 2026,United Kingdom 🇬🇧,2026,Male,ATHX,Endurance,,,,,,,4.016KM,5.061KM,114
115,Tim Ndekwe & Pete Cundall,ATHX BIRMINGHAM 2026,United Kingdom 🇬🇧,2026,Male,ATHX,Endurance,,,,,,,3.617KM,5.453KM,115
116,Jamie Williams & Carl Elliott,ATHX BIRMINGHAM 2026,United Kingdom 🇬🇧,2026,Male,ATHX,Endurance,,,,,,,3.649KM,5.415KM,116
117,Andrew HUME & Lewis Watt,ATHX BIRMINGHAM 2026,United Kingdom 🇬🇧,2026,Male,ATHX,Endurance,,,,,,,4.099KM,4.948KM,117
118,David Chambers & David whann,ATHX BIRMINGHAM 2026,United Kingdom 🇬🇧,2026,Male,ATHX,Endurance,,,,,,,3.556KM,5.487KM,118
119,Jack Cunningham & Jack Shaw,ATHX BIRMINGHAM 2026,United Kingdom 🇬🇧,2026,Male,ATHX,Endurance,,,,,,,3.75KM,5.292KM,119
119,Luke Blay & Callum Hazeldine,ATHX BIRMINGHAM 2026,United Kingdom 🇬🇧,2026,Male,ATHX,Endurance,,,,,,,3.763KM,5.279KM,119
121,Mackenzie Nash & Mike McNeill,ATHX BIRMINGHAM 2026,United Kingdom 🇬🇧,2026,Male,ATHX,Endurance,,,,,,,3.75KM,5.279KM,121
122,Ollie White & Sam Geller,ATHX BIRMINGHAM 2026,United Kingdom 🇬🇧,2026,Male,ATHX,Endurance,,,,,,,3.665KM,5.36KM,122
123,Lewis Baldwin & Rowan Cooke,ATHX BIRMINGHAM 2026,United Kingdom 🇬🇧,2026,Male,ATHX,Endurance,,,,,,,3.511KM,5.503KM,123
124,Alex Board & Jak Garland,ATHX BIRMINGHAM 2026,United Kingdom 🇬🇧,2026,Male,ATHX,Endurance,,,,,,,3.755KM,5.256KM,124
124,ollie woolls & Mike Bull,ATHX BIRMINGHAM 2026,United Kingdom 🇬🇧,2026,Male,ATHX,Endurance,,,,,,,3.59KM,5.421KM,124
126,Gareth Bottomley & Matthew Kent,ATHX BIRMINGHAM 2026,United Kingdom 🇬🇧,2026,Male,ATHX,Endurance,,,,,,,3.761KM,5.249KM,126
127,James Cullen & Ewan Day,ATHX BIRMINGHAM 2026,United Kingdom 🇬🇧,2026,Male,ATHX,Endurance,,,,,,,3.838KM,5.166KM,127
128,Samuel Crowe & Jarrod Moore,ATHX BIRMINGHAM 2026,United Kingdom 🇬🇧,2026,Male,ATHX,Endurance,,,,,,,3.76KM,5.239KM,128
129,Matt Hickman & Stew Crooks,ATHX BIRMINGHAM 2026,United Kingdom 🇬🇧,2026,Male,ATHX,Endurance,,,,,,,3.884KM,5.114KM,129
130,Liam parling & Daniel Chadwick,ATHX BIRMINGHAM 2026,United Kingdom 🇬🇧,2026,Male,ATHX,Endurance,,,,,,,3.75KM,5.247KM,130
131,Tom Bennett & Daniel Loasby,ATHX BIRMINGHAM 2026,United Kingdom 🇬🇧,2026,Male,ATHX,Endurance,,,,,,,3.391KM,5.605KM,131
132,Adam Farr & Liam Smith,ATHX BIRMINGHAM 2026,United Kingdom 🇬🇧,2026,Male,ATHX,Endurance,,,,,,,3.742KM,5.252KM,132
133,Leigh Woodwards & Paul Woolls,ATHX BIRMINGHAM 2026,United Kingdom 🇬🇧,2026,Male,ATHX,Endurance,,,,,,,3.614KM,5.378KM,133
133,Phillip Jeffery & Matt Glass,ATHX BIRMINGHAM 2026,United Kingdom 🇬🇧,2026,Male,ATHX,Endurance,,,,,,,3.696KM,5.296KM,133
135,Richard Harris & Liam Roberts,ATHX BIRMINGHAM 2026,United Kingdom 🇬🇧,2026,Male,ATHX,Endurance,,,,,,,3.725KM,5.264KM,135
136,Alex Hughes & Andy McElligott,ATHX BIRMINGHAM 2026,United Kingdom 🇬🇧,2026,Male,ATHX,Endurance,,,,,,,3.489KM,5.497KM,136
137,Callum Lewis & Liam Reardon,ATHX BIRMINGHAM 2026,United Kingdom 🇬🇧,2026,Male,ATHX,Endurance,,,,,,,3.75KM,5.232KM,137
138,Oliver Galotto & Will Kenworthy,ATHX BIRMINGHAM 2026,United Kingdom 🇬🇧,2026,Male,ATHX,Endurance,,,,,,,3.589KM,5.376KM,138
139,Christophe Dupont & Alessandro Conte,ATHX BIRMINGHAM 2026,United Kingdom 🇬🇧,2026,Male,ATHX,Endurance,,,,,,,3.782KM,5.18KM,139
140,Chris Peters & Iain Mackenzie,ATHX BIRMINGHAM 2026,United Kingdom 🇬🇧,2026,Male,ATHX,Endurance,,,,,,,3.75KM,5.203KM,140
141,Tommy Cope & Tom Walker,ATHX BIRMINGHAM 2026,United Kingdom 🇬🇧,2026,Male,ATHX,Endurance,,,,,,,3.459KM,5.489KM,141
142,Daniel Forster-Knight & Zac Turner-Thorne,ATHX BIRMINGHAM 2026,United Kingdom 🇬🇧,2026,Male,ATHX,Endurance,,,,,,,3.518KM,5.417KM,142
143,Chris Rodriguez & Lee Swinhoe,ATHX BIRMINGHAM 2026,United Kingdom 🇬🇧,2026,Male,ATHX,Endurance,,,,,,,3.634KM,5.299KM,143
144,Toby Evans & Sam Venn,ATHX BIRMINGHAM 2026,United Kingdom 🇬🇧,2026,Male,ATHX,Endurance,,,,,,,3.674KM,5.253KM,144
145,Elliott Laidlaw & George Eldridge,ATHX BIRMINGHAM 2026,United Kingdom 🇬🇧,2026,Male,ATHX,Endurance,,,,,,,3.709KM,5.205KM,145
146,John Wooding & Andy Leeding,ATHX BIRMINGHAM 2026,United Kingdom 🇬🇧,2026,Male,ATHX,Endurance,,,,,,,3.512KM,5.359KM,146
147,Andrew Rogers & George Russell,ATHX BIRMINGHAM 2026,United Kingdom 🇬🇧,2026,Male,ATHX,Endurance,,,,,,,3.458KM,5.405KM,147
148,Will Chaloner & Joseph Pickering,ATHX BIRMINGHAM 2026,United Kingdom 🇬🇧,2026,Male,ATHX,Endurance,,,,,,,3.773KM,5.085KM,148
149,Keith Garner & Gareth Roberts,ATHX BIRMINGHAM 2026,United Kingdom 🇬🇧,2026,Male,ATHX,Endurance,,,,,,,3.618KM,5.236KM,149
150,Taylor Phull & Sean Hill,ATHX BIRMINGHAM 2026,United Kingdom 🇬🇧,2026,Male,ATHX,Endurance,,,,,,,3.579KM,5.274KM,150
151,Matthew Tebb & Scott Howarth,ATHX BIRMINGHAM 2026,United Kingdom 🇬🇧,2026,Male,ATHX,Endurance,,,,,,,3.744KM,5.106KM,151
152,Mark Lynch & Dale Johnson,ATHX BIRMINGHAM 2026,United Kingdom 🇬🇧,2026,Male,ATHX,Endurance,,,,,,,3.682KM,5.165KM,152
153,James Civil & Alex Norris,ATHX BIRMINGHAM 2026,United Kingdom 🇬🇧,2026,Male,ATHX,Endurance,,,,,,,3.75KM,5.093KM,153
154,William Baisden & ifti-rahman Team,ATHX BIRMINGHAM 2026,United Kingdom 🇬🇧,2026,Male,ATHX,Endurance,,,,,,,3.56KM,5.249KM,154
155,Arun Parkash & Nev Reid,ATHX BIRMINGHAM 2026,United Kingdom 🇬🇧,2026,Male,ATHX,Endurance,,,,,,,3.424KM,5.384KM,155
156,Gary Johnson & Daniel Davies,ATHX BIRMINGHAM 2026,United Kingdom 🇬🇧,2026,Male,ATHX,Endurance,,,,,,,3.75KM,5.043KM,156
156,Jason Challis & Scott Heath,ATHX BIRMINGHAM 2026,United Kingdom 🇬🇧,2026,Male,ATHX,Endurance,,,,,,,3.753KM,5.04KM,156
158,Charles Moussay & Nathan Rautureau,ATHX BIRMINGHAM 2026,United Kingdom 🇬🇧,2026,Male,ATHX,Endurance,,,,,,,3.774KM,5.011KM,158
159,Sam Lodge & Ben Sugarman,ATHX BIRMINGHAM 2026,United Kingdom 🇬🇧,2026,Male,ATHX,Endurance,,,,,,,3.787KM,4.996KM,159
160,Jay Adams & Joshua Adams,ATHX BIRMINGHAM 2026,United Kingdom 🇬🇧,2026,Male,ATHX,Endurance,,,,,,,3.577KM,5.202KM,160
161,Jack Wickwar & Isaac Grewcock,ATHX BIRMINGHAM 2026,United Kingdom 🇬🇧,2026,Male,ATHX,Endurance,,,,,,,3.791KM,4.985KM,161
162,Darren Marshall & James Watson,ATHX BIRMINGHAM 2026,United Kingdom 🇬🇧,2026,Male,ATHX,Endurance,,,,,,,3.908KM,4.854KM,162
163,Justin Wizlcox & Jonathan Hargreaves,ATHX BIRMINGHAM 2026,United Kingdom 🇬🇧,2026,Male,ATHX,Endurance,,,,,,,3.635KM,5.121KM,163
164,harrison slater & James Dawkins,ATHX BIRMINGHAM 2026,United Kingdom 🇬🇧,2026,Male,ATHX,Endurance,,,,,,,3.5KM,5.242KM,164
165,Jamie Taylor & Jack Stevenson-Smith,ATHX BIRMINGHAM 2026,United Kingdom 🇬🇧,2026,Male,ATHX,Endurance,,,,,,,3.416KM,5.324KM,165
166,carl cole & Gareth Lewis,ATHX BIRMINGHAM 2026,United Kingdom 🇬🇧,2026,Male,ATHX,Endurance,,,,,,,3.549KM,5.19KM,166
167,Sam Booth & Matthew Carmichael,ATHX BIRMINGHAM 2026,United Kingdom 🇬🇧,2026,Male,ATHX,Endurance,,,,,,,3.486KM,5.251KM,167
168,George Bradley & Dan Farr,ATHX BIRMINGHAM 2026,United Kingdom 🇬🇧,2026,Male,ATHX,Endurance,,,,,,,3.342KM,5.389KM,168
169,George Gerrard & Richard Hill,ATHX BIRMINGHAM 2026,United Kingdom 🇬🇧,2026,Male,ATHX,Endurance,,,,,,,3.743KM,4.986KM,169
170,Steve Harrhy & Kevin Messenger,ATHX BIRMINGHAM 2026,United Kingdom 🇬🇧,2026,Male,ATHX,Endurance,,,,,,,3.5KM,5.223KM,170
171,Tim Grubb & Rupe Manning,ATHX BIRMINGHAM 2026,United Kingdom 🇬🇧,2026,Male,ATHX,Endurance,,,,,,,3.388KM,5.316KM,171
172,Richard Joomun & Nathan Pleace,ATHX BIRMINGHAM 2026,United Kingdom 🇬🇧,2026,Male,ATHX,Endurance,,,,,,,3.732KM,4.969KM,172
173,Ben Shepheard & michael sandercock,ATHX BIRMINGHAM 2026,United Kingdom 🇬🇧,2026,Male,ATHX,Endurance,,,,,,,3.33KM,5.366KM,173
174,Cai Oram & Fin Oram,ATHX BIRMINGHAM 2026,United Kingdom 🇬🇧,2026,Male,ATHX,Endurance,,,,,,,3.206KM,5.487KM,174
175,Leo Dudin & Robert Carlin,ATHX BIRMINGHAM 2026,United Kingdom 🇬🇧,2026,Male,ATHX,Endurance,,,,,,,3.191KM,5.5KM,175
176,Sam Boswell & Nick Clark,ATHX BIRMINGHAM 2026,United Kingdom 🇬🇧,2026,Male,ATHX,Endurance,,,,,,,3.5KM,5.182KM,176
177,Anthony Smyth & Joe Missin,ATHX BIRMINGHAM 2026,United Kingdom 🇬🇧,2026,Male,ATHX,Endurance,,,,,,,3.75KM,4.918KM,177
178,Mark timms & Jason Lewis,ATHX BIRMINGHAM 2026,United Kingdom 🇬🇧,2026,Male,ATHX,Endurance,,,,,,,3.594KM,5.067KM,178
179,Jake Woolner & Lee Thurlow,ATHX BIRMINGHAM 2026,United Kingdom 🇬🇧,2026,Male,ATHX,Endurance,,,,,,,3.545KM,5.111KM,179
180,James Dovey & Andrew Whitehouse,ATHX BIRMINGHAM 2026,United Kingdom 🇬🇧,2026,Male,ATHX,Endurance,,,,,,,3.551KM,5.102KM,180
181,Tom Lorimer & James Ledwich,ATHX BIRMINGHAM 2026,United Kingdom 🇬🇧,2026,Male,ATHX,Endurance,,,,,,,3.658KM,4.987KM,181
182,Dean Tennant & Ali Khalili,ATHX BIRMINGHAM 2026,United Kingdom 🇬🇧,2026,Male,ATHX,Endurance,,,,,,,3.433KM,5.186KM,182
183,Callum Gee & Joshua Coe,ATHX BIRMINGHAM 2026,United Kingdom 🇬🇧,2026,Male,ATHX,Endurance,,,,,,,3.397KM,5.204KM,183
184,Samuel Fuller & MARK MCGEE,ATHX BIRMINGHAM 2026,United Kingdom 🇬🇧,2026,Male,ATHX,Endurance,,,,,,,3.25KM,5.345KM,184
185,Charlie Barwis & Mike Hart,ATHX BIRMINGHAM 2026,United Kingdom 🇬🇧,2026,Male,ATHX,Endurance,,,,,,,3.644KM,4.949KM,185
186,Thomas Ewart & Adam Saunderson,ATHX BIRMINGHAM 2026,United Kingdom 🇬🇧,2026,Male,ATHX,Endurance,,,,,,,3.282KM,5.299KM,186
187,Ant Morlandez & John Parker,ATHX BIRMINGHAM 2026,United Kingdom 🇬🇧,2026,Male,ATHX,Endurance,,,,,,,3.356KM,5.223KM,187
188,Luke Moulding & James Taylor,ATHX BIRMINGHAM 2026,United Kingdom 🇬🇧,2026,Male,ATHX,Endurance,,,,,,,3.192KM,5.381KM,188
188,Kiran Govind & Deepak Sridhar Hegde,ATHX BIRMINGHAM 2026,United Kingdom 🇬🇧,2026,Male,ATHX,Endurance,,,,,,,3.488KM,5.085KM,188
190,Luke Offa & Jacob Iveson,ATHX BIRMINGHAM 2026,United Kingdom 🇬🇧,2026,Male,ATHX,Endurance,,,,,,,3.666KM,4.906KM,190
191,Dan Keen & Tomas Marsh,ATHX BIRMINGHAM 2026,United Kingdom 🇬🇧,2026,Male,ATHX,Endurance,,,,,,,3.149KM,5.411KM,191
192,Josh Lynham & Antonio Ghansah,ATHX BIRMINGHAM 2026,United Kingdom 🇬🇧,2026,Male,ATHX,Endurance,,,,,,,3.615KM,4.938KM,192
192,Jack Falcus & Richard Meiklereid,ATHX BIRMINGHAM 2026,United Kingdom 🇬🇧,2026,Male,ATHX,Endurance,,,,,,,3.543KM,5.01KM,192
194,Sean Cole & Steve Pickering,ATHX BIRMINGHAM 2026,United Kingdom 🇬🇧,2026,Male,ATHX,Endurance,,,,,,,3.33KM,5.216KM,194
195,Chris James & Ben Crudgington,ATHX BIRMINGHAM 2026,United Kingdom 🇬🇧,2026,Male,ATHX,Endurance,,,,,,,3.327KM,5.21KM,195
196,Dom Esposito & Matthew Williamson,ATHX BIRMINGHAM 2026,United Kingdom 🇬🇧,2026,Male,ATHX,Endurance,,,,,,,3.568KM,4.967KM,196
197,Justus Eckert & Maximilian Schoeneich,ATHX BIRMINGHAM 2026,United Kingdom 🇬🇧,2026,Male,ATHX,Endurance,,,,,,,3.029KM,5.49KM,197
198,PAUL Osorio & Gareth Collins,ATHX BIRMINGHAM 2026,United Kingdom 🇬🇧,2026,Male,ATHX,Endurance,,,,,,,3.401KM,5.104KM,198
199,Stuart Pannell & Rob Brown,ATHX BIRMINGHAM 2026,United Kingdom 🇬🇧,2026,Male,ATHX,Endurance,,,,,,,3.5KM,4.985KM,199
199,Henry Cordall & Liam Hancock,ATHX BIRMINGHAM 2026,United Kingdom 🇬🇧,2026,Male,ATHX,Endurance,,,,,,,3.386KM,5.099KM,199
201,Mike Carroll & Ian Eastwood,ATHX BIRMINGHAM 2026,United Kingdom 🇬🇧,2026,Male,ATHX,Endurance,,,,,,,3.306KM,5.162KM,201
202,peter white & Leon Holdridge,ATHX BIRMINGHAM 2026,United Kingdom 🇬🇧,2026,Male,ATHX,Endurance,,,,,,,3.201KM,5.24KM,202
203,Paul Pugh & Nuno Cachada,ATHX BIRMINGHAM 2026,United Kingdom 🇬🇧,2026,Male,ATHX,Endurance,,,,,,,3.438KM,5.001KM,203
204,Ian Bull & David Bull,ATHX BIRMINGHAM 2026,United Kingdom 🇬🇧,2026,Male,ATHX,Endurance,,,,,,,3.371KM,5.042KM,204
205,Toby Godrich & Paul Baber,ATHX BIRMINGHAM 2026,United Kingdom 🇬🇧,2026,Male,ATHX,Endurance,,,,,,,3.265KM,5.136KM,205
206,Stephen Dodge & Chris Poole,ATHX BIRMINGHAM 2026,United Kingdom 🇬🇧,2026,Male,ATHX,Endurance,,,,,,,3.178KM,5.222KM,206
207,Mark Innes & Alan Elvin,ATHX BIRMINGHAM 2026,United Kingdom 🇬🇧,2026,Male,ATHX,Endurance,,,,,,,3KM,5.38KM,207
208,Rob Luff & Alan Harrison,ATHX BIRMINGHAM 2026,United Kingdom 🇬🇧,2026,Male,ATHX,Endurance,,,,,,,3.431KM,4.933KM,208
209,Matthew Hughes & Louis Keightley-Smith,ATHX BIRMINGHAM 2026,United Kingdom 🇬🇧,2026,Male,ATHX,Endurance,,,,,,,3KM,5.348KM,209
210,Alistair  Maag & martyn grocott,ATHX BIRMINGHAM 2026,United Kingdom 🇬🇧,2026,Male,ATHX,Endurance,,,,,,,3.3KM,5.041KM,210
211,Scott Moore & Noel Mooney,ATHX BIRMINGHAM 2026,United Kingdom 🇬🇧,2026,Male,ATHX,Endurance,,,,,,,3.504KM,4.824KM,211
212,Marcus White & Greg Curzons,ATHX BIRMINGHAM 2026,United Kingdom 🇬🇧,2026,Male,ATHX,Endurance,,,,,,,3.289KM,5.015KM,212
213,George Berry & Henri Berry,ATHX BIRMINGHAM 2026,United Kingdom 🇬🇧,2026,Male,ATHX,Endurance,,,,,,,3.507KM,4.791KM,213
214,Brandon White & Gareth Coller,ATHX BIRMINGHAM 2026,United Kingdom 🇬🇧,2026,Male,ATHX,Endurance,,,,,,,3.286KM,4.993KM,214
215,Tim Reid & Chris Butt,ATHX BIRMINGHAM 2026,United Kingdom 🇬🇧,2026,Male,ATHX,Endurance,,,,,,,3.205KM,5.064KM,215
216,Matt Viall & Martin Febery,ATHX BIRMINGHAM 2026,United Kingdom 🇬🇧,2026,Male,ATHX,Endurance,,,,,,,3.318KM,4.948KM,216
217,Will Hume & Owen Broadway,ATHX BIRMINGHAM 2026,United Kingdom 🇬🇧,2026,Male,ATHX,Endurance,,,,,,,3.104KM,5.155KM,217
218,Jamie Yates & Andrew Lingard,ATHX BIRMINGHAM 2026,United Kingdom 🇬🇧,2026,Male,ATHX,Endurance,,,,,,,3.117KM,5.13KM,218
219,Leon Chee-A-Tow & Aaron Elliott,ATHX BIRMINGHAM 2026,United Kingdom 🇬🇧,2026,Male,ATHX,Endurance,,,,,,,3.476KM,4.765KM,219
220,Rhys Kilner & John Gibbins,ATHX BIRMINGHAM 2026,United Kingdom 🇬🇧,2026,Male,ATHX,Endurance,,,,,,,3.603KM,4.623KM,220
221,Craig Cooper & Lee Whitfield,ATHX BIRMINGHAM 2026,United Kingdom 🇬🇧,2026,Male,ATHX,Endurance,,,,,,,3.298KM,4.925KM,221
222,Matt De ferry & Brad Chalk,ATHX BIRMINGHAM 2026,United Kingdom 🇬🇧,2026,Male,ATHX,Endurance,,,,,,,3.621KM,4.595KM,222
223,Darren Miller & Tom Greaney,ATHX BIRMINGHAM 2026,United Kingdom 🇬🇧,2026,Male,ATHX,Endurance,,,,,,,3.359KM,4.848KM,223
224,Sam Dodson & Matthew Sallis,ATHX BIRMINGHAM 2026,United Kingdom 🇬🇧,2026,Male,ATHX,Endurance,,,,,,,3.336KM,4.84KM,224
225,Chris Mager & Ed Hothersall,ATHX BIRMINGHAM 2026,United Kingdom 🇬🇧,2026,Male,ATHX,Endurance,,,,,,,3.036KM,5.139KM,225
226,Jason Jones & Dale Vaughan,ATHX BIRMINGHAM 2026,United Kingdom 🇬🇧,2026,Male,ATHX,Endurance,,,,,,,3.205KM,4.958KM,226
227,Aaron Wornes & Ryan Underwood,ATHX BIRMINGHAM 2026,United Kingdom 🇬🇧,2026,Male,ATHX,Endurance,,,,,,,3.389KM,4.746KM,227
228,Lewis Egal & Paul Tampsett,ATHX BIRMINGHAM 2026,United Kingdom 🇬🇧,2026,Male,ATHX,Endurance,,,,,,,3.712KM,4.418KM,228
229,Ayomide Schwan & Lovis Amoateng,ATHX BIRMINGHAM 2026,United Kingdom 🇬🇧,2026,Male,ATHX,Endurance,,,,,,,3.542KM,4.581KM,229
230,Ben Blackhurst & Brandan blackhurst,ATHX BIRMINGHAM 2026,United Kingdom 🇬🇧,2026,Male,ATHX,Endurance,,,,,,,3KM,5.109KM,230
231,Justin Gilbert & Tomasz Blaszczyk,ATHX BIRMINGHAM 2026,United Kingdom 🇬🇧,2026,Male,ATHX,Endurance,,,,,,,3.296KM,4.799KM,231
232,Paul Simmons & James Wyatt,ATHX BIRMINGHAM 2026,United Kingdom 🇬🇧,2026,Male,ATHX,Endurance,,,,,,,3.55KM,4.472KM,232
233,Jon Cusselle & Andrew Williams,ATHX BIRMINGHAM 2026,United Kingdom 🇬🇧,2026,Male,ATHX,Endurance,,,,,,,3KM,5.001KM,233
234,Wilson Lua & Amit Shah,ATHX BIRMINGHAM 2026,United Kingdom 🇬🇧,2026,Male,ATHX,Endurance,,,,,,,3.164KM,4.824KM,234
235,Keith Noble & Duncan Harris,ATHX BIRMINGHAM 2026,United Kingdom 🇬🇧,2026,Male,ATHX,Endurance,,,,,,,3.076KM,4.907KM,235
236,Samir Amin & Darryl Fordham,ATHX BIRMINGHAM 2026,United Kingdom 🇬🇧,2026,Male,ATHX,Endurance,,,,,,,3.105KM,4.858KM,236
237,Jake Berry & Tom Berry,ATHX BIRMINGHAM 2026,United Kingdom 🇬🇧,2026,Male,ATHX,Endurance,,,,,,,3KM,4.954KM,237
238,Steffan Evans & Phil Jones,ATHX BIRMINGHAM 2026,United Kingdom 🇬🇧,2026,Male,ATHX,Endurance,,,,,,,2.513KM,5.436KM,238
239,Rob Unsworth & Tom Unsworth,ATHX BIRMINGHAM 2026,United Kingdom 🇬🇧,2026,Male,ATHX,Endurance,,,,,,,3.273KM,4.665KM,239
240,Jacob Symondson & Ian Henworth,ATHX BIRMINGHAM 2026,United Kingdom 🇬🇧,2026,Male,ATHX,Endurance,,,,,,,3.284KM,4.608KM,240
241,Adam White & Anthony White,ATHX BIRMINGHAM 2026,United Kingdom 🇬🇧,2026,Male,ATHX,Endurance,,,,,,,3.191KM,4.699KM,241
242,Sam Breacker & Tom Morley,ATHX BIRMINGHAM 2026,United Kingdom 🇬🇧,2026,Male,ATHX,Endurance,,,,,,,3.081KM,4.796KM,242
243,Ben Lavender & Adam Fitzpatrick,ATHX BIRMINGHAM 2026,United Kingdom 🇬🇧,2026,Male,ATHX,Endurance,,,,,,,2.978KM,4.867KM,243
244,Jack Sewell & William Sewell,ATHX BIRMINGHAM 2026,United Kingdom 🇬🇧,2026,Male,ATHX,Endurance,,,,,,,2.888KM,4.902KM,244
245,Jonathan Kershaw & Gordon Hillis,ATHX BIRMINGHAM 2026,United Kingdom 🇬🇧,2026,Male,ATHX,Endurance,,,,,,,3.154KM,4.629KM,245
246,Tony Watson & Andrew Smith,ATHX BIRMINGHAM 2026,United Kingdom 🇬🇧,2026,Male,ATHX,Endurance,,,,,,,2.589KM,5.169KM,246
247,Jag Banwait & Alastair Whitfield,ATHX BIRMINGHAM 2026,United Kingdom 🇬🇧,2026,Male,ATHX,Endurance,,,,,,,3KM,4.716KM,247
248,Martyn Jones & Jude Ed,ATHX BIRMINGHAM 2026,United Kingdom 🇬🇧,2026,Male,ATHX,Endurance,,,,,,,3.534KM,4.082KM,248
249,David Wallis & Miles De Clifford,ATHX BIRMINGHAM 2026,United Kingdom 🇬🇧,2026,Male,ATHX,Endurance,,,,,,,2.848KM,4.634KM,249
250,Ash Sharma & Thom Coupar-Evans,ATHX BIRMINGHAM 2026,United Kingdom 🇬🇧,2026,Male,ATHX,Endurance,,,,,,,2.871KM,4.561KM,250
251,Andy Lobley & Russ Acomb,ATHX BIRMINGHAM 2026,United Kingdom 🇬🇧,2026,Male,ATHX,Endurance,,,,,,,2.875KM,4.396KM,251
252,Carl Hackett & Peter Mote,ATHX BIRMINGHAM 2026,United Kingdom 🇬🇧,2026,Male,ATHX,Endurance,,,,,,,2.775KM,4.432KM,252
1,Siobhan Hudson & Hannah Hudson,ATHX BIRMINGHAM 2026,United Kingdom 🇬🇧,2026,Female,ATHX Lite,Strength,,,,93KG,195KG,236KG,,,1
2,Ella Joseph & Shanice Birchall,ATHX BIRMINGHAM 2026,United Kingdom 🇬🇧,2026,Female,ATHX Lite,Strength,,,,80KG,195KG,210KG,,,2
3,Alex Wilkinson & Leanne Jones,ATHX BIRMINGHAM 2026,United Kingdom 🇬🇧,2026,Female,ATHX Lite,Strength,,,,73KG,178KG,230KG,,,3
4,Abbie Windebank & Lauren Cain,ATHX BIRMINGHAM 2026,United Kingdom 🇬🇧,2026,Female,ATHX Lite,Strength,,,,76KG,205KG,185KG,,,4
5,Jessica Thraves & Harshini Solanki,ATHX BIRMINGHAM 2026,United Kingdom 🇬🇧,2026,Female,ATHX Lite,Strength,,,,80KG,190KG,190KG,,,5
6,Emma Bassey & Caprice Fox,ATHX BIRMINGHAM 2026,United Kingdom 🇬🇧,2026,Female,ATHX Lite,Strength,,,,73KG,170KG,200KG,,,6
7,Alice Rayner & Stephanie Smith,ATHX BIRMINGHAM 2026,United Kingdom 🇬🇧,2026,Female,ATHX Lite,Strength,,,,78KG,170KG,193KG,,,7
8,Anna Paul & Jessica Dickinson,ATHX BIRMINGHAM 2026,United Kingdom 🇬🇧,2026,Female,ATHX Lite,Strength,,,,78KG,155KG,200KG,,,8
9,Tara Williams & Emily Williams,ATHX BIRMINGHAM 2026,United Kingdom 🇬🇧,2026,Female,ATHX Lite,Strength,,,,83KG,160KG,188KG,,,9
10,mollie tate & CHELSEY Chapman,ATHX BIRMINGHAM 2026,United Kingdom 🇬🇧,2026,Female,ATHX Lite,Strength,,,,80KG,160KG,190KG,,,10
10,Sue Davis & Rose Piper,ATHX BIRMINGHAM 2026,United Kingdom 🇬🇧,2026,Female,ATHX Lite,Strength,,,,75KG,140KG,215KG,,,10
12,Lisa Blakeman & Charlotte Stableford,ATHX BIRMINGHAM 2026,United Kingdom 🇬🇧,2026,Female,ATHX Lite,Strength,,,,80KG,155KG,190KG,,,12
13,Joey Lin & Farah Chiu,ATHX BIRMINGHAM 2026,United Kingdom 🇬🇧,2026,Female,ATHX Lite,Strength,,,,63KG,163KG,196KG,,,13
14,Nadeané Mcdonald & Amy Wyatt-Bennett,ATHX BIRMINGHAM 2026,United Kingdom 🇬🇧,2026,Female,ATHX Lite,Strength,,,,85KG,165KG,170KG,,,14
15,Michaela Campbell & Melanie Brooke,ATHX BIRMINGHAM 2026,United Kingdom 🇬🇧,2026,Female,ATHX Lite,Strength,,,,75KG,130KG,210KG,,,15
16,Jackie Mccoy & Courtney Brand,ATHX BIRMINGHAM 2026,United Kingdom 🇬🇧,2026,Female,ATHX Lite,Strength,,,,78KG,145KG,185KG,,,16
17,Sophie Mee & SARAH Preston,ATHX BIRMINGHAM 2026,United Kingdom 🇬🇧,2026,Female,ATHX Lite,Strength,,,,73KG,150KG,183KG,,,17
17,Francesca Monk & Donna Jackson,ATHX BIRMINGHAM 2026,United Kingdom 🇬🇧,2026,Female,ATHX Lite,Strength,,,,76KG,145KG,185KG,,,17
19,Leanne Trimble & Abby Adams,ATHX BIRMINGHAM 2026,United Kingdom 🇬🇧,2026,Female,ATHX Lite,Strength,,,,75KG,150KG,180KG,,,19
20,Katie Richards & kellywarwick87 Team,ATHX BIRMINGHAM 2026,United Kingdom 🇬🇧,2026,Female,ATHX Lite,Strength,,,,66KG,145KG,190KG,,,20
21,Sian Wigington & Holly Gibbs,ATHX BIRMINGHAM 2026,United Kingdom 🇬🇧,2026,Female,ATHX Lite,Strength,,,,70KG,130KG,200KG,,,21
22,Cameron Booth & Lauren Whitehead,ATHX BIRMINGHAM 2026,United Kingdom 🇬🇧,2026,Female,ATHX Lite,Strength,,,,73KG,150KG,175KG,,,22
23,Mercedes Britton & Channelle Houston,ATHX BIRMINGHAM 2026,United Kingdom 🇬🇧,2026,Female,ATHX Lite,Strength,,,,71KG,145KG,180KG,,,23
24,Leia Leahy & Hollie Baker,ATHX BIRMINGHAM 2026,United Kingdom 🇬🇧,2026,Female,ATHX Lite,Strength,,,,65KG,135KG,193KG,,,24
25,kaitlyn coles & Misha Staples,ATHX BIRMINGHAM 2026,United Kingdom 🇬🇧,2026,Female,ATHX Lite,Strength,,,,71KG,150KG,170KG,,,25
26,Krithika Dawett & Jessica Barnes,ATHX BIRMINGHAM 2026,United Kingdom 🇬🇧,2026,Female,ATHX Lite,Strength,,,,70KG,123KG,195KG,,,26
26,Sarah Frewin & Rachel Liddicott,ATHX BIRMINGHAM 2026,United Kingdom 🇬🇧,2026,Female,ATHX Lite,Strength,,,,63KG,135KG,190KG,,,26
26,Denise Bennett & Sue Wedgbury,ATHX BIRMINGHAM 2026,United Kingdom 🇬🇧,2026,Female,ATHX Lite,Strength,,,,73KG,155KG,160KG,,,26
29,philippa blackburn & Sian Edgell,ATHX BIRMINGHAM 2026,United Kingdom 🇬🇧,2026,Female,ATHX Lite,Strength,,,,65KG,120KG,198KG,,,29
30,Sarah Savaria & Lucy Burden-Ince,ATHX BIRMINGHAM 2026,United Kingdom 🇬🇧,2026,Female,ATHX Lite,Strength,,,,68KG,136KG,175KG,,,30
31,Holly Johnson & Jess Miller,ATHX BIRMINGHAM 2026,United Kingdom 🇬🇧,2026,Female,ATHX Lite,Strength,,,,70KG,140KG,160KG,,,31
32,Dawn Boon & Emma Odom,ATHX BIRMINGHAM 2026,United Kingdom 🇬🇧,2026,Female,ATHX Lite,Strength,,,,63KG,123KG,183KG,,,32
33,Emma Dadford & Georgia Breacher,ATHX BIRMINGHAM 2026,United Kingdom 🇬🇧,2026,Female,ATHX Lite,Strength,,,,66KG,138KG,160KG,,,33
34,Wendy Grace & Jessie Bradley,ATHX BIRMINGHAM 2026,United Kingdom 🇬🇧,2026,Female,ATHX Lite,Strength,,,,68KG,130KG,165KG,,,34
34,Jessica Smith & Karien Read,ATHX BIRMINGHAM 2026,United Kingdom 🇬🇧,2026,Female,ATHX Lite,Strength,,,,58KG,125KG,180KG,,,34
36,Ivana Babicova & Zdenka Babicova,ATHX BIRMINGHAM 2026,United Kingdom 🇬🇧,2026,Female,ATHX Lite,Strength,,,,63KG,138KG,160KG,,,36
36,Trish Walker & Katie Stammers,ATHX BIRMINGHAM 2026,United Kingdom 🇬🇧,2026,Female,ATHX Lite,Strength,,,,73KG,133KG,155KG,,,36
38,Paige Reed & Jade Gubb,ATHX BIRMINGHAM 2026,United Kingdom 🇬🇧,2026,Female,ATHX Lite,Strength,,,,60KG,125KG,175KG,,,38
39,Nasim Akhtar & Melodie H Gonzalez,ATHX BIRMINGHAM 2026,United Kingdom 🇬🇧,2026,Female,ATHX Lite,Strength,,,,61KG,130KG,166KG,,,39
40,Rhian Burrell & Imogen Bennett,ATHX BIRMINGHAM 2026,United Kingdom 🇬🇧,2026,Female,ATHX Lite,Strength,,,,63KG,133KG,160KG,,,40
40,Sian Thomas & Sarah Sullivan,ATHX BIRMINGHAM 2026,United Kingdom 🇬🇧,2026,Female,ATHX Lite,Strength,,,,58KG,118KG,180KG,,,40
42,Ayisha Ajikobi & Onika Griffith-Elliott,ATHX BIRMINGHAM 2026,United Kingdom 🇬🇧,2026,Female,ATHX Lite,Strength,,,,65KG,120KG,170KG,,,42
43,Jane Borton & Pamela Arnold,ATHX BIRMINGHAM 2026,United Kingdom 🇬🇧,2026,Female,ATHX Lite,Strength,,,,66KG,115KG,170KG,,,43
44,Laura Froggatt & Angela Tooley,ATHX BIRMINGHAM 2026,United Kingdom 🇬🇧,2026,Female,ATHX Lite,Strength,,,,63KG,110KG,175KG,,,44
44,Sophie Spencer & Jess Little,ATHX BIRMINGHAM 2026,United Kingdom 🇬🇧,2026,Female,ATHX Lite,Strength,,,,68KG,120KG,160KG,,,44
46,Lisa Pringle & Amy Killick,ATHX BIRMINGHAM 2026,United Kingdom 🇬🇧,2026,Female,ATHX Lite,Strength,,,,71KG,110KG,165KG,,,46
47,Emma Coombes & Vicci Lamb,ATHX BIRMINGHAM 2026,United Kingdom 🇬🇧,2026,Female,ATHX Lite,Strength,,,,60KG,110KG,175KG,,,47
48,Angela Gilchrist & Sally Cross,ATHX BIRMINGHAM 2026,United Kingdom 🇬🇧,2026,Female,ATHX Lite,Strength,,,,70KG,118KG,155KG,,,48
48,Rachel Waterman & Melanie Keen,ATHX BIRMINGHAM 2026,United Kingdom 🇬🇧,2026,Female,ATHX Lite,Strength,,,,63KG,115KG,165KG,,,48
50,Beth Tranter & Sophie Tranter,ATHX BIRMINGHAM 2026,United Kingdom 🇬🇧,2026,Female,ATHX Lite,Strength,,,,70KG,115KG,155KG,,,50
50,Jaz Pugh & Liv Jones,ATHX BIRMINGHAM 2026,United Kingdom 🇬🇧,2026,Female,ATHX Lite,Strength,,,,65KG,110KG,165KG,,,50
52,Sophie Medland & Caitlin Wagstaffe,ATHX BIRMINGHAM 2026,United Kingdom 🇬🇧,2026,Female,ATHX Lite,Strength,,,,58KG,130KG,150KG,,,52
52,Ellena Bailey & Kezia Cottrell,ATHX BIRMINGHAM 2026,United Kingdom 🇬🇧,2026,Female,ATHX Lite,Strength,,,,63KG,115KG,160KG,,,52
54,Sarah Hoosdally & Maisy Ball,ATHX BIRMINGHAM 2026,United Kingdom 🇬🇧,2026,Female,ATHX Lite,Strength,,,,66KG,115KG,155KG,,,54
55,Pia Jarvis & Sally Powell,ATHX BIRMINGHAM 2026,United Kingdom 🇬🇧,2026,Female,ATHX Lite,Strength,,,,63KG,115KG,155KG,,,55
55,Livi Hunter & Becca Thomas,ATHX BIRMINGHAM 2026,United Kingdom 🇬🇧,2026,Female,ATHX Lite,Strength,,,,63KG,120KG,150KG,,,55
57,Rebecca Campbell & Louise Campbell,ATHX BIRMINGHAM 2026,United Kingdom 🇬🇧,2026,Female,ATHX Lite,Strength,,,,60KG,125KG,146KG,,,57
58,Rosie Beckett & Kirsty Purdew,ATHX BIRMINGHAM 2026,United Kingdom 🇬🇧,2026,Female,ATHX Lite,Strength,,,,60KG,110KG,160KG,,,58
59,Ruby Maxwell & Karon Maxwell,ATHX BIRMINGHAM 2026,United Kingdom 🇬🇧,2026,Female,ATHX Lite,Strength,,,,73KG,115KG,140KG,,,59
59,Kelly Catanzaro & Cindy Johnson,ATHX BIRMINGHAM 2026,United Kingdom 🇬🇧,2026,Female,ATHX Lite,Strength,,,,63KG,115KG,150KG,,,59
59,Carole Waters & Sarah Ross,ATHX BIRMINGHAM 2026,United Kingdom 🇬🇧,2026,Female,ATHX Lite,Strength,,,,58KG,100KG,170KG,,,59
59,Dana Lukic & Tiffany Tebbutt,ATHX BIRMINGHAM 2026,United Kingdom 🇬🇧,2026,Female,ATHX Lite,Strength,,,,63KG,110KG,155KG,,,59
63,Tammy Holmes & Stephanie Meadows,ATHX BIRMINGHAM 2026,United Kingdom 🇬🇧,2026,Female,ATHX Lite,Strength,,,,60KG,105KG,160KG,,,63
63,Sharon Elms & Amanda Connolly,ATHX BIRMINGHAM 2026,United Kingdom 🇬🇧,2026,Female,ATHX Lite,Strength,,,,65KG,100KG,160KG,,,63
65,Martha Skillern & Cecily Fahey,ATHX BIRMINGHAM 2026,United Kingdom 🇬🇧,2026,Female,ATHX Lite,Strength,,,,56KG,110KG,158KG,,,65
65,Karen Lorenzo & Louise Mitchell,ATHX BIRMINGHAM 2026,United Kingdom 🇬🇧,2026,Female,ATHX Lite,Strength,,,,80KG,86KG,158KG,,,65
65,Amanda Perry & Hannah Mcgovern,ATHX BIRMINGHAM 2026,United Kingdom 🇬🇧,2026,Female,ATHX Lite,Strength,,,,58KG,113KG,153KG,,,65
68,Vicky Lewis & Clare Glinski-Wignall,ATHX BIRMINGHAM 2026,United Kingdom 🇬🇧,2026,Female,ATHX Lite,Strength,,,,58KG,100KG,165KG,,,68
69,Lucie Wagstaff & Kim Rees,ATHX BIRMINGHAM 2026,United Kingdom 🇬🇧,2026,Female,ATHX Lite,Strength,,,,48KG,113KG,156KG,,,69
70,Layla Woollard & Anna Margetson,ATHX BIRMINGHAM 2026,United Kingdom 🇬🇧,2026,Female,ATHX Lite,Strength,,,,60KG,125KG,130KG,,,70
71,Sonia Tutt & Clara Gawley,ATHX BIRMINGHAM 2026,United Kingdom 🇬🇧,2026,Female,ATHX Lite,Strength,,,,63KG,105KG,145KG,,,71
71,Rachel Caplan & Georgia Frampton,ATHX BIRMINGHAM 2026,United Kingdom 🇬🇧,2026,Female,ATHX Lite,Strength,,,,58KG,100KG,155KG,,,71
71,Lizzie Corbett & Anna Jaines,ATHX BIRMINGHAM 2026,United Kingdom 🇬🇧,2026,Female,ATHX Lite,Strength,,,,58KG,100KG,155KG,,,71
74,Julie Fox & Becky Lyons,ATHX BIRMINGHAM 2026,United Kingdom 🇬🇧,2026,Female,ATHX Lite,Strength,,,,53KG,103KG,145KG,,,74
74,Laura Marsh & Sharon Buckingham,ATHX BIRMINGHAM 2026,United Kingdom 🇬🇧,2026,Female,ATHX Lite,Strength,,,,51KG,88KG,162KG,,,74
76,Alicia Parker-Ennis & Hannah Randall,ATHX BIRMINGHAM 2026,United Kingdom 🇬🇧,2026,Female,ATHX Lite,Strength,,,,61KG,85KG,150KG,,,76
77,Sharon Hunt & Naomi Herrick,ATHX BIRMINGHAM 2026,United Kingdom 🇬🇧,2026,Female,ATHX Lite,Strength,,,,58KG,103KG,130KG,,,77
78,Margaret Ndiritu & Emma Grafton,ATHX BIRMINGHAM 2026,United Kingdom 🇬🇧,2026,Female,ATHX Lite,Strength,,,,55KG,90KG,140KG,,,78
79,Zoe Churchill & natasha churchill,ATHX BIRMINGHAM 2026,United Kingdom 🇬🇧,2026,Female,ATHX Lite,Strength,,,,53KG,85KG,140KG,,,79
80,Rachna Amin & Shirina Davey,ATHX BIRMINGHAM 2026,United Kingdom 🇬🇧,2026,Female,ATHX Lite,Strength,,,,53KG,80KG,136KG,,,80
81,Janet King & Susan Sainsbury,ATHX BIRMINGHAM 2026,United Kingdom 🇬🇧,2026,Female,ATHX Lite,Strength,,,,30KG,93KG,145KG,,,81
82,Gemma Broughton & Annjanet Mckerral,ATHX BIRMINGHAM 2026,United Kingdom 🇬🇧,2026,Female,ATHX Lite,Strength,,,,61KG,93KG,113KG,,,82
83,Nicola Smith & melissa green,ATHX BIRMINGHAM 2026,United Kingdom 🇬🇧,2026,Female,ATHX Lite,Strength,,,,58KG,85KG,120KG,,,83
84,Katie Heer & Shevonne Blair,ATHX BIRMINGHAM 2026,United Kingdom 🇬🇧,2026,Female,ATHX Lite,Strength,,,,48KG,80KG,115KG,,,84
85,Rebecca Harwood & Yoland Johnson,ATHX BIRMINGHAM 2026,United Kingdom 🇬🇧,2026,Female,ATHX Lite,Strength,,,,43KG,70KG,110KG,,,85
1,Holly Foster & Fern Gardner,ATHX BIRMINGHAM 2026,United Kingdom 🇬🇧,2026,Female,ATHX Pro,Endurance,,,,,,,4.617KM,5.087KM,1
2,Alice Hardy & Hannah Brown,ATHX BIRMINGHAM 2026,United Kingdom 🇬🇧,2026,Female,ATHX Pro,Endurance,,,,,,,4.037KM,5.221KM,2
3,Becki Watkins & Sophie Grosvenor,ATHX BIRMINGHAM 2026,United Kingdom 🇬🇧,2026,Female,ATHX Pro,Endurance,,,,,,,4KM,5.206KM,3
4,Chelsea Callaghan & Chloe White,ATHX BIRMINGHAM 2026,United Kingdom 🇬🇧,2026,Female,ATHX Pro,Endurance,,,,,,,3.952KM,5.163KM,4
5,Hollie John & Becky Standen,ATHX BIRMINGHAM 2026,United Kingdom 🇬🇧,2026,Female,ATHX Pro,Endurance,,,,,,,4.123KM,4.91KM,5
6,Katy Binney & rebecca Canning,ATHX BIRMINGHAM 2026,United Kingdom 🇬🇧,2026,Female,ATHX Pro,Endurance,,,,,,,3.943KM,4.726KM,6
7,Sophie Whatley & Emma Shaw,ATHX BIRMINGHAM 2026,United Kingdom 🇬🇧,2026,Female,ATHX Pro,Endurance,,,,,,,3.861KM,4.736KM,7
8,Sam Allcott & Lyra McKinnon,ATHX BIRMINGHAM 2026,United Kingdom 🇬🇧,2026,Female,ATHX Pro,Endurance,,,,,,,3.555KM,5.03KM,8
9,Leanne Lewis & Stacey Auty,ATHX BIRMINGHAM 2026,United Kingdom 🇬🇧,2026,Female,ATHX Pro,Endurance,,,,,,,3.861KM,4.708KM,9
10,Jade Brier & Nicolle Grant,ATHX BIRMINGHAM 2026,United Kingdom 🇬🇧,2026,Female,ATHX Pro,Endurance,,,,,,,3.615KM,4.766KM,10
11,Sheena McEwen & Hannah Botten,ATHX BIRMINGHAM 2026,United Kingdom 🇬🇧,2026,Female,ATHX Pro,Endurance,,,,,,,3.526KM,4.823KM,11
12,Charlotte Bembridge & Emma Causon-Wood,ATHX BIRMINGHAM 2026,United Kingdom 🇬🇧,2026,Female,ATHX Pro,Endurance,,,,,,,3.601KM,4.678KM,12
13,Kirsty Bond & Jordan Domeney,ATHX BIRMINGHAM 2026,United Kingdom 🇬🇧,2026,Female,ATHX Pro,Endurance,,,,,,,3.35KM,4.625KM,13
14,Tilly Hazell & Dana-Jane Maybin,ATHX BIRMINGHAM 2026,United Kingdom 🇬🇧,2026,Female,ATHX Pro,Endurance,,,,,,,3.498KM,4.454KM,14
15,Laura Smith & Sharon O’SULLIVAN,ATHX BIRMINGHAM 2026,United Kingdom 🇬🇧,2026,Female,ATHX Pro,Endurance,,,,,,,3.2KM,4.57KM,15
1,Charles rankin & Alison Burrows,ATHX BIRMINGHAM 2026,United Kingdom 🇬🇧,2026,Mixed,ATHX Lite,Strength,,,,118KG,235KG,310KG,,,1
2,Junior Oby Obi & Giulia Raus,ATHX BIRMINGHAM 2026,United Kingdom 🇬🇧,2026,Mixed,ATHX Lite,Strength,,,,115KG,260KG,260KG,,,2
3,Karl Morgan & Nikki McSweeney,ATHX BIRMINGHAM 2026,United Kingdom 🇬🇧,2026,Mixed,ATHX Lite,Strength,,,,113KG,220KG,263KG,,,3
4,Khaleefa Chee-A-Tow & Maria Kumrili,ATHX BIRMINGHAM 2026,United Kingdom 🇬🇧,2026,Mixed,ATHX Lite,Strength,,,,103KG,203KG,250KG,,,4
5,Chloe Fowler & Richard Gibson,ATHX BIRMINGHAM 2026,United Kingdom 🇬🇧,2026,Mixed,ATHX Lite,Strength,,,,110KG,200KG,240KG,,,5
6,Sophie Jones & Lewis Jones,ATHX BIRMINGHAM 2026,United Kingdom 🇬🇧,2026,Mixed,ATHX Lite,Strength,,,,111KG,185KG,245KG,,,6
6,Francesca Berry & James Kendall,ATHX BIRMINGHAM 2026,United Kingdom 🇬🇧,2026,Mixed,ATHX Lite,Strength,,,,93KG,208KG,240KG,,,6
8,Naomi Scriven & Ben Long,ATHX BIRMINGHAM 2026,United Kingdom 🇬🇧,2026,Mixed,ATHX Lite,Strength,,,,101KG,210KG,210KG,,,8
9,Guy Bailey & Chloe Cooper,ATHX BIRMINGHAM 2026,United Kingdom 🇬🇧,2026,Mixed,ATHX Lite,Strength,,,,93KG,193KG,225KG,,,9
10,Lottie Hibble & Matt Harrison,ATHX BIRMINGHAM 2026,United Kingdom 🇬🇧,2026,Mixed,ATHX Lite,Strength,,,,100KG,210KG,200KG,,,10
11,Charles McCausland & Katharine Anderson,ATHX BIRMINGHAM 2026,United Kingdom 🇬🇧,2026,Mixed,ATHX Lite,Strength,,,,95KG,160KG,240KG,,,11
12,Chris Grummett & Nadine Stokes,ATHX BIRMINGHAM 2026,United Kingdom 🇬🇧,2026,Mixed,ATHX Lite,Strength,,,,90KG,175KG,220KG,,,12
13,Eddie Mills & Sarah Hodges,ATHX BIRMINGHAM 2026,United Kingdom 🇬🇧,2026,Mixed,ATHX Lite,Strength,,,,100KG,166KG,210KG,,,13
14,Micol Mosca & Jasper Denk,ATHX BIRMINGHAM 2026,United Kingdom 🇬🇧,2026,Mixed,ATHX Lite,Strength,,,,90KG,160KG,220KG,,,14
14,Chrissie Sweeney & jason sweeney,ATHX BIRMINGHAM 2026,United Kingdom 🇬🇧,2026,Mixed,ATHX Lite,Strength,,,,80KG,185KG,205KG,,,14
16,Stephanie Treacher & Daniel Treacher,ATHX BIRMINGHAM 2026,United Kingdom 🇬🇧,2026,Mixed,ATHX Lite,Strength,,,,100KG,153KG,205KG,,,16
17,Matthew Buckley & Eve Bradnam,ATHX BIRMINGHAM 2026,United Kingdom 🇬🇧,2026,Mixed,ATHX Lite,Strength,,,,78KG,155KG,221KG,,,17
18,Helen Cross & Roger Cross,ATHX BIRMINGHAM 2026,United Kingdom 🇬🇧,2026,Mixed,ATHX Lite,Strength,,,,83KG,165KG,205KG,,,18
19,Melissa Hobden & Barry Hobden,ATHX BIRMINGHAM 2026,United Kingdom 🇬🇧,2026,Mixed,ATHX Lite,Strength,,,,78KG,148KG,210KG,,,19
20,Nigel Conway & Amanda Smith,ATHX BIRMINGHAM 2026,United Kingdom 🇬🇧,2026,Mixed,ATHX Lite,Strength,,,,83KG,145KG,170KG,,,20
21,John Winstanley & Sarah Winstanley,ATHX BIRMINGHAM 2026,United Kingdom 🇬🇧,2026,Mixed,ATHX Lite,Strength,,,,70KG,130KG,190KG,,,21
22,Martin Gowans & Agata Gowans,ATHX BIRMINGHAM 2026,United Kingdom 🇬🇧,2026,Mixed,ATHX Lite,Strength,,,,78KG,135KG,170KG,,,22
23,Hardeep CHANNA & Gavin Hyman,ATHX BIRMINGHAM 2026,United Kingdom 🇬🇧,2026,Mixed,ATHX Lite,Strength,,,,65KG,100KG,213KG,,,23
24,Natalie Johnson & James Flatt,ATHX BIRMINGHAM 2026,United Kingdom 🇬🇧,2026,Mixed,ATHX Lite,Strength,,,,73KG,125KG,175KG,,,24
25,Nadika Snowden & Darren Williams,ATHX BIRMINGHAM 2026,United Kingdom 🇬🇧,2026,Mixed,ATHX Lite,Strength,,,,80KG,90KG,190KG,,,25
26,Paul Caudell & Grace Caudell,ATHX BIRMINGHAM 2026,United Kingdom 🇬🇧,2026,Mixed,ATHX Lite,Strength,,,,91KG,120KG,126KG,,,26
27,Amy Hughes & Lee Harrison,ATHX BIRMINGHAM 2026,United Kingdom 🇬🇧,2026,Mixed,ATHX Lite,Strength,,,,78KG,113KG,140KG,,,27
28,Julia Beaumont & IAN BEAUMONT,ATHX BIRMINGHAM 2026,United Kingdom 🇬🇧,2026,Mixed,ATHX Lite,Strength,,,,65KG,100KG,165KG,,,28
29,Graham Smith & Angela Smith,ATHX BIRMINGHAM 2026,United Kingdom 🇬🇧,2026,Mixed,ATHX Lite,Strength,,,,65KG,105KG,125KG,,,29
1,Etham Yates & Gracious Phillips,ATHX BIRMINGHAM 2026,United Kingdom 🇬🇧,2026,Mixed,ATHX Pro,Endurance,,,,,,,4.369KM,5.863KM,1
2,Ben Fairlie & Amelia Roberts,ATHX BIRMINGHAM 2026,United Kingdom 🇬🇧,2026,Mixed,ATHX Pro,Endurance,,,,,,,4.5KM,5.705KM,2
3,Vicki Whitbrook & Matthew Horner,ATHX BIRMINGHAM 2026,United Kingdom 🇬🇧,2026,Mixed,ATHX Pro,Endurance,,,,,,,4.474KM,5.29KM,3
4,Peter Slattery & Hannah O'sullivan,ATHX BIRMINGHAM 2026,United Kingdom 🇬🇧,2026,Mixed,ATHX Pro,Endurance,,,,,,,4.319KM,5.402KM,4
5,Richy Jordan & Louise Sondergaard,ATHX BIRMINGHAM 2026,United Kingdom 🇬🇧,2026,Mixed,ATHX Pro,Endurance,,,,,,,4.052KM,5.612KM,5
6,Cara Brown & Izaak Thacker,ATHX BIRMINGHAM 2026,United Kingdom 🇬🇧,2026,Mixed,ATHX Pro,Endurance,,,,,,,4.025KM,5.625KM,6
7,Abby Beswick & Simon Corke,ATHX BIRMINGHAM 2026,United Kingdom 🇬🇧,2026,Mixed,ATHX Pro,Endurance,,,,,,,4.061KM,5.534KM,7
8,Jacinda Brass & Guy Kennedy,ATHX BIRMINGHAM 2026,United Kingdom 🇬🇧,2026,Mixed,ATHX Pro,Endurance,,,,,,,4.258KM,5.332KM,8
9,Lucy Brundish & Ben Kimber,ATHX BIRMINGHAM 2026,United Kingdom 🇬🇧,2026,Mixed,ATHX Pro,Endurance,,,,,,,3.844KM,5.721KM,9
10,Douglas Shaw & Maddy Furnival,ATHX BIRMINGHAM 2026,United Kingdom 🇬🇧,2026,Mixed,ATHX Pro,Endurance,,,,,,,4.167KM,5.358KM,10
11,Ozzy Caliskan & Stevie Peake,ATHX BIRMINGHAM 2026,United Kingdom 🇬🇧,2026,Mixed,ATHX Pro,Endurance,,,,,,,3.955KM,5.537KM,11
12,Zachary Watson & Samantha Cubbins,ATHX BIRMINGHAM 2026,United Kingdom 🇬🇧,2026,Mixed,ATHX Pro,Endurance,,,,,,,3.952KM,5.488KM,12
13,Matt Dewhurst & Charlie Dewhurst,ATHX BIRMINGHAM 2026,United Kingdom 🇬🇧,2026,Mixed,ATHX Pro,Endurance,,,,,,,4KM,5.389KM,13
14,Nicola Guiver & Mark Twigg,ATHX BIRMINGHAM 2026,United Kingdom 🇬🇧,2026,Mixed,ATHX Pro,Endurance,,,,,,,3.888KM,5.488KM,14
15,Fiona Cousins & Jack Bishop,ATHX BIRMINGHAM 2026,United Kingdom 🇬🇧,2026,Mixed,ATHX Pro,Endurance,,,,,,,4KM,5.269KM,15
16,Cassia Williams & Ashley Cunliffe,ATHX BIRMINGHAM 2026,United Kingdom 🇬🇧,2026,Mixed,ATHX Pro,Endurance,,,,,,,3.828KM,5.347KM,16
17,Akeem Halimi & Natalie Halimi,ATHX BIRMINGHAM 2026,United Kingdom 🇬🇧,2026,Mixed,ATHX Pro,Endurance,,,,,,,4.009KM,5.165KM,17
18,Amir Khan & Sara Khan,ATHX BIRMINGHAM 2026,United Kingdom 🇬🇧,2026,Mixed,ATHX Pro,Endurance,,,,,,,3.666KM,5.502KM,18
19,Alex Jones & Leah Newton,ATHX BIRMINGHAM 2026,United Kingdom 🇬🇧,2026,Mixed,ATHX Pro,Endurance,,,,,,,3.904KM,5.225KM,19
20,Alastair Combe & Ellen Whittle,ATHX BIRMINGHAM 2026,United Kingdom 🇬🇧,2026,Mixed,ATHX Pro,Endurance,,,,,,,3.65KM,5.454KM,20
21,Alex Miller & Yusuf Paterson-Mosafeer,ATHX BIRMINGHAM 2026,United Kingdom 🇬🇧,2026,Mixed,ATHX Pro,Endurance,,,,,,,3.931KM,5.132KM,21
22,Eleanor Shaw & Danny Williamson,ATHX BIRMINGHAM 2026,United Kingdom 🇬🇧,2026,Mixed,ATHX Pro,Endurance,,,,,,,3.675KM,5.277KM,22
23,Chris Williams & Francesca Boers,ATHX BIRMINGHAM 2026,United Kingdom 🇬🇧,2026,Mixed,ATHX Pro,Endurance,,,,,,,3.288KM,5.627KM,23
24,Katy Twigg & Luke Blizard,ATHX BIRMINGHAM 2026,United Kingdom 🇬🇧,2026,Mixed,ATHX Pro,Endurance,,,,,,,3.473KM,5.427KM,24
25,Alexis Newton-french & Liam Webster,ATHX BIRMINGHAM 2026,United Kingdom 🇬🇧,2026,Mixed,ATHX Pro,Endurance,,,,,,,3.527KM,5.363KM,25
26,Jacob Sturgess & Leah Parsons,ATHX BIRMINGHAM 2026,United Kingdom 🇬🇧,2026,Mixed,ATHX Pro,Endurance,,,,,,,3.655KM,5.217KM,26
27,Millie Blakemore & William Woods,ATHX BIRMINGHAM 2026,United Kingdom 🇬🇧,2026,Mixed,ATHX Pro,Endurance,,,,,,,3.564KM,5.307KM,27
28,Mike Jones & Laura Jeffreys,ATHX BIRMINGHAM 2026,United Kingdom 🇬🇧,2026,Mixed,ATHX Pro,Endurance,,,,,,,3.555KM,5.249KM,28
29,Ka Xin Cheah & Brandon Harris,ATHX BIRMINGHAM 2026,United Kingdom 🇬🇧,2026,Mixed,ATHX Pro,Endurance,,,,,,,3.514KM,5.287KM,29
30,Leigha Baxter & robert turner,ATHX BIRMINGHAM 2026,United Kingdom 🇬🇧,2026,Mixed,ATHX Pro,Endurance,,,,,,,3.842KM,4.951KM,30
31,Anthony Rutlidge & Louise Lockley,ATHX BIRMINGHAM 2026,United Kingdom 🇬🇧,2026,Mixed,ATHX Pro,Endurance,,,,,,,3.654KM,5.114KM,31
32,Ben Buchmann & Laura Banks,ATHX BIRMINGHAM 2026,United Kingdom 🇬🇧,2026,Mixed,ATHX Pro,Endurance,,,,,,,3.47KM,5.275KM,32
33,Kayleigh Roberts & Chris Ward,ATHX BIRMINGHAM 2026,United Kingdom 🇬🇧,2026,Mixed,ATHX Pro,Endurance,,,,,,,3.5KM,5.01KM,33
34,charlie menter & Lauren Evans,ATHX BIRMINGHAM 2026,United Kingdom 🇬🇧,2026,Mixed,ATHX Pro,Endurance,,,,,,,3.393KM,5.087KM,34
35,Isobelle Matthews & Jake Williams,ATHX BIRMINGHAM 2026,United Kingdom 🇬🇧,2026,Mixed,ATHX Pro,Endurance,,,,,,,3.09KM,5.154KM,35
1,Matthew Hughes & Louis Keightley-Smith,ATHX BIRMINGHAM 2026,United Kingdom 🇬🇧,2026,Male,ATHX,Strength,,,,180KG,400KG,425KG,,,1
2,Lee Salter & Shai Bonnick,ATHX BIRMINGHAM 2026,United Kingdom 🇬🇧,2026,Male,ATHX,Strength,,,,195KG,370KG,405KG,,,2
3,David Kelly & Mulley Branch,ATHX BIRMINGHAM 2026,United Kingdom 🇬🇧,2026,Male,ATHX,Strength,,,,168KG,380KG,420KG,,,3
4,Tom Rosewarne & Will Odhams-good,ATHX BIRMINGHAM 2026,United Kingdom 🇬🇧,2026,Male,ATHX,Strength,,,,180KG,360KG,410KG,,,4
4,Alistair  Maag & martyn grocott,ATHX BIRMINGHAM 2026,United Kingdom 🇬🇧,2026,Male,ATHX,Strength,,,,190KG,350KG,410KG,,,4
6,David Chambers & David whann,ATHX BIRMINGHAM 2026,United Kingdom 🇬🇧,2026,Male,ATHX,Strength,,,,190KG,360KG,390KG,,,6
6,Luke Thorngate-Davies & Tom Morgan,ATHX BIRMINGHAM 2026,United Kingdom 🇬🇧,2026,Male,ATHX,Strength,,,,180KG,335KG,425KG,,,6
8,Jake Wood & Brett Peel,ATHX BIRMINGHAM 2026,United Kingdom 🇬🇧,2026,Male,ATHX,Strength,,,,160KG,350KG,400KG,,,8
9,Ben Trigger & Zac Cotton,ATHX BIRMINGHAM 2026,United Kingdom 🇬🇧,2026,Male,ATHX,Strength,,,,160KG,350KG,390KG,,,9
10,Desmond Jemwa & Ronald Olaibi,ATHX BIRMINGHAM 2026,United Kingdom 🇬🇧,2026,Male,ATHX,Strength,,,,160KG,310KG,425KG,,,10
11,Samuel Gleeson & James Tyas,ATHX BIRMINGHAM 2026,United Kingdom 🇬🇧,2026,Male,ATHX,Strength,,,,158KG,330KG,400KG,,,11
12,Robert Sonczak & Mark Sullivan,ATHX BIRMINGHAM 2026,United Kingdom 🇬🇧,2026,Male,ATHX,Strength,,,,158KG,340KG,385KG,,,12
13,Liam Falcus & Finlay Pitman,ATHX BIRMINGHAM 2026,United Kingdom 🇬🇧,2026,Male,ATHX,Strength,,,,171KG,343KG,366KG,,,13
13,Daniel Freitas Giuseppe & Frederick Amankwa,ATHX BIRMINGHAM 2026,United Kingdom 🇬🇧,2026,Male,ATHX,Strength,,,,160KG,340KG,380KG,,,13
15,Thomas Rogers & James Huntly,ATHX BIRMINGHAM 2026,United Kingdom 🇬🇧,2026,Male,ATHX,Strength,,,,165KG,330KG,380KG,,,15
16,Frazer Montague & Dec Team,ATHX BIRMINGHAM 2026,United Kingdom 🇬🇧,2026,Male,ATHX,Strength,,,,165KG,320KG,380KG,,,16
16,Ayomide Schwan & Lovis Amoateng,ATHX BIRMINGHAM 2026,United Kingdom 🇬🇧,2026,Male,ATHX,Strength,,,,175KG,290KG,400KG,,,16
18,Richard Sheer & James Connolly,ATHX BIRMINGHAM 2026,United Kingdom 🇬🇧,2026,Male,ATHX,Strength,,,,173KG,320KG,370KG,,,18
19,William Baisden & ifti-rahman Team,ATHX BIRMINGHAM 2026,United Kingdom 🇬🇧,2026,Male,ATHX,Strength,,,,150KG,330KG,380KG,,,19
20,Tim Ndekwe & Pete Cundall,ATHX BIRMINGHAM 2026,United Kingdom 🇬🇧,2026,Male,ATHX,Strength,,,,153KG,320KG,385KG,,,20
21,Patrick Matthews & Joseph Wicks,ATHX BIRMINGHAM 2026,United Kingdom 🇬🇧,2026,Male,ATHX,Strength,,,,160KG,338KG,358KG,,,21
22,Ashley Adams & Alex Ewen,ATHX BIRMINGHAM 2026,United Kingdom 🇬🇧,2026,Male,ATHX,Strength,,,,165KG,325KG,350KG,,,22
23,Darren Braybrook & Fraser Tait,ATHX BIRMINGHAM 2026,United Kingdom 🇬🇧,2026,Male,ATHX,Strength,,,,158KG,305KG,376KG,,,23
24,Leon Bell & william hodgkinson,ATHX BIRMINGHAM 2026,United Kingdom 🇬🇧,2026,Male,ATHX,Strength,,,,165KG,320KG,350KG,,,24
24,Chris Peters & Iain Mackenzie,ATHX BIRMINGHAM 2026,United Kingdom 🇬🇧,2026,Male,ATHX,Strength,,,,150KG,305KG,380KG,,,24
24,Callum Lewis & Liam Reardon,ATHX BIRMINGHAM 2026,United Kingdom 🇬🇧,2026,Male,ATHX,Strength,,,,165KG,310KG,360KG,,,24
27,Steffan Evans & Phil Jones,ATHX BIRMINGHAM 2026,United Kingdom 🇬🇧,2026,Male,ATHX,Strength,,,,165KG,308KG,360KG,,,27
28,Toby Evans & Sam Venn,ATHX BIRMINGHAM 2026,United Kingdom 🇬🇧,2026,Male,ATHX,Strength,,,,150KG,325KG,355KG,,,28
28,Travis Bowley & joe massaro,ATHX BIRMINGHAM 2026,United Kingdom 🇬🇧,2026,Male,ATHX,Strength,,,,155KG,290KG,385KG,,,28
30,Darren Marshall & James Watson,ATHX BIRMINGHAM 2026,United Kingdom 🇬🇧,2026,Male,ATHX,Strength,,,,143KG,300KG,385KG,,,30
30,Mark timms & Jason Lewis,ATHX BIRMINGHAM 2026,United Kingdom 🇬🇧,2026,Male,ATHX,Strength,,,,170KG,293KG,365KG,,,30
32,Daniel Forster-Knight & Zac Turner-Thorne,ATHX BIRMINGHAM 2026,United Kingdom 🇬🇧,2026,Male,ATHX,Strength,,,,143KG,320KG,360KG,,,32
33,Josh Mares & Luke Watson-Read,ATHX BIRMINGHAM 2026,United Kingdom 🇬🇧,2026,Male,ATHX,Strength,,,,145KG,290KG,380KG,,,33
34,David Barry & Bashiru Alimi,ATHX BIRMINGHAM 2026,United Kingdom 🇬🇧,2026,Male,ATHX,Strength,,,,156KG,300KG,355KG,,,34
35,Luke Offa & Jacob Iveson,ATHX BIRMINGHAM 2026,United Kingdom 🇬🇧,2026,Male,ATHX,Strength,,,,150KG,300KG,360KG,,,35
36,Oliver Galotto & Will Kenworthy,ATHX BIRMINGHAM 2026,United Kingdom 🇬🇧,2026,Male,ATHX,Strength,,,,158KG,300KG,350KG,,,36
36,Chris Rodriguez & Lee Swinhoe,ATHX BIRMINGHAM 2026,United Kingdom 🇬🇧,2026,Male,ATHX,Strength,,,,173KG,295KG,340KG,,,36
38,Henry Cordall & Liam Hancock,ATHX BIRMINGHAM 2026,United Kingdom 🇬🇧,2026,Male,ATHX,Strength,,,,153KG,275KG,370KG,,,38
39,Carl Booth & Michael Cross,ATHX BIRMINGHAM 2026,United Kingdom 🇬🇧,2026,Male,ATHX,Strength,,,,163KG,280KG,350KG,,,39
39,Andrew French & Brett McCall,ATHX BIRMINGHAM 2026,United Kingdom 🇬🇧,2026,Male,ATHX,Strength,,,,160KG,290KG,343KG,,,39
41,Ieuan Oram & William King,ATHX BIRMINGHAM 2026,United Kingdom 🇬🇧,2026,Male,ATHX,Strength,,,,150KG,310KG,330KG,,,41
42,Matt Viall & Martin Febery,ATHX BIRMINGHAM 2026,United Kingdom 🇬🇧,2026,Male,ATHX,Strength,,,,150KG,285KG,350KG,,,42
43,Daniel Turnbull & Lewis Brightmore,ATHX BIRMINGHAM 2026,United Kingdom 🇬🇧,2026,Male,ATHX,Strength,,,,143KG,290KG,350KG,,,43
43,James Nichol & Callum Monk,ATHX BIRMINGHAM 2026,United Kingdom 🇬🇧,2026,Male,ATHX,Strength,,,,155KG,295KG,333KG,,,43
45,Lewis Baldwin & Rowan Cooke,ATHX BIRMINGHAM 2026,United Kingdom 🇬🇧,2026,Male,ATHX,Strength,,,,136KG,305KG,340KG,,,45
46,Hugh Smith & Josh Henry,ATHX BIRMINGHAM 2026,United Kingdom 🇬🇧,2026,Male,ATHX,Strength,,,,165KG,275KG,340KG,,,46
46,Alex Board & Jak Garland,ATHX BIRMINGHAM 2026,United Kingdom 🇬🇧,2026,Male,ATHX,Strength,,,,140KG,290KG,350KG,,,46
46,Mark Innes & Alan Elvin,ATHX BIRMINGHAM 2026,United Kingdom 🇬🇧,2026,Male,ATHX,Strength,,,,160KG,280KG,340KG,,,46
49,Jamie Taylor & Jack Stevenson-Smith,ATHX BIRMINGHAM 2026,United Kingdom 🇬🇧,2026,Male,ATHX,Strength,,,,165KG,300KG,310KG,,,49
49,Marcus White & Greg Curzons,ATHX BIRMINGHAM 2026,United Kingdom 🇬🇧,2026,Male,ATHX,Strength,,,,145KG,295KG,335KG,,,49
51,Keith Garner & Gareth Roberts,ATHX BIRMINGHAM 2026,United Kingdom 🇬🇧,2026,Male,ATHX,Strength,,,,133KG,270KG,370KG,,,51
51,Norton Rogers & Sam Dodge,ATHX BIRMINGHAM 2026,United Kingdom 🇬🇧,2026,Male,ATHX,Strength,,,,150KG,273KG,350KG,,,51
53,Jamie Mitchell & Josh Maddison,ATHX BIRMINGHAM 2026,United Kingdom 🇬🇧,2026,Male,ATHX,Strength,,,,138KG,288KG,345KG,,,53
54,Alan Macaulay & Steven Dempster,ATHX BIRMINGHAM 2026,United Kingdom 🇬🇧,2026,Male,ATHX,Strength,,,,150KG,285KG,335KG,,,54
54,Jay Adams & Joshua Adams,ATHX BIRMINGHAM 2026,United Kingdom 🇬🇧,2026,Male,ATHX,Strength,,,,140KG,270KG,360KG,,,54
56,Chris Harman & Ryan Burrows,ATHX BIRMINGHAM 2026,United Kingdom 🇬🇧,2026,Male,ATHX,Strength,,,,148KG,288KG,333KG,,,56
56,Andrew Waugh & Craig Thompson,ATHX BIRMINGHAM 2026,United Kingdom 🇬🇧,2026,Male,ATHX,Strength,,,,128KG,285KG,356KG,,,56
58,Anthony Riordan & Dan Hall,ATHX BIRMINGHAM 2026,United Kingdom 🇬🇧,2026,Male,ATHX,Strength,,,,158KG,250KG,360KG,,,58
59,Rhys Lawson & Jacob Turner,ATHX BIRMINGHAM 2026,United Kingdom 🇬🇧,2026,Male,ATHX,Strength,,,,150KG,275KG,340KG,,,59
59,Andy Lobley & Russ Acomb,ATHX BIRMINGHAM 2026,United Kingdom 🇬🇧,2026,Male,ATHX,Strength,,,,155KG,280KG,330KG,,,59
61,Jamie Forman & John Smith,ATHX BIRMINGHAM 2026,United Kingdom 🇬🇧,2026,Male,ATHX,Strength,,,,163KG,275KG,323KG,,,61
62,Jack Falcus & Richard Meiklereid,ATHX BIRMINGHAM 2026,United Kingdom 🇬🇧,2026,Male,ATHX,Strength,,,,160KG,270KG,330KG,,,62
63,Lewis Egal & Paul Tampsett,ATHX BIRMINGHAM 2026,United Kingdom 🇬🇧,2026,Male,ATHX,Strength,,,,168KG,280KG,310KG,,,63
64,Justus Eckert & Maximilian Schoeneich,ATHX BIRMINGHAM 2026,United Kingdom 🇬🇧,2026,Male,ATHX,Strength,,,,145KG,260KG,350KG,,,64
65,Stuart Mackrell & James Jerram,ATHX BIRMINGHAM 2026,United Kingdom 🇬🇧,2026,Male,ATHX,Strength,,,,135KG,265KG,353KG,,,65
66,David Hurst & James Kelly,ATHX BIRMINGHAM 2026,United Kingdom 🇬🇧,2026,Male,ATHX,Strength,,,,148KG,263KG,340KG,,,66
67,peter white & Leon Holdridge,ATHX BIRMINGHAM 2026,United Kingdom 🇬🇧,2026,Male,ATHX,Strength,,,,180KG,190KG,380KG,,,67
68,Liam parling & Daniel Chadwick,ATHX BIRMINGHAM 2026,United Kingdom 🇬🇧,2026,Male,ATHX,Strength,,,,153KG,275KG,320KG,,,68
68,Will Chaloner & Joseph Pickering,ATHX BIRMINGHAM 2026,United Kingdom 🇬🇧,2026,Male,ATHX,Strength,,,,158KG,270KG,320KG,,,68
68,Lukasz Marcinkowski & Tom Layton,ATHX BIRMINGHAM 2026,United Kingdom 🇬🇧,2026,Male,ATHX,Strength,,,,158KG,260KG,330KG,,,68
68,James Pacifici & Sam James,ATHX BIRMINGHAM 2026,United Kingdom 🇬🇧,2026,Male,ATHX,Strength,,,,158KG,240KG,350KG,,,68
68,Jamie Monk & Brandon Monk,ATHX BIRMINGHAM 2026,United Kingdom 🇬🇧,2026,Male,ATHX,Strength,,,,168KG,260KG,320KG,,,68
73,Simon Loh & Keir Jones,ATHX BIRMINGHAM 2026,United Kingdom 🇬🇧,2026,Male,ATHX,Strength,,,,145KG,260KG,340KG,,,73
73,Jeremy Wade & Tomas Mitkus,ATHX BIRMINGHAM 2026,United Kingdom 🇬🇧,2026,Male,ATHX,Strength,,,,155KG,260KG,330KG,,,73
73,Anthony Cheetham & Ian G,ATHX BIRMINGHAM 2026,United Kingdom 🇬🇧,2026,Male,ATHX,Strength,,,,135KG,285KG,325KG,,,73
73,Steve Morison & Jay gurney,ATHX BIRMINGHAM 2026,United Kingdom 🇬🇧,2026,Male,ATHX,Strength,,,,145KG,260KG,340KG,,,73
77,Harrison Cole & Tom Elmes,ATHX BIRMINGHAM 2026,United Kingdom 🇬🇧,2026,Male,ATHX,Strength,,,,140KG,265KG,338KG,,,77
77,Ben Blackhurst & Brandan blackhurst,ATHX BIRMINGHAM 2026,United Kingdom 🇬🇧,2026,Male,ATHX,Strength,,,,133KG,280KG,330KG,,,77
79,carl cole & Gareth Lewis,ATHX BIRMINGHAM 2026,United Kingdom 🇬🇧,2026,Male,ATHX,Strength,,,,136KG,275KG,330KG,,,79
79,Marcus Cook & Niall Read,ATHX BIRMINGHAM 2026,United Kingdom 🇬🇧,2026,Male,ATHX,Strength,,,,141KG,270KG,330KG,,,79
81,Thomas Ewart & Adam Saunderson,ATHX BIRMINGHAM 2026,United Kingdom 🇬🇧,2026,Male,ATHX,Strength,,,,133KG,265KG,340KG,,,81
81,James Cullen & Ewan Day,ATHX BIRMINGHAM 2026,United Kingdom 🇬🇧,2026,Male,ATHX,Strength,,,,158KG,250KG,330KG,,,81
83,Callum White & James White,ATHX BIRMINGHAM 2026,United Kingdom 🇬🇧,2026,Male,ATHX,Strength,,,,145KG,260KG,330KG,,,83
83,Darren Miller & Tom Greaney,ATHX BIRMINGHAM 2026,United Kingdom 🇬🇧,2026,Male,ATHX,Strength,,,,125KG,280KG,330KG,,,83
83,Anthony Smyth & Joe Missin,ATHX BIRMINGHAM 2026,United Kingdom 🇬🇧,2026,Male,ATHX,Strength,,,,145KG,240KG,350KG,,,83
86,Will Hume & Owen Broadway,ATHX BIRMINGHAM 2026,United Kingdom 🇬🇧,2026,Male,ATHX,Strength,,,,138KG,250KG,340KG,,,86
86,Eddy Nisevic & Marc Brittain,ATHX BIRMINGHAM 2026,United Kingdom 🇬🇧,2026,Male,ATHX,Strength,,,,150KG,255KG,323KG,,,86
88,Arun Parkash & Nev Reid,ATHX BIRMINGHAM 2026,United Kingdom 🇬🇧,2026,Male,ATHX,Strength,,,,140KG,265KG,320KG,,,88
88,Richard Joomun & Nathan Pleace,ATHX BIRMINGHAM 2026,United Kingdom 🇬🇧,2026,Male,ATHX,Strength,,,,145KG,280KG,300KG,,,88
88,Jamie Yates & Andrew Lingard,ATHX BIRMINGHAM 2026,United Kingdom 🇬🇧,2026,Male,ATHX,Strength,,,,145KG,260KG,320KG,,,88
91,Kieron Franklin & Lawrence Collins,ATHX BIRMINGHAM 2026,United Kingdom 🇬🇧,2026,Male,ATHX,Strength,,,,133KG,250KG,340KG,,,91
92,Toby Godrich & Paul Baber,ATHX BIRMINGHAM 2026,United Kingdom 🇬🇧,2026,Male,ATHX,Strength,,,,140KG,270KG,310KG,,,92
92,Sam James & Sam Tomlinson,ATHX BIRMINGHAM 2026,United Kingdom 🇬🇧,2026,Male,ATHX,Strength,,,,150KG,250KG,320KG,,,92
92,Tom Church & Will Church,ATHX BIRMINGHAM 2026,United Kingdom 🇬🇧,2026,Male,ATHX,Strength,,,,160KG,280KG,280KG,,,92
92,Oliver Ashton & Dominic Allen-Ledgeway,ATHX BIRMINGHAM 2026,United Kingdom 🇬🇧,2026,Male,ATHX,Strength,,,,125KG,255KG,340KG,,,92
96,James Jennison & Michael Lyons,ATHX BIRMINGHAM 2026,United Kingdom 🇬🇧,2026,Male,ATHX,Strength,,,,146KG,250KG,320KG,,,96
97,Mark Billings & Greg Wilson,ATHX BIRMINGHAM 2026,United Kingdom 🇬🇧,2026,Male,ATHX,Strength,,,,130KG,270KG,315KG,,,97
98,Luke Jones & Jordan Martin,ATHX BIRMINGHAM 2026,United Kingdom 🇬🇧,2026,Male,ATHX,Strength,,,,133KG,258KG,323KG,,,98
99,John Wooding & Andy Leeding,ATHX BIRMINGHAM 2026,United Kingdom 🇬🇧,2026,Male,ATHX,Strength,,,,133KG,260KG,320KG,,,99
99,Craig Brown & Josh Wright,ATHX BIRMINGHAM 2026,United Kingdom 🇬🇧,2026,Male,ATHX,Strength,,,,133KG,250KG,330KG,,,99
101,PAUL Osorio & Gareth Collins,ATHX BIRMINGHAM 2026,United Kingdom 🇬🇧,2026,Male,ATHX,Strength,,,,148KG,263KG,300KG,,,101
102,Cai Oram & Fin Oram,ATHX BIRMINGHAM 2026,United Kingdom 🇬🇧,2026,Male,ATHX,Strength,,,,140KG,260KG,310KG,,,102
102,Luke Moulding & James Taylor,ATHX BIRMINGHAM 2026,United Kingdom 🇬🇧,2026,Male,ATHX,Strength,,,,135KG,265KG,310KG,,,102
102,Samuel Fuller & MARK MCGEE,ATHX BIRMINGHAM 2026,United Kingdom 🇬🇧,2026,Male,ATHX,Strength,,,,125KG,250KG,335KG,,,102
102,Gareth Bottomley & Matthew Kent,ATHX BIRMINGHAM 2026,United Kingdom 🇬🇧,2026,Male,ATHX,Strength,,,,135KG,255KG,320KG,,,102
106,Cyrus Molton & Max Munro,ATHX BIRMINGHAM 2026,United Kingdom 🇬🇧,2026,Male,ATHX,Strength,,,,145KG,263KG,300KG,,,106
106,Cody Hiern & Ben Farrar,ATHX BIRMINGHAM 2026,United Kingdom 🇬🇧,2026,Male,ATHX,Strength,,,,118KG,250KG,340KG,,,106
108,Stacey Thripp & Noah Bedford-Henry,ATHX BIRMINGHAM 2026,United Kingdom 🇬🇧,2026,Male,ATHX,Strength,,,,136KG,255KG,315KG,,,108
109,Richard Harris & Liam Roberts,ATHX BIRMINGHAM 2026,United Kingdom 🇬🇧,2026,Male,ATHX,Strength,,,,140KG,255KG,310KG,,,109
110,Graeme Maznik-Petty & Aaron Lacey,ATHX BIRMINGHAM 2026,United Kingdom 🇬🇧,2026,Male,ATHX,Strength,,,,133KG,270KG,300KG,,,110
111,Luke Fletcher & Ben Mudd,ATHX BIRMINGHAM 2026,United Kingdom 🇬🇧,2026,Male,ATHX,Strength,,,,141KG,240KG,320KG,,,111
112,Justin Gilbert & Tomasz Blaszczyk,ATHX BIRMINGHAM 2026,United Kingdom 🇬🇧,2026,Male,ATHX,Strength,,,,125KG,255KG,320KG,,,112
113,George Bradley & Dan Farr,ATHX BIRMINGHAM 2026,United Kingdom 🇬🇧,2026,Male,ATHX,Strength,,,,145KG,231KG,321KG,,,113
114,Alex Cherry & Luke Cragg,ATHX BIRMINGHAM 2026,United Kingdom 🇬🇧,2026,Male,ATHX,Strength,,,,145KG,260KG,290KG,,,114
114,Tim Reid & Chris Butt,ATHX BIRMINGHAM 2026,United Kingdom 🇬🇧,2026,Male,ATHX,Strength,,,,130KG,260KG,305KG,,,114
114,Parvin Boyal & James Thompson,ATHX BIRMINGHAM 2026,United Kingdom 🇬🇧,2026,Male,ATHX,Strength,,,,135KG,260KG,300KG,,,114
117,Jason Challis & Scott Heath,ATHX BIRMINGHAM 2026,United Kingdom 🇬🇧,2026,Male,ATHX,Strength,,,,128KG,245KG,320KG,,,117
117,Ryan Hall & Cameron Durrant,ATHX BIRMINGHAM 2026,United Kingdom 🇬🇧,2026,Male,ATHX,Strength,,,,133KG,250KG,310KG,,,117
119,Luke Woodrow & Benjamin Phillip,ATHX BIRMINGHAM 2026,United Kingdom 🇬🇧,2026,Male,ATHX,Strength,,,,151KG,240KG,300KG,,,119
120,Christopher Kelly & Joshua Ashmore,ATHX BIRMINGHAM 2026,United Kingdom 🇬🇧,2026,Male,ATHX,Strength,,,,133KG,270KG,285KG,,,120
120,Samuel Crowe & Jarrod Moore,ATHX BIRMINGHAM 2026,United Kingdom 🇬🇧,2026,Male,ATHX,Strength,,,,128KG,250KG,310KG,,,120
120,Jonathan Price & Javier Ruiz,ATHX BIRMINGHAM 2026,United Kingdom 🇬🇧,2026,Male,ATHX,Strength,,,,130KG,243KG,315KG,,,120
123,Leon Chee-A-Tow & Aaron Elliott,ATHX BIRMINGHAM 2026,United Kingdom 🇬🇧,2026,Male,ATHX,Strength,,,,136KG,260KG,290KG,,,123
124,Benjamin Christofelo & Jack Hill,ATHX BIRMINGHAM 2026,United Kingdom 🇬🇧,2026,Male,ATHX,Strength,,,,135KG,260KG,290KG,,,124
124,Tommy Cope & Tom Walker,ATHX BIRMINGHAM 2026,United Kingdom 🇬🇧,2026,Male,ATHX,Strength,,,,145KG,240KG,300KG,,,124
124,Adam Farr & Liam Smith,ATHX BIRMINGHAM 2026,United Kingdom 🇬🇧,2026,Male,ATHX,Strength,,,,145KG,240KG,300KG,,,124
127,James Civil & Alex Norris,ATHX BIRMINGHAM 2026,United Kingdom 🇬🇧,2026,Male,ATHX,Strength,,,,148KG,245KG,290KG,,,127
127,Gary Johnson & Daniel Davies,ATHX BIRMINGHAM 2026,United Kingdom 🇬🇧,2026,Male,ATHX,Strength,,,,125KG,255KG,303KG,,,127
127,Wilson Lua & Amit Shah,ATHX BIRMINGHAM 2026,United Kingdom 🇬🇧,2026,Male,ATHX,Strength,,,,138KG,260KG,285KG,,,127
127,Rob Westworth & George Lilleywhite,ATHX BIRMINGHAM 2026,United Kingdom 🇬🇧,2026,Male,ATHX,Strength,,,,130KG,235KG,318KG,,,127
127,Ben Lavender & Adam Fitzpatrick,ATHX BIRMINGHAM 2026,United Kingdom 🇬🇧,2026,Male,ATHX,Strength,,,,143KG,260KG,280KG,,,127
127,Sean Cole & Steve Pickering,ATHX BIRMINGHAM 2026,United Kingdom 🇬🇧,2026,Male,ATHX,Strength,,,,128KG,255KG,300KG,,,127
133,Ant Morlandez & John Parker,ATHX BIRMINGHAM 2026,United Kingdom 🇬🇧,2026,Male,ATHX,Strength,,,,126KG,260KG,295KG,,,133
134,Jake Woolner & Lee Thurlow,ATHX BIRMINGHAM 2026,United Kingdom 🇬🇧,2026,Male,ATHX,Strength,,,,130KG,230KG,320KG,,,134
135,Jamie Williams & Carl Elliott,ATHX BIRMINGHAM 2026,United Kingdom 🇬🇧,2026,Male,ATHX,Strength,,,,148KG,240KG,290KG,,,135
135,Dean Tennant & Ali Khalili,ATHX BIRMINGHAM 2026,United Kingdom 🇬🇧,2026,Male,ATHX,Strength,,,,123KG,270KG,285KG,,,135
135,Zaid Al-Chalabi & Loustan Droubi,ATHX BIRMINGHAM 2026,United Kingdom 🇬🇧,2026,Male,ATHX,Strength,,,,128KG,250KG,300KG,,,135
135,Andrew Rogers & George Russell,ATHX BIRMINGHAM 2026,United Kingdom 🇬🇧,2026,Male,ATHX,Strength,,,,135KG,240KG,303KG,,,135
135,Paul Pugh & Nuno Cachada,ATHX BIRMINGHAM 2026,United Kingdom 🇬🇧,2026,Male,ATHX,Strength,,,,118KG,270KG,290KG,,,135
140,Lewis Jones & will barnes-smith,ATHX BIRMINGHAM 2026,United Kingdom 🇬🇧,2026,Male,ATHX,Strength,,,,131KG,230KG,315KG,,,140
140,ollie woolls & Mike Bull,ATHX BIRMINGHAM 2026,United Kingdom 🇬🇧,2026,Male,ATHX,Strength,,,,146KG,240KG,290KG,,,140
142,Stuart Pannell & Rob Brown,ATHX BIRMINGHAM 2026,United Kingdom 🇬🇧,2026,Male,ATHX,Strength,,,,125KG,270KG,280KG,,,142
142,Kieron Austin & Daniel Colburn,ATHX BIRMINGHAM 2026,United Kingdom 🇬🇧,2026,Male,ATHX,Strength,,,,125KG,250KG,300KG,,,142
142,Miles Caswell & Stuart Rowlands,ATHX BIRMINGHAM 2026,United Kingdom 🇬🇧,2026,Male,ATHX,Strength,,,,130KG,260KG,285KG,,,142
142,Leigh Woodwards & Paul Woolls,ATHX BIRMINGHAM 2026,United Kingdom 🇬🇧,2026,Male,ATHX,Strength,,,,135KG,240KG,300KG,,,142
146,Jack Wickwar & Isaac Grewcock,ATHX BIRMINGHAM 2026,United Kingdom 🇬🇧,2026,Male,ATHX,Strength,,,,133KG,250KG,290KG,,,146
147,Christophe Dupont & Alessandro Conte,ATHX BIRMINGHAM 2026,United Kingdom 🇬🇧,2026,Male,ATHX,Strength,,,,135KG,235KG,300KG,,,147
147,Kevin Dadd & Simon Williams,ATHX BIRMINGHAM 2026,United Kingdom 🇬🇧,2026,Male,ATHX,Strength,,,,140KG,240KG,290KG,,,147
147,Craig Brown & David Andrews,ATHX BIRMINGHAM 2026,United Kingdom 🇬🇧,2026,Male,ATHX,Strength,,,,140KG,250KG,280KG,,,147
147,Kiran Govind & Deepak Sridhar Hegde,ATHX BIRMINGHAM 2026,United Kingdom 🇬🇧,2026,Male,ATHX,Strength,,,,135KG,240KG,295KG,,,147
151,Dom Esposito & Matthew Williamson,ATHX BIRMINGHAM 2026,United Kingdom 🇬🇧,2026,Male,ATHX,Strength,,,,137KG,245KG,285KG,,,151
152,Richard Gill & Marcus Cattell,ATHX BIRMINGHAM 2026,United Kingdom 🇬🇧,2026,Male,ATHX,Strength,,,,145KG,230KG,290KG,,,152
152,Martyn Jones & Jude Ed,ATHX BIRMINGHAM 2026,United Kingdom 🇬🇧,2026,Male,ATHX,Strength,,,,135KG,190KG,340KG,,,152
152,Samir Amin & Darryl Fordham,ATHX BIRMINGHAM 2026,United Kingdom 🇬🇧,2026,Male,ATHX,Strength,,,,120KG,265KG,280KG,,,152
155,Nicholas Wearing & Hardip Rindi,ATHX BIRMINGHAM 2026,United Kingdom 🇬🇧,2026,Male,ATHX,Strength,,,,120KG,240KG,300KG,,,155
156,David Beckwith & Blaine Bonnin-Ward,ATHX BIRMINGHAM 2026,United Kingdom 🇬🇧,2026,Male,ATHX,Strength,,,,138KG,230KG,290KG,,,156
157,Tom Bass & Lee Bohin,ATHX BIRMINGHAM 2026,United Kingdom 🇬🇧,2026,Male,ATHX,Strength,,,,135KG,220KG,300KG,,,157
157,Jason Molloy & Glyn Broadhurst,ATHX BIRMINGHAM 2026,United Kingdom 🇬🇧,2026,Male,ATHX,Strength,,,,116KG,253KG,286KG,,,157
157,Sam Breacker & Tom Morley,ATHX BIRMINGHAM 2026,United Kingdom 🇬🇧,2026,Male,ATHX,Strength,,,,135KG,240KG,280KG,,,157
160,Dan Keen & Tomas Marsh,ATHX BIRMINGHAM 2026,United Kingdom 🇬🇧,2026,Male,ATHX,Strength,,,,133KG,260KG,258KG,,,160
161,Jack Sewell & William Sewell,ATHX BIRMINGHAM 2026,United Kingdom 🇬🇧,2026,Male,ATHX,Strength,,,,130KG,260KG,260KG,,,161
161,Michael Grainger & Tom Ashworth,ATHX BIRMINGHAM 2026,United Kingdom 🇬🇧,2026,Male,ATHX,Strength,,,,140KG,240KG,270KG,,,161
161,Dave Clarke & Adrian Johnson,ATHX BIRMINGHAM 2026,United Kingdom 🇬🇧,2026,Male,ATHX,Strength,,,,130KG,230KG,290KG,,,161
164,Sam Lodge & Ben Sugarman,ATHX BIRMINGHAM 2026,United Kingdom 🇬🇧,2026,Male,ATHX,Strength,,,,138KG,210KG,300KG,,,164
164,Russ Wrigley & chris templeman,ATHX BIRMINGHAM 2026,United Kingdom 🇬🇧,2026,Male,ATHX,Strength,,,,123KG,245KG,280KG,,,164
164,Tom Lorimer & James Ledwich,ATHX BIRMINGHAM 2026,United Kingdom 🇬🇧,2026,Male,ATHX,Strength,,,,123KG,235KG,290KG,,,164
164,Marshall Booth & Euan McKenzie Rhodes,ATHX BIRMINGHAM 2026,United Kingdom 🇬🇧,2026,Male,ATHX,Strength,,,,128KG,230KG,290KG,,,164
168,Justin Wizlcox & Jonathan Hargreaves,ATHX BIRMINGHAM 2026,United Kingdom 🇬🇧,2026,Male,ATHX,Strength,,,,140KG,226KG,280KG,,,168
168,Tim Grubb & Rupe Manning,ATHX BIRMINGHAM 2026,United Kingdom 🇬🇧,2026,Male,ATHX,Strength,,,,136KG,210KG,300KG,,,168
170,James Palmer & Daniel Lloyd,ATHX BIRMINGHAM 2026,United Kingdom 🇬🇧,2026,Male,ATHX,Strength,,,,120KG,225KG,300KG,,,170
170,Billy Wesson & Leo Hopley,ATHX BIRMINGHAM 2026,United Kingdom 🇬🇧,2026,Male,ATHX,Strength,,,,135KG,215KG,295KG,,,170
170,Jamie Markham & Alex Markham,ATHX BIRMINGHAM 2026,United Kingdom 🇬🇧,2026,Male,ATHX,Strength,,,,135KG,235KG,275KG,,,170
170,James Davies & Karl Webber,ATHX BIRMINGHAM 2026,United Kingdom 🇬🇧,2026,Male,ATHX,Strength,,,,115KG,250KG,280KG,,,170
170,Ben Shepheard & michael sandercock,ATHX BIRMINGHAM 2026,United Kingdom 🇬🇧,2026,Male,ATHX,Strength,,,,125KG,210KG,310KG,,,170
170,Josh Lynham & Antonio Ghansah,ATHX BIRMINGHAM 2026,United Kingdom 🇬🇧,2026,Male,ATHX,Strength,,,,120KG,245KG,280KG,,,170
170,Jake Berry & Tom Berry,ATHX BIRMINGHAM 2026,United Kingdom 🇬🇧,2026,Male,ATHX,Strength,,,,115KG,250KG,280KG,,,170
170,Peter Cay & Alex Kersey,ATHX BIRMINGHAM 2026,United Kingdom 🇬🇧,2026,Male,ATHX,Strength,,,,135KG,210KG,300KG,,,170
178,Joseph Brierley & Nick Doyle,ATHX BIRMINGHAM 2026,United Kingdom 🇬🇧,2026,Male,ATHX,Strength,,,,135KG,238KG,270KG,,,178
178,Sam Booth & Matthew Carmichael,ATHX BIRMINGHAM 2026,United Kingdom 🇬🇧,2026,Male,ATHX,Strength,,,,133KG,220KG,290KG,,,178
180,Steve Mills & Ryan Ferneyhough,ATHX BIRMINGHAM 2026,United Kingdom 🇬🇧,2026,Male,ATHX,Strength,,,,140KG,230KG,270KG,,,180
180,George Berry & Henri Berry,ATHX BIRMINGHAM 2026,United Kingdom 🇬🇧,2026,Male,ATHX,Strength,,,,140KG,260KG,240KG,,,180
180,harrison slater & James Dawkins,ATHX BIRMINGHAM 2026,United Kingdom 🇬🇧,2026,Male,ATHX,Strength,,,,130KG,250KG,260KG,,,180
183,Tom Crofts & Michael Lees,ATHX BIRMINGHAM 2026,United Kingdom 🇬🇧,2026,Male,ATHX,Strength,,,,119KG,230KG,290KG,,,183
184,Chris Mager & Ed Hothersall,ATHX BIRMINGHAM 2026,United Kingdom 🇬🇧,2026,Male,ATHX,Strength,,,,135KG,230KG,270KG,,,184
185,Robin Bakewell & Ben Hargreaves,ATHX BIRMINGHAM 2026,United Kingdom 🇬🇧,2026,Male,ATHX,Strength,,,,123KG,215KG,295KG,,,185
185,Carl Hackett & Peter Mote,ATHX BIRMINGHAM 2026,United Kingdom 🇬🇧,2026,Male,ATHX,Strength,,,,113KG,260KG,260KG,,,185
185,Mark Lynch & Dale Johnson,ATHX BIRMINGHAM 2026,United Kingdom 🇬🇧,2026,Male,ATHX,Strength,,,,113KG,230KG,290KG,,,185
185,Callum Gee & Joshua Coe,ATHX BIRMINGHAM 2026,United Kingdom 🇬🇧,2026,Male,ATHX,Strength,,,,123KG,230KG,280KG,,,185
185,James McCallion & David Lilly,ATHX BIRMINGHAM 2026,United Kingdom 🇬🇧,2026,Male,ATHX,Strength,,,,173KG,290KG,170KG,,,185
190,Robert Hodgkinson & Richard Hutchinson,ATHX BIRMINGHAM 2026,United Kingdom 🇬🇧,2026,Male,ATHX,Strength,,,,120KG,210KG,300KG,,,190
190,Stephen Baker & Jamie Lyon,ATHX BIRMINGHAM 2026,United Kingdom 🇬🇧,2026,Male,ATHX,Strength,,,,125KG,235KG,270KG,,,190
190,Rob Unsworth & Tom Unsworth,ATHX BIRMINGHAM 2026,United Kingdom 🇬🇧,2026,Male,ATHX,Strength,,,,130KG,235KG,265KG,,,190
193,George Gerrard & Richard Hill,ATHX BIRMINGHAM 2026,United Kingdom 🇬🇧,2026,Male,ATHX,Strength,,,,133KG,230KG,265KG,,,193
194,paul witham & Rich Poulton,ATHX BIRMINGHAM 2026,United Kingdom 🇬🇧,2026,Male,ATHX,Strength,,,,131KG,215KG,278KG,,,194
195,Aaron Wornes & Ryan Underwood,ATHX BIRMINGHAM 2026,United Kingdom 🇬🇧,2026,Male,ATHX,Strength,,,,123KG,230KG,270KG,,,195
196,Stephen Dodge & Chris Poole,ATHX BIRMINGHAM 2026,United Kingdom 🇬🇧,2026,Male,ATHX,Strength,,,,120KG,220KG,280KG,,,196
197,Jag Banwait & Alastair Whitfield,ATHX BIRMINGHAM 2026,United Kingdom 🇬🇧,2026,Male,ATHX,Strength,,,,128KG,210KG,280KG,,,197
197,Ash Sharma & Thom Coupar-Evans,ATHX BIRMINGHAM 2026,United Kingdom 🇬🇧,2026,Male,ATHX,Strength,,,,123KG,210KG,285KG,,,197
197,Matt De ferry & Brad Chalk,ATHX BIRMINGHAM 2026,United Kingdom 🇬🇧,2026,Male,ATHX,Strength,,,,118KG,225KG,275KG,,,197
200,Mackenzie Nash & Mike McNeill,ATHX BIRMINGHAM 2026,United Kingdom 🇬🇧,2026,Male,ATHX,Strength,,,,125KG,220KG,270KG,,,200
200,Rhys Kilner & John Gibbins,ATHX BIRMINGHAM 2026,United Kingdom 🇬🇧,2026,Male,ATHX,Strength,,,,115KG,240KG,260KG,,,200
200,Phillip Jeffery & Matt Glass,ATHX BIRMINGHAM 2026,United Kingdom 🇬🇧,2026,Male,ATHX,Strength,,,,125KG,230KG,260KG,,,200
203,Matthew Tebb & Scott Howarth,ATHX BIRMINGHAM 2026,United Kingdom 🇬🇧,2026,Male,ATHX,Strength,,,,163KG,240KG,210KG,,,203
203,Nathan  Gardner & Ross Walker,ATHX BIRMINGHAM 2026,United Kingdom 🇬🇧,2026,Male,ATHX,Strength,,,,128KG,235KG,250KG,,,203
205,Sam Dodson & Matthew Sallis,ATHX BIRMINGHAM 2026,United Kingdom 🇬🇧,2026,Male,ATHX,Strength,,,,130KG,210KG,270KG,,,205
206,Mike Carroll & Ian Eastwood,ATHX BIRMINGHAM 2026,United Kingdom 🇬🇧,2026,Male,ATHX,Strength,,,,125KG,198KG,283KG,,,206
207,Rob Luff & Alan Harrison,ATHX BIRMINGHAM 2026,United Kingdom 🇬🇧,2026,Male,ATHX,Strength,,,,120KG,225KG,260KG,,,207
208,Paul Simmons & James Wyatt,ATHX BIRMINGHAM 2026,United Kingdom 🇬🇧,2026,Male,ATHX,Strength,,,,130KG,220KG,250KG,,,208
208,Mr Michael Taylor & Lee Cobby,ATHX BIRMINGHAM 2026,United Kingdom 🇬🇧,2026,Male,ATHX,Strength,,,,140KG,200KG,260KG,,,208
208,Dave Moriarty & Jamie Somers,ATHX BIRMINGHAM 2026,United Kingdom 🇬🇧,2026,Male,ATHX,Strength,,,,115KG,215KG,270KG,,,208
211,Charles Moussay & Nathan Rautureau,ATHX BIRMINGHAM 2026,United Kingdom 🇬🇧,2026,Male,ATHX,Strength,,,,118KG,210KG,270KG,,,211
212,Ben Swain & Tom Garratt,ATHX BIRMINGHAM 2026,United Kingdom 🇬🇧,2026,Male,ATHX,Strength,,,,123KG,203KG,270KG,,,212
213,Ollie Cook & Robert Smith,ATHX BIRMINGHAM 2026,United Kingdom 🇬🇧,2026,Male,ATHX,Strength,,,,115KG,190KG,290KG,,,213
214,Jack Cunningham & Jack Shaw,ATHX BIRMINGHAM 2026,United Kingdom 🇬🇧,2026,Male,ATHX,Strength,,,,120KG,200KG,270KG,,,214
215,Steve Harrhy & Kevin Messenger,ATHX BIRMINGHAM 2026,United Kingdom 🇬🇧,2026,Male,ATHX,Strength,,,,123KG,213KG,253KG,,,215
216,Andrew HUME & Lewis Watt,ATHX BIRMINGHAM 2026,United Kingdom 🇬🇧,2026,Male,ATHX,Strength,,,,108KG,220KG,260KG,,,216
216,James Dovey & Andrew Whitehouse,ATHX BIRMINGHAM 2026,United Kingdom 🇬🇧,2026,Male,ATHX,Strength,,,,108KG,210KG,270KG,,,216
218,Keith Noble & Duncan Harris,ATHX BIRMINGHAM 2026,United Kingdom 🇬🇧,2026,Male,ATHX,Strength,,,,115KG,205KG,265KG,,,218
218,Klaus Knese & Gordon Bieling,ATHX BIRMINGHAM 2026,United Kingdom 🇬🇧,2026,Male,ATHX,Strength,,,,135KG,170KG,280KG,,,218
218,Jason Jones & Dale Vaughan,ATHX BIRMINGHAM 2026,United Kingdom 🇬🇧,2026,Male,ATHX,Strength,,,,105KG,220KG,260KG,,,218
221,Tony Watson & Andrew Smith,ATHX BIRMINGHAM 2026,United Kingdom 🇬🇧,2026,Male,ATHX,Strength,,,,128KG,205KG,250KG,,,221
222,Alex Hughes & Andy McElligott,ATHX BIRMINGHAM 2026,United Kingdom 🇬🇧,2026,Male,ATHX,Strength,,,,140KG,190KG,250KG,,,222
223,Brandon White & Gareth Coller,ATHX BIRMINGHAM 2026,United Kingdom 🇬🇧,2026,Male,ATHX,Strength,,,,113KG,205KG,260KG,,,223
223,Braden Eveleigh & Charlie Kidd,ATHX BIRMINGHAM 2026,United Kingdom 🇬🇧,2026,Male,ATHX,Strength,,,,115KG,210KG,253KG,,,223
223,Tobie kottman & Glyn Loveday,ATHX BIRMINGHAM 2026,United Kingdom 🇬🇧,2026,Male,ATHX,Strength,,,,98KG,220KG,260KG,,,223
226,Taylor Phull & Sean Hill,ATHX BIRMINGHAM 2026,United Kingdom 🇬🇧,2026,Male,ATHX,Strength,,,,103KG,198KG,270KG,,,226
227,Adam Wilcox & Lewis Smith,ATHX BIRMINGHAM 2026,United Kingdom 🇬🇧,2026,Male,ATHX,Strength,,,,136KG,175KG,250KG,,,227
228,Sam Boswell & Nick Clark,ATHX BIRMINGHAM 2026,United Kingdom 🇬🇧,2026,Male,ATHX,Strength,,,,108KG,185KG,260KG,,,228
229,Adam White & Anthony White,ATHX BIRMINGHAM 2026,United Kingdom 🇬🇧,2026,Male,ATHX,Strength,,,,90KG,220KG,240KG,,,229
229,Lee Hill & Degan Hill,ATHX BIRMINGHAM 2026,United Kingdom 🇬🇧,2026,Male,ATHX,Strength,,,,120KG,190KG,240KG,,,229
231,Charlie Barwis & Mike Hart,ATHX BIRMINGHAM 2026,United Kingdom 🇬🇧,2026,Male,ATHX,Strength,,,,115KG,196KG,235KG,,,231
231,Chris James & Ben Crudgington,ATHX BIRMINGHAM 2026,United Kingdom 🇬🇧,2026,Male,ATHX,Strength,,,,106KG,170KG,270KG,,,231
233,Scott Davis & Harvey Willett,ATHX BIRMINGHAM 2026,United Kingdom 🇬🇧,2026,Male,ATHX,Strength,,,,101KG,190KG,250KG,,,233
234,Albert Perry & Luke Burton,ATHX BIRMINGHAM 2026,United Kingdom 🇬🇧,2026,Male,ATHX,Strength,,,,110KG,190KG,240KG,,,234
234,Gabriel Sinnott & Rory McAuliffe,ATHX BIRMINGHAM 2026,United Kingdom 🇬🇧,2026,Male,ATHX,Strength,,,,120KG,170KG,250KG,,,234
234,Ian Bull & David Bull,ATHX BIRMINGHAM 2026,United Kingdom 🇬🇧,2026,Male,ATHX,Strength,,,,105KG,200KG,235KG,,,234
237,Ollie White & Sam Geller,ATHX BIRMINGHAM 2026,United Kingdom 🇬🇧,2026,Male,ATHX,Strength,,,,93KG,200KG,243KG,,,237
238,Elliott Laidlaw & George Eldridge,ATHX BIRMINGHAM 2026,United Kingdom 🇬🇧,2026,Male,ATHX,Strength,,,,98KG,173KG,260KG,,,238
238,Dan Campbell & Pete Reynolds,ATHX BIRMINGHAM 2026,United Kingdom 🇬🇧,2026,Male,ATHX,Strength,,,,131KG,190KG,210KG,,,238
240,Jonathan Kershaw & Gordon Hillis,ATHX BIRMINGHAM 2026,United Kingdom 🇬🇧,2026,Male,ATHX,Strength,,,,140KG,180KG,210KG,,,240
241,Luke Blay & Callum Hazeldine,ATHX BIRMINGHAM 2026,United Kingdom 🇬🇧,2026,Male,ATHX,Strength,,,,95KG,190KG,240KG,,,241
242,Declan Braddock & Matt Dytham,ATHX BIRMINGHAM 2026,United Kingdom 🇬🇧,2026,Male,ATHX,Strength,,,,108KG,195KG,220KG,,,242
243,Craig Cooper & Lee Whitfield,ATHX BIRMINGHAM 2026,United Kingdom 🇬🇧,2026,Male,ATHX,Strength,,,,113KG,170KG,238KG,,,243
244,Leo Dudin & Robert Carlin,ATHX BIRMINGHAM 2026,United Kingdom 🇬🇧,2026,Male,ATHX,Strength,,,,105KG,158KG,255KG,,,244
245,Tom Bennett & Daniel Loasby,ATHX BIRMINGHAM 2026,United Kingdom 🇬🇧,2026,Male,ATHX,Strength,,,,105KG,180KG,230KG,,,245
246,Matt Hickman & Stew Crooks,ATHX BIRMINGHAM 2026,United Kingdom 🇬🇧,2026,Male,ATHX,Strength,,,,95KG,168KG,240KG,,,246
247,Jake Varden & Connor Slattery,ATHX BIRMINGHAM 2026,United Kingdom 🇬🇧,2026,Male,ATHX,Strength,,,,105KG,175KG,220KG,,,247
248,Jon Cusselle & Andrew Williams,ATHX BIRMINGHAM 2026,United Kingdom 🇬🇧,2026,Male,ATHX,Strength,,,,98KG,160KG,240KG,,,248
249,Lewis Thorneycroft & Jamie Grant,ATHX BIRMINGHAM 2026,United Kingdom 🇬🇧,2026,Male,ATHX,Strength,,,,120KG,193KG,183KG,,,249
250,Scott Moore & Noel Mooney,ATHX BIRMINGHAM 2026,United Kingdom 🇬🇧,2026,Male,ATHX,Strength,,,,103KG,165KG,220KG,,,250
251,Eric Norman & Ben Smith,ATHX BIRMINGHAM 2026,United Kingdom 🇬🇧,2026,Male,ATHX,Strength,,,,93KG,160KG,230KG,,,251
252,Jacob Symondson & Ian Henworth,ATHX BIRMINGHAM 2026,United Kingdom 🇬🇧,2026,Male,ATHX,Strength,,,,105KG,160KG,210KG,,,252
253,David Wallis & Miles De Clifford,ATHX BIRMINGHAM 2026,United Kingdom 🇬🇧,2026,Male,ATHX,Strength,,,,76KG,145KG,175KG,,,253
1,Becki Watkins & Sophie Grosvenor,ATHX BIRMINGHAM 2026,United Kingdom 🇬🇧,2026,Female,ATHX Pro,Strength,,,,107KG,260KG,263KG,,,1
2,Alice Hardy & Hannah Brown,ATHX BIRMINGHAM 2026,United Kingdom 🇬🇧,2026,Female,ATHX Pro,Strength,,,,98KG,218KG,251KG,,,2
3,Jade Brier & Nicolle Grant,ATHX BIRMINGHAM 2026,United Kingdom 🇬🇧,2026,Female,ATHX Pro,Strength,,,,90KG,220KG,240KG,,,3
4,Laura Smith & Sharon O’SULLIVAN,ATHX BIRMINGHAM 2026,United Kingdom 🇬🇧,2026,Female,ATHX Pro,Strength,,,,90KG,185KG,265KG,,,4
5,Sheena McEwen & Hannah Botten,ATHX BIRMINGHAM 2026,United Kingdom 🇬🇧,2026,Female,ATHX Pro,Strength,,,,91KG,200KG,223KG,,,5
6,Sam Allcott & Lyra McKinnon,ATHX BIRMINGHAM 2026,United Kingdom 🇬🇧,2026,Female,ATHX Pro,Strength,,,,86KG,178KG,230KG,,,6
7,Chelsea Callaghan & Chloe White,ATHX BIRMINGHAM 2026,United Kingdom 🇬🇧,2026,Female,ATHX Pro,Strength,,,,86KG,160KG,230KG,,,7
8,Tilly Hazell & Dana-Jane Maybin,ATHX BIRMINGHAM 2026,United Kingdom 🇬🇧,2026,Female,ATHX Pro,Strength,,,,80KG,170KG,223KG,,,8
9,Hollie John & Becky Standen,ATHX BIRMINGHAM 2026,United Kingdom 🇬🇧,2026,Female,ATHX Pro,Strength,,,,85KG,170KG,210KG,,,9
10,Charlotte Bembridge & Emma Causon-Wood,ATHX BIRMINGHAM 2026,United Kingdom 🇬🇧,2026,Female,ATHX Pro,Strength,,,,80KG,168KG,210KG,,,10
11,Kirsty Bond & Jordan Domeney,ATHX BIRMINGHAM 2026,United Kingdom 🇬🇧,2026,Female,ATHX Pro,Strength,,,,85KG,170KG,200KG,,,11
12,Katy Binney & rebecca Canning,ATHX BIRMINGHAM 2026,United Kingdom 🇬🇧,2026,Female,ATHX Pro,Strength,,,,81KG,160KG,210KG,,,12
13,Sophie Whatley & Emma Shaw,ATHX BIRMINGHAM 2026,United Kingdom 🇬🇧,2026,Female,ATHX Pro,Strength,,,,75KG,170KG,195KG,,,13
14,Leanne Lewis & Stacey Auty,ATHX BIRMINGHAM 2026,United Kingdom 🇬🇧,2026,Female,ATHX Pro,Strength,,,,83KG,150KG,205KG,,,14
15,Holly Foster & Fern Gardner,ATHX BIRMINGHAM 2026,United Kingdom 🇬🇧,2026,Female,ATHX Pro,Strength,,,,75KG,160KG,195KG,,,15
1,Alex Wilkinson & Leanne Jones,ATHX BIRMINGHAM 2026,United Kingdom 🇬🇧,2026,Female,ATHX Lite,Overall,3 (481KG),3 (8.008KM),2 (14:01),,,,,,8
2,Anna Paul & Jessica Dickinson,ATHX BIRMINGHAM 2026,United Kingdom 🇬🇧,2026,Female,ATHX Lite,Overall,8 (433KG),2 (8.134KM),1 (12:25),,,,,,11
3,Ella Joseph & Shanice Birchall,ATHX BIRMINGHAM 2026,United Kingdom 🇬🇧,2026,Female,ATHX Lite,Overall,2 (485KG),12 (7.636KM),10 (15:27),,,,,,24
4,Joey Lin & Farah Chiu,ATHX BIRMINGHAM 2026,United Kingdom 🇬🇧,2026,Female,ATHX Lite,Overall,13 (422KG),9 (7.688KM),4 (14:30),,,,,,26
5,Sian Wigington & Holly Gibbs,ATHX BIRMINGHAM 2026,United Kingdom 🇬🇧,2026,Female,ATHX Lite,Overall,21 (400KG),4 (7.853KM),5 (14:33),,,,,,30
6,Paige Reed & Jade Gubb,ATHX BIRMINGHAM 2026,United Kingdom 🇬🇧,2026,Female,ATHX Lite,Overall,38 (360KG),5 (7.792KM),11 (15:30),,,,,,54
7,Angela Gilchrist & Sally Cross,ATHX BIRMINGHAM 2026,United Kingdom 🇬🇧,2026,Female,ATHX Lite,Overall,48 (343KG),1 (8.227KM),8 (15:12),,,,,,57
8,Katie Richards & kellywarwick87 Team,ATHX BIRMINGHAM 2026,United Kingdom 🇬🇧,2026,Female,ATHX Lite,Overall,20 (401KG),8 (7.707KM),33 (17:14),,,,,,61
9,Abbie Windebank & Lauren Cain,ATHX BIRMINGHAM 2026,United Kingdom 🇬🇧,2026,Female,ATHX Lite,Overall,4 (466KG),29 (7.16KM),29 (16:55),,,,,,62
10,Leia Leahy & Hollie Baker,ATHX BIRMINGHAM 2026,United Kingdom 🇬🇧,2026,Female,ATHX Lite,Overall,24 (393KG),28 (7.204KM),16 (15:50),,,,,,68
11,Ellena Bailey & Kezia Cottrell,ATHX BIRMINGHAM 2026,United Kingdom 🇬🇧,2026,Female,ATHX Lite,Overall,52 (338KG),10 (7.667KM),7 (15:09),,,,,,69
12,Jackie Mccoy & Courtney Brand,ATHX BIRMINGHAM 2026,United Kingdom 🇬🇧,2026,Female,ATHX Lite,Overall,16 (408KG),24 (7.336KM),30 (16:59),,,,,,70
12,Sarah Savaria & Lucy Burden-Ince,ATHX BIRMINGHAM 2026,United Kingdom 🇬🇧,2026,Female,ATHX Lite,Overall,30 (379KG),25 (7.298KM),15 (15:48),,,,,,70
14,Dawn Boon & Emma Odom,ATHX BIRMINGHAM 2026,United Kingdom 🇬🇧,2026,Female,ATHX Lite,Overall,32 (369KG),16 (7.589KM),23 (16:26),,,,,,71
15,Siobhan Hudson & Hannah Hudson,ATHX BIRMINGHAM 2026,United Kingdom 🇬🇧,2026,Female,ATHX Lite,Overall,1 (524KG),37 (6.91KM),39 (17:34),,,,,,77
16,Amanda Perry & Hannah Mcgovern,ATHX BIRMINGHAM 2026,United Kingdom 🇬🇧,2026,Female,ATHX Lite,Overall,65 (324KG),7 (7.744KM),6 (14:50),,,,,,78
16,Holly Johnson & Jess Miller,ATHX BIRMINGHAM 2026,United Kingdom 🇬🇧,2026,Female,ATHX Lite,Overall,31 (370KG),26 (7.277KM),21 (16:19),,,,,,78
18,Layla Woollard & Anna Margetson,ATHX BIRMINGHAM 2026,United Kingdom 🇬🇧,2026,Female,ATHX Lite,Overall,70 (315KG),6 (7.762KM),3 (14:09),,,,,,79
19,Laura Froggatt & Angela Tooley,ATHX BIRMINGHAM 2026,United Kingdom 🇬🇧,2026,Female,ATHX Lite,Overall,44 (348KG),15 (7.598KM),25 (16:40),,,,,,84
20,Jaz Pugh & Liv Jones,ATHX BIRMINGHAM 2026,United Kingdom 🇬🇧,2026,Female,ATHX Lite,Overall,50 (340KG),21 (7.458KM),14 (15:42),,,,,,85
21,Sue Davis & Rose Piper,ATHX BIRMINGHAM 2026,United Kingdom 🇬🇧,2026,Female,ATHX Lite,Overall,10 (430KG),42 (6.815KM),35 (17:24),,,,,,87
22,Denise Bennett & Sue Wedgbury,ATHX BIRMINGHAM 2026,United Kingdom 🇬🇧,2026,Female,ATHX Lite,Overall,26 (388KG),34 (7.071KM),28 (16:52),,,,,,88
23,Rachel Caplan & Georgia Frampton,ATHX BIRMINGHAM 2026,United Kingdom 🇬🇧,2026,Female,ATHX Lite,Overall,71 (313KG),11 (7.658KM),9 (15:23),,,,,,91
24,mollie tate & CHELSEY Chapman,ATHX BIRMINGHAM 2026,United Kingdom 🇬🇧,2026,Female,ATHX Lite,Overall,10 (430KG),65 (6.456KM),17 (15:54),,,,,,92
25,Rebecca Campbell & Louise Campbell,ATHX BIRMINGHAM 2026,United Kingdom 🇬🇧,2026,Female,ATHX Lite,Overall,57 (331KG),19 (7.495KM),21 (16:19),,,,,,97
25,Michaela Campbell & Melanie Brooke,ATHX BIRMINGHAM 2026,United Kingdom 🇬🇧,2026,Female,ATHX Lite,Overall,15 (415KG),38 (6.904KM),44 (18:25),,,,,,97
25,Emma Dadford & Georgia Breacher,ATHX BIRMINGHAM 2026,United Kingdom 🇬🇧,2026,Female,ATHX Lite,Overall,33 (364KG),22 (7.349KM),42 (17:59),,,,,,97
28,Tammy Holmes & Stephanie Meadows,ATHX BIRMINGHAM 2026,United Kingdom 🇬🇧,2026,Female,ATHX Lite,Overall,63 (325KG),17 (7.537KM),18 (16:12),,,,,,98
28,Leanne Trimble & Abby Adams,ATHX BIRMINGHAM 2026,United Kingdom 🇬🇧,2026,Female,ATHX Lite,Overall,19 (405KG),67 (6.441KM),12 (15:35),,,,,,98
28,Martha Skillern & Cecily Fahey,ATHX BIRMINGHAM 2026,United Kingdom 🇬🇧,2026,Female,ATHX Lite,Overall,65 (324KG),13 (7.602KM),20 (16:18),,,,,,98
31,Sophie Mee & SARAH Preston,ATHX BIRMINGHAM 2026,United Kingdom 🇬🇧,2026,Female,ATHX Lite,Overall,17 (406KG),55 (6.667KM),27 (16:46),,,,,,99
31,Dana Lukic & Tiffany Tebbutt,ATHX BIRMINGHAM 2026,United Kingdom 🇬🇧,2026,Female,ATHX Lite,Overall,59 (328KG),27 (7.26KM),13 (15:41),,,,,,99
33,Sharon Elms & Amanda Connolly,ATHX BIRMINGHAM 2026,United Kingdom 🇬🇧,2026,Female,ATHX Lite,Overall,63 (325KG),18 (7.532KM),19 (16:15),,,,,,100
33,Emma Bassey & Caprice Fox,ATHX BIRMINGHAM 2026,United Kingdom 🇬🇧,2026,Female,ATHX Lite,Overall,6 (443KG),40 (6.86KM),54 (19:18),,,,,,100
35,Sarah Frewin & Rachel Liddicott,ATHX BIRMINGHAM 2026,United Kingdom 🇬🇧,2026,Female,ATHX Lite,Overall,26 (388KG),46 (6.765KM),31 (17:04),,,,,,103
36,Francesca Monk & Donna Jackson,ATHX BIRMINGHAM 2026,United Kingdom 🇬🇧,2026,Female,ATHX Lite,Overall,17 (406KG),50 (6.739KM),37 (17:31),,,,,,104
37,Alice Rayner & Stephanie Smith,ATHX BIRMINGHAM 2026,United Kingdom 🇬🇧,2026,Female,ATHX Lite,Overall,7 (441KG),57 (6.654KM),41 (17:41),,,,,,105
38,Lizzie Corbett & Anna Jaines,ATHX BIRMINGHAM 2026,United Kingdom 🇬🇧,2026,Female,ATHX Lite,Overall,71 (313KG),14 (7.6KM),24 (16:39),,,,,,109
39,Ivana Babicova & Zdenka Babicova,ATHX BIRMINGHAM 2026,United Kingdom 🇬🇧,2026,Female,ATHX Lite,Overall,36 (361KG),31 (7.103KM),43 (18:13),,,,,,110
40,Sian Thomas & Sarah Sullivan,ATHX BIRMINGHAM 2026,United Kingdom 🇬🇧,2026,Female,ATHX Lite,Overall,40 (356KG),33 (7.086KM),38 (17:33),,,,,,111
41,Wendy Grace & Jessie Bradley,ATHX BIRMINGHAM 2026,United Kingdom 🇬🇧,2026,Female,ATHX Lite,Overall,34 (363KG),35 (7.046KM),45 (18:33),,,,,,114
42,Sonia Tutt & Clara Gawley,ATHX BIRMINGHAM 2026,United Kingdom 🇬🇧,2026,Female,ATHX Lite,Overall,71 (313KG),20 (7.473KM),26 (16:41),,,,,,117
42,Tara Williams & Emily Williams,ATHX BIRMINGHAM 2026,United Kingdom 🇬🇧,2026,Female,ATHX Lite,Overall,9 (431KG),47 (6.764KM),61 (19:43),,,,,,117
42,Trish Walker & Katie Stammers,ATHX BIRMINGHAM 2026,United Kingdom 🇬🇧,2026,Female,ATHX Lite,Overall,36 (361KG),49 (6.744KM),32 (17:10),,,,,,117
45,philippa blackburn & Sian Edgell,ATHX BIRMINGHAM 2026,United Kingdom 🇬🇧,2026,Female,ATHX Lite,Overall,29 (383KG),45 (6.788KM),49 (18:53),,,,,,123
46,Krithika Dawett & Jessica Barnes,ATHX BIRMINGHAM 2026,United Kingdom 🇬🇧,2026,Female,ATHX Lite,Overall,26 (388KG),53 (6.709KM),51 (18:57),,,,,,130
47,Jessica Thraves & Harshini Solanki,ATHX BIRMINGHAM 2026,United Kingdom 🇬🇧,2026,Female,ATHX Lite,Overall,5 (460KG),74 (6.202KM),55 (19:26),,,,,,134
48,Cameron Booth & Lauren Whitehead,ATHX BIRMINGHAM 2026,United Kingdom 🇬🇧,2026,Female,ATHX Lite,Overall,22 (398KG),58 (6.646KM),60 (19:42),,,,,,140
48,Beth Tranter & Sophie Tranter,ATHX BIRMINGHAM 2026,United Kingdom 🇬🇧,2026,Female,ATHX Lite,Overall,50 (340KG),44 (6.804KM),46 (18:47),,,,,,140
50,Rhian Burrell & Imogen Bennett,ATHX BIRMINGHAM 2026,United Kingdom 🇬🇧,2026,Female,ATHX Lite,Overall,40 (356KG),56 (6.657KM),46 (18:47),,,,,,142
51,Jessica Smith & Karien Read,ATHX BIRMINGHAM 2026,United Kingdom 🇬🇧,2026,Female,ATHX Lite,Overall,34 (363KG),42 (6.815KM),68 (20:32),,,,,,144
51,Nadeané Mcdonald & Amy Wyatt-Bennett,ATHX BIRMINGHAM 2026,United Kingdom 🇬🇧,2026,Female,ATHX Lite,Overall,14 (420KG),68 (6.42KM),62 (20:00),,,,,,144
51,Rosie Beckett & Kirsty Purdew,ATHX BIRMINGHAM 2026,United Kingdom 🇬🇧,2026,Female,ATHX Lite,Overall,58 (330KG),36 (7.018KM),50 (18:54),,,,,,144
54,Kelly Catanzaro & Cindy Johnson,ATHX BIRMINGHAM 2026,United Kingdom 🇬🇧,2026,Female,ATHX Lite,Overall,59 (328KG),52 (6.729KM),34 (17:21),,,,,,145
55,Lisa Blakeman & Charlotte Stableford,ATHX BIRMINGHAM 2026,United Kingdom 🇬🇧,2026,Female,ATHX Lite,Overall,12 (425KG),64 (6.462KM),73 (21:07),,,,,,149
55,Ayisha Ajikobi & Onika Griffith-Elliott,ATHX BIRMINGHAM 2026,United Kingdom 🇬🇧,2026,Female,ATHX Lite,Overall,42 (355KG),59 (6.644KM),48 (18:48),,,,,,149
57,Pia Jarvis & Sally Powell,ATHX BIRMINGHAM 2026,United Kingdom 🇬🇧,2026,Female,ATHX Lite,Overall,55 (333KG),39 (6.865KM),56 (19:33),,,,,,150
58,Emma Coombes & Vicci Lamb,ATHX BIRMINGHAM 2026,United Kingdom 🇬🇧,2026,Female,ATHX Lite,Overall,47 (345KG),41 (6.837KM),65 (20:22),,,,,,153
59,Sarah Hoosdally & Maisy Ball,ATHX BIRMINGHAM 2026,United Kingdom 🇬🇧,2026,Female,ATHX Lite,Overall,54 (336KG),66 (6.447KM),36 (17:28),,,,,,156
60,Sharon Hunt & Naomi Herrick,ATHX BIRMINGHAM 2026,United Kingdom 🇬🇧,2026,Female,ATHX Lite,Overall,77 (291KG),23 (7.338KM),57 (19:36),,,,,,157
61,Lisa Pringle & Amy Killick,ATHX BIRMINGHAM 2026,United Kingdom 🇬🇧,2026,Female,ATHX Lite,Overall,46 (346KG),60 (6.635KM),53 (19:04),,,,,,159
62,Sophie Spencer & Jess Little,ATHX BIRMINGHAM 2026,United Kingdom 🇬🇧,2026,Female,ATHX Lite,Overall,44 (348KG),54 (6.684KM),70 (20:42),,,,,,168
63,Jane Borton & Pamela Arnold,ATHX BIRMINGHAM 2026,United Kingdom 🇬🇧,2026,Female,ATHX Lite,Overall,43 (351KG),70 (6.378KM),58 (19:41),,,,,,171
63,Vicky Lewis & Clare Glinski-Wignall,ATHX BIRMINGHAM 2026,United Kingdom 🇬🇧,2026,Female,ATHX Lite,Overall,68 (323KG),51 (6.733KM),52 (19:02),,,,,,171
65,kaitlyn coles & Misha Staples,ATHX BIRMINGHAM 2026,United Kingdom 🇬🇧,2026,Female,ATHX Lite,Overall,25 (391KG),73 (6.296KM),74 (21:19),,,,,,172
66,Zoe Churchill & natasha churchill,ATHX BIRMINGHAM 2026,United Kingdom 🇬🇧,2026,Female,ATHX Lite,Overall,79 (278KG),29 (7.16KM),66 (20:23),,,,,,174
67,Nasim Akhtar & Melodie H Gonzalez,ATHX BIRMINGHAM 2026,United Kingdom 🇬🇧,2026,Female,ATHX Lite,Overall,39 (357KG),75 (6.186KM),63 (20:19),,,,,,177
68,Julie Fox & Becky Lyons,ATHX BIRMINGHAM 2026,United Kingdom 🇬🇧,2026,Female,ATHX Lite,Overall,74 (301KG),32 (7.087KM),75 (22:07),,,,,,181
69,Laura Marsh & Sharon Buckingham,ATHX BIRMINGHAM 2026,United Kingdom 🇬🇧,2026,Female,ATHX Lite,Overall,74 (301KG),69 (6.384KM),40 (17:37),,,,,,183
70,Mercedes Britton & Channelle Houston,ATHX BIRMINGHAM 2026,United Kingdom 🇬🇧,2026,Female,ATHX Lite,Overall,23 (396KG),80 (5.891KM),82 (24:41),,,,,,185
71,Alicia Parker-Ennis & Hannah Randall,ATHX BIRMINGHAM 2026,United Kingdom 🇬🇧,2026,Female,ATHX Lite,Overall,76 (296KG),48 (6.752KM),63 (20:19),,,,,,187
71,Rachel Waterman & Melanie Keen,ATHX BIRMINGHAM 2026,United Kingdom 🇬🇧,2026,Female,ATHX Lite,Overall,48 (343KG),72 (6.313KM),67 (20:29),,,,,,187
73,Livi Hunter & Becca Thomas,ATHX BIRMINGHAM 2026,United Kingdom 🇬🇧,2026,Female,ATHX Lite,Overall,55 (333KG),76 (6.128KM),69 (20:33),,,,,,200
74,Lucie Wagstaff & Kim Rees,ATHX BIRMINGHAM 2026,United Kingdom 🇬🇧,2026,Female,ATHX Lite,Overall,69 (317KG),61 (6.623KM),72 (20:56),,,,,,202
75,Rebecca Harwood & Yoland Johnson,ATHX BIRMINGHAM 2026,United Kingdom 🇬🇧,2026,Female,ATHX Lite,Overall,85 (223KG),71 (6.364KM),58 (19:41),,,,,,214
76,Ruby Maxwell & Karon Maxwell,ATHX BIRMINGHAM 2026,United Kingdom 🇬🇧,2026,Female,ATHX Lite,Overall,59 (328KG),79 (5.955KM),78 (23:16),,,,,,216
76,Sophie Medland & Caitlin Wagstaffe,ATHX BIRMINGHAM 2026,United Kingdom 🇬🇧,2026,Female,ATHX Lite,Overall,52 (338KG),84 (5.656KM),80 (24:10),,,,,,216
78,Margaret Ndiritu & Emma Grafton,ATHX BIRMINGHAM 2026,United Kingdom 🇬🇧,2026,Female,ATHX Lite,Overall,78 (285KG),62 (6.6KM),77 (22:17),,,,,,217
79,Karen Lorenzo & Louise Mitchell,ATHX BIRMINGHAM 2026,United Kingdom 🇬🇧,2026,Female,ATHX Lite,Overall,65 (324KG),77 (6.089KM),76 (22:13),,,,,,218
80,Nicola Smith & melissa green,ATHX BIRMINGHAM 2026,United Kingdom 🇬🇧,2026,Female,ATHX Lite,Overall,83 (263KG),63 (6.5KM),79 (24:00),,,,,,225
81,Carole Waters & Sarah Ross,ATHX BIRMINGHAM 2026,United Kingdom 🇬🇧,2026,Female,ATHX Lite,Overall,59 (328KG),83 (5.788KM),84 (25:08),,,,,,226
82,Gemma Broughton & Annjanet Mckerral,ATHX BIRMINGHAM 2026,United Kingdom 🇬🇧,2026,Female,ATHX Lite,Overall,82 (267KG),78 (6.048KM),71 (20:44),,,,,,231
83,Rachna Amin & Shirina Davey,ATHX BIRMINGHAM 2026,United Kingdom 🇬🇧,2026,Female,ATHX Lite,Overall,80 (269KG),82 (5.797KM),81 (24:35),,,,,,243
84,Janet King & Susan Sainsbury,ATHX BIRMINGHAM 2026,United Kingdom 🇬🇧,2026,Female,ATHX Lite,Overall,81 (268KG),85 (5.499KM),83 (25:05),,,,,,249
85,Katie Heer & Shevonne Blair,ATHX BIRMINGHAM 2026,United Kingdom 🇬🇧,2026,Female,ATHX Lite,Overall,84 (243KG),81 (5.877KM),85 (25:24),,,,,,250
1,Junior Oby Obi & Giulia Raus,ATHX BIRMINGHAM 2026,United Kingdom 🇬🇧,2026,Mixed,ATHX Lite,Overall,2 (635KG),1 (8.83KM),1 (11:03),,,,,,4
2,Charles rankin & Alison Burrows,ATHX BIRMINGHAM 2026,United Kingdom 🇬🇧,2026,Mixed,ATHX Lite,Overall,1 (663KG),4 (8.263KM),7 (13:45),,,,,,12
3,Naomi Scriven & Ben Long,ATHX BIRMINGHAM 2026,United Kingdom 🇬🇧,2026,Mixed,ATHX Lite,Overall,8 (521KG),2 (8.468KM),2 (11:06),,,,,,12
4,Karl Morgan & Nikki McSweeney,ATHX BIRMINGHAM 2026,United Kingdom 🇬🇧,2026,Mixed,ATHX Lite,Overall,3 (596KG),8 (7.891KM),3 (12:23),,,,,,14
5,Sophie Jones & Lewis Jones,ATHX BIRMINGHAM 2026,United Kingdom 🇬🇧,2026,Mixed,ATHX Lite,Overall,6 (541KG),5 (8.01KM),4 (12:37),,,,,,15
5,Khaleefa Chee-A-Tow & Maria Kumrili,ATHX BIRMINGHAM 2026,United Kingdom 🇬🇧,2026,Mixed,ATHX Lite,Overall,4 (556KG),6 (8.005KM),5 (12:38),,,,,,15
7,Guy Bailey & Chloe Cooper,ATHX BIRMINGHAM 2026,United Kingdom 🇬🇧,2026,Mixed,ATHX Lite,Overall,9 (511KG),7 (7.941KM),6 (12:58),,,,,,22
8,Charles McCausland & Katharine Anderson,ATHX BIRMINGHAM 2026,United Kingdom 🇬🇧,2026,Mixed,ATHX Lite,Overall,11 (495KG),3 (8.361KM),9 (13:58),,,,,,23
9,Francesca Berry & James Kendall,ATHX BIRMINGHAM 2026,United Kingdom 🇬🇧,2026,Mixed,ATHX Lite,Overall,6 (541KG),10 (7.637KM),10 (14:13),,,,,,26
10,Chloe Fowler & Richard Gibson,ATHX BIRMINGHAM 2026,United Kingdom 🇬🇧,2026,Mixed,ATHX Lite,Overall,5 (550KG),12 (7.449KM),11 (14:14),,,,,,28
11,Eddie Mills & Sarah Hodges,ATHX BIRMINGHAM 2026,United Kingdom 🇬🇧,2026,Mixed,ATHX Lite,Overall,13 (476KG),9 (7.803KM),8 (13:49),,,,,,30
12,Lottie Hibble & Matt Harrison,ATHX BIRMINGHAM 2026,United Kingdom 🇬🇧,2026,Mixed,ATHX Lite,Overall,10 (510KG),15 (7.306KM),12 (14:15),,,,,,37
13,Micol Mosca & Jasper Denk,ATHX BIRMINGHAM 2026,United Kingdom 🇬🇧,2026,Mixed,ATHX Lite,Overall,14 (470KG),11 (7.496KM),13 (14:53),,,,,,38
14,Matthew Buckley & Eve Bradnam,ATHX BIRMINGHAM 2026,United Kingdom 🇬🇧,2026,Mixed,ATHX Lite,Overall,17 (454KG),14 (7.376KM),14 (14:58),,,,,,45
15,Helen Cross & Roger Cross,ATHX BIRMINGHAM 2026,United Kingdom 🇬🇧,2026,Mixed,ATHX Lite,Overall,18 (453KG),18 (7.086KM),15 (16:28),,,,,,51
16,Natalie Johnson & James Flatt,ATHX BIRMINGHAM 2026,United Kingdom 🇬🇧,2026,Mixed,ATHX Lite,Overall,24 (373KG),13 (7.391KM),17 (17:23),,,,,,54
17,Chris Grummett & Nadine Stokes,ATHX BIRMINGHAM 2026,United Kingdom 🇬🇧,2026,Mixed,ATHX Lite,Overall,12 (485KG),24 (6.81KM),19 (18:28),,,,,,55
17,Martin Gowans & Agata Gowans,ATHX BIRMINGHAM 2026,United Kingdom 🇬🇧,2026,Mixed,ATHX Lite,Overall,22 (383KG),17 (7.201KM),16 (17:07),,,,,,55
19,Stephanie Treacher & Daniel Treacher,ATHX BIRMINGHAM 2026,United Kingdom 🇬🇧,2026,Mixed,ATHX Lite,Overall,16 (458KG),21 (6.984KM),22 (19:13),,,,,,59
20,Nigel Conway & Amanda Smith,ATHX BIRMINGHAM 2026,United Kingdom 🇬🇧,2026,Mixed,ATHX Lite,Overall,20 (398KG),19 (7.065KM),21 (19:06),,,,,,60
21,John Winstanley & Sarah Winstanley,ATHX BIRMINGHAM 2026,United Kingdom 🇬🇧,2026,Mixed,ATHX Lite,Overall,21 (390KG),22 (6.935KM),18 (17:42),,,,,,61
21,Chrissie Sweeney & jason sweeney,ATHX BIRMINGHAM 2026,United Kingdom 🇬🇧,2026,Mixed,ATHX Lite,Overall,14 (470KG),27 (6.626KM),20 (18:46),,,,,,61
23,Amy Hughes & Lee Harrison,ATHX BIRMINGHAM 2026,United Kingdom 🇬🇧,2026,Mixed,ATHX Lite,Overall,27 (331KG),15 (7.306KM),26 (20:52),,,,,,68
24,Hardeep CHANNA & Gavin Hyman,ATHX BIRMINGHAM 2026,United Kingdom 🇬🇧,2026,Mixed,ATHX Lite,Overall,23 (378KG),23 (6.868KM),23 (19:27),,,,,,69
25,Julia Beaumont & IAN BEAUMONT,ATHX BIRMINGHAM 2026,United Kingdom 🇬🇧,2026,Mixed,ATHX Lite,Overall,28 (330KG),20 (6.993KM),27 (21:04),,,,,,75
26,Melissa Hobden & Barry Hobden,ATHX BIRMINGHAM 2026,United Kingdom 🇬🇧,2026,Mixed,ATHX Lite,Overall,19 (436KG),29 (3.453KM),29 (22:33),,,,,,77
27,Nadika Snowden & Darren Williams,ATHX BIRMINGHAM 2026,United Kingdom 🇬🇧,2026,Mixed,ATHX Lite,Overall,25 (360KG),25 (6.724KM),28 (21:43),,,,,,78
28,Graham Smith & Angela Smith,ATHX BIRMINGHAM 2026,United Kingdom 🇬🇧,2026,Mixed,ATHX Lite,Overall,29 (295KG),26 (6.638KM),24 (20:22),,,,,,79
28,Paul Caudell & Grace Caudell,ATHX BIRMINGHAM 2026,United Kingdom 🇬🇧,2026,Mixed,ATHX Lite,Overall,26 (337KG),28 (6.163KM),25 (20:51),,,,,,79
1,Kayleigh Roberts & Chris Ward,ATHX BIRMINGHAM 2026,United Kingdom 🇬🇧,2026,Mixed,ATHX Pro,Strength,,,,138KG,349KG,343KG,,,1
2,Cara Brown & Izaak Thacker,ATHX BIRMINGHAM 2026,United Kingdom 🇬🇧,2026,Mixed,ATHX Pro,Strength,,,,138KG,328KG,360KG,,,2
3,Etham Yates & Gracious Phillips,ATHX BIRMINGHAM 2026,United Kingdom 🇬🇧,2026,Mixed,ATHX Pro,Strength,,,,153KG,295KG,350KG,,,3
4,Ben Fairlie & Amelia Roberts,ATHX BIRMINGHAM 2026,United Kingdom 🇬🇧,2026,Mixed,ATHX Pro,Strength,,,,138KG,290KG,350KG,,,4
5,Cassia Williams & Ashley Cunliffe,ATHX BIRMINGHAM 2026,United Kingdom 🇬🇧,2026,Mixed,ATHX Pro,Strength,,,,148KG,285KG,330KG,,,5
6,Richy Jordan & Louise Sondergaard,ATHX BIRMINGHAM 2026,United Kingdom 🇬🇧,2026,Mixed,ATHX Pro,Strength,,,,140KG,270KG,335KG,,,6
7,Alexis Newton-french & Liam Webster,ATHX BIRMINGHAM 2026,United Kingdom 🇬🇧,2026,Mixed,ATHX Pro,Strength,,,,135KG,275KG,330KG,,,7
8,Douglas Shaw & Maddy Furnival,ATHX BIRMINGHAM 2026,United Kingdom 🇬🇧,2026,Mixed,ATHX Pro,Strength,,,,135KG,280KG,323KG,,,8
9,Amir Khan & Sara Khan,ATHX BIRMINGHAM 2026,United Kingdom 🇬🇧,2026,Mixed,ATHX Pro,Strength,,,,138KG,268KG,323KG,,,9
10,Ben Buchmann & Laura Banks,ATHX BIRMINGHAM 2026,United Kingdom 🇬🇧,2026,Mixed,ATHX Pro,Strength,,,,136KG,270KG,320KG,,,10
11,Isobelle Matthews & Jake Williams,ATHX BIRMINGHAM 2026,United Kingdom 🇬🇧,2026,Mixed,ATHX Pro,Strength,,,,150KG,255KG,320KG,,,11
12,Lucy Brundish & Ben Kimber,ATHX BIRMINGHAM 2026,United Kingdom 🇬🇧,2026,Mixed,ATHX Pro,Strength,,,,133KG,268KG,323KG,,,12
13,Millie Blakemore & William Woods,ATHX BIRMINGHAM 2026,United Kingdom 🇬🇧,2026,Mixed,ATHX Pro,Strength,,,,125KG,265KG,333KG,,,13
14,Ozzy Caliskan & Stevie Peake,ATHX BIRMINGHAM 2026,United Kingdom 🇬🇧,2026,Mixed,ATHX Pro,Strength,,,,138KG,270KG,310KG,,,14
15,Alex Miller & Yusuf Paterson-Mosafeer,ATHX BIRMINGHAM 2026,United Kingdom 🇬🇧,2026,Mixed,ATHX Pro,Strength,,,,130KG,275KG,305KG,,,15
16,Alastair Combe & Ellen Whittle,ATHX BIRMINGHAM 2026,United Kingdom 🇬🇧,2026,Mixed,ATHX Pro,Strength,,,,125KG,260KG,310KG,,,16
17,Eleanor Shaw & Danny Williamson,ATHX BIRMINGHAM 2026,United Kingdom 🇬🇧,2026,Mixed,ATHX Pro,Strength,,,,120KG,260KG,310KG,,,17
18,Akeem Halimi & Natalie Halimi,ATHX BIRMINGHAM 2026,United Kingdom 🇬🇧,2026,Mixed,ATHX Pro,Strength,,,,120KG,275KG,290KG,,,18
19,Zachary Watson & Samantha Cubbins,ATHX BIRMINGHAM 2026,United Kingdom 🇬🇧,2026,Mixed,ATHX Pro,Strength,,,,128KG,260KG,295KG,,,19
20,Ka Xin Cheah & Brandon Harris,ATHX BIRMINGHAM 2026,United Kingdom 🇬🇧,2026,Mixed,ATHX Pro,Strength,,,,125KG,260KG,290KG,,,20
21,Alex Jones & Leah Newton,ATHX BIRMINGHAM 2026,United Kingdom 🇬🇧,2026,Mixed,ATHX Pro,Strength,,,,125KG,230KG,310KG,,,21
22,charlie menter & Lauren Evans,ATHX BIRMINGHAM 2026,United Kingdom 🇬🇧,2026,Mixed,ATHX Pro,Strength,,,,118KG,255KG,290KG,,,22
23,Mike Jones & Laura Jeffreys,ATHX BIRMINGHAM 2026,United Kingdom 🇬🇧,2026,Mixed,ATHX Pro,Strength,,,,125KG,235KG,285KG,,,23
24,Jacob Sturgess & Leah Parsons,ATHX BIRMINGHAM 2026,United Kingdom 🇬🇧,2026,Mixed,ATHX Pro,Strength,,,,125KG,220KG,288KG,,,24
25,Vicki Whitbrook & Matthew Horner,ATHX BIRMINGHAM 2026,United Kingdom 🇬🇧,2026,Mixed,ATHX Pro,Strength,,,,120KG,240KG,270KG,,,25
26,Anthony Rutlidge & Louise Lockley,ATHX BIRMINGHAM 2026,United Kingdom 🇬🇧,2026,Mixed,ATHX Pro,Strength,,,,106KG,240KG,283KG,,,26
27,Matt Dewhurst & Charlie Dewhurst,ATHX BIRMINGHAM 2026,United Kingdom 🇬🇧,2026,Mixed,ATHX Pro,Strength,,,,120KG,230KG,270KG,,,27
28,Leigha Baxter & robert turner,ATHX BIRMINGHAM 2026,United Kingdom 🇬🇧,2026,Mixed,ATHX Pro,Strength,,,,115KG,240KG,260KG,,,28
29,Chris Williams & Francesca Boers,ATHX BIRMINGHAM 2026,United Kingdom 🇬🇧,2026,Mixed,ATHX Pro,Strength,,,,123KG,220KG,270KG,,,29
30,Fiona Cousins & Jack Bishop,ATHX BIRMINGHAM 2026,United Kingdom 🇬🇧,2026,Mixed,ATHX Pro,Strength,,,,105KG,213KG,280KG,,,30
30,Katy Twigg & Luke Blizard,ATHX BIRMINGHAM 2026,United Kingdom 🇬🇧,2026,Mixed,ATHX Pro,Strength,,,,110KG,203KG,285KG,,,30
32,Peter Slattery & Hannah O'sullivan,ATHX BIRMINGHAM 2026,United Kingdom 🇬🇧,2026,Mixed,ATHX Pro,Strength,,,,100KG,235KG,260KG,,,32
33,Abby Beswick & Simon Corke,ATHX BIRMINGHAM 2026,United Kingdom 🇬🇧,2026,Mixed,ATHX Pro,Strength,,,,105KG,215KG,260KG,,,33
34,Jacinda Brass & Guy Kennedy,ATHX BIRMINGHAM 2026,United Kingdom 🇬🇧,2026,Mixed,ATHX Pro,Strength,,,,108KG,215KG,250KG,,,34
35,Nicola Guiver & Mark Twigg,ATHX BIRMINGHAM 2026,United Kingdom 🇬🇧,2026,Mixed,ATHX Pro,Strength,,,,111KG,210KG,250KG,,,35
1,David Kelly & Mulley Branch,ATHX BIRMINGHAM 2026,United Kingdom 🇬🇧,2026,Male,ATHX,Overall,3 (968KG),2 (10.445KM),3 (10:10),,,,,,8
2,Thomas Rogers & James Huntly,ATHX BIRMINGHAM 2026,United Kingdom 🇬🇧,2026,Male,ATHX,Overall,15 (875KG),5 (10.304KM),4 (10:31),,,,,,24
3,Samuel Gleeson & James Tyas,ATHX BIRMINGHAM 2026,United Kingdom 🇬🇧,2026,Male,ATHX,Overall,11 (888KG),14 (9.996KM),2 (10:07),,,,,,27
4,Robert Sonczak & Mark Sullivan,ATHX BIRMINGHAM 2026,United Kingdom 🇬🇧,2026,Male,ATHX,Overall,12 (883KG),6 (10.279KM),11 (11:49),,,,,,29
5,Frazer Montague & Dec Team,ATHX BIRMINGHAM 2026,United Kingdom 🇬🇧,2026,Male,ATHX,Overall,16 (865KG),8 (10.152KM),9 (11:32),,,,,,33
6,Travis Bowley & joe massaro,ATHX BIRMINGHAM 2026,United Kingdom 🇬🇧,2026,Male,ATHX,Overall,28 (830KG),11 (10.055KM),6 (11:28),,,,,,45
7,Ben Trigger & Zac Cotton,ATHX BIRMINGHAM 2026,United Kingdom 🇬🇧,2026,Male,ATHX,Overall,9 (900KG),26 (9.803KM),17 (12:25),,,,,,52
8,Lee Salter & Shai Bonnick,ATHX BIRMINGHAM 2026,United Kingdom 🇬🇧,2026,Male,ATHX,Overall,2 (970KG),55 (9.481KM),10 (11:39),,,,,,67
9,Josh Mares & Luke Watson-Read,ATHX BIRMINGHAM 2026,United Kingdom 🇬🇧,2026,Male,ATHX,Overall,33 (815KG),20 (9.876KM),16 (12:19),,,,,,69
10,Jake Wood & Brett Peel,ATHX BIRMINGHAM 2026,United Kingdom 🇬🇧,2026,Male,ATHX,Overall,8 (910KG),40 (9.624KM),24 (12:44),,,,,,72
11,Liam Falcus & Finlay Pitman,ATHX BIRMINGHAM 2026,United Kingdom 🇬🇧,2026,Male,ATHX,Overall,13 (880KG),45 (9.565KM),25 (12:47),,,,,,83
12,Darren Braybrook & Fraser Tait,ATHX BIRMINGHAM 2026,United Kingdom 🇬🇧,2026,Male,ATHX,Overall,23 (839KG),34 (9.678KM),28 (12:49),,,,,,85
13,Chris Harman & Ryan Burrows,ATHX BIRMINGHAM 2026,United Kingdom 🇬🇧,2026,Male,ATHX,Overall,56 (769KG),17 (9.944KM),13 (11:59),,,,,,86
14,Patrick Matthews & Joseph Wicks,ATHX BIRMINGHAM 2026,United Kingdom 🇬🇧,2026,Male,ATHX,Overall,21 (856KG),37 (9.66KM),32 (13:02),,,,,,90
15,Oliver Ashton & Dominic Allen-Ledgeway,ATHX BIRMINGHAM 2026,United Kingdom 🇬🇧,2026,Male,ATHX,Overall,92 (720KG),3 (10.318KM),8 (11:29),,,,,,103
16,Richard Sheer & James Connolly,ATHX BIRMINGHAM 2026,United Kingdom 🇬🇧,2026,Male,ATHX,Overall,18 (863KG),67 (9.397KM),21 (12:38),,,,,,106
17,Andrew French & Brett McCall,ATHX BIRMINGHAM 2026,United Kingdom 🇬🇧,2026,Male,ATHX,Overall,39 (793KG),41 (9.621KM),38 (13:29),,,,,,118
18,Andrew Waugh & Craig Thompson,ATHX BIRMINGHAM 2026,United Kingdom 🇬🇧,2026,Male,ATHX,Overall,56 (769KG),31 (9.702KM),33 (13:04),,,,,,120
19,Rhys Lawson & Jacob Turner,ATHX BIRMINGHAM 2026,United Kingdom 🇬🇧,2026,Male,ATHX,Overall,59 (765KG),48 (9.557KM),14 (12:13),,,,,,121
20,Anthony Riordan & Dan Hall,ATHX BIRMINGHAM 2026,United Kingdom 🇬🇧,2026,Male,ATHX,Overall,58 (768KG),42 (9.612KM),26 (12:48),,,,,,126
21,Lukasz Marcinkowski & Tom Layton,ATHX BIRMINGHAM 2026,United Kingdom 🇬🇧,2026,Male,ATHX,Overall,68 (748KG),22 (9.843KM),41 (13:34),,,,,,131
22,Stacey Thripp & Noah Bedford-Henry,ATHX BIRMINGHAM 2026,United Kingdom 🇬🇧,2026,Male,ATHX,Overall,108 (706KG),4 (10.31KM),23 (12:42),,,,,,135
23,Tom Rosewarne & Will Odhams-good,ATHX BIRMINGHAM 2026,United Kingdom 🇬🇧,2026,Male,ATHX,Overall,4 (950KG),75 (9.326KM),59 (13:52),,,,,,138
24,Daniel Freitas Giuseppe & Frederick Amankwa,ATHX BIRMINGHAM 2026,United Kingdom 🇬🇧,2026,Male,ATHX,Overall,13 (880KG),74 (9.329KM),52 (13:47),,,,,,139
25,Simon Loh & Keir Jones,ATHX BIRMINGHAM 2026,United Kingdom 🇬🇧,2026,Male,ATHX,Overall,73 (745KG),57 (9.465KM),12 (11:55),,,,,,142
25,Cyrus Molton & Max Munro,ATHX BIRMINGHAM 2026,United Kingdom 🇬🇧,2026,Male,ATHX,Overall,106 (708KG),21 (9.872KM),15 (12:16),,,,,,142
27,Luke Jones & Jordan Martin,ATHX BIRMINGHAM 2026,United Kingdom 🇬🇧,2026,Male,ATHX,Overall,98 (714KG),16 (9.964KM),31 (12:59),,,,,,145
28,James Pacifici & Sam James,ATHX BIRMINGHAM 2026,United Kingdom 🇬🇧,2026,Male,ATHX,Overall,68 (748KG),39 (9.64KM),39 (13:31),,,,,,146
28,Craig Brown & Josh Wright,ATHX BIRMINGHAM 2026,United Kingdom 🇬🇧,2026,Male,ATHX,Overall,99 (713KG),18 (9.922KM),29 (12:54),,,,,,146
30,Tom Church & Will Church,ATHX BIRMINGHAM 2026,United Kingdom 🇬🇧,2026,Male,ATHX,Overall,92 (720KG),25 (9.811KM),35 (13:18),,,,,,152
30,James Nichol & Callum Monk,ATHX BIRMINGHAM 2026,United Kingdom 🇬🇧,2026,Male,ATHX,Overall,43 (783KG),65 (9.424KM),44 (13:37),,,,,,152
32,Carl Booth & Michael Cross,ATHX BIRMINGHAM 2026,United Kingdom 🇬🇧,2026,Male,ATHX,Overall,39 (793KG),47 (9.559KM),68 (14:11),,,,,,154
33,James Jennison & Michael Lyons,ATHX BIRMINGHAM 2026,United Kingdom 🇬🇧,2026,Male,ATHX,Overall,96 (716KG),29 (9.738KM),37 (13:25),,,,,,162
34,Eddy Nisevic & Marc Brittain,ATHX BIRMINGHAM 2026,United Kingdom 🇬🇧,2026,Male,ATHX,Overall,86 (728KG),27 (9.747KM),60 (13:54),,,,,,173
35,David Chambers & David whann,ATHX BIRMINGHAM 2026,United Kingdom 🇬🇧,2026,Male,ATHX,Overall,6 (940KG),118 (9.043KM),50 (13:41),,,,,,174
36,Daniel Turnbull & Lewis Brightmore,ATHX BIRMINGHAM 2026,United Kingdom 🇬🇧,2026,Male,ATHX,Overall,43 (783KG),58 (9.46KM),76 (14:22),,,,,,177
37,Richard Gill & Marcus Cattell,ATHX BIRMINGHAM 2026,United Kingdom 🇬🇧,2026,Male,ATHX,Overall,152 (665KG),9 (10.097KM),18 (12:29),,,,,,179
38,Luke Fletcher & Ben Mudd,ATHX BIRMINGHAM 2026,United Kingdom 🇬🇧,2026,Male,ATHX,Overall,111 (701KG),43 (9.591KM),26 (12:48),,,,,,180
39,David Hurst & James Kelly,ATHX BIRMINGHAM 2026,United Kingdom 🇬🇧,2026,Male,ATHX,Overall,66 (751KG),53 (9.487KM),62 (14:01),,,,,,181
40,David Beckwith & Blaine Bonnin-Ward,ATHX BIRMINGHAM 2026,United Kingdom 🇬🇧,2026,Male,ATHX,Overall,156 (658KG),10 (10.084KM),20 (12:34),,,,,,186
40,Dave Clarke & Adrian Johnson,ATHX BIRMINGHAM 2026,United Kingdom 🇬🇧,2026,Male,ATHX,Overall,161 (650KG),7 (10.193KM),18 (12:29),,,,,,186
42,Jamie Monk & Brandon Monk,ATHX BIRMINGHAM 2026,United Kingdom 🇬🇧,2026,Male,ATHX,Overall,68 (748KG),64 (9.432KM),55 (13:49),,,,,,187
43,Luke Thorngate-Davies & Tom Morgan,ATHX BIRMINGHAM 2026,United Kingdom 🇬🇧,2026,Male,ATHX,Overall,6 (940KG),110 (9.091KM),74 (14:18),,,,,,190
44,Norton Rogers & Sam Dodge,ATHX BIRMINGHAM 2026,United Kingdom 🇬🇧,2026,Male,ATHX,Overall,51 (773KG),66 (9.415KM),80 (14:31),,,,,,197
45,Graeme Maznik-Petty & Aaron Lacey,ATHX BIRMINGHAM 2026,United Kingdom 🇬🇧,2026,Male,ATHX,Overall,110 (703KG),44 (9.583KM),44 (13:37),,,,,,198
46,Callum Lewis & Liam Reardon,ATHX BIRMINGHAM 2026,United Kingdom 🇬🇧,2026,Male,ATHX,Overall,24 (835KG),137 (8.982KM),41 (13:34),,,,,,202
47,Ashley Adams & Alex Ewen,ATHX BIRMINGHAM 2026,United Kingdom 🇬🇧,2026,Male,ATHX,Overall,22 (840KG),82 (9.299KM),99 (14:49),,,,,,203
48,James McCallion & David Lilly,ATHX BIRMINGHAM 2026,United Kingdom 🇬🇧,2026,Male,ATHX,Overall,185 (633KG),15 (9.972KM),6 (11:28),,,,,,206
49,Nathan  Gardner & Ross Walker,ATHX BIRMINGHAM 2026,United Kingdom 🇬🇧,2026,Male,ATHX,Overall,203 (613KG),1 (10.97KM),5 (11:10),,,,,,209
50,Lewis Jones & will barnes-smith,ATHX BIRMINGHAM 2026,United Kingdom 🇬🇧,2026,Male,ATHX,Overall,140 (676KG),32 (9.696KM),40 (13:32),,,,,,212
51,Craig Brown & David Andrews,ATHX BIRMINGHAM 2026,United Kingdom 🇬🇧,2026,Male,ATHX,Overall,147 (670KG),30 (9.706KM),36 (13:24),,,,,,213
52,Ieuan Oram & William King,ATHX BIRMINGHAM 2026,United Kingdom 🇬🇧,2026,Male,ATHX,Overall,41 (790KG),53 (9.487KM),120 (15:27),,,,,,214
53,Steve Morison & Jay gurney,ATHX BIRMINGHAM 2026,United Kingdom 🇬🇧,2026,Male,ATHX,Overall,73 (745KG),51 (9.493KM),93 (14:40),,,,,,217
54,Lewis Baldwin & Rowan Cooke,ATHX BIRMINGHAM 2026,United Kingdom 🇬🇧,2026,Male,ATHX,Overall,45 (781KG),123 (9.014KM),54 (13:48),,,,,,222
55,Alan Macaulay & Steven Dempster,ATHX BIRMINGHAM 2026,United Kingdom 🇬🇧,2026,Male,ATHX,Overall,54 (770KG),109 (9.107KM),61 (14:00),,,,,,224
55,Jamie Mitchell & Josh Maddison,ATHX BIRMINGHAM 2026,United Kingdom 🇬🇧,2026,Male,ATHX,Overall,53 (771KG),91 (9.228KM),80 (14:31),,,,,,224
57,Christopher Kelly & Joshua Ashmore,ATHX BIRMINGHAM 2026,United Kingdom 🇬🇧,2026,Male,ATHX,Overall,120 (688KG),36 (9.674KM),70 (14:14),,,,,,226
58,Zaid Al-Chalabi & Loustan Droubi,ATHX BIRMINGHAM 2026,United Kingdom 🇬🇧,2026,Male,ATHX,Overall,135 (678KG),72 (9.364KM),22 (12:41),,,,,,229
59,Hugh Smith & Josh Henry,ATHX BIRMINGHAM 2026,United Kingdom 🇬🇧,2026,Male,ATHX,Overall,46 (780KG),100 (9.177KM),85 (14:34),,,,,,231
60,Tim Ndekwe & Pete Cundall,ATHX BIRMINGHAM 2026,United Kingdom 🇬🇧,2026,Male,ATHX,Overall,20 (858KG),115 (9.07KM),97 (14:47),,,,,,232
60,Michael Grainger & Tom Ashworth,ATHX BIRMINGHAM 2026,United Kingdom 🇬🇧,2026,Male,ATHX,Overall,161 (650KG),23 (9.832KM),48 (13:39),,,,,,232
60,Luke Woodrow & Benjamin Phillip,ATHX BIRMINGHAM 2026,United Kingdom 🇬🇧,2026,Male,ATHX,Overall,119 (691KG),61 (9.442KM),52 (13:47),,,,,,232
63,Chris Peters & Iain Mackenzie,ATHX BIRMINGHAM 2026,United Kingdom 🇬🇧,2026,Male,ATHX,Overall,24 (835KG),140 (8.953KM),72 (14:16),,,,,,236
64,Leon Bell & william hodgkinson,ATHX BIRMINGHAM 2026,United Kingdom 🇬🇧,2026,Male,ATHX,Overall,24 (835KG),76 (9.323KM),137 (15:55),,,,,,237
65,Jamie Forman & John Smith,ATHX BIRMINGHAM 2026,United Kingdom 🇬🇧,2026,Male,ATHX,Overall,61 (761KG),97 (9.185KM),85 (14:34),,,,,,243
65,Daniel Forster-Knight & Zac Turner-Thorne,ATHX BIRMINGHAM 2026,United Kingdom 🇬🇧,2026,Male,ATHX,Overall,32 (823KG),142 (8.935KM),69 (14:13),,,,,,243
67,Oliver Galotto & Will Kenworthy,ATHX BIRMINGHAM 2026,United Kingdom 🇬🇧,2026,Male,ATHX,Overall,36 (808KG),138 (8.965KM),72 (14:16),,,,,,246
67,David Barry & Bashiru Alimi,ATHX BIRMINGHAM 2026,United Kingdom 🇬🇧,2026,Male,ATHX,Overall,34 (811KG),89 (9.256KM),123 (15:32),,,,,,246
69,Mark Billings & Greg Wilson,ATHX BIRMINGHAM 2026,United Kingdom 🇬🇧,2026,Male,ATHX,Overall,97 (715KG),50 (9.504KM),104 (15:07),,,,,,251
70,Callum White & James White,ATHX BIRMINGHAM 2026,United Kingdom 🇬🇧,2026,Male,ATHX,Overall,83 (735KG),49 (9.533KM),122 (15:31),,,,,,254
71,Benjamin Christofelo & Jack Hill,ATHX BIRMINGHAM 2026,United Kingdom 🇬🇧,2026,Male,ATHX,Overall,124 (685KG),101 (9.171KM),30 (12:55),,,,,,255
72,Peter Cay & Alex Kersey,ATHX BIRMINGHAM 2026,United Kingdom 🇬🇧,2026,Male,ATHX,Overall,170 (645KG),12 (10.048KM),74 (14:18),,,,,,256
73,Alex Cherry & Luke Cragg,ATHX BIRMINGHAM 2026,United Kingdom 🇬🇧,2026,Male,ATHX,Overall,114 (695KG),83 (9.294KM),63 (14:02),,,,,,260
74,Toby Evans & Sam Venn,ATHX BIRMINGHAM 2026,United Kingdom 🇬🇧,2026,Male,ATHX,Overall,28 (830KG),144 (8.927KM),89 (14:35),,,,,,261
74,Harrison Cole & Tom Elmes,ATHX BIRMINGHAM 2026,United Kingdom 🇬🇧,2026,Male,ATHX,Overall,77 (743KG),104 (9.143KM),80 (14:31),,,,,,261
76,Desmond Jemwa & Ronald Olaibi,ATHX BIRMINGHAM 2026,United Kingdom 🇬🇧,2026,Male,ATHX,Overall,10 (895KG),86 (9.277KM),171 (16:45),,,,,,267
76,Jason Molloy & Glyn Broadhurst,ATHX BIRMINGHAM 2026,United Kingdom 🇬🇧,2026,Male,ATHX,Overall,157 (655KG),13 (10.003KM),97 (14:47),,,,,,267
78,Ryan Hall & Cameron Durrant,ATHX BIRMINGHAM 2026,United Kingdom 🇬🇧,2026,Male,ATHX,Overall,117 (693KG),87 (9.265KM),64 (14:03),,,,,,268
79,Stuart Mackrell & James Jerram,ATHX BIRMINGHAM 2026,United Kingdom 🇬🇧,2026,Male,ATHX,Overall,65 (753KG),110 (9.091KM),96 (14:44),,,,,,271
79,Marshall Booth & Euan McKenzie Rhodes,ATHX BIRMINGHAM 2026,United Kingdom 🇬🇧,2026,Male,ATHX,Overall,164 (648KG),59 (9.456KM),48 (13:39),,,,,,271
81,Jamie Taylor & Jack Stevenson-Smith,ATHX BIRMINGHAM 2026,United Kingdom 🇬🇧,2026,Male,ATHX,Overall,49 (775KG),165 (8.74KM),58 (13:51),,,,,,272
81,Kevin Dadd & Simon Williams,ATHX BIRMINGHAM 2026,United Kingdom 🇬🇧,2026,Male,ATHX,Overall,147 (670KG),70 (9.38KM),55 (13:49),,,,,,272
83,Jamie Williams & Carl Elliott,ATHX BIRMINGHAM 2026,United Kingdom 🇬🇧,2026,Male,ATHX,Overall,135 (678KG),116 (9.064KM),34 (13:16),,,,,,285
84,Jamie Markham & Alex Markham,ATHX BIRMINGHAM 2026,United Kingdom 🇬🇧,2026,Male,ATHX,Overall,170 (645KG),19 (9.901KM),100 (14:52),,,,,,289
85,Matthew Hughes & Louis Keightley-Smith,ATHX BIRMINGHAM 2026,United Kingdom 🇬🇧,2026,Male,ATHX,Overall,1 (1005KG),209 (8.348KM),80 (14:31),,,,,,290
86,Anthony Cheetham & Ian G,ATHX BIRMINGHAM 2026,United Kingdom 🇬🇧,2026,Male,ATHX,Overall,73 (745KG),46 (9.56KM),173 (16:50),,,,,,292
87,Russ Wrigley & chris templeman,ATHX BIRMINGHAM 2026,United Kingdom 🇬🇧,2026,Male,ATHX,Overall,164 (648KG),63 (9.435KM),70 (14:14),,,,,,297
87,Parvin Boyal & James Thompson,ATHX BIRMINGHAM 2026,United Kingdom 🇬🇧,2026,Male,ATHX,Overall,114 (695KG),79 (9.307KM),104 (15:07),,,,,,297
89,Marcus Cook & Niall Read,ATHX BIRMINGHAM 2026,United Kingdom 🇬🇧,2026,Male,ATHX,Overall,79 (741KG),76 (9.323KM),143 (15:59),,,,,,298
89,Mr Michael Taylor & Lee Cobby,ATHX BIRMINGHAM 2026,United Kingdom 🇬🇧,2026,Male,ATHX,Overall,208 (600KG),24 (9.827KM),66 (14:04),,,,,,298
91,William Baisden & ifti-rahman Team,ATHX BIRMINGHAM 2026,United Kingdom 🇬🇧,2026,Male,ATHX,Overall,19 (860KG),154 (8.809KM),127 (15:42),,,,,,300
91,Mark timms & Jason Lewis,ATHX BIRMINGHAM 2026,United Kingdom 🇬🇧,2026,Male,ATHX,Overall,30 (828KG),178 (8.661KM),92 (14:39),,,,,,300
93,Rob Westworth & George Lilleywhite,ATHX BIRMINGHAM 2026,United Kingdom 🇬🇧,2026,Male,ATHX,Overall,127 (683KG),95 (9.19KM),80 (14:31),,,,,,302
93,Jeremy Wade & Tomas Mitkus,ATHX BIRMINGHAM 2026,United Kingdom 🇬🇧,2026,Male,ATHX,Overall,73 (745KG),113 (9.081KM),116 (15:21),,,,,,302
93,Sam James & Sam Tomlinson,ATHX BIRMINGHAM 2026,United Kingdom 🇬🇧,2026,Male,ATHX,Overall,92 (720KG),99 (9.179KM),111 (15:14),,,,,,302
96,Kieron Franklin & Lawrence Collins,ATHX BIRMINGHAM 2026,United Kingdom 🇬🇧,2026,Male,ATHX,Overall,91 (723KG),84 (9.291KM),128 (15:44),,,,,,303
97,Jonathan Price & Javier Ruiz,ATHX BIRMINGHAM 2026,United Kingdom 🇬🇧,2026,Male,ATHX,Overall,120 (688KG),92 (9.208KM),94 (14:41),,,,,,306
98,Thomas Ewart & Adam Saunderson,ATHX BIRMINGHAM 2026,United Kingdom 🇬🇧,2026,Male,ATHX,Overall,81 (738KG),186 (8.581KM),44 (13:37),,,,,,311
99,Miles Caswell & Stuart Rowlands,ATHX BIRMINGHAM 2026,United Kingdom 🇬🇧,2026,Male,ATHX,Overall,142 (675KG),56 (9.467KM),115 (15:18),,,,,,313
100,Declan Braddock & Matt Dytham,ATHX BIRMINGHAM 2026,United Kingdom 🇬🇧,2026,Male,ATHX,Overall,242 (523KG),28 (9.746KM),44 (13:37),,,,,,314
101,Joseph Brierley & Nick Doyle,ATHX BIRMINGHAM 2026,United Kingdom 🇬🇧,2026,Male,ATHX,Overall,178 (643KG),90 (9.236KM),50 (13:41),,,,,,318
102,Darren Marshall & James Watson,ATHX BIRMINGHAM 2026,United Kingdom 🇬🇧,2026,Male,ATHX,Overall,30 (828KG),162 (8.762KM),131 (15:49),,,,,,323
103,James Cullen & Ewan Day,ATHX BIRMINGHAM 2026,United Kingdom 🇬🇧,2026,Male,ATHX,Overall,81 (738KG),127 (9.004KM),118 (15:24),,,,,,326
104,Lewis Egal & Paul Tampsett,ATHX BIRMINGHAM 2026,United Kingdom 🇬🇧,2026,Male,ATHX,Overall,63 (758KG),228 (8.13KM),41 (13:34),,,,,,332
105,Alex Board & Jak Garland,ATHX BIRMINGHAM 2026,United Kingdom 🇬🇧,2026,Male,ATHX,Overall,46 (780KG),124 (9.011KM),163 (16:36),,,,,,333
105,peter white & Leon Holdridge,ATHX BIRMINGHAM 2026,United Kingdom 🇬🇧,2026,Male,ATHX,Overall,67 (750KG),202 (8.441KM),64 (14:03),,,,,,333
107,John Wooding & Andy Leeding,ATHX BIRMINGHAM 2026,United Kingdom 🇬🇧,2026,Male,ATHX,Overall,99 (713KG),146 (8.871KM),91 (14:36),,,,,,336
108,Keith Garner & Gareth Roberts,ATHX BIRMINGHAM 2026,United Kingdom 🇬🇧,2026,Male,ATHX,Overall,51 (773KG),149 (8.854KM),137 (15:55),,,,,,337
109,Stephen Baker & Jamie Lyon,ATHX BIRMINGHAM 2026,United Kingdom 🇬🇧,2026,Male,ATHX,Overall,190 (630KG),62 (9.441KM),89 (14:35),,,,,,341
110,Cody Hiern & Ben Farrar,ATHX BIRMINGHAM 2026,United Kingdom 🇬🇧,2026,Male,ATHX,Overall,106 (708KG),84 (9.291KM),152 (16:10),,,,,,342
110,Tom Bass & Lee Bohin,ATHX BIRMINGHAM 2026,United Kingdom 🇬🇧,2026,Male,ATHX,Overall,157 (655KG),73 (9.358KM),112 (15:16),,,,,,342
112,James Palmer & Daniel Lloyd,ATHX BIRMINGHAM 2026,United Kingdom 🇬🇧,2026,Male,ATHX,Overall,170 (645KG),78 (9.317KM),95 (14:43),,,,,,343
112,Alistair  Maag & martyn grocott,ATHX BIRMINGHAM 2026,United Kingdom 🇬🇧,2026,Male,ATHX,Overall,4 (950KG),210 (8.341KM),129 (15:45),,,,,,343
114,Tom Crofts & Michael Lees,ATHX BIRMINGHAM 2026,United Kingdom 🇬🇧,2026,Male,ATHX,Overall,183 (639KG),95 (9.19KM),67 (14:09),,,,,,345
115,Richard Harris & Liam Roberts,ATHX BIRMINGHAM 2026,United Kingdom 🇬🇧,2026,Male,ATHX,Overall,109 (705KG),135 (8.989KM),108 (15:13),,,,,,352
116,Ayomide Schwan & Lovis Amoateng,ATHX BIRMINGHAM 2026,United Kingdom 🇬🇧,2026,Male,ATHX,Overall,16 (865KG),229 (8.123KM),108 (15:13),,,,,,353
117,Liam parling & Daniel Chadwick,ATHX BIRMINGHAM 2026,United Kingdom 🇬🇧,2026,Male,ATHX,Overall,68 (748KG),130 (8.997KM),158 (16:19),,,,,,356
118,Ben Swain & Tom Garratt,ATHX BIRMINGHAM 2026,United Kingdom 🇬🇧,2026,Male,ATHX,Overall,212 (596KG),60 (9.453KM),85 (14:34),,,,,,357
118,Henry Cordall & Liam Hancock,ATHX BIRMINGHAM 2026,United Kingdom 🇬🇧,2026,Male,ATHX,Overall,38 (798KG),199 (8.485KM),120 (15:27),,,,,,357
120,Christophe Dupont & Alessandro Conte,ATHX BIRMINGHAM 2026,United Kingdom 🇬🇧,2026,Male,ATHX,Overall,147 (670KG),139 (8.962KM),77 (14:24),,,,,,363
121,Justus Eckert & Maximilian Schoeneich,ATHX BIRMINGHAM 2026,United Kingdom 🇬🇧,2026,Male,ATHX,Overall,64 (755KG),197 (8.519KM),103 (15:04),,,,,,364
121,Will Chaloner & Joseph Pickering,ATHX BIRMINGHAM 2026,United Kingdom 🇬🇧,2026,Male,ATHX,Overall,68 (748KG),148 (8.858KM),148 (16:03),,,,,,364
123,ollie woolls & Mike Bull,ATHX BIRMINGHAM 2026,United Kingdom 🇬🇧,2026,Male,ATHX,Overall,140 (676KG),124 (9.011KM),104 (15:07),,,,,,368
124,Robert Hodgkinson & Richard Hutchinson,ATHX BIRMINGHAM 2026,United Kingdom 🇬🇧,2026,Male,ATHX,Overall,190 (630KG),81 (9.303KM),107 (15:11),,,,,,378
124,Arun Parkash & Nev Reid,ATHX BIRMINGHAM 2026,United Kingdom 🇬🇧,2026,Male,ATHX,Overall,88 (725KG),155 (8.808KM),135 (15:54),,,,,,378
126,Anthony Smyth & Joe Missin,ATHX BIRMINGHAM 2026,United Kingdom 🇬🇧,2026,Male,ATHX,Overall,83 (735KG),177 (8.668KM),119 (15:25),,,,,,379
127,Jay Adams & Joshua Adams,ATHX BIRMINGHAM 2026,United Kingdom 🇬🇧,2026,Male,ATHX,Overall,54 (770KG),160 (8.779KM),167 (16:42),,,,,,381
128,Steve Mills & Ryan Ferneyhough,ATHX BIRMINGHAM 2026,United Kingdom 🇬🇧,2026,Male,ATHX,Overall,180 (640KG),94 (9.207KM),108 (15:13),,,,,,382
128,Chris Rodriguez & Lee Swinhoe,ATHX BIRMINGHAM 2026,United Kingdom 🇬🇧,2026,Male,ATHX,Overall,36 (808KG),143 (8.933KM),203 (17:58),,,,,,382
130,Gareth Bottomley & Matthew Kent,ATHX BIRMINGHAM 2026,United Kingdom 🇬🇧,2026,Male,ATHX,Overall,102 (710KG),126 (9.01KM),159 (16:21),,,,,,387
131,Jack Wickwar & Isaac Grewcock,ATHX BIRMINGHAM 2026,United Kingdom 🇬🇧,2026,Male,ATHX,Overall,146 (673KG),161 (8.776KM),85 (14:34),,,,,,392
131,Braden Eveleigh & Charlie Kidd,ATHX BIRMINGHAM 2026,United Kingdom 🇬🇧,2026,Male,ATHX,Overall,223 (578KG),68 (9.392KM),101 (14:56),,,,,,392
133,Dave Moriarty & Jamie Somers,ATHX BIRMINGHAM 2026,United Kingdom 🇬🇧,2026,Male,ATHX,Overall,208 (600KG),33 (9.681KM),152 (16:10),,,,,,393
134,Nicholas Wearing & Hardip Rindi,ATHX BIRMINGHAM 2026,United Kingdom 🇬🇧,2026,Male,ATHX,Overall,155 (660KG),107 (9.116KM),132 (15:50),,,,,,394
135,Richard Joomun & Nathan Pleace,ATHX BIRMINGHAM 2026,United Kingdom 🇬🇧,2026,Male,ATHX,Overall,88 (725KG),172 (8.701KM),135 (15:54),,,,,,395
136,carl cole & Gareth Lewis,ATHX BIRMINGHAM 2026,United Kingdom 🇬🇧,2026,Male,ATHX,Overall,79 (741KG),166 (8.739KM),156 (16:16),,,,,,401
137,Leigh Woodwards & Paul Woolls,ATHX BIRMINGHAM 2026,United Kingdom 🇬🇧,2026,Male,ATHX,Overall,142 (675KG),133 (8.992KM),129 (15:45),,,,,,404
138,Adam Farr & Liam Smith,ATHX BIRMINGHAM 2026,United Kingdom 🇬🇧,2026,Male,ATHX,Overall,124 (685KG),132 (8.994KM),151 (16:09),,,,,,407
139,Toby Godrich & Paul Baber,ATHX BIRMINGHAM 2026,United Kingdom 🇬🇧,2026,Male,ATHX,Overall,92 (720KG),205 (8.401KM),112 (15:16),,,,,,409
140,Lewis Thorneycroft & Jamie Grant,ATHX BIRMINGHAM 2026,United Kingdom 🇬🇧,2026,Male,ATHX,Overall,249 (496KG),51 (9.493KM),114 (15:17),,,,,,414
141,Jake Varden & Connor Slattery,ATHX BIRMINGHAM 2026,United Kingdom 🇬🇧,2026,Male,ATHX,Overall,247 (500KG),35 (9.675KM),134 (15:53),,,,,,416
142,James Civil & Alex Norris,ATHX BIRMINGHAM 2026,United Kingdom 🇬🇧,2026,Male,ATHX,Overall,127 (683KG),153 (8.843KM),137 (15:55),,,,,,417
142,Mark Innes & Alan Elvin,ATHX BIRMINGHAM 2026,United Kingdom 🇬🇧,2026,Male,ATHX,Overall,46 (780KG),207 (8.38KM),164 (16:38),,,,,,417
144,Billy Wesson & Leo Hopley,ATHX BIRMINGHAM 2026,United Kingdom 🇬🇧,2026,Male,ATHX,Overall,170 (645KG),88 (9.257KM),160 (16:27),,,,,,418
145,Adam Wilcox & Lewis Smith,ATHX BIRMINGHAM 2026,United Kingdom 🇬🇧,2026,Male,ATHX,Overall,227 (561KG),38 (9.655KM),154 (16:12),,,,,,419
146,Robin Bakewell & Ben Hargreaves,ATHX BIRMINGHAM 2026,United Kingdom 🇬🇧,2026,Male,ATHX,Overall,185 (633KG),92 (9.208KM),144 (16:00),,,,,,421
147,Mackenzie Nash & Mike McNeill,ATHX BIRMINGHAM 2026,United Kingdom 🇬🇧,2026,Male,ATHX,Overall,200 (615KG),121 (9.029KM),102 (15:01),,,,,,423
147,PAUL Osorio & Gareth Collins,ATHX BIRMINGHAM 2026,United Kingdom 🇬🇧,2026,Male,ATHX,Overall,101 (711KG),198 (8.505KM),124 (15:34),,,,,,423
149,Samuel Crowe & Jarrod Moore,ATHX BIRMINGHAM 2026,United Kingdom 🇬🇧,2026,Male,ATHX,Overall,120 (688KG),128 (8.999KM),180 (17:04),,,,,,428
150,Tom Bennett & Daniel Loasby,ATHX BIRMINGHAM 2026,United Kingdom 🇬🇧,2026,Male,ATHX,Overall,245 (515KG),131 (8.996KM),55 (13:49),,,,,,431
151,James Davies & Karl Webber,ATHX BIRMINGHAM 2026,United Kingdom 🇬🇧,2026,Male,ATHX,Overall,170 (645KG),102 (9.168KM),161 (16:32),,,,,,433
152,Steffan Evans & Phil Jones,ATHX BIRMINGHAM 2026,United Kingdom 🇬🇧,2026,Male,ATHX,Overall,27 (833KG),238 (7.949KM),182 (17:10),,,,,,447
153,Charles Moussay & Nathan Rautureau,ATHX BIRMINGHAM 2026,United Kingdom 🇬🇧,2026,Male,ATHX,Overall,211 (598KG),158 (8.785KM),79 (14:28),,,,,,448
153,paul witham & Rich Poulton,ATHX BIRMINGHAM 2026,United Kingdom 🇬🇧,2026,Male,ATHX,Overall,194 (624KG),108 (9.114KM),146 (16:02),,,,,,448
153,Jason Challis & Scott Heath,ATHX BIRMINGHAM 2026,United Kingdom 🇬🇧,2026,Male,ATHX,Overall,117 (693KG),156 (8.793KM),175 (16:56),,,,,,448
156,Klaus Knese & Gordon Bieling,ATHX BIRMINGHAM 2026,United Kingdom 🇬🇧,2026,Male,ATHX,Overall,218 (585KG),106 (9.125KM),125 (15:39),,,,,,449
157,Luke Offa & Jacob Iveson,ATHX BIRMINGHAM 2026,United Kingdom 🇬🇧,2026,Male,ATHX,Overall,35 (810KG),190 (8.572KM),225 (19:40),,,,,,450
158,Jack Falcus & Richard Meiklereid,ATHX BIRMINGHAM 2026,United Kingdom 🇬🇧,2026,Male,ATHX,Overall,62 (760KG),192 (8.553KM),197 (17:50),,,,,,451
159,Dean Tennant & Ali Khalili,ATHX BIRMINGHAM 2026,United Kingdom 🇬🇧,2026,Male,ATHX,Overall,135 (678KG),182 (8.619KM),137 (15:55),,,,,,454
160,George Bradley & Dan Farr,ATHX BIRMINGHAM 2026,United Kingdom 🇬🇧,2026,Male,ATHX,Overall,113 (697KG),168 (8.731KM),177 (17:00),,,,,,458
161,Ben Shepheard & michael sandercock,ATHX BIRMINGHAM 2026,United Kingdom 🇬🇧,2026,Male,ATHX,Overall,170 (645KG),173 (8.696KM),116 (15:21),,,,,,459
162,Steve Harrhy & Kevin Messenger,ATHX BIRMINGHAM 2026,United Kingdom 🇬🇧,2026,Male,ATHX,Overall,215 (589KG),170 (8.723KM),77 (14:24),,,,,,462
163,Gary Johnson & Daniel Davies,ATHX BIRMINGHAM 2026,United Kingdom 🇬🇧,2026,Male,ATHX,Overall,127 (683KG),156 (8.793KM),187 (17:23),,,,,,470
164,Dan Campbell & Pete Reynolds,ATHX BIRMINGHAM 2026,United Kingdom 🇬🇧,2026,Male,ATHX,Overall,238 (531KG),69 (9.387KM),165 (16:40),,,,,,472
165,Dom Esposito & Matthew Williamson,ATHX BIRMINGHAM 2026,United Kingdom 🇬🇧,2026,Male,ATHX,Overall,151 (667KG),196 (8.535KM),126 (15:41),,,,,,473
165,Tim Reid & Chris Butt,ATHX BIRMINGHAM 2026,United Kingdom 🇬🇧,2026,Male,ATHX,Overall,114 (695KG),215 (8.269KM),144 (16:00),,,,,,473
165,Gabriel Sinnott & Rory McAuliffe,ATHX BIRMINGHAM 2026,United Kingdom 🇬🇧,2026,Male,ATHX,Overall,234 (540KG),98 (9.184KM),141 (15:58),,,,,,473
168,Andrew Rogers & George Russell,ATHX BIRMINGHAM 2026,United Kingdom 🇬🇧,2026,Male,ATHX,Overall,135 (678KG),147 (8.863KM),193 (17:32),,,,,,475
169,Marcus White & Greg Curzons,ATHX BIRMINGHAM 2026,United Kingdom 🇬🇧,2026,Male,ATHX,Overall,49 (775KG),212 (8.304KM),215 (18:47),,,,,,476
170,Matt Viall & Martin Febery,ATHX BIRMINGHAM 2026,United Kingdom 🇬🇧,2026,Male,ATHX,Overall,42 (785KG),216 (8.266KM),222 (19:27),,,,,,480
170,Tim Grubb & Rupe Manning,ATHX BIRMINGHAM 2026,United Kingdom 🇬🇧,2026,Male,ATHX,Overall,168 (646KG),171 (8.704KM),141 (15:58),,,,,,480
172,Tommy Cope & Tom Walker,ATHX BIRMINGHAM 2026,United Kingdom 🇬🇧,2026,Male,ATHX,Overall,124 (685KG),141 (8.948KM),216 (18:49),,,,,,481
172,Ollie Cook & Robert Smith,ATHX BIRMINGHAM 2026,United Kingdom 🇬🇧,2026,Male,ATHX,Overall,213 (595KG),112 (9.086KM),156 (16:16),,,,,,481
174,Tobie kottman & Glyn Loveday,ATHX BIRMINGHAM 2026,United Kingdom 🇬🇧,2026,Male,ATHX,Overall,223 (578KG),80 (9.305KM),181 (17:05),,,,,,484
175,Stuart Pannell & Rob Brown,ATHX BIRMINGHAM 2026,United Kingdom 🇬🇧,2026,Male,ATHX,Overall,142 (675KG),199 (8.485KM),146 (16:02),,,,,,487
176,Cai Oram & Fin Oram,ATHX BIRMINGHAM 2026,United Kingdom 🇬🇧,2026,Male,ATHX,Overall,102 (710KG),174 (8.693KM),219 (19:03),,,,,,495
177,Eric Norman & Ben Smith,ATHX BIRMINGHAM 2026,United Kingdom 🇬🇧,2026,Male,ATHX,Overall,251 (483KG),71 (9.377KM),176 (16:59),,,,,,498
177,Justin Wizlcox & Jonathan Hargreaves,ATHX BIRMINGHAM 2026,United Kingdom 🇬🇧,2026,Male,ATHX,Overall,168 (646KG),163 (8.756KM),167 (16:42),,,,,,498
179,Jake Woolner & Lee Thurlow,ATHX BIRMINGHAM 2026,United Kingdom 🇬🇧,2026,Male,ATHX,Overall,134 (680KG),179 (8.656KM),187 (17:23),,,,,,500
180,Ant Morlandez & John Parker,ATHX BIRMINGHAM 2026,United Kingdom 🇬🇧,2026,Male,ATHX,Overall,133 (681KG),187 (8.579KM),182 (17:10),,,,,,502
180,Jamie Yates & Andrew Lingard,ATHX BIRMINGHAM 2026,United Kingdom 🇬🇧,2026,Male,ATHX,Overall,88 (725KG),218 (8.247KM),196 (17:44),,,,,,502
182,Dan Keen & Tomas Marsh,ATHX BIRMINGHAM 2026,United Kingdom 🇬🇧,2026,Male,ATHX,Overall,160 (651KG),191 (8.56KM),154 (16:12),,,,,,505
182,Scott Davis & Harvey Willett,ATHX BIRMINGHAM 2026,United Kingdom 🇬🇧,2026,Male,ATHX,Overall,233 (541KG),103 (9.149KM),169 (16:43),,,,,,505
182,harrison slater & James Dawkins,ATHX BIRMINGHAM 2026,United Kingdom 🇬🇧,2026,Male,ATHX,Overall,180 (640KG),164 (8.742KM),161 (16:32),,,,,,505
185,Luke Blay & Callum Hazeldine,ATHX BIRMINGHAM 2026,United Kingdom 🇬🇧,2026,Male,ATHX,Overall,241 (525KG),119 (9.042KM),150 (16:08),,,,,,510
186,Andrew HUME & Lewis Watt,ATHX BIRMINGHAM 2026,United Kingdom 🇬🇧,2026,Male,ATHX,Overall,216 (588KG),117 (9.047KM),179 (17:01),,,,,,512
187,Samuel Fuller & MARK MCGEE,ATHX BIRMINGHAM 2026,United Kingdom 🇬🇧,2026,Male,ATHX,Overall,102 (710KG),184 (8.595KM),228 (19:52),,,,,,514
188,Elliott Laidlaw & George Eldridge,ATHX BIRMINGHAM 2026,United Kingdom 🇬🇧,2026,Male,ATHX,Overall,238 (531KG),145 (8.914KM),132 (15:50),,,,,,515
189,Darren Miller & Tom Greaney,ATHX BIRMINGHAM 2026,United Kingdom 🇬🇧,2026,Male,ATHX,Overall,83 (735KG),223 (8.207KM),211 (18:23),,,,,,517
190,Sam Lodge & Ben Sugarman,ATHX BIRMINGHAM 2026,United Kingdom 🇬🇧,2026,Male,ATHX,Overall,164 (648KG),159 (8.783KM),195 (17:38),,,,,,518
190,Ben Blackhurst & Brandan blackhurst,ATHX BIRMINGHAM 2026,United Kingdom 🇬🇧,2026,Male,ATHX,Overall,77 (743KG),230 (8.109KM),211 (18:23),,,,,,518
192,Will Hume & Owen Broadway,ATHX BIRMINGHAM 2026,United Kingdom 🇬🇧,2026,Male,ATHX,Overall,86 (728KG),217 (8.259KM),217 (18:52),,,,,,520
193,Sean Cole & Steve Pickering,ATHX BIRMINGHAM 2026,United Kingdom 🇬🇧,2026,Male,ATHX,Overall,127 (683KG),194 (8.546KM),200 (17:53),,,,,,521
194,Luke Moulding & James Taylor,ATHX BIRMINGHAM 2026,United Kingdom 🇬🇧,2026,Male,ATHX,Overall,102 (710KG),188 (8.573KM),232 (20:12),,,,,,522
195,Mark Lynch & Dale Johnson,ATHX BIRMINGHAM 2026,United Kingdom 🇬🇧,2026,Male,ATHX,Overall,185 (633KG),152 (8.847KM),186 (17:21),,,,,,523
196,Matthew Tebb & Scott Howarth,ATHX BIRMINGHAM 2026,United Kingdom 🇬🇧,2026,Male,ATHX,Overall,203 (613KG),151 (8.85KM),170 (16:44),,,,,,524
197,Albert Perry & Luke Burton,ATHX BIRMINGHAM 2026,United Kingdom 🇬🇧,2026,Male,ATHX,Overall,234 (540KG),114 (9.077KM),177 (17:00),,,,,,525
198,Kiran Govind & Deepak Sridhar Hegde,ATHX BIRMINGHAM 2026,United Kingdom 🇬🇧,2026,Male,ATHX,Overall,147 (670KG),188 (8.573KM),191 (17:31),,,,,,526
199,Wilson Lua & Amit Shah,ATHX BIRMINGHAM 2026,United Kingdom 🇬🇧,2026,Male,ATHX,Overall,127 (683KG),234 (7.988KM),166 (16:41),,,,,,527
199,Jack Cunningham & Jack Shaw,ATHX BIRMINGHAM 2026,United Kingdom 🇬🇧,2026,Male,ATHX,Overall,214 (590KG),119 (9.042KM),194 (17:33),,,,,,527
201,Leon Chee-A-Tow & Aaron Elliott,ATHX BIRMINGHAM 2026,United Kingdom 🇬🇧,2026,Male,ATHX,Overall,123 (686KG),219 (8.241KM),189 (17:29),,,,,,531
201,Phillip Jeffery & Matt Glass,ATHX BIRMINGHAM 2026,United Kingdom 🇬🇧,2026,Male,ATHX,Overall,200 (615KG),133 (8.992KM),198 (17:52),,,,,,531
203,Josh Lynham & Antonio Ghansah,ATHX BIRMINGHAM 2026,United Kingdom 🇬🇧,2026,Male,ATHX,Overall,170 (645KG),192 (8.553KM),171 (16:45),,,,,,533
204,Paul Pugh & Nuno Cachada,ATHX BIRMINGHAM 2026,United Kingdom 🇬🇧,2026,Male,ATHX,Overall,135 (678KG),203 (8.439KM),206 (18:14),,,,,,544
204,Lee Hill & Degan Hill,ATHX BIRMINGHAM 2026,United Kingdom 🇬🇧,2026,Male,ATHX,Overall,229 (550KG),105 (9.133KM),210 (18:21),,,,,,544
204,Andy Lobley & Russ Acomb,ATHX BIRMINGHAM 2026,United Kingdom 🇬🇧,2026,Male,ATHX,Overall,59 (765KG),251 (7.271KM),234 (20:31),,,,,,544
207,Stephen Dodge & Chris Poole,ATHX BIRMINGHAM 2026,United Kingdom 🇬🇧,2026,Male,ATHX,Overall,196 (620KG),206 (8.4KM),148 (16:03),,,,,,550
207,Tom Lorimer & James Ledwich,ATHX BIRMINGHAM 2026,United Kingdom 🇬🇧,2026,Male,ATHX,Overall,164 (648KG),181 (8.645KM),205 (18:12),,,,,,550
209,Sam Booth & Matthew Carmichael,ATHX BIRMINGHAM 2026,United Kingdom 🇬🇧,2026,Male,ATHX,Overall,178 (643KG),167 (8.737KM),213 (18:40),,,,,,558
210,Taylor Phull & Sean Hill,ATHX BIRMINGHAM 2026,United Kingdom 🇬🇧,2026,Male,ATHX,Overall,226 (571KG),150 (8.853KM),185 (17:17),,,,,,561
211,George Gerrard & Richard Hill,ATHX BIRMINGHAM 2026,United Kingdom 🇬🇧,2026,Male,ATHX,Overall,193 (628KG),169 (8.729KM),202 (17:57),,,,,,564
212,Alex Hughes & Andy McElligott,ATHX BIRMINGHAM 2026,United Kingdom 🇬🇧,2026,Male,ATHX,Overall,222 (580KG),136 (8.986KM),208 (18:16),,,,,,566
213,Justin Gilbert & Tomasz Blaszczyk,ATHX BIRMINGHAM 2026,United Kingdom 🇬🇧,2026,Male,ATHX,Overall,112 (700KG),231 (8.095KM),224 (19:36),,,,,,567
214,Ollie White & Sam Geller,ATHX BIRMINGHAM 2026,United Kingdom 🇬🇧,2026,Male,ATHX,Overall,237 (536KG),122 (9.025KM),218 (18:54),,,,,,577
215,Callum Gee & Joshua Coe,ATHX BIRMINGHAM 2026,United Kingdom 🇬🇧,2026,Male,ATHX,Overall,185 (633KG),183 (8.601KM),222 (19:27),,,,,,590
216,Ben Lavender & Adam Fitzpatrick,ATHX BIRMINGHAM 2026,United Kingdom 🇬🇧,2026,Male,ATHX,Overall,127 (683KG),243 (7.845KM),236 (20:41),,,,,,606
217,Chris Mager & Ed Hothersall,ATHX BIRMINGHAM 2026,United Kingdom 🇬🇧,2026,Male,ATHX,Overall,184 (635KG),225 (8.175KM),198 (17:52),,,,,,607
218,Sam Boswell & Nick Clark,ATHX BIRMINGHAM 2026,United Kingdom 🇬🇧,2026,Male,ATHX,Overall,228 (553KG),176 (8.682KM),206 (18:14),,,,,,610
218,Chris James & Ben Crudgington,ATHX BIRMINGHAM 2026,United Kingdom 🇬🇧,2026,Male,ATHX,Overall,231 (546KG),195 (8.537KM),184 (17:11),,,,,,610
220,Mike Carroll & Ian Eastwood,ATHX BIRMINGHAM 2026,United Kingdom 🇬🇧,2026,Male,ATHX,Overall,206 (606KG),201 (8.468KM),204 (18:02),,,,,,611
221,Paul Simmons & James Wyatt,ATHX BIRMINGHAM 2026,United Kingdom 🇬🇧,2026,Male,ATHX,Overall,208 (600KG),232 (8.022KM),174 (16:53),,,,,,614
222,Rob Luff & Alan Harrison,ATHX BIRMINGHAM 2026,United Kingdom 🇬🇧,2026,Male,ATHX,Overall,207 (605KG),208 (8.364KM),201 (17:54),,,,,,616
222,James Dovey & Andrew Whitehouse,ATHX BIRMINGHAM 2026,United Kingdom 🇬🇧,2026,Male,ATHX,Overall,216 (588KG),180 (8.653KM),220 (19:12),,,,,,616
224,Matt Hickman & Stew Crooks,ATHX BIRMINGHAM 2026,United Kingdom 🇬🇧,2026,Male,ATHX,Overall,246 (503KG),129 (8.998KM),249 (23:27),,,,,,624
225,Leo Dudin & Robert Carlin,ATHX BIRMINGHAM 2026,United Kingdom 🇬🇧,2026,Male,ATHX,Overall,244 (518KG),175 (8.691KM),209 (18:19),,,,,,628
226,George Berry & Henri Berry,ATHX BIRMINGHAM 2026,United Kingdom 🇬🇧,2026,Male,ATHX,Overall,180 (640KG),213 (8.298KM),238 (20:59),,,,,,631
227,Sam Breacker & Tom Morley,ATHX BIRMINGHAM 2026,United Kingdom 🇬🇧,2026,Male,ATHX,Overall,157 (655KG),242 (7.877KM),233 (20:30),,,,,,632
228,Matt De ferry & Brad Chalk,ATHX BIRMINGHAM 2026,United Kingdom 🇬🇧,2026,Male,ATHX,Overall,197 (618KG),222 (8.216KM),214 (18:46),,,,,,633
228,Samir Amin & Darryl Fordham,ATHX BIRMINGHAM 2026,United Kingdom 🇬🇧,2026,Male,ATHX,Overall,152 (665KG),236 (7.963KM),245 (21:32),,,,,,633
230,Jason Jones & Dale Vaughan,ATHX BIRMINGHAM 2026,United Kingdom 🇬🇧,2026,Male,ATHX,Overall,218 (585KG),226 (8.163KM),190 (17:30),,,,,,634
231,Martyn Jones & Jude Ed,ATHX BIRMINGHAM 2026,United Kingdom 🇬🇧,2026,Male,ATHX,Overall,152 (665KG),248 (7.616KM),246 (21:44),,,,,,646
232,Charlie Barwis & Mike Hart,ATHX BIRMINGHAM 2026,United Kingdom 🇬🇧,2026,Male,ATHX,Overall,231 (546KG),185 (8.593KM),235 (20:33),,,,,,651
233,Jake Berry & Tom Berry,ATHX BIRMINGHAM 2026,United Kingdom 🇬🇧,2026,Male,ATHX,Overall,170 (645KG),237 (7.954KM),247 (22:08),,,,,,654
234,Rob Unsworth & Tom Unsworth,ATHX BIRMINGHAM 2026,United Kingdom 🇬🇧,2026,Male,ATHX,Overall,190 (630KG),239 (7.938KM),227 (19:49),,,,,,656
235,Jack Sewell & William Sewell,ATHX BIRMINGHAM 2026,United Kingdom 🇬🇧,2026,Male,ATHX,Overall,161 (650KG),244 (7.79KM),253 (25:25),,,,,,658
236,Ian Bull & David Bull,ATHX BIRMINGHAM 2026,United Kingdom 🇬🇧,2026,Male,ATHX,Overall,234 (540KG),204 (8.413KM),221 (19:15),,,,,,659
237,Sam Dodson & Matthew Sallis,ATHX BIRMINGHAM 2026,United Kingdom 🇬🇧,2026,Male,ATHX,Overall,205 (610KG),224 (8.176KM),231 (19:58),,,,,,660
238,Rhys Kilner & John Gibbins,ATHX BIRMINGHAM 2026,United Kingdom 🇬🇧,2026,Male,ATHX,Overall,200 (615KG),220 (8.226KM),241 (21:04),,,,,,661
239,Aaron Wornes & Ryan Underwood,ATHX BIRMINGHAM 2026,United Kingdom 🇬🇧,2026,Male,ATHX,Overall,195 (623KG),227 (8.135KM),242 (21:10),,,,,,664
240,Keith Noble & Duncan Harris,ATHX BIRMINGHAM 2026,United Kingdom 🇬🇧,2026,Male,ATHX,Overall,218 (585KG),235 (7.983KM),225 (19:40),,,,,,678
241,Brandon White & Gareth Coller,ATHX BIRMINGHAM 2026,United Kingdom 🇬🇧,2026,Male,ATHX,Overall,223 (578KG),214 (8.279KM),244 (21:26),,,,,,681
242,Jag Banwait & Alastair Whitfield,ATHX BIRMINGHAM 2026,United Kingdom 🇬🇧,2026,Male,ATHX,Overall,197 (618KG),247 (7.716KM),240 (21:03),,,,,,684
243,Ash Sharma & Thom Coupar-Evans,ATHX BIRMINGHAM 2026,United Kingdom 🇬🇧,2026,Male,ATHX,Overall,197 (618KG),250 (7.432KM),242 (21:10),,,,,,689
244,Carl Hackett & Peter Mote,ATHX BIRMINGHAM 2026,United Kingdom 🇬🇧,2026,Male,ATHX,Overall,185 (633KG),252 (7.207KM),254 (25:26),,,,,,691
245,Tony Watson & Andrew Smith,ATHX BIRMINGHAM 2026,United Kingdom 🇬🇧,2026,Male,ATHX,Overall,221 (583KG),246 (7.758KM),230 (19:56),,,,,,697
246,Scott Moore & Noel Mooney,ATHX BIRMINGHAM 2026,United Kingdom 🇬🇧,2026,Male,ATHX,Overall,250 (488KG),211 (8.328KM),239 (21:00),,,,,,700
247,Adam White & Anthony White,ATHX BIRMINGHAM 2026,United Kingdom 🇬🇧,2026,Male,ATHX,Overall,229 (550KG),241 (7.89KM),237 (20:51),,,,,,707
248,Jonathan Kershaw & Gordon Hillis,ATHX BIRMINGHAM 2026,United Kingdom 🇬🇧,2026,Male,ATHX,Overall,240 (530KG),245 (7.783KM),228 (19:52),,,,,,713
249,Craig Cooper & Lee Whitfield,ATHX BIRMINGHAM 2026,United Kingdom 🇬🇧,2026,Male,ATHX,Overall,243 (521KG),221 (8.223KM),251 (24:08),,,,,,715
250,Jon Cusselle & Andrew Williams,ATHX BIRMINGHAM 2026,United Kingdom 🇬🇧,2026,Male,ATHX,Overall,248 (498KG),233 (8.001KM),250 (23:46),,,,,,731
251,Jacob Symondson & Ian Henworth,ATHX BIRMINGHAM 2026,United Kingdom 🇬🇧,2026,Male,ATHX,Overall,252 (475KG),240 (7.892KM),248 (23:18),,,,,,740
252,David Wallis & Miles De Clifford,ATHX BIRMINGHAM 2026,United Kingdom 🇬🇧,2026,Male,ATHX,Overall,253 (396KG),249 (7.482KM),252 (25:20),,,,,,754
1,Kieran Higgs & Tsiah Woods,ATHX BIRMINGHAM 2026,United Kingdom 🇬🇧,2026,Mixed,ATHX,Endurance,,,,,,,4.5KM,5.747KM,1
2,Elaine Farrell & William Meldrum,ATHX BIRMINGHAM 2026,United Kingdom 🇬🇧,2026,Mixed,ATHX,Endurance,,,,,,,4.123KM,5.773KM,2
3,Scott Walker & Emma Meecham Jones,ATHX BIRMINGHAM 2026,United Kingdom 🇬🇧,2026,Mixed,ATHX,Endurance,,,,,,,4.5KM,5.295KM,3
4,Andy Rolstone & MANDY LEE,ATHX BIRMINGHAM 2026,United Kingdom 🇬🇧,2026,Mixed,ATHX,Endurance,,,,,,,4.31KM,5.473KM,4
5,Theo Bennett-Odlum & Lucy Morton,ATHX BIRMINGHAM 2026,United Kingdom 🇬🇧,2026,Mixed,ATHX,Endurance,,,,,,,4.267KM,5.481KM,5
6,Omar Ellaboudy & rosie walsh,ATHX BIRMINGHAM 2026,United Kingdom 🇬🇧,2026,Mixed,ATHX,Endurance,,,,,,,4.14KM,5.566KM,6
7,Natasha Haldane & Tom Jupp,ATHX BIRMINGHAM 2026,United Kingdom 🇬🇧,2026,Mixed,ATHX,Endurance,,,,,,,4.222KM,5.43KM,7
8,Emily Heard & Matthew Wells,ATHX BIRMINGHAM 2026,United Kingdom 🇬🇧,2026,Mixed,ATHX,Endurance,,,,,,,4.091KM,5.55KM,8
9,Jeremy Saxon & Sophie Rixon,ATHX BIRMINGHAM 2026,United Kingdom 🇬🇧,2026,Mixed,ATHX,Endurance,,,,,,,4.5KM,5.137KM,9
10,Demi Tripp & Harleigh Abbott,ATHX BIRMINGHAM 2026,United Kingdom 🇬🇧,2026,Mixed,ATHX,Endurance,,,,,,,3.862KM,5.664KM,10
10,Christian Nolde & Steffi Schmitt,ATHX BIRMINGHAM 2026,United Kingdom 🇬🇧,2026,Mixed,ATHX,Endurance,,,,,,,4.225KM,5.301KM,10
12,Adam Steel & Elena Martin,ATHX BIRMINGHAM 2026,United Kingdom 🇬🇧,2026,Mixed,ATHX,Endurance,,,,,,,4.363KM,5.127KM,12
13,Tom Wilde & Gemma Shaw,ATHX BIRMINGHAM 2026,United Kingdom 🇬🇧,2026,Mixed,ATHX,Endurance,,,,,,,4KM,5.489KM,13
14,Chris Eales & Victoria Harriott,ATHX BIRMINGHAM 2026,United Kingdom 🇬🇧,2026,Mixed,ATHX,Endurance,,,,,,,3.949KM,5.517KM,14
14,Adrian Boncut & Nicoleta Boncut,ATHX BIRMINGHAM 2026,United Kingdom 🇬🇧,2026,Mixed,ATHX,Endurance,,,,,,,4.076KM,5.39KM,14
14,Laurence Pannell & Hannah Bailey,ATHX BIRMINGHAM 2026,United Kingdom 🇬🇧,2026,Mixed,ATHX,Endurance,,,,,,,4.3KM,5.166KM,14
17,Emily Gooderham & Josh Clarke-Davis,ATHX BIRMINGHAM 2026,United Kingdom 🇬🇧,2026,Mixed,ATHX,Endurance,,,,,,,4.23KM,5.219KM,17
18,Chelsea Brown & Will Shaw,ATHX BIRMINGHAM 2026,United Kingdom 🇬🇧,2026,Mixed,ATHX,Endurance,,,,,,,4.072KM,5.376KM,18
19,Steve King & Claire King,ATHX BIRMINGHAM 2026,United Kingdom 🇬🇧,2026,Mixed,ATHX,Endurance,,,,,,,4.147KM,5.296KM,19
20,Franco Reina & Tate Crossley,ATHX BIRMINGHAM 2026,United Kingdom 🇬🇧,2026,Mixed,ATHX,Endurance,,,,,,,3.75KM,5.685KM,20
21,Nathan Nelson & Connie Scharff,ATHX BIRMINGHAM 2026,United Kingdom 🇬🇧,2026,Mixed,ATHX,Endurance,,,,,,,3.576KM,5.797KM,21
22,Lauren Russell & Tristan Coles,ATHX BIRMINGHAM 2026,United Kingdom 🇬🇧,2026,Mixed,ATHX,Endurance,,,,,,,3.8KM,5.563KM,22
23,Ross Comfort & Lucinda Keir,ATHX BIRMINGHAM 2026,United Kingdom 🇬🇧,2026,Mixed,ATHX,Endurance,,,,,,,3.677KM,5.663KM,23
24,Maya Jennings & Nathan Groves,ATHX BIRMINGHAM 2026,United Kingdom 🇬🇧,2026,Mixed,ATHX,Endurance,,,,,,,4.01KM,5.312KM,24
25,Martyn Wright & Niamh Doran,ATHX BIRMINGHAM 2026,United Kingdom 🇬🇧,2026,Mixed,ATHX,Endurance,,,,,,,4.147KM,5.174KM,25
26,Charlotte James & Ron Harris,ATHX BIRMINGHAM 2026,United Kingdom 🇬🇧,2026,Mixed,ATHX,Endurance,,,,,,,3.75KM,5.553KM,26
27,Rob Smith & Genevieve Hickin,ATHX BIRMINGHAM 2026,United Kingdom 🇬🇧,2026,Mixed,ATHX,Endurance,,,,,,,4.035KM,5.247KM,27
28,Sasha Jarvis & Connor Clark,ATHX BIRMINGHAM 2026,United Kingdom 🇬🇧,2026,Mixed,ATHX,Endurance,,,,,,,3.918KM,5.348KM,28
29,Jake Flint & Amy Lowe,ATHX BIRMINGHAM 2026,United Kingdom 🇬🇧,2026,Mixed,ATHX,Endurance,,,,,,,4.5KM,4.763KM,29
30,Sam Barnes & Verity Atkins,ATHX BIRMINGHAM 2026,United Kingdom 🇬🇧,2026,Mixed,ATHX,Endurance,,,,,,,3.844KM,5.416KM,30
31,Matthew Love & Amy Halford,ATHX BIRMINGHAM 2026,United Kingdom 🇬🇧,2026,Mixed,ATHX,Endurance,,,,,,,4.05KM,5.198KM,31
32,Dani Taylor & Jamie Newington,ATHX BIRMINGHAM 2026,United Kingdom 🇬🇧,2026,Mixed,ATHX,Endurance,,,,,,,3.962KM,5.283KM,32
33,Amy Young & Rory Hall,ATHX BIRMINGHAM 2026,United Kingdom 🇬🇧,2026,Mixed,ATHX,Endurance,,,,,,,3.75KM,5.475KM,33
34,Emily-Jane Craft-Watson & Joe Watson,ATHX BIRMINGHAM 2026,United Kingdom 🇬🇧,2026,Mixed,ATHX,Endurance,,,,,,,3.901KM,5.31KM,34
35,Anna Cavill & Finn Credland,ATHX BIRMINGHAM 2026,United Kingdom 🇬🇧,2026,Mixed,ATHX,Endurance,,,,,,,3.697KM,5.507KM,35
36,Matt Dukes & Amber Colin-Thome,ATHX BIRMINGHAM 2026,United Kingdom 🇬🇧,2026,Mixed,ATHX,Endurance,,,,,,,3.75KM,5.449KM,36
37,Ian Knight & Lilly Chambers,ATHX BIRMINGHAM 2026,United Kingdom 🇬🇧,2026,Mixed,ATHX,Endurance,,,,,,,3.75KM,5.439KM,37
38,Harry Mcfarling & Mia Samman,ATHX BIRMINGHAM 2026,United Kingdom 🇬🇧,2026,Mixed,ATHX,Endurance,,,,,,,3.785KM,5.359KM,38
39,Sarah Hare-Price & David Price,ATHX BIRMINGHAM 2026,United Kingdom 🇬🇧,2026,Mixed,ATHX,Endurance,,,,,,,3.571KM,5.56KM,39
40,Sam Pask & Lucy Pask,ATHX BIRMINGHAM 2026,United Kingdom 🇬🇧,2026,Mixed,ATHX,Endurance,,,,,,,3.805KM,5.319KM,40
41,Rhys Satchell & Ellie Cooper,ATHX BIRMINGHAM 2026,United Kingdom 🇬🇧,2026,Mixed,ATHX,Endurance,,,,,,,3.75KM,5.373KM,41
42,Shannon Mason & Jack Mason,ATHX BIRMINGHAM 2026,United Kingdom 🇬🇧,2026,Mixed,ATHX,Endurance,,,,,,,3.775KM,5.347KM,42
43,Thomas Jaffrey & Tor Smith,ATHX BIRMINGHAM 2026,United Kingdom 🇬🇧,2026,Mixed,ATHX,Endurance,,,,,,,3.904KM,5.214KM,43
44,Eszter Ambrus & Barney Picton,ATHX BIRMINGHAM 2026,United Kingdom 🇬🇧,2026,Mixed,ATHX,Endurance,,,,,,,3.874KM,5.228KM,44
45,John Nicholas Adams & Amy Adams,ATHX BIRMINGHAM 2026,United Kingdom 🇬🇧,2026,Mixed,ATHX,Endurance,,,,,,,3.938KM,5.148KM,45
46,Daisy Yeomans & Nathan Siddans,ATHX BIRMINGHAM 2026,United Kingdom 🇬🇧,2026,Mixed,ATHX,Endurance,,,,,,,3.558KM,5.521KM,46
47,Jason Burkinshaw & Emmy Burkinshaw,ATHX BIRMINGHAM 2026,United Kingdom 🇬🇧,2026,Mixed,ATHX,Endurance,,,,,,,3.75KM,5.322KM,47
48,Levi Woolley & Amelia Sharkey,ATHX BIRMINGHAM 2026,United Kingdom 🇬🇧,2026,Mixed,ATHX,Endurance,,,,,,,3.416KM,5.65KM,48
49,Vikki Stone & Rubin Allen,ATHX BIRMINGHAM 2026,United Kingdom 🇬🇧,2026,Mixed,ATHX,Endurance,,,,,,,3.932KM,5.131KM,49
50,Amy Thomas & Matt Gwillam,ATHX BIRMINGHAM 2026,United Kingdom 🇬🇧,2026,Mixed,ATHX,Endurance,,,,,,,3.345KM,5.717KM,50
51,Paul Connor & Fern Connor,ATHX BIRMINGHAM 2026,United Kingdom 🇬🇧,2026,Mixed,ATHX,Endurance,,,,,,,3.705KM,5.349KM,51
52,Laura Rolph & Jamie Rolph,ATHX BIRMINGHAM 2026,United Kingdom 🇬🇧,2026,Mixed,ATHX,Endurance,,,,,,,3.75KM,5.302KM,52
53,Christina Ellis & Ali Ellis,ATHX BIRMINGHAM 2026,United Kingdom 🇬🇧,2026,Mixed,ATHX,Endurance,,,,,,,3.831KM,5.213KM,53
54,Sebrina O’Rourke & Leon O'Rourke,ATHX BIRMINGHAM 2026,United Kingdom 🇬🇧,2026,Mixed,ATHX,Endurance,,,,,,,4.102KM,4.941KM,54
55,Hannah Tonks & Samuel Foster,ATHX BIRMINGHAM 2026,United Kingdom 🇬🇧,2026,Mixed,ATHX,Endurance,,,,,,,3.75KM,5.28KM,55
56,Charlie Louise Odams & Josh Graham,ATHX BIRMINGHAM 2026,United Kingdom 🇬🇧,2026,Mixed,ATHX,Endurance,,,,,,,3.689KM,5.338KM,56
57,Vicky Atkins & Andy Oldham,ATHX BIRMINGHAM 2026,United Kingdom 🇬🇧,2026,Mixed,ATHX,Endurance,,,,,,,3.639KM,5.384KM,57
58,Anna Imrie & Tom Endersby,ATHX BIRMINGHAM 2026,United Kingdom 🇬🇧,2026,Mixed,ATHX,Endurance,,,,,,,3.75KM,5.26KM,58
59,Georgia Crouch & Reilly Baldwin,ATHX BIRMINGHAM 2026,United Kingdom 🇬🇧,2026,Mixed,ATHX,Endurance,,,,,,,3.88KM,5.129KM,59
60,Natalie Sauber & Matt Messina,ATHX BIRMINGHAM 2026,United Kingdom 🇬🇧,2026,Mixed,ATHX,Endurance,,,,,,,4.25KM,4.743KM,60
61,Taylor Hastings & Natalie Chapman,ATHX BIRMINGHAM 2026,United Kingdom 🇬🇧,2026,Mixed,ATHX,Endurance,,,,,,,3.926KM,5.059KM,61
62,Ilina Slaveykova & Bobby Barber,ATHX BIRMINGHAM 2026,United Kingdom 🇬🇧,2026,Mixed,ATHX,Endurance,,,,,,,3.429KM,5.553KM,62
63,Cal Rayner & Lydia Taylor,ATHX BIRMINGHAM 2026,United Kingdom 🇬🇧,2026,Mixed,ATHX,Endurance,,,,,,,3.902KM,5.071KM,63
63,David Watson & Milena Georgieva,ATHX BIRMINGHAM 2026,United Kingdom 🇬🇧,2026,Mixed,ATHX,Endurance,,,,,,,3.781KM,5.192KM,63
65,Riva Siggins & Alex Harbrow,ATHX BIRMINGHAM 2026,United Kingdom 🇬🇧,2026,Mixed,ATHX,Endurance,,,,,,,3.837KM,5.134KM,65
66,Fraser Cockeram & Nina Hoadley-Cockeram,ATHX BIRMINGHAM 2026,United Kingdom 🇬🇧,2026,Mixed,ATHX,Endurance,,,,,,,4.014KM,4.954KM,66
67,Frances Bradley & David Fawcett,ATHX BIRMINGHAM 2026,United Kingdom 🇬🇧,2026,Mixed,ATHX,Endurance,,,,,,,3.818KM,5.144KM,67
68,Ian Ellis & Sian Harvey,ATHX BIRMINGHAM 2026,United Kingdom 🇬🇧,2026,Mixed,ATHX,Endurance,,,,,,,3.728KM,5.223KM,68
68,Lana Newby & Tanner Call,ATHX BIRMINGHAM 2026,United Kingdom 🇬🇧,2026,Mixed,ATHX,Endurance,,,,,,,3.836KM,5.115KM,68
70,Jenni Gilbert & Graeme Gilbert,ATHX BIRMINGHAM 2026,United Kingdom 🇬🇧,2026,Mixed,ATHX,Endurance,,,,,,,3.594KM,5.351KM,70
70,Beth Wise & Ryan Smith,ATHX BIRMINGHAM 2026,United Kingdom 🇬🇧,2026,Mixed,ATHX,Endurance,,,,,,,3.657KM,5.288KM,70
72,Dominic Darbyshire & Benneta Paluca,ATHX BIRMINGHAM 2026,United Kingdom 🇬🇧,2026,Mixed,ATHX,Endurance,,,,,,,3.75KM,5.191KM,72
73,Hayley Biggs & Asim Jani,ATHX BIRMINGHAM 2026,United Kingdom 🇬🇧,2026,Mixed,ATHX,Endurance,,,,,,,3.719KM,5.206KM,73
74,Anwen Hooson & Eryl Hooson,ATHX BIRMINGHAM 2026,United Kingdom 🇬🇧,2026,Mixed,ATHX,Endurance,,,,,,,4.018KM,4.905KM,74
75,Jess Yapp & Liam Masefield,ATHX BIRMINGHAM 2026,United Kingdom 🇬🇧,2026,Mixed,ATHX,Endurance,,,,,,,3.75KM,5.166KM,75
76,Stephanie Van Der Velden & Louis Verite,ATHX BIRMINGHAM 2026,United Kingdom 🇬🇧,2026,Mixed,ATHX,Endurance,,,,,,,3.75KM,5.155KM,76
77,Andrew Pawley & Olivia Francis,ATHX BIRMINGHAM 2026,United Kingdom 🇬🇧,2026,Mixed,ATHX,Endurance,,,,,,,3.765KM,5.137KM,77
78,Ian Marsh & Charlotte Jones,ATHX BIRMINGHAM 2026,United Kingdom 🇬🇧,2026,Mixed,ATHX,Endurance,,,,,,,3.5KM,5.396KM,78
79,Karina Hastie & Leon Osborne,ATHX BIRMINGHAM 2026,United Kingdom 🇬🇧,2026,Mixed,ATHX,Endurance,,,,,,,3.643KM,5.248KM,79
80,Rosa Lenders & Nicholas Mills,ATHX BIRMINGHAM 2026,United Kingdom 🇬🇧,2026,Mixed,ATHX,Endurance,,,,,,,3.912KM,4.971KM,80
80,Ashley Prosper & Emma Clarke,ATHX BIRMINGHAM 2026,United Kingdom 🇬🇧,2026,Mixed,ATHX,Endurance,,,,,,,3.75KM,5.133KM,80
82,Sarah Parish & chris Byrne,ATHX BIRMINGHAM 2026,United Kingdom 🇬🇧,2026,Mixed,ATHX,Endurance,,,,,,,3.75KM,5.132KM,82
83,Annie Watkins & Mark Hornby,ATHX BIRMINGHAM 2026,United Kingdom 🇬🇧,2026,Mixed,ATHX,Endurance,,,,,,,3.75KM,5.129KM,83
84,Lucy Goodyear-Green & Tony Lawrence,ATHX BIRMINGHAM 2026,United Kingdom 🇬🇧,2026,Mixed,ATHX,Endurance,,,,,,,3.392KM,5.469KM,84
84,Sam Stevens & Lisa Stevens,ATHX BIRMINGHAM 2026,United Kingdom 🇬🇧,2026,Mixed,ATHX,Endurance,,,,,,,3.75KM,5.111KM,84
86,Zara Coney & Steve Williams,ATHX BIRMINGHAM 2026,United Kingdom 🇬🇧,2026,Mixed,ATHX,Endurance,,,,,,,3.7KM,5.158KM,86
87,Lydia Banwell & Daniel hibberd,ATHX BIRMINGHAM 2026,United Kingdom 🇬🇧,2026,Mixed,ATHX,Endurance,,,,,,,3.62KM,5.236KM,87
88,Fred Johnston & Lucie Griffiths,ATHX BIRMINGHAM 2026,United Kingdom 🇬🇧,2026,Mixed,ATHX,Endurance,,,,,,,3.75KM,5.084KM,88
89,Claire Newton & John Burton,ATHX BIRMINGHAM 2026,United Kingdom 🇬🇧,2026,Mixed,ATHX,Endurance,,,,,,,3.75KM,5.07KM,89
90,Jack Longton & Polly Iddon,ATHX BIRMINGHAM 2026,United Kingdom 🇬🇧,2026,Mixed,ATHX,Endurance,,,,,,,3.5KM,5.302KM,90
91,Amber Smith & Alex Jeffrey,ATHX BIRMINGHAM 2026,United Kingdom 🇬🇧,2026,Mixed,ATHX,Endurance,,,,,,,3.684KM,5.113KM,91
92,Ffion Evans & Stuart Jones,ATHX BIRMINGHAM 2026,United Kingdom 🇬🇧,2026,Mixed,ATHX,Endurance,,,,,,,3.544KM,5.25KM,92
93,Esther Lamb & Jamie Townshend,ATHX BIRMINGHAM 2026,United Kingdom 🇬🇧,2026,Mixed,ATHX,Endurance,,,,,,,3.808KM,4.984KM,93
94,Georgia Keast & Sam Keast,ATHX BIRMINGHAM 2026,United Kingdom 🇬🇧,2026,Mixed,ATHX,Endurance,,,,,,,3.803KM,4.988KM,94
95,Jessie Scraton & Casha Nijhawan,ATHX BIRMINGHAM 2026,United Kingdom 🇬🇧,2026,Mixed,ATHX,Endurance,,,,,,,3.75KM,5.022KM,95
96,Nikki Dickinson & Neil Dickinson,ATHX BIRMINGHAM 2026,United Kingdom 🇬🇧,2026,Mixed,ATHX,Endurance,,,,,,,3.75KM,5.017KM,96
97,Naima Field & Ben Franks,ATHX BIRMINGHAM 2026,United Kingdom 🇬🇧,2026,Mixed,ATHX,Endurance,,,,,,,3.754KM,5.01KM,97
98,Matthew Tonks & Naomi Hill,ATHX BIRMINGHAM 2026,United Kingdom 🇬🇧,2026,Mixed,ATHX,Endurance,,,,,,,3.751KM,5KM,98
98,Mark Boyce & Natalie Kenyon,ATHX BIRMINGHAM 2026,United Kingdom 🇬🇧,2026,Mixed,ATHX,Endurance,,,,,,,3.724KM,5.027KM,98
100,Emma Bryan & Josh Clark,ATHX BIRMINGHAM 2026,United Kingdom 🇬🇧,2026,Mixed,ATHX,Endurance,,,,,,,3.757KM,4.99KM,100
101,Jessie Riche & Tom Jackson,ATHX BIRMINGHAM 2026,United Kingdom 🇬🇧,2026,Mixed,ATHX,Endurance,,,,,,,3.666KM,5.077KM,101
102,Josh  Carr & Elena Somes,ATHX BIRMINGHAM 2026,United Kingdom 🇬🇧,2026,Mixed,ATHX,Endurance,,,,,,,3.75KM,4.992KM,102
103,Brogan Kane & Luke White,ATHX BIRMINGHAM 2026,United Kingdom 🇬🇧,2026,Mixed,ATHX,Endurance,,,,,,,3.619KM,5.115KM,103
104,Megan Taylor & Conor McCaugherty,ATHX BIRMINGHAM 2026,United Kingdom 🇬🇧,2026,Mixed,ATHX,Endurance,,,,,,,3.799KM,4.934KM,104
105,Jessica Fisher & Neil Mitchell,ATHX BIRMINGHAM 2026,United Kingdom 🇬🇧,2026,Mixed,ATHX,Endurance,,,,,,,3.37KM,5.352KM,105
106,James Tonry & Kelly Cridland,ATHX BIRMINGHAM 2026,United Kingdom 🇬🇧,2026,Mixed,ATHX,Endurance,,,,,,,3.342KM,5.378KM,106
107,Jakub Podgorski & Alex Clay,ATHX BIRMINGHAM 2026,United Kingdom 🇬🇧,2026,Mixed,ATHX,Endurance,,,,,,,3.364KM,5.351KM,107
108,Sara Smith & Paul Richards,ATHX BIRMINGHAM 2026,United Kingdom 🇬🇧,2026,Mixed,ATHX,Endurance,,,,,,,3.75KM,4.957KM,108
109,Francesca Hibbins & Joshua Dadd,ATHX BIRMINGHAM 2026,United Kingdom 🇬🇧,2026,Mixed,ATHX,Endurance,,,,,,,3.75KM,4.953KM,109
110,Rob Loweth & Holly Knott,ATHX BIRMINGHAM 2026,United Kingdom 🇬🇧,2026,Mixed,ATHX,Endurance,,,,,,,3.616KM,5.077KM,110
111,Alex Fagen & Sarah Fraser,ATHX BIRMINGHAM 2026,United Kingdom 🇬🇧,2026,Mixed,ATHX,Endurance,,,,,,,3.514KM,5.174KM,111
112,Alison Delucis & Roberto Delucis,ATHX BIRMINGHAM 2026,United Kingdom 🇬🇧,2026,Mixed,ATHX,Endurance,,,,,,,3.691KM,4.993KM,112
113,Adam Newman & laura Swain,ATHX BIRMINGHAM 2026,United Kingdom 🇬🇧,2026,Mixed,ATHX,Endurance,,,,,,,3.533KM,5.139KM,113
114,Tim Johnson & Louisa Christiansen,ATHX BIRMINGHAM 2026,United Kingdom 🇬🇧,2026,Mixed,ATHX,Endurance,,,,,,,3.434KM,5.228KM,114
115,Steven Johnson & Chloe Lavender,ATHX BIRMINGHAM 2026,United Kingdom 🇬🇧,2026,Mixed,ATHX,Endurance,,,,,,,3.477KM,5.182KM,115
116,Mark Thorpe & Lisa Thorpe,ATHX BIRMINGHAM 2026,United Kingdom 🇬🇧,2026,Mixed,ATHX,Endurance,,,,,,,3.234KM,5.419KM,116
117,Ellesse Pearce & Alex Gapper,ATHX BIRMINGHAM 2026,United Kingdom 🇬🇧,2026,Mixed,ATHX,Endurance,,,,,,,3.75KM,4.9KM,117
118,Tarryn McKean & Alex Doherty-Head,ATHX BIRMINGHAM 2026,United Kingdom 🇬🇧,2026,Mixed,ATHX,Endurance,,,,,,,3.75KM,4.894KM,118
119,Paul Woolls & Melissa Pirie,ATHX BIRMINGHAM 2026,United Kingdom 🇬🇧,2026,Mixed,ATHX,Endurance,,,,,,,3.673KM,4.963KM,119
120,Lauren Owen & Brady Jackson,ATHX BIRMINGHAM 2026,United Kingdom 🇬🇧,2026,Mixed,ATHX,Endurance,,,,,,,3.338KM,5.293KM,120
121,Joe Ward & Katie Newton,ATHX BIRMINGHAM 2026,United Kingdom 🇬🇧,2026,Mixed,ATHX,Endurance,,,,,,,4.026KM,4.591KM,121
122,Liam Healy & Sally Healy,ATHX BIRMINGHAM 2026,United Kingdom 🇬🇧,2026,Mixed,ATHX,Endurance,,,,,,,3.188KM,5.405KM,122
123,Sara Goncalves & Mulley Branch,ATHX BIRMINGHAM 2026,United Kingdom 🇬🇧,2026,Mixed,ATHX,Endurance,,,,,,,3.75KM,4.836KM,123
124,Matthew Armstrong & Sarah Armstrong,ATHX BIRMINGHAM 2026,United Kingdom 🇬🇧,2026,Mixed,ATHX,Endurance,,,,,,,3.543KM,5.028KM,124
125,Mark Browne & Laura Browne,ATHX BIRMINGHAM 2026,United Kingdom 🇬🇧,2026,Mixed,ATHX,Endurance,,,,,,,3.75KM,4.819KM,125
126,Molly Storey & Jamie Braithwaite,ATHX BIRMINGHAM 2026,United Kingdom 🇬🇧,2026,Mixed,ATHX,Endurance,,,,,,,3.579KM,4.985KM,126
127,Jules Parker & Ed Scott-Dickins,ATHX BIRMINGHAM 2026,United Kingdom 🇬🇧,2026,Mixed,ATHX,Endurance,,,,,,,3.264KM,5.297KM,127
128,Richard Marques & Suzanne Grant,ATHX BIRMINGHAM 2026,United Kingdom 🇬🇧,2026,Mixed,ATHX,Endurance,,,,,,,3.75KM,4.801KM,128
129,Mark Drewett-nation & Kayleigh Ball,ATHX BIRMINGHAM 2026,United Kingdom 🇬🇧,2026,Mixed,ATHX,Endurance,,,,,,,3.75KM,4.796KM,129
130,Donna Conlon-Jones & Wayne Thomas,ATHX BIRMINGHAM 2026,United Kingdom 🇬🇧,2026,Mixed,ATHX,Endurance,,,,,,,3.311KM,5.232KM,130
130,Molly Bridson & Fraser McPhearson,ATHX BIRMINGHAM 2026,United Kingdom 🇬🇧,2026,Mixed,ATHX,Endurance,,,,,,,3.582KM,4.961KM,130
132,Eleanor Ferris & Ben Ferris,ATHX BIRMINGHAM 2026,United Kingdom 🇬🇧,2026,Mixed,ATHX,Endurance,,,,,,,3.661KM,4.877KM,132
133,Jason Harris & Bonnie Walton,ATHX BIRMINGHAM 2026,United Kingdom 🇬🇧,2026,Mixed,ATHX,Endurance,,,,,,,3.572KM,4.965KM,133
134,Emma Penn & James Penn,ATHX BIRMINGHAM 2026,United Kingdom 🇬🇧,2026,Mixed,ATHX,Endurance,,,,,,,3.75KM,4.781KM,134
135,Jo Gore & Kai Gore,ATHX BIRMINGHAM 2026,United Kingdom 🇬🇧,2026,Mixed,ATHX,Endurance,,,,,,,3.75KM,4.777KM,135
136,Simon Harris & Leigh-Anne Brace,ATHX BIRMINGHAM 2026,United Kingdom 🇬🇧,2026,Mixed,ATHX,Endurance,,,,,,,3.139KM,5.384KM,136
137,Helen Boffy & Matt Boffy,ATHX BIRMINGHAM 2026,United Kingdom 🇬🇧,2026,Mixed,ATHX,Endurance,,,,,,,3.608KM,4.904KM,137
138,Megan Kilbane & Harrison Wall,ATHX BIRMINGHAM 2026,United Kingdom 🇬🇧,2026,Mixed,ATHX,Endurance,,,,,,,3.461KM,5.04KM,138
139,Roxanne Galloway & Chris Galloway,ATHX BIRMINGHAM 2026,United Kingdom 🇬🇧,2026,Mixed,ATHX,Endurance,,,,,,,3.617KM,4.883KM,139
139,Rebecca Scott & Matt Keyte,ATHX BIRMINGHAM 2026,United Kingdom 🇬🇧,2026,Mixed,ATHX,Endurance,,,,,,,3.514KM,4.986KM,139
141,Christopher Reynolds & Loulou Robson,ATHX BIRMINGHAM 2026,United Kingdom 🇬🇧,2026,Mixed,ATHX,Endurance,,,,,,,3.582KM,4.917KM,141
142,Catherine Hickey & Tom McGuinness,ATHX BIRMINGHAM 2026,United Kingdom 🇬🇧,2026,Mixed,ATHX,Endurance,,,,,,,3.543KM,4.949KM,142
143,Jay Johnson & Kali Jack,ATHX BIRMINGHAM 2026,United Kingdom 🇬🇧,2026,Mixed,ATHX,Endurance,,,,,,,3.654KM,4.826KM,143
144,Glen Waddell & Lacey Regan,ATHX BIRMINGHAM 2026,United Kingdom 🇬🇧,2026,Mixed,ATHX,Endurance,,,,,,,3.264KM,5.197KM,144
145,Mike Newby-Fraser & Rachel Dougan,ATHX BIRMINGHAM 2026,United Kingdom 🇬🇧,2026,Mixed,ATHX,Endurance,,,,,,,3.698KM,4.759KM,145
146,Jack Cowen & Hannah Hardy,ATHX BIRMINGHAM 2026,United Kingdom 🇬🇧,2026,Mixed,ATHX,Endurance,,,,,,,3.275KM,5.174KM,146
147,Arran Arogundade & Olivia Fletcher,ATHX BIRMINGHAM 2026,United Kingdom 🇬🇧,2026,Mixed,ATHX,Endurance,,,,,,,3.295KM,5.142KM,147
148,Kyle Hickey & Hannah Lock,ATHX BIRMINGHAM 2026,United Kingdom 🇬🇧,2026,Mixed,ATHX,Endurance,,,,,,,3.598KM,4.83KM,148
149,Zak Gladwell & Holly Rogers,ATHX BIRMINGHAM 2026,United Kingdom 🇬🇧,2026,Mixed,ATHX,Endurance,,,,,,,3.469KM,4.958KM,149
150,Nathan Jones & Emily Jones,ATHX BIRMINGHAM 2026,United Kingdom 🇬🇧,2026,Mixed,ATHX,Endurance,,,,,,,3.331KM,5.089KM,150
151,Tamsin Copland & Tommi Beales,ATHX BIRMINGHAM 2026,United Kingdom 🇬🇧,2026,Mixed,ATHX,Endurance,,,,,,,3.55KM,4.841KM,151
152,Ellie Careswell & George Daly,ATHX BIRMINGHAM 2026,United Kingdom 🇬🇧,2026,Mixed,ATHX,Endurance,,,,,,,3.277KM,5.112KM,152
153,Mark Finn & Anne Finn,ATHX BIRMINGHAM 2026,United Kingdom 🇬🇧,2026,Mixed,ATHX,Endurance,,,,,,,3.103KM,5.269KM,153
154,Sally Shareef & Tom Williams,ATHX BIRMINGHAM 2026,United Kingdom 🇬🇧,2026,Mixed,ATHX,Endurance,,,,,,,3.571KM,4.799KM,154
155,Daniel Fennell & Dannii Bayliss,ATHX BIRMINGHAM 2026,United Kingdom 🇬🇧,2026,Mixed,ATHX,Endurance,,,,,,,3.5KM,4.866KM,155
156,Jamie Lynes & Carina Locke,ATHX BIRMINGHAM 2026,United Kingdom 🇬🇧,2026,Mixed,ATHX,Endurance,,,,,,,3.389KM,4.974KM,156
157,Patrick Lewis & Lauren Lewis,ATHX BIRMINGHAM 2026,United Kingdom 🇬🇧,2026,Mixed,ATHX,Endurance,,,,,,,3.48KM,4.882KM,157
158,Ben Green & Ella Roddie,ATHX BIRMINGHAM 2026,United Kingdom 🇬🇧,2026,Mixed,ATHX,Endurance,,,,,,,3.366KM,4.994KM,158
159,Steph Brumpton & Jack Pace,ATHX BIRMINGHAM 2026,United Kingdom 🇬🇧,2026,Mixed,ATHX,Endurance,,,,,,,3.177KM,5.176KM,159
160,Brooklyn Gibbons & Dannii Bethell,ATHX BIRMINGHAM 2026,United Kingdom 🇬🇧,2026,Mixed,ATHX,Endurance,,,,,,,3.448KM,4.901KM,160
161,Kat Gill & Charlie Gill,ATHX BIRMINGHAM 2026,United Kingdom 🇬🇧,2026,Mixed,ATHX,Endurance,,,,,,,3.341KM,5.002KM,161
162,April Windebank & Jamie Everard,ATHX BIRMINGHAM 2026,United Kingdom 🇬🇧,2026,Mixed,ATHX,Endurance,,,,,,,3.414KM,4.927KM,162
163,Gavin Wright & Francesca Woods,ATHX BIRMINGHAM 2026,United Kingdom 🇬🇧,2026,Mixed,ATHX,Endurance,,,,,,,3.634KM,4.703KM,163
164,Andreas Schönborn & Stini Schoenborn,ATHX BIRMINGHAM 2026,United Kingdom 🇬🇧,2026,Mixed,ATHX,Endurance,,,,,,,3.295KM,5.039KM,164
165,David Caldwell & Naomi Evans,ATHX BIRMINGHAM 2026,United Kingdom 🇬🇧,2026,Mixed,ATHX,Endurance,,,,,,,3.565KM,4.762KM,165
166,Ryan Earnshaw & Chloe Griffin,ATHX BIRMINGHAM 2026,United Kingdom 🇬🇧,2026,Mixed,ATHX,Endurance,,,,,,,3.446KM,4.869KM,166
167,Anna Greco & Luke Porter,ATHX BIRMINGHAM 2026,United Kingdom 🇬🇧,2026,Mixed,ATHX,Endurance,,,,,,,3.46KM,4.844KM,167
167,Kristofer Whitfield & Lisa Smith,ATHX BIRMINGHAM 2026,United Kingdom 🇬🇧,2026,Mixed,ATHX,Endurance,,,,,,,3.359KM,4.945KM,167
169,Stephanie Blakemore & Richard Blakemore,ATHX BIRMINGHAM 2026,United Kingdom 🇬🇧,2026,Mixed,ATHX,Endurance,,,,,,,3.374KM,4.918KM,169
170,Zach Allen & Rachel Taylor,ATHX BIRMINGHAM 2026,United Kingdom 🇬🇧,2026,Mixed,ATHX,Endurance,,,,,,,3.021KM,5.261KM,170
171,Gemma Sinclair & Scott Sinclair,ATHX BIRMINGHAM 2026,United Kingdom 🇬🇧,2026,Mixed,ATHX,Endurance,,,,,,,3.553KM,4.724KM,171
172,Michele Davies & Owen Davies,ATHX BIRMINGHAM 2026,United Kingdom 🇬🇧,2026,Mixed,ATHX,Endurance,,,,,,,3.534KM,4.733KM,172
172,Nick Di Giampasquale & Jodie Slade,ATHX BIRMINGHAM 2026,United Kingdom 🇬🇧,2026,Mixed,ATHX,Endurance,,,,,,,3.756KM,4.511KM,172
174,Matthew Salt & Jessica Salt,ATHX BIRMINGHAM 2026,United Kingdom 🇬🇧,2026,Mixed,ATHX,Endurance,,,,,,,3.401KM,4.862KM,174
175,Ricky McDonald & Laura Grundy,ATHX BIRMINGHAM 2026,United Kingdom 🇬🇧,2026,Mixed,ATHX,Endurance,,,,,,,3.413KM,4.846KM,175
176,Jade Barsby & Ben Jones,ATHX BIRMINGHAM 2026,United Kingdom 🇬🇧,2026,Mixed,ATHX,Endurance,,,,,,,3.75KM,4.507KM,176
177,Kirstie Pritchard & Craig Pritchard,ATHX BIRMINGHAM 2026,United Kingdom 🇬🇧,2026,Mixed,ATHX,Endurance,,,,,,,3.598KM,4.656KM,177
178,Ryan  Payne & Sasha Weaver,ATHX BIRMINGHAM 2026,United Kingdom 🇬🇧,2026,Mixed,ATHX,Endurance,,,,,,,3.402KM,4.847KM,178
179,Charlotte Simm & Kieran Ashdown,ATHX BIRMINGHAM 2026,United Kingdom 🇬🇧,2026,Mixed,ATHX,Endurance,,,,,,,3.235KM,5.01KM,179
180,Samuel Tai & Joanna Bartle,ATHX BIRMINGHAM 2026,United Kingdom 🇬🇧,2026,Mixed,ATHX,Endurance,,,,,,,3.25KM,4.99KM,180
181,Danielle Ally & Harry Newberry,ATHX BIRMINGHAM 2026,United Kingdom 🇬🇧,2026,Mixed,ATHX,Endurance,,,,,,,3.344KM,4.889KM,181
182,Charlotte Bradley & Rich Kerr,ATHX BIRMINGHAM 2026,United Kingdom 🇬🇧,2026,Mixed,ATHX,Endurance,,,,,,,3.274KM,4.939KM,182
183,Paul Darroch & Elizabeth Darroch,ATHX BIRMINGHAM 2026,United Kingdom 🇬🇧,2026,Mixed,ATHX,Endurance,,,,,,,3.446KM,4.761KM,183
184,Edina Green & Chris Mark Featherstone,ATHX BIRMINGHAM 2026,United Kingdom 🇬🇧,2026,Mixed,ATHX,Endurance,,,,,,,3.75KM,4.452KM,184
185,Mari Cowie & Byron Cowie,ATHX BIRMINGHAM 2026,United Kingdom 🇬🇧,2026,Mixed,ATHX,Endurance,,,,,,,3.5KM,4.697KM,185
186,Katie Hellier & Stewart Hellier,ATHX BIRMINGHAM 2026,United Kingdom 🇬🇧,2026,Mixed,ATHX,Endurance,,,,,,,3.338KM,4.857KM,186
187,Cory Stobart & Kim Stobart,ATHX BIRMINGHAM 2026,United Kingdom 🇬🇧,2026,Mixed,ATHX,Endurance,,,,,,,3.423KM,4.764KM,187
188,Zhantelle Myburgh & Llewellyn Myburgh,ATHX BIRMINGHAM 2026,United Kingdom 🇬🇧,2026,Mixed,ATHX,Endurance,,,,,,,3.14KM,5.036KM,188
189,Phil Shuard & Ali Lester,ATHX BIRMINGHAM 2026,United Kingdom 🇬🇧,2026,Mixed,ATHX,Endurance,,,,,,,3.376KM,4.783KM,189
190,gordon mills & Amber Mills,ATHX BIRMINGHAM 2026,United Kingdom 🇬🇧,2026,Mixed,ATHX,Endurance,,,,,,,3.079KM,5.079KM,190
191,Tyne Grant & Noel Spilker,ATHX BIRMINGHAM 2026,United Kingdom 🇬🇧,2026,Mixed,ATHX,Endurance,,,,,,,3.605KM,4.54KM,191
192,Lauren McNally & Kishan Patel,ATHX BIRMINGHAM 2026,United Kingdom 🇬🇧,2026,Mixed,ATHX,Endurance,,,,,,,3.116KM,5.028KM,192
193,Mark Vicary & Laura Vicary,ATHX BIRMINGHAM 2026,United Kingdom 🇬🇧,2026,Mixed,ATHX,Endurance,,,,,,,3.158KM,4.976KM,193
194,Chloe Phillpott & Declan Swannell,ATHX BIRMINGHAM 2026,United Kingdom 🇬🇧,2026,Mixed,ATHX,Endurance,,,,,,,3.307KM,4.818KM,194
195,Abby Dodd & Jay Isaac,ATHX BIRMINGHAM 2026,United Kingdom 🇬🇧,2026,Mixed,ATHX,Endurance,,,,,,,3.151KM,4.972KM,195
196,Andrew waldock & Lindsay Charlson,ATHX BIRMINGHAM 2026,United Kingdom 🇬🇧,2026,Mixed,ATHX,Endurance,,,,,,,3.079KM,5.032KM,196
197,Ian Kelly & Ali Taylor,ATHX BIRMINGHAM 2026,United Kingdom 🇬🇧,2026,Mixed,ATHX,Endurance,,,,,,,3.216KM,4.883KM,197
198,Catherine Fenton & Scott Fenton,ATHX BIRMINGHAM 2026,United Kingdom 🇬🇧,2026,Mixed,ATHX,Endurance,,,,,,,3.654KM,4.442KM,198
199,Williams Marc & Stephanie Dibble,ATHX BIRMINGHAM 2026,United Kingdom 🇬🇧,2026,Mixed,ATHX,Endurance,,,,,,,3.241KM,4.83KM,199
200,Jemma Loader & Callum Strickland,ATHX BIRMINGHAM 2026,United Kingdom 🇬🇧,2026,Mixed,ATHX,Endurance,,,,,,,3.574KM,4.491KM,200
200,Kate Livesey & Ben Morgan,ATHX BIRMINGHAM 2026,United Kingdom 🇬🇧,2026,Mixed,ATHX,Endurance,,,,,,,3.107KM,4.958KM,200
202,Jorge Garcia & Barbara Jimenez,ATHX BIRMINGHAM 2026,United Kingdom 🇬🇧,2026,Mixed,ATHX,Endurance,,,,,,,3.588KM,4.465KM,202
203,Nicolas OTT & Rénate SCHEUER,ATHX BIRMINGHAM 2026,United Kingdom 🇬🇧,2026,Mixed,ATHX,Endurance,,,,,,,3.351KM,4.697KM,203
204,Lucy Booth & Dave Stevenson,ATHX BIRMINGHAM 2026,United Kingdom 🇬🇧,2026,Mixed,ATHX,Endurance,,,,,,,3KM,5.041KM,204
205,Mark Winnock & Puichi Hau,ATHX BIRMINGHAM 2026,United Kingdom 🇬🇧,2026,Mixed,ATHX,Endurance,,,,,,,3.428KM,4.608KM,205
206,Isabel  Simpson & Josh Sett,ATHX BIRMINGHAM 2026,United Kingdom 🇬🇧,2026,Mixed,ATHX,Endurance,,,,,,,3.053KM,4.975KM,206
207,Nick Locke & Helen Brawn,ATHX BIRMINGHAM 2026,United Kingdom 🇬🇧,2026,Mixed,ATHX,Endurance,,,,,,,3.318KM,4.708KM,207
208,Adam Sullivan & Jessca Sullivan,ATHX BIRMINGHAM 2026,United Kingdom 🇬🇧,2026,Mixed,ATHX,Endurance,,,,,,,3.074KM,4.944KM,208
209,Zoe Prior & Lee Prior,ATHX BIRMINGHAM 2026,United Kingdom 🇬🇧,2026,Mixed,ATHX,Endurance,,,,,,,3.319KM,4.691KM,209
210,Cameron Gilray & Tiana Webster,ATHX BIRMINGHAM 2026,United Kingdom 🇬🇧,2026,Mixed,ATHX,Endurance,,,,,,,3.382KM,4.619KM,210
211,Caleb Kenneford & Nichapat Pukdee,ATHX BIRMINGHAM 2026,United Kingdom 🇬🇧,2026,Mixed,ATHX,Endurance,,,,,,,3.514KM,4.475KM,211
212,Michaela Pugh & mike Hoare,ATHX BIRMINGHAM 2026,United Kingdom 🇬🇧,2026,Mixed,ATHX,Endurance,,,,,,,2.974KM,5.004KM,212
213,Simon Huntley & Dawn Huntley,ATHX BIRMINGHAM 2026,United Kingdom 🇬🇧,2026,Mixed,ATHX,Endurance,,,,,,,3.75KM,4.227KM,213
214,Thomas Hamlyn Williams & Kathryn Benjamin,ATHX BIRMINGHAM 2026,United Kingdom 🇬🇧,2026,Mixed,ATHX,Endurance,,,,,,,3KM,4.976KM,214
214,Andrea Coley & Jonny Goggs,ATHX BIRMINGHAM 2026,United Kingdom 🇬🇧,2026,Mixed,ATHX,Endurance,,,,,,,3.304KM,4.672KM,214
216,Andrew Illingworth-turner & Kellylee Illingworth-turner,ATHX BIRMINGHAM 2026,United Kingdom 🇬🇧,2026,Mixed,ATHX,Endurance,,,,,,,2.946KM,5.021KM,216
217,Ryan Harrison & Olivia Harrison,ATHX BIRMINGHAM 2026,United Kingdom 🇬🇧,2026,Mixed,ATHX,Endurance,,,,,,,3.356KM,4.601KM,217
218,Charlie Harris & Josephine Farrelly,ATHX BIRMINGHAM 2026,United Kingdom 🇬🇧,2026,Mixed,ATHX,Endurance,,,,,,,3KM,4.948KM,218
219,james booth & Victoria Booth,ATHX BIRMINGHAM 2026,United Kingdom 🇬🇧,2026,Mixed,ATHX,Endurance,,,,,,,3KM,4.947KM,219
220,Amelia Watson & Nathan Watson,ATHX BIRMINGHAM 2026,United Kingdom 🇬🇧,2026,Mixed,ATHX,Endurance,,,,,,,3KM,4.943KM,220
221,Charlie Adler & David Baird,ATHX BIRMINGHAM 2026,United Kingdom 🇬🇧,2026,Mixed,ATHX,Endurance,,,,,,,3KM,4.941KM,221
222,Matt Kerridge & Emily Gooderham,ATHX BIRMINGHAM 2026,United Kingdom 🇬🇧,2026,Mixed,ATHX,Endurance,,,,,,,3.145KM,4.795KM,222
222,Abbie  Hudson & Jahan Asadi,ATHX BIRMINGHAM 2026,United Kingdom 🇬🇧,2026,Mixed,ATHX,Endurance,,,,,,,3.654KM,4.286KM,222
224,Seosamh Gorham & Kathleen McLaughlin,ATHX BIRMINGHAM 2026,United Kingdom 🇬🇧,2026,Mixed,ATHX,Endurance,,,,,,,3.474KM,4.462KM,224
225,Emma Sharp & Aaron Lloyd,ATHX BIRMINGHAM 2026,United Kingdom 🇬🇧,2026,Mixed,ATHX,Endurance,,,,,,,3.439KM,4.491KM,225
226,Eleanor Bobeszko & Tom Bobeszko,ATHX BIRMINGHAM 2026,United Kingdom 🇬🇧,2026,Mixed,ATHX,Endurance,,,,,,,3.355KM,4.567KM,226
227,Tamsin Mockler & Alastair White,ATHX BIRMINGHAM 2026,United Kingdom 🇬🇧,2026,Mixed,ATHX,Endurance,,,,,,,3.026KM,4.865KM,227
228,Andrew Kings & Frances Kings-Thompson,ATHX BIRMINGHAM 2026,United Kingdom 🇬🇧,2026,Mixed,ATHX,Endurance,,,,,,,3.042KM,4.848KM,228
229,Martin Browning & Laura Thomas,ATHX BIRMINGHAM 2026,United Kingdom 🇬🇧,2026,Mixed,ATHX,Endurance,,,,,,,3.319KM,4.568KM,229
230,Elaine Forth & Jermaine Skeen,ATHX BIRMINGHAM 2026,United Kingdom 🇬🇧,2026,Mixed,ATHX,Endurance,,,,,,,3.179KM,4.701KM,230
231,Alice Pennington & Phil Pennington,ATHX BIRMINGHAM 2026,United Kingdom 🇬🇧,2026,Mixed,ATHX,Endurance,,,,,,,3.057KM,4.81KM,231
232,Nieve Oakman & Ben Upton,ATHX BIRMINGHAM 2026,United Kingdom 🇬🇧,2026,Mixed,ATHX,Endurance,,,,,,,3.377KM,4.478KM,232
233,Georgia Smith & Jack Smith,ATHX BIRMINGHAM 2026,United Kingdom 🇬🇧,2026,Mixed,ATHX,Endurance,,,,,,,2.846KM,5.005KM,233
234,Rosli King & Charlie Gregory,ATHX BIRMINGHAM 2026,United Kingdom 🇬🇧,2026,Mixed,ATHX,Endurance,,,,,,,2.78KM,5.057KM,234
235,Emma Waller & Tom Wilson,ATHX BIRMINGHAM 2026,United Kingdom 🇬🇧,2026,Mixed,ATHX,Endurance,,,,,,,3KM,4.826KM,235
236,NATASHA JONES & James Phipps,ATHX BIRMINGHAM 2026,United Kingdom 🇬🇧,2026,Mixed,ATHX,Endurance,,,,,,,3.49KM,4.331KM,236
237,Chris Warren & Rachel Houghton,ATHX BIRMINGHAM 2026,United Kingdom 🇬🇧,2026,Mixed,ATHX,Endurance,,,,,,,3.086KM,4.732KM,237
238,Callum Brown & Steph Parsons,ATHX BIRMINGHAM 2026,United Kingdom 🇬🇧,2026,Mixed,ATHX,Endurance,,,,,,,2.978KM,4.835KM,238
239,emma Johnston & Glyn Johnston,ATHX BIRMINGHAM 2026,United Kingdom 🇬🇧,2026,Mixed,ATHX,Endurance,,,,,,,3.179KM,4.625KM,239
240,Christy Fitzpatrick & Carl Thomas,ATHX BIRMINGHAM 2026,United Kingdom 🇬🇧,2026,Mixed,ATHX,Endurance,,,,,,,3.275KM,4.519KM,240
241,Angelo Joseph & Rachel Farrow,ATHX BIRMINGHAM 2026,United Kingdom 🇬🇧,2026,Mixed,ATHX,Endurance,,,,,,,3.244KM,4.544KM,241
242,Jonathan Nixon & Helen Colton,ATHX BIRMINGHAM 2026,United Kingdom 🇬🇧,2026,Mixed,ATHX,Endurance,,,,,,,3KM,4.766KM,242
243,Donna Lewis & Atarhe Igbesoko,ATHX BIRMINGHAM 2026,United Kingdom 🇬🇧,2026,Mixed,ATHX,Endurance,,,,,,,3.649KM,4.113KM,243
244,Lila Robinson & Ross Bray,ATHX BIRMINGHAM 2026,United Kingdom 🇬🇧,2026,Mixed,ATHX,Endurance,,,,,,,3KM,4.755KM,244
245,James Woodhouse & Jodie Stanhope,ATHX BIRMINGHAM 2026,United Kingdom 🇬🇧,2026,Mixed,ATHX,Endurance,,,,,,,3.099KM,4.647KM,245
246,John Piedad & Gemma Pope,ATHX BIRMINGHAM 2026,United Kingdom 🇬🇧,2026,Mixed,ATHX,Endurance,,,,,,,3.232KM,4.478KM,246
247,Siobhan Cullern & Rob Najair,ATHX BIRMINGHAM 2026,United Kingdom 🇬🇧,2026,Mixed,ATHX,Endurance,,,,,,,3.213KM,4.48KM,247
248,Maha Belefquih & Samuel Augustine,ATHX BIRMINGHAM 2026,United Kingdom 🇬🇧,2026,Mixed,ATHX,Endurance,,,,,,,3.367KM,4.283KM,248
249,Isabella de Camargo Nigro & Derek Marão,ATHX BIRMINGHAM 2026,United Kingdom 🇬🇧,2026,Mixed,ATHX,Endurance,,,,,,,3.262KM,4.386KM,249
250,Chante Jones & Chris Jones,ATHX BIRMINGHAM 2026,United Kingdom 🇬🇧,2026,Mixed,ATHX,Endurance,,,,,,,2.972KM,4.672KM,250
251,Kate Williams & Shaun Allen,ATHX BIRMINGHAM 2026,United Kingdom 🇬🇧,2026,Mixed,ATHX,Endurance,,,,,,,2.969KM,4.66KM,251
252,Jade Foot & Lucas Oliveira,ATHX BIRMINGHAM 2026,United Kingdom 🇬🇧,2026,Mixed,ATHX,Endurance,,,,,,,3KM,4.621KM,252
253,Sara-Jane Larner & Philip Brackley,ATHX BIRMINGHAM 2026,United Kingdom 🇬🇧,2026,Mixed,ATHX,Endurance,,,,,,,3KM,4.62KM,253
254,millie newey & Alex Newey,ATHX BIRMINGHAM 2026,United Kingdom 🇬🇧,2026,Mixed,ATHX,Endurance,,,,,,,3.072KM,4.538KM,254
255,Shangari Livesey & Joe Livesey,ATHX BIRMINGHAM 2026,United Kingdom 🇬🇧,2026,Mixed,ATHX,Endurance,,,,,,,3.531KM,4.076KM,255
256,Emma Thistleton & Larry Wells,ATHX BIRMINGHAM 2026,United Kingdom 🇬🇧,2026,Mixed,ATHX,Endurance,,,,,,,3.149KM,4.45KM,256
257,Liz Dyson & Kallum Dyson,ATHX BIRMINGHAM 2026,United Kingdom 🇬🇧,2026,Mixed,ATHX,Endurance,,,,,,,3KM,4.566KM,257
258,Jaya Rehan & Joseph Fox,ATHX BIRMINGHAM 2026,United Kingdom 🇬🇧,2026,Mixed,ATHX,Endurance,,,,,,,3.242KM,4.292KM,258
259,Ben Whitworth & Lucy Bishop,ATHX BIRMINGHAM 2026,United Kingdom 🇬🇧,2026,Mixed,ATHX,Endurance,,,,,,,2.826KM,4.707KM,259
260,Natalie Depledge & Adam Depledge,ATHX BIRMINGHAM 2026,United Kingdom 🇬🇧,2026,Mixed,ATHX,Endurance,,,,,,,3KM,4.504KM,260
261,Aoife Garvey & Andrew Mcellistrim,ATHX BIRMINGHAM 2026,United Kingdom 🇬🇧,2026,Mixed,ATHX,Endurance,,,,,,,3KM,4.498KM,261
262,Louisa Ward & Matt Stone,ATHX BIRMINGHAM 2026,United Kingdom 🇬🇧,2026,Mixed,ATHX,Endurance,,,,,,,3.013KM,4.468KM,262
263,Karl Marshall & Victoria Green,ATHX BIRMINGHAM 2026,United Kingdom 🇬🇧,2026,Mixed,ATHX,Endurance,,,,,,,2.944KM,4.519KM,263
264,Tom Coldham & Claire Coldham,ATHX BIRMINGHAM 2026,United Kingdom 🇬🇧,2026,Mixed,ATHX,Endurance,,,,,,,3KM,4.345KM,264
264,Scarlett Parker & Jaco Cloete,ATHX BIRMINGHAM 2026,United Kingdom 🇬🇧,2026,Mixed,ATHX,Endurance,,,,,,,3.565KM,3.78KM,264
266,Brad Atwill & Ella McFall,ATHX BIRMINGHAM 2026,United Kingdom 🇬🇧,2026,Mixed,ATHX,Endurance,,,,,,,3.097KM,4.241KM,266
267,Malgorzata Duzyk & Francisco Almeida,ATHX BIRMINGHAM 2026,United Kingdom 🇬🇧,2026,Mixed,ATHX,Endurance,,,,,,,2.91KM,4.369KM,267
268,Emma Cato & Baz Cato,ATHX BIRMINGHAM 2026,United Kingdom 🇬🇧,2026,Mixed,ATHX,Endurance,,,,,,,2.867KM,4.357KM,268
269,Lauren Hunt & Oliver Wright,ATHX BIRMINGHAM 2026,United Kingdom 🇬🇧,2026,Mixed,ATHX,Endurance,,,,,,,2.75KM,4.473KM,269
270,Joe Charlton & Ellen Morley,ATHX BIRMINGHAM 2026,United Kingdom 🇬🇧,2026,Mixed,ATHX,Endurance,,,,,,,3.057KM,4.089KM,270
271,Nic Seeney & Greg Day,ATHX BIRMINGHAM 2026,United Kingdom 🇬🇧,2026,Mixed,ATHX,Endurance,,,,,,,3.293KM,3.759KM,271
272,Laura Turner & Felix Turner,ATHX BIRMINGHAM 2026,United Kingdom 🇬🇧,2026,Mixed,ATHX,Endurance,,,,,,,2.279KM,4.758KM,272
273,Amina Jan & Levi Brown,ATHX BIRMINGHAM 2026,United Kingdom 🇬🇧,2026,Mixed,ATHX,Endurance,,,,,,,2.75KM,4.086KM,273
274,Kelvin St.Pierre Robson & VIRGINIE Harris,ATHX BIRMINGHAM 2026,United Kingdom 🇬🇧,2026,Mixed,ATHX,Endurance,,,,,,,2.57KM,3.762KM,274
275,Louise Griffiths & Ryan Griffiths,ATHX BIRMINGHAM 2026,United Kingdom 🇬🇧,2026,Mixed,ATHX,Endurance,,,,,,,2.448KM,3.52KM,275
1,Chloe Phillpott & Declan Swannell,ATHX BIRMINGHAM 2026,United Kingdom 🇬🇧,2026,Mixed,ATHX,Strength,,,,143KG,320KG,340KG,,,1
2,Omar Ellaboudy & rosie walsh,ATHX BIRMINGHAM 2026,United Kingdom 🇬🇧,2026,Mixed,ATHX,Strength,,,,145KG,275KG,360KG,,,2
3,Natasha Haldane & Tom Jupp,ATHX BIRMINGHAM 2026,United Kingdom 🇬🇧,2026,Mixed,ATHX,Strength,,,,135KG,278KG,350KG,,,3
4,Arran Arogundade & Olivia Fletcher,ATHX BIRMINGHAM 2026,United Kingdom 🇬🇧,2026,Mixed,ATHX,Strength,,,,130KG,290KG,335KG,,,4
5,Joe Charlton & Ellen Morley,ATHX BIRMINGHAM 2026,United Kingdom 🇬🇧,2026,Mixed,ATHX,Strength,,,,118KG,320KG,315KG,,,5
6,Aoife Garvey & Andrew Mcellistrim,ATHX BIRMINGHAM 2026,United Kingdom 🇬🇧,2026,Mixed,ATHX,Strength,,,,118KG,295KG,336KG,,,6
7,Ben Whitworth & Lucy Bishop,ATHX BIRMINGHAM 2026,United Kingdom 🇬🇧,2026,Mixed,ATHX,Strength,,,,135KG,305KG,308KG,,,7
8,Adam Newman & laura Swain,ATHX BIRMINGHAM 2026,United Kingdom 🇬🇧,2026,Mixed,ATHX,Strength,,,,123KG,290KG,313KG,,,8
9,Ross Comfort & Lucinda Keir,ATHX BIRMINGHAM 2026,United Kingdom 🇬🇧,2026,Mixed,ATHX,Strength,,,,115KG,265KG,345KG,,,9
10,Molly Storey & Jamie Braithwaite,ATHX BIRMINGHAM 2026,United Kingdom 🇬🇧,2026,Mixed,ATHX,Strength,,,,148KG,265KG,310KG,,,10
11,Amy Thomas & Matt Gwillam,ATHX BIRMINGHAM 2026,United Kingdom 🇬🇧,2026,Mixed,ATHX,Strength,,,,115KG,255KG,345KG,,,11
12,Samuel Tai & Joanna Bartle,ATHX BIRMINGHAM 2026,United Kingdom 🇬🇧,2026,Mixed,ATHX,Strength,,,,128KG,280KG,305KG,,,12
13,Sarah Hare-Price & David Price,ATHX BIRMINGHAM 2026,United Kingdom 🇬🇧,2026,Mixed,ATHX,Strength,,,,121KG,265KG,320KG,,,13
14,Nathan Nelson & Connie Scharff,ATHX BIRMINGHAM 2026,United Kingdom 🇬🇧,2026,Mixed,ATHX,Strength,,,,136KG,240KG,323KG,,,14
15,Nicolas OTT & Rénate SCHEUER,ATHX BIRMINGHAM 2026,United Kingdom 🇬🇧,2026,Mixed,ATHX,Strength,,,,111KG,275KG,310KG,,,15
16,Franco Reina & Tate Crossley,ATHX BIRMINGHAM 2026,United Kingdom 🇬🇧,2026,Mixed,ATHX,Strength,,,,138KG,255KG,300KG,,,16
17,Taylor Hastings & Natalie Chapman,ATHX BIRMINGHAM 2026,United Kingdom 🇬🇧,2026,Mixed,ATHX,Strength,,,,133KG,260KG,298KG,,,17
18,Ian Knight & Lilly Chambers,ATHX BIRMINGHAM 2026,United Kingdom 🇬🇧,2026,Mixed,ATHX,Strength,,,,125KG,250KG,315KG,,,18
18,Ian Marsh & Charlotte Jones,ATHX BIRMINGHAM 2026,United Kingdom 🇬🇧,2026,Mixed,ATHX,Strength,,,,125KG,255KG,310KG,,,18
20,Chelsea Brown & Will Shaw,ATHX BIRMINGHAM 2026,United Kingdom 🇬🇧,2026,Mixed,ATHX,Strength,,,,126KG,240KG,320KG,,,20
21,Jessie Riche & Tom Jackson,ATHX BIRMINGHAM 2026,United Kingdom 🇬🇧,2026,Mixed,ATHX,Strength,,,,98KG,300KG,285KG,,,21
22,Jenni Gilbert & Graeme Gilbert,ATHX BIRMINGHAM 2026,United Kingdom 🇬🇧,2026,Mixed,ATHX,Strength,,,,135KG,240KG,305KG,,,22
23,Dominic Darbyshire & Benneta Paluca,ATHX BIRMINGHAM 2026,United Kingdom 🇬🇧,2026,Mixed,ATHX,Strength,,,,143KG,235KG,300KG,,,23
23,Lucy Goodyear-Green & Tony Lawrence,ATHX BIRMINGHAM 2026,United Kingdom 🇬🇧,2026,Mixed,ATHX,Strength,,,,138KG,245KG,295KG,,,23
25,Emma Sharp & Aaron Lloyd,ATHX BIRMINGHAM 2026,United Kingdom 🇬🇧,2026,Mixed,ATHX,Strength,,,,118KG,285KG,270KG,,,25
26,Sasha Jarvis & Connor Clark,ATHX BIRMINGHAM 2026,United Kingdom 🇬🇧,2026,Mixed,ATHX,Strength,,,,120KG,270KG,280KG,,,26
26,John Nicholas Adams & Amy Adams,ATHX BIRMINGHAM 2026,United Kingdom 🇬🇧,2026,Mixed,ATHX,Strength,,,,120KG,245KG,305KG,,,26
28,Shannon Mason & Jack Mason,ATHX BIRMINGHAM 2026,United Kingdom 🇬🇧,2026,Mixed,ATHX,Strength,,,,143KG,235KG,290KG,,,28
28,Charlie Adler & David Baird,ATHX BIRMINGHAM 2026,United Kingdom 🇬🇧,2026,Mixed,ATHX,Strength,,,,138KG,220KG,310KG,,,28
30,Jessica Fisher & Neil Mitchell,ATHX BIRMINGHAM 2026,United Kingdom 🇬🇧,2026,Mixed,ATHX,Strength,,,,115KG,260KG,290KG,,,30
30,Levi Woolley & Amelia Sharkey,ATHX BIRMINGHAM 2026,United Kingdom 🇬🇧,2026,Mixed,ATHX,Strength,,,,115KG,250KG,300KG,,,30
32,Ian Ellis & Sian Harvey,ATHX BIRMINGHAM 2026,United Kingdom 🇬🇧,2026,Mixed,ATHX,Strength,,,,118KG,243KG,300KG,,,32
32,Daisy Yeomans & Nathan Siddans,ATHX BIRMINGHAM 2026,United Kingdom 🇬🇧,2026,Mixed,ATHX,Strength,,,,126KG,250KG,285KG,,,32
34,Hayley Biggs & Asim Jani,ATHX BIRMINGHAM 2026,United Kingdom 🇬🇧,2026,Mixed,ATHX,Strength,,,,130KG,225KG,305KG,,,34
34,Jonathan Nixon & Helen Colton,ATHX BIRMINGHAM 2026,United Kingdom 🇬🇧,2026,Mixed,ATHX,Strength,,,,125KG,240KG,295KG,,,34
36,Lydia Banwell & Daniel hibberd,ATHX BIRMINGHAM 2026,United Kingdom 🇬🇧,2026,Mixed,ATHX,Strength,,,,138KG,195KG,325KG,,,36
36,Demi Tripp & Harleigh Abbott,ATHX BIRMINGHAM 2026,United Kingdom 🇬🇧,2026,Mixed,ATHX,Strength,,,,113KG,255KG,290KG,,,36
38,Amber Smith & Alex Jeffrey,ATHX BIRMINGHAM 2026,United Kingdom 🇬🇧,2026,Mixed,ATHX,Strength,,,,113KG,220KG,320KG,,,38
38,Lauren Russell & Tristan Coles,ATHX BIRMINGHAM 2026,United Kingdom 🇬🇧,2026,Mixed,ATHX,Strength,,,,123KG,230KG,300KG,,,38
38,Josh  Carr & Elena Somes,ATHX BIRMINGHAM 2026,United Kingdom 🇬🇧,2026,Mixed,ATHX,Strength,,,,133KG,230KG,290KG,,,38
41,Steph Brumpton & Jack Pace,ATHX BIRMINGHAM 2026,United Kingdom 🇬🇧,2026,Mixed,ATHX,Strength,,,,113KG,258KG,280KG,,,41
41,Ilina Slaveykova & Bobby Barber,ATHX BIRMINGHAM 2026,United Kingdom 🇬🇧,2026,Mixed,ATHX,Strength,,,,118KG,245KG,288KG,,,41
43,Zach Allen & Rachel Taylor,ATHX BIRMINGHAM 2026,United Kingdom 🇬🇧,2026,Mixed,ATHX,Strength,,,,110KG,230KG,310KG,,,43
44,Rob Smith & Genevieve Hickin,ATHX BIRMINGHAM 2026,United Kingdom 🇬🇧,2026,Mixed,ATHX,Strength,,,,128KG,248KG,273KG,,,44
45,Mark Finn & Anne Finn,ATHX BIRMINGHAM 2026,United Kingdom 🇬🇧,2026,Mixed,ATHX,Strength,,,,123KG,208KG,315KG,,,45
45,Ellesse Pearce & Alex Gapper,ATHX BIRMINGHAM 2026,United Kingdom 🇬🇧,2026,Mixed,ATHX,Strength,,,,120KG,243KG,283KG,,,45
47,Alice Pennington & Phil Pennington,ATHX BIRMINGHAM 2026,United Kingdom 🇬🇧,2026,Mixed,ATHX,Strength,,,,110KG,235KG,300KG,,,47
48,Rhys Satchell & Ellie Cooper,ATHX BIRMINGHAM 2026,United Kingdom 🇬🇧,2026,Mixed,ATHX,Strength,,,,115KG,245KG,280KG,,,48
49,Beth Wise & Ryan Smith,ATHX BIRMINGHAM 2026,United Kingdom 🇬🇧,2026,Mixed,ATHX,Strength,,,,123KG,220KG,295KG,,,49
50,Jack Cowen & Hannah Hardy,ATHX BIRMINGHAM 2026,United Kingdom 🇬🇧,2026,Mixed,ATHX,Strength,,,,116KG,250KG,270KG,,,50
51,Jess Yapp & Liam Masefield,ATHX BIRMINGHAM 2026,United Kingdom 🇬🇧,2026,Mixed,ATHX,Strength,,,,113KG,250KG,270KG,,,51
52,Sam Pask & Lucy Pask,ATHX BIRMINGHAM 2026,United Kingdom 🇬🇧,2026,Mixed,ATHX,Strength,,,,108KG,240KG,283KG,,,52
53,Thomas Hamlyn Williams & Kathryn Benjamin,ATHX BIRMINGHAM 2026,United Kingdom 🇬🇧,2026,Mixed,ATHX,Strength,,,,115KG,245KG,270KG,,,53
54,Jakub Podgorski & Alex Clay,ATHX BIRMINGHAM 2026,United Kingdom 🇬🇧,2026,Mixed,ATHX,Strength,,,,115KG,250KG,263KG,,,54
54,Tom Wilde & Gemma Shaw,ATHX BIRMINGHAM 2026,United Kingdom 🇬🇧,2026,Mixed,ATHX,Strength,,,,118KG,245KG,265KG,,,54
54,Ryan Harrison & Olivia Harrison,ATHX BIRMINGHAM 2026,United Kingdom 🇬🇧,2026,Mixed,ATHX,Strength,,,,113KG,250KG,265KG,,,54
57,David Watson & Milena Georgieva,ATHX BIRMINGHAM 2026,United Kingdom 🇬🇧,2026,Mixed,ATHX,Strength,,,,105KG,240KG,280KG,,,57
57,Fraser Cockeram & Nina Hoadley-Cockeram,ATHX BIRMINGHAM 2026,United Kingdom 🇬🇧,2026,Mixed,ATHX,Strength,,,,125KG,230KG,270KG,,,57
59,Rosli King & Charlie Gregory,ATHX BIRMINGHAM 2026,United Kingdom 🇬🇧,2026,Mixed,ATHX,Strength,,,,110KG,238KG,275KG,,,59
59,Maya Jennings & Nathan Groves,ATHX BIRMINGHAM 2026,United Kingdom 🇬🇧,2026,Mixed,ATHX,Strength,,,,100KG,235KG,288KG,,,59
59,Glen Waddell & Lacey Regan,ATHX BIRMINGHAM 2026,United Kingdom 🇬🇧,2026,Mixed,ATHX,Strength,,,,123KG,215KG,285KG,,,59
59,Megan Taylor & Conor McCaugherty,ATHX BIRMINGHAM 2026,United Kingdom 🇬🇧,2026,Mixed,ATHX,Strength,,,,110KG,223KG,290KG,,,59
63,Caleb Kenneford & Nichapat Pukdee,ATHX BIRMINGHAM 2026,United Kingdom 🇬🇧,2026,Mixed,ATHX,Strength,,,,111KG,250KG,260KG,,,63
64,Charlotte Bradley & Rich Kerr,ATHX BIRMINGHAM 2026,United Kingdom 🇬🇧,2026,Mixed,ATHX,Strength,,,,115KG,215KG,288KG,,,64
65,Emily-Jane Craft-Watson & Joe Watson,ATHX BIRMINGHAM 2026,United Kingdom 🇬🇧,2026,Mixed,ATHX,Strength,,,,103KG,210KG,300KG,,,65
65,Matthew Love & Amy Halford,ATHX BIRMINGHAM 2026,United Kingdom 🇬🇧,2026,Mixed,ATHX,Strength,,,,110KG,230KG,273KG,,,65
65,Sam Barnes & Verity Atkins,ATHX BIRMINGHAM 2026,United Kingdom 🇬🇧,2026,Mixed,ATHX,Strength,,,,108KG,220KG,285KG,,,65
68,Brooklyn Gibbons & Dannii Bethell,ATHX BIRMINGHAM 2026,United Kingdom 🇬🇧,2026,Mixed,ATHX,Strength,,,,120KG,225KG,265KG,,,68
68,Dani Taylor & Jamie Newington,ATHX BIRMINGHAM 2026,United Kingdom 🇬🇧,2026,Mixed,ATHX,Strength,,,,120KG,225KG,265KG,,,68
70,Kat Gill & Charlie Gill,ATHX BIRMINGHAM 2026,United Kingdom 🇬🇧,2026,Mixed,ATHX,Strength,,,,103KG,225KG,280KG,,,70
70,Sara-Jane Larner & Philip Brackley,ATHX BIRMINGHAM 2026,United Kingdom 🇬🇧,2026,Mixed,ATHX,Strength,,,,98KG,230KG,280KG,,,70
70,Ffion Evans & Stuart Jones,ATHX BIRMINGHAM 2026,United Kingdom 🇬🇧,2026,Mixed,ATHX,Strength,,,,168KG,180KG,260KG,,,70
70,Charlie Louise Odams & Josh Graham,ATHX BIRMINGHAM 2026,United Kingdom 🇬🇧,2026,Mixed,ATHX,Strength,,,,118KG,215KG,275KG,,,70
70,Harry Mcfarling & Mia Samman,ATHX BIRMINGHAM 2026,United Kingdom 🇬🇧,2026,Mixed,ATHX,Strength,,,,123KG,245KG,240KG,,,70
75,Adrian Boncut & Nicoleta Boncut,ATHX BIRMINGHAM 2026,United Kingdom 🇬🇧,2026,Mixed,ATHX,Strength,,,,105KG,225KG,275KG,,,75
76,Zak Gladwell & Holly Rogers,ATHX BIRMINGHAM 2026,United Kingdom 🇬🇧,2026,Mixed,ATHX,Strength,,,,108KG,215KG,280KG,,,76
76,Lauren Owen & Brady Jackson,ATHX BIRMINGHAM 2026,United Kingdom 🇬🇧,2026,Mixed,ATHX,Strength,,,,108KG,210KG,285KG,,,76
78,Sarah Parish & chris Byrne,ATHX BIRMINGHAM 2026,United Kingdom 🇬🇧,2026,Mixed,ATHX,Strength,,,,125KG,215KG,260KG,,,78
79,Matthew Armstrong & Sarah Armstrong,ATHX BIRMINGHAM 2026,United Kingdom 🇬🇧,2026,Mixed,ATHX,Strength,,,,103KG,225KG,270KG,,,79
79,Esther Lamb & Jamie Townshend,ATHX BIRMINGHAM 2026,United Kingdom 🇬🇧,2026,Mixed,ATHX,Strength,,,,118KG,230KG,250KG,,,79
81,Lana Newby & Tanner Call,ATHX BIRMINGHAM 2026,United Kingdom 🇬🇧,2026,Mixed,ATHX,Strength,,,,106KG,230KG,260KG,,,81
82,Simon Harris & Leigh-Anne Brace,ATHX BIRMINGHAM 2026,United Kingdom 🇬🇧,2026,Mixed,ATHX,Strength,,,,113KG,220KG,261KG,,,82
83,Chris Eales & Victoria Harriott,ATHX BIRMINGHAM 2026,United Kingdom 🇬🇧,2026,Mixed,ATHX,Strength,,,,108KG,225KG,260KG,,,83
83,Hannah Tonks & Samuel Foster,ATHX BIRMINGHAM 2026,United Kingdom 🇬🇧,2026,Mixed,ATHX,Strength,,,,100KG,220KG,273KG,,,83
85,Steve King & Claire King,ATHX BIRMINGHAM 2026,United Kingdom 🇬🇧,2026,Mixed,ATHX,Strength,,,,116KG,220KG,255KG,,,85
85,Jamie Lynes & Carina Locke,ATHX BIRMINGHAM 2026,United Kingdom 🇬🇧,2026,Mixed,ATHX,Strength,,,,113KG,220KG,258KG,,,85
87,Isabel  Simpson & Josh Sett,ATHX BIRMINGHAM 2026,United Kingdom 🇬🇧,2026,Mixed,ATHX,Strength,,,,110KG,230KG,250KG,,,87
87,Abby Dodd & Jay Isaac,ATHX BIRMINGHAM 2026,United Kingdom 🇬🇧,2026,Mixed,ATHX,Strength,,,,105KG,210KG,275KG,,,87
87,Stephanie Van Der Velden & Louis Verite,ATHX BIRMINGHAM 2026,United Kingdom 🇬🇧,2026,Mixed,ATHX,Strength,,,,105KG,210KG,275KG,,,87
90,Charlotte Simm & Kieran Ashdown,ATHX BIRMINGHAM 2026,United Kingdom 🇬🇧,2026,Mixed,ATHX,Strength,,,,108KG,210KG,270KG,,,90
91,Matthew Salt & Jessica Salt,ATHX BIRMINGHAM 2026,United Kingdom 🇬🇧,2026,Mixed,ATHX,Strength,,,,95KG,220KG,270KG,,,91
91,Lauren McNally & Kishan Patel,ATHX BIRMINGHAM 2026,United Kingdom 🇬🇧,2026,Mixed,ATHX,Strength,,,,100KG,205KG,280KG,,,91
91,Patrick Lewis & Lauren Lewis,ATHX BIRMINGHAM 2026,United Kingdom 🇬🇧,2026,Mixed,ATHX,Strength,,,,110KG,220KG,255KG,,,91
94,Williams Marc & Stephanie Dibble,ATHX BIRMINGHAM 2026,United Kingdom 🇬🇧,2026,Mixed,ATHX,Strength,,,,103KG,220KG,260KG,,,94
94,Emily Heard & Matthew Wells,ATHX BIRMINGHAM 2026,United Kingdom 🇬🇧,2026,Mixed,ATHX,Strength,,,,123KG,210KG,250KG,,,94
94,Alex Fagen & Sarah Fraser,ATHX BIRMINGHAM 2026,United Kingdom 🇬🇧,2026,Mixed,ATHX,Strength,,,,93KG,225KG,265KG,,,94
94,Sam Stevens & Lisa Stevens,ATHX BIRMINGHAM 2026,United Kingdom 🇬🇧,2026,Mixed,ATHX,Strength,,,,113KG,210KG,260KG,,,94
98,Tamsin Copland & Tommi Beales,ATHX BIRMINGHAM 2026,United Kingdom 🇬🇧,2026,Mixed,ATHX,Strength,,,,105KG,230KG,245KG,,,98
99,Andrew Illingworth-turner & Kellylee Illingworth-turner,ATHX BIRMINGHAM 2026,United Kingdom 🇬🇧,2026,Mixed,ATHX,Strength,,,,105KG,203KG,270KG,,,99
99,Cameron Gilray & Tiana Webster,ATHX BIRMINGHAM 2026,United Kingdom 🇬🇧,2026,Mixed,ATHX,Strength,,,,93KG,225KG,260KG,,,99
99,Donna Conlon-Jones & Wayne Thomas,ATHX BIRMINGHAM 2026,United Kingdom 🇬🇧,2026,Mixed,ATHX,Strength,,,,113KG,210KG,255KG,,,99
99,Tarryn McKean & Alex Doherty-Head,ATHX BIRMINGHAM 2026,United Kingdom 🇬🇧,2026,Mixed,ATHX,Strength,,,,105KG,223KG,250KG,,,99
99,Theo Bennett-Odlum & Lucy Morton,ATHX BIRMINGHAM 2026,United Kingdom 🇬🇧,2026,Mixed,ATHX,Strength,,,,110KG,225KG,243KG,,,99
99,Annie Watkins & Mark Hornby,ATHX BIRMINGHAM 2026,United Kingdom 🇬🇧,2026,Mixed,ATHX,Strength,,,,108KG,210KG,260KG,,,99
105,Mike Newby-Fraser & Rachel Dougan,ATHX BIRMINGHAM 2026,United Kingdom 🇬🇧,2026,Mixed,ATHX,Strength,,,,110KG,205KG,260KG,,,105
105,Laurence Pannell & Hannah Bailey,ATHX BIRMINGHAM 2026,United Kingdom 🇬🇧,2026,Mixed,ATHX,Strength,,,,115KG,210KG,250KG,,,105
105,Rob Loweth & Holly Knott,ATHX BIRMINGHAM 2026,United Kingdom 🇬🇧,2026,Mixed,ATHX,Strength,,,,100KG,210KG,265KG,,,105
105,Ellie Careswell & George Daly,ATHX BIRMINGHAM 2026,United Kingdom 🇬🇧,2026,Mixed,ATHX,Strength,,,,95KG,210KG,270KG,,,105
109,Andrew Pawley & Olivia Francis,ATHX BIRMINGHAM 2026,United Kingdom 🇬🇧,2026,Mixed,ATHX,Strength,,,,116KG,205KG,253KG,,,109
110,Mark Boyce & Natalie Kenyon,ATHX BIRMINGHAM 2026,United Kingdom 🇬🇧,2026,Mixed,ATHX,Strength,,,,115KG,200KG,255KG,,,110
110,Brogan Kane & Luke White,ATHX BIRMINGHAM 2026,United Kingdom 🇬🇧,2026,Mixed,ATHX,Strength,,,,110KG,210KG,250KG,,,110
112,Sara Goncalves & Mulley Branch,ATHX BIRMINGHAM 2026,United Kingdom 🇬🇧,2026,Mixed,ATHX,Strength,,,,128KG,205KG,235KG,,,112
112,Vikki Stone & Rubin Allen,ATHX BIRMINGHAM 2026,United Kingdom 🇬🇧,2026,Mixed,ATHX,Strength,,,,105KG,188KG,275KG,,,112
114,Paul Woolls & Melissa Pirie,ATHX BIRMINGHAM 2026,United Kingdom 🇬🇧,2026,Mixed,ATHX,Strength,,,,118KG,210KG,238KG,,,114
114,Cal Rayner & Lydia Taylor,ATHX BIRMINGHAM 2026,United Kingdom 🇬🇧,2026,Mixed,ATHX,Strength,,,,106KG,200KG,260KG,,,114
116,Anna Greco & Luke Porter,ATHX BIRMINGHAM 2026,United Kingdom 🇬🇧,2026,Mixed,ATHX,Strength,,,,100KG,215KG,250KG,,,116
117,Emily Gooderham & Josh Clarke-Davis,ATHX BIRMINGHAM 2026,United Kingdom 🇬🇧,2026,Mixed,ATHX,Strength,,,,101KG,218KG,245KG,,,117
118,Andy Rolstone & MANDY LEE,ATHX BIRMINGHAM 2026,United Kingdom 🇬🇧,2026,Mixed,ATHX,Strength,,,,98KG,200KG,265KG,,,118
118,Christopher Reynolds & Loulou Robson,ATHX BIRMINGHAM 2026,United Kingdom 🇬🇧,2026,Mixed,ATHX,Strength,,,,95KG,193KG,275KG,,,118
118,Ben Green & Ella Roddie,ATHX BIRMINGHAM 2026,United Kingdom 🇬🇧,2026,Mixed,ATHX,Strength,,,,100KG,208KG,255KG,,,118
121,Karina Hastie & Leon Osborne,ATHX BIRMINGHAM 2026,United Kingdom 🇬🇧,2026,Mixed,ATHX,Strength,,,,88KG,230KG,243KG,,,121
122,Louisa Ward & Matt Stone,ATHX BIRMINGHAM 2026,United Kingdom 🇬🇧,2026,Mixed,ATHX,Strength,,,,110KG,190KG,260KG,,,122
123,Daniel Fennell & Dannii Bayliss,ATHX BIRMINGHAM 2026,United Kingdom 🇬🇧,2026,Mixed,ATHX,Strength,,,,103KG,205KG,250KG,,,123
123,Scarlett Parker & Jaco Cloete,ATHX BIRMINGHAM 2026,United Kingdom 🇬🇧,2026,Mixed,ATHX,Strength,,,,93KG,220KG,245KG,,,123
123,Nikki Dickinson & Neil Dickinson,ATHX BIRMINGHAM 2026,United Kingdom 🇬🇧,2026,Mixed,ATHX,Strength,,,,108KG,195KG,255KG,,,123
123,Riva Siggins & Alex Harbrow,ATHX BIRMINGHAM 2026,United Kingdom 🇬🇧,2026,Mixed,ATHX,Strength,,,,98KG,210KG,250KG,,,123
123,Kieran Higgs & Tsiah Woods,ATHX BIRMINGHAM 2026,United Kingdom 🇬🇧,2026,Mixed,ATHX,Strength,,,,98KG,200KG,260KG,,,123
128,David Caldwell & Naomi Evans,ATHX BIRMINGHAM 2026,United Kingdom 🇬🇧,2026,Mixed,ATHX,Strength,,,,95KG,220KG,240KG,,,128
128,Donna Lewis & Atarhe Igbesoko,ATHX BIRMINGHAM 2026,United Kingdom 🇬🇧,2026,Mixed,ATHX,Strength,,,,105KG,200KG,250KG,,,128
130,Nic Seeney & Greg Day,ATHX BIRMINGHAM 2026,United Kingdom 🇬🇧,2026,Mixed,ATHX,Strength,,,,110KG,218KG,225KG,,,130
131,Matthew Tonks & Naomi Hill,ATHX BIRMINGHAM 2026,United Kingdom 🇬🇧,2026,Mixed,ATHX,Strength,,,,108KG,205KG,238KG,,,131
132,gordon mills & Amber Mills,ATHX BIRMINGHAM 2026,United Kingdom 🇬🇧,2026,Mixed,ATHX,Strength,,,,115KG,175KG,260KG,,,132
133,Laura Rolph & Jamie Rolph,ATHX BIRMINGHAM 2026,United Kingdom 🇬🇧,2026,Mixed,ATHX,Strength,,,,95KG,183KG,270KG,,,133
133,Mark Browne & Laura Browne,ATHX BIRMINGHAM 2026,United Kingdom 🇬🇧,2026,Mixed,ATHX,Strength,,,,103KG,185KG,260KG,,,133
133,Zara Coney & Steve Williams,ATHX BIRMINGHAM 2026,United Kingdom 🇬🇧,2026,Mixed,ATHX,Strength,,,,98KG,205KG,245KG,,,133
133,Megan Kilbane & Harrison Wall,ATHX BIRMINGHAM 2026,United Kingdom 🇬🇧,2026,Mixed,ATHX,Strength,,,,103KG,215KG,230KG,,,133
137,Richard Marques & Suzanne Grant,ATHX BIRMINGHAM 2026,United Kingdom 🇬🇧,2026,Mixed,ATHX,Strength,,,,111KG,188KG,248KG,,,137
138,John Piedad & Gemma Pope,ATHX BIRMINGHAM 2026,United Kingdom 🇬🇧,2026,Mixed,ATHX,Strength,,,,71KG,235KG,240KG,,,138
139,Matt Dukes & Amber Colin-Thome,ATHX BIRMINGHAM 2026,United Kingdom 🇬🇧,2026,Mixed,ATHX,Strength,,,,110KG,180KG,255KG,,,139
140,Elaine Forth & Jermaine Skeen,ATHX BIRMINGHAM 2026,United Kingdom 🇬🇧,2026,Mixed,ATHX,Strength,,,,98KG,195KG,250KG,,,140
140,Emma Cato & Baz Cato,ATHX BIRMINGHAM 2026,United Kingdom 🇬🇧,2026,Mixed,ATHX,Strength,,,,98KG,180KG,265KG,,,140
140,NATASHA JONES & James Phipps,ATHX BIRMINGHAM 2026,United Kingdom 🇬🇧,2026,Mixed,ATHX,Strength,,,,103KG,200KG,240KG,,,140
140,Scott Walker & Emma Meecham Jones,ATHX BIRMINGHAM 2026,United Kingdom 🇬🇧,2026,Mixed,ATHX,Strength,,,,98KG,180KG,265KG,,,140
144,Mark Drewett-nation & Kayleigh Ball,ATHX BIRMINGHAM 2026,United Kingdom 🇬🇧,2026,Mixed,ATHX,Strength,,,,105KG,200KG,235KG,,,144
144,Jeremy Saxon & Sophie Rixon,ATHX BIRMINGHAM 2026,United Kingdom 🇬🇧,2026,Mixed,ATHX,Strength,,,,105KG,195KG,240KG,,,144
144,Anna Cavill & Finn Credland,ATHX BIRMINGHAM 2026,United Kingdom 🇬🇧,2026,Mixed,ATHX,Strength,,,,105KG,195KG,240KG,,,144
144,Jack Longton & Polly Iddon,ATHX BIRMINGHAM 2026,United Kingdom 🇬🇧,2026,Mixed,ATHX,Strength,,,,110KG,190KG,240KG,,,144
148,Liz Dyson & Kallum Dyson,ATHX BIRMINGHAM 2026,United Kingdom 🇬🇧,2026,Mixed,ATHX,Strength,,,,88KG,210KG,240KG,,,148
148,Naima Field & Ben Franks,ATHX BIRMINGHAM 2026,United Kingdom 🇬🇧,2026,Mixed,ATHX,Strength,,,,108KG,180KG,250KG,,,148
148,James Tonry & Kelly Cridland,ATHX BIRMINGHAM 2026,United Kingdom 🇬🇧,2026,Mixed,ATHX,Strength,,,,105KG,190KG,243KG,,,148
151,Vicky Atkins & Andy Oldham,ATHX BIRMINGHAM 2026,United Kingdom 🇬🇧,2026,Mixed,ATHX,Strength,,,,100KG,198KG,238KG,,,151
152,Nathan Jones & Emily Jones,ATHX BIRMINGHAM 2026,United Kingdom 🇬🇧,2026,Mixed,ATHX,Strength,,,,125KG,170KG,240KG,,,152
152,Mark Thorpe & Lisa Thorpe,ATHX BIRMINGHAM 2026,United Kingdom 🇬🇧,2026,Mixed,ATHX,Strength,,,,107KG,193KG,235KG,,,152
154,Adam Steel & Elena Martin,ATHX BIRMINGHAM 2026,United Kingdom 🇬🇧,2026,Mixed,ATHX,Strength,,,,93KG,190KG,250KG,,,154
154,Anwen Hooson & Eryl Hooson,ATHX BIRMINGHAM 2026,United Kingdom 🇬🇧,2026,Mixed,ATHX,Strength,,,,93KG,185KG,255KG,,,154
154,Chris Warren & Rachel Houghton,ATHX BIRMINGHAM 2026,United Kingdom 🇬🇧,2026,Mixed,ATHX,Strength,,,,110KG,200KG,223KG,,,154
157,Zhantelle Myburgh & Llewellyn Myburgh,ATHX BIRMINGHAM 2026,United Kingdom 🇬🇧,2026,Mixed,ATHX,Strength,,,,111KG,200KG,220KG,,,157
157,Amina Jan & Levi Brown,ATHX BIRMINGHAM 2026,United Kingdom 🇬🇧,2026,Mixed,ATHX,Strength,,,,131KG,220KG,180KG,,,157
159,Kyle Hickey & Hannah Lock,ATHX BIRMINGHAM 2026,United Kingdom 🇬🇧,2026,Mixed,ATHX,Strength,,,,110KG,210KG,210KG,,,159
159,Nick Di Giampasquale & Jodie Slade,ATHX BIRMINGHAM 2026,United Kingdom 🇬🇧,2026,Mixed,ATHX,Strength,,,,110KG,170KG,250KG,,,159
161,Jules Parker & Ed Scott-Dickins,ATHX BIRMINGHAM 2026,United Kingdom 🇬🇧,2026,Mixed,ATHX,Strength,,,,110KG,185KG,233KG,,,161
161,Siobhan Cullern & Rob Najair,ATHX BIRMINGHAM 2026,United Kingdom 🇬🇧,2026,Mixed,ATHX,Strength,,,,103KG,195KG,230KG,,,161
163,Eleanor Bobeszko & Tom Bobeszko,ATHX BIRMINGHAM 2026,United Kingdom 🇬🇧,2026,Mixed,ATHX,Strength,,,,95KG,180KG,250KG,,,163
163,Sara Smith & Paul Richards,ATHX BIRMINGHAM 2026,United Kingdom 🇬🇧,2026,Mixed,ATHX,Strength,,,,100KG,185KG,240KG,,,163
163,Jade Barsby & Ben Jones,ATHX BIRMINGHAM 2026,United Kingdom 🇬🇧,2026,Mixed,ATHX,Strength,,,,95KG,220KG,210KG,,,163
166,Jo Gore & Kai Gore,ATHX BIRMINGHAM 2026,United Kingdom 🇬🇧,2026,Mixed,ATHX,Strength,,,,101KG,198KG,225KG,,,166
167,Ricky McDonald & Laura Grundy,ATHX BIRMINGHAM 2026,United Kingdom 🇬🇧,2026,Mixed,ATHX,Strength,,,,93KG,188KG,240KG,,,167
168,Cory Stobart & Kim Stobart,ATHX BIRMINGHAM 2026,United Kingdom 🇬🇧,2026,Mixed,ATHX,Strength,,,,103KG,193KG,223KG,,,168
169,Jessie Scraton & Casha Nijhawan,ATHX BIRMINGHAM 2026,United Kingdom 🇬🇧,2026,Mixed,ATHX,Strength,,,,85KG,200KG,233KG,,,169
169,Charlotte James & Ron Harris,ATHX BIRMINGHAM 2026,United Kingdom 🇬🇧,2026,Mixed,ATHX,Strength,,,,108KG,180KG,230KG,,,169
171,Georgia Crouch & Reilly Baldwin,ATHX BIRMINGHAM 2026,United Kingdom 🇬🇧,2026,Mixed,ATHX,Strength,,,,91KG,200KG,225KG,,,171
171,Roxanne Galloway & Chris Galloway,ATHX BIRMINGHAM 2026,United Kingdom 🇬🇧,2026,Mixed,ATHX,Strength,,,,86KG,195KG,235KG,,,171
173,Mari Cowie & Byron Cowie,ATHX BIRMINGHAM 2026,United Kingdom 🇬🇧,2026,Mixed,ATHX,Strength,,,,88KG,171KG,256KG,,,173
173,Gavin Wright & Francesca Woods,ATHX BIRMINGHAM 2026,United Kingdom 🇬🇧,2026,Mixed,ATHX,Strength,,,,95KG,175KG,245KG,,,173
175,Edina Green & Chris Mark Featherstone,ATHX BIRMINGHAM 2026,United Kingdom 🇬🇧,2026,Mixed,ATHX,Strength,,,,85KG,198KG,231KG,,,175
176,Angelo Joseph & Rachel Farrow,ATHX BIRMINGHAM 2026,United Kingdom 🇬🇧,2026,Mixed,ATHX,Strength,,,,93KG,170KG,250KG,,,176
176,Eleanor Ferris & Ben Ferris,ATHX BIRMINGHAM 2026,United Kingdom 🇬🇧,2026,Mixed,ATHX,Strength,,,,98KG,185KG,230KG,,,176
178,Callum Brown & Steph Parsons,ATHX BIRMINGHAM 2026,United Kingdom 🇬🇧,2026,Mixed,ATHX,Strength,,,,108KG,175KG,228KG,,,178
179,Seosamh Gorham & Kathleen McLaughlin,ATHX BIRMINGHAM 2026,United Kingdom 🇬🇧,2026,Mixed,ATHX,Strength,,,,95KG,180KG,235KG,,,179
179,Paul Darroch & Elizabeth Darroch,ATHX BIRMINGHAM 2026,United Kingdom 🇬🇧,2026,Mixed,ATHX,Strength,,,,90KG,200KG,220KG,,,179
181,Matt Kerridge & Emily Gooderham,ATHX BIRMINGHAM 2026,United Kingdom 🇬🇧,2026,Mixed,ATHX,Strength,,,,115KG,104KG,290KG,,,181
181,Zoe Prior & Lee Prior,ATHX BIRMINGHAM 2026,United Kingdom 🇬🇧,2026,Mixed,ATHX,Strength,,,,98KG,176KG,235KG,,,181
183,Martyn Wright & Niamh Doran,ATHX BIRMINGHAM 2026,United Kingdom 🇬🇧,2026,Mixed,ATHX,Strength,,,,93KG,190KG,225KG,,,183
183,Kristofer Whitfield & Lisa Smith,ATHX BIRMINGHAM 2026,United Kingdom 🇬🇧,2026,Mixed,ATHX,Strength,,,,112KG,188KG,208KG,,,183
183,Eszter Ambrus & Barney Picton,ATHX BIRMINGHAM 2026,United Kingdom 🇬🇧,2026,Mixed,ATHX,Strength,,,,83KG,185KG,240KG,,,183
183,Jay Johnson & Kali Jack,ATHX BIRMINGHAM 2026,United Kingdom 🇬🇧,2026,Mixed,ATHX,Strength,,,,98KG,180KG,230KG,,,183
183,Danielle Ally & Harry Newberry,ATHX BIRMINGHAM 2026,United Kingdom 🇬🇧,2026,Mixed,ATHX,Strength,,,,98KG,190KG,220KG,,,183
188,Steven Johnson & Chloe Lavender,ATHX BIRMINGHAM 2026,United Kingdom 🇬🇧,2026,Mixed,ATHX,Strength,,,,98KG,178KG,230KG,,,188
189,Georgia Keast & Sam Keast,ATHX BIRMINGHAM 2026,United Kingdom 🇬🇧,2026,Mixed,ATHX,Strength,,,,100KG,185KG,220KG,,,189
189,Chante Jones & Chris Jones,ATHX BIRMINGHAM 2026,United Kingdom 🇬🇧,2026,Mixed,ATHX,Strength,,,,90KG,180KG,235KG,,,189
189,Ryan Earnshaw & Chloe Griffin,ATHX BIRMINGHAM 2026,United Kingdom 🇬🇧,2026,Mixed,ATHX,Strength,,,,90KG,185KG,230KG,,,189
189,Kate Williams & Shaun Allen,ATHX BIRMINGHAM 2026,United Kingdom 🇬🇧,2026,Mixed,ATHX,Strength,,,,100KG,175KG,230KG,,,189
193,Katie Hellier & Stewart Hellier,ATHX BIRMINGHAM 2026,United Kingdom 🇬🇧,2026,Mixed,ATHX,Strength,,,,105KG,185KG,213KG,,,193
194,Adam Sullivan & Jessca Sullivan,ATHX BIRMINGHAM 2026,United Kingdom 🇬🇧,2026,Mixed,ATHX,Strength,,,,110KG,170KG,220KG,,,194
194,Gemma Sinclair & Scott Sinclair,ATHX BIRMINGHAM 2026,United Kingdom 🇬🇧,2026,Mixed,ATHX,Strength,,,,100KG,180KG,220KG,,,194
194,Amy Young & Rory Hall,ATHX BIRMINGHAM 2026,United Kingdom 🇬🇧,2026,Mixed,ATHX,Strength,,,,100KG,185KG,215KG,,,194
194,Abbie  Hudson & Jahan Asadi,ATHX BIRMINGHAM 2026,United Kingdom 🇬🇧,2026,Mixed,ATHX,Strength,,,,100KG,180KG,220KG,,,194
198,Tim Johnson & Louisa Christiansen,ATHX BIRMINGHAM 2026,United Kingdom 🇬🇧,2026,Mixed,ATHX,Strength,,,,101KG,188KG,210KG,,,198
199,Maha Belefquih & Samuel Augustine,ATHX BIRMINGHAM 2026,United Kingdom 🇬🇧,2026,Mixed,ATHX,Strength,,,,108KG,180KG,210KG,,,199
199,April Windebank & Jamie Everard,ATHX BIRMINGHAM 2026,United Kingdom 🇬🇧,2026,Mixed,ATHX,Strength,,,,90KG,183KG,225KG,,,199
201,Mark Vicary & Laura Vicary,ATHX BIRMINGHAM 2026,United Kingdom 🇬🇧,2026,Mixed,ATHX,Strength,,,,108KG,160KG,229KG,,,201
202,Tamsin Mockler & Alastair White,ATHX BIRMINGHAM 2026,United Kingdom 🇬🇧,2026,Mixed,ATHX,Strength,,,,96KG,170KG,230KG,,,202
202,Kate Livesey & Ben Morgan,ATHX BIRMINGHAM 2026,United Kingdom 🇬🇧,2026,Mixed,ATHX,Strength,,,,88KG,175KG,233KG,,,202
202,Jade Foot & Lucas Oliveira,ATHX BIRMINGHAM 2026,United Kingdom 🇬🇧,2026,Mixed,ATHX,Strength,,,,91KG,190KG,215KG,,,202
205,Anna Imrie & Tom Endersby,ATHX BIRMINGHAM 2026,United Kingdom 🇬🇧,2026,Mixed,ATHX,Strength,,,,105KG,180KG,210KG,,,205
205,Fred Johnston & Lucie Griffiths,ATHX BIRMINGHAM 2026,United Kingdom 🇬🇧,2026,Mixed,ATHX,Strength,,,,95KG,150KG,250KG,,,205
207,Ryan  Payne & Sasha Weaver,ATHX BIRMINGHAM 2026,United Kingdom 🇬🇧,2026,Mixed,ATHX,Strength,,,,108KG,165KG,220KG,,,207
208,Stephanie Blakemore & Richard Blakemore,ATHX BIRMINGHAM 2026,United Kingdom 🇬🇧,2026,Mixed,ATHX,Strength,,,,101KG,178KG,213KG,,,208
209,Thomas Jaffrey & Tor Smith,ATHX BIRMINGHAM 2026,United Kingdom 🇬🇧,2026,Mixed,ATHX,Strength,,,,95KG,170KG,225KG,,,209
210,Rosa Lenders & Nicholas Mills,ATHX BIRMINGHAM 2026,United Kingdom 🇬🇧,2026,Mixed,ATHX,Strength,,,,101KG,173KG,215KG,,,210
211,Martin Browning & Laura Thomas,ATHX BIRMINGHAM 2026,United Kingdom 🇬🇧,2026,Mixed,ATHX,Strength,,,,103KG,170KG,213KG,,,211
211,Charlie Harris & Josephine Farrelly,ATHX BIRMINGHAM 2026,United Kingdom 🇬🇧,2026,Mixed,ATHX,Strength,,,,88KG,163KG,235KG,,,211
213,Jason Burkinshaw & Emmy Burkinshaw,ATHX BIRMINGHAM 2026,United Kingdom 🇬🇧,2026,Mixed,ATHX,Strength,,,,90KG,165KG,230KG,,,213
213,Michaela Pugh & mike Hoare,ATHX BIRMINGHAM 2026,United Kingdom 🇬🇧,2026,Mixed,ATHX,Strength,,,,95KG,165KG,225KG,,,213
213,Paul Connor & Fern Connor,ATHX BIRMINGHAM 2026,United Kingdom 🇬🇧,2026,Mixed,ATHX,Strength,,,,85KG,180KG,220KG,,,213
213,Emma Penn & James Penn,ATHX BIRMINGHAM 2026,United Kingdom 🇬🇧,2026,Mixed,ATHX,Strength,,,,100KG,165KG,220KG,,,213
217,Sally Shareef & Tom Williams,ATHX BIRMINGHAM 2026,United Kingdom 🇬🇧,2026,Mixed,ATHX,Strength,,,,95KG,160KG,228KG,,,217
218,Andreas Schönborn & Stini Schoenborn,ATHX BIRMINGHAM 2026,United Kingdom 🇬🇧,2026,Mixed,ATHX,Strength,,,,105KG,170KG,205KG,,,218
218,Amelia Watson & Nathan Watson,ATHX BIRMINGHAM 2026,United Kingdom 🇬🇧,2026,Mixed,ATHX,Strength,,,,90KG,180KG,210KG,,,218
220,Michele Davies & Owen Davies,ATHX BIRMINGHAM 2026,United Kingdom 🇬🇧,2026,Mixed,ATHX,Strength,,,,78KG,180KG,220KG,,,220
220,Claire Newton & John Burton,ATHX BIRMINGHAM 2026,United Kingdom 🇬🇧,2026,Mixed,ATHX,Strength,,,,80KG,168KG,230KG,,,220
220,Rebecca Scott & Matt Keyte,ATHX BIRMINGHAM 2026,United Kingdom 🇬🇧,2026,Mixed,ATHX,Strength,,,,98KG,170KG,210KG,,,220
220,Ashley Prosper & Emma Clarke,ATHX BIRMINGHAM 2026,United Kingdom 🇬🇧,2026,Mixed,ATHX,Strength,,,,98KG,175KG,205KG,,,220
224,Mark Winnock & Puichi Hau,ATHX BIRMINGHAM 2026,United Kingdom 🇬🇧,2026,Mixed,ATHX,Strength,,,,100KG,153KG,223KG,,,224
225,Lila Robinson & Ross Bray,ATHX BIRMINGHAM 2026,United Kingdom 🇬🇧,2026,Mixed,ATHX,Strength,,,,78KG,175KG,220KG,,,225
225,Emma Bryan & Josh Clark,ATHX BIRMINGHAM 2026,United Kingdom 🇬🇧,2026,Mixed,ATHX,Strength,,,,98KG,155KG,220KG,,,225
227,Karl Marshall & Victoria Green,ATHX BIRMINGHAM 2026,United Kingdom 🇬🇧,2026,Mixed,ATHX,Strength,,,,100KG,160KG,210KG,,,227
227,Jaya Rehan & Joseph Fox,ATHX BIRMINGHAM 2026,United Kingdom 🇬🇧,2026,Mixed,ATHX,Strength,,,,95KG,160KG,215KG,,,227
229,James Woodhouse & Jodie Stanhope,ATHX BIRMINGHAM 2026,United Kingdom 🇬🇧,2026,Mixed,ATHX,Strength,,,,93KG,170KG,205KG,,,229
229,Jemma Loader & Callum Strickland,ATHX BIRMINGHAM 2026,United Kingdom 🇬🇧,2026,Mixed,ATHX,Strength,,,,88KG,175KG,205KG,,,229
231,Georgia Smith & Jack Smith,ATHX BIRMINGHAM 2026,United Kingdom 🇬🇧,2026,Mixed,ATHX,Strength,,,,78KG,175KG,210KG,,,231
232,Kirstie Pritchard & Craig Pritchard,ATHX BIRMINGHAM 2026,United Kingdom 🇬🇧,2026,Mixed,ATHX,Strength,,,,91KG,150KG,220KG,,,232
233,Nieve Oakman & Ben Upton,ATHX BIRMINGHAM 2026,United Kingdom 🇬🇧,2026,Mixed,ATHX,Strength,,,,100KG,160KG,200KG,,,233
233,Shangari Livesey & Joe Livesey,ATHX BIRMINGHAM 2026,United Kingdom 🇬🇧,2026,Mixed,ATHX,Strength,,,,90KG,170KG,200KG,,,233
233,Christina Ellis & Ali Ellis,ATHX BIRMINGHAM 2026,United Kingdom 🇬🇧,2026,Mixed,ATHX,Strength,,,,90KG,175KG,195KG,,,233
236,emma Johnston & Glyn Johnston,ATHX BIRMINGHAM 2026,United Kingdom 🇬🇧,2026,Mixed,ATHX,Strength,,,,78KG,180KG,200KG,,,236
236,Tyne Grant & Noel Spilker,ATHX BIRMINGHAM 2026,United Kingdom 🇬🇧,2026,Mixed,ATHX,Strength,,,,88KG,160KG,210KG,,,236
238,Lauren Hunt & Oliver Wright,ATHX BIRMINGHAM 2026,United Kingdom 🇬🇧,2026,Mixed,ATHX,Strength,,,,98KG,158KG,200KG,,,238
239,Sebrina O’Rourke & Leon O'Rourke,ATHX BIRMINGHAM 2026,United Kingdom 🇬🇧,2026,Mixed,ATHX,Strength,,,,90KG,155KG,210KG,,,239
239,Liam Healy & Sally Healy,ATHX BIRMINGHAM 2026,United Kingdom 🇬🇧,2026,Mixed,ATHX,Strength,,,,85KG,155KG,215KG,,,239
241,Christian Nolde & Steffi Schmitt,ATHX BIRMINGHAM 2026,United Kingdom 🇬🇧,2026,Mixed,ATHX,Strength,,,,91KG,168KG,195KG,,,241
241,Helen Boffy & Matt Boffy,ATHX BIRMINGHAM 2026,United Kingdom 🇬🇧,2026,Mixed,ATHX,Strength,,,,91KG,160KG,203KG,,,241
243,Malgorzata Duzyk & Francisco Almeida,ATHX BIRMINGHAM 2026,United Kingdom 🇬🇧,2026,Mixed,ATHX,Strength,,,,93KG,170KG,190KG,,,243
243,Francesca Hibbins & Joshua Dadd,ATHX BIRMINGHAM 2026,United Kingdom 🇬🇧,2026,Mixed,ATHX,Strength,,,,98KG,135KG,220KG,,,243
245,Laura Turner & Felix Turner,ATHX BIRMINGHAM 2026,United Kingdom 🇬🇧,2026,Mixed,ATHX,Strength,,,,93KG,143KG,210KG,,,245
245,Lucy Booth & Dave Stevenson,ATHX BIRMINGHAM 2026,United Kingdom 🇬🇧,2026,Mixed,ATHX,Strength,,,,83KG,163KG,200KG,,,245
247,Andrew Kings & Frances Kings-Thompson,ATHX BIRMINGHAM 2026,United Kingdom 🇬🇧,2026,Mixed,ATHX,Strength,,,,81KG,153KG,210KG,,,247
248,Natalie Sauber & Matt Messina,ATHX BIRMINGHAM 2026,United Kingdom 🇬🇧,2026,Mixed,ATHX,Strength,,,,93KG,160KG,190KG,,,248
249,Catherine Hickey & Tom McGuinness,ATHX BIRMINGHAM 2026,United Kingdom 🇬🇧,2026,Mixed,ATHX,Strength,,,,91KG,155KG,195KG,,,249
250,Isabella de Camargo Nigro & Derek Marão,ATHX BIRMINGHAM 2026,United Kingdom 🇬🇧,2026,Mixed,ATHX,Strength,,,,118KG,166KG,156KG,,,250
251,james booth & Victoria Booth,ATHX BIRMINGHAM 2026,United Kingdom 🇬🇧,2026,Mixed,ATHX,Strength,,,,65KG,153KG,220KG,,,251
252,Andrew waldock & Lindsay Charlson,ATHX BIRMINGHAM 2026,United Kingdom 🇬🇧,2026,Mixed,ATHX,Strength,,,,88KG,165KG,183KG,,,252
252,Tom Coldham & Claire Coldham,ATHX BIRMINGHAM 2026,United Kingdom 🇬🇧,2026,Mixed,ATHX,Strength,,,,78KG,158KG,200KG,,,252
254,Alison Delucis & Roberto Delucis,ATHX BIRMINGHAM 2026,United Kingdom 🇬🇧,2026,Mixed,ATHX,Strength,,,,86KG,145KG,200KG,,,254
255,Emma Waller & Tom Wilson,ATHX BIRMINGHAM 2026,United Kingdom 🇬🇧,2026,Mixed,ATHX,Strength,,,,75KG,145KG,210KG,,,255
255,millie newey & Alex Newey,ATHX BIRMINGHAM 2026,United Kingdom 🇬🇧,2026,Mixed,ATHX,Strength,,,,75KG,155KG,200KG,,,255
257,Jason Harris & Bonnie Walton,ATHX BIRMINGHAM 2026,United Kingdom 🇬🇧,2026,Mixed,ATHX,Strength,,,,93KG,145KG,190KG,,,257
258,Emma Thistleton & Larry Wells,ATHX BIRMINGHAM 2026,United Kingdom 🇬🇧,2026,Mixed,ATHX,Strength,,,,91KG,150KG,180KG,,,258
259,Andrea Coley & Jonny Goggs,ATHX BIRMINGHAM 2026,United Kingdom 🇬🇧,2026,Mixed,ATHX,Strength,,,,90KG,138KG,190KG,,,259
260,Molly Bridson & Fraser McPhearson,ATHX BIRMINGHAM 2026,United Kingdom 🇬🇧,2026,Mixed,ATHX,Strength,,,,91KG,156KG,170KG,,,260
261,Louise Griffiths & Ryan Griffiths,ATHX BIRMINGHAM 2026,United Kingdom 🇬🇧,2026,Mixed,ATHX,Strength,,,,85KG,150KG,180KG,,,261
261,Kelvin St.Pierre Robson & VIRGINIE Harris,ATHX BIRMINGHAM 2026,United Kingdom 🇬🇧,2026,Mixed,ATHX,Strength,,,,100KG,145KG,170KG,,,261
263,Ian Kelly & Ali Taylor,ATHX BIRMINGHAM 2026,United Kingdom 🇬🇧,2026,Mixed,ATHX,Strength,,,,68KG,135KG,210KG,,,263
264,Catherine Fenton & Scott Fenton,ATHX BIRMINGHAM 2026,United Kingdom 🇬🇧,2026,Mixed,ATHX,Strength,,,,90KG,150KG,170KG,,,264
265,Simon Huntley & Dawn Huntley,ATHX BIRMINGHAM 2026,United Kingdom 🇬🇧,2026,Mixed,ATHX,Strength,,,,85KG,143KG,180KG,,,265
266,Joe Ward & Katie Newton,ATHX BIRMINGHAM 2026,United Kingdom 🇬🇧,2026,Mixed,ATHX,Strength,,,,76KG,140KG,190KG,,,266
267,Frances Bradley & David Fawcett,ATHX BIRMINGHAM 2026,United Kingdom 🇬🇧,2026,Mixed,ATHX,Strength,,,,90KG,130KG,185KG,,,267
267,Jake Flint & Amy Lowe,ATHX BIRMINGHAM 2026,United Kingdom 🇬🇧,2026,Mixed,ATHX,Strength,,,,80KG,140KG,185KG,,,267
269,Phil Shuard & Ali Lester,ATHX BIRMINGHAM 2026,United Kingdom 🇬🇧,2026,Mixed,ATHX,Strength,,,,83KG,130KG,180KG,,,269
270,Jorge Garcia & Barbara Jimenez,ATHX BIRMINGHAM 2026,United Kingdom 🇬🇧,2026,Mixed,ATHX,Strength,,,,75KG,131KG,185KG,,,270
271,Christy Fitzpatrick & Carl Thomas,ATHX BIRMINGHAM 2026,United Kingdom 🇬🇧,2026,Mixed,ATHX,Strength,,,,70KG,130KG,185KG,,,271
272,Elaine Farrell & William Meldrum,ATHX BIRMINGHAM 2026,United Kingdom 🇬🇧,2026,Mixed,ATHX,Strength,,,,88KG,61KG,230KG,,,272
273,Natalie Depledge & Adam Depledge,ATHX BIRMINGHAM 2026,United Kingdom 🇬🇧,2026,Mixed,ATHX,Strength,,,,75KG,120KG,180KG,,,273
274,Brad Atwill & Ella McFall,ATHX BIRMINGHAM 2026,United Kingdom 🇬🇧,2026,Mixed,ATHX,Strength,,,,70KG,105KG,175KG,,,274
275,Nick Locke & Helen Brawn,ATHX BIRMINGHAM 2026,United Kingdom 🇬🇧,2026,Mixed,ATHX,Strength,,,,80KG,115KG,130KG,,,275
1,Hayley Biggs & Asim Jani,ATHX BIRMINGHAM 2026,United Kingdom 🇬🇧,2026,Mixed,ATHX,MetCon X,,,10:10,,,,,,1
2,Demi Tripp & Harleigh Abbott,ATHX BIRMINGHAM 2026,United Kingdom 🇬🇧,2026,Mixed,ATHX,MetCon X,,,11:32,,,,,,2
3,Omar Ellaboudy & rosie walsh,ATHX BIRMINGHAM 2026,United Kingdom 🇬🇧,2026,Mixed,ATHX,MetCon X,,,11:45,,,,,,3
4,Kieran Higgs & Tsiah Woods,ATHX BIRMINGHAM 2026,United Kingdom 🇬🇧,2026,Mixed,ATHX,MetCon X,,,11:59,,,,,,4
5,Nathan Nelson & Connie Scharff,ATHX BIRMINGHAM 2026,United Kingdom 🇬🇧,2026,Mixed,ATHX,MetCon X,,,12:05,,,,,,5
6,Chelsea Brown & Will Shaw,ATHX BIRMINGHAM 2026,United Kingdom 🇬🇧,2026,Mixed,ATHX,MetCon X,,,12:14,,,,,,6
6,Theo Bennett-Odlum & Lucy Morton,ATHX BIRMINGHAM 2026,United Kingdom 🇬🇧,2026,Mixed,ATHX,MetCon X,,,12:14,,,,,,6
8,Tom Wilde & Gemma Shaw,ATHX BIRMINGHAM 2026,United Kingdom 🇬🇧,2026,Mixed,ATHX,MetCon X,,,12:19,,,,,,8
9,Ian Knight & Lilly Chambers,ATHX BIRMINGHAM 2026,United Kingdom 🇬🇧,2026,Mixed,ATHX,MetCon X,,,12:20,,,,,,9
9,Sara Goncalves & Mulley Branch,ATHX BIRMINGHAM 2026,United Kingdom 🇬🇧,2026,Mixed,ATHX,MetCon X,,,12:20,,,,,,9
11,Natasha Haldane & Tom Jupp,ATHX BIRMINGHAM 2026,United Kingdom 🇬🇧,2026,Mixed,ATHX,MetCon X,,,12:21,,,,,,11
12,Sam Barnes & Verity Atkins,ATHX BIRMINGHAM 2026,United Kingdom 🇬🇧,2026,Mixed,ATHX,MetCon X,,,12:28,,,,,,12
13,Rob Smith & Genevieve Hickin,ATHX BIRMINGHAM 2026,United Kingdom 🇬🇧,2026,Mixed,ATHX,MetCon X,,,12:38,,,,,,13
14,Jeremy Saxon & Sophie Rixon,ATHX BIRMINGHAM 2026,United Kingdom 🇬🇧,2026,Mixed,ATHX,MetCon X,,,12:42,,,,,,14
15,Franco Reina & Tate Crossley,ATHX BIRMINGHAM 2026,United Kingdom 🇬🇧,2026,Mixed,ATHX,MetCon X,,,12:43,,,,,,15
16,Lauren Russell & Tristan Coles,ATHX BIRMINGHAM 2026,United Kingdom 🇬🇧,2026,Mixed,ATHX,MetCon X,,,12:45,,,,,,16
17,Lana Newby & Tanner Call,ATHX BIRMINGHAM 2026,United Kingdom 🇬🇧,2026,Mixed,ATHX,MetCon X,,,12:53,,,,,,17
17,Scott Walker & Emma Meecham Jones,ATHX BIRMINGHAM 2026,United Kingdom 🇬🇧,2026,Mixed,ATHX,MetCon X,,,12:53,,,,,,17
19,Harry Mcfarling & Mia Samman,ATHX BIRMINGHAM 2026,United Kingdom 🇬🇧,2026,Mixed,ATHX,MetCon X,,,12:54,,,,,,19
20,Levi Woolley & Amelia Sharkey,ATHX BIRMINGHAM 2026,United Kingdom 🇬🇧,2026,Mixed,ATHX,MetCon X,,,12:55,,,,,,20
21,Seosamh Gorham & Kathleen McLaughlin,ATHX BIRMINGHAM 2026,United Kingdom 🇬🇧,2026,Mixed,ATHX,MetCon X,,,13:02,,,,,,21
22,Chris Eales & Victoria Harriott,ATHX BIRMINGHAM 2026,United Kingdom 🇬🇧,2026,Mixed,ATHX,MetCon X,,,13:04,,,,,,22
22,Emily-Jane Craft-Watson & Joe Watson,ATHX BIRMINGHAM 2026,United Kingdom 🇬🇧,2026,Mixed,ATHX,MetCon X,,,13:04,,,,,,22
24,Lydia Banwell & Daniel hibberd,ATHX BIRMINGHAM 2026,United Kingdom 🇬🇧,2026,Mixed,ATHX,MetCon X,,,13:11,,,,,,24
24,Ilina Slaveykova & Bobby Barber,ATHX BIRMINGHAM 2026,United Kingdom 🇬🇧,2026,Mixed,ATHX,MetCon X,,,13:11,,,,,,24
26,Dominic Darbyshire & Benneta Paluca,ATHX BIRMINGHAM 2026,United Kingdom 🇬🇧,2026,Mixed,ATHX,MetCon X,,,13:15,,,,,,26
27,Emily Gooderham & Josh Clarke-Davis,ATHX BIRMINGHAM 2026,United Kingdom 🇬🇧,2026,Mixed,ATHX,MetCon X,,,13:17,,,,,,27
28,Emily Heard & Matthew Wells,ATHX BIRMINGHAM 2026,United Kingdom 🇬🇧,2026,Mixed,ATHX,MetCon X,,,13:21,,,,,,28
29,Sasha Jarvis & Connor Clark,ATHX BIRMINGHAM 2026,United Kingdom 🇬🇧,2026,Mixed,ATHX,MetCon X,,,13:22,,,,,,29
29,Amber Smith & Alex Jeffrey,ATHX BIRMINGHAM 2026,United Kingdom 🇬🇧,2026,Mixed,ATHX,MetCon X,,,13:22,,,,,,29
31,Daisy Yeomans & Nathan Siddans,ATHX BIRMINGHAM 2026,United Kingdom 🇬🇧,2026,Mixed,ATHX,MetCon X,,,13:36,,,,,,31
32,Taylor Hastings & Natalie Chapman,ATHX BIRMINGHAM 2026,United Kingdom 🇬🇧,2026,Mixed,ATHX,MetCon X,,,13:38,,,,,,32
32,Amy Thomas & Matt Gwillam,ATHX BIRMINGHAM 2026,United Kingdom 🇬🇧,2026,Mixed,ATHX,MetCon X,,,13:38,,,,,,32
34,Maya Jennings & Nathan Groves,ATHX BIRMINGHAM 2026,United Kingdom 🇬🇧,2026,Mixed,ATHX,MetCon X,,,13:44,,,,,,34
35,Sam Pask & Lucy Pask,ATHX BIRMINGHAM 2026,United Kingdom 🇬🇧,2026,Mixed,ATHX,MetCon X,,,13:45,,,,,,35
36,Jess Yapp & Liam Masefield,ATHX BIRMINGHAM 2026,United Kingdom 🇬🇧,2026,Mixed,ATHX,MetCon X,,,13:48,,,,,,36
37,Elaine Farrell & William Meldrum,ATHX BIRMINGHAM 2026,United Kingdom 🇬🇧,2026,Mixed,ATHX,MetCon X,,,13:50,,,,,,37
37,Ross Comfort & Lucinda Keir,ATHX BIRMINGHAM 2026,United Kingdom 🇬🇧,2026,Mixed,ATHX,MetCon X,,,13:50,,,,,,37
39,Josh  Carr & Elena Somes,ATHX BIRMINGHAM 2026,United Kingdom 🇬🇧,2026,Mixed,ATHX,MetCon X,,,13:52,,,,,,39
40,Laurence Pannell & Hannah Bailey,ATHX BIRMINGHAM 2026,United Kingdom 🇬🇧,2026,Mixed,ATHX,MetCon X,,,13:53,,,,,,40
40,Alex Fagen & Sarah Fraser,ATHX BIRMINGHAM 2026,United Kingdom 🇬🇧,2026,Mixed,ATHX,MetCon X,,,13:53,,,,,,40
42,Ian Marsh & Charlotte Jones,ATHX BIRMINGHAM 2026,United Kingdom 🇬🇧,2026,Mixed,ATHX,MetCon X,,,13:55,,,,,,42
43,Matthew Love & Amy Halford,ATHX BIRMINGHAM 2026,United Kingdom 🇬🇧,2026,Mixed,ATHX,MetCon X,,,13:56,,,,,,43
44,Jenni Gilbert & Graeme Gilbert,ATHX BIRMINGHAM 2026,United Kingdom 🇬🇧,2026,Mixed,ATHX,MetCon X,,,13:57,,,,,,44
45,Molly Storey & Jamie Braithwaite,ATHX BIRMINGHAM 2026,United Kingdom 🇬🇧,2026,Mixed,ATHX,MetCon X,,,13:59,,,,,,45
46,Ellesse Pearce & Alex Gapper,ATHX BIRMINGHAM 2026,United Kingdom 🇬🇧,2026,Mixed,ATHX,MetCon X,,,14:00,,,,,,46
47,Simon Harris & Leigh-Anne Brace,ATHX BIRMINGHAM 2026,United Kingdom 🇬🇧,2026,Mixed,ATHX,MetCon X,,,14:05,,,,,,47
47,Christian Nolde & Steffi Schmitt,ATHX BIRMINGHAM 2026,United Kingdom 🇬🇧,2026,Mixed,ATHX,MetCon X,,,14:05,,,,,,47
49,Sarah Hare-Price & David Price,ATHX BIRMINGHAM 2026,United Kingdom 🇬🇧,2026,Mixed,ATHX,MetCon X,,,14:07,,,,,,49
49,Ashley Prosper & Emma Clarke,ATHX BIRMINGHAM 2026,United Kingdom 🇬🇧,2026,Mixed,ATHX,MetCon X,,,14:07,,,,,,49
49,Andy Rolstone & MANDY LEE,ATHX BIRMINGHAM 2026,United Kingdom 🇬🇧,2026,Mixed,ATHX,MetCon X,,,14:07,,,,,,49
52,Steve King & Claire King,ATHX BIRMINGHAM 2026,United Kingdom 🇬🇧,2026,Mixed,ATHX,MetCon X,,,14:10,,,,,,52
53,Matt Dukes & Amber Colin-Thome,ATHX BIRMINGHAM 2026,United Kingdom 🇬🇧,2026,Mixed,ATHX,MetCon X,,,14:11,,,,,,53
53,Kyle Hickey & Hannah Lock,ATHX BIRMINGHAM 2026,United Kingdom 🇬🇧,2026,Mixed,ATHX,MetCon X,,,14:11,,,,,,53
55,David Watson & Milena Georgieva,ATHX BIRMINGHAM 2026,United Kingdom 🇬🇧,2026,Mixed,ATHX,MetCon X,,,14:12,,,,,,55
56,Martyn Wright & Niamh Doran,ATHX BIRMINGHAM 2026,United Kingdom 🇬🇧,2026,Mixed,ATHX,MetCon X,,,14:18,,,,,,56
56,Hannah Tonks & Samuel Foster,ATHX BIRMINGHAM 2026,United Kingdom 🇬🇧,2026,Mixed,ATHX,MetCon X,,,14:18,,,,,,56
56,Amy Young & Rory Hall,ATHX BIRMINGHAM 2026,United Kingdom 🇬🇧,2026,Mixed,ATHX,MetCon X,,,14:18,,,,,,56
59,Shannon Mason & Jack Mason,ATHX BIRMINGHAM 2026,United Kingdom 🇬🇧,2026,Mixed,ATHX,MetCon X,,,14:19,,,,,,59
60,Jakub Podgorski & Alex Clay,ATHX BIRMINGHAM 2026,United Kingdom 🇬🇧,2026,Mixed,ATHX,MetCon X,,,14:20,,,,,,60
61,Matt Kerridge & Emily Gooderham,ATHX BIRMINGHAM 2026,United Kingdom 🇬🇧,2026,Mixed,ATHX,MetCon X,,,14:24,,,,,,61
62,Annie Watkins & Mark Hornby,ATHX BIRMINGHAM 2026,United Kingdom 🇬🇧,2026,Mixed,ATHX,MetCon X,,,14:27,,,,,,62
63,Adrian Boncut & Nicoleta Boncut,ATHX BIRMINGHAM 2026,United Kingdom 🇬🇧,2026,Mixed,ATHX,MetCon X,,,14:29,,,,,,63
63,Beth Wise & Ryan Smith,ATHX BIRMINGHAM 2026,United Kingdom 🇬🇧,2026,Mixed,ATHX,MetCon X,,,14:29,,,,,,63
65,Paul Woolls & Melissa Pirie,ATHX BIRMINGHAM 2026,United Kingdom 🇬🇧,2026,Mixed,ATHX,MetCon X,,,14:30,,,,,,65
66,Esther Lamb & Jamie Townshend,ATHX BIRMINGHAM 2026,United Kingdom 🇬🇧,2026,Mixed,ATHX,MetCon X,,,14:32,,,,,,66
67,Naima Field & Ben Franks,ATHX BIRMINGHAM 2026,United Kingdom 🇬🇧,2026,Mixed,ATHX,MetCon X,,,14:38,,,,,,67
67,Cal Rayner & Lydia Taylor,ATHX BIRMINGHAM 2026,United Kingdom 🇬🇧,2026,Mixed,ATHX,MetCon X,,,14:38,,,,,,67
69,Ian Ellis & Sian Harvey,ATHX BIRMINGHAM 2026,United Kingdom 🇬🇧,2026,Mixed,ATHX,MetCon X,,,14:41,,,,,,69
69,Rhys Satchell & Ellie Cooper,ATHX BIRMINGHAM 2026,United Kingdom 🇬🇧,2026,Mixed,ATHX,MetCon X,,,14:41,,,,,,69
71,Adam Newman & laura Swain,ATHX BIRMINGHAM 2026,United Kingdom 🇬🇧,2026,Mixed,ATHX,MetCon X,,,14:43,,,,,,71
72,Tarryn McKean & Alex Doherty-Head,ATHX BIRMINGHAM 2026,United Kingdom 🇬🇧,2026,Mixed,ATHX,MetCon X,,,14:44,,,,,,72
73,Fraser Cockeram & Nina Hoadley-Cockeram,ATHX BIRMINGHAM 2026,United Kingdom 🇬🇧,2026,Mixed,ATHX,MetCon X,,,14:45,,,,,,73
73,Dani Taylor & Jamie Newington,ATHX BIRMINGHAM 2026,United Kingdom 🇬🇧,2026,Mixed,ATHX,MetCon X,,,14:45,,,,,,73
75,Vikki Stone & Rubin Allen,ATHX BIRMINGHAM 2026,United Kingdom 🇬🇧,2026,Mixed,ATHX,MetCon X,,,14:46,,,,,,75
76,Charlotte James & Ron Harris,ATHX BIRMINGHAM 2026,United Kingdom 🇬🇧,2026,Mixed,ATHX,MetCon X,,,14:48,,,,,,76
77,Jessica Fisher & Neil Mitchell,ATHX BIRMINGHAM 2026,United Kingdom 🇬🇧,2026,Mixed,ATHX,MetCon X,,,14:50,,,,,,77
77,Andrew Pawley & Olivia Francis,ATHX BIRMINGHAM 2026,United Kingdom 🇬🇧,2026,Mixed,ATHX,MetCon X,,,14:50,,,,,,77
79,Charlie Louise Odams & Josh Graham,ATHX BIRMINGHAM 2026,United Kingdom 🇬🇧,2026,Mixed,ATHX,MetCon X,,,14:54,,,,,,79
80,Claire Newton & John Burton,ATHX BIRMINGHAM 2026,United Kingdom 🇬🇧,2026,Mixed,ATHX,MetCon X,,,14:55,,,,,,80
81,Paul Connor & Fern Connor,ATHX BIRMINGHAM 2026,United Kingdom 🇬🇧,2026,Mixed,ATHX,MetCon X,,,14:57,,,,,,81
81,Anna Cavill & Finn Credland,ATHX BIRMINGHAM 2026,United Kingdom 🇬🇧,2026,Mixed,ATHX,MetCon X,,,14:57,,,,,,81
83,Mark Boyce & Natalie Kenyon,ATHX BIRMINGHAM 2026,United Kingdom 🇬🇧,2026,Mixed,ATHX,MetCon X,,,14:58,,,,,,83
84,Ffion Evans & Stuart Jones,ATHX BIRMINGHAM 2026,United Kingdom 🇬🇧,2026,Mixed,ATHX,MetCon X,,,14:59,,,,,,84
85,Zara Coney & Steve Williams,ATHX BIRMINGHAM 2026,United Kingdom 🇬🇧,2026,Mixed,ATHX,MetCon X,,,15:00,,,,,,85
86,Sara Smith & Paul Richards,ATHX BIRMINGHAM 2026,United Kingdom 🇬🇧,2026,Mixed,ATHX,MetCon X,,,15:01,,,,,,86
87,Riva Siggins & Alex Harbrow,ATHX BIRMINGHAM 2026,United Kingdom 🇬🇧,2026,Mixed,ATHX,MetCon X,,,15:02,,,,,,87
88,Lucy Goodyear-Green & Tony Lawrence,ATHX BIRMINGHAM 2026,United Kingdom 🇬🇧,2026,Mixed,ATHX,MetCon X,,,15:06,,,,,,88
88,Tim Johnson & Louisa Christiansen,ATHX BIRMINGHAM 2026,United Kingdom 🇬🇧,2026,Mixed,ATHX,MetCon X,,,15:06,,,,,,88
90,Natalie Sauber & Matt Messina,ATHX BIRMINGHAM 2026,United Kingdom 🇬🇧,2026,Mixed,ATHX,MetCon X,,,15:09,,,,,,90
90,Anna Imrie & Tom Endersby,ATHX BIRMINGHAM 2026,United Kingdom 🇬🇧,2026,Mixed,ATHX,MetCon X,,,15:09,,,,,,90
92,Zach Allen & Rachel Taylor,ATHX BIRMINGHAM 2026,United Kingdom 🇬🇧,2026,Mixed,ATHX,MetCon X,,,15:10,,,,,,92
93,Mark Thorpe & Lisa Thorpe,ATHX BIRMINGHAM 2026,United Kingdom 🇬🇧,2026,Mixed,ATHX,MetCon X,,,15:17,,,,,,93
94,Rob Loweth & Holly Knott,ATHX BIRMINGHAM 2026,United Kingdom 🇬🇧,2026,Mixed,ATHX,MetCon X,,,15:19,,,,,,94
95,Thomas Jaffrey & Tor Smith,ATHX BIRMINGHAM 2026,United Kingdom 🇬🇧,2026,Mixed,ATHX,MetCon X,,,15:20,,,,,,95
96,Megan Taylor & Conor McCaugherty,ATHX BIRMINGHAM 2026,United Kingdom 🇬🇧,2026,Mixed,ATHX,MetCon X,,,15:22,,,,,,96
97,Matthew Salt & Jessica Salt,ATHX BIRMINGHAM 2026,United Kingdom 🇬🇧,2026,Mixed,ATHX,MetCon X,,,15:23,,,,,,97
98,Eszter Ambrus & Barney Picton,ATHX BIRMINGHAM 2026,United Kingdom 🇬🇧,2026,Mixed,ATHX,MetCon X,,,15:26,,,,,,98
99,Gavin Wright & Francesca Woods,ATHX BIRMINGHAM 2026,United Kingdom 🇬🇧,2026,Mixed,ATHX,MetCon X,,,15:27,,,,,,99
99,Nikki Dickinson & Neil Dickinson,ATHX BIRMINGHAM 2026,United Kingdom 🇬🇧,2026,Mixed,ATHX,MetCon X,,,15:27,,,,,,99
101,Matthew Tonks & Naomi Hill,ATHX BIRMINGHAM 2026,United Kingdom 🇬🇧,2026,Mixed,ATHX,MetCon X,,,15:30,,,,,,101
102,Sarah Parish & chris Byrne,ATHX BIRMINGHAM 2026,United Kingdom 🇬🇧,2026,Mixed,ATHX,MetCon X,,,15:31,,,,,,102
103,Anna Greco & Luke Porter,ATHX BIRMINGHAM 2026,United Kingdom 🇬🇧,2026,Mixed,ATHX,MetCon X,,,15:32,,,,,,103
104,Adam Steel & Elena Martin,ATHX BIRMINGHAM 2026,United Kingdom 🇬🇧,2026,Mixed,ATHX,MetCon X,,,15:35,,,,,,104
105,Williams Marc & Stephanie Dibble,ATHX BIRMINGHAM 2026,United Kingdom 🇬🇧,2026,Mixed,ATHX,MetCon X,,,15:38,,,,,,105
106,Lauren Owen & Brady Jackson,ATHX BIRMINGHAM 2026,United Kingdom 🇬🇧,2026,Mixed,ATHX,MetCon X,,,15:40,,,,,,106
107,Mark Finn & Anne Finn,ATHX BIRMINGHAM 2026,United Kingdom 🇬🇧,2026,Mixed,ATHX,MetCon X,,,15:41,,,,,,107
108,Brogan Kane & Luke White,ATHX BIRMINGHAM 2026,United Kingdom 🇬🇧,2026,Mixed,ATHX,MetCon X,,,15:42,,,,,,108
108,Megan Kilbane & Harrison Wall,ATHX BIRMINGHAM 2026,United Kingdom 🇬🇧,2026,Mixed,ATHX,MetCon X,,,15:42,,,,,,108
110,Nathan Jones & Emily Jones,ATHX BIRMINGHAM 2026,United Kingdom 🇬🇧,2026,Mixed,ATHX,MetCon X,,,15:45,,,,,,110
110,Kristofer Whitfield & Lisa Smith,ATHX BIRMINGHAM 2026,United Kingdom 🇬🇧,2026,Mixed,ATHX,MetCon X,,,15:45,,,,,,110
110,Jamie Lynes & Carina Locke,ATHX BIRMINGHAM 2026,United Kingdom 🇬🇧,2026,Mixed,ATHX,MetCon X,,,15:45,,,,,,110
113,Sebrina O’Rourke & Leon O'Rourke,ATHX BIRMINGHAM 2026,United Kingdom 🇬🇧,2026,Mixed,ATHX,MetCon X,,,15:46,,,,,,113
113,Vicky Atkins & Andy Oldham,ATHX BIRMINGHAM 2026,United Kingdom 🇬🇧,2026,Mixed,ATHX,MetCon X,,,15:46,,,,,,113
115,John Nicholas Adams & Amy Adams,ATHX BIRMINGHAM 2026,United Kingdom 🇬🇧,2026,Mixed,ATHX,MetCon X,,,15:50,,,,,,115
116,Richard Marques & Suzanne Grant,ATHX BIRMINGHAM 2026,United Kingdom 🇬🇧,2026,Mixed,ATHX,MetCon X,,,15:52,,,,,,116
117,Samuel Tai & Joanna Bartle,ATHX BIRMINGHAM 2026,United Kingdom 🇬🇧,2026,Mixed,ATHX,MetCon X,,,15:55,,,,,,117
117,Chloe Phillpott & Declan Swannell,ATHX BIRMINGHAM 2026,United Kingdom 🇬🇧,2026,Mixed,ATHX,MetCon X,,,15:55,,,,,,117
119,Georgia Crouch & Reilly Baldwin,ATHX BIRMINGHAM 2026,United Kingdom 🇬🇧,2026,Mixed,ATHX,MetCon X,,,15:56,,,,,,119
120,Daniel Fennell & Dannii Bayliss,ATHX BIRMINGHAM 2026,United Kingdom 🇬🇧,2026,Mixed,ATHX,MetCon X,,,15:57,,,,,,120
120,Oliver Troup & Anna Troup,ATHX BIRMINGHAM 2026,United Kingdom 🇬🇧,2026,Mixed,ATHX,MetCon X,,,15:57,,,,,,120
122,Mike Newby-Fraser & Rachel Dougan,ATHX BIRMINGHAM 2026,United Kingdom 🇬🇧,2026,Mixed,ATHX,MetCon X,,,16:00,,,,,,122
123,Mari Cowie & Byron Cowie,ATHX BIRMINGHAM 2026,United Kingdom 🇬🇧,2026,Mixed,ATHX,MetCon X,,,16:01,,,,,,123
123,Christina Ellis & Ali Ellis,ATHX BIRMINGHAM 2026,United Kingdom 🇬🇧,2026,Mixed,ATHX,MetCon X,,,16:01,,,,,,123
125,Stephanie Blakemore & Richard Blakemore,ATHX BIRMINGHAM 2026,United Kingdom 🇬🇧,2026,Mixed,ATHX,MetCon X,,,16:04,,,,,,125
126,Jason Burkinshaw & Emmy Burkinshaw,ATHX BIRMINGHAM 2026,United Kingdom 🇬🇧,2026,Mixed,ATHX,MetCon X,,,16:10,,,,,,126
126,Georgia Keast & Sam Keast,ATHX BIRMINGHAM 2026,United Kingdom 🇬🇧,2026,Mixed,ATHX,MetCon X,,,16:10,,,,,,126
128,Cory Stobart & Kim Stobart,ATHX BIRMINGHAM 2026,United Kingdom 🇬🇧,2026,Mixed,ATHX,MetCon X,,,16:12,,,,,,128
128,Zak Gladwell & Holly Rogers,ATHX BIRMINGHAM 2026,United Kingdom 🇬🇧,2026,Mixed,ATHX,MetCon X,,,16:12,,,,,,128
130,Laura Rolph & Jamie Rolph,ATHX BIRMINGHAM 2026,United Kingdom 🇬🇧,2026,Mixed,ATHX,MetCon X,,,16:14,,,,,,130
131,Mark Browne & Laura Browne,ATHX BIRMINGHAM 2026,United Kingdom 🇬🇧,2026,Mixed,ATHX,MetCon X,,,16:15,,,,,,131
132,Jessie Riche & Tom Jackson,ATHX BIRMINGHAM 2026,United Kingdom 🇬🇧,2026,Mixed,ATHX,MetCon X,,,16:17,,,,,,132
132,Steven Johnson & Chloe Lavender,ATHX BIRMINGHAM 2026,United Kingdom 🇬🇧,2026,Mixed,ATHX,MetCon X,,,16:17,,,,,,132
134,Nick Di Giampasquale & Jodie Slade,ATHX BIRMINGHAM 2026,United Kingdom 🇬🇧,2026,Mixed,ATHX,MetCon X,,,16:18,,,,,,134
135,James Tonry & Kelly Cridland,ATHX BIRMINGHAM 2026,United Kingdom 🇬🇧,2026,Mixed,ATHX,MetCon X,,,16:19,,,,,,135
135,Steph Brumpton & Jack Pace,ATHX BIRMINGHAM 2026,United Kingdom 🇬🇧,2026,Mixed,ATHX,MetCon X,,,16:19,,,,,,135
137,Karina Hastie & Leon Osborne,ATHX BIRMINGHAM 2026,United Kingdom 🇬🇧,2026,Mixed,ATHX,MetCon X,,,16:21,,,,,,137
138,Stephanie Van Der Velden & Louis Verite,ATHX BIRMINGHAM 2026,United Kingdom 🇬🇧,2026,Mixed,ATHX,MetCon X,,,16:26,,,,,,138
139,Ben Green & Ella Roddie,ATHX BIRMINGHAM 2026,United Kingdom 🇬🇧,2026,Mixed,ATHX,MetCon X,,,16:27,,,,,,139
140,Sam Stevens & Lisa Stevens,ATHX BIRMINGHAM 2026,United Kingdom 🇬🇧,2026,Mixed,ATHX,MetCon X,,,16:28,,,,,,140
140,Edina Green & Chris Mark Featherstone,ATHX BIRMINGHAM 2026,United Kingdom 🇬🇧,2026,Mixed,ATHX,MetCon X,,,16:28,,,,,,140
142,Paul Darroch & Elizabeth Darroch,ATHX BIRMINGHAM 2026,United Kingdom 🇬🇧,2026,Mixed,ATHX,MetCon X,,,16:29,,,,,,142
143,Arran Arogundade & Olivia Fletcher,ATHX BIRMINGHAM 2026,United Kingdom 🇬🇧,2026,Mixed,ATHX,MetCon X,,,16:30,,,,,,143
144,Jonathan Nixon & Helen Colton,ATHX BIRMINGHAM 2026,United Kingdom 🇬🇧,2026,Mixed,ATHX,MetCon X,,,16:32,,,,,,144
145,Jack Cowen & Hannah Hardy,ATHX BIRMINGHAM 2026,United Kingdom 🇬🇧,2026,Mixed,ATHX,MetCon X,,,16:38,,,,,,145
146,Emma Penn & James Penn,ATHX BIRMINGHAM 2026,United Kingdom 🇬🇧,2026,Mixed,ATHX,MetCon X,,,16:39,,,,,,146
147,Roxanne Galloway & Chris Galloway,ATHX BIRMINGHAM 2026,United Kingdom 🇬🇧,2026,Mixed,ATHX,MetCon X,,,16:40,,,,,,147
148,Charlotte Simm & Kieran Ashdown,ATHX BIRMINGHAM 2026,United Kingdom 🇬🇧,2026,Mixed,ATHX,MetCon X,,,16:41,,,,,,148
149,Anwen Hooson & Eryl Hooson,ATHX BIRMINGHAM 2026,United Kingdom 🇬🇧,2026,Mixed,ATHX,MetCon X,,,16:42,,,,,,149
149,Patrick Lewis & Lauren Lewis,ATHX BIRMINGHAM 2026,United Kingdom 🇬🇧,2026,Mixed,ATHX,MetCon X,,,16:42,,,,,,149
151,Fred Johnston & Lucie Griffiths,ATHX BIRMINGHAM 2026,United Kingdom 🇬🇧,2026,Mixed,ATHX,MetCon X,,,16:43,,,,,,151
152,Jessie Scraton & Casha Nijhawan,ATHX BIRMINGHAM 2026,United Kingdom 🇬🇧,2026,Mixed,ATHX,MetCon X,,,16:44,,,,,,152
152,Frances Bradley & David Fawcett,ATHX BIRMINGHAM 2026,United Kingdom 🇬🇧,2026,Mixed,ATHX,MetCon X,,,16:44,,,,,,152
154,Adam Sullivan & Jessca Sullivan,ATHX BIRMINGHAM 2026,United Kingdom 🇬🇧,2026,Mixed,ATHX,MetCon X,,,16:45,,,,,,154
155,Zhantelle Myburgh & Llewellyn Myburgh,ATHX BIRMINGHAM 2026,United Kingdom 🇬🇧,2026,Mixed,ATHX,MetCon X,,,16:52,,,,,,155
155,Emma Bryan & Josh Clark,ATHX BIRMINGHAM 2026,United Kingdom 🇬🇧,2026,Mixed,ATHX,MetCon X,,,16:52,,,,,,155
157,Jemma Loader & Callum Strickland,ATHX BIRMINGHAM 2026,United Kingdom 🇬🇧,2026,Mixed,ATHX,MetCon X,,,16:53,,,,,,157
157,Charlie Adler & David Baird,ATHX BIRMINGHAM 2026,United Kingdom 🇬🇧,2026,Mixed,ATHX,MetCon X,,,16:53,,,,,,157
159,Isabella de Camargo Nigro & Derek Marão,ATHX BIRMINGHAM 2026,United Kingdom 🇬🇧,2026,Mixed,ATHX,MetCon X,,,16:54,,,,,,159
160,Martin Browning & Laura Thomas,ATHX BIRMINGHAM 2026,United Kingdom 🇬🇧,2026,Mixed,ATHX,MetCon X,,,16:56,,,,,,160
161,Mark Drewett-nation & Kayleigh Ball,ATHX BIRMINGHAM 2026,United Kingdom 🇬🇧,2026,Mixed,ATHX,MetCon X,,,16:58,,,,,,161
161,Jack Longton & Polly Iddon,ATHX BIRMINGHAM 2026,United Kingdom 🇬🇧,2026,Mixed,ATHX,MetCon X,,,16:58,,,,,,161
163,Thomas Hamlyn Williams & Kathryn Benjamin,ATHX BIRMINGHAM 2026,United Kingdom 🇬🇧,2026,Mixed,ATHX,MetCon X,,,16:59,,,,,,163
164,Katie Hellier & Stewart Hellier,ATHX BIRMINGHAM 2026,United Kingdom 🇬🇧,2026,Mixed,ATHX,MetCon X,,,17:00,,,,,,164
165,Liam Healy & Sally Healy,ATHX BIRMINGHAM 2026,United Kingdom 🇬🇧,2026,Mixed,ATHX,MetCon X,,,17:02,,,,,,165
166,Brooklyn Gibbons & Dannii Bethell,ATHX BIRMINGHAM 2026,United Kingdom 🇬🇧,2026,Mixed,ATHX,MetCon X,,,17:03,,,,,,166
167,Rebecca Scott & Matt Keyte,ATHX BIRMINGHAM 2026,United Kingdom 🇬🇧,2026,Mixed,ATHX,MetCon X,,,17:06,,,,,,167
168,Ryan Harrison & Olivia Harrison,ATHX BIRMINGHAM 2026,United Kingdom 🇬🇧,2026,Mixed,ATHX,MetCon X,,,17:09,,,,,,168
168,Christopher Reynolds & Loulou Robson,ATHX BIRMINGHAM 2026,United Kingdom 🇬🇧,2026,Mixed,ATHX,MetCon X,,,17:09,,,,,,168
168,April Windebank & Jamie Everard,ATHX BIRMINGHAM 2026,United Kingdom 🇬🇧,2026,Mixed,ATHX,MetCon X,,,17:09,,,,,,168
171,Danielle Ally & Harry Newberry,ATHX BIRMINGHAM 2026,United Kingdom 🇬🇧,2026,Mixed,ATHX,MetCon X,,,17:11,,,,,,171
172,Andreas Schönborn & Stini Schoenborn,ATHX BIRMINGHAM 2026,United Kingdom 🇬🇧,2026,Mixed,ATHX,MetCon X,,,17:15,,,,,,172
173,Ellie Careswell & George Daly,ATHX BIRMINGHAM 2026,United Kingdom 🇬🇧,2026,Mixed,ATHX,MetCon X,,,17:17,,,,,,173
174,Matthew Armstrong & Sarah Armstrong,ATHX BIRMINGHAM 2026,United Kingdom 🇬🇧,2026,Mixed,ATHX,MetCon X,,,17:19,,,,,,174
175,Abby Dodd & Jay Isaac,ATHX BIRMINGHAM 2026,United Kingdom 🇬🇧,2026,Mixed,ATHX,MetCon X,,,17:20,,,,,,175
176,Jules Parker & Ed Scott-Dickins,ATHX BIRMINGHAM 2026,United Kingdom 🇬🇧,2026,Mixed,ATHX,MetCon X,,,17:22,,,,,,176
176,David Caldwell & Naomi Evans,ATHX BIRMINGHAM 2026,United Kingdom 🇬🇧,2026,Mixed,ATHX,MetCon X,,,17:22,,,,,,176
178,Lauren McNally & Kishan Patel,ATHX BIRMINGHAM 2026,United Kingdom 🇬🇧,2026,Mixed,ATHX,MetCon X,,,17:26,,,,,,178
179,Sally Shareef & Tom Williams,ATHX BIRMINGHAM 2026,United Kingdom 🇬🇧,2026,Mixed,ATHX,MetCon X,,,17:27,,,,,,179
180,Tamsin Mockler & Alastair White,ATHX BIRMINGHAM 2026,United Kingdom 🇬🇧,2026,Mixed,ATHX,MetCon X,,,17:28,,,,,,180
180,Jade Barsby & Ben Jones,ATHX BIRMINGHAM 2026,United Kingdom 🇬🇧,2026,Mixed,ATHX,MetCon X,,,17:28,,,,,,180
182,Donna Conlon-Jones & Wayne Thomas,ATHX BIRMINGHAM 2026,United Kingdom 🇬🇧,2026,Mixed,ATHX,MetCon X,,,17:31,,,,,,182
183,Jake Flint & Amy Lowe,ATHX BIRMINGHAM 2026,United Kingdom 🇬🇧,2026,Mixed,ATHX,MetCon X,,,17:33,,,,,,183
184,Molly Bridson & Fraser McPhearson,ATHX BIRMINGHAM 2026,United Kingdom 🇬🇧,2026,Mixed,ATHX,MetCon X,,,17:34,,,,,,184
185,Catherine Hickey & Tom McGuinness,ATHX BIRMINGHAM 2026,United Kingdom 🇬🇧,2026,Mixed,ATHX,MetCon X,,,17:35,,,,,,185
185,Eleanor Ferris & Ben Ferris,ATHX BIRMINGHAM 2026,United Kingdom 🇬🇧,2026,Mixed,ATHX,MetCon X,,,17:35,,,,,,185
187,Francesca Hibbins & Joshua Dadd,ATHX BIRMINGHAM 2026,United Kingdom 🇬🇧,2026,Mixed,ATHX,MetCon X,,,17:37,,,,,,187
188,Nicolas OTT & Rénate SCHEUER,ATHX BIRMINGHAM 2026,United Kingdom 🇬🇧,2026,Mixed,ATHX,MetCon X,,,17:38,,,,,,188
188,Gemma Sinclair & Scott Sinclair,ATHX BIRMINGHAM 2026,United Kingdom 🇬🇧,2026,Mixed,ATHX,MetCon X,,,17:38,,,,,,188
190,Alice Pennington & Phil Pennington,ATHX BIRMINGHAM 2026,United Kingdom 🇬🇧,2026,Mixed,ATHX,MetCon X,,,17:40,,,,,,190
191,Catherine Fenton & Scott Fenton,ATHX BIRMINGHAM 2026,United Kingdom 🇬🇧,2026,Mixed,ATHX,MetCon X,,,17:41,,,,,,191
192,Siobhan Cullern & Rob Najair,ATHX BIRMINGHAM 2026,United Kingdom 🇬🇧,2026,Mixed,ATHX,MetCon X,,,17:43,,,,,,192
192,Kat Gill & Charlie Gill,ATHX BIRMINGHAM 2026,United Kingdom 🇬🇧,2026,Mixed,ATHX,MetCon X,,,17:43,,,,,,192
194,Jo Gore & Kai Gore,ATHX BIRMINGHAM 2026,United Kingdom 🇬🇧,2026,Mixed,ATHX,MetCon X,,,17:48,,,,,,194
195,Mark Vicary & Laura Vicary,ATHX BIRMINGHAM 2026,United Kingdom 🇬🇧,2026,Mixed,ATHX,MetCon X,,,17:54,,,,,,195
195,Emma Sharp & Aaron Lloyd,ATHX BIRMINGHAM 2026,United Kingdom 🇬🇧,2026,Mixed,ATHX,MetCon X,,,17:54,,,,,,195
197,James Woodhouse & Jodie Stanhope,ATHX BIRMINGHAM 2026,United Kingdom 🇬🇧,2026,Mixed,ATHX,MetCon X,,,17:55,,,,,,197
197,John Piedad & Gemma Pope,ATHX BIRMINGHAM 2026,United Kingdom 🇬🇧,2026,Mixed,ATHX,MetCon X,,,17:55,,,,,,197
199,Kirstie Pritchard & Craig Pritchard,ATHX BIRMINGHAM 2026,United Kingdom 🇬🇧,2026,Mixed,ATHX,MetCon X,,,18:00,,,,,,199
200,Jason Harris & Bonnie Walton,ATHX BIRMINGHAM 2026,United Kingdom 🇬🇧,2026,Mixed,ATHX,MetCon X,,,18:05,,,,,,200
201,Cameron Gilray & Tiana Webster,ATHX BIRMINGHAM 2026,United Kingdom 🇬🇧,2026,Mixed,ATHX,MetCon X,,,18:06,,,,,,201
202,Rosa Lenders & Nicholas Mills,ATHX BIRMINGHAM 2026,United Kingdom 🇬🇧,2026,Mixed,ATHX,MetCon X,,,18:10,,,,,,202
203,Michaela Pugh & mike Hoare,ATHX BIRMINGHAM 2026,United Kingdom 🇬🇧,2026,Mixed,ATHX,MetCon X,,,18:11,,,,,,203
203,Isabel  Simpson & Josh Sett,ATHX BIRMINGHAM 2026,United Kingdom 🇬🇧,2026,Mixed,ATHX,MetCon X,,,18:11,,,,,,203
205,Zoe Prior & Lee Prior,ATHX BIRMINGHAM 2026,United Kingdom 🇬🇧,2026,Mixed,ATHX,MetCon X,,,18:15,,,,,,205
206,Caleb Kenneford & Nichapat Pukdee,ATHX BIRMINGHAM 2026,United Kingdom 🇬🇧,2026,Mixed,ATHX,MetCon X,,,18:16,,,,,,206
207,Joe Ward & Katie Newton,ATHX BIRMINGHAM 2026,United Kingdom 🇬🇧,2026,Mixed,ATHX,MetCon X,,,18:17,,,,,,207
208,Ben Whitworth & Lucy Bishop,ATHX BIRMINGHAM 2026,United Kingdom 🇬🇧,2026,Mixed,ATHX,MetCon X,,,18:18,,,,,,208
209,Shangari Livesey & Joe Livesey,ATHX BIRMINGHAM 2026,United Kingdom 🇬🇧,2026,Mixed,ATHX,MetCon X,,,18:19,,,,,,209
210,Tamsin Copland & Tommi Beales,ATHX BIRMINGHAM 2026,United Kingdom 🇬🇧,2026,Mixed,ATHX,MetCon X,,,18:23,,,,,,210
211,Rosli King & Charlie Gregory,ATHX BIRMINGHAM 2026,United Kingdom 🇬🇧,2026,Mixed,ATHX,MetCon X,,,18:25,,,,,,211
212,Michele Davies & Owen Davies,ATHX BIRMINGHAM 2026,United Kingdom 🇬🇧,2026,Mixed,ATHX,MetCon X,,,18:26,,,,,,212
212,Ricky McDonald & Laura Grundy,ATHX BIRMINGHAM 2026,United Kingdom 🇬🇧,2026,Mixed,ATHX,MetCon X,,,18:26,,,,,,212
212,Ryan  Payne & Sasha Weaver,ATHX BIRMINGHAM 2026,United Kingdom 🇬🇧,2026,Mixed,ATHX,MetCon X,,,18:26,,,,,,212
215,Ian Kelly & Ali Taylor,ATHX BIRMINGHAM 2026,United Kingdom 🇬🇧,2026,Mixed,ATHX,MetCon X,,,18:37,,,,,,215
216,Charlotte Bradley & Rich Kerr,ATHX BIRMINGHAM 2026,United Kingdom 🇬🇧,2026,Mixed,ATHX,MetCon X,,,18:40,,,,,,216
217,Scarlett Parker & Jaco Cloete,ATHX BIRMINGHAM 2026,United Kingdom 🇬🇧,2026,Mixed,ATHX,MetCon X,,,18:42,,,,,,217
218,Jay Johnson & Kali Jack,ATHX BIRMINGHAM 2026,United Kingdom 🇬🇧,2026,Mixed,ATHX,MetCon X,,,18:49,,,,,,218
219,Kate Livesey & Ben Morgan,ATHX BIRMINGHAM 2026,United Kingdom 🇬🇧,2026,Mixed,ATHX,MetCon X,,,18:52,,,,,,219
219,Tyne Grant & Noel Spilker,ATHX BIRMINGHAM 2026,United Kingdom 🇬🇧,2026,Mixed,ATHX,MetCon X,,,18:52,,,,,,219
221,Nick Locke & Helen Brawn,ATHX BIRMINGHAM 2026,United Kingdom 🇬🇧,2026,Mixed,ATHX,MetCon X,,,18:55,,,,,,221
221,Eleanor Bobeszko & Tom Bobeszko,ATHX BIRMINGHAM 2026,United Kingdom 🇬🇧,2026,Mixed,ATHX,MetCon X,,,18:55,,,,,,221
223,Lucy Booth & Dave Stevenson,ATHX BIRMINGHAM 2026,United Kingdom 🇬🇧,2026,Mixed,ATHX,MetCon X,,,18:57,,,,,,223
224,Andrew waldock & Lindsay Charlson,ATHX BIRMINGHAM 2026,United Kingdom 🇬🇧,2026,Mixed,ATHX,MetCon X,,,18:58,,,,,,224
225,Christy Fitzpatrick & Carl Thomas,ATHX BIRMINGHAM 2026,United Kingdom 🇬🇧,2026,Mixed,ATHX,MetCon X,,,19:01,,,,,,225
226,Amelia Watson & Nathan Watson,ATHX BIRMINGHAM 2026,United Kingdom 🇬🇧,2026,Mixed,ATHX,MetCon X,,,19:13,,,,,,226
226,Karl Marshall & Victoria Green,ATHX BIRMINGHAM 2026,United Kingdom 🇬🇧,2026,Mixed,ATHX,MetCon X,,,19:13,,,,,,226
228,gordon mills & Amber Mills,ATHX BIRMINGHAM 2026,United Kingdom 🇬🇧,2026,Mixed,ATHX,MetCon X,,,19:15,,,,,,228
228,Louisa Ward & Matt Stone,ATHX BIRMINGHAM 2026,United Kingdom 🇬🇧,2026,Mixed,ATHX,MetCon X,,,19:15,,,,,,228
230,millie newey & Alex Newey,ATHX BIRMINGHAM 2026,United Kingdom 🇬🇧,2026,Mixed,ATHX,MetCon X,,,19:16,,,,,,230
231,Chris Warren & Rachel Houghton,ATHX BIRMINGHAM 2026,United Kingdom 🇬🇧,2026,Mixed,ATHX,MetCon X,,,19:17,,,,,,231
232,Aoife Garvey & Andrew Mcellistrim,ATHX BIRMINGHAM 2026,United Kingdom 🇬🇧,2026,Mixed,ATHX,MetCon X,,,19:18,,,,,,232
233,Alison Delucis & Roberto Delucis,ATHX BIRMINGHAM 2026,United Kingdom 🇬🇧,2026,Mixed,ATHX,MetCon X,,,19:26,,,,,,233
234,james booth & Victoria Booth,ATHX BIRMINGHAM 2026,United Kingdom 🇬🇧,2026,Mixed,ATHX,MetCon X,,,19:29,,,,,,234
235,Andrew Illingworth-turner & Kellylee Illingworth-turner,ATHX BIRMINGHAM 2026,United Kingdom 🇬🇧,2026,Mixed,ATHX,MetCon X,,,19:31,,,,,,235
236,Mark Winnock & Puichi Hau,ATHX BIRMINGHAM 2026,United Kingdom 🇬🇧,2026,Mixed,ATHX,MetCon X,,,19:33,,,,,,236
237,Phil Shuard & Ali Lester,ATHX BIRMINGHAM 2026,United Kingdom 🇬🇧,2026,Mixed,ATHX,MetCon X,,,19:36,,,,,,237
237,Simon Huntley & Dawn Huntley,ATHX BIRMINGHAM 2026,United Kingdom 🇬🇧,2026,Mixed,ATHX,MetCon X,,,19:36,,,,,,237
239,Glen Waddell & Lacey Regan,ATHX BIRMINGHAM 2026,United Kingdom 🇬🇧,2026,Mixed,ATHX,MetCon X,,,19:39,,,,,,239
240,Georgia Smith & Jack Smith,ATHX BIRMINGHAM 2026,United Kingdom 🇬🇧,2026,Mixed,ATHX,MetCon X,,,19:43,,,,,,240
241,Callum Brown & Steph Parsons,ATHX BIRMINGHAM 2026,United Kingdom 🇬🇧,2026,Mixed,ATHX,MetCon X,,,19:59,,,,,,241
242,Chante Jones & Chris Jones,ATHX BIRMINGHAM 2026,United Kingdom 🇬🇧,2026,Mixed,ATHX,MetCon X,,,20:01,,,,,,242
243,emma Johnston & Glyn Johnston,ATHX BIRMINGHAM 2026,United Kingdom 🇬🇧,2026,Mixed,ATHX,MetCon X,,,20:06,,,,,,243
244,NATASHA JONES & James Phipps,ATHX BIRMINGHAM 2026,United Kingdom 🇬🇧,2026,Mixed,ATHX,MetCon X,,,20:15,,,,,,244
245,Liz Dyson & Kallum Dyson,ATHX BIRMINGHAM 2026,United Kingdom 🇬🇧,2026,Mixed,ATHX,MetCon X,,,20:26,,,,,,245
246,Nieve Oakman & Ben Upton,ATHX BIRMINGHAM 2026,United Kingdom 🇬🇧,2026,Mixed,ATHX,MetCon X,,,20:39,,,,,,246
247,Angelo Joseph & Rachel Farrow,ATHX BIRMINGHAM 2026,United Kingdom 🇬🇧,2026,Mixed,ATHX,MetCon X,,,20:41,,,,,,247
248,Helen Boffy & Matt Boffy,ATHX BIRMINGHAM 2026,United Kingdom 🇬🇧,2026,Mixed,ATHX,MetCon X,,,20:48,,,,,,248
249,Maha Belefquih & Samuel Augustine,ATHX BIRMINGHAM 2026,United Kingdom 🇬🇧,2026,Mixed,ATHX,MetCon X,,,20:54,,,,,,249
250,Elaine Forth & Jermaine Skeen,ATHX BIRMINGHAM 2026,United Kingdom 🇬🇧,2026,Mixed,ATHX,MetCon X,,,20:55,,,,,,250
250,Donna Lewis & Atarhe Igbesoko,ATHX BIRMINGHAM 2026,United Kingdom 🇬🇧,2026,Mixed,ATHX,MetCon X,,,20:55,,,,,,250
250,Nic Seeney & Greg Day,ATHX BIRMINGHAM 2026,United Kingdom 🇬🇧,2026,Mixed,ATHX,MetCon X,,,20:55,,,,,,250
253,Tom Coldham & Claire Coldham,ATHX BIRMINGHAM 2026,United Kingdom 🇬🇧,2026,Mixed,ATHX,MetCon X,,,21:16,,,,,,253
254,Andrew Kings & Frances Kings-Thompson,ATHX BIRMINGHAM 2026,United Kingdom 🇬🇧,2026,Mixed,ATHX,MetCon X,,,21:23,,,,,,254
255,Jade Foot & Lucas Oliveira,ATHX BIRMINGHAM 2026,United Kingdom 🇬🇧,2026,Mixed,ATHX,MetCon X,,,21:29,,,,,,255
256,Sara-Jane Larner & Philip Brackley,ATHX BIRMINGHAM 2026,United Kingdom 🇬🇧,2026,Mixed,ATHX,MetCon X,,,21:38,,,,,,256
257,Lila Robinson & Ross Bray,ATHX BIRMINGHAM 2026,United Kingdom 🇬🇧,2026,Mixed,ATHX,MetCon X,,,21:39,,,,,,257
258,Emma Thistleton & Larry Wells,ATHX BIRMINGHAM 2026,United Kingdom 🇬🇧,2026,Mixed,ATHX,MetCon X,,,21:41,,,,,,258
258,Abbie  Hudson & Jahan Asadi,ATHX BIRMINGHAM 2026,United Kingdom 🇬🇧,2026,Mixed,ATHX,MetCon X,,,21:41,,,,,,258
260,Joe Charlton & Ellen Morley,ATHX BIRMINGHAM 2026,United Kingdom 🇬🇧,2026,Mixed,ATHX,MetCon X,,,21:52,,,,,,260
261,Ryan Earnshaw & Chloe Griffin,ATHX BIRMINGHAM 2026,United Kingdom 🇬🇧,2026,Mixed,ATHX,MetCon X,,,21:54,,,,,,261
262,Emma Cato & Baz Cato,ATHX BIRMINGHAM 2026,United Kingdom 🇬🇧,2026,Mixed,ATHX,MetCon X,,,21:59,,,,,,262
263,Jorge Garcia & Barbara Jimenez,ATHX BIRMINGHAM 2026,United Kingdom 🇬🇧,2026,Mixed,ATHX,MetCon X,,,22:03,,,,,,263
264,Charlie Harris & Josephine Farrelly,ATHX BIRMINGHAM 2026,United Kingdom 🇬🇧,2026,Mixed,ATHX,MetCon X,,,22:20,,,,,,264
265,Andrea Coley & Jonny Goggs,ATHX BIRMINGHAM 2026,United Kingdom 🇬🇧,2026,Mixed,ATHX,MetCon X,,,22:43,,,,,,265
266,Laura Turner & Felix Turner,ATHX BIRMINGHAM 2026,United Kingdom 🇬🇧,2026,Mixed,ATHX,MetCon X,,,22:47,,,,,,266
267,Emma Waller & Tom Wilson,ATHX BIRMINGHAM 2026,United Kingdom 🇬🇧,2026,Mixed,ATHX,MetCon X,,,22:57,,,,,,267
268,Jaya Rehan & Joseph Fox,ATHX BIRMINGHAM 2026,United Kingdom 🇬🇧,2026,Mixed,ATHX,MetCon X,,,22:59,,,,,,268
269,Malgorzata Duzyk & Francisco Almeida,ATHX BIRMINGHAM 2026,United Kingdom 🇬🇧,2026,Mixed,ATHX,MetCon X,,,23:11,,,,,,269
270,Kate Williams & Shaun Allen,ATHX BIRMINGHAM 2026,United Kingdom 🇬🇧,2026,Mixed,ATHX,MetCon X,,,23:12,,,,,,270
271,Natalie Depledge & Adam Depledge,ATHX BIRMINGHAM 2026,United Kingdom 🇬🇧,2026,Mixed,ATHX,MetCon X,,,23:32,,,,,,271
272,Amina Jan & Levi Brown,ATHX BIRMINGHAM 2026,United Kingdom 🇬🇧,2026,Mixed,ATHX,MetCon X,,,24:20,,,,,,272
273,Lauren Hunt & Oliver Wright,ATHX BIRMINGHAM 2026,United Kingdom 🇬🇧,2026,Mixed,ATHX,MetCon X,,,24:37,,,,,,273
274,Brad Atwill & Ella McFall,ATHX BIRMINGHAM 2026,United Kingdom 🇬🇧,2026,Mixed,ATHX,MetCon X,,,25:03,,,,,,274
275,Kelvin St.Pierre Robson & VIRGINIE Harris,ATHX BIRMINGHAM 2026,United Kingdom 🇬🇧,2026,Mixed,ATHX,MetCon X,,,25:15,,,,,,275
276,Louise Griffiths & Ryan Griffiths,ATHX BIRMINGHAM 2026,United Kingdom 🇬🇧,2026,Mixed,ATHX,MetCon X,,,25:47,,,,,,276
