rank,first_name,last_name,full_name,gender,nationality,gym_name,profile_photo_url,event,country,year,division,event_category,workout_filter,Strength,Endurance,MetCon X,1RM Strict Press,3RM Back Squat,5RM Deadlift,Run,Row,Points
1,Nikoletta,Dimera,Nikoletta Dimera,Female,Greece,23crew_gnl,https://ui-avatars.com/api/?name=N+D&color=FFFFFF&background=000000,ATHX BARCELONA 2026,Spain 🇪🇸,2026,Female,ATHX,Overall,7 (272KG),13 (4.324KM),1 (07:30),,,,,,21
2,Babett,Groholy,Babett Groholy,Female,Hungary,Crossfit Aarau,https://athxgames.com/storage/profile-photos/tGRUfZBngz6ZQYhZ42DglnSTb3zFepVQqsf4nDLK.jpg,ATHX BARCELONA 2026,Spain 🇪🇸,2026,Female,ATHX,Overall,25 (250KG),2 (4.628KM),3 (09:15),,,,,,30
3,Milou,van Beek,Milou van Beek,Female,Netherlands,La Colmena CrossFit,https://athxgames.com/storage/profile-photos/EzxjnGgz2VN3lwiWMpIAkPjJsYqWnYwy02Awfr4n.jpg,ATHX MADRID 2026,Spain 🇪🇸,2026,Female,ATHX,Overall,25 (250KG),3 (4.604KM),4 (09:24),,,,,,32
4,Andrea,Candon Chapado,Andrea Candon Chapado,Female,Spain,NGU CROSSFIT,https://athxgames.com/storage/profile-photos/lWqDiCtdsCtrHcFKemZvRtIg8QhPTnNCcNWGaLp6.jpg,ATHX MADRID 2026,Spain 🇪🇸,2026,Female,ATHX,Overall,15 (260KG),10 (4.445KM),11 (10:21),,,,,,36
5,Maude,Dessart,Maude Dessart,Female,Belgium,,https://athxgames.com/storage/profile-photos/yMtKOJrNRXOzmMZQYBolBafNuj7T3pKQPOp8krYm.jpg,ATHX BARCELONA 2026,Spain 🇪🇸,2026,Female,ATHX,Overall,17 (254KG),14 (4.309KM),8 (10:13),,,,,,39
6,Luca,Bakos,Luca Bakos,Female,,,https://ui-avatars.com/api/?name=L+B&color=FFFFFF&background=000000,ATHX BARCELONA 2026,Spain 🇪🇸,2026,Female,ATHX,Overall,1 (319KG),34 (4.142KM),9 (10:16),,,,,,44
7,Estelle,Letellier,Estelle Letellier,Female,France,,https://ui-avatars.com/api/?name=E+L&color=FFFFFF&background=000000,ATHX BARCELONA 2026,Spain 🇪🇸,2026,Female,ATHX,Overall,2 (308KG),26 (4.198KM),18 (10:40),,,,,,46
8,Lorrie,Robertson,Lorrie Robertson,Female,,,https://ui-avatars.com/api/?name=L+R&color=FFFFFF&background=000000,ATHX BARCELONA 2026,Spain 🇪🇸,2026,Female,ATHX,Overall,8 (268KG),26 (4.198KM),15 (10:31),,,,,,49
9,NIEVES,GARCIA GARCIA,NIEVES GARCIA GARCIA,Female,Spain,BRAVO TRAINING,https://ui-avatars.com/api/?name=N+G+G&color=FFFFFF&background=000000,ATHX MADRID 2026,Spain 🇪🇸,2026,Female,ATHX,Overall,18 (252KG),12 (4.346KM),21 (10:50),,,,,,51
10,Bianca,Sierra,Bianca Sierra,Female,Mexico,,https://athxgames.com/storage/profile-photos/6cKChlM90xpVaBQZm195Q2EQwMwDaTeIBxst4hxQ.jpg,ATHX MADRID 2026,Spain 🇪🇸,2026,Female,ATHX,Overall,38 (236KG),1 (4.864KM),14 (10:30),,,,,,53
11,Sara,Brusco,Sara Brusco,Female,Italy,Sara Brusco,https://ui-avatars.com/api/?name=S+B&color=FFFFFF&background=000000,ATHX MADRID 2026,Spain 🇪🇸,2026,Female,ATHX,Overall,45 (231KG),5 (4.57KM),6 (09:35),,,,,,56
12,Lorrie,Robertson,Lorrie Robertson,Female,,,https://ui-avatars.com/api/?name=L+R&color=FFFFFF&background=000000,ATHX MADRID 2026,Spain 🇪🇸,2026,Female,ATHX,Overall,14 (262KG),24 (4.215KM),19 (10:46),,,,,,57
12,Chloe,Coote,Chloe Coote,Female,,,https://ui-avatars.com/api/?name=C+C&color=FFFFFF&background=000000,ATHX BARCELONA 2026,Spain 🇪🇸,2026,Female,ATHX,Overall,18 (252KG),29 (4.195KM),10 (10:19),,,,,,57
14,Holly,Earl,Holly Earl,Female,,,https://ui-avatars.com/api/?name=H+E&color=FFFFFF&background=000000,ATHX BARCELONA 2026,Spain 🇪🇸,2026,Female,ATHX,Overall,28 (248KG),15 (4.303KM),19 (10:46),,,,,,62
15,Alba,Pereira Cotano,Alba Pereira Cotano,Female,,,https://ui-avatars.com/api/?name=A+P+C&color=FFFFFF&background=000000,ATHX MADRID 2026,Spain 🇪🇸,2026,Female,ATHX,Overall,18 (252KG),18 (4.265KM),27 (11:11),,,,,,63
16,Martina,Ghigo,Martina Ghigo,Female,,,https://ui-avatars.com/api/?name=M+G&color=FFFFFF&background=000000,ATHX BARCELONA 2026,Spain 🇪🇸,2026,Female,ATHX,Overall,16 (256KG),22 (4.229KM),29 (11:21),,,,,,67
17,Camila,De la peña,Camila De la peña,Female,,,https://ui-avatars.com/api/?name=C+D+l+p&color=FFFFFF&background=000000,ATHX BARCELONA 2026,Spain 🇪🇸,2026,Female,ATHX,Overall,63 (215KG),6 (4.53KM),2 (09:13),,,,,,71
18,DILETA,GUOGAITE,DILETA GUOGAITE,Female,Lithuania,,https://ui-avatars.com/api/?name=D+G&color=FFFFFF&background=000000,ATHX MADRID 2026,Spain 🇪🇸,2026,Female,ATHX,Overall,44 (232KG),17 (4.271KM),12 (10:27),,,,,,73
18,LHENRY,Marine,LHENRY Marine,Female,France,,https://ui-avatars.com/api/?name=L+M&color=FFFFFF&background=000000,ATHX BARCELONA 2026,Spain 🇪🇸,2026,Female,ATHX,Overall,61 (217KG),7 (4.529KM),5 (09:26),,,,,,73
20,Camilla,Rossi,Camilla Rossi,Female,,,https://ui-avatars.com/api/?name=C+R&color=FFFFFF&background=000000,ATHX BARCELONA 2026,Spain 🇪🇸,2026,Female,ATHX,Overall,13 (263KG),41 (4.07KM),23 (10:59),,,,,,77
21,Inês,Pereira,Inês Pereira,Female,,,https://ui-avatars.com/api/?name=I+P&color=FFFFFF&background=000000,ATHX BARCELONA 2026,Spain 🇪🇸,2026,Female,ATHX,Overall,22 (251KG),43 (4.063KM),13 (10:29),,,,,,78
22,Ellie,Meads,Ellie Meads,Female,United Kingdom,,https://ui-avatars.com/api/?name=E+M&color=FFFFFF&background=000000,ATHX MADRID 2026,Spain 🇪🇸,2026,Female,ATHX,Overall,3 (305KG),39 (4.096KM),38 (11:49),,,,,,80
22,Laura,Mota López,Laura Mota López,Female,,,https://ui-avatars.com/api/?name=L+M+L&color=FFFFFF&background=000000,ATHX MADRID 2026,Spain 🇪🇸,2026,Female,ATHX,Overall,6 (279KG),30 (4.189KM),44 (12:06),,,,,,80
24,Lila,B,Lila B,Female,,,https://ui-avatars.com/api/?name=L+B&color=FFFFFF&background=000000,ATHX MADRID 2026,Spain 🇪🇸,2026,Female,ATHX,Overall,22 (251KG),37 (4.114KM),24 (11:09),,,,,,83
25,Kitan,Eleyae-Tennent,Kitan Eleyae-Tennent,Female,,,https://ui-avatars.com/api/?name=K+E&color=FFFFFF&background=000000,ATHX BARCELONA 2026,Spain 🇪🇸,2026,Female,ATHX,Overall,5 (289KG),56 (3.905KM),27 (11:11),,,,,,88
26,Ana,De la Rosa Casado,Ana De la Rosa Casado,Female,,,https://ui-avatars.com/api/?name=A+D+l+R+C&color=FFFFFF&background=000000,ATHX MADRID 2026,Spain 🇪🇸,2026,Female,ATHX,Overall,35 (240KG),35 (4.123KM),22 (10:56),,,,,,92
27,Justine,Fauchier,Justine Fauchier,Female,,,https://ui-avatars.com/api/?name=J+F&color=FFFFFF&background=000000,ATHX BARCELONA 2026,Spain 🇪🇸,2026,Female,ATHX,Overall,28 (248KG),32 (4.156KM),34 (11:38),,,,,,94
28,María Daniela,Alcaza,María Daniela Alcaza,Female,Argentina,,https://ui-avatars.com/api/?name=M+D+A&color=FFFFFF&background=000000,ATHX BARCELONA 2026,Spain 🇪🇸,2026,Female,ATHX,Overall,45 (231KG),25 (4.206KM),25 (11:10),,,,,,95
29,Johanna,König,Johanna König,Female,,,https://ui-avatars.com/api/?name=J+K&color=FFFFFF&background=000000,ATHX BARCELONA 2026,Spain 🇪🇸,2026,Female,ATHX,Overall,12 (264KG),46 (3.998KM),39 (11:52),,,,,,97
30,Katie,Main,Katie Main,Female,,,https://ui-avatars.com/api/?name=K+M&color=FFFFFF&background=000000,ATHX BARCELONA 2026,Spain 🇪🇸,2026,Female,ATHX,Overall,83 (187KG),8 (4.522KM),7 (09:57),,,,,,98
31,Andrea,Verde,Andrea Verde,Female,,,https://ui-avatars.com/api/?name=A+V&color=FFFFFF&background=000000,ATHX MADRID 2026,Spain 🇪🇸,2026,Female,ATHX,Overall,58 (218KG),9 (4.45KM),34 (11:38),,,,,,101
32,Irati,Murua,Irati Murua,Female,Spain,Crossfit gasteiz,https://ui-avatars.com/api/?name=I+M&color=FFFFFF&background=000000,ATHX BARCELONA 2026,Spain 🇪🇸,2026,Female,ATHX,Overall,47 (229KG),42 (4.065KM),16 (10:34),,,,,,105
33,Lara,Muñoz,Lara Muñoz,Female,,,https://ui-avatars.com/api/?name=L+M&color=FFFFFF&background=000000,ATHX MADRID 2026,Spain 🇪🇸,2026,Female,ATHX,Overall,53 (225KG),23 (4.217KM),31 (11:29),,,,,,107
34,Sabrina,Zumbuehl,Sabrina Zumbuehl,Female,Switzerland,,https://ui-avatars.com/api/?name=S+Z&color=FFFFFF&background=000000,ATHX MADRID 2026,Spain 🇪🇸,2026,Female,ATHX,Overall,18 (252KG),55 (3.91KM),36 (11:41),,,,,,109
35,Adriane,Martin,Adriane Martin,Female,Austria,,https://ui-avatars.com/api/?name=A+M&color=FFFFFF&background=000000,ATHX BARCELONA 2026,Spain 🇪🇸,2026,Female,ATHX,Overall,36 (238KG),21 (4.242KM),55 (13:04),,,,,,112
36,Yasmin Scalco Silveira ,Cavalcant,Yasmin Scalco Silveira  Cavalcant,Female,,,https://ui-avatars.com/api/?name=Y+S+S++C&color=FFFFFF&background=000000,ATHX BARCELONA 2026,Spain 🇪🇸,2026,Female,ATHX,Overall,39 (235KG),44 (4.05KM),30 (11:27),,,,,,113
37,Jana,Rathje,Jana Rathje,Female,Germany,,https://athxgames.com/storage/profile-photos/cfIfzXpS2o00iK2qewW2kC4hFZfdri69d3UQY5wq.jpg,ATHX MADRID 2026,Spain 🇪🇸,2026,Female,ATHX,Overall,30 (247KG),48 (3.985KM),36 (11:41),,,,,,114
38,Giulia,Delle Monache,Giulia Delle Monache,Female,,,https://ui-avatars.com/api/?name=G+D+M&color=FFFFFF&background=000000,ATHX BARCELONA 2026,Spain 🇪🇸,2026,Female,ATHX,Overall,41 (234KG),33 (4.145KM),41 (11:57),,,,,,115
39,Clara María,Vázquez López,Clara María Vázquez López,Female,,,https://ui-avatars.com/api/?name=C+M+V+L&color=FFFFFF&background=000000,ATHX MADRID 2026,Spain 🇪🇸,2026,Female,ATHX,Overall,36 (238KG),35 (4.123KM),45 (12:13),,,,,,116
40,Luísa,Mesquita,Luísa Mesquita,Female,Portugal,Crossfit Mondego,https://ui-avatars.com/api/?name=L+M&color=FFFFFF&background=000000,ATHX MADRID 2026,Spain 🇪🇸,2026,Female,ATHX,Overall,75 (198KG),19 (4.263KM),25 (11:10),,,,,,119
41,Isabella,Steains,Isabella Steains,Female,,,https://ui-avatars.com/api/?name=I+S&color=FFFFFF&background=000000,ATHX MADRID 2026,Spain 🇪🇸,2026,Female,ATHX,Overall,79 (191KG),4 (4.589KM),41 (11:57),,,,,,124
42,Aline,Moreau,Aline Moreau,Female,,,https://ui-avatars.com/api/?name=A+M&color=FFFFFF&background=000000,ATHX BARCELONA 2026,Spain 🇪🇸,2026,Female,ATHX,Overall,102 (160KG),11 (4.415KM),17 (10:38),,,,,,130
43,Leanne,Mcveigh,Leanne Mcveigh,Female,,GPN Gyms,https://ui-avatars.com/api/?name=L+M&color=FFFFFF&background=000000,ATHX MADRID 2026,Spain 🇪🇸,2026,Female,ATHX,Overall,10 (265KG),57 (3.9KM),73 (14:07),,,,,,140
44,Lucy,O Sullivan,Lucy O Sullivan,Female,Ireland,CROSSFIT MEATH,https://ui-avatars.com/api/?name=L+O+S&color=FFFFFF&background=000000,ATHX BARCELONA 2026,Spain 🇪🇸,2026,Female,ATHX,Overall,9 (266KG),69 (3.762KM),64 (13:28),,,,,,142
45,Julia Christina,Hampel,Julia Christina Hampel,Female,,,https://ui-avatars.com/api/?name=J+C+H&color=FFFFFF&background=000000,ATHX BARCELONA 2026,Spain 🇪🇸,2026,Female,ATHX,Overall,32 (242KG),58 (3.899KM),56 (13:05),,,,,,146
46,Kathryn,Kerr,Kathryn Kerr,Female,,MVMT,https://ui-avatars.com/api/?name=K+K&color=FFFFFF&background=000000,ATHX MADRID 2026,Spain 🇪🇸,2026,Female,ATHX,Overall,56 (220KG),38 (4.104KM),54 (13:02),,,,,,148
47,Olivia,Hornung,Olivia Hornung,Female,,,https://ui-avatars.com/api/?name=O+H&color=FFFFFF&background=000000,ATHX MADRID 2026,Spain 🇪🇸,2026,Female,ATHX,Overall,73 (200KG),51 (3.965KM),31 (11:29),,,,,,155
48,Celia,Benito,Celia Benito,Female,,,https://ui-avatars.com/api/?name=C+B&color=FFFFFF&background=000000,ATHX MADRID 2026,Spain 🇪🇸,2026,Female,ATHX,Overall,48 (228KG),19 (4.263KM),91 (15:43),,,,,,158
49,Sumaty,Hernandez,Sumaty Hernandez,Female,,,https://ui-avatars.com/api/?name=S+H&color=FFFFFF&background=000000,ATHX BARCELONA 2026,Spain 🇪🇸,2026,Female,ATHX,Overall,22 (251KG),78 (3.712KM),59 (13:20),,,,,,159
50,Aliya,Chugani,Aliya Chugani,Female,,,https://ui-avatars.com/api/?name=A+C&color=FFFFFF&background=000000,ATHX BARCELONA 2026,Spain 🇪🇸,2026,Female,ATHX,Overall,94 (169KG),16 (4.29KM),52 (12:58),,,,,,162
50,Olivia,Hornung,Olivia Hornung,Female,,,https://ui-avatars.com/api/?name=O+H&color=FFFFFF&background=000000,ATHX BARCELONA 2026,Spain 🇪🇸,2026,Female,ATHX,Overall,72 (202KG),47 (3.996KM),43 (12:02),,,,,,162
52,Aurélie,Jacomme,Aurélie Jacomme,Female,,,https://ui-avatars.com/api/?name=A+J&color=FFFFFF&background=000000,ATHX MADRID 2026,Spain 🇪🇸,2026,Female,ATHX,Overall,52 (226KG),40 (4.081KM),71 (13:45),,,,,,163
53,Karolina,Gotowała,Karolina Gotowała,Female,Poland,Podziemia Hadesa,https://ui-avatars.com/api/?name=K+G&color=FFFFFF&background=000000,ATHX BARCELONA 2026,Spain 🇪🇸,2026,Female,ATHX,Overall,48 (228KG),71 (3.761KM),50 (12:30),,,,,,169
54,Mireia,Jover,Mireia Jover,Female,,,https://ui-avatars.com/api/?name=M+J&color=FFFFFF&background=000000,ATHX MADRID 2026,Spain 🇪🇸,2026,Female,ATHX,Overall,67 (212KG),59 (3.877KM),49 (12:28),,,,,,175
55,Aurélie,Jacomme,Aurélie Jacomme,Female,,,https://ui-avatars.com/api/?name=A+J&color=FFFFFF&background=000000,ATHX BARCELONA 2026,Spain 🇪🇸,2026,Female,ATHX,Overall,32 (242KG),72 (3.755KM),72 (14:05),,,,,,176
55,Elena,Lacatus,Elena Lacatus,Female,,,https://ui-avatars.com/api/?name=E+L&color=FFFFFF&background=000000,ATHX BARCELONA 2026,Spain 🇪🇸,2026,Female,ATHX,Overall,84 (185KG),45 (4.015KM),47 (12:20),,,,,,176
57,Claire,Agius Ordway,Claire Agius Ordway,Female,,,https://ui-avatars.com/api/?name=C+A+O&color=FFFFFF&background=000000,ATHX MADRID 2026,Spain 🇪🇸,2026,Female,ATHX,Overall,100 (161KG),31 (4.164KM),46 (12:17),,,,,,177
58,Ilina,Slaveykova,Ilina Slaveykova,Female,,,https://ui-avatars.com/api/?name=I+S&color=FFFFFF&background=000000,ATHX BARCELONA 2026,Spain 🇪🇸,2026,Female,ATHX,Overall,27 (249KG),89 (3.535KM),63 (13:27),,,,,,179
58,Joana,Ribeiro,Joana Ribeiro,Female,,,https://ui-avatars.com/api/?name=J+R&color=FFFFFF&background=000000,ATHX BARCELONA 2026,Spain 🇪🇸,2026,Female,ATHX,Overall,87 (180KG),52 (3.949KM),40 (11:54),,,,,,179
60,JULIA,VIVO HIDALGO,JULIA VIVO HIDALGO,Female,Spain,Laucala,https://ui-avatars.com/api/?name=J+V+H&color=FFFFFF&background=000000,ATHX MADRID 2026,Spain 🇪🇸,2026,Female,ATHX,Overall,77 (194KG),50 (3.968KM),53 (13:01),,,,,,180
61,Annie,Choquette,Annie Choquette,Female,,,https://ui-avatars.com/api/?name=A+C&color=FFFFFF&background=000000,ATHX MADRID 2026,Spain 🇪🇸,2026,Female,ATHX,Overall,61 (217KG),63 (3.785KM),66 (13:37),,,,,,190
62,Muriel,Lamothe,Muriel Lamothe,Female,,,https://ui-avatars.com/api/?name=M+L&color=FFFFFF&background=000000,ATHX BARCELONA 2026,Spain 🇪🇸,2026,Female,ATHX,Overall,32 (242KG),83 (3.642KM),76 (14:13),,,,,,191
62,Joana,Bica,Joana Bica,Female,,,https://ui-avatars.com/api/?name=J+B&color=FFFFFF&background=000000,ATHX BARCELONA 2026,Spain 🇪🇸,2026,Female,ATHX,Overall,95 (168KG),28 (4.197KM),68 (13:39),,,,,,191
64,Meryem,Ouajjou,Meryem Ouajjou,Female,Morocco,,https://ui-avatars.com/api/?name=M+O&color=FFFFFF&background=000000,ATHX MADRID 2026,Spain 🇪🇸,2026,Female,ATHX,Overall,57 (219KG),69 (3.762KM),66 (13:37),,,,,,192
65,Lauréline,Berry,Lauréline Berry,Female,,,https://ui-avatars.com/api/?name=L+B&color=FFFFFF&background=000000,ATHX BARCELONA 2026,Spain 🇪🇸,2026,Female,ATHX,Overall,76 (196KG),66 (3.765KM),51 (12:33),,,,,,193
65,Eni,Adeyemo,Eni Adeyemo,Female,,,https://ui-avatars.com/api/?name=E+A&color=FFFFFF&background=000000,ATHX BARCELONA 2026,Spain 🇪🇸,2026,Female,ATHX,Overall,10 (265KG),94 (3.509KM),89 (15:33),,,,,,193
67,Maria,Pinilla del Pino,Maria Pinilla del Pino,Female,Spain,Versus CrossFit,https://ui-avatars.com/api/?name=M+P+d+P&color=FFFFFF&background=000000,ATHX MADRID 2026,Spain 🇪🇸,2026,Female,ATHX,Overall,58 (218KG),74 (3.752KM),62 (13:26),,,,,,194
68,Hollie,Garforth,Hollie Garforth,Female,,,https://ui-avatars.com/api/?name=H+G&color=FFFFFF&background=000000,ATHX BARCELONA 2026,Spain 🇪🇸,2026,Female,ATHX,Overall,65 (213KG),82 (3.659KM),48 (12:25),,,,,,195
69,Giovanna,Rodriguez Rodriguez,Giovanna Rodriguez Rodriguez,Female,,,https://ui-avatars.com/api/?name=G+R+R&color=FFFFFF&background=000000,ATHX MADRID 2026,Spain 🇪🇸,2026,Female,ATHX,Overall,55 (224KG),85 (3.591KM),61 (13:24),,,,,,201
70,Christella,Soula,Christella Soula,Female,,,https://ui-avatars.com/api/?name=C+S&color=FFFFFF&background=000000,ATHX BARCELONA 2026,Spain 🇪🇸,2026,Female,ATHX,Overall,4 (298KG),92 (3.513KM),106 (25:45),,,,,,202
71,Yasmin,Chamberlain,Yasmin Chamberlain,Female,,,https://ui-avatars.com/api/?name=Y+C&color=FFFFFF&background=000000,ATHX BARCELONA 2026,Spain 🇪🇸,2026,Female,ATHX,Overall,63 (215KG),62 (3.786KM),78 (14:26),,,,,,203
72,Abbie,Dean,Abbie Dean,Female,,,https://ui-avatars.com/api/?name=A+D&color=FFFFFF&background=000000,ATHX MADRID 2026,Spain 🇪🇸,2026,Female,ATHX,Overall,67 (212KG),81 (3.678KM),59 (13:20),,,,,,207
73,Marta,Matarredona,Marta Matarredona,Female,Spain,,https://ui-avatars.com/api/?name=M+M&color=FFFFFF&background=000000,ATHX BARCELONA 2026,Spain 🇪🇸,2026,Female,ATHX,Overall,103 (156KG),49 (3.97KM),57 (13:11),,,,,,209
73,Sabine,Esquiva,Sabine Esquiva,Female,France,Freeness Narbonne,https://ui-avatars.com/api/?name=S+E&color=FFFFFF&background=000000,ATHX BARCELONA 2026,Spain 🇪🇸,2026,Female,ATHX,Overall,39 (235KG),96 (3.393KM),74 (14:09),,,,,,209
75,Hannah,Coutts,Hannah Coutts,Female,,,https://ui-avatars.com/api/?name=H+C&color=FFFFFF&background=000000,ATHX MADRID 2026,Spain 🇪🇸,2026,Female,ATHX,Overall,88 (179KG),64 (3.779KM),58 (13:15),,,,,,210
75,Klaudia,Bolsch,Klaudia Bolsch,Female,,,https://ui-avatars.com/api/?name=K+B&color=FFFFFF&background=000000,ATHX BARCELONA 2026,Spain 🇪🇸,2026,Female,ATHX,Overall,31 (243KG),93 (3.511KM),86 (15:13),,,,,,210
77,Ines,Gruber,Ines Gruber,Female,,,https://athxgames.com/storage/profile-photos/JyZEVFgtczAeHdwHP5wWbGT8HGUmN0LxObHiW2LK.jpg,ATHX BARCELONA 2026,Spain 🇪🇸,2026,Female,ATHX,Overall,65 (213KG),67 (3.764KM),82 (14:50),,,,,,214
78,María,Aledo,María Aledo,Female,,,https://ui-avatars.com/api/?name=M+A&color=FFFFFF&background=000000,ATHX MADRID 2026,Spain 🇪🇸,2026,Female,ATHX,Overall,91 (177KG),54 (3.925KM),70 (13:43),,,,,,215
79,Monica,Mañá,Monica Mañá,Female,,,https://ui-avatars.com/api/?name=M+M&color=FFFFFF&background=000000,ATHX BARCELONA 2026,Spain 🇪🇸,2026,Female,ATHX,Overall,69 (205KG),60 (3.861KM),87 (15:20),,,,,,216
80,Farzana,Kaufmann,Farzana Kaufmann,Female,Switzerland,,https://ui-avatars.com/api/?name=F+K&color=FFFFFF&background=000000,ATHX BARCELONA 2026,Spain 🇪🇸,2026,Female,ATHX,Overall,84 (185KG),65 (3.771KM),69 (13:41),,,,,,218
81,Claudia,Lázaro,Claudia Lázaro,Female,Spain,CrossSpartan Box,https://ui-avatars.com/api/?name=C+L&color=FFFFFF&background=000000,ATHX MADRID 2026,Spain 🇪🇸,2026,Female,ATHX,Overall,50 (227KG),91 (3.53KM),79 (14:29),,,,,,220
82,Conny,Ploth,Conny Ploth,Female,,,https://ui-avatars.com/api/?name=C+P&color=FFFFFF&background=000000,ATHX MADRID 2026,Spain 🇪🇸,2026,Female,ATHX,Overall,97 (166KG),95 (3.43KM),33 (11:32),,,,,,225
83,Vanesa,Vizuete López,Vanesa Vizuete López,Female,Spain,,https://ui-avatars.com/api/?name=V+V+L&color=FFFFFF&background=000000,ATHX BARCELONA 2026,Spain 🇪🇸,2026,Female,ATHX,Overall,93 (176KG),53 (3.945KM),84 (15:09),,,,,,230
84,Bridgette,Duarte,Bridgette Duarte,Female,United States,,https://athxgames.com/storage/profile-photos/m8vw0BTbyjJjppOmO1g3Lq0RKOONOVyc6ZJogZkK.jpg,ATHX BARCELONA 2026,Spain 🇪🇸,2026,Female,ATHX,Overall,41 (234KG),102 (3.058KM),93 (16:50),,,,,,236
85,Anthea,Gibson,Anthea Gibson,Female,,,https://ui-avatars.com/api/?name=A+G&color=FFFFFF&background=000000,ATHX MADRID 2026,Spain 🇪🇸,2026,Female,ATHX,Overall,81 (190KG),61 (3.812KM),95 (16:52),,,,,,237
85,Irene,Santi,Irene Santi,Female,,,https://ui-avatars.com/api/?name=I+S&color=FFFFFF&background=000000,ATHX BARCELONA 2026,Spain 🇪🇸,2026,Female,ATHX,Overall,84 (185KG),68 (3.763KM),85 (15:10),,,,,,237
87,Hannah,Coutts,Hannah Coutts,Female,,,https://ui-avatars.com/api/?name=H+C&color=FFFFFF&background=000000,ATHX BARCELONA 2026,Spain 🇪🇸,2026,Female,ATHX,Overall,100 (161KG),75 (3.743KM),64 (13:28),,,,,,239
88,Ceri,Nicholas,Ceri Nicholas,Female,,,https://ui-avatars.com/api/?name=C+N&color=FFFFFF&background=000000,ATHX BARCELONA 2026,Spain 🇪🇸,2026,Female,ATHX,Overall,90 (178KG),77 (3.724KM),75 (14:10),,,,,,242
89,Hannah,Delahunt,Hannah Delahunt,Female,,,https://ui-avatars.com/api/?name=H+D&color=FFFFFF&background=000000,ATHX BARCELONA 2026,Spain 🇪🇸,2026,Female,ATHX,Overall,81 (190KG),79 (3.691KM),83 (15:08),,,,,,243
90,Rhea,Knight,Rhea Knight,Female,,,https://ui-avatars.com/api/?name=R+K&color=FFFFFF&background=000000,ATHX MADRID 2026,Spain 🇪🇸,2026,Female,ATHX,Overall,50 (227KG),97 (3.315KM),97 (17:19),,,,,,244
91,Mélanie,BECKER,Mélanie BECKER,Female,,,https://ui-avatars.com/api/?name=M+B&color=FFFFFF&background=000000,ATHX BARCELONA 2026,Spain 🇪🇸,2026,Female,ATHX,Overall,41 (234KG),101 (3.093KM),103 (19:10),,,,,,245
92,Silvia,Garcia,Silvia Garcia,Female,,,https://ui-avatars.com/api/?name=S+G&color=FFFFFF&background=000000,ATHX MADRID 2026,Spain 🇪🇸,2026,Female,ATHX,Overall,97 (166KG),72 (3.755KM),77 (14:14),,,,,,246
93,Vivian,Gonzalez,Vivian Gonzalez,Female,,,https://ui-avatars.com/api/?name=V+G&color=FFFFFF&background=000000,ATHX BARCELONA 2026,Spain 🇪🇸,2026,Female,ATHX,Overall,70 (203KG),87 (3.545KM),90 (15:36),,,,,,247
94,Pearl,Biervliet,Pearl Biervliet,Female,,,https://ui-avatars.com/api/?name=P+B&color=FFFFFF&background=000000,ATHX BARCELONA 2026,Spain 🇪🇸,2026,Female,ATHX,Overall,53 (225KG),103 (3.05KM),99 (17:27),,,,,,255
95,Joelle,Siciliano Silivestro,Joelle Siciliano Silivestro,Female,,,https://ui-avatars.com/api/?name=J+S+S&color=FFFFFF&background=000000,ATHX BARCELONA 2026,Spain 🇪🇸,2026,Female,ATHX,Overall,91 (177KG),88 (3.543KM),80 (14:35),,,,,,259
96,Gretta Marii,Tirman,Gretta Marii Tirman,Female,Estonia,Crossfit Viljandi,https://ui-avatars.com/api/?name=G+M+T&color=FFFFFF&background=000000,ATHX BARCELONA 2026,Spain 🇪🇸,2026,Female,ATHX,Overall,73 (200KG),90 (3.533KM),98 (17:21),,,,,,261
97,GEMMA,MORERA CARDENAS,GEMMA MORERA CARDENAS,Female,Spain,Megasport,https://ui-avatars.com/api/?name=G+M+C&color=FFFFFF&background=000000,ATHX BARCELONA 2026,Spain 🇪🇸,2026,Female,ATHX,Overall,99 (165KG),84 (3.625KM),81 (14:37),,,,,,264
97,laia,luque,laia luque,Female,,,https://ui-avatars.com/api/?name=l+l&color=FFFFFF&background=000000,ATHX BARCELONA 2026,Spain 🇪🇸,2026,Female,ATHX,Overall,78 (192KG),98 (3.197KM),88 (15:23),,,,,,264
99,Carmen,Gomez del Pino,Carmen Gomez del Pino,Female,,,https://athxgames.com/storage/profile-photos/BO5g5Z8C1byzvHld8kuZfZr3j9UWtYWyT6onGeeM.jpg,ATHX MADRID 2026,Spain 🇪🇸,2026,Female,ATHX,Overall,96 (167KG),86 (3.577KM),93 (16:50),,,,,,275
100,Claudia,Vinhas de Sousa,Claudia Vinhas de Sousa,Female,Portugal,CrossFit Alvalade,https://athxgames.com/storage/profile-photos/LYHDeNuDcWHIO0G3q4CxpvXWQf2ZaPGcJc5zcz2v.jpg,ATHX MADRID 2026,Spain 🇪🇸,2026,Female,ATHX,Overall,70 (203KG),104 (2.259KM),104 (19:41),,,,,,278
101,Lucy,C,Lucy C,Female,,,https://ui-avatars.com/api/?name=L+C&color=FFFFFF&background=000000,ATHX MADRID 2026,Spain 🇪🇸,2026,Female,ATHX,Overall,103 (156KG),76 (3.741KM),100 (18:31),,,,,,279
101,Thaissa,Lespagnard,Thaissa Lespagnard,Female,,,https://ui-avatars.com/api/?name=T+L&color=FFFFFF&background=000000,ATHX BARCELONA 2026,Spain 🇪🇸,2026,Female,ATHX,Overall,88 (179KG),99 (3.174KM),92 (16:04),,,,,,279
103,Paulina,Gallardo,Paulina Gallardo,Female,Mexico,Invictum,https://ui-avatars.com/api/?name=P+G&color=FFFFFF&background=000000,ATHX MADRID 2026,Spain 🇪🇸,2026,Female,ATHX,Overall,105 (146KG),80 (3.69KM),100 (18:31),,,,,,285
104,Tania,Barcenas Juarez,Tania Barcenas Juarez,Female,,,https://ui-avatars.com/api/?name=T+B+J&color=FFFFFF&background=000000,ATHX MADRID 2026,Spain 🇪🇸,2026,Female,ATHX,Overall,106 (144KG),100 (3.139KM),105 (24:04),,,,,,311
1,Bianca,Sierra,Bianca Sierra,Female,Mexico,,https://athxgames.com/storage/profile-photos/6cKChlM90xpVaBQZm195Q2EQwMwDaTeIBxst4hxQ.jpg,ATHX MADRID 2026,Spain 🇪🇸,2026,Female,ATHX,Endurance,,,,,,,2.6KM,2.264KM,1
2,Babett,Groholy,Babett Groholy,Female,Hungary,Crossfit Aarau,https://athxgames.com/storage/profile-photos/tGRUfZBngz6ZQYhZ42DglnSTb3zFepVQqsf4nDLK.jpg,ATHX BARCELONA 2026,Spain 🇪🇸,2026,Female,ATHX,Endurance,,,,,,,2.25KM,2.378KM,2
3,Milou,van Beek,Milou van Beek,Female,Netherlands,La Colmena CrossFit,https://athxgames.com/storage/profile-photos/EzxjnGgz2VN3lwiWMpIAkPjJsYqWnYwy02Awfr4n.jpg,ATHX MADRID 2026,Spain 🇪🇸,2026,Female,ATHX,Endurance,,,,,,,2.345KM,2.259KM,3
4,Isabella,Steains,Isabella Steains,Female,,,https://ui-avatars.com/api/?name=I+S&color=FFFFFF&background=000000,ATHX MADRID 2026,Spain 🇪🇸,2026,Female,ATHX,Endurance,,,,,,,2.327KM,2.262KM,4
5,Sara,Brusco,Sara Brusco,Female,Italy,Sara Brusco,https://ui-avatars.com/api/?name=S+B&color=FFFFFF&background=000000,ATHX MADRID 2026,Spain 🇪🇸,2026,Female,ATHX,Endurance,,,,,,,2.25KM,2.32KM,5
6,Camila,De la peña,Camila De la peña,Female,,,https://ui-avatars.com/api/?name=C+D+l+p&color=FFFFFF&background=000000,ATHX BARCELONA 2026,Spain 🇪🇸,2026,Female,ATHX,Endurance,,,,,,,2.265KM,2.265KM,6
7,LHENRY,Marine,LHENRY Marine,Female,France,,https://ui-avatars.com/api/?name=L+M&color=FFFFFF&background=000000,ATHX BARCELONA 2026,Spain 🇪🇸,2026,Female,ATHX,Endurance,,,,,,,2.267KM,2.262KM,7
8,Katie,Main,Katie Main,Female,,,https://ui-avatars.com/api/?name=K+M&color=FFFFFF&background=000000,ATHX BARCELONA 2026,Spain 🇪🇸,2026,Female,ATHX,Endurance,,,,,,,2.25KM,2.272KM,8
9,Andrea,Verde,Andrea Verde,Female,,,https://ui-avatars.com/api/?name=A+V&color=FFFFFF&background=000000,ATHX MADRID 2026,Spain 🇪🇸,2026,Female,ATHX,Endurance,,,,,,,2.25KM,2.2KM,9
10,Andrea,Candon Chapado,Andrea Candon Chapado,Female,Spain,NGU CROSSFIT,https://athxgames.com/storage/profile-photos/lWqDiCtdsCtrHcFKemZvRtIg8QhPTnNCcNWGaLp6.jpg,ATHX MADRID 2026,Spain 🇪🇸,2026,Female,ATHX,Endurance,,,,,,,2.25KM,2.195KM,10
11,Aline,Moreau,Aline Moreau,Female,,,https://ui-avatars.com/api/?name=A+M&color=FFFFFF&background=000000,ATHX BARCELONA 2026,Spain 🇪🇸,2026,Female,ATHX,Endurance,,,,,,,2.25KM,2.165KM,11
12,NIEVES,GARCIA GARCIA,NIEVES GARCIA GARCIA,Female,Spain,BRAVO TRAINING,https://ui-avatars.com/api/?name=N+G+G&color=FFFFFF&background=000000,ATHX MADRID 2026,Spain 🇪🇸,2026,Female,ATHX,Endurance,,,,,,,2.25KM,2.096KM,12
13,Nikoletta,Dimera,Nikoletta Dimera,Female,Greece,23crew_gnl,https://ui-avatars.com/api/?name=N+D&color=FFFFFF&background=000000,ATHX BARCELONA 2026,Spain 🇪🇸,2026,Female,ATHX,Endurance,,,,,,,2.25KM,2.074KM,13
14,Maude,Dessart,Maude Dessart,Female,Belgium,,https://athxgames.com/storage/profile-photos/yMtKOJrNRXOzmMZQYBolBafNuj7T3pKQPOp8krYm.jpg,ATHX BARCELONA 2026,Spain 🇪🇸,2026,Female,ATHX,Endurance,,,,,,,2.25KM,2.059KM,14
15,Holly,Earl,Holly Earl,Female,,,https://ui-avatars.com/api/?name=H+E&color=FFFFFF&background=000000,ATHX BARCELONA 2026,Spain 🇪🇸,2026,Female,ATHX,Endurance,,,,,,,2.25KM,2.053KM,15
16,Aliya,Chugani,Aliya Chugani,Female,,,https://ui-avatars.com/api/?name=A+C&color=FFFFFF&background=000000,ATHX BARCELONA 2026,Spain 🇪🇸,2026,Female,ATHX,Endurance,,,,,,,2.25KM,2.04KM,16
17,DILETA,GUOGAITE,DILETA GUOGAITE,Female,Lithuania,,https://ui-avatars.com/api/?name=D+G&color=FFFFFF&background=000000,ATHX MADRID 2026,Spain 🇪🇸,2026,Female,ATHX,Endurance,,,,,,,2.25KM,2.021KM,17
18,Alba,Pereira Cotano,Alba Pereira Cotano,Female,,,https://ui-avatars.com/api/?name=A+P+C&color=FFFFFF&background=000000,ATHX MADRID 2026,Spain 🇪🇸,2026,Female,ATHX,Endurance,,,,,,,2.25KM,2.015KM,18
19,Luísa,Mesquita,Luísa Mesquita,Female,Portugal,Crossfit Mondego,https://ui-avatars.com/api/?name=L+M&color=FFFFFF&background=000000,ATHX MADRID 2026,Spain 🇪🇸,2026,Female,ATHX,Endurance,,,,,,,2.25KM,2.013KM,19
19,Celia,Benito,Celia Benito,Female,,,https://ui-avatars.com/api/?name=C+B&color=FFFFFF&background=000000,ATHX MADRID 2026,Spain 🇪🇸,2026,Female,ATHX,Endurance,,,,,,,2.25KM,2.013KM,19
21,Adriane,Martin,Adriane Martin,Female,Austria,,https://ui-avatars.com/api/?name=A+M&color=FFFFFF&background=000000,ATHX BARCELONA 2026,Spain 🇪🇸,2026,Female,ATHX,Endurance,,,,,,,2.25KM,1.992KM,21
22,Martina,Ghigo,Martina Ghigo,Female,,,https://ui-avatars.com/api/?name=M+G&color=FFFFFF&background=000000,ATHX BARCELONA 2026,Spain 🇪🇸,2026,Female,ATHX,Endurance,,,,,,,2.25KM,1.979KM,22
23,Lara,Muñoz,Lara Muñoz,Female,,,https://ui-avatars.com/api/?name=L+M&color=FFFFFF&background=000000,ATHX MADRID 2026,Spain 🇪🇸,2026,Female,ATHX,Endurance,,,,,,,2.25KM,1.967KM,23
24,Lorrie,Robertson,Lorrie Robertson,Female,,,https://ui-avatars.com/api/?name=L+R&color=FFFFFF&background=000000,ATHX MADRID 2026,Spain 🇪🇸,2026,Female,ATHX,Endurance,,,,,,,2.25KM,1.965KM,24
25,María Daniela,Alcaza,María Daniela Alcaza,Female,Argentina,,https://ui-avatars.com/api/?name=M+D+A&color=FFFFFF&background=000000,ATHX BARCELONA 2026,Spain 🇪🇸,2026,Female,ATHX,Endurance,,,,,,,2.25KM,1.956KM,25
26,Estelle,Letellier,Estelle Letellier,Female,France,,https://ui-avatars.com/api/?name=E+L&color=FFFFFF&background=000000,ATHX BARCELONA 2026,Spain 🇪🇸,2026,Female,ATHX,Endurance,,,,,,,2.25KM,1.948KM,26
26,Lorrie,Robertson,Lorrie Robertson,Female,,,https://ui-avatars.com/api/?name=L+R&color=FFFFFF&background=000000,ATHX BARCELONA 2026,Spain 🇪🇸,2026,Female,ATHX,Endurance,,,,,,,2.25KM,1.948KM,26
28,Joana,Bica,Joana Bica,Female,,,https://ui-avatars.com/api/?name=J+B&color=FFFFFF&background=000000,ATHX BARCELONA 2026,Spain 🇪🇸,2026,Female,ATHX,Endurance,,,,,,,2.25KM,1.947KM,28
29,Chloe,Coote,Chloe Coote,Female,,,https://ui-avatars.com/api/?name=C+C&color=FFFFFF&background=000000,ATHX BARCELONA 2026,Spain 🇪🇸,2026,Female,ATHX,Endurance,,,,,,,2.25KM,1.945KM,29
30,Laura,Mota López,Laura Mota López,Female,,,https://ui-avatars.com/api/?name=L+M+L&color=FFFFFF&background=000000,ATHX MADRID 2026,Spain 🇪🇸,2026,Female,ATHX,Endurance,,,,,,,2.25KM,1.939KM,30
31,Claire,Agius Ordway,Claire Agius Ordway,Female,,,https://ui-avatars.com/api/?name=C+A+O&color=FFFFFF&background=000000,ATHX MADRID 2026,Spain 🇪🇸,2026,Female,ATHX,Endurance,,,,,,,2.25KM,1.914KM,31
32,Justine,Fauchier,Justine Fauchier,Female,,,https://ui-avatars.com/api/?name=J+F&color=FFFFFF&background=000000,ATHX BARCELONA 2026,Spain 🇪🇸,2026,Female,ATHX,Endurance,,,,,,,2.25KM,1.906KM,32
33,Giulia,Delle Monache,Giulia Delle Monache,Female,,,https://ui-avatars.com/api/?name=G+D+M&color=FFFFFF&background=000000,ATHX BARCELONA 2026,Spain 🇪🇸,2026,Female,ATHX,Endurance,,,,,,,2.25KM,1.895KM,33
34,Luca,Bakos,Luca Bakos,Female,,,https://ui-avatars.com/api/?name=L+B&color=FFFFFF&background=000000,ATHX BARCELONA 2026,Spain 🇪🇸,2026,Female,ATHX,Endurance,,,,,,,2.25KM,1.892KM,34
35,Ana,De la Rosa Casado,Ana De la Rosa Casado,Female,,,https://ui-avatars.com/api/?name=A+D+l+R+C&color=FFFFFF&background=000000,ATHX MADRID 2026,Spain 🇪🇸,2026,Female,ATHX,Endurance,,,,,,,2.25KM,1.873KM,35
35,Clara María,Vázquez López,Clara María Vázquez López,Female,,,https://ui-avatars.com/api/?name=C+M+V+L&color=FFFFFF&background=000000,ATHX MADRID 2026,Spain 🇪🇸,2026,Female,ATHX,Endurance,,,,,,,2.25KM,1.873KM,35
37,Lila,B,Lila B,Female,,,https://ui-avatars.com/api/?name=L+B&color=FFFFFF&background=000000,ATHX MADRID 2026,Spain 🇪🇸,2026,Female,ATHX,Endurance,,,,,,,2.25KM,1.864KM,37
38,Kathryn,Kerr,Kathryn Kerr,Female,,MVMT,https://ui-avatars.com/api/?name=K+K&color=FFFFFF&background=000000,ATHX MADRID 2026,Spain 🇪🇸,2026,Female,ATHX,Endurance,,,,,,,2.25KM,1.854KM,38
39,Ellie,Meads,Ellie Meads,Female,United Kingdom,,https://ui-avatars.com/api/?name=E+M&color=FFFFFF&background=000000,ATHX MADRID 2026,Spain 🇪🇸,2026,Female,ATHX,Endurance,,,,,,,2.25KM,1.846KM,39
40,Aurélie,Jacomme,Aurélie Jacomme,Female,,,https://ui-avatars.com/api/?name=A+J&color=FFFFFF&background=000000,ATHX MADRID 2026,Spain 🇪🇸,2026,Female,ATHX,Endurance,,,,,,,2.25KM,1.831KM,40
41,Camilla,Rossi,Camilla Rossi,Female,,,https://ui-avatars.com/api/?name=C+R&color=FFFFFF&background=000000,ATHX BARCELONA 2026,Spain 🇪🇸,2026,Female,ATHX,Endurance,,,,,,,2.25KM,1.82KM,41
42,Irati,Murua,Irati Murua,Female,Spain,Crossfit gasteiz,https://ui-avatars.com/api/?name=I+M&color=FFFFFF&background=000000,ATHX BARCELONA 2026,Spain 🇪🇸,2026,Female,ATHX,Endurance,,,,,,,2.25KM,1.815KM,42
43,Inês,Pereira,Inês Pereira,Female,,,https://ui-avatars.com/api/?name=I+P&color=FFFFFF&background=000000,ATHX BARCELONA 2026,Spain 🇪🇸,2026,Female,ATHX,Endurance,,,,,,,2.25KM,1.813KM,43
44,Yasmin Scalco Silveira ,Cavalcant,Yasmin Scalco Silveira  Cavalcant,Female,,,https://ui-avatars.com/api/?name=Y+S+S++C&color=FFFFFF&background=000000,ATHX BARCELONA 2026,Spain 🇪🇸,2026,Female,ATHX,Endurance,,,,,,,2.25KM,1.8KM,44
45,Elena,Lacatus,Elena Lacatus,Female,,,https://ui-avatars.com/api/?name=E+L&color=FFFFFF&background=000000,ATHX BARCELONA 2026,Spain 🇪🇸,2026,Female,ATHX,Endurance,,,,,,,2.25KM,1.765KM,45
46,Johanna,König,Johanna König,Female,,,https://ui-avatars.com/api/?name=J+K&color=FFFFFF&background=000000,ATHX BARCELONA 2026,Spain 🇪🇸,2026,Female,ATHX,Endurance,,,,,,,2.25KM,1.748KM,46
47,Olivia,Hornung,Olivia Hornung,Female,,,https://ui-avatars.com/api/?name=O+H&color=FFFFFF&background=000000,ATHX BARCELONA 2026,Spain 🇪🇸,2026,Female,ATHX,Endurance,,,,,,,2.25KM,1.746KM,47
48,Jana,Rathje,Jana Rathje,Female,Germany,,https://athxgames.com/storage/profile-photos/cfIfzXpS2o00iK2qewW2kC4hFZfdri69d3UQY5wq.jpg,ATHX MADRID 2026,Spain 🇪🇸,2026,Female,ATHX,Endurance,,,,,,,2.25KM,1.735KM,48
49,Marta,Matarredona,Marta Matarredona,Female,Spain,,https://ui-avatars.com/api/?name=M+M&color=FFFFFF&background=000000,ATHX BARCELONA 2026,Spain 🇪🇸,2026,Female,ATHX,Endurance,,,,,,,2.452KM,1.518KM,49
50,JULIA,VIVO HIDALGO,JULIA VIVO HIDALGO,Female,Spain,Laucala,https://ui-avatars.com/api/?name=J+V+H&color=FFFFFF&background=000000,ATHX MADRID 2026,Spain 🇪🇸,2026,Female,ATHX,Endurance,,,,,,,2.25KM,1.718KM,50
51,Olivia,Hornung,Olivia Hornung,Female,,,https://ui-avatars.com/api/?name=O+H&color=FFFFFF&background=000000,ATHX MADRID 2026,Spain 🇪🇸,2026,Female,ATHX,Endurance,,,,,,,2.25KM,1.715KM,51
52,Joana,Ribeiro,Joana Ribeiro,Female,,,https://ui-avatars.com/api/?name=J+R&color=FFFFFF&background=000000,ATHX BARCELONA 2026,Spain 🇪🇸,2026,Female,ATHX,Endurance,,,,,,,2.25KM,1.699KM,52
53,Vanesa,Vizuete López,Vanesa Vizuete López,Female,Spain,,https://ui-avatars.com/api/?name=V+V+L&color=FFFFFF&background=000000,ATHX BARCELONA 2026,Spain 🇪🇸,2026,Female,ATHX,Endurance,,,,,,,2.25KM,1.695KM,53
54,María,Aledo,María Aledo,Female,,,https://ui-avatars.com/api/?name=M+A&color=FFFFFF&background=000000,ATHX MADRID 2026,Spain 🇪🇸,2026,Female,ATHX,Endurance,,,,,,,2.25KM,1.675KM,54
55,Sabrina,Zumbuehl,Sabrina Zumbuehl,Female,Switzerland,,https://ui-avatars.com/api/?name=S+Z&color=FFFFFF&background=000000,ATHX MADRID 2026,Spain 🇪🇸,2026,Female,ATHX,Endurance,,,,,,,2.25KM,1.66KM,55
56,Kitan,Eleyae-Tennent,Kitan Eleyae-Tennent,Female,,,https://ui-avatars.com/api/?name=K+E&color=FFFFFF&background=000000,ATHX BARCELONA 2026,Spain 🇪🇸,2026,Female,ATHX,Endurance,,,,,,,2.25KM,1.655KM,56
57,Leanne,Mcveigh,Leanne Mcveigh,Female,,GPN Gyms,https://ui-avatars.com/api/?name=L+M&color=FFFFFF&background=000000,ATHX MADRID 2026,Spain 🇪🇸,2026,Female,ATHX,Endurance,,,,,,,2.25KM,1.65KM,57
58,Julia Christina,Hampel,Julia Christina Hampel,Female,,,https://ui-avatars.com/api/?name=J+C+H&color=FFFFFF&background=000000,ATHX BARCELONA 2026,Spain 🇪🇸,2026,Female,ATHX,Endurance,,,,,,,2.25KM,1.649KM,58
59,Mireia,Jover,Mireia Jover,Female,,,https://ui-avatars.com/api/?name=M+J&color=FFFFFF&background=000000,ATHX MADRID 2026,Spain 🇪🇸,2026,Female,ATHX,Endurance,,,,,,,2.25KM,1.627KM,59
60,Monica,Mañá,Monica Mañá,Female,,,https://ui-avatars.com/api/?name=M+M&color=FFFFFF&background=000000,ATHX BARCELONA 2026,Spain 🇪🇸,2026,Female,ATHX,Endurance,,,,,,,2.25KM,1.611KM,60
61,Anthea,Gibson,Anthea Gibson,Female,,,https://ui-avatars.com/api/?name=A+G&color=FFFFFF&background=000000,ATHX MADRID 2026,Spain 🇪🇸,2026,Female,ATHX,Endurance,,,,,,,2.25KM,1.562KM,61
62,Yasmin,Chamberlain,Yasmin Chamberlain,Female,,,https://ui-avatars.com/api/?name=Y+C&color=FFFFFF&background=000000,ATHX BARCELONA 2026,Spain 🇪🇸,2026,Female,ATHX,Endurance,,,,,,,2.25KM,1.536KM,62
63,Annie,Choquette,Annie Choquette,Female,,,https://ui-avatars.com/api/?name=A+C&color=FFFFFF&background=000000,ATHX MADRID 2026,Spain 🇪🇸,2026,Female,ATHX,Endurance,,,,,,,2.25KM,1.535KM,63
64,Hannah,Coutts,Hannah Coutts,Female,,,https://ui-avatars.com/api/?name=H+C&color=FFFFFF&background=000000,ATHX MADRID 2026,Spain 🇪🇸,2026,Female,ATHX,Endurance,,,,,,,2.25KM,1.529KM,64
65,Farzana,Kaufmann,Farzana Kaufmann,Female,Switzerland,,https://ui-avatars.com/api/?name=F+K&color=FFFFFF&background=000000,ATHX BARCELONA 2026,Spain 🇪🇸,2026,Female,ATHX,Endurance,,,,,,,2.25KM,1.521KM,65
66,Lauréline,Berry,Lauréline Berry,Female,,,https://ui-avatars.com/api/?name=L+B&color=FFFFFF&background=000000,ATHX BARCELONA 2026,Spain 🇪🇸,2026,Female,ATHX,Endurance,,,,,,,2.25KM,1.515KM,66
67,Ines,Gruber,Ines Gruber,Female,,,https://athxgames.com/storage/profile-photos/JyZEVFgtczAeHdwHP5wWbGT8HGUmN0LxObHiW2LK.jpg,ATHX BARCELONA 2026,Spain 🇪🇸,2026,Female,ATHX,Endurance,,,,,,,2.25KM,1.514KM,67
68,Irene,Santi,Irene Santi,Female,,,https://ui-avatars.com/api/?name=I+S&color=FFFFFF&background=000000,ATHX BARCELONA 2026,Spain 🇪🇸,2026,Female,ATHX,Endurance,,,,,,,2.25KM,1.513KM,68
69,Meryem,Ouajjou,Meryem Ouajjou,Female,Morocco,,https://ui-avatars.com/api/?name=M+O&color=FFFFFF&background=000000,ATHX MADRID 2026,Spain 🇪🇸,2026,Female,ATHX,Endurance,,,,,,,2.25KM,1.512KM,69
69,Lucy,O Sullivan,Lucy O Sullivan,Female,Ireland,CROSSFIT MEATH,https://ui-avatars.com/api/?name=L+O+S&color=FFFFFF&background=000000,ATHX BARCELONA 2026,Spain 🇪🇸,2026,Female,ATHX,Endurance,,,,,,,2.25KM,1.512KM,69
71,Karolina,Gotowała,Karolina Gotowała,Female,Poland,Podziemia Hadesa,https://ui-avatars.com/api/?name=K+G&color=FFFFFF&background=000000,ATHX BARCELONA 2026,Spain 🇪🇸,2026,Female,ATHX,Endurance,,,,,,,2.25KM,1.511KM,71
72,Silvia,Garcia,Silvia Garcia,Female,,,https://ui-avatars.com/api/?name=S+G&color=FFFFFF&background=000000,ATHX MADRID 2026,Spain 🇪🇸,2026,Female,ATHX,Endurance,,,,,,,2.25KM,1.505KM,72
72,Aurélie,Jacomme,Aurélie Jacomme,Female,,,https://ui-avatars.com/api/?name=A+J&color=FFFFFF&background=000000,ATHX BARCELONA 2026,Spain 🇪🇸,2026,Female,ATHX,Endurance,,,,,,,2.25KM,1.505KM,72
74,Maria,Pinilla del Pino,Maria Pinilla del Pino,Female,Spain,Versus CrossFit,https://ui-avatars.com/api/?name=M+P+d+P&color=FFFFFF&background=000000,ATHX MADRID 2026,Spain 🇪🇸,2026,Female,ATHX,Endurance,,,,,,,2.25KM,1.502KM,74
75,Hannah,Coutts,Hannah Coutts,Female,,,https://ui-avatars.com/api/?name=H+C&color=FFFFFF&background=000000,ATHX BARCELONA 2026,Spain 🇪🇸,2026,Female,ATHX,Endurance,,,,,,,2.232KM,1.511KM,75
76,Lucy,C,Lucy C,Female,,,https://ui-avatars.com/api/?name=L+C&color=FFFFFF&background=000000,ATHX MADRID 2026,Spain 🇪🇸,2026,Female,ATHX,Endurance,,,,,,,2.233KM,1.508KM,76
77,Ceri,Nicholas,Ceri Nicholas,Female,,,https://ui-avatars.com/api/?name=C+N&color=FFFFFF&background=000000,ATHX BARCELONA 2026,Spain 🇪🇸,2026,Female,ATHX,Endurance,,,,,,,2.212KM,1.512KM,77
78,Sumaty,Hernandez,Sumaty Hernandez,Female,,,https://ui-avatars.com/api/?name=S+H&color=FFFFFF&background=000000,ATHX BARCELONA 2026,Spain 🇪🇸,2026,Female,ATHX,Endurance,,,,,,,2.2KM,1.512KM,78
79,Hannah,Delahunt,Hannah Delahunt,Female,,,https://ui-avatars.com/api/?name=H+D&color=FFFFFF&background=000000,ATHX BARCELONA 2026,Spain 🇪🇸,2026,Female,ATHX,Endurance,,,,,,,2.178KM,1.513KM,79
80,Paulina,Gallardo,Paulina Gallardo,Female,Mexico,Invictum,https://ui-avatars.com/api/?name=P+G&color=FFFFFF&background=000000,ATHX MADRID 2026,Spain 🇪🇸,2026,Female,ATHX,Endurance,,,,,,,2.172KM,1.518KM,80
81,Abbie,Dean,Abbie Dean,Female,,,https://ui-avatars.com/api/?name=A+D&color=FFFFFF&background=000000,ATHX MADRID 2026,Spain 🇪🇸,2026,Female,ATHX,Endurance,,,,,,,2.169KM,1.509KM,81
82,Hollie,Garforth,Hollie Garforth,Female,,,https://ui-avatars.com/api/?name=H+G&color=FFFFFF&background=000000,ATHX BARCELONA 2026,Spain 🇪🇸,2026,Female,ATHX,Endurance,,,,,,,2.157KM,1.502KM,82
83,Muriel,Lamothe,Muriel Lamothe,Female,,,https://ui-avatars.com/api/?name=M+L&color=FFFFFF&background=000000,ATHX BARCELONA 2026,Spain 🇪🇸,2026,Female,ATHX,Endurance,,,,,,,2.133KM,1.509KM,83
84,GEMMA,MORERA CARDENAS,GEMMA MORERA CARDENAS,Female,Spain,Megasport,https://ui-avatars.com/api/?name=G+M+C&color=FFFFFF&background=000000,ATHX BARCELONA 2026,Spain 🇪🇸,2026,Female,ATHX,Endurance,,,,,,,2.112KM,1.513KM,84
85,Giovanna,Rodriguez Rodriguez,Giovanna Rodriguez Rodriguez,Female,,,https://ui-avatars.com/api/?name=G+R+R&color=FFFFFF&background=000000,ATHX MADRID 2026,Spain 🇪🇸,2026,Female,ATHX,Endurance,,,,,,,2.124KM,1.467KM,85
86,Carmen,Gomez del Pino,Carmen Gomez del Pino,Female,,,https://athxgames.com/storage/profile-photos/BO5g5Z8C1byzvHld8kuZfZr3j9UWtYWyT6onGeeM.jpg,ATHX MADRID 2026,Spain 🇪🇸,2026,Female,ATHX,Endurance,,,,,,,2.069KM,1.508KM,86
87,Vivian,Gonzalez,Vivian Gonzalez,Female,,,https://ui-avatars.com/api/?name=V+G&color=FFFFFF&background=000000,ATHX BARCELONA 2026,Spain 🇪🇸,2026,Female,ATHX,Endurance,,,,,,,2.031KM,1.514KM,87
88,Joelle,Siciliano Silivestro,Joelle Siciliano Silivestro,Female,,,https://ui-avatars.com/api/?name=J+S+S&color=FFFFFF&background=000000,ATHX BARCELONA 2026,Spain 🇪🇸,2026,Female,ATHX,Endurance,,,,,,,2.031KM,1.512KM,88
89,Ilina,Slaveykova,Ilina Slaveykova,Female,,,https://ui-avatars.com/api/?name=I+S&color=FFFFFF&background=000000,ATHX BARCELONA 2026,Spain 🇪🇸,2026,Female,ATHX,Endurance,,,,,,,2.029KM,1.506KM,89
90,Gretta Marii,Tirman,Gretta Marii Tirman,Female,Estonia,Crossfit Viljandi,https://ui-avatars.com/api/?name=G+M+T&color=FFFFFF&background=000000,ATHX BARCELONA 2026,Spain 🇪🇸,2026,Female,ATHX,Endurance,,,,,,,2.015KM,1.518KM,90
91,Claudia,Lázaro,Claudia Lázaro,Female,Spain,CrossSpartan Box,https://ui-avatars.com/api/?name=C+L&color=FFFFFF&background=000000,ATHX MADRID 2026,Spain 🇪🇸,2026,Female,ATHX,Endurance,,,,,,,2.027KM,1.503KM,91
92,Christella,Soula,Christella Soula,Female,,,https://ui-avatars.com/api/?name=C+S&color=FFFFFF&background=000000,ATHX BARCELONA 2026,Spain 🇪🇸,2026,Female,ATHX,Endurance,,,,,,,2KM,1.513KM,92
93,Klaudia,Bolsch,Klaudia Bolsch,Female,,,https://ui-avatars.com/api/?name=K+B&color=FFFFFF&background=000000,ATHX BARCELONA 2026,Spain 🇪🇸,2026,Female,ATHX,Endurance,,,,,,,2KM,1.511KM,93
94,Eni,Adeyemo,Eni Adeyemo,Female,,,https://ui-avatars.com/api/?name=E+A&color=FFFFFF&background=000000,ATHX BARCELONA 2026,Spain 🇪🇸,2026,Female,ATHX,Endurance,,,,,,,2KM,1.509KM,94
95,Conny,Ploth,Conny Ploth,Female,,,https://ui-avatars.com/api/?name=C+P&color=FFFFFF&background=000000,ATHX MADRID 2026,Spain 🇪🇸,2026,Female,ATHX,Endurance,,,,,,,1.919KM,1.511KM,95
96,Sabine,Esquiva,Sabine Esquiva,Female,France,Freeness Narbonne,https://ui-avatars.com/api/?name=S+E&color=FFFFFF&background=000000,ATHX BARCELONA 2026,Spain 🇪🇸,2026,Female,ATHX,Endurance,,,,,,,1.879KM,1.514KM,96
97,Rhea,Knight,Rhea Knight,Female,,,https://ui-avatars.com/api/?name=R+K&color=FFFFFF&background=000000,ATHX MADRID 2026,Spain 🇪🇸,2026,Female,ATHX,Endurance,,,,,,,1.8KM,1.515KM,97
98,laia,luque,laia luque,Female,,,https://ui-avatars.com/api/?name=l+l&color=FFFFFF&background=000000,ATHX BARCELONA 2026,Spain 🇪🇸,2026,Female,ATHX,Endurance,,,,,,,1.678KM,1.519KM,98
99,Thaissa,Lespagnard,Thaissa Lespagnard,Female,,,https://ui-avatars.com/api/?name=T+L&color=FFFFFF&background=000000,ATHX BARCELONA 2026,Spain 🇪🇸,2026,Female,ATHX,Endurance,,,,,,,1.673KM,1.501KM,99
100,Tania,Barcenas Juarez,Tania Barcenas Juarez,Female,,,https://ui-avatars.com/api/?name=T+B+J&color=FFFFFF&background=000000,ATHX MADRID 2026,Spain 🇪🇸,2026,Female,ATHX,Endurance,,,,,,,1.625KM,1.514KM,100
101,Mélanie,BECKER,Mélanie BECKER,Female,,,https://ui-avatars.com/api/?name=M+B&color=FFFFFF&background=000000,ATHX BARCELONA 2026,Spain 🇪🇸,2026,Female,ATHX,Endurance,,,,,,,1.577KM,1.516KM,101
102,Bridgette,Duarte,Bridgette Duarte,Female,United States,,https://athxgames.com/storage/profile-photos/m8vw0BTbyjJjppOmO1g3Lq0RKOONOVyc6ZJogZkK.jpg,ATHX BARCELONA 2026,Spain 🇪🇸,2026,Female,ATHX,Endurance,,,,,,,1.546KM,1.512KM,102
103,Pearl,Biervliet,Pearl Biervliet,Female,,,https://ui-avatars.com/api/?name=P+B&color=FFFFFF&background=000000,ATHX BARCELONA 2026,Spain 🇪🇸,2026,Female,ATHX,Endurance,,,,,,,1.541KM,1.509KM,103
104,Claudia,Vinhas de Sousa,Claudia Vinhas de Sousa,Female,Portugal,CrossFit Alvalade,https://athxgames.com/storage/profile-photos/LYHDeNuDcWHIO0G3q4CxpvXWQf2ZaPGcJc5zcz2v.jpg,ATHX MADRID 2026,Spain 🇪🇸,2026,Female,ATHX,Endurance,,,,,,,1.5KM,0.759KM,104
1,Martyna,Krysiak,Martyna Krysiak,Female,,,https://ui-avatars.com/api/?name=M+K&color=FFFFFF&background=000000,ATHX BARCELONA 2026,Spain 🇪🇸,2026,Female,ATHX Pro,Overall,1 (325KG),3 (4.663KM),1 (10:11),,,,,,5
2,Kamila,Bogucka Żołędziewska,Kamila Bogucka Żołędziewska,Female,Poland,Manticore,https://ui-avatars.com/api/?name=K+B+%C5%BB&color=FFFFFF&background=000000,ATHX BARCELONA 2026,Spain 🇪🇸,2026,Female,ATHX Pro,Overall,2 (294KG),2 (4.699KM),2 (10:20),,,,,,6
3,Anna,Olivella Torras,Anna Olivella Torras,Female,,,https://ui-avatars.com/api/?name=A+O+T&color=FFFFFF&background=000000,ATHX BARCELONA 2026,Spain 🇪🇸,2026,Female,ATHX Pro,Overall,4 (278KG),5 (4.429KM),4 (12:41),,,,,,13
4,Ester,Pedrosa,Ester Pedrosa,Female,,,https://ui-avatars.com/api/?name=E+P&color=FFFFFF&background=000000,ATHX MADRID 2026,Spain 🇪🇸,2026,Female,ATHX Pro,Overall,3 (285KG),6 (4.41KM),5 (13:03),,,,,,14
5,Sandra,Domínguez Chávez,Sandra Domínguez Chávez,Female,,,https://ui-avatars.com/api/?name=S+D+C&color=FFFFFF&background=000000,ATHX MADRID 2026,Spain 🇪🇸,2026,Female,ATHX Pro,Overall,11 (225KG),1 (4.925KM),3 (11:56),,,,,,15
6,Fernanda,Alva,Fernanda Alva,Female,Mexico,,https://athxgames.com/storage/profile-photos/08Wvk7i08Vv48B0tH14pHtGKdydKemWwThFw0Ygb.jpg,ATHX MADRID 2026,Spain 🇪🇸,2026,Female,ATHX Pro,Overall,6 (271KG),7 (4.364KM),6 (13:27),,,,,,19
7,Ester,Pedrosa,Ester Pedrosa,Female,,,https://ui-avatars.com/api/?name=E+P&color=FFFFFF&background=000000,ATHX BARCELONA 2026,Spain 🇪🇸,2026,Female,ATHX Pro,Overall,5 (273KG),8 (4.338KM),7 (13:53),,,,,,20
8,Beki,Wood,Beki Wood,Female,,,https://ui-avatars.com/api/?name=B+W&color=FFFFFF&background=000000,ATHX BARCELONA 2026,Spain 🇪🇸,2026,Female,ATHX Pro,Overall,9 (246KG),4 (4.524KM),8 (14:10),,,,,,21
9,Victoria,Villa Gallegos,Victoria Villa Gallegos,Female,,,https://ui-avatars.com/api/?name=V+V+G&color=FFFFFF&background=000000,ATHX BARCELONA 2026,Spain 🇪🇸,2026,Female,ATHX Pro,Overall,7 (251KG),10 (4.06KM),9 (14:17),,,,,,26
10,Diana,Rodrigues,Diana Rodrigues,Female,,,https://athxgames.com/storage/profile-photos/mRFSvax0lBJ9EK2JwAapfrGWfkPfzJrtq9ubZO5H.jpg,ATHX BARCELONA 2026,Spain 🇪🇸,2026,Female,ATHX Pro,Overall,8 (247KG),9 (4.181KM),10 (14:39),,,,,,27
11,Virginie,Chalier,Virginie Chalier,Female,France,Athlétic club st Marcellin,https://athxgames.com/storage/profile-photos/QpNjE7pvSMMjl5gUnK9kLToqVr9UBVVJLOPOezCV.jpg,ATHX BARCELONA 2026,Spain 🇪🇸,2026,Female,ATHX Pro,Overall,10 (233KG),11 (3.911KM),12 (18:56),,,,,,33
12,Débora,Casas,Débora Casas,Female,,,https://ui-avatars.com/api/?name=D+C&color=FFFFFF&background=000000,ATHX MADRID 2026,Spain 🇪🇸,2026,Female,ATHX Pro,Overall,12 (218KG),12 (3.843KM),11 (17:42),,,,,,35
1,Sandra,Domínguez Chávez,Sandra Domínguez Chávez,Female,,,https://ui-avatars.com/api/?name=S+D+C&color=FFFFFF&background=000000,ATHX MADRID 2026,Spain 🇪🇸,2026,Female,ATHX Pro,Endurance,,,,,,,2.908KM,2.017KM,1
2,Kamila,Bogucka Żołędziewska,Kamila Bogucka Żołędziewska,Female,Poland,Manticore,https://ui-avatars.com/api/?name=K+B+%C5%BB&color=FFFFFF&background=000000,ATHX BARCELONA 2026,Spain 🇪🇸,2026,Female,ATHX Pro,Endurance,,,,,,,2.685KM,2.014KM,2
3,Martyna,Krysiak,Martyna Krysiak,Female,,,https://ui-avatars.com/api/?name=M+K&color=FFFFFF&background=000000,ATHX BARCELONA 2026,Spain 🇪🇸,2026,Female,ATHX Pro,Endurance,,,,,,,2.651KM,2.012KM,3
4,Beki,Wood,Beki Wood,Female,,,https://ui-avatars.com/api/?name=B+W&color=FFFFFF&background=000000,ATHX BARCELONA 2026,Spain 🇪🇸,2026,Female,ATHX Pro,Endurance,,,,,,,2.514KM,2.01KM,4
5,Anna,Olivella Torras,Anna Olivella Torras,Female,,,https://ui-avatars.com/api/?name=A+O+T&color=FFFFFF&background=000000,ATHX BARCELONA 2026,Spain 🇪🇸,2026,Female,ATHX Pro,Endurance,,,,,,,2.417KM,2.012KM,5
6,Ester,Pedrosa,Ester Pedrosa,Female,,,https://ui-avatars.com/api/?name=E+P&color=FFFFFF&background=000000,ATHX MADRID 2026,Spain 🇪🇸,2026,Female,ATHX Pro,Endurance,,,,,,,2.399KM,2.011KM,6
7,Fernanda,Alva,Fernanda Alva,Female,Mexico,,https://athxgames.com/storage/profile-photos/08Wvk7i08Vv48B0tH14pHtGKdydKemWwThFw0Ygb.jpg,ATHX MADRID 2026,Spain 🇪🇸,2026,Female,ATHX Pro,Endurance,,,,,,,2.357KM,2.007KM,7
8,Ester,Pedrosa,Ester Pedrosa,Female,,,https://ui-avatars.com/api/?name=E+P&color=FFFFFF&background=000000,ATHX BARCELONA 2026,Spain 🇪🇸,2026,Female,ATHX Pro,Endurance,,,,,,,2.311KM,2.027KM,8
9,Diana,Rodrigues,Diana Rodrigues,Female,,,https://athxgames.com/storage/profile-photos/mRFSvax0lBJ9EK2JwAapfrGWfkPfzJrtq9ubZO5H.jpg,ATHX BARCELONA 2026,Spain 🇪🇸,2026,Female,ATHX Pro,Endurance,,,,,,,2.165KM,2.016KM,9
10,Victoria,Villa Gallegos,Victoria Villa Gallegos,Female,,,https://ui-avatars.com/api/?name=V+V+G&color=FFFFFF&background=000000,ATHX BARCELONA 2026,Spain 🇪🇸,2026,Female,ATHX Pro,Endurance,,,,,,,2.05KM,2.01KM,10
11,Virginie,Chalier,Virginie Chalier,Female,France,Athlétic club st Marcellin,https://athxgames.com/storage/profile-photos/QpNjE7pvSMMjl5gUnK9kLToqVr9UBVVJLOPOezCV.jpg,ATHX BARCELONA 2026,Spain 🇪🇸,2026,Female,ATHX Pro,Endurance,,,,,,,2KM,1.911KM,11
12,Débora,Casas,Débora Casas,Female,,,https://ui-avatars.com/api/?name=D+C&color=FFFFFF&background=000000,ATHX MADRID 2026,Spain 🇪🇸,2026,Female,ATHX Pro,Endurance,,,,,,,2KM,1.843KM,12
1,Ramón,Lecumberri Pastor,Ramón Lecumberri Pastor,Male,,,https://ui-avatars.com/api/?name=R+L+P&color=FFFFFF&background=000000,ATHX BARCELONA 2026,Spain 🇪🇸,2026,Male,ATHX Pro,Overall,14 (480KG),4 (5.537KM),2 (09:08),,,,,,20
2,Michał,Wesołowski,Michał Wesołowski,Male,,,https://ui-avatars.com/api/?name=M+W&color=FFFFFF&background=000000,ATHX BARCELONA 2026,Spain 🇪🇸,2026,Male,ATHX Pro,Overall,11 (490KG),5 (5.445KM),4 (10:32),,,,,,20
3,cristian,blazquez,cristian blazquez,Male,,,https://ui-avatars.com/api/?name=c+b&color=FFFFFF&background=000000,ATHX BARCELONA 2026,Spain 🇪🇸,2026,Male,ATHX Pro,Overall,7 (506KG),11 (5.193KM),5 (10:58),,,,,,23
4,Tiago,Luzes,Tiago Luzes,Male,,,https://ui-avatars.com/api/?name=T+L&color=FFFFFF&background=000000,ATHX BARCELONA 2026,Spain 🇪🇸,2026,Male,ATHX Pro,Overall,9 (502KG),10 (5.217KM),6 (11:16),,,,,,25
5,Thomas,Chesneau,Thomas Chesneau,Male,France,Hypro Hybrid Club,https://ui-avatars.com/api/?name=T+C&color=FFFFFF&background=000000,ATHX BARCELONA 2026,Spain 🇪🇸,2026,Male,ATHX Pro,Overall,15 (479KG),3 (5.578KM),9 (11:43),,,,,,27
6,Charlie,Marchant,Charlie Marchant,Male,,,https://ui-avatars.com/api/?name=C+M&color=FFFFFF&background=000000,ATHX BARCELONA 2026,Spain 🇪🇸,2026,Male,ATHX Pro,Overall,3 (536KG),14 (5.134KM),13 (12:24),,,,,,30
6,Sergio,Martin,Sergio Martin,Male,Spain,Only Fitness Club,https://athxgames.com/storage/profile-photos/HZFGzvPCdWOOer7budBTsciH5PLIBT3GeNno0Svh.jpg,ATHX BARCELONA 2026,Spain 🇪🇸,2026,Male,ATHX Pro,Overall,6 (508KG),21 (4.955KM),3 (10:12),,,,,,30
8,Mulley,Branch,Mulley Branch,Male,United Kingdom,,https://ui-avatars.com/api/?name=M+B&color=FFFFFF&background=000000,ATHX MADRID 2026,Spain 🇪🇸,2026,Male,ATHX Pro,Overall,4 (525KG),27 (4.848KM),7 (11:27),,,,,,38
9,Ramón,Lecumberri Pastor,Ramón Lecumberri Pastor,Male,,,https://ui-avatars.com/api/?name=R+L+P&color=FFFFFF&background=000000,ATHX MADRID 2026,Spain 🇪🇸,2026,Male,ATHX Pro,Overall,30 (438KG),1 (5.669KM),8 (11:32),,,,,,39
10,Pablo,Cazalis,Pablo Cazalis,Male,Spain,Crossfit Zarautz,https://athxgames.com/storage/profile-photos/GnxCD4hiAWcsYU8scs79x3W34kYyQBURQhonMIyT.jpg,ATHX BARCELONA 2026,Spain 🇪🇸,2026,Male,ATHX Pro,Overall,12 (482KG),24 (4.931KM),10 (12:02),,,,,,46
11,Sergio,Martin,Sergio Martin,Male,Spain,Only Fitness Club,https://athxgames.com/storage/profile-photos/HZFGzvPCdWOOer7budBTsciH5PLIBT3GeNno0Svh.jpg,ATHX MADRID 2026,Spain 🇪🇸,2026,Male,ATHX Pro,Overall,18 (475KG),21 (4.955KM),11 (12:20),,,,,,50
12,Yassine,Belaji,Yassine Belaji,Male,France,,https://ui-avatars.com/api/?name=Y+B&color=FFFFFF&background=000000,ATHX BARCELONA 2026,Spain 🇪🇸,2026,Male,ATHX Pro,Overall,2 (544KG),35 (4.715KM),17 (12:55),,,,,,54
13,Javier,Blasco,Javier Blasco,Male,Spain,Hypro Training Club,https://ui-avatars.com/api/?name=J+B&color=FFFFFF&background=000000,ATHX MADRID 2026,Spain 🇪🇸,2026,Male,ATHX Pro,Overall,28 (443KG),15 (5.061KM),11 (12:20),,,,,,54
14,Alejandro,Briatore,Alejandro Briatore,Male,,,https://ui-avatars.com/api/?name=A+B&color=FFFFFF&background=000000,ATHX MADRID 2026,Spain 🇪🇸,2026,Male,ATHX Pro,Overall,20 (469KG),17 (5.006KM),21 (13:31),,,,,,58
15,Javier,Blasco,Javier Blasco,Male,Spain,Hypro Training Club,https://ui-avatars.com/api/?name=J+B&color=FFFFFF&background=000000,ATHX BARCELONA 2026,Spain 🇪🇸,2026,Male,ATHX Pro,Overall,26 (449KG),20 (4.972KM),14 (12:26),,,,,,60
16,Marcel,Isinger,Marcel Isinger,Male,Germany,,https://athxgames.com/storage/profile-photos/6V1SXW9Abamio8XOl1YEsQIhdcoSe4NSoQoB4BN8.jpg,ATHX BARCELONA 2026,Spain 🇪🇸,2026,Male,ATHX Pro,Overall,33 (436KG),8 (5.281KM),23 (13:59),,,,,,64
17,Guido,Susani,Guido Susani,Male,,,https://ui-avatars.com/api/?name=G+S&color=FFFFFF&background=000000,ATHX BARCELONA 2026,Spain 🇪🇸,2026,Male,ATHX Pro,Overall,43 (395KG),7 (5.364KM),15 (12:35),,,,,,65
18,Stephane,Cau,Stephane Cau,Male,France,Crossfit symbiote,https://ui-avatars.com/api/?name=S+C&color=FFFFFF&background=000000,ATHX MADRID 2026,Spain 🇪🇸,2026,Male,ATHX Pro,Overall,5 (521KG),34 (4.717KM),27 (14:28),,,,,,66
19,Eneko,Azcue,Eneko Azcue,Male,,,https://ui-avatars.com/api/?name=E+A&color=FFFFFF&background=000000,ATHX MADRID 2026,Spain 🇪🇸,2026,Male,ATHX Pro,Overall,30 (438KG),23 (4.942KM),19 (13:11),,,,,,72
19,Aleix,Franch ruiz,Aleix Franch ruiz,Male,,,https://ui-avatars.com/api/?name=A+F+r&color=FFFFFF&background=000000,ATHX BARCELONA 2026,Spain 🇪🇸,2026,Male,ATHX Pro,Overall,29 (442KG),25 (4.924KM),18 (13:09),,,,,,72
21,Angel,Amat Diez,Angel Amat Diez,Male,,,https://ui-avatars.com/api/?name=A+A+D&color=FFFFFF&background=000000,ATHX MADRID 2026,Spain 🇪🇸,2026,Male,ATHX Pro,Overall,46 (382KG),6 (5.385KM),22 (13:51),,,,,,74
22,Luis,Garcia Rubio,Luis Garcia Rubio,Male,,,https://ui-avatars.com/api/?name=L+G+R&color=FFFFFF&background=000000,ATHX MADRID 2026,Spain 🇪🇸,2026,Male,ATHX Pro,Overall,61 (350KG),2 (5.615KM),16 (12:43),,,,,,79
23,Gustavo adolfo,Rendon obando,Gustavo adolfo Rendon obando,Male,Spain,Gx CrossFit,https://ui-avatars.com/api/?name=G+a+R+o&color=FFFFFF&background=000000,ATHX MADRID 2026,Spain 🇪🇸,2026,Male,ATHX Pro,Overall,8 (505KG),48 (4.547KM),28 (14:54),,,,,,84
24,Nacho,Villoria,Nacho Villoria,Male,Spain,,https://ui-avatars.com/api/?name=N+V&color=FFFFFF&background=000000,ATHX MADRID 2026,Spain 🇪🇸,2026,Male,ATHX Pro,Overall,17 (476KG),43 (4.651KM),25 (14:19),,,,,,85
24,Oliver,Ruschke,Oliver Ruschke,Male,Germany,,https://athxgames.com/storage/profile-photos/eXXsewmYgSdHkGDfDJOefHLsKzk1tHBptVSTt6ne.jpg,ATHX BARCELONA 2026,Spain 🇪🇸,2026,Male,ATHX Pro,Overall,13 (481KG),39 (4.668KM),33 (15:48),,,,,,85
26,Steve,Jones,Steve Jones,Male,,,https://ui-avatars.com/api/?name=S+J&color=FFFFFF&background=000000,ATHX MADRID 2026,Spain 🇪🇸,2026,Male,ATHX Pro,Overall,39 (411KG),28 (4.838KM),19 (13:11),,,,,,86
26,Marc,Messori Vidal,Marc Messori Vidal,Male,,,https://ui-avatars.com/api/?name=M+M+V&color=FFFFFF&background=000000,ATHX BARCELONA 2026,Spain 🇪🇸,2026,Male,ATHX Pro,Overall,27 (444KG),29 (4.754KM),30 (15:22),,,,,,86
28,Andrés,Mármol Pérez,Andrés Mármol Pérez,Male,,,https://ui-avatars.com/api/?name=A+M+P&color=FFFFFF&background=000000,ATHX MADRID 2026,Spain 🇪🇸,2026,Male,ATHX Pro,Overall,36 (430KG),12 (5.139KM),41 (16:35),,,,,,89
29,Jose vicente,Ferrer chiral,Jose vicente Ferrer chiral,Male,,,https://ui-avatars.com/api/?name=J+v+F+c&color=FFFFFF&background=000000,ATHX MADRID 2026,Spain 🇪🇸,2026,Male,ATHX Pro,Overall,58 (360KG),12 (5.139KM),29 (15:13),,,,,,99
30,Jorge,Francés,Jorge Francés,Male,Spain,Ozaru,https://athxgames.com/storage/profile-photos/X785JwHfj9fIncbGlL9TDnAKl9QbVqo18ufnHz2f.jpg,ATHX MADRID 2026,Spain 🇪🇸,2026,Male,ATHX Pro,Overall,45 (383KG),18 (5.005KM),39 (16:33),,,,,,102
31,Léo,Ledeux,Léo Ledeux,Male,,,https://ui-avatars.com/api/?name=L+L&color=FFFFFF&background=000000,ATHX BARCELONA 2026,Spain 🇪🇸,2026,Male,ATHX Pro,Overall,1 (581KG),59 (4.269KM),44 (16:47),,,,,,104
32,Marin Constantin,iancu,Marin Constantin iancu,Male,,,https://ui-avatars.com/api/?name=M+C+i&color=FFFFFF&background=000000,ATHX BARCELONA 2026,Spain 🇪🇸,2026,Male,ATHX Pro,Overall,24 (450KG),49 (4.531KM),31 (15:31),,,,,,104
33,Diogo,Corrente,Diogo Corrente,Male,Portugal,CrossFit Odivelas,https://ui-avatars.com/api/?name=D+C&color=FFFFFF&background=000000,ATHX BARCELONA 2026,Spain 🇪🇸,2026,Male,ATHX Pro,Overall,10 (497KG),61 (4.257KM),34 (15:54),,,,,,105
34,Francisco Javier,Jimenez,Francisco Javier Jimenez,Male,,,https://ui-avatars.com/api/?name=F+J+J&color=FFFFFF&background=000000,ATHX MADRID 2026,Spain 🇪🇸,2026,Male,ATHX Pro,Overall,24 (450KG),45 (4.62KM),37 (16:13),,,,,,106
35,Elouan,Trottin,Elouan Trottin,Male,France,,https://ui-avatars.com/api/?name=E+T&color=FFFFFF&background=000000,ATHX MADRID 2026,Spain 🇪🇸,2026,Male,ATHX Pro,Overall,49 (375KG),32 (4.724KM),26 (14:22),,,,,,107
36,Moreau,Morgan,Moreau Morgan,Male,France,Burpees,https://athxgames.com/storage/profile-photos/3WBXe5Qu632D81iLABpbxuWSmIpmzoXkjYTTgpBV.jpg,ATHX MADRID 2026,Spain 🇪🇸,2026,Male,ATHX Pro,Overall,37 (427KG),33 (4.723KM),38 (16:19),,,,,,108
37,Marcin,Sawuła,Marcin Sawuła,Male,,,https://athxgames.com/storage/profile-photos/na6SxNm6r2OtOL93kZidzTjvVinjQn8AW0k7hfBi.jpg,ATHX BARCELONA 2026,Spain 🇪🇸,2026,Male,ATHX Pro,Overall,62 (340KG),16 (5.024KM),32 (15:36),,,,,,110
38,Karim,Amouch,Karim Amouch,Male,,,https://ui-avatars.com/api/?name=K+A&color=FFFFFF&background=000000,ATHX BARCELONA 2026,Spain 🇪🇸,2026,Male,ATHX Pro,Overall,19 (470KG),47 (4.613KM),45 (17:19),,,,,,111
39,Jose,Rajadell Planes,Jose Rajadell Planes,Male,Spain,OneBox Training,https://ui-avatars.com/api/?name=J+R+P&color=FFFFFF&background=000000,ATHX BARCELONA 2026,Spain 🇪🇸,2026,Male,ATHX Pro,Overall,16 (478KG),46 (4.615KM),51 (18:40),,,,,,113
40,Sullivan,LABORDE,Sullivan LABORDE,Male,France,,https://ui-avatars.com/api/?name=S+L&color=FFFFFF&background=000000,ATHX MADRID 2026,Spain 🇪🇸,2026,Male,ATHX Pro,Overall,41 (402KG),37 (4.707KM),36 (16:12),,,,,,114
41,Francisco Javier,Izaguirre,Francisco Javier Izaguirre,Male,,,https://ui-avatars.com/api/?name=F+J+I&color=FFFFFF&background=000000,ATHX MADRID 2026,Spain 🇪🇸,2026,Male,ATHX Pro,Overall,57 (362KG),19 (5KM),39 (16:33),,,,,,115
42,Andrei,Canseco,Andrei Canseco,Male,,,https://ui-avatars.com/api/?name=A+C&color=FFFFFF&background=000000,ATHX BARCELONA 2026,Spain 🇪🇸,2026,Male,ATHX Pro,Overall,60 (354KG),9 (5.246KM),47 (17:30),,,,,,116
43,Mario,Mennitto,Mario Mennitto,Male,,,https://ui-avatars.com/api/?name=M+M&color=FFFFFF&background=000000,ATHX BARCELONA 2026,Spain 🇪🇸,2026,Male,ATHX Pro,Overall,23 (451KG),53 (4.508KM),42 (16:36),,,,,,118
44,Wilber,Mayca,Wilber Mayca,Male,,,https://ui-avatars.com/api/?name=W+M&color=FFFFFF&background=000000,ATHX MADRID 2026,Spain 🇪🇸,2026,Male,ATHX Pro,Overall,42 (397KG),30 (4.734KM),52 (18:44),,,,,,124
45,Philipp,Lorber,Philipp Lorber,Male,,,https://ui-avatars.com/api/?name=P+L&color=FFFFFF&background=000000,ATHX MADRID 2026,Spain 🇪🇸,2026,Male,ATHX Pro,Overall,52 (370KG),39 (4.668KM),35 (15:58),,,,,,126
46,Alberto,Lopez,Alberto Lopez,Male,,,https://ui-avatars.com/api/?name=A+L&color=FFFFFF&background=000000,ATHX MADRID 2026,Spain 🇪🇸,2026,Male,ATHX Pro,Overall,22 (452KG),62 (4.016KM),43 (16:39),,,,,,127
47,Duarte,Carvalho,Duarte Carvalho,Male,Portugal,CFMaia,https://athxgames.com/storage/profile-photos/7ho5Q1x0GgGsmjj95Wc1AlaIaPM5ppJ3VoMbh30z.jpg,ATHX MADRID 2026,Spain 🇪🇸,2026,Male,ATHX Pro,Overall,48 (378KG),36 (4.712KM),46 (17:25),,,,,,130
48,Robert,Brown,Robert Brown,Male,United Kingdom,,https://ui-avatars.com/api/?name=R+B&color=FFFFFF&background=000000,ATHX BARCELONA 2026,Spain 🇪🇸,2026,Male,ATHX Pro,Overall,30 (438KG),52 (4.51KM),50 (18:37),,,,,,132
49,Dan,Bowker,Dan Bowker,Male,United Kingdom,Caveman Training,https://athxgames.com/storage/profile-photos/afOlHLgfHC6KhjagpXmfd83BA7VuCRDWOAgddd3c.jpg,ATHX MADRID 2026,Spain 🇪🇸,2026,Male,ATHX Pro,Overall,40 (410KG),44 (4.626KM),49 (17:39),,,,,,133
50,Zinsou,Christopher,Zinsou Christopher,Male,France,,https://athxgames.com/storage/profile-photos/n4gkvIexx2qksieMjqTzY0pq4FRLrSJx07dWT9df.jpg,ATHX BARCELONA 2026,Spain 🇪🇸,2026,Male,ATHX Pro,Overall,21 (460KG),55 (4.419KM),62 (22:13),,,,,,138
51,João,Leão,João Leão,Male,Portugal,,https://ui-avatars.com/api/?name=J+L&color=FFFFFF&background=000000,ATHX BARCELONA 2026,Spain 🇪🇸,2026,Male,ATHX Pro,Overall,49 (375KG),26 (4.882KM),65 (23:46),,,,,,140
52,Jamie,Newington,Jamie Newington,Male,,,https://ui-avatars.com/api/?name=J+N&color=FFFFFF&background=000000,ATHX MADRID 2026,Spain 🇪🇸,2026,Male,ATHX Pro,Overall,38 (425KG),51 (4.511KM),55 (19:15),,,,,,144
52,Ruben,Cunha,Ruben Cunha,Male,,,https://ui-avatars.com/api/?name=R+C&color=FFFFFF&background=000000,ATHX MADRID 2026,Spain 🇪🇸,2026,Male,ATHX Pro,Overall,53 (367KG),38 (4.701KM),53 (19:10),,,,,,144
54,Santi,Torre,Santi Torre,Male,,,https://athxgames.com/storage/profile-photos/X2EouhjvAsFVukp6cFsH9iVX28i6gUxhmqQNiIyU.jpg,ATHX MADRID 2026,Spain 🇪🇸,2026,Male,ATHX Pro,Overall,56 (363KG),41 (4.659KM),48 (17:35),,,,,,145
55,Juan,Iglesias Gonseth,Juan Iglesias Gonseth,Male,Spain,,https://ui-avatars.com/api/?name=J+I+G&color=FFFFFF&background=000000,ATHX MADRID 2026,Spain 🇪🇸,2026,Male,ATHX Pro,Overall,54 (366KG),42 (4.658KM),54 (19:14),,,,,,150
56,Victor,Mesa Fumero,Victor Mesa Fumero,Male,,,https://ui-avatars.com/api/?name=V+M+F&color=FFFFFF&background=000000,ATHX MADRID 2026,Spain 🇪🇸,2026,Male,ATHX Pro,Overall,59 (355KG),31 (4.728KM),61 (21:34),,,,,,151
57,Robert,Dallakian,Robert Dallakian,Male,,HybridBox,https://ui-avatars.com/api/?name=R+D&color=FFFFFF&background=000000,ATHX MADRID 2026,Spain 🇪🇸,2026,Male,ATHX Pro,Overall,34 (435KG),54 (4.46KM),64 (23:37),,,,,,152
57,Philipp,Malfatti,Philipp Malfatti,Male,,,https://ui-avatars.com/api/?name=P+M&color=FFFFFF&background=000000,ATHX BARCELONA 2026,Spain 🇪🇸,2026,Male,ATHX Pro,Overall,34 (435KG),55 (4.419KM),63 (23:06),,,,,,152
59,Nacho,Aliaga,Nacho Aliaga,Male,,,https://ui-avatars.com/api/?name=N+A&color=FFFFFF&background=000000,ATHX BARCELONA 2026,Spain 🇪🇸,2026,Male,ATHX Pro,Overall,47 (380KG),50 (4.527KM),56 (19:35),,,,,,153
60,Javier,Nistal Martínez,Javier Nistal Martínez,Male,Spain,MTeam,https://athxgames.com/storage/profile-photos/7E9SDlZYR5JBtxER4N8mcz3WmbqxLbkoeyb11IZW.jpg,ATHX MADRID 2026,Spain 🇪🇸,2026,Male,ATHX Pro,Overall,44 (393KG),63 (4.014KM),57 (19:56),,,,,,164
61,Daniel,Cabrera de los Santos,Daniel Cabrera de los Santos,Male,,,https://athxgames.com/storage/profile-photos/c9RQ2osQdTDi9K4msL4RhAdX4TCI9EvkP066cY3R.png,ATHX MADRID 2026,Spain 🇪🇸,2026,Male,ATHX Pro,Overall,55 (364KG),60 (4.268KM),58 (20:47),,,,,,173
62,Alexis,Duran,Alexis Duran,Male,,,https://athxgames.com/storage/profile-photos/CwkEkoAqlyI4VvsrZ4Rbw87hflfsaRAJl7lVCBh0.jpg,ATHX BARCELONA 2026,Spain 🇪🇸,2026,Male,ATHX Pro,Overall,63 (333KG),58 (4.281KM),59 (21:13),,,,,,180
63,Iván,Pereira Lopez,Iván Pereira Lopez,Male,,,https://ui-avatars.com/api/?name=I+P+L&color=FFFFFF&background=000000,ATHX MADRID 2026,Spain 🇪🇸,2026,Male,ATHX Pro,Overall,64 (323KG),57 (4.414KM),60 (21:21),,,,,,181
1,Ramón,Lecumberri Pastor,Ramón Lecumberri Pastor,Male,,,https://ui-avatars.com/api/?name=R+L+P&color=FFFFFF&background=000000,ATHX MADRID 2026,Spain 🇪🇸,2026,Male,ATHX Pro,Endurance,,,,,,,3KM,2.669KM,1
2,Luis,Garcia Rubio,Luis Garcia Rubio,Male,,,https://ui-avatars.com/api/?name=L+G+R&color=FFFFFF&background=000000,ATHX MADRID 2026,Spain 🇪🇸,2026,Male,ATHX Pro,Endurance,,,,,,,3KM,2.615KM,2
3,Thomas,Chesneau,Thomas Chesneau,Male,France,Hypro Hybrid Club,https://ui-avatars.com/api/?name=T+C&color=FFFFFF&background=000000,ATHX BARCELONA 2026,Spain 🇪🇸,2026,Male,ATHX Pro,Endurance,,,,,,,3KM,2.578KM,3
4,Ramón,Lecumberri Pastor,Ramón Lecumberri Pastor,Male,,,https://ui-avatars.com/api/?name=R+L+P&color=FFFFFF&background=000000,ATHX BARCELONA 2026,Spain 🇪🇸,2026,Male,ATHX Pro,Endurance,,,,,,,3.25KM,2.287KM,4
5,Michał,Wesołowski,Michał Wesołowski,Male,,,https://ui-avatars.com/api/?name=M+W&color=FFFFFF&background=000000,ATHX BARCELONA 2026,Spain 🇪🇸,2026,Male,ATHX Pro,Endurance,,,,,,,3KM,2.445KM,5
6,Angel,Amat Diez,Angel Amat Diez,Male,,,https://ui-avatars.com/api/?name=A+A+D&color=FFFFFF&background=000000,ATHX MADRID 2026,Spain 🇪🇸,2026,Male,ATHX Pro,Endurance,,,,,,,3KM,2.385KM,6
7,Guido,Susani,Guido Susani,Male,,,https://ui-avatars.com/api/?name=G+S&color=FFFFFF&background=000000,ATHX BARCELONA 2026,Spain 🇪🇸,2026,Male,ATHX Pro,Endurance,,,,,,,3KM,2.364KM,7
8,Marcel,Isinger,Marcel Isinger,Male,Germany,,https://athxgames.com/storage/profile-photos/6V1SXW9Abamio8XOl1YEsQIhdcoSe4NSoQoB4BN8.jpg,ATHX BARCELONA 2026,Spain 🇪🇸,2026,Male,ATHX Pro,Endurance,,,,,,,3KM,2.281KM,8
9,Andrei,Canseco,Andrei Canseco,Male,,,https://ui-avatars.com/api/?name=A+C&color=FFFFFF&background=000000,ATHX BARCELONA 2026,Spain 🇪🇸,2026,Male,ATHX Pro,Endurance,,,,,,,3KM,2.246KM,9
10,Tiago,Luzes,Tiago Luzes,Male,,,https://ui-avatars.com/api/?name=T+L&color=FFFFFF&background=000000,ATHX BARCELONA 2026,Spain 🇪🇸,2026,Male,ATHX Pro,Endurance,,,,,,,3KM,2.217KM,10
11,cristian,blazquez,cristian blazquez,Male,,,https://ui-avatars.com/api/?name=c+b&color=FFFFFF&background=000000,ATHX BARCELONA 2026,Spain 🇪🇸,2026,Male,ATHX Pro,Endurance,,,,,,,3KM,2.193KM,11
12,Andrés,Mármol Pérez,Andrés Mármol Pérez,Male,,,https://ui-avatars.com/api/?name=A+M+P&color=FFFFFF&background=000000,ATHX MADRID 2026,Spain 🇪🇸,2026,Male,ATHX Pro,Endurance,,,,,,,2.929KM,2.21KM,12
12,Jose vicente,Ferrer chiral,Jose vicente Ferrer chiral,Male,,,https://ui-avatars.com/api/?name=J+v+F+c&color=FFFFFF&background=000000,ATHX MADRID 2026,Spain 🇪🇸,2026,Male,ATHX Pro,Endurance,,,,,,,3KM,2.139KM,12
14,Charlie,Marchant,Charlie Marchant,Male,,,https://ui-avatars.com/api/?name=C+M&color=FFFFFF&background=000000,ATHX BARCELONA 2026,Spain 🇪🇸,2026,Male,ATHX Pro,Endurance,,,,,,,3KM,2.134KM,14
15,Javier,Blasco,Javier Blasco,Male,Spain,Hypro Training Club,https://ui-avatars.com/api/?name=J+B&color=FFFFFF&background=000000,ATHX MADRID 2026,Spain 🇪🇸,2026,Male,ATHX Pro,Endurance,,,,,,,3KM,2.061KM,15
16,Marcin,Sawuła,Marcin Sawuła,Male,,,https://athxgames.com/storage/profile-photos/na6SxNm6r2OtOL93kZidzTjvVinjQn8AW0k7hfBi.jpg,ATHX BARCELONA 2026,Spain 🇪🇸,2026,Male,ATHX Pro,Endurance,,,,,,,3KM,2.024KM,16
17,Alejandro,Briatore,Alejandro Briatore,Male,,,https://ui-avatars.com/api/?name=A+B&color=FFFFFF&background=000000,ATHX MADRID 2026,Spain 🇪🇸,2026,Male,ATHX Pro,Endurance,,,,,,,3KM,2.006KM,17
18,Jorge,Francés,Jorge Francés,Male,Spain,Ozaru,https://athxgames.com/storage/profile-photos/X785JwHfj9fIncbGlL9TDnAKl9QbVqo18ufnHz2f.jpg,ATHX MADRID 2026,Spain 🇪🇸,2026,Male,ATHX Pro,Endurance,,,,,,,3KM,2.005KM,18
19,Francisco Javier,Izaguirre,Francisco Javier Izaguirre,Male,,,https://ui-avatars.com/api/?name=F+J+I&color=FFFFFF&background=000000,ATHX MADRID 2026,Spain 🇪🇸,2026,Male,ATHX Pro,Endurance,,,,,,,2.993KM,2.007KM,19
20,Javier,Blasco,Javier Blasco,Male,Spain,Hypro Training Club,https://ui-avatars.com/api/?name=J+B&color=FFFFFF&background=000000,ATHX BARCELONA 2026,Spain 🇪🇸,2026,Male,ATHX Pro,Endurance,,,,,,,2.944KM,2.028KM,20
21,Sergio,Martin,Sergio Martin,Male,Spain,Only Fitness Club,https://athxgames.com/storage/profile-photos/HZFGzvPCdWOOer7budBTsciH5PLIBT3GeNno0Svh.jpg,ATHX MADRID 2026,Spain 🇪🇸,2026,Male,ATHX Pro,Endurance,,,,,,,2.942KM,2.013KM,21
21,Sergio,Martin,Sergio Martin,Male,Spain,Only Fitness Club,https://athxgames.com/storage/profile-photos/HZFGzvPCdWOOer7budBTsciH5PLIBT3GeNno0Svh.jpg,ATHX BARCELONA 2026,Spain 🇪🇸,2026,Male,ATHX Pro,Endurance,,,,,,,2.941KM,2.014KM,21
23,Eneko,Azcue,Eneko Azcue,Male,,,https://ui-avatars.com/api/?name=E+A&color=FFFFFF&background=000000,ATHX MADRID 2026,Spain 🇪🇸,2026,Male,ATHX Pro,Endurance,,,,,,,2.928KM,2.014KM,23
24,Pablo,Cazalis,Pablo Cazalis,Male,Spain,Crossfit Zarautz,https://athxgames.com/storage/profile-photos/GnxCD4hiAWcsYU8scs79x3W34kYyQBURQhonMIyT.jpg,ATHX BARCELONA 2026,Spain 🇪🇸,2026,Male,ATHX Pro,Endurance,,,,,,,2.903KM,2.028KM,24
25,Aleix,Franch ruiz,Aleix Franch ruiz,Male,,,https://ui-avatars.com/api/?name=A+F+r&color=FFFFFF&background=000000,ATHX BARCELONA 2026,Spain 🇪🇸,2026,Male,ATHX Pro,Endurance,,,,,,,2.915KM,2.009KM,25
26,João,Leão,João Leão,Male,Portugal,,https://ui-avatars.com/api/?name=J+L&color=FFFFFF&background=000000,ATHX BARCELONA 2026,Spain 🇪🇸,2026,Male,ATHX Pro,Endurance,,,,,,,2.87KM,2.012KM,26
27,Mulley,Branch,Mulley Branch,Male,United Kingdom,,https://ui-avatars.com/api/?name=M+B&color=FFFFFF&background=000000,ATHX MADRID 2026,Spain 🇪🇸,2026,Male,ATHX Pro,Endurance,,,,,,,2.831KM,2.017KM,27
28,Steve,Jones,Steve Jones,Male,,,https://ui-avatars.com/api/?name=S+J&color=FFFFFF&background=000000,ATHX MADRID 2026,Spain 🇪🇸,2026,Male,ATHX Pro,Endurance,,,,,,,2.829KM,2.009KM,28
29,Marc,Messori Vidal,Marc Messori Vidal,Male,,,https://ui-avatars.com/api/?name=M+M+V&color=FFFFFF&background=000000,ATHX BARCELONA 2026,Spain 🇪🇸,2026,Male,ATHX Pro,Endurance,,,,,,,2.75KM,2.004KM,29
30,Wilber,Mayca,Wilber Mayca,Male,,,https://ui-avatars.com/api/?name=W+M&color=FFFFFF&background=000000,ATHX MADRID 2026,Spain 🇪🇸,2026,Male,ATHX Pro,Endurance,,,,,,,2.721KM,2.013KM,30
31,Victor,Mesa Fumero,Victor Mesa Fumero,Male,,,https://ui-avatars.com/api/?name=V+M+F&color=FFFFFF&background=000000,ATHX MADRID 2026,Spain 🇪🇸,2026,Male,ATHX Pro,Endurance,,,,,,,2.721KM,2.007KM,31
32,Elouan,Trottin,Elouan Trottin,Male,France,,https://ui-avatars.com/api/?name=E+T&color=FFFFFF&background=000000,ATHX MADRID 2026,Spain 🇪🇸,2026,Male,ATHX Pro,Endurance,,,,,,,2.707KM,2.017KM,32
33,Moreau,Morgan,Moreau Morgan,Male,France,Burpees,https://athxgames.com/storage/profile-photos/3WBXe5Qu632D81iLABpbxuWSmIpmzoXkjYTTgpBV.jpg,ATHX MADRID 2026,Spain 🇪🇸,2026,Male,ATHX Pro,Endurance,,,,,,,2.704KM,2.019KM,33
34,Stephane,Cau,Stephane Cau,Male,France,Crossfit symbiote,https://ui-avatars.com/api/?name=S+C&color=FFFFFF&background=000000,ATHX MADRID 2026,Spain 🇪🇸,2026,Male,ATHX Pro,Endurance,,,,,,,2.707KM,2.01KM,34
35,Yassine,Belaji,Yassine Belaji,Male,France,,https://ui-avatars.com/api/?name=Y+B&color=FFFFFF&background=000000,ATHX BARCELONA 2026,Spain 🇪🇸,2026,Male,ATHX Pro,Endurance,,,,,,,2.708KM,2.007KM,35
36,Duarte,Carvalho,Duarte Carvalho,Male,Portugal,CFMaia,https://athxgames.com/storage/profile-photos/7ho5Q1x0GgGsmjj95Wc1AlaIaPM5ppJ3VoMbh30z.jpg,ATHX MADRID 2026,Spain 🇪🇸,2026,Male,ATHX Pro,Endurance,,,,,,,2.696KM,2.016KM,36
37,Sullivan,LABORDE,Sullivan LABORDE,Male,France,,https://ui-avatars.com/api/?name=S+L&color=FFFFFF&background=000000,ATHX MADRID 2026,Spain 🇪🇸,2026,Male,ATHX Pro,Endurance,,,,,,,2.692KM,2.015KM,37
38,Ruben,Cunha,Ruben Cunha,Male,,,https://ui-avatars.com/api/?name=R+C&color=FFFFFF&background=000000,ATHX MADRID 2026,Spain 🇪🇸,2026,Male,ATHX Pro,Endurance,,,,,,,2.69KM,2.011KM,38
39,Philipp,Lorber,Philipp Lorber,Male,,,https://ui-avatars.com/api/?name=P+L&color=FFFFFF&background=000000,ATHX MADRID 2026,Spain 🇪🇸,2026,Male,ATHX Pro,Endurance,,,,,,,2.667KM,2.001KM,39
39,Oliver,Ruschke,Oliver Ruschke,Male,Germany,,https://athxgames.com/storage/profile-photos/eXXsewmYgSdHkGDfDJOefHLsKzk1tHBptVSTt6ne.jpg,ATHX BARCELONA 2026,Spain 🇪🇸,2026,Male,ATHX Pro,Endurance,,,,,,,2.661KM,2.007KM,39
41,Santi,Torre,Santi Torre,Male,,,https://athxgames.com/storage/profile-photos/X2EouhjvAsFVukp6cFsH9iVX28i6gUxhmqQNiIyU.jpg,ATHX MADRID 2026,Spain 🇪🇸,2026,Male,ATHX Pro,Endurance,,,,,,,2.645KM,2.014KM,41
42,Juan,Iglesias Gonseth,Juan Iglesias Gonseth,Male,Spain,,https://ui-avatars.com/api/?name=J+I+G&color=FFFFFF&background=000000,ATHX MADRID 2026,Spain 🇪🇸,2026,Male,ATHX Pro,Endurance,,,,,,,2.649KM,2.009KM,42
43,Nacho,Villoria,Nacho Villoria,Male,Spain,,https://ui-avatars.com/api/?name=N+V&color=FFFFFF&background=000000,ATHX MADRID 2026,Spain 🇪🇸,2026,Male,ATHX Pro,Endurance,,,,,,,2.646KM,2.005KM,43
44,Dan,Bowker,Dan Bowker,Male,United Kingdom,Caveman Training,https://athxgames.com/storage/profile-photos/afOlHLgfHC6KhjagpXmfd83BA7VuCRDWOAgddd3c.jpg,ATHX MADRID 2026,Spain 🇪🇸,2026,Male,ATHX Pro,Endurance,,,,,,,2.623KM,2.003KM,44
45,Francisco Javier,Jimenez,Francisco Javier Jimenez,Male,,,https://ui-avatars.com/api/?name=F+J+J&color=FFFFFF&background=000000,ATHX MADRID 2026,Spain 🇪🇸,2026,Male,ATHX Pro,Endurance,,,,,,,2.606KM,2.014KM,45
46,Jose,Rajadell Planes,Jose Rajadell Planes,Male,Spain,OneBox Training,https://ui-avatars.com/api/?name=J+R+P&color=FFFFFF&background=000000,ATHX BARCELONA 2026,Spain 🇪🇸,2026,Male,ATHX Pro,Endurance,,,,,,,2.601KM,2.014KM,46
47,Karim,Amouch,Karim Amouch,Male,,,https://ui-avatars.com/api/?name=K+A&color=FFFFFF&background=000000,ATHX BARCELONA 2026,Spain 🇪🇸,2026,Male,ATHX Pro,Endurance,,,,,,,2.605KM,2.008KM,47
48,Gustavo adolfo,Rendon obando,Gustavo adolfo Rendon obando,Male,Spain,Gx CrossFit,https://ui-avatars.com/api/?name=G+a+R+o&color=FFFFFF&background=000000,ATHX MADRID 2026,Spain 🇪🇸,2026,Male,ATHX Pro,Endurance,,,,,,,2.536KM,2.011KM,48
49,Marin Constantin,iancu,Marin Constantin iancu,Male,,,https://ui-avatars.com/api/?name=M+C+i&color=FFFFFF&background=000000,ATHX BARCELONA 2026,Spain 🇪🇸,2026,Male,ATHX Pro,Endurance,,,,,,,2.517KM,2.014KM,49
50,Nacho,Aliaga,Nacho Aliaga,Male,,,https://ui-avatars.com/api/?name=N+A&color=FFFFFF&background=000000,ATHX BARCELONA 2026,Spain 🇪🇸,2026,Male,ATHX Pro,Endurance,,,,,,,2.51KM,2.017KM,50
51,Jamie,Newington,Jamie Newington,Male,,,https://ui-avatars.com/api/?name=J+N&color=FFFFFF&background=000000,ATHX MADRID 2026,Spain 🇪🇸,2026,Male,ATHX Pro,Endurance,,,,,,,2.5KM,2.011KM,51
52,Robert,Brown,Robert Brown,Male,United Kingdom,,https://ui-avatars.com/api/?name=R+B&color=FFFFFF&background=000000,ATHX BARCELONA 2026,Spain 🇪🇸,2026,Male,ATHX Pro,Endurance,,,,,,,2.498KM,2.012KM,52
53,Mario,Mennitto,Mario Mennitto,Male,,,https://ui-avatars.com/api/?name=M+M&color=FFFFFF&background=000000,ATHX BARCELONA 2026,Spain 🇪🇸,2026,Male,ATHX Pro,Endurance,,,,,,,2.5KM,2.008KM,53
54,Robert,Dallakian,Robert Dallakian,Male,,HybridBox,https://ui-avatars.com/api/?name=R+D&color=FFFFFF&background=000000,ATHX MADRID 2026,Spain 🇪🇸,2026,Male,ATHX Pro,Endurance,,,,,,,2.446KM,2.014KM,54
55,Philipp,Malfatti,Philipp Malfatti,Male,,,https://ui-avatars.com/api/?name=P+M&color=FFFFFF&background=000000,ATHX BARCELONA 2026,Spain 🇪🇸,2026,Male,ATHX Pro,Endurance,,,,,,,2.389KM,2.03KM,55
55,Zinsou,Christopher,Zinsou Christopher,Male,France,,https://athxgames.com/storage/profile-photos/n4gkvIexx2qksieMjqTzY0pq4FRLrSJx07dWT9df.jpg,ATHX BARCELONA 2026,Spain 🇪🇸,2026,Male,ATHX Pro,Endurance,,,,,,,2.399KM,2.02KM,55
57,Iván,Pereira Lopez,Iván Pereira Lopez,Male,,,https://ui-avatars.com/api/?name=I+P+L&color=FFFFFF&background=000000,ATHX MADRID 2026,Spain 🇪🇸,2026,Male,ATHX Pro,Endurance,,,,,,,2.398KM,2.016KM,57
58,Alexis,Duran,Alexis Duran,Male,,,https://athxgames.com/storage/profile-photos/CwkEkoAqlyI4VvsrZ4Rbw87hflfsaRAJl7lVCBh0.jpg,ATHX BARCELONA 2026,Spain 🇪🇸,2026,Male,ATHX Pro,Endurance,,,,,,,2.278KM,2.003KM,58
59,Léo,Ledeux,Léo Ledeux,Male,,,https://ui-avatars.com/api/?name=L+L&color=FFFFFF&background=000000,ATHX BARCELONA 2026,Spain 🇪🇸,2026,Male,ATHX Pro,Endurance,,,,,,,2.25KM,2.019KM,59
60,Daniel,Cabrera de los Santos,Daniel Cabrera de los Santos,Male,,,https://athxgames.com/storage/profile-photos/c9RQ2osQdTDi9K4msL4RhAdX4TCI9EvkP066cY3R.png,ATHX MADRID 2026,Spain 🇪🇸,2026,Male,ATHX Pro,Endurance,,,,,,,2.256KM,2.012KM,60
61,Diogo,Corrente,Diogo Corrente,Male,Portugal,CrossFit Odivelas,https://ui-avatars.com/api/?name=D+C&color=FFFFFF&background=000000,ATHX BARCELONA 2026,Spain 🇪🇸,2026,Male,ATHX Pro,Endurance,,,,,,,2.25KM,2.007KM,61
62,Alberto,Lopez,Alberto Lopez,Male,,,https://ui-avatars.com/api/?name=A+L&color=FFFFFF&background=000000,ATHX MADRID 2026,Spain 🇪🇸,2026,Male,ATHX Pro,Endurance,,,,,,,2KM,2.016KM,62
63,Javier,Nistal Martínez,Javier Nistal Martínez,Male,Spain,MTeam,https://athxgames.com/storage/profile-photos/7E9SDlZYR5JBtxER4N8mcz3WmbqxLbkoeyb11IZW.jpg,ATHX MADRID 2026,Spain 🇪🇸,2026,Male,ATHX Pro,Endurance,,,,,,,2KM,2.014KM,63
1,Luca,Bakos,Luca Bakos,Female,,,https://ui-avatars.com/api/?name=L+B&color=FFFFFF&background=000000,ATHX BARCELONA 2026,Spain 🇪🇸,2026,Female,ATHX,Strength,,,,60KG,116KG,143KG,,,1
2,Estelle,Letellier,Estelle Letellier,Female,France,,https://ui-avatars.com/api/?name=E+L&color=FFFFFF&background=000000,ATHX BARCELONA 2026,Spain 🇪🇸,2026,Female,ATHX,Strength,,,,53KG,110KG,145KG,,,2
3,Ellie,Meads,Ellie Meads,Female,United Kingdom,,https://ui-avatars.com/api/?name=E+M&color=FFFFFF&background=000000,ATHX MADRID 2026,Spain 🇪🇸,2026,Female,ATHX,Strength,,,,55KG,115KG,135KG,,,3
4,Christella,Soula,Christella Soula,Female,,,https://ui-avatars.com/api/?name=C+S&color=FFFFFF&background=000000,ATHX BARCELONA 2026,Spain 🇪🇸,2026,Female,ATHX,Strength,,,,43KG,105KG,150KG,,,4
5,Kitan,Eleyae-Tennent,Kitan Eleyae-Tennent,Female,,,https://ui-avatars.com/api/?name=K+E&color=FFFFFF&background=000000,ATHX BARCELONA 2026,Spain 🇪🇸,2026,Female,ATHX,Strength,,,,49KG,105KG,135KG,,,5
6,Laura,Mota López,Laura Mota López,Female,,,https://ui-avatars.com/api/?name=L+M+L&color=FFFFFF&background=000000,ATHX MADRID 2026,Spain 🇪🇸,2026,Female,ATHX,Strength,,,,49KG,110KG,120KG,,,6
7,Nikoletta,Dimera,Nikoletta Dimera,Female,Greece,23crew_gnl,https://ui-avatars.com/api/?name=N+D&color=FFFFFF&background=000000,ATHX BARCELONA 2026,Spain 🇪🇸,2026,Female,ATHX,Strength,,,,47KG,105KG,120KG,,,7
8,Lorrie,Robertson,Lorrie Robertson,Female,,,https://ui-avatars.com/api/?name=L+R&color=FFFFFF&background=000000,ATHX BARCELONA 2026,Spain 🇪🇸,2026,Female,ATHX,Strength,,,,43KG,100KG,125KG,,,8
9,Lucy,O Sullivan,Lucy O Sullivan,Female,Ireland,CROSSFIT MEATH,https://ui-avatars.com/api/?name=L+O+S&color=FFFFFF&background=000000,ATHX BARCELONA 2026,Spain 🇪🇸,2026,Female,ATHX,Strength,,,,46KG,106KG,114KG,,,9
10,Leanne,Mcveigh,Leanne Mcveigh,Female,,GPN Gyms,https://ui-avatars.com/api/?name=L+M&color=FFFFFF&background=000000,ATHX MADRID 2026,Spain 🇪🇸,2026,Female,ATHX,Strength,,,,30KG,90KG,145KG,,,10
10,Eni,Adeyemo,Eni Adeyemo,Female,,,https://ui-avatars.com/api/?name=E+A&color=FFFFFF&background=000000,ATHX BARCELONA 2026,Spain 🇪🇸,2026,Female,ATHX,Strength,,,,40KG,100KG,125KG,,,10
12,Johanna,König,Johanna König,Female,,,https://ui-avatars.com/api/?name=J+K&color=FFFFFF&background=000000,ATHX BARCELONA 2026,Spain 🇪🇸,2026,Female,ATHX,Strength,,,,44KG,105KG,115KG,,,12
13,Camilla,Rossi,Camilla Rossi,Female,,,https://ui-avatars.com/api/?name=C+R&color=FFFFFF&background=000000,ATHX BARCELONA 2026,Spain 🇪🇸,2026,Female,ATHX,Strength,,,,48KG,100KG,115KG,,,13
14,Lorrie,Robertson,Lorrie Robertson,Female,,,https://ui-avatars.com/api/?name=L+R&color=FFFFFF&background=000000,ATHX MADRID 2026,Spain 🇪🇸,2026,Female,ATHX,Strength,,,,42KG,95KG,125KG,,,14
15,Andrea,Candon Chapado,Andrea Candon Chapado,Female,Spain,NGU CROSSFIT,https://athxgames.com/storage/profile-photos/lWqDiCtdsCtrHcFKemZvRtIg8QhPTnNCcNWGaLp6.jpg,ATHX MADRID 2026,Spain 🇪🇸,2026,Female,ATHX,Strength,,,,40KG,100KG,120KG,,,15
16,Martina,Ghigo,Martina Ghigo,Female,,,https://ui-avatars.com/api/?name=M+G&color=FFFFFF&background=000000,ATHX BARCELONA 2026,Spain 🇪🇸,2026,Female,ATHX,Strength,,,,38KG,103KG,115KG,,,16
17,Maude,Dessart,Maude Dessart,Female,Belgium,,https://athxgames.com/storage/profile-photos/yMtKOJrNRXOzmMZQYBolBafNuj7T3pKQPOp8krYm.jpg,ATHX BARCELONA 2026,Spain 🇪🇸,2026,Female,ATHX,Strength,,,,47KG,85KG,122KG,,,17
18,Alba,Pereira Cotano,Alba Pereira Cotano,Female,,,https://ui-avatars.com/api/?name=A+P+C&color=FFFFFF&background=000000,ATHX MADRID 2026,Spain 🇪🇸,2026,Female,ATHX,Strength,,,,42KG,100KG,110KG,,,18
18,Sabrina,Zumbuehl,Sabrina Zumbuehl,Female,Switzerland,,https://ui-avatars.com/api/?name=S+Z&color=FFFFFF&background=000000,ATHX MADRID 2026,Spain 🇪🇸,2026,Female,ATHX,Strength,,,,40KG,90KG,122KG,,,18
18,NIEVES,GARCIA GARCIA,NIEVES GARCIA GARCIA,Female,Spain,BRAVO TRAINING,https://ui-avatars.com/api/?name=N+G+G&color=FFFFFF&background=000000,ATHX MADRID 2026,Spain 🇪🇸,2026,Female,ATHX,Strength,,,,47KG,95KG,110KG,,,18
18,Chloe,Coote,Chloe Coote,Female,,,https://ui-avatars.com/api/?name=C+C&color=FFFFFF&background=000000,ATHX BARCELONA 2026,Spain 🇪🇸,2026,Female,ATHX,Strength,,,,37KG,95KG,120KG,,,18
22,Lila,B,Lila B,Female,,,https://ui-avatars.com/api/?name=L+B&color=FFFFFF&background=000000,ATHX MADRID 2026,Spain 🇪🇸,2026,Female,ATHX,Strength,,,,46KG,95KG,110KG,,,22
22,Inês,Pereira,Inês Pereira,Female,,,https://ui-avatars.com/api/?name=I+P&color=FFFFFF&background=000000,ATHX BARCELONA 2026,Spain 🇪🇸,2026,Female,ATHX,Strength,,,,45KG,95KG,111KG,,,22
22,Sumaty,Hernandez,Sumaty Hernandez,Female,,,https://ui-avatars.com/api/?name=S+H&color=FFFFFF&background=000000,ATHX BARCELONA 2026,Spain 🇪🇸,2026,Female,ATHX,Strength,,,,43KG,93KG,115KG,,,22
25,Milou,van Beek,Milou van Beek,Female,Netherlands,La Colmena CrossFit,https://athxgames.com/storage/profile-photos/EzxjnGgz2VN3lwiWMpIAkPjJsYqWnYwy02Awfr4n.jpg,ATHX MADRID 2026,Spain 🇪🇸,2026,Female,ATHX,Strength,,,,44KG,84KG,122KG,,,25
25,Babett,Groholy,Babett Groholy,Female,Hungary,Crossfit Aarau,https://athxgames.com/storage/profile-photos/tGRUfZBngz6ZQYhZ42DglnSTb3zFepVQqsf4nDLK.jpg,ATHX BARCELONA 2026,Spain 🇪🇸,2026,Female,ATHX,Strength,,,,50KG,80KG,120KG,,,25
27,Ilina,Slaveykova,Ilina Slaveykova,Female,,,https://ui-avatars.com/api/?name=I+S&color=FFFFFF&background=000000,ATHX BARCELONA 2026,Spain 🇪🇸,2026,Female,ATHX,Strength,,,,39KG,95KG,115KG,,,27
28,Holly,Earl,Holly Earl,Female,,,https://ui-avatars.com/api/?name=H+E&color=FFFFFF&background=000000,ATHX BARCELONA 2026,Spain 🇪🇸,2026,Female,ATHX,Strength,,,,43KG,85KG,120KG,,,28
28,Justine,Fauchier,Justine Fauchier,Female,,,https://ui-avatars.com/api/?name=J+F&color=FFFFFF&background=000000,ATHX BARCELONA 2026,Spain 🇪🇸,2026,Female,ATHX,Strength,,,,45KG,90KG,113KG,,,28
30,Jana,Rathje,Jana Rathje,Female,Germany,,https://athxgames.com/storage/profile-photos/cfIfzXpS2o00iK2qewW2kC4hFZfdri69d3UQY5wq.jpg,ATHX MADRID 2026,Spain 🇪🇸,2026,Female,ATHX,Strength,,,,37KG,95KG,115KG,,,30
31,Klaudia,Bolsch,Klaudia Bolsch,Female,,,https://ui-avatars.com/api/?name=K+B&color=FFFFFF&background=000000,ATHX BARCELONA 2026,Spain 🇪🇸,2026,Female,ATHX,Strength,,,,43KG,100KG,100KG,,,31
32,Julia Christina,Hampel,Julia Christina Hampel,Female,,,https://ui-avatars.com/api/?name=J+C+H&color=FFFFFF&background=000000,ATHX BARCELONA 2026,Spain 🇪🇸,2026,Female,ATHX,Strength,,,,42KG,90KG,110KG,,,32
32,Muriel,Lamothe,Muriel Lamothe,Female,,,https://ui-avatars.com/api/?name=M+L&color=FFFFFF&background=000000,ATHX BARCELONA 2026,Spain 🇪🇸,2026,Female,ATHX,Strength,,,,44KG,83KG,115KG,,,32
32,Aurélie,Jacomme,Aurélie Jacomme,Female,,,https://ui-avatars.com/api/?name=A+J&color=FFFFFF&background=000000,ATHX BARCELONA 2026,Spain 🇪🇸,2026,Female,ATHX,Strength,,,,43KG,82KG,117KG,,,32
35,Ana,De la Rosa Casado,Ana De la Rosa Casado,Female,,,https://ui-avatars.com/api/?name=A+D+l+R+C&color=FFFFFF&background=000000,ATHX MADRID 2026,Spain 🇪🇸,2026,Female,ATHX,Strength,,,,50KG,100KG,90KG,,,35
36,Clara María,Vázquez López,Clara María Vázquez López,Female,,,https://ui-avatars.com/api/?name=C+M+V+L&color=FFFFFF&background=000000,ATHX MADRID 2026,Spain 🇪🇸,2026,Female,ATHX,Strength,,,,45KG,88KG,105KG,,,36
36,Adriane,Martin,Adriane Martin,Female,Austria,,https://ui-avatars.com/api/?name=A+M&color=FFFFFF&background=000000,ATHX BARCELONA 2026,Spain 🇪🇸,2026,Female,ATHX,Strength,,,,43KG,85KG,110KG,,,36
38,Bianca,Sierra,Bianca Sierra,Female,Mexico,,https://athxgames.com/storage/profile-photos/6cKChlM90xpVaBQZm195Q2EQwMwDaTeIBxst4hxQ.jpg,ATHX MADRID 2026,Spain 🇪🇸,2026,Female,ATHX,Strength,,,,42KG,94KG,100KG,,,38
39,Yasmin Scalco Silveira ,Cavalcant,Yasmin Scalco Silveira  Cavalcant,Female,,,https://ui-avatars.com/api/?name=Y+S+S++C&color=FFFFFF&background=000000,ATHX BARCELONA 2026,Spain 🇪🇸,2026,Female,ATHX,Strength,,,,36KG,99KG,100KG,,,39
39,Sabine,Esquiva,Sabine Esquiva,Female,France,Freeness Narbonne,https://ui-avatars.com/api/?name=S+E&color=FFFFFF&background=000000,ATHX BARCELONA 2026,Spain 🇪🇸,2026,Female,ATHX,Strength,,,,45KG,80KG,110KG,,,39
41,Bridgette,Duarte,Bridgette Duarte,Female,United States,,https://athxgames.com/storage/profile-photos/m8vw0BTbyjJjppOmO1g3Lq0RKOONOVyc6ZJogZkK.jpg,ATHX BARCELONA 2026,Spain 🇪🇸,2026,Female,ATHX,Strength,,,,40KG,89KG,105KG,,,41
41,Mélanie,BECKER,Mélanie BECKER,Female,,,https://ui-avatars.com/api/?name=M+B&color=FFFFFF&background=000000,ATHX BARCELONA 2026,Spain 🇪🇸,2026,Female,ATHX,Strength,,,,39KG,90KG,105KG,,,41
41,Giulia,Delle Monache,Giulia Delle Monache,Female,,,https://ui-avatars.com/api/?name=G+D+M&color=FFFFFF&background=000000,ATHX BARCELONA 2026,Spain 🇪🇸,2026,Female,ATHX,Strength,,,,34KG,90KG,110KG,,,41
44,DILETA,GUOGAITE,DILETA GUOGAITE,Female,Lithuania,,https://ui-avatars.com/api/?name=D+G&color=FFFFFF&background=000000,ATHX MADRID 2026,Spain 🇪🇸,2026,Female,ATHX,Strength,,,,43KG,94KG,95KG,,,44
45,Sara,Brusco,Sara Brusco,Female,Italy,Sara Brusco,https://ui-avatars.com/api/?name=S+B&color=FFFFFF&background=000000,ATHX MADRID 2026,Spain 🇪🇸,2026,Female,ATHX,Strength,,,,38KG,85KG,108KG,,,45
45,María Daniela,Alcaza,María Daniela Alcaza,Female,Argentina,,https://ui-avatars.com/api/?name=M+D+A&color=FFFFFF&background=000000,ATHX BARCELONA 2026,Spain 🇪🇸,2026,Female,ATHX,Strength,,,,41KG,85KG,105KG,,,45
47,Irati,Murua,Irati Murua,Female,Spain,Crossfit gasteiz,https://ui-avatars.com/api/?name=I+M&color=FFFFFF&background=000000,ATHX BARCELONA 2026,Spain 🇪🇸,2026,Female,ATHX,Strength,,,,48KG,83KG,98KG,,,47
48,Celia,Benito,Celia Benito,Female,,,https://ui-avatars.com/api/?name=C+B&color=FFFFFF&background=000000,ATHX MADRID 2026,Spain 🇪🇸,2026,Female,ATHX,Strength,,,,48KG,80KG,100KG,,,48
48,Karolina,Gotowała,Karolina Gotowała,Female,Poland,Podziemia Hadesa,https://ui-avatars.com/api/?name=K+G&color=FFFFFF&background=000000,ATHX BARCELONA 2026,Spain 🇪🇸,2026,Female,ATHX,Strength,,,,43KG,80KG,105KG,,,48
50,Claudia,Lázaro,Claudia Lázaro,Female,Spain,CrossSpartan Box,https://ui-avatars.com/api/?name=C+L&color=FFFFFF&background=000000,ATHX MADRID 2026,Spain 🇪🇸,2026,Female,ATHX,Strength,,,,37KG,95KG,95KG,,,50
50,Rhea,Knight,Rhea Knight,Female,,,https://ui-avatars.com/api/?name=R+K&color=FFFFFF&background=000000,ATHX MADRID 2026,Spain 🇪🇸,2026,Female,ATHX,Strength,,,,35KG,87KG,105KG,,,50
52,Aurélie,Jacomme,Aurélie Jacomme,Female,,,https://ui-avatars.com/api/?name=A+J&color=FFFFFF&background=000000,ATHX MADRID 2026,Spain 🇪🇸,2026,Female,ATHX,Strength,,,,42KG,74KG,110KG,,,52
53,Lara,Muñoz,Lara Muñoz,Female,,,https://ui-avatars.com/api/?name=L+M&color=FFFFFF&background=000000,ATHX MADRID 2026,Spain 🇪🇸,2026,Female,ATHX,Strength,,,,48KG,85KG,92KG,,,53
53,Pearl,Biervliet,Pearl Biervliet,Female,,,https://ui-avatars.com/api/?name=P+B&color=FFFFFF&background=000000,ATHX BARCELONA 2026,Spain 🇪🇸,2026,Female,ATHX,Strength,,,,50KG,85KG,90KG,,,53
55,Giovanna,Rodriguez Rodriguez,Giovanna Rodriguez Rodriguez,Female,,,https://ui-avatars.com/api/?name=G+R+R&color=FFFFFF&background=000000,ATHX MADRID 2026,Spain 🇪🇸,2026,Female,ATHX,Strength,,,,40KG,92KG,92KG,,,55
56,Kathryn,Kerr,Kathryn Kerr,Female,,MVMT,https://ui-avatars.com/api/?name=K+K&color=FFFFFF&background=000000,ATHX MADRID 2026,Spain 🇪🇸,2026,Female,ATHX,Strength,,,,35KG,85KG,100KG,,,56
57,Meryem,Ouajjou,Meryem Ouajjou,Female,Morocco,,https://ui-avatars.com/api/?name=M+O&color=FFFFFF&background=000000,ATHX MADRID 2026,Spain 🇪🇸,2026,Female,ATHX,Strength,,,,37KG,82KG,100KG,,,57
58,Andrea,Verde,Andrea Verde,Female,,,https://ui-avatars.com/api/?name=A+V&color=FFFFFF&background=000000,ATHX MADRID 2026,Spain 🇪🇸,2026,Female,ATHX,Strength,,,,45KG,73KG,100KG,,,58
58,Maria,Pinilla del Pino,Maria Pinilla del Pino,Female,Spain,Versus CrossFit,https://ui-avatars.com/api/?name=M+P+d+P&color=FFFFFF&background=000000,ATHX MADRID 2026,Spain 🇪🇸,2026,Female,ATHX,Strength,,,,43KG,80KG,95KG,,,58
58,Anne,Schmidt,Anne Schmidt,Female,Germany,RamboX CrossFit,https://ui-avatars.com/api/?name=A+S&color=FFFFFF&background=000000,ATHX BARCELONA 2026,Spain 🇪🇸,2026,Female,ATHX,Strength,,,,40KG,68KG,110KG,,,58
61,Annie,Choquette,Annie Choquette,Female,,,https://ui-avatars.com/api/?name=A+C&color=FFFFFF&background=000000,ATHX MADRID 2026,Spain 🇪🇸,2026,Female,ATHX,Strength,,,,40KG,85KG,92KG,,,61
61,LHENRY,Marine,LHENRY Marine,Female,France,,https://ui-avatars.com/api/?name=L+M&color=FFFFFF&background=000000,ATHX BARCELONA 2026,Spain 🇪🇸,2026,Female,ATHX,Strength,,,,40KG,82KG,95KG,,,61
63,Yasmin,Chamberlain,Yasmin Chamberlain,Female,,,https://ui-avatars.com/api/?name=Y+C&color=FFFFFF&background=000000,ATHX BARCELONA 2026,Spain 🇪🇸,2026,Female,ATHX,Strength,,,,40KG,75KG,100KG,,,63
63,Camila,De la peña,Camila De la peña,Female,,,https://ui-avatars.com/api/?name=C+D+l+p&color=FFFFFF&background=000000,ATHX BARCELONA 2026,Spain 🇪🇸,2026,Female,ATHX,Strength,,,,37KG,83KG,95KG,,,63
65,Hollie,Garforth,Hollie Garforth,Female,,,https://ui-avatars.com/api/?name=H+G&color=FFFFFF&background=000000,ATHX BARCELONA 2026,Spain 🇪🇸,2026,Female,ATHX,Strength,,,,38KG,80KG,95KG,,,65
65,Ines,Gruber,Ines Gruber,Female,,,https://athxgames.com/storage/profile-photos/JyZEVFgtczAeHdwHP5wWbGT8HGUmN0LxObHiW2LK.jpg,ATHX BARCELONA 2026,Spain 🇪🇸,2026,Female,ATHX,Strength,,,,37KG,80KG,96KG,,,65
67,Mireia,Jover,Mireia Jover,Female,,,https://ui-avatars.com/api/?name=M+J&color=FFFFFF&background=000000,ATHX MADRID 2026,Spain 🇪🇸,2026,Female,ATHX,Strength,,,,42KG,80KG,90KG,,,67
67,Abbie,Dean,Abbie Dean,Female,,,https://ui-avatars.com/api/?name=A+D&color=FFFFFF&background=000000,ATHX MADRID 2026,Spain 🇪🇸,2026,Female,ATHX,Strength,,,,32KG,85KG,95KG,,,67
69,Monica,Mañá,Monica Mañá,Female,,,https://ui-avatars.com/api/?name=M+M&color=FFFFFF&background=000000,ATHX BARCELONA 2026,Spain 🇪🇸,2026,Female,ATHX,Strength,,,,36KG,72KG,97KG,,,69
70,Claudia,Vinhas de Sousa,Claudia Vinhas de Sousa,Female,Portugal,CrossFit Alvalade,https://athxgames.com/storage/profile-photos/LYHDeNuDcWHIO0G3q4CxpvXWQf2ZaPGcJc5zcz2v.jpg,ATHX MADRID 2026,Spain 🇪🇸,2026,Female,ATHX,Strength,,,,43KG,70KG,90KG,,,70
70,Vivian,Gonzalez,Vivian Gonzalez,Female,,,https://ui-avatars.com/api/?name=V+G&color=FFFFFF&background=000000,ATHX BARCELONA 2026,Spain 🇪🇸,2026,Female,ATHX,Strength,,,,35KG,80KG,88KG,,,70
72,Olivia,Hornung,Olivia Hornung,Female,,,https://ui-avatars.com/api/?name=O+H&color=FFFFFF&background=000000,ATHX BARCELONA 2026,Spain 🇪🇸,2026,Female,ATHX,Strength,,,,32KG,75KG,95KG,,,72
73,Olivia,Hornung,Olivia Hornung,Female,,,https://ui-avatars.com/api/?name=O+H&color=FFFFFF&background=000000,ATHX MADRID 2026,Spain 🇪🇸,2026,Female,ATHX,Strength,,,,35KG,70KG,95KG,,,73
73,Gretta Marii,Tirman,Gretta Marii Tirman,Female,Estonia,Crossfit Viljandi,https://ui-avatars.com/api/?name=G+M+T&color=FFFFFF&background=000000,ATHX BARCELONA 2026,Spain 🇪🇸,2026,Female,ATHX,Strength,,,,35KG,73KG,92KG,,,73
75,Luísa,Mesquita,Luísa Mesquita,Female,Portugal,Crossfit Mondego,https://ui-avatars.com/api/?name=L+M&color=FFFFFF&background=000000,ATHX MADRID 2026,Spain 🇪🇸,2026,Female,ATHX,Strength,,,,39KG,70KG,89KG,,,75
76,Lauréline,Berry,Lauréline Berry,Female,,,https://ui-avatars.com/api/?name=L+B&color=FFFFFF&background=000000,ATHX BARCELONA 2026,Spain 🇪🇸,2026,Female,ATHX,Strength,,,,34KG,80KG,82KG,,,76
77,JULIA,VIVO HIDALGO,JULIA VIVO HIDALGO,Female,Spain,Laucala,https://ui-avatars.com/api/?name=J+V+H&color=FFFFFF&background=000000,ATHX MADRID 2026,Spain 🇪🇸,2026,Female,ATHX,Strength,,,,32KG,75KG,87KG,,,77
78,laia,luque,laia luque,Female,,,https://ui-avatars.com/api/?name=l+l&color=FFFFFF&background=000000,ATHX BARCELONA 2026,Spain 🇪🇸,2026,Female,ATHX,Strength,,,,32KG,70KG,90KG,,,78
79,Isabella,Steains,Isabella Steains,Female,,,https://ui-avatars.com/api/?name=I+S&color=FFFFFF&background=000000,ATHX MADRID 2026,Spain 🇪🇸,2026,Female,ATHX,Strength,,,,38KG,73KG,80KG,,,79
79,Asmaa,Ait bobat,Asmaa Ait bobat,Female,,,https://ui-avatars.com/api/?name=A+A+b&color=FFFFFF&background=000000,ATHX BARCELONA 2026,Spain 🇪🇸,2026,Female,ATHX,Strength,,,,33KG,75KG,83KG,,,79
81,Anthea,Gibson,Anthea Gibson,Female,,,https://ui-avatars.com/api/?name=A+G&color=FFFFFF&background=000000,ATHX MADRID 2026,Spain 🇪🇸,2026,Female,ATHX,Strength,,,,35KG,75KG,80KG,,,81
81,Hannah,Delahunt,Hannah Delahunt,Female,,,https://ui-avatars.com/api/?name=H+D&color=FFFFFF&background=000000,ATHX BARCELONA 2026,Spain 🇪🇸,2026,Female,ATHX,Strength,,,,32KG,78KG,80KG,,,81
83,Katie,Main,Katie Main,Female,,,https://ui-avatars.com/api/?name=K+M&color=FFFFFF&background=000000,ATHX BARCELONA 2026,Spain 🇪🇸,2026,Female,ATHX,Strength,,,,37KG,70KG,80KG,,,83
84,Irene,Santi,Irene Santi,Female,,,https://ui-avatars.com/api/?name=I+S&color=FFFFFF&background=000000,ATHX BARCELONA 2026,Spain 🇪🇸,2026,Female,ATHX,Strength,,,,37KG,64KG,84KG,,,84
84,Farzana,Kaufmann,Farzana Kaufmann,Female,Switzerland,,https://ui-avatars.com/api/?name=F+K&color=FFFFFF&background=000000,ATHX BARCELONA 2026,Spain 🇪🇸,2026,Female,ATHX,Strength,,,,35KG,65KG,85KG,,,84
84,Elena,Lacatus,Elena Lacatus,Female,,,https://ui-avatars.com/api/?name=E+L&color=FFFFFF&background=000000,ATHX BARCELONA 2026,Spain 🇪🇸,2026,Female,ATHX,Strength,,,,30KG,70KG,85KG,,,84
87,Joana,Ribeiro,Joana Ribeiro,Female,,,https://ui-avatars.com/api/?name=J+R&color=FFFFFF&background=000000,ATHX BARCELONA 2026,Spain 🇪🇸,2026,Female,ATHX,Strength,,,,35KG,60KG,85KG,,,87
88,Hannah,Coutts,Hannah Coutts,Female,,,https://ui-avatars.com/api/?name=H+C&color=FFFFFF&background=000000,ATHX MADRID 2026,Spain 🇪🇸,2026,Female,ATHX,Strength,,,,34KG,60KG,85KG,,,88
88,Thaissa,Lespagnard,Thaissa Lespagnard,Female,,,https://ui-avatars.com/api/?name=T+L&color=FFFFFF&background=000000,ATHX BARCELONA 2026,Spain 🇪🇸,2026,Female,ATHX,Strength,,,,36KG,63KG,80KG,,,88
90,Ceri,Nicholas,Ceri Nicholas,Female,,,https://ui-avatars.com/api/?name=C+N&color=FFFFFF&background=000000,ATHX BARCELONA 2026,Spain 🇪🇸,2026,Female,ATHX,Strength,,,,33KG,60KG,85KG,,,90
91,María,Aledo,María Aledo,Female,,,https://ui-avatars.com/api/?name=M+A&color=FFFFFF&background=000000,ATHX MADRID 2026,Spain 🇪🇸,2026,Female,ATHX,Strength,,,,32KG,65KG,80KG,,,91
91,Joelle,Siciliano Silivestro,Joelle Siciliano Silivestro,Female,,,https://ui-avatars.com/api/?name=J+S+S&color=FFFFFF&background=000000,ATHX BARCELONA 2026,Spain 🇪🇸,2026,Female,ATHX,Strength,,,,32KG,60KG,85KG,,,91
93,Vanesa,Vizuete López,Vanesa Vizuete López,Female,Spain,,https://ui-avatars.com/api/?name=V+V+L&color=FFFFFF&background=000000,ATHX BARCELONA 2026,Spain 🇪🇸,2026,Female,ATHX,Strength,,,,33KG,70KG,73KG,,,93
94,Aliya,Chugani,Aliya Chugani,Female,,,https://ui-avatars.com/api/?name=A+C&color=FFFFFF&background=000000,ATHX BARCELONA 2026,Spain 🇪🇸,2026,Female,ATHX,Strength,,,,33KG,55KG,81KG,,,94
95,Joana,Bica,Joana Bica,Female,,,https://ui-avatars.com/api/?name=J+B&color=FFFFFF&background=000000,ATHX BARCELONA 2026,Spain 🇪🇸,2026,Female,ATHX,Strength,,,,35KG,60KG,73KG,,,95
96,Carmen,Gomez del Pino,Carmen Gomez del Pino,Female,,,https://athxgames.com/storage/profile-photos/BO5g5Z8C1byzvHld8kuZfZr3j9UWtYWyT6onGeeM.jpg,ATHX MADRID 2026,Spain 🇪🇸,2026,Female,ATHX,Strength,,,,32KG,60KG,75KG,,,96
97,Conny,Ploth,Conny Ploth,Female,,,https://ui-avatars.com/api/?name=C+P&color=FFFFFF&background=000000,ATHX MADRID 2026,Spain 🇪🇸,2026,Female,ATHX,Strength,,,,36KG,55KG,75KG,,,97
97,Silvia,Garcia,Silvia Garcia,Female,,,https://ui-avatars.com/api/?name=S+G&color=FFFFFF&background=000000,ATHX MADRID 2026,Spain 🇪🇸,2026,Female,ATHX,Strength,,,,33KG,61KG,72KG,,,97
99,GEMMA,MORERA CARDENAS,GEMMA MORERA CARDENAS,Female,Spain,Megasport,https://ui-avatars.com/api/?name=G+M+C&color=FFFFFF&background=000000,ATHX BARCELONA 2026,Spain 🇪🇸,2026,Female,ATHX,Strength,,,,30KG,60KG,75KG,,,99
100,Claire,Agius Ordway,Claire Agius Ordway,Female,,,https://ui-avatars.com/api/?name=C+A+O&color=FFFFFF&background=000000,ATHX MADRID 2026,Spain 🇪🇸,2026,Female,ATHX,Strength,,,,29KG,62KG,70KG,,,100
100,Hannah,Coutts,Hannah Coutts,Female,,,https://ui-avatars.com/api/?name=H+C&color=FFFFFF&background=000000,ATHX BARCELONA 2026,Spain 🇪🇸,2026,Female,ATHX,Strength,,,,31KG,55KG,75KG,,,100
102,Aline,Moreau,Aline Moreau,Female,,,https://ui-avatars.com/api/?name=A+M&color=FFFFFF&background=000000,ATHX BARCELONA 2026,Spain 🇪🇸,2026,Female,ATHX,Strength,,,,29KG,61KG,70KG,,,102
103,Lucy,C,Lucy C,Female,,,https://ui-avatars.com/api/?name=L+C&color=FFFFFF&background=000000,ATHX MADRID 2026,Spain 🇪🇸,2026,Female,ATHX,Strength,,,,30KG,53KG,73KG,,,103
103,Marta,Matarredona,Marta Matarredona,Female,Spain,,https://ui-avatars.com/api/?name=M+M&color=FFFFFF&background=000000,ATHX BARCELONA 2026,Spain 🇪🇸,2026,Female,ATHX,Strength,,,,30KG,56KG,70KG,,,103
105,Paulina,Gallardo,Paulina Gallardo,Female,Mexico,Invictum,https://ui-avatars.com/api/?name=P+G&color=FFFFFF&background=000000,ATHX MADRID 2026,Spain 🇪🇸,2026,Female,ATHX,Strength,,,,33KG,48KG,65KG,,,105
106,Tania,Barcenas Juarez,Tania Barcenas Juarez,Female,,,https://ui-avatars.com/api/?name=T+B+J&color=FFFFFF&background=000000,ATHX MADRID 2026,Spain 🇪🇸,2026,Female,ATHX,Strength,,,,32KG,50KG,62KG,,,106
1,Nikoletta,Dimera,Nikoletta Dimera,Female,Greece,23crew_gnl,https://ui-avatars.com/api/?name=N+D&color=FFFFFF&background=000000,ATHX BARCELONA 2026,Spain 🇪🇸,2026,Female,ATHX,MetCon X,,,07:30,,,,,,1
2,Camila,De la peña,Camila De la peña,Female,,,https://ui-avatars.com/api/?name=C+D+l+p&color=FFFFFF&background=000000,ATHX BARCELONA 2026,Spain 🇪🇸,2026,Female,ATHX,MetCon X,,,09:13,,,,,,2
3,Babett,Groholy,Babett Groholy,Female,Hungary,Crossfit Aarau,https://athxgames.com/storage/profile-photos/tGRUfZBngz6ZQYhZ42DglnSTb3zFepVQqsf4nDLK.jpg,ATHX BARCELONA 2026,Spain 🇪🇸,2026,Female,ATHX,MetCon X,,,09:15,,,,,,3
4,Milou,van Beek,Milou van Beek,Female,Netherlands,La Colmena CrossFit,https://athxgames.com/storage/profile-photos/EzxjnGgz2VN3lwiWMpIAkPjJsYqWnYwy02Awfr4n.jpg,ATHX MADRID 2026,Spain 🇪🇸,2026,Female,ATHX,MetCon X,,,09:24,,,,,,4
5,LHENRY,Marine,LHENRY Marine,Female,France,,https://ui-avatars.com/api/?name=L+M&color=FFFFFF&background=000000,ATHX BARCELONA 2026,Spain 🇪🇸,2026,Female,ATHX,MetCon X,,,09:26,,,,,,5
6,Sara,Brusco,Sara Brusco,Female,Italy,Sara Brusco,https://ui-avatars.com/api/?name=S+B&color=FFFFFF&background=000000,ATHX MADRID 2026,Spain 🇪🇸,2026,Female,ATHX,MetCon X,,,09:35,,,,,,6
7,Katie,Main,Katie Main,Female,,,https://ui-avatars.com/api/?name=K+M&color=FFFFFF&background=000000,ATHX BARCELONA 2026,Spain 🇪🇸,2026,Female,ATHX,MetCon X,,,09:57,,,,,,7
8,Maude,Dessart,Maude Dessart,Female,Belgium,,https://athxgames.com/storage/profile-photos/yMtKOJrNRXOzmMZQYBolBafNuj7T3pKQPOp8krYm.jpg,ATHX BARCELONA 2026,Spain 🇪🇸,2026,Female,ATHX,MetCon X,,,10:13,,,,,,8
9,Luca,Bakos,Luca Bakos,Female,,,https://ui-avatars.com/api/?name=L+B&color=FFFFFF&background=000000,ATHX BARCELONA 2026,Spain 🇪🇸,2026,Female,ATHX,MetCon X,,,10:16,,,,,,9
10,Chloe,Coote,Chloe Coote,Female,,,https://ui-avatars.com/api/?name=C+C&color=FFFFFF&background=000000,ATHX BARCELONA 2026,Spain 🇪🇸,2026,Female,ATHX,MetCon X,,,10:19,,,,,,10
11,Andrea,Candon Chapado,Andrea Candon Chapado,Female,Spain,NGU CROSSFIT,https://athxgames.com/storage/profile-photos/lWqDiCtdsCtrHcFKemZvRtIg8QhPTnNCcNWGaLp6.jpg,ATHX MADRID 2026,Spain 🇪🇸,2026,Female,ATHX,MetCon X,,,10:21,,,,,,11
12,DILETA,GUOGAITE,DILETA GUOGAITE,Female,Lithuania,,https://ui-avatars.com/api/?name=D+G&color=FFFFFF&background=000000,ATHX MADRID 2026,Spain 🇪🇸,2026,Female,ATHX,MetCon X,,,10:27,,,,,,12
13,Inês,Pereira,Inês Pereira,Female,,,https://ui-avatars.com/api/?name=I+P&color=FFFFFF&background=000000,ATHX BARCELONA 2026,Spain 🇪🇸,2026,Female,ATHX,MetCon X,,,10:29,,,,,,13
14,Bianca,Sierra,Bianca Sierra,Female,Mexico,,https://athxgames.com/storage/profile-photos/6cKChlM90xpVaBQZm195Q2EQwMwDaTeIBxst4hxQ.jpg,ATHX MADRID 2026,Spain 🇪🇸,2026,Female,ATHX,MetCon X,,,10:30,,,,,,14
15,Lorrie,Robertson,Lorrie Robertson,Female,,,https://ui-avatars.com/api/?name=L+R&color=FFFFFF&background=000000,ATHX BARCELONA 2026,Spain 🇪🇸,2026,Female,ATHX,MetCon X,,,10:31,,,,,,15
16,Irati,Murua,Irati Murua,Female,Spain,Crossfit gasteiz,https://ui-avatars.com/api/?name=I+M&color=FFFFFF&background=000000,ATHX BARCELONA 2026,Spain 🇪🇸,2026,Female,ATHX,MetCon X,,,10:34,,,,,,16
17,Aline,Moreau,Aline Moreau,Female,,,https://ui-avatars.com/api/?name=A+M&color=FFFFFF&background=000000,ATHX BARCELONA 2026,Spain 🇪🇸,2026,Female,ATHX,MetCon X,,,10:38,,,,,,17
18,Estelle,Letellier,Estelle Letellier,Female,France,,https://ui-avatars.com/api/?name=E+L&color=FFFFFF&background=000000,ATHX BARCELONA 2026,Spain 🇪🇸,2026,Female,ATHX,MetCon X,,,10:40,,,,,,18
19,Lorrie,Robertson,Lorrie Robertson,Female,,,https://ui-avatars.com/api/?name=L+R&color=FFFFFF&background=000000,ATHX MADRID 2026,Spain 🇪🇸,2026,Female,ATHX,MetCon X,,,10:46,,,,,,19
19,Holly,Earl,Holly Earl,Female,,,https://ui-avatars.com/api/?name=H+E&color=FFFFFF&background=000000,ATHX BARCELONA 2026,Spain 🇪🇸,2026,Female,ATHX,MetCon X,,,10:46,,,,,,19
21,NIEVES,GARCIA GARCIA,NIEVES GARCIA GARCIA,Female,Spain,BRAVO TRAINING,https://ui-avatars.com/api/?name=N+G+G&color=FFFFFF&background=000000,ATHX MADRID 2026,Spain 🇪🇸,2026,Female,ATHX,MetCon X,,,10:50,,,,,,21
22,Ana,De la Rosa Casado,Ana De la Rosa Casado,Female,,,https://ui-avatars.com/api/?name=A+D+l+R+C&color=FFFFFF&background=000000,ATHX MADRID 2026,Spain 🇪🇸,2026,Female,ATHX,MetCon X,,,10:56,,,,,,22
23,Camilla,Rossi,Camilla Rossi,Female,,,https://ui-avatars.com/api/?name=C+R&color=FFFFFF&background=000000,ATHX BARCELONA 2026,Spain 🇪🇸,2026,Female,ATHX,MetCon X,,,10:59,,,,,,23
24,Lila,B,Lila B,Female,,,https://ui-avatars.com/api/?name=L+B&color=FFFFFF&background=000000,ATHX MADRID 2026,Spain 🇪🇸,2026,Female,ATHX,MetCon X,,,11:09,,,,,,24
25,Luísa,Mesquita,Luísa Mesquita,Female,Portugal,Crossfit Mondego,https://ui-avatars.com/api/?name=L+M&color=FFFFFF&background=000000,ATHX MADRID 2026,Spain 🇪🇸,2026,Female,ATHX,MetCon X,,,11:10,,,,,,25
25,María Daniela,Alcaza,María Daniela Alcaza,Female,Argentina,,https://ui-avatars.com/api/?name=M+D+A&color=FFFFFF&background=000000,ATHX BARCELONA 2026,Spain 🇪🇸,2026,Female,ATHX,MetCon X,,,11:10,,,,,,25
27,Alba,Pereira Cotano,Alba Pereira Cotano,Female,,,https://ui-avatars.com/api/?name=A+P+C&color=FFFFFF&background=000000,ATHX MADRID 2026,Spain 🇪🇸,2026,Female,ATHX,MetCon X,,,11:11,,,,,,27
27,Kitan,Eleyae-Tennent,Kitan Eleyae-Tennent,Female,,,https://ui-avatars.com/api/?name=K+E&color=FFFFFF&background=000000,ATHX BARCELONA 2026,Spain 🇪🇸,2026,Female,ATHX,MetCon X,,,11:11,,,,,,27
29,Martina,Ghigo,Martina Ghigo,Female,,,https://ui-avatars.com/api/?name=M+G&color=FFFFFF&background=000000,ATHX BARCELONA 2026,Spain 🇪🇸,2026,Female,ATHX,MetCon X,,,11:21,,,,,,29
30,Yasmin Scalco Silveira ,Cavalcant,Yasmin Scalco Silveira  Cavalcant,Female,,,https://ui-avatars.com/api/?name=Y+S+S++C&color=FFFFFF&background=000000,ATHX BARCELONA 2026,Spain 🇪🇸,2026,Female,ATHX,MetCon X,,,11:27,,,,,,30
31,Olivia,Hornung,Olivia Hornung,Female,,,https://ui-avatars.com/api/?name=O+H&color=FFFFFF&background=000000,ATHX MADRID 2026,Spain 🇪🇸,2026,Female,ATHX,MetCon X,,,11:29,,,,,,31
31,Lara,Muñoz,Lara Muñoz,Female,,,https://ui-avatars.com/api/?name=L+M&color=FFFFFF&background=000000,ATHX MADRID 2026,Spain 🇪🇸,2026,Female,ATHX,MetCon X,,,11:29,,,,,,31
33,Conny,Ploth,Conny Ploth,Female,,,https://ui-avatars.com/api/?name=C+P&color=FFFFFF&background=000000,ATHX MADRID 2026,Spain 🇪🇸,2026,Female,ATHX,MetCon X,,,11:32,,,,,,33
34,Andrea,Verde,Andrea Verde,Female,,,https://ui-avatars.com/api/?name=A+V&color=FFFFFF&background=000000,ATHX MADRID 2026,Spain 🇪🇸,2026,Female,ATHX,MetCon X,,,11:38,,,,,,34
34,Justine,Fauchier,Justine Fauchier,Female,,,https://ui-avatars.com/api/?name=J+F&color=FFFFFF&background=000000,ATHX BARCELONA 2026,Spain 🇪🇸,2026,Female,ATHX,MetCon X,,,11:38,,,,,,34
36,Sabrina,Zumbuehl,Sabrina Zumbuehl,Female,Switzerland,,https://ui-avatars.com/api/?name=S+Z&color=FFFFFF&background=000000,ATHX MADRID 2026,Spain 🇪🇸,2026,Female,ATHX,MetCon X,,,11:41,,,,,,36
36,Jana,Rathje,Jana Rathje,Female,Germany,,https://athxgames.com/storage/profile-photos/cfIfzXpS2o00iK2qewW2kC4hFZfdri69d3UQY5wq.jpg,ATHX MADRID 2026,Spain 🇪🇸,2026,Female,ATHX,MetCon X,,,11:41,,,,,,36
38,Ellie,Meads,Ellie Meads,Female,United Kingdom,,https://ui-avatars.com/api/?name=E+M&color=FFFFFF&background=000000,ATHX MADRID 2026,Spain 🇪🇸,2026,Female,ATHX,MetCon X,,,11:49,,,,,,38
39,Johanna,König,Johanna König,Female,,,https://ui-avatars.com/api/?name=J+K&color=FFFFFF&background=000000,ATHX BARCELONA 2026,Spain 🇪🇸,2026,Female,ATHX,MetCon X,,,11:52,,,,,,39
40,Joana,Ribeiro,Joana Ribeiro,Female,,,https://ui-avatars.com/api/?name=J+R&color=FFFFFF&background=000000,ATHX BARCELONA 2026,Spain 🇪🇸,2026,Female,ATHX,MetCon X,,,11:54,,,,,,40
41,Isabella,Steains,Isabella Steains,Female,,,https://ui-avatars.com/api/?name=I+S&color=FFFFFF&background=000000,ATHX MADRID 2026,Spain 🇪🇸,2026,Female,ATHX,MetCon X,,,11:57,,,,,,41
41,Giulia,Delle Monache,Giulia Delle Monache,Female,,,https://ui-avatars.com/api/?name=G+D+M&color=FFFFFF&background=000000,ATHX BARCELONA 2026,Spain 🇪🇸,2026,Female,ATHX,MetCon X,,,11:57,,,,,,41
43,Olivia,Hornung,Olivia Hornung,Female,,,https://ui-avatars.com/api/?name=O+H&color=FFFFFF&background=000000,ATHX BARCELONA 2026,Spain 🇪🇸,2026,Female,ATHX,MetCon X,,,12:02,,,,,,43
44,Laura,Mota López,Laura Mota López,Female,,,https://ui-avatars.com/api/?name=L+M+L&color=FFFFFF&background=000000,ATHX MADRID 2026,Spain 🇪🇸,2026,Female,ATHX,MetCon X,,,12:06,,,,,,44
45,Clara María,Vázquez López,Clara María Vázquez López,Female,,,https://ui-avatars.com/api/?name=C+M+V+L&color=FFFFFF&background=000000,ATHX MADRID 2026,Spain 🇪🇸,2026,Female,ATHX,MetCon X,,,12:13,,,,,,45
46,Claire,Agius Ordway,Claire Agius Ordway,Female,,,https://ui-avatars.com/api/?name=C+A+O&color=FFFFFF&background=000000,ATHX MADRID 2026,Spain 🇪🇸,2026,Female,ATHX,MetCon X,,,12:17,,,,,,46
47,Elena,Lacatus,Elena Lacatus,Female,,,https://ui-avatars.com/api/?name=E+L&color=FFFFFF&background=000000,ATHX BARCELONA 2026,Spain 🇪🇸,2026,Female,ATHX,MetCon X,,,12:20,,,,,,47
48,Hollie,Garforth,Hollie Garforth,Female,,,https://ui-avatars.com/api/?name=H+G&color=FFFFFF&background=000000,ATHX BARCELONA 2026,Spain 🇪🇸,2026,Female,ATHX,MetCon X,,,12:25,,,,,,48
49,Mireia,Jover,Mireia Jover,Female,,,https://ui-avatars.com/api/?name=M+J&color=FFFFFF&background=000000,ATHX MADRID 2026,Spain 🇪🇸,2026,Female,ATHX,MetCon X,,,12:28,,,,,,49
50,Karolina,Gotowała,Karolina Gotowała,Female,Poland,Podziemia Hadesa,https://ui-avatars.com/api/?name=K+G&color=FFFFFF&background=000000,ATHX BARCELONA 2026,Spain 🇪🇸,2026,Female,ATHX,MetCon X,,,12:30,,,,,,50
51,Lauréline,Berry,Lauréline Berry,Female,,,https://ui-avatars.com/api/?name=L+B&color=FFFFFF&background=000000,ATHX BARCELONA 2026,Spain 🇪🇸,2026,Female,ATHX,MetCon X,,,12:33,,,,,,51
52,Aliya,Chugani,Aliya Chugani,Female,,,https://ui-avatars.com/api/?name=A+C&color=FFFFFF&background=000000,ATHX BARCELONA 2026,Spain 🇪🇸,2026,Female,ATHX,MetCon X,,,12:58,,,,,,52
53,JULIA,VIVO HIDALGO,JULIA VIVO HIDALGO,Female,Spain,Laucala,https://ui-avatars.com/api/?name=J+V+H&color=FFFFFF&background=000000,ATHX MADRID 2026,Spain 🇪🇸,2026,Female,ATHX,MetCon X,,,13:01,,,,,,53
54,Kathryn,Kerr,Kathryn Kerr,Female,,MVMT,https://ui-avatars.com/api/?name=K+K&color=FFFFFF&background=000000,ATHX MADRID 2026,Spain 🇪🇸,2026,Female,ATHX,MetCon X,,,13:02,,,,,,54
55,Adriane,Martin,Adriane Martin,Female,Austria,,https://ui-avatars.com/api/?name=A+M&color=FFFFFF&background=000000,ATHX BARCELONA 2026,Spain 🇪🇸,2026,Female,ATHX,MetCon X,,,13:04,,,,,,55
56,Julia Christina,Hampel,Julia Christina Hampel,Female,,,https://ui-avatars.com/api/?name=J+C+H&color=FFFFFF&background=000000,ATHX BARCELONA 2026,Spain 🇪🇸,2026,Female,ATHX,MetCon X,,,13:05,,,,,,56
57,Marta,Matarredona,Marta Matarredona,Female,Spain,,https://ui-avatars.com/api/?name=M+M&color=FFFFFF&background=000000,ATHX BARCELONA 2026,Spain 🇪🇸,2026,Female,ATHX,MetCon X,,,13:11,,,,,,57
58,Hannah,Coutts,Hannah Coutts,Female,,,https://ui-avatars.com/api/?name=H+C&color=FFFFFF&background=000000,ATHX MADRID 2026,Spain 🇪🇸,2026,Female,ATHX,MetCon X,,,13:15,,,,,,58
59,Abbie,Dean,Abbie Dean,Female,,,https://ui-avatars.com/api/?name=A+D&color=FFFFFF&background=000000,ATHX MADRID 2026,Spain 🇪🇸,2026,Female,ATHX,MetCon X,,,13:20,,,,,,59
59,Sumaty,Hernandez,Sumaty Hernandez,Female,,,https://ui-avatars.com/api/?name=S+H&color=FFFFFF&background=000000,ATHX BARCELONA 2026,Spain 🇪🇸,2026,Female,ATHX,MetCon X,,,13:20,,,,,,59
61,Giovanna,Rodriguez Rodriguez,Giovanna Rodriguez Rodriguez,Female,,,https://ui-avatars.com/api/?name=G+R+R&color=FFFFFF&background=000000,ATHX MADRID 2026,Spain 🇪🇸,2026,Female,ATHX,MetCon X,,,13:24,,,,,,61
62,Maria,Pinilla del Pino,Maria Pinilla del Pino,Female,Spain,Versus CrossFit,https://ui-avatars.com/api/?name=M+P+d+P&color=FFFFFF&background=000000,ATHX MADRID 2026,Spain 🇪🇸,2026,Female,ATHX,MetCon X,,,13:26,,,,,,62
63,Ilina,Slaveykova,Ilina Slaveykova,Female,,,https://ui-avatars.com/api/?name=I+S&color=FFFFFF&background=000000,ATHX BARCELONA 2026,Spain 🇪🇸,2026,Female,ATHX,MetCon X,,,13:27,,,,,,63
64,Hannah,Coutts,Hannah Coutts,Female,,,https://ui-avatars.com/api/?name=H+C&color=FFFFFF&background=000000,ATHX BARCELONA 2026,Spain 🇪🇸,2026,Female,ATHX,MetCon X,,,13:28,,,,,,64
64,Lucy,O Sullivan,Lucy O Sullivan,Female,Ireland,CROSSFIT MEATH,https://ui-avatars.com/api/?name=L+O+S&color=FFFFFF&background=000000,ATHX BARCELONA 2026,Spain 🇪🇸,2026,Female,ATHX,MetCon X,,,13:28,,,,,,64
66,Annie,Choquette,Annie Choquette,Female,,,https://ui-avatars.com/api/?name=A+C&color=FFFFFF&background=000000,ATHX MADRID 2026,Spain 🇪🇸,2026,Female,ATHX,MetCon X,,,13:37,,,,,,66
66,Meryem,Ouajjou,Meryem Ouajjou,Female,Morocco,,https://ui-avatars.com/api/?name=M+O&color=FFFFFF&background=000000,ATHX MADRID 2026,Spain 🇪🇸,2026,Female,ATHX,MetCon X,,,13:37,,,,,,66
68,Joana,Bica,Joana Bica,Female,,,https://ui-avatars.com/api/?name=J+B&color=FFFFFF&background=000000,ATHX BARCELONA 2026,Spain 🇪🇸,2026,Female,ATHX,MetCon X,,,13:39,,,,,,68
69,Farzana,Kaufmann,Farzana Kaufmann,Female,Switzerland,,https://ui-avatars.com/api/?name=F+K&color=FFFFFF&background=000000,ATHX BARCELONA 2026,Spain 🇪🇸,2026,Female,ATHX,MetCon X,,,13:41,,,,,,69
70,María,Aledo,María Aledo,Female,,,https://ui-avatars.com/api/?name=M+A&color=FFFFFF&background=000000,ATHX MADRID 2026,Spain 🇪🇸,2026,Female,ATHX,MetCon X,,,13:43,,,,,,70
71,Aurélie,Jacomme,Aurélie Jacomme,Female,,,https://ui-avatars.com/api/?name=A+J&color=FFFFFF&background=000000,ATHX MADRID 2026,Spain 🇪🇸,2026,Female,ATHX,MetCon X,,,13:45,,,,,,71
72,Aurélie,Jacomme,Aurélie Jacomme,Female,,,https://ui-avatars.com/api/?name=A+J&color=FFFFFF&background=000000,ATHX BARCELONA 2026,Spain 🇪🇸,2026,Female,ATHX,MetCon X,,,14:05,,,,,,72
73,Leanne,Mcveigh,Leanne Mcveigh,Female,,GPN Gyms,https://ui-avatars.com/api/?name=L+M&color=FFFFFF&background=000000,ATHX MADRID 2026,Spain 🇪🇸,2026,Female,ATHX,MetCon X,,,14:07,,,,,,73
74,Sabine,Esquiva,Sabine Esquiva,Female,France,Freeness Narbonne,https://ui-avatars.com/api/?name=S+E&color=FFFFFF&background=000000,ATHX BARCELONA 2026,Spain 🇪🇸,2026,Female,ATHX,MetCon X,,,14:09,,,,,,74
75,Ceri,Nicholas,Ceri Nicholas,Female,,,https://ui-avatars.com/api/?name=C+N&color=FFFFFF&background=000000,ATHX BARCELONA 2026,Spain 🇪🇸,2026,Female,ATHX,MetCon X,,,14:10,,,,,,75
76,Muriel,Lamothe,Muriel Lamothe,Female,,,https://ui-avatars.com/api/?name=M+L&color=FFFFFF&background=000000,ATHX BARCELONA 2026,Spain 🇪🇸,2026,Female,ATHX,MetCon X,,,14:13,,,,,,76
77,Silvia,Garcia,Silvia Garcia,Female,,,https://ui-avatars.com/api/?name=S+G&color=FFFFFF&background=000000,ATHX MADRID 2026,Spain 🇪🇸,2026,Female,ATHX,MetCon X,,,14:14,,,,,,77
78,Yasmin,Chamberlain,Yasmin Chamberlain,Female,,,https://ui-avatars.com/api/?name=Y+C&color=FFFFFF&background=000000,ATHX BARCELONA 2026,Spain 🇪🇸,2026,Female,ATHX,MetCon X,,,14:26,,,,,,78
79,Claudia,Lázaro,Claudia Lázaro,Female,Spain,CrossSpartan Box,https://ui-avatars.com/api/?name=C+L&color=FFFFFF&background=000000,ATHX MADRID 2026,Spain 🇪🇸,2026,Female,ATHX,MetCon X,,,14:29,,,,,,79
80,Joelle,Siciliano Silivestro,Joelle Siciliano Silivestro,Female,,,https://ui-avatars.com/api/?name=J+S+S&color=FFFFFF&background=000000,ATHX BARCELONA 2026,Spain 🇪🇸,2026,Female,ATHX,MetCon X,,,14:35,,,,,,80
81,GEMMA,MORERA CARDENAS,GEMMA MORERA CARDENAS,Female,Spain,Megasport,https://ui-avatars.com/api/?name=G+M+C&color=FFFFFF&background=000000,ATHX BARCELONA 2026,Spain 🇪🇸,2026,Female,ATHX,MetCon X,,,14:37,,,,,,81
82,Ines,Gruber,Ines Gruber,Female,,,https://athxgames.com/storage/profile-photos/JyZEVFgtczAeHdwHP5wWbGT8HGUmN0LxObHiW2LK.jpg,ATHX BARCELONA 2026,Spain 🇪🇸,2026,Female,ATHX,MetCon X,,,14:50,,,,,,82
83,Hannah,Delahunt,Hannah Delahunt,Female,,,https://ui-avatars.com/api/?name=H+D&color=FFFFFF&background=000000,ATHX BARCELONA 2026,Spain 🇪🇸,2026,Female,ATHX,MetCon X,,,15:08,,,,,,83
84,Vanesa,Vizuete López,Vanesa Vizuete López,Female,Spain,,https://ui-avatars.com/api/?name=V+V+L&color=FFFFFF&background=000000,ATHX BARCELONA 2026,Spain 🇪🇸,2026,Female,ATHX,MetCon X,,,15:09,,,,,,84
85,Irene,Santi,Irene Santi,Female,,,https://ui-avatars.com/api/?name=I+S&color=FFFFFF&background=000000,ATHX BARCELONA 2026,Spain 🇪🇸,2026,Female,ATHX,MetCon X,,,15:10,,,,,,85
86,Klaudia,Bolsch,Klaudia Bolsch,Female,,,https://ui-avatars.com/api/?name=K+B&color=FFFFFF&background=000000,ATHX BARCELONA 2026,Spain 🇪🇸,2026,Female,ATHX,MetCon X,,,15:13,,,,,,86
87,Monica,Mañá,Monica Mañá,Female,,,https://ui-avatars.com/api/?name=M+M&color=FFFFFF&background=000000,ATHX BARCELONA 2026,Spain 🇪🇸,2026,Female,ATHX,MetCon X,,,15:20,,,,,,87
88,laia,luque,laia luque,Female,,,https://ui-avatars.com/api/?name=l+l&color=FFFFFF&background=000000,ATHX BARCELONA 2026,Spain 🇪🇸,2026,Female,ATHX,MetCon X,,,15:23,,,,,,88
89,Eni,Adeyemo,Eni Adeyemo,Female,,,https://ui-avatars.com/api/?name=E+A&color=FFFFFF&background=000000,ATHX BARCELONA 2026,Spain 🇪🇸,2026,Female,ATHX,MetCon X,,,15:33,,,,,,89
90,Vivian,Gonzalez,Vivian Gonzalez,Female,,,https://ui-avatars.com/api/?name=V+G&color=FFFFFF&background=000000,ATHX BARCELONA 2026,Spain 🇪🇸,2026,Female,ATHX,MetCon X,,,15:36,,,,,,90
91,Celia,Benito,Celia Benito,Female,,,https://ui-avatars.com/api/?name=C+B&color=FFFFFF&background=000000,ATHX MADRID 2026,Spain 🇪🇸,2026,Female,ATHX,MetCon X,,,15:43,,,,,,91
92,Thaissa,Lespagnard,Thaissa Lespagnard,Female,,,https://ui-avatars.com/api/?name=T+L&color=FFFFFF&background=000000,ATHX BARCELONA 2026,Spain 🇪🇸,2026,Female,ATHX,MetCon X,,,16:04,,,,,,92
93,Carmen,Gomez del Pino,Carmen Gomez del Pino,Female,,,https://athxgames.com/storage/profile-photos/BO5g5Z8C1byzvHld8kuZfZr3j9UWtYWyT6onGeeM.jpg,ATHX MADRID 2026,Spain 🇪🇸,2026,Female,ATHX,MetCon X,,,16:50,,,,,,93
93,Bridgette,Duarte,Bridgette Duarte,Female,United States,,https://athxgames.com/storage/profile-photos/m8vw0BTbyjJjppOmO1g3Lq0RKOONOVyc6ZJogZkK.jpg,ATHX BARCELONA 2026,Spain 🇪🇸,2026,Female,ATHX,MetCon X,,,16:50,,,,,,93
95,Anthea,Gibson,Anthea Gibson,Female,,,https://ui-avatars.com/api/?name=A+G&color=FFFFFF&background=000000,ATHX MADRID 2026,Spain 🇪🇸,2026,Female,ATHX,MetCon X,,,16:52,,,,,,95
96,Asmaa,Ait bobat,Asmaa Ait bobat,Female,,,https://ui-avatars.com/api/?name=A+A+b&color=FFFFFF&background=000000,ATHX BARCELONA 2026,Spain 🇪🇸,2026,Female,ATHX,MetCon X,,,17:02,,,,,,96
97,Rhea,Knight,Rhea Knight,Female,,,https://ui-avatars.com/api/?name=R+K&color=FFFFFF&background=000000,ATHX MADRID 2026,Spain 🇪🇸,2026,Female,ATHX,MetCon X,,,17:19,,,,,,97
98,Gretta Marii,Tirman,Gretta Marii Tirman,Female,Estonia,Crossfit Viljandi,https://ui-avatars.com/api/?name=G+M+T&color=FFFFFF&background=000000,ATHX BARCELONA 2026,Spain 🇪🇸,2026,Female,ATHX,MetCon X,,,17:21,,,,,,98
99,Pearl,Biervliet,Pearl Biervliet,Female,,,https://ui-avatars.com/api/?name=P+B&color=FFFFFF&background=000000,ATHX BARCELONA 2026,Spain 🇪🇸,2026,Female,ATHX,MetCon X,,,17:27,,,,,,99
100,Lucy,C,Lucy C,Female,,,https://ui-avatars.com/api/?name=L+C&color=FFFFFF&background=000000,ATHX MADRID 2026,Spain 🇪🇸,2026,Female,ATHX,MetCon X,,,18:31,,,,,,100
100,Paulina,Gallardo,Paulina Gallardo,Female,Mexico,Invictum,https://ui-avatars.com/api/?name=P+G&color=FFFFFF&background=000000,ATHX MADRID 2026,Spain 🇪🇸,2026,Female,ATHX,MetCon X,,,18:31,,,,,,100
102,Anne,Schmidt,Anne Schmidt,Female,Germany,RamboX CrossFit,https://ui-avatars.com/api/?name=A+S&color=FFFFFF&background=000000,ATHX BARCELONA 2026,Spain 🇪🇸,2026,Female,ATHX,MetCon X,,,19:05,,,,,,102
103,Mélanie,BECKER,Mélanie BECKER,Female,,,https://ui-avatars.com/api/?name=M+B&color=FFFFFF&background=000000,ATHX BARCELONA 2026,Spain 🇪🇸,2026,Female,ATHX,MetCon X,,,19:10,,,,,,103
104,Claudia,Vinhas de Sousa,Claudia Vinhas de Sousa,Female,Portugal,CrossFit Alvalade,https://athxgames.com/storage/profile-photos/LYHDeNuDcWHIO0G3q4CxpvXWQf2ZaPGcJc5zcz2v.jpg,ATHX MADRID 2026,Spain 🇪🇸,2026,Female,ATHX,MetCon X,,,19:41,,,,,,104
105,Tania,Barcenas Juarez,Tania Barcenas Juarez,Female,,,https://ui-avatars.com/api/?name=T+B+J&color=FFFFFF&background=000000,ATHX MADRID 2026,Spain 🇪🇸,2026,Female,ATHX,MetCon X,,,24:04,,,,,,105
106,Christella,Soula,Christella Soula,Female,,,https://ui-avatars.com/api/?name=C+S&color=FFFFFF&background=000000,ATHX BARCELONA 2026,Spain 🇪🇸,2026,Female,ATHX,MetCon X,,,25:45,,,,,,106
1,Martyna,Krysiak,Martyna Krysiak,Female,,,https://ui-avatars.com/api/?name=M+K&color=FFFFFF&background=000000,ATHX BARCELONA 2026,Spain 🇪🇸,2026,Female,ATHX Pro,Strength,,,,60KG,115KG,150KG,,,1
2,Kamila,Bogucka Żołędziewska,Kamila Bogucka Żołędziewska,Female,Poland,Manticore,https://ui-avatars.com/api/?name=K+B+%C5%BB&color=FFFFFF&background=000000,ATHX BARCELONA 2026,Spain 🇪🇸,2026,Female,ATHX Pro,Strength,,,,52KG,115KG,127KG,,,2
3,Ester,Pedrosa,Ester Pedrosa,Female,,,https://ui-avatars.com/api/?name=E+P&color=FFFFFF&background=000000,ATHX MADRID 2026,Spain 🇪🇸,2026,Female,ATHX Pro,Strength,,,,50KG,105KG,130KG,,,3
4,Anna,Olivella Torras,Anna Olivella Torras,Female,,,https://ui-avatars.com/api/?name=A+O+T&color=FFFFFF&background=000000,ATHX BARCELONA 2026,Spain 🇪🇸,2026,Female,ATHX Pro,Strength,,,,47KG,110KG,121KG,,,4
5,Ester,Pedrosa,Ester Pedrosa,Female,,,https://ui-avatars.com/api/?name=E+P&color=FFFFFF&background=000000,ATHX BARCELONA 2026,Spain 🇪🇸,2026,Female,ATHX Pro,Strength,,,,48KG,95KG,130KG,,,5
6,Fernanda,Alva,Fernanda Alva,Female,Mexico,,https://athxgames.com/storage/profile-photos/08Wvk7i08Vv48B0tH14pHtGKdydKemWwThFw0Ygb.jpg,ATHX MADRID 2026,Spain 🇪🇸,2026,Female,ATHX Pro,Strength,,,,46KG,105KG,120KG,,,6
7,Victoria,Villa Gallegos,Victoria Villa Gallegos,Female,,,https://ui-avatars.com/api/?name=V+V+G&color=FFFFFF&background=000000,ATHX BARCELONA 2026,Spain 🇪🇸,2026,Female,ATHX Pro,Strength,,,,48KG,95KG,108KG,,,7
8,Diana,Rodrigues,Diana Rodrigues,Female,,,https://athxgames.com/storage/profile-photos/mRFSvax0lBJ9EK2JwAapfrGWfkPfzJrtq9ubZO5H.jpg,ATHX BARCELONA 2026,Spain 🇪🇸,2026,Female,ATHX Pro,Strength,,,,48KG,87KG,112KG,,,8
9,Beki,Wood,Beki Wood,Female,,,https://ui-avatars.com/api/?name=B+W&color=FFFFFF&background=000000,ATHX BARCELONA 2026,Spain 🇪🇸,2026,Female,ATHX Pro,Strength,,,,40KG,91KG,115KG,,,9
10,Virginie,Chalier,Virginie Chalier,Female,France,Athlétic club st Marcellin,https://athxgames.com/storage/profile-photos/QpNjE7pvSMMjl5gUnK9kLToqVr9UBVVJLOPOezCV.jpg,ATHX BARCELONA 2026,Spain 🇪🇸,2026,Female,ATHX Pro,Strength,,,,44KG,82KG,107KG,,,10
11,Sandra,Domínguez Chávez,Sandra Domínguez Chávez,Female,,,https://ui-avatars.com/api/?name=S+D+C&color=FFFFFF&background=000000,ATHX MADRID 2026,Spain 🇪🇸,2026,Female,ATHX Pro,Strength,,,,45KG,80KG,100KG,,,11
12,Débora,Casas,Débora Casas,Female,,,https://ui-avatars.com/api/?name=D+C&color=FFFFFF&background=000000,ATHX MADRID 2026,Spain 🇪🇸,2026,Female,ATHX Pro,Strength,,,,40KG,65KG,113KG,,,12
1,Martyna,Krysiak,Martyna Krysiak,Female,,,https://ui-avatars.com/api/?name=M+K&color=FFFFFF&background=000000,ATHX BARCELONA 2026,Spain 🇪🇸,2026,Female,ATHX Pro,MetCon X,,,10:11,,,,,,1
2,Kamila,Bogucka Żołędziewska,Kamila Bogucka Żołędziewska,Female,Poland,Manticore,https://ui-avatars.com/api/?name=K+B+%C5%BB&color=FFFFFF&background=000000,ATHX BARCELONA 2026,Spain 🇪🇸,2026,Female,ATHX Pro,MetCon X,,,10:20,,,,,,2
3,Sandra,Domínguez Chávez,Sandra Domínguez Chávez,Female,,,https://ui-avatars.com/api/?name=S+D+C&color=FFFFFF&background=000000,ATHX MADRID 2026,Spain 🇪🇸,2026,Female,ATHX Pro,MetCon X,,,11:56,,,,,,3
4,Anna,Olivella Torras,Anna Olivella Torras,Female,,,https://ui-avatars.com/api/?name=A+O+T&color=FFFFFF&background=000000,ATHX BARCELONA 2026,Spain 🇪🇸,2026,Female,ATHX Pro,MetCon X,,,12:41,,,,,,4
5,Ester,Pedrosa,Ester Pedrosa,Female,,,https://ui-avatars.com/api/?name=E+P&color=FFFFFF&background=000000,ATHX MADRID 2026,Spain 🇪🇸,2026,Female,ATHX Pro,MetCon X,,,13:03,,,,,,5
6,Fernanda,Alva,Fernanda Alva,Female,Mexico,,https://athxgames.com/storage/profile-photos/08Wvk7i08Vv48B0tH14pHtGKdydKemWwThFw0Ygb.jpg,ATHX MADRID 2026,Spain 🇪🇸,2026,Female,ATHX Pro,MetCon X,,,13:27,,,,,,6
7,Ester,Pedrosa,Ester Pedrosa,Female,,,https://ui-avatars.com/api/?name=E+P&color=FFFFFF&background=000000,ATHX BARCELONA 2026,Spain 🇪🇸,2026,Female,ATHX Pro,MetCon X,,,13:53,,,,,,7
8,Beki,Wood,Beki Wood,Female,,,https://ui-avatars.com/api/?name=B+W&color=FFFFFF&background=000000,ATHX BARCELONA 2026,Spain 🇪🇸,2026,Female,ATHX Pro,MetCon X,,,14:10,,,,,,8
9,Victoria,Villa Gallegos,Victoria Villa Gallegos,Female,,,https://ui-avatars.com/api/?name=V+V+G&color=FFFFFF&background=000000,ATHX BARCELONA 2026,Spain 🇪🇸,2026,Female,ATHX Pro,MetCon X,,,14:17,,,,,,9
10,Diana,Rodrigues,Diana Rodrigues,Female,,,https://athxgames.com/storage/profile-photos/mRFSvax0lBJ9EK2JwAapfrGWfkPfzJrtq9ubZO5H.jpg,ATHX BARCELONA 2026,Spain 🇪🇸,2026,Female,ATHX Pro,MetCon X,,,14:39,,,,,,10
11,Débora,Casas,Débora Casas,Female,,,https://ui-avatars.com/api/?name=D+C&color=FFFFFF&background=000000,ATHX MADRID 2026,Spain 🇪🇸,2026,Female,ATHX Pro,MetCon X,,,17:42,,,,,,11
12,Virginie,Chalier,Virginie Chalier,Female,France,Athlétic club st Marcellin,https://athxgames.com/storage/profile-photos/QpNjE7pvSMMjl5gUnK9kLToqVr9UBVVJLOPOezCV.jpg,ATHX BARCELONA 2026,Spain 🇪🇸,2026,Female,ATHX Pro,MetCon X,,,18:56,,,,,,12
1,Fernando,Alves,Fernando Alves,Male,,,https://ui-avatars.com/api/?name=F+A&color=FFFFFF&background=000000,ATHX BARCELONA 2026,Spain 🇪🇸,2026,Male,ATHX Pro,MetCon X,,,04:00,,,,,,1
2,Ramón,Lecumberri Pastor,Ramón Lecumberri Pastor,Male,,,https://ui-avatars.com/api/?name=R+L+P&color=FFFFFF&background=000000,ATHX BARCELONA 2026,Spain 🇪🇸,2026,Male,ATHX Pro,MetCon X,,,09:08,,,,,,2
3,Sergio,Martin,Sergio Martin,Male,Spain,Only Fitness Club,https://athxgames.com/storage/profile-photos/HZFGzvPCdWOOer7budBTsciH5PLIBT3GeNno0Svh.jpg,ATHX BARCELONA 2026,Spain 🇪🇸,2026,Male,ATHX Pro,MetCon X,,,10:12,,,,,,3
4,Michał,Wesołowski,Michał Wesołowski,Male,,,https://ui-avatars.com/api/?name=M+W&color=FFFFFF&background=000000,ATHX BARCELONA 2026,Spain 🇪🇸,2026,Male,ATHX Pro,MetCon X,,,10:32,,,,,,4
5,cristian,blazquez,cristian blazquez,Male,,,https://ui-avatars.com/api/?name=c+b&color=FFFFFF&background=000000,ATHX BARCELONA 2026,Spain 🇪🇸,2026,Male,ATHX Pro,MetCon X,,,10:58,,,,,,5
6,Tiago,Luzes,Tiago Luzes,Male,,,https://ui-avatars.com/api/?name=T+L&color=FFFFFF&background=000000,ATHX BARCELONA 2026,Spain 🇪🇸,2026,Male,ATHX Pro,MetCon X,,,11:16,,,,,,6
7,Mulley,Branch,Mulley Branch,Male,United Kingdom,,https://ui-avatars.com/api/?name=M+B&color=FFFFFF&background=000000,ATHX MADRID 2026,Spain 🇪🇸,2026,Male,ATHX Pro,MetCon X,,,11:27,,,,,,7
8,Ramón,Lecumberri Pastor,Ramón Lecumberri Pastor,Male,,,https://ui-avatars.com/api/?name=R+L+P&color=FFFFFF&background=000000,ATHX MADRID 2026,Spain 🇪🇸,2026,Male,ATHX Pro,MetCon X,,,11:32,,,,,,8
9,Thomas,Chesneau,Thomas Chesneau,Male,France,Hypro Hybrid Club,https://ui-avatars.com/api/?name=T+C&color=FFFFFF&background=000000,ATHX BARCELONA 2026,Spain 🇪🇸,2026,Male,ATHX Pro,MetCon X,,,11:43,,,,,,9
10,Pablo,Cazalis,Pablo Cazalis,Male,Spain,Crossfit Zarautz,https://athxgames.com/storage/profile-photos/GnxCD4hiAWcsYU8scs79x3W34kYyQBURQhonMIyT.jpg,ATHX BARCELONA 2026,Spain 🇪🇸,2026,Male,ATHX Pro,MetCon X,,,12:02,,,,,,10
11,Sergio,Martin,Sergio Martin,Male,Spain,Only Fitness Club,https://athxgames.com/storage/profile-photos/HZFGzvPCdWOOer7budBTsciH5PLIBT3GeNno0Svh.jpg,ATHX MADRID 2026,Spain 🇪🇸,2026,Male,ATHX Pro,MetCon X,,,12:20,,,,,,11
11,Javier,Blasco,Javier Blasco,Male,Spain,Hypro Training Club,https://ui-avatars.com/api/?name=J+B&color=FFFFFF&background=000000,ATHX MADRID 2026,Spain 🇪🇸,2026,Male,ATHX Pro,MetCon X,,,12:20,,,,,,11
13,Charlie,Marchant,Charlie Marchant,Male,,,https://ui-avatars.com/api/?name=C+M&color=FFFFFF&background=000000,ATHX BARCELONA 2026,Spain 🇪🇸,2026,Male,ATHX Pro,MetCon X,,,12:24,,,,,,13
14,Javier,Blasco,Javier Blasco,Male,Spain,Hypro Training Club,https://ui-avatars.com/api/?name=J+B&color=FFFFFF&background=000000,ATHX BARCELONA 2026,Spain 🇪🇸,2026,Male,ATHX Pro,MetCon X,,,12:26,,,,,,14
15,Guido,Susani,Guido Susani,Male,,,https://ui-avatars.com/api/?name=G+S&color=FFFFFF&background=000000,ATHX BARCELONA 2026,Spain 🇪🇸,2026,Male,ATHX Pro,MetCon X,,,12:35,,,,,,15
16,Luis,Garcia Rubio,Luis Garcia Rubio,Male,,,https://ui-avatars.com/api/?name=L+G+R&color=FFFFFF&background=000000,ATHX MADRID 2026,Spain 🇪🇸,2026,Male,ATHX Pro,MetCon X,,,12:43,,,,,,16
17,Yassine,Belaji,Yassine Belaji,Male,France,,https://ui-avatars.com/api/?name=Y+B&color=FFFFFF&background=000000,ATHX BARCELONA 2026,Spain 🇪🇸,2026,Male,ATHX Pro,MetCon X,,,12:55,,,,,,17
18,Aleix,Franch ruiz,Aleix Franch ruiz,Male,,,https://ui-avatars.com/api/?name=A+F+r&color=FFFFFF&background=000000,ATHX BARCELONA 2026,Spain 🇪🇸,2026,Male,ATHX Pro,MetCon X,,,13:09,,,,,,18
19,Eneko,Azcue,Eneko Azcue,Male,,,https://ui-avatars.com/api/?name=E+A&color=FFFFFF&background=000000,ATHX MADRID 2026,Spain 🇪🇸,2026,Male,ATHX Pro,MetCon X,,,13:11,,,,,,19
19,Steve,Jones,Steve Jones,Male,,,https://ui-avatars.com/api/?name=S+J&color=FFFFFF&background=000000,ATHX MADRID 2026,Spain 🇪🇸,2026,Male,ATHX Pro,MetCon X,,,13:11,,,,,,19
21,Alejandro,Briatore,Alejandro Briatore,Male,,,https://ui-avatars.com/api/?name=A+B&color=FFFFFF&background=000000,ATHX MADRID 2026,Spain 🇪🇸,2026,Male,ATHX Pro,MetCon X,,,13:31,,,,,,21
22,Angel,Amat Diez,Angel Amat Diez,Male,,,https://ui-avatars.com/api/?name=A+A+D&color=FFFFFF&background=000000,ATHX MADRID 2026,Spain 🇪🇸,2026,Male,ATHX Pro,MetCon X,,,13:51,,,,,,22
23,Marcel,Isinger,Marcel Isinger,Male,Germany,,https://athxgames.com/storage/profile-photos/6V1SXW9Abamio8XOl1YEsQIhdcoSe4NSoQoB4BN8.jpg,ATHX BARCELONA 2026,Spain 🇪🇸,2026,Male,ATHX Pro,MetCon X,,,13:59,,,,,,23
24,David,Giron martin,David Giron martin,Male,,,https://ui-avatars.com/api/?name=D+G+m&color=FFFFFF&background=000000,ATHX BARCELONA 2026,Spain 🇪🇸,2026,Male,ATHX Pro,MetCon X,,,14:16,,,,,,24
25,Nacho,Villoria,Nacho Villoria,Male,Spain,,https://ui-avatars.com/api/?name=N+V&color=FFFFFF&background=000000,ATHX MADRID 2026,Spain 🇪🇸,2026,Male,ATHX Pro,MetCon X,,,14:19,,,,,,25
26,Elouan,Trottin,Elouan Trottin,Male,France,,https://ui-avatars.com/api/?name=E+T&color=FFFFFF&background=000000,ATHX MADRID 2026,Spain 🇪🇸,2026,Male,ATHX Pro,MetCon X,,,14:22,,,,,,26
27,Stephane,Cau,Stephane Cau,Male,France,Crossfit symbiote,https://ui-avatars.com/api/?name=S+C&color=FFFFFF&background=000000,ATHX MADRID 2026,Spain 🇪🇸,2026,Male,ATHX Pro,MetCon X,,,14:28,,,,,,27
28,Gustavo adolfo,Rendon obando,Gustavo adolfo Rendon obando,Male,Spain,Gx CrossFit,https://ui-avatars.com/api/?name=G+a+R+o&color=FFFFFF&background=000000,ATHX MADRID 2026,Spain 🇪🇸,2026,Male,ATHX Pro,MetCon X,,,14:54,,,,,,28
29,Jose vicente,Ferrer chiral,Jose vicente Ferrer chiral,Male,,,https://ui-avatars.com/api/?name=J+v+F+c&color=FFFFFF&background=000000,ATHX MADRID 2026,Spain 🇪🇸,2026,Male,ATHX Pro,MetCon X,,,15:13,,,,,,29
30,Marc,Messori Vidal,Marc Messori Vidal,Male,,,https://ui-avatars.com/api/?name=M+M+V&color=FFFFFF&background=000000,ATHX BARCELONA 2026,Spain 🇪🇸,2026,Male,ATHX Pro,MetCon X,,,15:22,,,,,,30
31,Marin Constantin,iancu,Marin Constantin iancu,Male,,,https://ui-avatars.com/api/?name=M+C+i&color=FFFFFF&background=000000,ATHX BARCELONA 2026,Spain 🇪🇸,2026,Male,ATHX Pro,MetCon X,,,15:31,,,,,,31
32,Marcin,Sawuła,Marcin Sawuła,Male,,,https://athxgames.com/storage/profile-photos/na6SxNm6r2OtOL93kZidzTjvVinjQn8AW0k7hfBi.jpg,ATHX BARCELONA 2026,Spain 🇪🇸,2026,Male,ATHX Pro,MetCon X,,,15:36,,,,,,32
33,Oliver,Ruschke,Oliver Ruschke,Male,Germany,,https://athxgames.com/storage/profile-photos/eXXsewmYgSdHkGDfDJOefHLsKzk1tHBptVSTt6ne.jpg,ATHX BARCELONA 2026,Spain 🇪🇸,2026,Male,ATHX Pro,MetCon X,,,15:48,,,,,,33
34,Diogo,Corrente,Diogo Corrente,Male,Portugal,CrossFit Odivelas,https://ui-avatars.com/api/?name=D+C&color=FFFFFF&background=000000,ATHX BARCELONA 2026,Spain 🇪🇸,2026,Male,ATHX Pro,MetCon X,,,15:54,,,,,,34
35,Philipp,Lorber,Philipp Lorber,Male,,,https://ui-avatars.com/api/?name=P+L&color=FFFFFF&background=000000,ATHX MADRID 2026,Spain 🇪🇸,2026,Male,ATHX Pro,MetCon X,,,15:58,,,,,,35
36,Sullivan,LABORDE,Sullivan LABORDE,Male,France,,https://ui-avatars.com/api/?name=S+L&color=FFFFFF&background=000000,ATHX MADRID 2026,Spain 🇪🇸,2026,Male,ATHX Pro,MetCon X,,,16:12,,,,,,36
37,Francisco Javier,Jimenez,Francisco Javier Jimenez,Male,,,https://ui-avatars.com/api/?name=F+J+J&color=FFFFFF&background=000000,ATHX MADRID 2026,Spain 🇪🇸,2026,Male,ATHX Pro,MetCon X,,,16:13,,,,,,37
38,Moreau,Morgan,Moreau Morgan,Male,France,Burpees,https://athxgames.com/storage/profile-photos/3WBXe5Qu632D81iLABpbxuWSmIpmzoXkjYTTgpBV.jpg,ATHX MADRID 2026,Spain 🇪🇸,2026,Male,ATHX Pro,MetCon X,,,16:19,,,,,,38
39,Francisco Javier,Izaguirre,Francisco Javier Izaguirre,Male,,,https://ui-avatars.com/api/?name=F+J+I&color=FFFFFF&background=000000,ATHX MADRID 2026,Spain 🇪🇸,2026,Male,ATHX Pro,MetCon X,,,16:33,,,,,,39
39,Jorge,Francés,Jorge Francés,Male,Spain,Ozaru,https://athxgames.com/storage/profile-photos/X785JwHfj9fIncbGlL9TDnAKl9QbVqo18ufnHz2f.jpg,ATHX MADRID 2026,Spain 🇪🇸,2026,Male,ATHX Pro,MetCon X,,,16:33,,,,,,39
41,Andrés,Mármol Pérez,Andrés Mármol Pérez,Male,,,https://ui-avatars.com/api/?name=A+M+P&color=FFFFFF&background=000000,ATHX MADRID 2026,Spain 🇪🇸,2026,Male,ATHX Pro,MetCon X,,,16:35,,,,,,41
42,Mario,Mennitto,Mario Mennitto,Male,,,https://ui-avatars.com/api/?name=M+M&color=FFFFFF&background=000000,ATHX BARCELONA 2026,Spain 🇪🇸,2026,Male,ATHX Pro,MetCon X,,,16:36,,,,,,42
43,Alberto,Lopez,Alberto Lopez,Male,,,https://ui-avatars.com/api/?name=A+L&color=FFFFFF&background=000000,ATHX MADRID 2026,Spain 🇪🇸,2026,Male,ATHX Pro,MetCon X,,,16:39,,,,,,43
44,Léo,Ledeux,Léo Ledeux,Male,,,https://ui-avatars.com/api/?name=L+L&color=FFFFFF&background=000000,ATHX BARCELONA 2026,Spain 🇪🇸,2026,Male,ATHX Pro,MetCon X,,,16:47,,,,,,44
45,Karim,Amouch,Karim Amouch,Male,,,https://ui-avatars.com/api/?name=K+A&color=FFFFFF&background=000000,ATHX BARCELONA 2026,Spain 🇪🇸,2026,Male,ATHX Pro,MetCon X,,,17:19,,,,,,45
46,Duarte,Carvalho,Duarte Carvalho,Male,Portugal,CFMaia,https://athxgames.com/storage/profile-photos/7ho5Q1x0GgGsmjj95Wc1AlaIaPM5ppJ3VoMbh30z.jpg,ATHX MADRID 2026,Spain 🇪🇸,2026,Male,ATHX Pro,MetCon X,,,17:25,,,,,,46
47,Andrei,Canseco,Andrei Canseco,Male,,,https://ui-avatars.com/api/?name=A+C&color=FFFFFF&background=000000,ATHX BARCELONA 2026,Spain 🇪🇸,2026,Male,ATHX Pro,MetCon X,,,17:30,,,,,,47
48,Santi,Torre,Santi Torre,Male,,,https://athxgames.com/storage/profile-photos/X2EouhjvAsFVukp6cFsH9iVX28i6gUxhmqQNiIyU.jpg,ATHX MADRID 2026,Spain 🇪🇸,2026,Male,ATHX Pro,MetCon X,,,17:35,,,,,,48
49,Dan,Bowker,Dan Bowker,Male,United Kingdom,Caveman Training,https://athxgames.com/storage/profile-photos/afOlHLgfHC6KhjagpXmfd83BA7VuCRDWOAgddd3c.jpg,ATHX MADRID 2026,Spain 🇪🇸,2026,Male,ATHX Pro,MetCon X,,,17:39,,,,,,49
50,Robert,Brown,Robert Brown,Male,United Kingdom,,https://ui-avatars.com/api/?name=R+B&color=FFFFFF&background=000000,ATHX BARCELONA 2026,Spain 🇪🇸,2026,Male,ATHX Pro,MetCon X,,,18:37,,,,,,50
51,Jose,Rajadell Planes,Jose Rajadell Planes,Male,Spain,OneBox Training,https://ui-avatars.com/api/?name=J+R+P&color=FFFFFF&background=000000,ATHX BARCELONA 2026,Spain 🇪🇸,2026,Male,ATHX Pro,MetCon X,,,18:40,,,,,,51
52,Wilber,Mayca,Wilber Mayca,Male,,,https://ui-avatars.com/api/?name=W+M&color=FFFFFF&background=000000,ATHX MADRID 2026,Spain 🇪🇸,2026,Male,ATHX Pro,MetCon X,,,18:44,,,,,,52
53,Ruben,Cunha,Ruben Cunha,Male,,,https://ui-avatars.com/api/?name=R+C&color=FFFFFF&background=000000,ATHX MADRID 2026,Spain 🇪🇸,2026,Male,ATHX Pro,MetCon X,,,19:10,,,,,,53
54,Juan,Iglesias Gonseth,Juan Iglesias Gonseth,Male,Spain,,https://ui-avatars.com/api/?name=J+I+G&color=FFFFFF&background=000000,ATHX MADRID 2026,Spain 🇪🇸,2026,Male,ATHX Pro,MetCon X,,,19:14,,,,,,54
55,Jamie,Newington,Jamie Newington,Male,,,https://ui-avatars.com/api/?name=J+N&color=FFFFFF&background=000000,ATHX MADRID 2026,Spain 🇪🇸,2026,Male,ATHX Pro,MetCon X,,,19:15,,,,,,55
56,Nacho,Aliaga,Nacho Aliaga,Male,,,https://ui-avatars.com/api/?name=N+A&color=FFFFFF&background=000000,ATHX BARCELONA 2026,Spain 🇪🇸,2026,Male,ATHX Pro,MetCon X,,,19:35,,,,,,56
57,Javier,Nistal Martínez,Javier Nistal Martínez,Male,Spain,MTeam,https://athxgames.com/storage/profile-photos/7E9SDlZYR5JBtxER4N8mcz3WmbqxLbkoeyb11IZW.jpg,ATHX MADRID 2026,Spain 🇪🇸,2026,Male,ATHX Pro,MetCon X,,,19:56,,,,,,57
58,Daniel,Cabrera de los Santos,Daniel Cabrera de los Santos,Male,,,https://athxgames.com/storage/profile-photos/c9RQ2osQdTDi9K4msL4RhAdX4TCI9EvkP066cY3R.png,ATHX MADRID 2026,Spain 🇪🇸,2026,Male,ATHX Pro,MetCon X,,,20:47,,,,,,58
59,Alexis,Duran,Alexis Duran,Male,,,https://athxgames.com/storage/profile-photos/CwkEkoAqlyI4VvsrZ4Rbw87hflfsaRAJl7lVCBh0.jpg,ATHX BARCELONA 2026,Spain 🇪🇸,2026,Male,ATHX Pro,MetCon X,,,21:13,,,,,,59
60,Iván,Pereira Lopez,Iván Pereira Lopez,Male,,,https://ui-avatars.com/api/?name=I+P+L&color=FFFFFF&background=000000,ATHX MADRID 2026,Spain 🇪🇸,2026,Male,ATHX Pro,MetCon X,,,21:21,,,,,,60
61,Victor,Mesa Fumero,Victor Mesa Fumero,Male,,,https://ui-avatars.com/api/?name=V+M+F&color=FFFFFF&background=000000,ATHX MADRID 2026,Spain 🇪🇸,2026,Male,ATHX Pro,MetCon X,,,21:34,,,,,,61
62,Zinsou,Christopher,Zinsou Christopher,Male,France,,https://athxgames.com/storage/profile-photos/n4gkvIexx2qksieMjqTzY0pq4FRLrSJx07dWT9df.jpg,ATHX BARCELONA 2026,Spain 🇪🇸,2026,Male,ATHX Pro,MetCon X,,,22:13,,,,,,62
63,Philipp,Malfatti,Philipp Malfatti,Male,,,https://ui-avatars.com/api/?name=P+M&color=FFFFFF&background=000000,ATHX BARCELONA 2026,Spain 🇪🇸,2026,Male,ATHX Pro,MetCon X,,,23:06,,,,,,63
64,Robert,Dallakian,Robert Dallakian,Male,,HybridBox,https://ui-avatars.com/api/?name=R+D&color=FFFFFF&background=000000,ATHX MADRID 2026,Spain 🇪🇸,2026,Male,ATHX Pro,MetCon X,,,23:37,,,,,,64
65,João,Leão,João Leão,Male,Portugal,,https://ui-avatars.com/api/?name=J+L&color=FFFFFF&background=000000,ATHX BARCELONA 2026,Spain 🇪🇸,2026,Male,ATHX Pro,MetCon X,,,23:46,,,,,,65
1,Léo,Ledeux,Léo Ledeux,Male,,,https://ui-avatars.com/api/?name=L+L&color=FFFFFF&background=000000,ATHX BARCELONA 2026,Spain 🇪🇸,2026,Male,ATHX Pro,Strength,,,,106KG,220KG,255KG,,,1
2,Yassine,Belaji,Yassine Belaji,Male,France,,https://ui-avatars.com/api/?name=Y+B&color=FFFFFF&background=000000,ATHX BARCELONA 2026,Spain 🇪🇸,2026,Male,ATHX Pro,Strength,,,,107KG,202KG,235KG,,,2
3,Charlie,Marchant,Charlie Marchant,Male,,,https://ui-avatars.com/api/?name=C+M&color=FFFFFF&background=000000,ATHX BARCELONA 2026,Spain 🇪🇸,2026,Male,ATHX Pro,Strength,,,,101KG,185KG,250KG,,,3
4,Mulley,Branch,Mulley Branch,Male,United Kingdom,,https://ui-avatars.com/api/?name=M+B&color=FFFFFF&background=000000,ATHX MADRID 2026,Spain 🇪🇸,2026,Male,ATHX Pro,Strength,,,,95KG,195KG,235KG,,,4
5,Stephane,Cau,Stephane Cau,Male,France,Crossfit symbiote,https://ui-avatars.com/api/?name=S+C&color=FFFFFF&background=000000,ATHX MADRID 2026,Spain 🇪🇸,2026,Male,ATHX Pro,Strength,,,,92KG,187KG,242KG,,,5
6,Sergio,Martin,Sergio Martin,Male,Spain,Only Fitness Club,https://athxgames.com/storage/profile-photos/HZFGzvPCdWOOer7budBTsciH5PLIBT3GeNno0Svh.jpg,ATHX BARCELONA 2026,Spain 🇪🇸,2026,Male,ATHX Pro,Strength,,,,102KG,185KG,221KG,,,6
7,cristian,blazquez,cristian blazquez,Male,,,https://ui-avatars.com/api/?name=c+b&color=FFFFFF&background=000000,ATHX BARCELONA 2026,Spain 🇪🇸,2026,Male,ATHX Pro,Strength,,,,93KG,190KG,223KG,,,7
8,Gustavo adolfo,Rendon obando,Gustavo adolfo Rendon obando,Male,Spain,Gx CrossFit,https://ui-avatars.com/api/?name=G+a+R+o&color=FFFFFF&background=000000,ATHX MADRID 2026,Spain 🇪🇸,2026,Male,ATHX Pro,Strength,,,,95KG,190KG,220KG,,,8
9,Tiago,Luzes,Tiago Luzes,Male,,,https://ui-avatars.com/api/?name=T+L&color=FFFFFF&background=000000,ATHX BARCELONA 2026,Spain 🇪🇸,2026,Male,ATHX Pro,Strength,,,,102KG,190KG,210KG,,,9
10,Diogo,Corrente,Diogo Corrente,Male,Portugal,CrossFit Odivelas,https://ui-avatars.com/api/?name=D+C&color=FFFFFF&background=000000,ATHX BARCELONA 2026,Spain 🇪🇸,2026,Male,ATHX Pro,Strength,,,,107KG,180KG,210KG,,,10
11,Michał,Wesołowski,Michał Wesołowski,Male,,,https://ui-avatars.com/api/?name=M+W&color=FFFFFF&background=000000,ATHX BARCELONA 2026,Spain 🇪🇸,2026,Male,ATHX Pro,Strength,,,,100KG,180KG,210KG,,,11
12,Pablo,Cazalis,Pablo Cazalis,Male,Spain,Crossfit Zarautz,https://athxgames.com/storage/profile-photos/GnxCD4hiAWcsYU8scs79x3W34kYyQBURQhonMIyT.jpg,ATHX BARCELONA 2026,Spain 🇪🇸,2026,Male,ATHX Pro,Strength,,,,91KG,191KG,200KG,,,12
13,Oliver,Ruschke,Oliver Ruschke,Male,Germany,,https://athxgames.com/storage/profile-photos/eXXsewmYgSdHkGDfDJOefHLsKzk1tHBptVSTt6ne.jpg,ATHX BARCELONA 2026,Spain 🇪🇸,2026,Male,ATHX Pro,Strength,,,,84KG,186KG,211KG,,,13
14,Ramón,Lecumberri Pastor,Ramón Lecumberri Pastor,Male,,,https://ui-avatars.com/api/?name=R+L+P&color=FFFFFF&background=000000,ATHX BARCELONA 2026,Spain 🇪🇸,2026,Male,ATHX Pro,Strength,,,,95KG,170KG,215KG,,,14
15,Thomas,Chesneau,Thomas Chesneau,Male,France,Hypro Hybrid Club,https://ui-avatars.com/api/?name=T+C&color=FFFFFF&background=000000,ATHX BARCELONA 2026,Spain 🇪🇸,2026,Male,ATHX Pro,Strength,,,,91KG,165KG,223KG,,,15
16,Jose,Rajadell Planes,Jose Rajadell Planes,Male,Spain,OneBox Training,https://ui-avatars.com/api/?name=J+R+P&color=FFFFFF&background=000000,ATHX BARCELONA 2026,Spain 🇪🇸,2026,Male,ATHX Pro,Strength,,,,93KG,165KG,220KG,,,16
17,Nacho,Villoria,Nacho Villoria,Male,Spain,,https://ui-avatars.com/api/?name=N+V&color=FFFFFF&background=000000,ATHX MADRID 2026,Spain 🇪🇸,2026,Male,ATHX Pro,Strength,,,,94KG,170KG,212KG,,,17
18,Sergio,Martin,Sergio Martin,Male,Spain,Only Fitness Club,https://athxgames.com/storage/profile-photos/HZFGzvPCdWOOer7budBTsciH5PLIBT3GeNno0Svh.jpg,ATHX MADRID 2026,Spain 🇪🇸,2026,Male,ATHX Pro,Strength,,,,100KG,175KG,200KG,,,18
19,Karim,Amouch,Karim Amouch,Male,,,https://ui-avatars.com/api/?name=K+A&color=FFFFFF&background=000000,ATHX BARCELONA 2026,Spain 🇪🇸,2026,Male,ATHX Pro,Strength,,,,90KG,170KG,210KG,,,19
20,Alejandro,Briatore,Alejandro Briatore,Male,,,https://ui-avatars.com/api/?name=A+B&color=FFFFFF&background=000000,ATHX MADRID 2026,Spain 🇪🇸,2026,Male,ATHX Pro,Strength,,,,72KG,187KG,210KG,,,20
21,Zinsou,Christopher,Zinsou Christopher,Male,France,,https://athxgames.com/storage/profile-photos/n4gkvIexx2qksieMjqTzY0pq4FRLrSJx07dWT9df.jpg,ATHX BARCELONA 2026,Spain 🇪🇸,2026,Male,ATHX Pro,Strength,,,,70KG,170KG,220KG,,,21
22,Alberto,Lopez,Alberto Lopez,Male,,,https://ui-avatars.com/api/?name=A+L&color=FFFFFF&background=000000,ATHX MADRID 2026,Spain 🇪🇸,2026,Male,ATHX Pro,Strength,,,,80KG,169KG,203KG,,,22
23,Mario,Mennitto,Mario Mennitto,Male,,,https://ui-avatars.com/api/?name=M+M&color=FFFFFF&background=000000,ATHX BARCELONA 2026,Spain 🇪🇸,2026,Male,ATHX Pro,Strength,,,,95KG,166KG,190KG,,,23
24,Francisco Javier,Jimenez,Francisco Javier Jimenez,Male,,,https://ui-avatars.com/api/?name=F+J+J&color=FFFFFF&background=000000,ATHX MADRID 2026,Spain 🇪🇸,2026,Male,ATHX Pro,Strength,,,,80KG,180KG,190KG,,,24
24,Marin Constantin,iancu,Marin Constantin iancu,Male,,,https://ui-avatars.com/api/?name=M+C+i&color=FFFFFF&background=000000,ATHX BARCELONA 2026,Spain 🇪🇸,2026,Male,ATHX Pro,Strength,,,,80KG,170KG,200KG,,,24
26,Javier,Blasco,Javier Blasco,Male,Spain,Hypro Training Club,https://ui-avatars.com/api/?name=J+B&color=FFFFFF&background=000000,ATHX BARCELONA 2026,Spain 🇪🇸,2026,Male,ATHX Pro,Strength,,,,79KG,180KG,190KG,,,26
27,Marc,Messori Vidal,Marc Messori Vidal,Male,,,https://ui-avatars.com/api/?name=M+M+V&color=FFFFFF&background=000000,ATHX BARCELONA 2026,Spain 🇪🇸,2026,Male,ATHX Pro,Strength,,,,94KG,180KG,170KG,,,27
28,Javier,Blasco,Javier Blasco,Male,Spain,Hypro Training Club,https://ui-avatars.com/api/?name=J+B&color=FFFFFF&background=000000,ATHX MADRID 2026,Spain 🇪🇸,2026,Male,ATHX Pro,Strength,,,,79KG,172KG,192KG,,,28
29,Aleix,Franch ruiz,Aleix Franch ruiz,Male,,,https://ui-avatars.com/api/?name=A+F+r&color=FFFFFF&background=000000,ATHX BARCELONA 2026,Spain 🇪🇸,2026,Male,ATHX Pro,Strength,,,,96KG,154KG,192KG,,,29
30,Eneko,Azcue,Eneko Azcue,Male,,,https://ui-avatars.com/api/?name=E+A&color=FFFFFF&background=000000,ATHX MADRID 2026,Spain 🇪🇸,2026,Male,ATHX Pro,Strength,,,,75KG,173KG,190KG,,,30
30,Ramón,Lecumberri Pastor,Ramón Lecumberri Pastor,Male,,,https://ui-avatars.com/api/?name=R+L+P&color=FFFFFF&background=000000,ATHX MADRID 2026,Spain 🇪🇸,2026,Male,ATHX Pro,Strength,,,,88KG,150KG,200KG,,,30
30,Robert,Brown,Robert Brown,Male,United Kingdom,,https://ui-avatars.com/api/?name=R+B&color=FFFFFF&background=000000,ATHX BARCELONA 2026,Spain 🇪🇸,2026,Male,ATHX Pro,Strength,,,,78KG,170KG,190KG,,,30
33,Marcel,Isinger,Marcel Isinger,Male,Germany,,https://athxgames.com/storage/profile-photos/6V1SXW9Abamio8XOl1YEsQIhdcoSe4NSoQoB4BN8.jpg,ATHX BARCELONA 2026,Spain 🇪🇸,2026,Male,ATHX Pro,Strength,,,,74KG,171KG,191KG,,,33
34,Robert,Dallakian,Robert Dallakian,Male,,HybridBox,https://ui-avatars.com/api/?name=R+D&color=FFFFFF&background=000000,ATHX MADRID 2026,Spain 🇪🇸,2026,Male,ATHX Pro,Strength,,,,85KG,160KG,190KG,,,34
34,Philipp,Malfatti,Philipp Malfatti,Male,,,https://ui-avatars.com/api/?name=P+M&color=FFFFFF&background=000000,ATHX BARCELONA 2026,Spain 🇪🇸,2026,Male,ATHX Pro,Strength,,,,83KG,146KG,206KG,,,34
36,Andrés,Mármol Pérez,Andrés Mármol Pérez,Male,,,https://ui-avatars.com/api/?name=A+M+P&color=FFFFFF&background=000000,ATHX MADRID 2026,Spain 🇪🇸,2026,Male,ATHX Pro,Strength,,,,75KG,155KG,200KG,,,36
37,Moreau,Morgan,Moreau Morgan,Male,France,Burpees,https://athxgames.com/storage/profile-photos/3WBXe5Qu632D81iLABpbxuWSmIpmzoXkjYTTgpBV.jpg,ATHX MADRID 2026,Spain 🇪🇸,2026,Male,ATHX Pro,Strength,,,,72KG,170KG,185KG,,,37
38,Jamie,Newington,Jamie Newington,Male,,,https://ui-avatars.com/api/?name=J+N&color=FFFFFF&background=000000,ATHX MADRID 2026,Spain 🇪🇸,2026,Male,ATHX Pro,Strength,,,,90KG,165KG,170KG,,,38
39,Steve,Jones,Steve Jones,Male,,,https://ui-avatars.com/api/?name=S+J&color=FFFFFF&background=000000,ATHX MADRID 2026,Spain 🇪🇸,2026,Male,ATHX Pro,Strength,,,,77KG,152KG,182KG,,,39
40,Dan,Bowker,Dan Bowker,Male,United Kingdom,Caveman Training,https://athxgames.com/storage/profile-photos/afOlHLgfHC6KhjagpXmfd83BA7VuCRDWOAgddd3c.jpg,ATHX MADRID 2026,Spain 🇪🇸,2026,Male,ATHX Pro,Strength,,,,90KG,140KG,180KG,,,40
41,Sullivan,LABORDE,Sullivan LABORDE,Male,France,,https://ui-avatars.com/api/?name=S+L&color=FFFFFF&background=000000,ATHX MADRID 2026,Spain 🇪🇸,2026,Male,ATHX Pro,Strength,,,,70KG,132KG,200KG,,,41
42,Wilber,Mayca,Wilber Mayca,Male,,,https://ui-avatars.com/api/?name=W+M&color=FFFFFF&background=000000,ATHX MADRID 2026,Spain 🇪🇸,2026,Male,ATHX Pro,Strength,,,,77KG,150KG,170KG,,,42
43,Guido,Susani,Guido Susani,Male,,,https://ui-avatars.com/api/?name=G+S&color=FFFFFF&background=000000,ATHX BARCELONA 2026,Spain 🇪🇸,2026,Male,ATHX Pro,Strength,,,,75KG,140KG,180KG,,,43
44,Javier,Nistal Martínez,Javier Nistal Martínez,Male,Spain,MTeam,https://athxgames.com/storage/profile-photos/7E9SDlZYR5JBtxER4N8mcz3WmbqxLbkoeyb11IZW.jpg,ATHX MADRID 2026,Spain 🇪🇸,2026,Male,ATHX Pro,Strength,,,,73KG,160KG,160KG,,,44
45,Jorge,Francés,Jorge Francés,Male,Spain,Ozaru,https://athxgames.com/storage/profile-photos/X785JwHfj9fIncbGlL9TDnAKl9QbVqo18ufnHz2f.jpg,ATHX MADRID 2026,Spain 🇪🇸,2026,Male,ATHX Pro,Strength,,,,72KG,143KG,168KG,,,45
46,Angel,Amat Diez,Angel Amat Diez,Male,,,https://ui-avatars.com/api/?name=A+A+D&color=FFFFFF&background=000000,ATHX MADRID 2026,Spain 🇪🇸,2026,Male,ATHX Pro,Strength,,,,79KG,140KG,163KG,,,46
47,Nacho,Aliaga,Nacho Aliaga,Male,,,https://ui-avatars.com/api/?name=N+A&color=FFFFFF&background=000000,ATHX BARCELONA 2026,Spain 🇪🇸,2026,Male,ATHX Pro,Strength,,,,70KG,140KG,170KG,,,47
48,Duarte,Carvalho,Duarte Carvalho,Male,Portugal,CFMaia,https://athxgames.com/storage/profile-photos/7ho5Q1x0GgGsmjj95Wc1AlaIaPM5ppJ3VoMbh30z.jpg,ATHX MADRID 2026,Spain 🇪🇸,2026,Male,ATHX Pro,Strength,,,,66KG,150KG,162KG,,,48
49,Elouan,Trottin,Elouan Trottin,Male,France,,https://ui-avatars.com/api/?name=E+T&color=FFFFFF&background=000000,ATHX MADRID 2026,Spain 🇪🇸,2026,Male,ATHX Pro,Strength,,,,70KG,145KG,160KG,,,49
49,David,Giron martin,David Giron martin,Male,,,https://ui-avatars.com/api/?name=D+G+m&color=FFFFFF&background=000000,ATHX BARCELONA 2026,Spain 🇪🇸,2026,Male,ATHX Pro,Strength,,,,76KG,139KG,160KG,,,49
49,João,Leão,João Leão,Male,Portugal,,https://ui-avatars.com/api/?name=J+L&color=FFFFFF&background=000000,ATHX BARCELONA 2026,Spain 🇪🇸,2026,Male,ATHX Pro,Strength,,,,63KG,141KG,171KG,,,49
52,Philipp,Lorber,Philipp Lorber,Male,,,https://ui-avatars.com/api/?name=P+L&color=FFFFFF&background=000000,ATHX MADRID 2026,Spain 🇪🇸,2026,Male,ATHX Pro,Strength,,,,65KG,150KG,155KG,,,52
53,Ruben,Cunha,Ruben Cunha,Male,,,https://ui-avatars.com/api/?name=R+C&color=FFFFFF&background=000000,ATHX MADRID 2026,Spain 🇪🇸,2026,Male,ATHX Pro,Strength,,,,72KG,140KG,155KG,,,53
54,Juan,Iglesias Gonseth,Juan Iglesias Gonseth,Male,Spain,,https://ui-avatars.com/api/?name=J+I+G&color=FFFFFF&background=000000,ATHX MADRID 2026,Spain 🇪🇸,2026,Male,ATHX Pro,Strength,,,,59KG,145KG,162KG,,,54
55,Daniel,Cabrera de los Santos,Daniel Cabrera de los Santos,Male,,,https://athxgames.com/storage/profile-photos/c9RQ2osQdTDi9K4msL4RhAdX4TCI9EvkP066cY3R.png,ATHX MADRID 2026,Spain 🇪🇸,2026,Male,ATHX Pro,Strength,,,,74KG,130KG,160KG,,,55
56,Santi,Torre,Santi Torre,Male,,,https://athxgames.com/storage/profile-photos/X2EouhjvAsFVukp6cFsH9iVX28i6gUxhmqQNiIyU.jpg,ATHX MADRID 2026,Spain 🇪🇸,2026,Male,ATHX Pro,Strength,,,,78KG,135KG,150KG,,,56
57,Francisco Javier,Izaguirre,Francisco Javier Izaguirre,Male,,,https://ui-avatars.com/api/?name=F+J+I&color=FFFFFF&background=000000,ATHX MADRID 2026,Spain 🇪🇸,2026,Male,ATHX Pro,Strength,,,,70KG,130KG,162KG,,,57
58,Jose vicente,Ferrer chiral,Jose vicente Ferrer chiral,Male,,,https://ui-avatars.com/api/?name=J+v+F+c&color=FFFFFF&background=000000,ATHX MADRID 2026,Spain 🇪🇸,2026,Male,ATHX Pro,Strength,,,,70KG,135KG,155KG,,,58
59,Victor,Mesa Fumero,Victor Mesa Fumero,Male,,,https://ui-avatars.com/api/?name=V+M+F&color=FFFFFF&background=000000,ATHX MADRID 2026,Spain 🇪🇸,2026,Male,ATHX Pro,Strength,,,,55KG,140KG,160KG,,,59
60,Andrei,Canseco,Andrei Canseco,Male,,,https://ui-avatars.com/api/?name=A+C&color=FFFFFF&background=000000,ATHX BARCELONA 2026,Spain 🇪🇸,2026,Male,ATHX Pro,Strength,,,,75KG,129KG,150KG,,,60
61,Luis,Garcia Rubio,Luis Garcia Rubio,Male,,,https://ui-avatars.com/api/?name=L+G+R&color=FFFFFF&background=000000,ATHX MADRID 2026,Spain 🇪🇸,2026,Male,ATHX Pro,Strength,,,,70KG,130KG,150KG,,,61
62,Marcin,Sawuła,Marcin Sawuła,Male,,,https://athxgames.com/storage/profile-photos/na6SxNm6r2OtOL93kZidzTjvVinjQn8AW0k7hfBi.jpg,ATHX BARCELONA 2026,Spain 🇪🇸,2026,Male,ATHX Pro,Strength,,,,73KG,126KG,141KG,,,62
63,Alexis,Duran,Alexis Duran,Male,,,https://athxgames.com/storage/profile-photos/CwkEkoAqlyI4VvsrZ4Rbw87hflfsaRAJl7lVCBh0.jpg,ATHX BARCELONA 2026,Spain 🇪🇸,2026,Male,ATHX Pro,Strength,,,,61KG,121KG,151KG,,,63
64,Iván,Pereira Lopez,Iván Pereira Lopez,Male,,,https://ui-avatars.com/api/?name=I+P+L&color=FFFFFF&background=000000,ATHX MADRID 2026,Spain 🇪🇸,2026,Male,ATHX Pro,Strength,,,,53KG,120KG,150KG,,,64
65,Fernando,Alves,Fernando Alves,Male,,,https://ui-avatars.com/api/?name=F+A&color=FFFFFF&background=000000,ATHX BARCELONA 2026,Spain 🇪🇸,2026,Male,ATHX Pro,Strength,,,,0KG,0KG,0KG,,,65
1,Tomás,Joaninho,Tomás Joaninho,Male,Portugal,,https://athxgames.com/storage/profile-photos/14rLJZPAlSMnPViItP0iA7GHuSiujwuqHOtOEFhp.jpg,ATHX MADRID 2026,Spain 🇪🇸,2026,Male,ATHX,Overall,12 (474KG),10 (5.08KM),6 (09:32),,,,,,28
2,Julio,Romaguera,Julio Romaguera,Male,Brazil,Crossfit Black Edition,https://athxgames.com/storage/profile-photos/rLIhjAWxl1PAy6hZl8f7dEE6DxhTPipFqD0hqYGl.jpg,ATHX BARCELONA 2026,Spain 🇪🇸,2026,Male,ATHX,Overall,32 (443KG),13 (5.031KM),1 (08:43),,,,,,46
3,Daniel,Bachura,Daniel Bachura,Male,Spain,+ One More,https://ui-avatars.com/api/?name=D+B&color=FFFFFF&background=000000,ATHX MADRID 2026,Spain 🇪🇸,2026,Male,ATHX,Overall,23 (455KG),29 (4.932KM),9 (09:50),,,,,,61
4,HALAOUI,Maxime,HALAOUI Maxime,Male,France,Raise Studio,https://ui-avatars.com/api/?name=H+M&color=FFFFFF&background=000000,ATHX MADRID 2026,Spain 🇪🇸,2026,Male,ATHX,Overall,21 (457KG),31 (4.914KM),25 (10:52),,,,,,77
5,Thomas,Chesneau,Thomas Chesneau,Male,France,Hypro Hybrid Club,https://ui-avatars.com/api/?name=T+C&color=FFFFFF&background=000000,ATHX MADRID 2026,Spain 🇪🇸,2026,Male,ATHX,Overall,73 (400KG),4 (5.262KM),10 (10:11),,,,,,87
5,Mathieu,Merlet,Mathieu Merlet,Male,,,https://ui-avatars.com/api/?name=M+M&color=FFFFFF&background=000000,ATHX BARCELONA 2026,Spain 🇪🇸,2026,Male,ATHX,Overall,62 (408KG),8 (5.121KM),17 (10:30),,,,,,87
7,Thomas,Vignal,Thomas Vignal,Male,France,,https://ui-avatars.com/api/?name=T+V&color=FFFFFF&background=000000,ATHX BARCELONA 2026,Spain 🇪🇸,2026,Male,ATHX,Overall,79 (397KG),12 (5.061KM),2 (09:17),,,,,,93
8,Alejandro,Jiménez Vasco,Alejandro Jiménez Vasco,Male,Spain,,https://ui-avatars.com/api/?name=A+J+V&color=FFFFFF&background=000000,ATHX BARCELONA 2026,Spain 🇪🇸,2026,Male,ATHX,Overall,8 (484KG),50 (4.788KM),38 (11:23),,,,,,96
9,Alejandro,Jiménez Vasco,Alejandro Jiménez Vasco,Male,Spain,,https://ui-avatars.com/api/?name=A+J+V&color=FFFFFF&background=000000,ATHX MADRID 2026,Spain 🇪🇸,2026,Male,ATHX,Overall,12 (474KG),33 (4.907KM),53 (11:54),,,,,,98
10,Michal,Holaza,Michal Holaza,Male,,,https://ui-avatars.com/api/?name=M+H&color=FFFFFF&background=000000,ATHX BARCELONA 2026,Spain 🇪🇸,2026,Male,ATHX,Overall,7 (486KG),86 (4.622KM),8 (09:43),,,,,,101
11,Robin,Brault,Robin Brault,Male,,,https://ui-avatars.com/api/?name=R+B&color=FFFFFF&background=000000,ATHX BARCELONA 2026,Spain 🇪🇸,2026,Male,ATHX,Overall,79 (397KG),2 (5.266KM),22 (10:41),,,,,,103
12,Fabian,Ferreira,Fabian Ferreira,Male,,,https://ui-avatars.com/api/?name=F+F&color=FFFFFF&background=000000,ATHX BARCELONA 2026,Spain 🇪🇸,2026,Male,ATHX,Overall,73 (400KG),6 (5.202KM),34 (11:11),,,,,,113
13,Sam,Pask,Sam Pask,Male,United Kingdom,Unit 8 Training,https://athxgames.com/storage/profile-photos/FcMyaTrD8pIRRDtiJYA9oTJBoH0XsG9fCJsCH90c.jpg,ATHX BARCELONA 2026,Spain 🇪🇸,2026,Male,ATHX,Overall,43 (428KG),71 (4.676KM),5 (09:31),,,,,,119
14,Łukasz,Leśniewski,Łukasz Leśniewski,Male,,,https://athxgames.com/storage/profile-photos/XAzQOrc7a63alU2oqm6uuOUihlqHrbHxPLRIm5MJ.jpg,ATHX BARCELONA 2026,Spain 🇪🇸,2026,Male,ATHX,Overall,55 (415KG),64 (4.699KM),4 (09:24),,,,,,123
15,Ed,Tyler,Ed Tyler,Male,United Kingdom,,https://ui-avatars.com/api/?name=E+T&color=FFFFFF&background=000000,ATHX BARCELONA 2026,Spain 🇪🇸,2026,Male,ATHX,Overall,9 (481KG),95 (4.593KM),25 (10:52),,,,,,129
16,Diego,Pereira,Diego Pereira,Male,,,https://ui-avatars.com/api/?name=D+P&color=FFFFFF&background=000000,ATHX MADRID 2026,Spain 🇪🇸,2026,Male,ATHX,Overall,97 (383KG),14 (5.025KM),21 (10:40),,,,,,132
17,Alvaro,Jiménez,Alvaro Jiménez,Male,Spain,,https://ui-avatars.com/api/?name=A+J&color=FFFFFF&background=000000,ATHX MADRID 2026,Spain 🇪🇸,2026,Male,ATHX,Overall,58 (414KG),36 (4.868KM),41 (11:31),,,,,,135
17,Ismael,Torres,Ismael Torres,Male,,,https://ui-avatars.com/api/?name=I+T&color=FFFFFF&background=000000,ATHX MADRID 2026,Spain 🇪🇸,2026,Male,ATHX,Overall,55 (415KG),51 (4.787KM),29 (11:04),,,,,,135
17,Cesar jorge,Hernanz sanchez,Cesar jorge Hernanz sanchez,Male,,,https://ui-avatars.com/api/?name=C+j+H+s&color=FFFFFF&background=000000,ATHX BARCELONA 2026,Spain 🇪🇸,2026,Male,ATHX,Overall,33 (442KG),58 (4.766KM),44 (11:39),,,,,,135
20,Alex,Reinlein,Alex Reinlein,Male,,,https://ui-avatars.com/api/?name=A+R&color=FFFFFF&background=000000,ATHX BARCELONA 2026,Spain 🇪🇸,2026,Male,ATHX,Overall,94 (385KG),15 (5.018KM),27 (10:54),,,,,,136
21,Maxime,Andrien,Maxime Andrien,Male,Belgium,Crossfit Liege,https://ui-avatars.com/api/?name=M+A&color=FFFFFF&background=000000,ATHX BARCELONA 2026,Spain 🇪🇸,2026,Male,ATHX,Overall,121 (367KG),11 (5.069KM),12 (10:15),,,,,,144
22,CAROT,Axel,CAROT Axel,Male,,,https://ui-avatars.com/api/?name=C+A&color=FFFFFF&background=000000,ATHX BARCELONA 2026,Spain 🇪🇸,2026,Male,ATHX,Overall,28 (448KG),42 (4.828KM),75 (12:34),,,,,,145
23,Jason,Fernandez Birchwood,Jason Fernandez Birchwood,Male,,,https://ui-avatars.com/api/?name=J+F+B&color=FFFFFF&background=000000,ATHX MADRID 2026,Spain 🇪🇸,2026,Male,ATHX,Overall,132 (358KG),1 (5.461KM),15 (10:23),,,,,,148
24,George,Rogers,George Rogers,Male,United Kingdom,CrossFit Fort Ashton,https://ui-avatars.com/api/?name=G+R&color=FFFFFF&background=000000,ATHX MADRID 2026,Spain 🇪🇸,2026,Male,ATHX,Overall,35 (440KG),39 (4.857KM),74 (12:33),,,,,,148
24,Cesar jorge,Hernanz sanchez,Cesar jorge Hernanz sanchez,Male,,,https://ui-avatars.com/api/?name=C+j+H+s&color=FFFFFF&background=000000,ATHX MADRID 2026,Spain 🇪🇸,2026,Male,ATHX,Overall,82 (395KG),35 (4.891KM),31 (11:07),,,,,,148
26,João Filipe,Santos,João Filipe Santos,Male,Portugal,,https://athxgames.com/storage/profile-photos/C50IevQ6zbtXclLYPykoB0lmRNCvszrxS9U0LrSv.jpg,ATHX MADRID 2026,Spain 🇪🇸,2026,Male,ATHX,Overall,120 (368KG),16 (5.014KM),14 (10:19),,,,,,150
27,David,Griñan,David Griñan,Male,,,https://ui-avatars.com/api/?name=D+G&color=FFFFFF&background=000000,ATHX MADRID 2026,Spain 🇪🇸,2026,Male,ATHX,Overall,1 (540KG),121 (4.518KM),30 (11:05),,,,,,152
28,Damian,Tymoszczuk,Damian Tymoszczuk,Male,Poland,CrossFit Białystok,https://ui-avatars.com/api/?name=D+T&color=FFFFFF&background=000000,ATHX MADRID 2026,Spain 🇪🇸,2026,Male,ATHX,Overall,99 (380KG),25 (4.953KM),28 (11:03),,,,,,152
29,Nicolás,Portell,Nicolás Portell,Male,,,https://ui-avatars.com/api/?name=N+P&color=FFFFFF&background=000000,ATHX MADRID 2026,Spain 🇪🇸,2026,Male,ATHX,Overall,33 (442KG),82 (4.636KM),42 (11:33),,,,,,157
30,Jesus,Moya,Jesus Moya,Male,,Kultur Box,https://athxgames.com/storage/profile-photos/zQfHYMH60ArIIZ8fg6bxtkd53XM0RWc6B1k3YaIJ.jpg,ATHX MADRID 2026,Spain 🇪🇸,2026,Male,ATHX,Overall,5 (493KG),91 (4.615KM),63 (12:14),,,,,,159
31,Javier,Martínez Cosin,Javier Martínez Cosin,Male,Spain,Javier Martínez Cosin,https://ui-avatars.com/api/?name=J+M+C&color=FFFFFF&background=000000,ATHX MADRID 2026,Spain 🇪🇸,2026,Male,ATHX,Overall,143 (353KG),5 (5.211KM),16 (10:24),,,,,,164
32,Jared,Quinn,Jared Quinn,Male,South Africa,,https://ui-avatars.com/api/?name=J+Q&color=FFFFFF&background=000000,ATHX BARCELONA 2026,Spain 🇪🇸,2026,Male,ATHX,Overall,59 (413KG),74 (4.662KM),33 (11:09),,,,,,166
33,Patryk,Pawlus,Patryk Pawlus,Male,Poland,,https://ui-avatars.com/api/?name=P+P&color=FFFFFF&background=000000,ATHX BARCELONA 2026,Spain 🇪🇸,2026,Male,ATHX,Overall,30 (444KG),67 (4.685KM),71 (12:29),,,,,,168
34,Tom,Lloyd,Tom Lloyd,Male,,,https://ui-avatars.com/api/?name=T+L&color=FFFFFF&background=000000,ATHX MADRID 2026,Spain 🇪🇸,2026,Male,ATHX,Overall,87 (390KG),23 (4.956KM),59 (12:01),,,,,,169
35,Jose manuel,Lastra sancho,Jose manuel Lastra sancho,Male,Spain,Total Fitness,https://ui-avatars.com/api/?name=J+m+L+s&color=FFFFFF&background=000000,ATHX BARCELONA 2026,Spain 🇪🇸,2026,Male,ATHX,Overall,41 (432KG),76 (4.66KM),55 (11:57),,,,,,172
35,Alejandro,Lucio,Alejandro Lucio,Male,,,https://ui-avatars.com/api/?name=A+L&color=FFFFFF&background=000000,ATHX BARCELONA 2026,Spain 🇪🇸,2026,Male,ATHX,Overall,68 (403KG),34 (4.902KM),70 (12:28),,,,,,172
35,Baptiste,Godin,Baptiste Godin,Male,,,https://ui-avatars.com/api/?name=B+G&color=FFFFFF&background=000000,ATHX BARCELONA 2026,Spain 🇪🇸,2026,Male,ATHX,Overall,127 (363KG),26 (4.938KM),19 (10:35),,,,,,172
38,Luis,Turrion,Luis Turrion,Male,Spain,Singular Box,https://ui-avatars.com/api/?name=L+T&color=FFFFFF&background=000000,ATHX MADRID 2026,Spain 🇪🇸,2026,Male,ATHX,Overall,25 (453KG),104 (4.552KM),46 (11:41),,,,,,175
39,Marco,Salgarollo,Marco Salgarollo,Male,Italy,Crossfit Hidenest,https://ui-avatars.com/api/?name=M+S&color=FFFFFF&background=000000,ATHX BARCELONA 2026,Spain 🇪🇸,2026,Male,ATHX,Overall,71 (402KG),95 (4.593KM),11 (10:12),,,,,,177
40,Jorge,Vázquez,Jorge Vázquez,Male,,,https://ui-avatars.com/api/?name=J+V&color=FFFFFF&background=000000,ATHX BARCELONA 2026,Spain 🇪🇸,2026,Male,ATHX,Overall,29 (447KG),114 (4.533KM),35 (11:14),,,,,,178
41,Jean Olivier,REMER,Jean Olivier REMER,Male,France,,https://ui-avatars.com/api/?name=J+O+R&color=FFFFFF&background=000000,ATHX BARCELONA 2026,Spain 🇪🇸,2026,Male,ATHX,Overall,2 (516KG),124 (4.514KM),54 (11:55),,,,,,180
42,Peio,Torre Martin,Peio Torre Martin,Male,,,https://ui-avatars.com/api/?name=P+T+M&color=FFFFFF&background=000000,ATHX MADRID 2026,Spain 🇪🇸,2026,Male,ATHX,Overall,78 (398KG),45 (4.814KM),60 (12:05),,,,,,183
43,Jannik,Albrecht,Jannik Albrecht,Male,,,https://ui-avatars.com/api/?name=J+A&color=FFFFFF&background=000000,ATHX BARCELONA 2026,Spain 🇪🇸,2026,Male,ATHX,Overall,157 (345KG),7 (5.171KM),20 (10:39),,,,,,184
43,Xavier,Castellarnau,Xavier Castellarnau,Male,Spain,CrossFit SJD,https://ui-avatars.com/api/?name=X+C&color=FFFFFF&background=000000,ATHX BARCELONA 2026,Spain 🇪🇸,2026,Male,ATHX,Overall,105 (377KG),40 (4.846KM),39 (11:24),,,,,,184
45,Blas,Ruedas,Blas Ruedas,Male,Spain,,https://athxgames.com/storage/profile-photos/0AI3Qdavur88zzdofMer1zaa5H5zBjNrdHFWxapR.jpg,ATHX BARCELONA 2026,Spain 🇪🇸,2026,Male,ATHX,Overall,20 (463KG),70 (4.677KM),97 (13:15),,,,,,187
46,Dominik,Fuchs,Dominik Fuchs,Male,,,https://ui-avatars.com/api/?name=D+F&color=FFFFFF&background=000000,ATHX BARCELONA 2026,Spain 🇪🇸,2026,Male,ATHX,Overall,106 (375KG),26 (4.938KM),58 (11:59),,,,,,190
47,David,Garcia Iglesias,David Garcia Iglesias,Male,,,https://ui-avatars.com/api/?name=D+G+I&color=FFFFFF&background=000000,ATHX MADRID 2026,Spain 🇪🇸,2026,Male,ATHX,Overall,94 (385KG),79 (4.653KM),18 (10:34),,,,,,191
48,Angel,Bazan,Angel Bazan,Male,,,https://ui-avatars.com/api/?name=A+B&color=FFFFFF&background=000000,ATHX BARCELONA 2026,Spain 🇪🇸,2026,Male,ATHX,Overall,96 (384KG),72 (4.675KM),24 (10:50),,,,,,192
49,Juan Carlos,Fernández Tenorio,Juan Carlos Fernández Tenorio,Male,,,https://ui-avatars.com/api/?name=J+C+F+T&color=FFFFFF&background=000000,ATHX MADRID 2026,Spain 🇪🇸,2026,Male,ATHX,Overall,16 (470KG),60 (4.763KM),119 (13:42),,,,,,195
50,Euyen,Black mamba,Euyen Black mamba,Male,Spain,Kamus barbell club,https://athxgames.com/storage/profile-photos/2LEYC5caLDRxtDvxxzs2q0PSxoA9MXgqey8EpxJO.jpg,ATHX MADRID 2026,Spain 🇪🇸,2026,Male,ATHX,Overall,16 (470KG),113 (4.536KM),73 (12:31),,,,,,202
51,Tomas,Kizelis,Tomas Kizelis,Male,Lithuania,Lemon gym,https://athxgames.com/storage/profile-photos/2J6Ejky6tskyS0dHHgDHW77gdN4ffygl7LMGPQy0.jpg,ATHX BARCELONA 2026,Spain 🇪🇸,2026,Male,ATHX,Overall,2 (516KG),188 (4.313KM),13 (10:16),,,,,,203
52,Carlos,Dominguez Gioya,Carlos Dominguez Gioya,Male,,,https://ui-avatars.com/api/?name=C+D+G&color=FFFFFF&background=000000,ATHX MADRID 2026,Spain 🇪🇸,2026,Male,ATHX,Overall,26 (451KG),77 (4.659KM),103 (13:22),,,,,,206
53,Aitor,Zugazagoitia,Aitor Zugazagoitia,Male,,,https://ui-avatars.com/api/?name=A+Z&color=FFFFFF&background=000000,ATHX MADRID 2026,Spain 🇪🇸,2026,Male,ATHX,Overall,64 (407KG),107 (4.544KM),36 (11:22),,,,,,207
54,Abderrahim Salah,Achache,Abderrahim Salah Achache,Male,,,https://ui-avatars.com/api/?name=A+S+A&color=FFFFFF&background=000000,ATHX BARCELONA 2026,Spain 🇪🇸,2026,Male,ATHX,Overall,68 (403KG),104 (4.552KM),36 (11:22),,,,,,208
55,Santiago,Cano Morales,Santiago Cano Morales,Male,,,https://ui-avatars.com/api/?name=S+C+M&color=FFFFFF&background=000000,ATHX MADRID 2026,Spain 🇪🇸,2026,Male,ATHX,Overall,55 (415KG),92 (4.614KM),63 (12:14),,,,,,210
56,Daniel,Campaz,Daniel Campaz,Male,Colombia,Bigdani Runner Team,https://athxgames.com/storage/profile-photos/PYgTDfjluHM05E0oCbokOJUZbMG3wxLEe6KbWVNg.jpg,ATHX BARCELONA 2026,Spain 🇪🇸,2026,Male,ATHX,Overall,46 (425KG),93 (4.613KM),78 (12:36),,,,,,217
57,Gonçalo,Amado,Gonçalo Amado,Male,Portugal,CFL Acadamy,https://ui-avatars.com/api/?name=G+A&color=FFFFFF&background=000000,ATHX MADRID 2026,Spain 🇪🇸,2026,Male,ATHX,Overall,53 (422KG),118 (4.521KM),48 (11:42),,,,,,219
57,Diego,Martinez,Diego Martinez,Male,,,https://athxgames.com/storage/profile-photos/Q9PvuTpHvk0CCYGv9czvpAL9lJ2huHYryU1huVR0.png,ATHX MADRID 2026,Spain 🇪🇸,2026,Male,ATHX,Overall,115 (370KG),26 (4.938KM),78 (12:36),,,,,,219
59,Julien,Darrénougué,Julien Darrénougué,Male,France,,https://athxgames.com/storage/profile-photos/2MH1B5QbilxMNAscSo9IjxQmMBPN4MM16bvGy35u.jpg,ATHX BARCELONA 2026,Spain 🇪🇸,2026,Male,ATHX,Overall,37 (435KG),107 (4.544KM),76 (12:35),,,,,,220
60,Antonio,Castaño,Antonio Castaño,Male,,,https://ui-avatars.com/api/?name=A+C&color=FFFFFF&background=000000,ATHX MADRID 2026,Spain 🇪🇸,2026,Male,ATHX,Overall,18 (465KG),121 (4.518KM),83 (12:46),,,,,,222
61,Vegar,Haave,Vegar Haave,Male,,,https://ui-avatars.com/api/?name=V+H&color=FFFFFF&background=000000,ATHX BARCELONA 2026,Spain 🇪🇸,2026,Male,ATHX,Overall,175 (330KG),44 (4.823KM),7 (09:40),,,,,,226
62,Gabriele,Castellitto,Gabriele Castellitto,Male,,,https://ui-avatars.com/api/?name=G+C&color=FFFFFF&background=000000,ATHX BARCELONA 2026,Spain 🇪🇸,2026,Male,ATHX,Overall,106 (375KG),81 (4.644KM),40 (11:29),,,,,,227
63,Néstor,Quiroga Casas,Néstor Quiroga Casas,Male,,,https://ui-avatars.com/api/?name=N+Q+C&color=FFFFFF&background=000000,ATHX MADRID 2026,Spain 🇪🇸,2026,Male,ATHX,Overall,160 (343KG),20 (4.994KM),49 (11:50),,,,,,229
63,Fernando,Alvarez Clavera,Fernando Alvarez Clavera,Male,,,https://ui-avatars.com/api/?name=F+A+C&color=FFFFFF&background=000000,ATHX BARCELONA 2026,Spain 🇪🇸,2026,Male,ATHX,Overall,151 (349KG),32 (4.91KM),46 (11:41),,,,,,229
65,Diego,Navarro Perez,Diego Navarro Perez,Male,,,https://ui-avatars.com/api/?name=D+N+P&color=FFFFFF&background=000000,ATHX MADRID 2026,Spain 🇪🇸,2026,Male,ATHX,Overall,161 (342KG),19 (4.999KM),51 (11:51),,,,,,231
66,Mattia,Piaia,Mattia Piaia,Male,,,https://ui-avatars.com/api/?name=M+P&color=FFFFFF&background=000000,ATHX MADRID 2026,Spain 🇪🇸,2026,Male,ATHX,Overall,161 (342KG),9 (5.111KM),66 (12:15),,,,,,236
67,Jose Carlos,Ajenjo Saez,Jose Carlos Ajenjo Saez,Male,,,https://ui-avatars.com/api/?name=J+C+A+S&color=FFFFFF&background=000000,ATHX MADRID 2026,Spain 🇪🇸,2026,Male,ATHX,Overall,86 (391KG),66 (4.689KM),89 (12:59),,,,,,241
68,Rodrigo,da Silva,Rodrigo da Silva,Male,Portugal,2725 A Box de Sintra,https://ui-avatars.com/api/?name=R+d+S&color=FFFFFF&background=000000,ATHX MADRID 2026,Spain 🇪🇸,2026,Male,ATHX,Overall,112 (372KG),68 (4.679KM),63 (12:14),,,,,,243
69,Tiziano,Bigatel,Tiziano Bigatel,Male,Italy,Acquarè fitness academy,https://ui-avatars.com/api/?name=T+B&color=FFFFFF&background=000000,ATHX BARCELONA 2026,Spain 🇪🇸,2026,Male,ATHX,Overall,12 (474KG),210 (4.173KM),23 (10:46),,,,,,245
70,Iñigo,Eleta,Iñigo Eleta,Male,Spain,La Colmena CrossFit Sevilla,https://ui-avatars.com/api/?name=I+E&color=FFFFFF&background=000000,ATHX MADRID 2026,Spain 🇪🇸,2026,Male,ATHX,Overall,4 (500KG),192 (4.288KM),52 (11:53),,,,,,248
71,Jordi,Boada,Jordi Boada,Male,Spain,,https://ui-avatars.com/api/?name=J+B&color=FFFFFF&background=000000,ATHX BARCELONA 2026,Spain 🇪🇸,2026,Male,ATHX,Overall,130 (360KG),74 (4.662KM),49 (11:50),,,,,,253
71,Riccardo,Quartieri,Riccardo Quartieri,Male,,,https://ui-avatars.com/api/?name=R+Q&color=FFFFFF&background=000000,ATHX BARCELONA 2026,Spain 🇪🇸,2026,Male,ATHX,Overall,11 (475KG),155 (4.437KM),87 (12:57),,,,,,253
73,Albert,Peris Aguilar,Albert Peris Aguilar,Male,,,https://ui-avatars.com/api/?name=A+P+A&color=FFFFFF&background=000000,ATHX MADRID 2026,Spain 🇪🇸,2026,Male,ATHX,Overall,99 (380KG),54 (4.784KM),109 (13:29),,,,,,262
74,thomas,bordonado,thomas bordonado,Male,,,https://ui-avatars.com/api/?name=t+b&color=FFFFFF&background=000000,ATHX BARCELONA 2026,Spain 🇪🇸,2026,Male,ATHX,Overall,72 (401KG),127 (4.513KM),68 (12:27),,,,,,267
75,Brunet,Lucas,Brunet Lucas,Male,,,https://ui-avatars.com/api/?name=B+L&color=FFFFFF&background=000000,ATHX BARCELONA 2026,Spain 🇪🇸,2026,Male,ATHX,Overall,106 (375KG),83 (4.635KM),82 (12:44),,,,,,271
75,Lorenzo,Sendra,Lorenzo Sendra,Male,Mexico,Fabrik Training Club,https://athxgames.com/storage/profile-photos/BfMkaoBnxF4IRxTBMlwtvb3bZZG0Z5Mw5PBnE6PS.jpg,ATHX BARCELONA 2026,Spain 🇪🇸,2026,Male,ATHX,Overall,44 (427KG),184 (4.325KM),43 (11:35),,,,,,271
77,Íñigo,González,Íñigo González,Male,,,https://ui-avatars.com/api/?name=%C3%8D+G&color=FFFFFF&background=000000,ATHX MADRID 2026,Spain 🇪🇸,2026,Male,ATHX,Overall,236 (290KG),2 (5.266KM),45 (11:40),,,,,,283
78,Rodrigo,Scheffer,Rodrigo Scheffer,Male,,,https://ui-avatars.com/api/?name=R+S&color=FFFFFF&background=000000,ATHX MADRID 2026,Spain 🇪🇸,2026,Male,ATHX,Overall,155 (347KG),54 (4.784KM),78 (12:36),,,,,,287
79,Alejandro,Lucio,Alejandro Lucio,Male,,,https://ui-avatars.com/api/?name=A+L&color=FFFFFF&background=000000,ATHX MADRID 2026,Spain 🇪🇸,2026,Male,ATHX,Overall,62 (408KG),88 (4.619KM),141 (14:21),,,,,,291
79,Miguel Angel,González,Miguel Angel González,Male,Spain,Bollbox CrossFit,https://athxgames.com/storage/profile-photos/c8AlhOG9wDMLAMCbu0rWhiKJYoQ6hNi8HtZ6uQtD.jpg,ATHX MADRID 2026,Spain 🇪🇸,2026,Male,ATHX,Overall,51 (423KG),88 (4.619KM),152 (14:33),,,,,,291
81,Diego,Martinez,Diego Martinez,Male,,,https://athxgames.com/storage/profile-photos/Q9PvuTpHvk0CCYGv9czvpAL9lJ2huHYryU1huVR0.png,ATHX BARCELONA 2026,Spain 🇪🇸,2026,Male,ATHX,Overall,111 (374KG),57 (4.777KM),128 (13:57),,,,,,296
82,craig,cameron,craig cameron,Male,,,https://ui-avatars.com/api/?name=c+c&color=FFFFFF&background=000000,ATHX MADRID 2026,Spain 🇪🇸,2026,Male,ATHX,Overall,214 (308KG),22 (4.979KM),61 (12:10),,,,,,297
83,Giorgio,De feo,Giorgio De feo,Male,,,https://ui-avatars.com/api/?name=G+D+f&color=FFFFFF&background=000000,ATHX BARCELONA 2026,Spain 🇪🇸,2026,Male,ATHX,Overall,66 (405KG),87 (4.62KM),145 (14:26),,,,,,298
84,Zach,Nash,Zach Nash,Male,United Kingdom,Fitness lab,https://ui-avatars.com/api/?name=Z+N&color=FFFFFF&background=000000,ATHX MADRID 2026,Spain 🇪🇸,2026,Male,ATHX,Overall,37 (435KG),149 (4.449KM),114 (13:33),,,,,,300
85,Samuel,Saez Castillo,Samuel Saez Castillo,Male,,,https://ui-avatars.com/api/?name=S+S+C&color=FFFFFF&background=000000,ATHX MADRID 2026,Spain 🇪🇸,2026,Male,ATHX,Overall,190 (320KG),58 (4.766KM),55 (11:57),,,,,,303
85,Sergio,Barrera Jiménez,Sergio Barrera Jiménez,Male,,,https://athxgames.com/storage/profile-photos/2qFKGe7oFAXKQLR10uW61Y3KjVmy5rJktQIIuJ25.jpg,ATHX MADRID 2026,Spain 🇪🇸,2026,Male,ATHX,Overall,157 (345KG),30 (4.916KM),116 (13:37),,,,,,303
85,Kenneth,Frøland,Kenneth Frøland,Male,Norway,Hybrid Training,https://athxgames.com/storage/profile-photos/nBg2sAeZV5rMdy0rBzupf8gABiGROfzLK0vRfeim.jpg,ATHX BARCELONA 2026,Spain 🇪🇸,2026,Male,ATHX,Overall,54 (421KG),141 (4.487KM),108 (13:28),,,,,,303
88,André,Silva,André Silva,Male,Portugal,Unbroken Box,https://ui-avatars.com/api/?name=A+S&color=FFFFFF&background=000000,ATHX MADRID 2026,Spain 🇪🇸,2026,Male,ATHX,Overall,46 (425KG),135 (4.5KM),130 (13:58),,,,,,311
88,Santiago,Fernández Bobis,Santiago Fernández Bobis,Male,,,https://ui-avatars.com/api/?name=S+F+B&color=FFFFFF&background=000000,ATHX MADRID 2026,Spain 🇪🇸,2026,Male,ATHX,Overall,181 (327KG),18 (5.012KM),112 (13:31),,,,,,311
90,Hector,Piquer Alos,Hector Piquer Alos,Male,Spain,,https://athxgames.com/storage/profile-photos/K2SGgFCFixMBsSodObxIC6Xz9gH2fM5zAGogd8Lm.jpg,ATHX MADRID 2026,Spain 🇪🇸,2026,Male,ATHX,Overall,73 (400KG),140 (4.489KM),105 (13:25),,,,,,318
91,adrián,martin toro,adrián martin toro,Male,,,https://ui-avatars.com/api/?name=a+m+t&color=FFFFFF&background=000000,ATHX MADRID 2026,Spain 🇪🇸,2026,Male,ATHX,Overall,169 (337KG),61 (4.755KM),91 (13:04),,,,,,321
92,Victor,Martin,Victor Martin,Male,,,https://ui-avatars.com/api/?name=V+M&color=FFFFFF&background=000000,ATHX MADRID 2026,Spain 🇪🇸,2026,Male,ATHX,Overall,190 (320KG),17 (5.013KM),115 (13:35),,,,,,322
93,Eros,Álvarez Dacosta,Eros Álvarez Dacosta,Male,,,https://ui-avatars.com/api/?name=E+%C3%81+D&color=FFFFFF&background=000000,ATHX MADRID 2026,Spain 🇪🇸,2026,Male,ATHX,Overall,236 (290KG),21 (4.982KM),68 (12:27),,,,,,325
94,Maximilian,Hacker,Maximilian Hacker,Male,Germany,Fitness First Winterhude,https://athxgames.com/storage/profile-photos/aRDKr60GuqQBCZJzRW4CyFPk7TWwqpShr8gvJDeI.jpg,ATHX MADRID 2026,Spain 🇪🇸,2026,Male,ATHX,Overall,46 (425KG),187 (4.316KM),94 (13:09),,,,,,327
95,Garoé,Bello,Garoé Bello,Male,,,https://ui-avatars.com/api/?name=G+B&color=FFFFFF&background=000000,ATHX MADRID 2026,Spain 🇪🇸,2026,Male,ATHX,Overall,215 (307KG),37 (4.862KM),81 (12:37),,,,,,333
96,Bastien,Bonnefoy,Bastien Bonnefoy,Male,France,,https://athxgames.com/storage/profile-photos/k6FEhl5eqVkzBO9Kl1x359SKFvdULofGvrhi4sat.jpg,ATHX BARCELONA 2026,Spain 🇪🇸,2026,Male,ATHX,Overall,93 (386KG),117 (4.522KM),124 (13:53),,,,,,334
97,Ezequiel,Bahl,Ezequiel Bahl,Male,,,https://ui-avatars.com/api/?name=E+B&color=FFFFFF&background=000000,ATHX BARCELONA 2026,Spain 🇪🇸,2026,Male,ATHX,Overall,124 (365KG),148 (4.451KM),67 (12:25),,,,,,339
98,Hugo,Morgado,Hugo Morgado,Male,,,https://ui-avatars.com/api/?name=H+M&color=FFFFFF&background=000000,ATHX MADRID 2026,Spain 🇪🇸,2026,Male,ATHX,Overall,91 (389KG),124 (4.514KM),128 (13:57),,,,,,343
99,Daniel,Ortiz Pinelo,Daniel Ortiz Pinelo,Male,,,https://ui-avatars.com/api/?name=D+O+P&color=FFFFFF&background=000000,ATHX BARCELONA 2026,Spain 🇪🇸,2026,Male,ATHX,Overall,127 (363KG),119 (4.52KM),101 (13:18),,,,,,347
100,Mark,Ingram,Mark Ingram,Male,,,https://ui-avatars.com/api/?name=M+I&color=FFFFFF&background=000000,ATHX MADRID 2026,Spain 🇪🇸,2026,Male,ATHX,Overall,68 (403KG),141 (4.487KM),146 (14:28),,,,,,355
100,Alvaro,Garcia-Moya Herrera,Alvaro Garcia-Moya Herrera,Male,,,https://athxgames.com/storage/profile-photos/LmYuuwAtj8aKQmOnSF45yG7GYhjrF2vLstAv8PZw.png,ATHX MADRID 2026,Spain 🇪🇸,2026,Male,ATHX,Overall,82 (395KG),169 (4.397KM),104 (13:23),,,,,,355
100,Emilio Antonio,Quintana Fernandez,Emilio Antonio Quintana Fernandez,Male,,,https://ui-avatars.com/api/?name=E+A+Q+F&color=FFFFFF&background=000000,ATHX MADRID 2026,Spain 🇪🇸,2026,Male,ATHX,Overall,134 (357KG),129 (4.512KM),92 (13:06),,,,,,355
103,JESÚS,MULERO,JESÚS MULERO,Male,Spain,Mulero,https://ui-avatars.com/api/?name=J+M&color=FFFFFF&background=000000,ATHX MADRID 2026,Spain 🇪🇸,2026,Male,ATHX,Overall,15 (473KG),231 (3.983KM),112 (13:31),,,,,,358
103,Hugo,Idier,Hugo Idier,Male,,,https://ui-avatars.com/api/?name=H+I&color=FFFFFF&background=000000,ATHX BARCELONA 2026,Spain 🇪🇸,2026,Male,ATHX,Overall,182 (325KG),114 (4.533KM),62 (12:12),,,,,,358
105,Gary,Acosta,Gary Acosta,Male,,,https://ui-avatars.com/api/?name=G+A&color=FFFFFF&background=000000,ATHX MADRID 2026,Spain 🇪🇸,2026,Male,ATHX,Overall,87 (390KG),139 (4.493KM),136 (14:10),,,,,,362
105,Marcin,Rutkowski,Marcin Rutkowski,Male,,,https://athxgames.com/storage/profile-photos/AFBWDt6CXD8UfASX92WZLKR37lrykvXG69j9hjiI.png,ATHX BARCELONA 2026,Spain 🇪🇸,2026,Male,ATHX,Overall,125 (364KG),161 (4.425KM),76 (12:35),,,,,,362
107,Juan,Espinosa,Juan Espinosa,Male,,,https://ui-avatars.com/api/?name=J+E&color=FFFFFF&background=000000,ATHX MADRID 2026,Spain 🇪🇸,2026,Male,ATHX,Overall,145 (350KG),88 (4.619KM),130 (13:58),,,,,,363
108,C Mathias,Jara Fismaurises,C Mathias Jara Fismaurises,Male,Spain,,https://ui-avatars.com/api/?name=C+M+J+F&color=FFFFFF&background=000000,ATHX MADRID 2026,Spain 🇪🇸,2026,Male,ATHX,Overall,232 (295KG),23 (4.956KM),109 (13:29),,,,,,364
108,João,Lopes,João Lopes,Male,,,https://ui-avatars.com/api/?name=J+L&color=FFFFFF&background=000000,ATHX BARCELONA 2026,Spain 🇪🇸,2026,Male,ATHX,Overall,99 (380KG),170 (4.393KM),95 (13:10),,,,,,364
110,Pedro,Mayoral Romero,Pedro Mayoral Romero,Male,,,https://ui-avatars.com/api/?name=P+M+R&color=FFFFFF&background=000000,ATHX MADRID 2026,Spain 🇪🇸,2026,Male,ATHX,Overall,153 (348KG),127 (4.513KM),90 (13:02),,,,,,370
111,Martin,Smith,Martin Smith,Male,United Kingdom,,https://ui-avatars.com/api/?name=M+S&color=FFFFFF&background=000000,ATHX MADRID 2026,Spain 🇪🇸,2026,Male,ATHX,Overall,231 (298KG),56 (4.779KM),84 (12:48),,,,,,371
112,Jorge,Añover,Jorge Añover,Male,Spain,,https://ui-avatars.com/api/?name=J+A&color=FFFFFF&background=000000,ATHX MADRID 2026,Spain 🇪🇸,2026,Male,ATHX,Overall,202 (313KG),65 (4.693KM),107 (13:27),,,,,,374
113,Erwan,GUYON,Erwan GUYON,Male,,,https://ui-avatars.com/api/?name=E+G&color=FFFFFF&background=000000,ATHX BARCELONA 2026,Spain 🇪🇸,2026,Male,ATHX,Overall,153 (348KG),41 (4.831KM),183 (15:39),,,,,,377
114,Harold,Delabre,Harold Delabre,Male,France,,https://athxgames.com/storage/profile-photos/ZZxDEalkn5Scqcz3By0ITF0Hz3q1SS4NVUEKUvje.jpg,ATHX MADRID 2026,Spain 🇪🇸,2026,Male,ATHX,Overall,112 (372KG),106 (4.547KM),160 (14:53),,,,,,378
114,aleix,pellicer,aleix pellicer,Male,,,https://ui-avatars.com/api/?name=a+p&color=FFFFFF&background=000000,ATHX BARCELONA 2026,Spain 🇪🇸,2026,Male,ATHX,Overall,121 (367KG),171 (4.391KM),86 (12:54),,,,,,378
116,Miguel,Moratiel,Miguel Moratiel,Male,,,https://ui-avatars.com/api/?name=M+M&color=FFFFFF&background=000000,ATHX MADRID 2026,Spain 🇪🇸,2026,Male,ATHX,Overall,204 (311KG),53 (4.785KM),122 (13:52),,,,,,379
117,Javier,Ventura,Javier Ventura,Male,Spain,,https://athxgames.com/storage/profile-photos/urPLSDK2Ux2xYKk2Bz4CikbtUZrIbqI9ykCouK3W.png,ATHX MADRID 2026,Spain 🇪🇸,2026,Male,ATHX,Overall,207 (310KG),47 (4.801KM),126 (13:54),,,,,,380
118,Alex,Membri,Alex Membri,Male,Spain,,https://ui-avatars.com/api/?name=A+M&color=FFFFFF&background=000000,ATHX MADRID 2026,Spain 🇪🇸,2026,Male,ATHX,Overall,161 (342KG),132 (4.51KM),88 (12:58),,,,,,381
118,Daniel,Campaz,Daniel Campaz,Male,Colombia,Bigdani Runner Team,https://athxgames.com/storage/profile-photos/PYgTDfjluHM05E0oCbokOJUZbMG3wxLEe6KbWVNg.jpg,ATHX MADRID 2026,Spain 🇪🇸,2026,Male,ATHX,Overall,87 (390KG),159 (4.427KM),135 (14:07),,,,,,381
120,Ricardo,Rabre,Ricardo Rabre,Male,,,https://ui-avatars.com/api/?name=R+R&color=FFFFFF&background=000000,ATHX MADRID 2026,Spain 🇪🇸,2026,Male,ATHX,Overall,118 (369KG),111 (4.543KM),153 (14:35),,,,,,382
121,Rodrigo,Alvarez Cerdeira,Rodrigo Alvarez Cerdeira,Male,Spain,Laucala health & CrossFit,https://ui-avatars.com/api/?name=R+A+C&color=FFFFFF&background=000000,ATHX MADRID 2026,Spain 🇪🇸,2026,Male,ATHX,Overall,159 (344KG),129 (4.512KM),97 (13:15),,,,,,385
121,jose,perez mora,jose perez mora,Male,Spain,FSC FITNESS AND PERFORMANCE,https://athxgames.com/storage/profile-photos/Yd8DLStPPerWBQvIXn7Umzc01uLg9m0TR82mV9CA.jpg,ATHX BARCELONA 2026,Spain 🇪🇸,2026,Male,ATHX,Overall,40 (433KG),199 (4.253KM),146 (14:28),,,,,,385
123,Adrián,Quintero,Adrián Quintero,Male,,,https://ui-avatars.com/api/?name=A+Q&color=FFFFFF&background=000000,ATHX MADRID 2026,Spain 🇪🇸,2026,Male,ATHX,Overall,166 (340KG),61 (4.755KM),161 (14:54),,,,,,388
124,Jose,Montes,Jose Montes,Male,Spain,Montes,https://athxgames.com/storage/profile-photos/VTgYs092bY0zyvBX6fiJ74FaESCxRMjtjgz7oz1L.jpg,ATHX MADRID 2026,Spain 🇪🇸,2026,Male,ATHX,Overall,106 (375KG),165 (4.415KM),121 (13:50),,,,,,392
125,Fernando,Cámara Rosell,Fernando Cámara Rosell,Male,,,https://ui-avatars.com/api/?name=F+C+R&color=FFFFFF&background=000000,ATHX MADRID 2026,Spain 🇪🇸,2026,Male,ATHX,Overall,67 (404KG),198 (4.26KM),133 (14:05),,,,,,398
126,JOFREY,AZEVEDO,JOFREY AZEVEDO,Male,,,https://ui-avatars.com/api/?name=J+A&color=FFFFFF&background=000000,ATHX BARCELONA 2026,Spain 🇪🇸,2026,Male,ATHX,Overall,151 (349KG),80 (4.648KM),170 (15:12),,,,,,401
127,Mattéo,SENECA-FERREIRA,Mattéo SENECA-FERREIRA,Male,Belgium,6/23 TRAINING CLUB,https://ui-avatars.com/api/?name=M+S&color=FFFFFF&background=000000,ATHX BARCELONA 2026,Spain 🇪🇸,2026,Male,ATHX,Overall,249 (280KG),43 (4.825KM),111 (13:30),,,,,,403
128,Jesús,Giraldo,Jesús Giraldo,Male,,,https://ui-avatars.com/api/?name=J+G&color=FFFFFF&background=000000,ATHX MADRID 2026,Spain 🇪🇸,2026,Male,ATHX,Overall,39 (434KG),202 (4.222KM),163 (14:58),,,,,,404
129,Eric,Xaus,Eric Xaus,Male,Spain,Fabrik,https://ui-avatars.com/api/?name=E+X&color=FFFFFF&background=000000,ATHX BARCELONA 2026,Spain 🇪🇸,2026,Male,ATHX,Overall,165 (341KG),143 (4.48KM),100 (13:16),,,,,,408
129,Luca,Pintimalli,Luca Pintimalli,Male,,,https://ui-avatars.com/api/?name=L+P&color=FFFFFF&background=000000,ATHX BARCELONA 2026,Spain 🇪🇸,2026,Male,ATHX,Overall,161 (342KG),175 (4.373KM),72 (12:30),,,,,,408
131,Daniel,Ortiz Pinelo,Daniel Ortiz Pinelo,Male,,,https://ui-avatars.com/api/?name=D+O+P&color=FFFFFF&background=000000,ATHX MADRID 2026,Spain 🇪🇸,2026,Male,ATHX,Overall,136 (355KG),119 (4.52KM),158 (14:48),,,,,,413
132,Nicoli,Damien,Nicoli Damien,Male,,,https://ui-avatars.com/api/?name=N+D&color=FFFFFF&background=000000,ATHX BARCELONA 2026,Spain 🇪🇸,2026,Male,ATHX,Overall,87 (390KG),201 (4.239KM),126 (13:54),,,,,,414
133,Tamás,Baranyai,Tamás Baranyai,Male,Hungary,Kaduzs Strength & Conditioning,https://ui-avatars.com/api/?name=T+B&color=FFFFFF&background=000000,ATHX BARCELONA 2026,Spain 🇪🇸,2026,Male,ATHX,Overall,145 (350KG),242 (3.888KM),32 (11:08),,,,,,419
134,Sebastián,Henao Guevara,Sebastián Henao Guevara,Male,Spain,C1 Crossfit,https://athxgames.com/storage/profile-photos/Yk4cao1z2aTSGuUCsAQHSOHDdp1IptYTLYo99FqF.jpg,ATHX MADRID 2026,Spain 🇪🇸,2026,Male,ATHX,Overall,284 (146KG),45 (4.814KM),93 (13:07),,,,,,422
135,Alberto,Garcia,Alberto Garcia,Male,,,https://ui-avatars.com/api/?name=A+G&color=FFFFFF&background=000000,ATHX MADRID 2026,Spain 🇪🇸,2026,Male,ATHX,Overall,130 (360KG),157 (4.433KM),137 (14:15),,,,,,424
136,Pedro,Bras,Pedro Bras,Male,,,https://ui-avatars.com/api/?name=P+B&color=FFFFFF&background=000000,ATHX MADRID 2026,Spain 🇪🇸,2026,Male,ATHX,Overall,182 (325KG),69 (4.678KM),176 (15:18),,,,,,427
136,Cesar,Cracco,Cesar Cracco,Male,,,https://ui-avatars.com/api/?name=C+C&color=FFFFFF&background=000000,ATHX MADRID 2026,Spain 🇪🇸,2026,Male,ATHX,Overall,42 (430KG),193 (4.273KM),192 (15:57),,,,,,427
138,Chris,Meadowcroft,Chris Meadowcroft,Male,,,https://ui-avatars.com/api/?name=C+M&color=FFFFFF&background=000000,ATHX MADRID 2026,Spain 🇪🇸,2026,Male,ATHX,Overall,196 (315KG),85 (4.625KM),150 (14:31),,,,,,431
139,Nils,Wolf,Nils Wolf,Male,Germany,Petersgym,https://ui-avatars.com/api/?name=N+W&color=FFFFFF&background=000000,ATHX BARCELONA 2026,Spain 🇪🇸,2026,Male,ATHX,Overall,143 (353KG),147 (4.455KM),144 (14:23),,,,,,434
140,JOAN,TRENCO,JOAN TRENCO,Male,,,https://ui-avatars.com/api/?name=J+T&color=FFFFFF&background=000000,ATHX MADRID 2026,Spain 🇪🇸,2026,Male,ATHX,Overall,196 (315KG),154 (4.438KM),85 (12:52),,,,,,435
141,Juan,Garcia,Juan Garcia,Male,,,https://ui-avatars.com/api/?name=J+G&color=FFFFFF&background=000000,ATHX MADRID 2026,Spain 🇪🇸,2026,Male,ATHX,Overall,125 (364KG),191 (4.289KM),122 (13:52),,,,,,438
142,David,Giron martin,David Giron martin,Male,,,https://ui-avatars.com/api/?name=D+G+m&color=FFFFFF&background=000000,ATHX BARCELONA 2026,Spain 🇪🇸,2026,Male,ATHX,Overall,106 (375KG),197 (4.261KM),138 (14:16),,,,,,441
143,Ola,Sapara-Williams,Ola Sapara-Williams,Male,,,https://ui-avatars.com/api/?name=O+S&color=FFFFFF&background=000000,ATHX BARCELONA 2026,Spain 🇪🇸,2026,Male,ATHX,Overall,24 (454KG),249 (3.841KM),170 (15:12),,,,,,443
144,Dovydas,Radavicius,Dovydas Radavicius,Male,Lithuania,,https://ui-avatars.com/api/?name=D+R&color=FFFFFF&background=000000,ATHX BARCELONA 2026,Spain 🇪🇸,2026,Male,ATHX,Overall,230 (299KG),100 (4.566KM),119 (13:42),,,,,,449
144,Quentin,NUNES,Quentin NUNES,Male,France,,https://ui-avatars.com/api/?name=Q+N&color=FFFFFF&background=000000,ATHX BARCELONA 2026,Spain 🇪🇸,2026,Male,ATHX,Overall,30 (444KG),189 (4.311KM),230 (17:36),,,,,,449
146,Mathieu,Gaillard,Mathieu Gaillard,Male,France,Crossfit Lutece,https://athxgames.com/storage/profile-photos/xKyfHqS0iM6m8wTxReiv3BQmjIpyl0SwHQYIO0Vm.jpg,ATHX BARCELONA 2026,Spain 🇪🇸,2026,Male,ATHX,Overall,175 (330KG),124 (4.514KM),151 (14:32),,,,,,450
147,Lucas,Henrique,Lucas Henrique,Male,Brazil,Lucas Henrique,https://athxgames.com/storage/profile-photos/ePCCKseOwnO7fJqh1kmbvOocbmsIJ8UHM6D4Zyo6.jpg,ATHX BARCELONA 2026,Spain 🇪🇸,2026,Male,ATHX,Overall,92 (388KG),263 (3.726KM),97 (13:15),,,,,,452
148,Nikolai,Kress,Nikolai Kress,Male,Germany,CrossFit TwentyNineSeven,https://athxgames.com/storage/profile-photos/NNBC6BkuY4bAwQ3id85TX8FlRBXMyFCbyVurTkRe.jpg,ATHX MADRID 2026,Spain 🇪🇸,2026,Male,ATHX,Overall,236 (290KG),116 (4.524KM),101 (13:18),,,,,,453
149,Antonio,Camarasaltas Pérez,Antonio Camarasaltas Pérez,Male,Spain,,https://ui-avatars.com/api/?name=A+C+P&color=FFFFFF&background=000000,ATHX BARCELONA 2026,Spain 🇪🇸,2026,Male,ATHX,Overall,79 (397KG),214 (4.152KM),164 (15:01),,,,,,457
150,Jesus,Diaz,Jesus Diaz,Male,,,https://ui-avatars.com/api/?name=J+D&color=FFFFFF&background=000000,ATHX MADRID 2026,Spain 🇪🇸,2026,Male,ATHX,Overall,82 (395KG),204 (4.203KM),173 (15:15),,,,,,459
151,Joan Marc,Gruart Bigas,Joan Marc Gruart Bigas,Male,,,https://ui-avatars.com/api/?name=J+M+G+B&color=FFFFFF&background=000000,ATHX BARCELONA 2026,Spain 🇪🇸,2026,Male,ATHX,Overall,217 (305KG),49 (4.79KM),194 (15:59),,,,,,460
152,Luis,Simao,Luis Simao,Male,Portugal,Studio 131,https://athxgames.com/storage/profile-photos/e6yi5SiSd8lmURlcCUmDiSiZBPhXUaHAI55DmwgQ.jpg,ATHX MADRID 2026,Spain 🇪🇸,2026,Male,ATHX,Overall,121 (367KG),235 (3.949KM),105 (13:25),,,,,,461
152,Demba,DIAGNE,Demba DIAGNE,Male,,,https://ui-avatars.com/api/?name=D+D&color=FFFFFF&background=000000,ATHX BARCELONA 2026,Spain 🇪🇸,2026,Male,ATHX,Overall,6 (490KG),223 (4.073KM),232 (17:38),,,,,,461
154,Henry,Cordall,Henry Cordall,Male,,,https://ui-avatars.com/api/?name=H+C&color=FFFFFF&background=000000,ATHX MADRID 2026,Spain 🇪🇸,2026,Male,ATHX,Overall,136 (355KG),194 (4.272KM),132 (14:02),,,,,,462
155,Carlos,Mora,Carlos Mora,Male,,,https://ui-avatars.com/api/?name=C+M&color=FFFFFF&background=000000,ATHX MADRID 2026,Spain 🇪🇸,2026,Male,ATHX,Overall,245 (285KG),78 (4.655KM),141 (14:21),,,,,,464
156,Tiago,Silva,Tiago Silva,Male,,,https://ui-avatars.com/api/?name=T+S&color=FFFFFF&background=000000,ATHX BARCELONA 2026,Spain 🇪🇸,2026,Male,ATHX,Overall,248 (283KG),99 (4.568KM),118 (13:41),,,,,,465
157,Jonatan,Dublino Fuentes,Jonatan Dublino Fuentes,Male,,,https://ui-avatars.com/api/?name=J+D+F&color=FFFFFF&background=000000,ATHX MADRID 2026,Spain 🇪🇸,2026,Male,ATHX,Overall,60 (410KG),222 (4.081KM),184 (15:40),,,,,,466
158,Santiago,Campos Ruiz,Santiago Campos Ruiz,Male,,,https://ui-avatars.com/api/?name=S+C+R&color=FFFFFF&background=000000,ATHX MADRID 2026,Spain 🇪🇸,2026,Male,ATHX,Overall,175 (330KG),162 (4.423KM),133 (14:05),,,,,,470
159,Matias,Sanchez,Matias Sanchez,Male,,,https://ui-avatars.com/api/?name=M+S&color=FFFFFF&background=000000,ATHX MADRID 2026,Spain 🇪🇸,2026,Male,ATHX,Overall,264 (260KG),52 (4.786KM),156 (14:41),,,,,,472
160,Amir,Tale Khorsand,Amir Tale Khorsand,Male,Germany,,https://ui-avatars.com/api/?name=A+T+K&color=FFFFFF&background=000000,ATHX BARCELONA 2026,Spain 🇪🇸,2026,Male,ATHX,Overall,10 (477KG),238 (3.932KM),226 (17:28),,,,,,474
161,Germán,Cardenete Medina,Germán Cardenete Medina,Male,,,https://ui-avatars.com/api/?name=G+C+M&color=FFFFFF&background=000000,ATHX MADRID 2026,Spain 🇪🇸,2026,Male,ATHX,Overall,217 (305KG),94 (4.596KM),165 (15:02),,,,,,476
162,Adam,Ellis,Adam Ellis,Male,,,https://ui-avatars.com/api/?name=A+E&color=FFFFFF&background=000000,ATHX MADRID 2026,Spain 🇪🇸,2026,Male,ATHX,Overall,115 (370KG),160 (4.426KM),203 (16:20),,,,,,478
162,Carlos,Ríos,Carlos Ríos,Male,Spain,,https://ui-avatars.com/api/?name=C+R&color=FFFFFF&background=000000,ATHX MADRID 2026,Spain 🇪🇸,2026,Male,ATHX,Overall,222 (303KG),101 (4.564KM),155 (14:39),,,,,,478
164,JUAN,Tobeña Puyal,JUAN Tobeña Puyal,Male,,,https://ui-avatars.com/api/?name=J+T+P&color=FFFFFF&background=000000,ATHX MADRID 2026,Spain 🇪🇸,2026,Male,ATHX,Overall,180 (328KG),144 (4.47KM),157 (14:42),,,,,,481
165,Emilio,Schroeder,Emilio Schroeder,Male,,,https://ui-avatars.com/api/?name=E+S&color=FFFFFF&background=000000,ATHX BARCELONA 2026,Spain 🇪🇸,2026,Male,ATHX,Overall,228 (300KG),200 (4.242KM),57 (11:58),,,,,,485
166,Paulo,Alves,Paulo Alves,Male,Portugal,Mov4fit,https://athxgames.com/storage/profile-photos/LTKqmT2GUtmKjUGsKZzCaOdpmvdh7clvXQJuTRnL.jpg,ATHX MADRID 2026,Spain 🇪🇸,2026,Male,ATHX,Overall,132 (358KG),190 (4.302KM),166 (15:05),,,,,,488
167,Ross,Williams,Ross Williams,Male,,,https://ui-avatars.com/api/?name=R+W&color=FFFFFF&background=000000,ATHX MADRID 2026,Spain 🇪🇸,2026,Male,ATHX,Overall,282 (181KG),112 (4.537KM),95 (13:10),,,,,,489
167,Marc,Simoes,Marc Simoes,Male,,,https://ui-avatars.com/api/?name=M+S&color=FFFFFF&background=000000,ATHX MADRID 2026,Spain 🇪🇸,2026,Male,ATHX,Overall,51 (423KG),246 (3.861KM),192 (15:57),,,,,,489
167,Angel,Fontova,Angel Fontova,Male,,,https://ui-avatars.com/api/?name=A+F&color=FFFFFF&background=000000,ATHX BARCELONA 2026,Spain 🇪🇸,2026,Male,ATHX,Overall,97 (383KG),215 (4.135KM),177 (15:19),,,,,,489
167,Cid,Fonseca,Cid Fonseca,Male,Portugal,,https://ui-avatars.com/api/?name=C+F&color=FFFFFF&background=000000,ATHX BARCELONA 2026,Spain 🇪🇸,2026,Male,ATHX,Overall,182 (325KG),107 (4.544KM),200 (16:13),,,,,,489
167,Evan,Crotty,Evan Crotty,Male,,,https://ui-avatars.com/api/?name=E+C&color=FFFFFF&background=000000,ATHX BARCELONA 2026,Spain 🇪🇸,2026,Male,ATHX,Overall,199 (314KG),152 (4.44KM),138 (14:16),,,,,,489
172,Javier,Mateo Fuertes,Javier Mateo Fuertes,Male,,,https://athxgames.com/storage/profile-photos/exNypFjhdNHQA9MCXA68XHas1SKT41uFd9f1vDBm.jpg,ATHX MADRID 2026,Spain 🇪🇸,2026,Male,ATHX,Overall,245 (285KG),38 (4.86KM),213 (16:39),,,,,,496
173,Andre,Oliveira,Andre Oliveira,Male,Portugal,THRIVE - Dare to Rise,https://athxgames.com/storage/profile-photos/qJpHRVM36be5wEdfxYha0RpZCPXh6GG6H1wKWcX1.jpg,ATHX BARCELONA 2026,Spain 🇪🇸,2026,Male,ATHX,Overall,257 (265KG),102 (4.56KM),148 (14:30),,,,,,507
174,Iván,Moraleda,Iván Moraleda,Male,,,https://ui-avatars.com/api/?name=I+M&color=FFFFFF&background=000000,ATHX MADRID 2026,Spain 🇪🇸,2026,Male,ATHX,Overall,118 (369KG),203 (4.207KM),188 (15:44),,,,,,509
174,Giovanni,Petito,Giovanni Petito,Male,Italy,Home Gym Club,https://ui-avatars.com/api/?name=G+P&color=FFFFFF&background=000000,ATHX BARCELONA 2026,Spain 🇪🇸,2026,Male,ATHX,Overall,194 (316KG),167 (4.403KM),148 (14:30),,,,,,509
176,EDUARD,MORERA TORRES,EDUARD MORERA TORRES,Male,,,https://ui-avatars.com/api/?name=E+M+T&color=FFFFFF&background=000000,ATHX BARCELONA 2026,Spain 🇪🇸,2026,Male,ATHX,Overall,194 (316KG),137 (4.499KM),179 (15:24),,,,,,510
177,Ander,Cobo,Ander Cobo,Male,,,https://ui-avatars.com/api/?name=A+C&color=FFFFFF&background=000000,ATHX MADRID 2026,Spain 🇪🇸,2026,Male,ATHX,Overall,253 (279KG),48 (4.796KM),210 (16:34),,,,,,511
178,Rémi,Gouault,Rémi Gouault,Male,,,https://ui-avatars.com/api/?name=R+G&color=FFFFFF&background=000000,ATHX BARCELONA 2026,Spain 🇪🇸,2026,Male,ATHX,Overall,199 (314KG),173 (4.385KM),140 (14:18),,,,,,512
179,Víctor,Soler Cortina,Víctor Soler Cortina,Male,,,https://ui-avatars.com/api/?name=V+S+C&color=FFFFFF&background=000000,ATHX MADRID 2026,Spain 🇪🇸,2026,Male,ATHX,Overall,217 (305KG),172 (4.387KM),124 (13:53),,,,,,513
180,Santiago,Cordero,Santiago Cordero,Male,,,https://ui-avatars.com/api/?name=S+C&color=FFFFFF&background=000000,ATHX MADRID 2026,Spain 🇪🇸,2026,Male,ATHX,Overall,242 (287KG),156 (4.436KM),117 (13:39),,,,,,515
180,Alessandro,Poggi,Alessandro Poggi,Male,,,https://ui-avatars.com/api/?name=A+P&color=FFFFFF&background=000000,ATHX MADRID 2026,Spain 🇪🇸,2026,Male,ATHX,Overall,261 (263KG),73 (4.669KM),181 (15:32),,,,,,515
182,Ander,Cobo,Ander Cobo,Male,,,https://ui-avatars.com/api/?name=A+C&color=FFFFFF&background=000000,ATHX BARCELONA 2026,Spain 🇪🇸,2026,Male,ATHX,Overall,222 (303KG),98 (4.587KM),196 (16:04),,,,,,516
183,Maurizio,Maffei,Maurizio Maffei,Male,Italy,,https://athxgames.com/storage/profile-photos/9twohnzUkUyMhj6FHbZLLDB2LVmIEZBOeEYBSNzC.jpg,ATHX BARCELONA 2026,Spain 🇪🇸,2026,Male,ATHX,Overall,136 (355KG),163 (4.42KM),219 (17:04),,,,,,518
184,Jose,Lasso,Jose Lasso,Male,Mexico,,https://ui-avatars.com/api/?name=J+L&color=FFFFFF&background=000000,ATHX BARCELONA 2026,Spain 🇪🇸,2026,Male,ATHX,Overall,27 (450KG),265 (3.693KM),228 (17:32),,,,,,520
185,Ramón,Gómez Robles,Ramón Gómez Robles,Male,,,https://ui-avatars.com/api/?name=R+G+R&color=FFFFFF&background=000000,ATHX MADRID 2026,Spain 🇪🇸,2026,Male,ATHX,Overall,204 (311KG),150 (4.445KM),170 (15:12),,,,,,524
186,Manuel,Rojo,Manuel Rojo,Male,,,https://athxgames.com/storage/profile-photos/s5BsImEZGPJy3FSyf6gFzMhj7CN6Mk1EbtU1qBka.jpg,ATHX MADRID 2026,Spain 🇪🇸,2026,Male,ATHX,Overall,188 (323KG),165 (4.415KM),174 (15:17),,,,,,527
187,Rob,Byrne,Rob Byrne,Male,United Kingdom,True Grit Training,https://athxgames.com/storage/profile-photos/lf1VRvirXewG7iEoPaSaJNjhh5U0wQP8SxJMuqhq.jpg,ATHX MADRID 2026,Spain 🇪🇸,2026,Male,ATHX,Overall,114 (371KG),236 (3.94KM),178 (15:20),,,,,,528
188,Sergio,Rodríguez Calzada,Sergio Rodríguez Calzada,Male,,,https://ui-avatars.com/api/?name=S+R+C&color=FFFFFF&background=000000,ATHX MADRID 2026,Spain 🇪🇸,2026,Male,ATHX,Overall,207 (310KG),164 (4.416KM),159 (14:50),,,,,,530
188,Borja,Laguía,Borja Laguía,Male,,,https://athxgames.com/storage/profile-photos/O4k7KkMiVMCli8pWIWN5Hcn3uSPcB329byLIghkj.jpg,ATHX BARCELONA 2026,Spain 🇪🇸,2026,Male,ATHX,Overall,136 (355KG),182 (4.329KM),212 (16:38),,,,,,530
190,ALEJANDRO,KRUMECADYK,ALEJANDRO KRUMECADYK,Male,,,https://ui-avatars.com/api/?name=A+K&color=FFFFFF&background=000000,ATHX BARCELONA 2026,Spain 🇪🇸,2026,Male,ATHX,Overall,168 (339KG),134 (4.507KM),229 (17:34),,,,,,531
190,Alan,Greenidge,Alan Greenidge,Male,,,https://ui-avatars.com/api/?name=A+G&color=FFFFFF&background=000000,ATHX BARCELONA 2026,Spain 🇪🇸,2026,Male,ATHX,Overall,73 (400KG),267 (3.672KM),191 (15:52),,,,,,531
192,Alex,Cabrera,Alex Cabrera,Male,Spain,,https://ui-avatars.com/api/?name=A+C&color=FFFFFF&background=000000,ATHX BARCELONA 2026,Spain 🇪🇸,2026,Male,ATHX,Overall,228 (300KG),153 (4.439KM),154 (14:36),,,,,,535
192,Alex,Samaniego,Alex Samaniego,Male,,,https://ui-avatars.com/api/?name=A+S&color=FFFFFF&background=000000,ATHX BARCELONA 2026,Spain 🇪🇸,2026,Male,ATHX,Overall,64 (407KG),270 (3.607KM),201 (16:16),,,,,,535
194,Kevin,Mendes,Kevin Mendes,Male,,,https://ui-avatars.com/api/?name=K+M&color=FFFFFF&background=000000,ATHX BARCELONA 2026,Spain 🇪🇸,2026,Male,ATHX,Overall,44 (427KG),273 (3.562KM),223 (17:25),,,,,,540
195,Teddy,Lecarpentier,Teddy Lecarpentier,Male,,,https://ui-avatars.com/api/?name=T+L&color=FFFFFF&background=000000,ATHX BARCELONA 2026,Spain 🇪🇸,2026,Male,ATHX,Overall,234 (292KG),138 (4.494KM),169 (15:11),,,,,,541
196,Julio,Argueso,Julio Argueso,Male,Spain,,https://ui-avatars.com/api/?name=J+A&color=FFFFFF&background=000000,ATHX MADRID 2026,Spain 🇪🇸,2026,Male,ATHX,Overall,46 (425KG),221 (4.084KM),276 (23:20),,,,,,543
196,Roger,Riba Pla,Roger Riba Pla,Male,,,https://ui-avatars.com/api/?name=R+R+P&color=FFFFFF&background=000000,ATHX BARCELONA 2026,Spain 🇪🇸,2026,Male,ATHX,Overall,170 (336KG),177 (4.36KM),196 (16:04),,,,,,543
196,Frederic,Tinturier,Frederic Tinturier,Male,,,https://ui-avatars.com/api/?name=F+T&color=FFFFFF&background=000000,ATHX BARCELONA 2026,Spain 🇪🇸,2026,Male,ATHX,Overall,207 (310KG),168 (4.401KM),168 (15:09),,,,,,543
199,Ricardo,Fernandes,Ricardo Fernandes,Male,Portugal,,https://ui-avatars.com/api/?name=R+F&color=FFFFFF&background=000000,ATHX MADRID 2026,Spain 🇪🇸,2026,Male,ATHX,Overall,22 (456KG),282 (3.217KM),241 (18:16),,,,,,545
200,Alvaro,Garcia,Alvaro Garcia,Male,,,https://ui-avatars.com/api/?name=A+G&color=FFFFFF&background=000000,ATHX MADRID 2026,Spain 🇪🇸,2026,Male,ATHX,Overall,234 (292KG),95 (4.593KM),225 (17:26),,,,,,554
201,Adrian,Barajas Vellon,Adrian Barajas Vellon,Male,,,https://ui-avatars.com/api/?name=A+B+V&color=FFFFFF&background=000000,ATHX MADRID 2026,Spain 🇪🇸,2026,Male,ATHX,Overall,193 (317KG),179 (4.351KM),187 (15:43),,,,,,559
201,Sam,Laczny,Sam Laczny,Male,,,https://ui-avatars.com/api/?name=S+L&color=FFFFFF&background=000000,ATHX BARCELONA 2026,Spain 🇪🇸,2026,Male,ATHX,Overall,199 (314KG),180 (4.344KM),180 (15:30),,,,,,559
203,Guy,Bailey,Guy Bailey,Male,United Kingdom,GPN Fitness Project,https://ui-avatars.com/api/?name=G+B&color=FFFFFF&background=000000,ATHX MADRID 2026,Spain 🇪🇸,2026,Male,ATHX,Overall,127 (363KG),227 (4.029KM),206 (16:28),,,,,,560
203,Pablo,Zamora Romero,Pablo Zamora Romero,Male,Spain,Zeta Zona Zero,https://athxgames.com/storage/profile-photos/B7CuwPadrjz6cmsFOcP9fA0WyxLlb3hiwkHsS3tW.jpg,ATHX BARCELONA 2026,Spain 🇪🇸,2026,Male,ATHX,Overall,207 (310KG),212 (4.158KM),141 (14:21),,,,,,560
205,Muñiz,Seijas,Muñiz Seijas,Male,,,https://ui-avatars.com/api/?name=M+S&color=FFFFFF&background=000000,ATHX MADRID 2026,Spain 🇪🇸,2026,Male,ATHX,Overall,145 (350KG),207 (4.194KM),209 (16:33),,,,,,561
205,Rotimi,Adegoju,Rotimi Adegoju,Male,,,https://ui-avatars.com/api/?name=R+A&color=FFFFFF&background=000000,ATHX BARCELONA 2026,Spain 🇪🇸,2026,Male,ATHX,Overall,19 (464KG),279 (3.313KM),263 (20:42),,,,,,561
207,Óscar,Ayala,Óscar Ayala,Male,Spain,Hytos,https://ui-avatars.com/api/?name=%C3%93+A&color=FFFFFF&background=000000,ATHX MADRID 2026,Spain 🇪🇸,2026,Male,ATHX,Overall,225 (302KG),176 (4.371KM),162 (14:57),,,,,,563
207,Sergio,Rozas Fernandez,Sergio Rozas Fernandez,Male,Spain,,https://ui-avatars.com/api/?name=S+R+F&color=FFFFFF&background=000000,ATHX BARCELONA 2026,Spain 🇪🇸,2026,Male,ATHX,Overall,272 (233KG),102 (4.56KM),189 (15:45),,,,,,563
209,Maurizio,Maffei,Maurizio Maffei,Male,Italy,,https://athxgames.com/storage/profile-photos/9twohnzUkUyMhj6FHbZLLDB2LVmIEZBOeEYBSNzC.jpg,ATHX MADRID 2026,Spain 🇪🇸,2026,Male,ATHX,Overall,145 (350KG),185 (4.322KM),235 (17:45),,,,,,565
210,Raphael,Swift,Raphael Swift,Male,,,https://ui-avatars.com/api/?name=R+S&color=FFFFFF&background=000000,ATHX MADRID 2026,Spain 🇪🇸,2026,Male,ATHX,Overall,36 (438KG),259 (3.762KM),271 (21:37),,,,,,566
210,Rémy,remy.carayon12@gmail.com,Rémy remy.carayon12@gmail.com,Male,France,,https://athxgames.com/storage/profile-photos/6iV8NXOlz7YffRkvNqIPQTt9IEovlO6tAGcrtoaQ.jpg,ATHX BARCELONA 2026,Spain 🇪🇸,2026,Male,ATHX,Overall,241 (288KG),121 (4.518KM),204 (16:23),,,,,,566
212,Afonso,Canavilhas,Afonso Canavilhas,Male,,,https://ui-avatars.com/api/?name=A+C&color=FFFFFF&background=000000,ATHX BARCELONA 2026,Spain 🇪🇸,2026,Male,ATHX,Overall,99 (380KG),247 (3.858KM),222 (17:22),,,,,,568
213,dani,zhou ye,dani zhou ye,Male,,,https://ui-avatars.com/api/?name=d+z+y&color=FFFFFF&background=000000,ATHX BARCELONA 2026,Spain 🇪🇸,2026,Male,ATHX,Overall,182 (325KG),206 (4.195KM),182 (15:33),,,,,,570
214,Mark,McNulty,Mark McNulty,Male,,,https://ui-avatars.com/api/?name=M+M&color=FFFFFF&background=000000,ATHX BARCELONA 2026,Spain 🇪🇸,2026,Male,ATHX,Overall,196 (315KG),213 (4.154KM),166 (15:05),,,,,,575
215,Daniel,Gatnau,Daniel Gatnau,Male,,,https://ui-avatars.com/api/?name=D+G&color=FFFFFF&background=000000,ATHX MADRID 2026,Spain 🇪🇸,2026,Male,ATHX,Overall,175 (330KG),216 (4.117KM),186 (15:41),,,,,,577
215,Diego,Diaz Perez,Diego Diaz Perez,Male,Spain,,https://athxgames.com/storage/profile-photos/v6cpaRSzDj0suTtRndT80jDFvgopbeBGnW8xLCVH.png,ATHX BARCELONA 2026,Spain 🇪🇸,2026,Male,ATHX,Overall,145 (350KG),233 (3.958KM),199 (16:08),,,,,,577
217,Gerardo,Císter Jiménez,Gerardo Císter Jiménez,Male,,,https://ui-avatars.com/api/?name=G+C+J&color=FFFFFF&background=000000,ATHX MADRID 2026,Spain 🇪🇸,2026,Male,ATHX,Overall,277 (220KG),63 (4.733KM),238 (18:07),,,,,,578
218,Ricardo,Silva,Ricardo Silva,Male,Portugal,CrossFit Durius,https://athxgames.com/storage/profile-photos/KU4fRdR8KfAQQXLSRTD0KHCfj0SiKTU5snPNet6S.jpg,ATHX MADRID 2026,Spain 🇪🇸,2026,Male,ATHX,Overall,254 (270KG),131 (4.511KM),202 (16:17),,,,,,587
218,José Miguel,Cortés,José Miguel Cortés,Male,,,https://ui-avatars.com/api/?name=J+M+C&color=FFFFFF&background=000000,ATHX MADRID 2026,Spain 🇪🇸,2026,Male,ATHX,Overall,103 (378KG),241 (3.901KM),243 (18:35),,,,,,587
218,Edu,Martos,Edu Martos,Male,,,https://ui-avatars.com/api/?name=E+M&color=FFFFFF&background=000000,ATHX MADRID 2026,Spain 🇪🇸,2026,Male,ATHX,Overall,46 (425KG),281 (3.237KM),260 (20:40),,,,,,587
221,PEPE,MOTA,PEPE MOTA,Male,Spain,Terra Training Club,https://ui-avatars.com/api/?name=P+M&color=FFFFFF&background=000000,ATHX MADRID 2026,Spain 🇪🇸,2026,Male,ATHX,Overall,278 (210KG),84 (4.634KM),226 (17:28),,,,,,588
222,Diego,Pita,Diego Pita,Male,,,https://ui-avatars.com/api/?name=D+P&color=FFFFFF&background=000000,ATHX BARCELONA 2026,Spain 🇪🇸,2026,Male,ATHX,Overall,249 (280KG),135 (4.5KM),205 (16:24),,,,,,589
223,Carlos David,Paco Fernandez,Carlos David Paco Fernandez,Male,,,https://ui-avatars.com/api/?name=C+D+P+F&color=FFFFFF&background=000000,ATHX MADRID 2026,Spain 🇪🇸,2026,Male,ATHX,Overall,225 (302KG),174 (4.376KM),196 (16:04),,,,,,595
223,Jhon Elkin,Morales,Jhon Elkin Morales,Male,Colombia,Acero,https://athxgames.com/storage/profile-photos/vxY7LvNXHatDJkdhVXRPlBHRddAe4tIXqTmQxwdw.jpg,ATHX MADRID 2026,Spain 🇪🇸,2026,Male,ATHX,Overall,115 (370KG),243 (3.886KM),237 (18:05),,,,,,595
223,Cédric,PILLON,Cédric PILLON,Male,,,https://ui-avatars.com/api/?name=C+P&color=FFFFFF&background=000000,ATHX BARCELONA 2026,Spain 🇪🇸,2026,Male,ATHX,Overall,136 (355KG),244 (3.866KM),215 (16:48),,,,,,595
226,Eugène,Ngankam,Eugène Ngankam,Male,Switzerland,,https://ui-avatars.com/api/?name=E+N&color=FFFFFF&background=000000,ATHX BARCELONA 2026,Spain 🇪🇸,2026,Male,ATHX,Overall,236 (290KG),181 (4.333KM),184 (15:40),,,,,,601
227,Daniel,González Cros,Daniel González Cros,Male,Spain,Cros,https://athxgames.com/storage/profile-photos/r9oxZ0hEu77HqlKmUEvLA875HSK0MXQJEHBF3HGe.jpg,ATHX MADRID 2026,Spain 🇪🇸,2026,Male,ATHX,Overall,213 (309KG),158 (4.429KM),231 (17:37),,,,,,602
228,Sonny,Cosnet,Sonny Cosnet,Male,,,https://ui-avatars.com/api/?name=S+C&color=FFFFFF&background=000000,ATHX BARCELONA 2026,Spain 🇪🇸,2026,Male,ATHX,Overall,207 (310KG),205 (4.201KM),195 (16:03),,,,,,607
229,Romain,Claudet,Romain Claudet,Male,,,https://ui-avatars.com/api/?name=R+C&color=FFFFFF&background=000000,ATHX BARCELONA 2026,Spain 🇪🇸,2026,Male,ATHX,Overall,182 (325KG),256 (3.781KM),174 (15:17),,,,,,612
230,Rafael,Domínguez,Rafael Domínguez,Male,,,https://ui-avatars.com/api/?name=R+D&color=FFFFFF&background=000000,ATHX MADRID 2026,Spain 🇪🇸,2026,Male,ATHX,Overall,270 (235KG),133 (4.508KM),211 (16:36),,,,,,614
231,Pedro Antonio,Aguirre Sanchez,Pedro Antonio Aguirre Sanchez,Male,Venezuela,,https://ui-avatars.com/api/?name=P+A+A+S&color=FFFFFF&background=000000,ATHX BARCELONA 2026,Spain 🇪🇸,2026,Male,ATHX,Overall,141 (354KG),258 (3.768KM),216 (16:49),,,,,,615
232,Ameur,Sammy,Ameur Sammy,Male,France,,https://ui-avatars.com/api/?name=A+S&color=FFFFFF&background=000000,ATHX BARCELONA 2026,Spain 🇪🇸,2026,Male,ATHX,Overall,73 (400KG),280 (3.3KM),267 (21:20),,,,,,620
233,Alessandro,Marioli,Alessandro Marioli,Male,,,https://ui-avatars.com/api/?name=A+M&color=FFFFFF&background=000000,ATHX BARCELONA 2026,Spain 🇪🇸,2026,Male,ATHX,Overall,134 (357KG),225 (4.046KM),272 (22:23),,,,,,631
234,Pablo,Martos,Pablo Martos,Male,,,https://ui-avatars.com/api/?name=P+M&color=FFFFFF&background=000000,ATHX BARCELONA 2026,Spain 🇪🇸,2026,Male,ATHX,Overall,60 (410KG),285 (0.002KM),287 (28:59),,,,,,632
235,Nicholas,Hampshire,Nicholas Hampshire,Male,United Kingdom,Nick,https://athxgames.com/storage/profile-photos/CRzvCiwxPxamxoJWnvkhNUN1fADLEIRmUr7rc3Ne.jpg,ATHX MADRID 2026,Spain 🇪🇸,2026,Male,ATHX,Overall,268 (250KG),107 (4.544KM),258 (20:20),,,,,,633
236,Jorge,Sánchez Mateos,Jorge Sánchez Mateos,Male,,,https://ui-avatars.com/api/?name=J+S+M&color=FFFFFF&background=000000,ATHX MADRID 2026,Spain 🇪🇸,2026,Male,ATHX,Overall,172 (334KG),244 (3.866KM),221 (17:10),,,,,,637
237,Francisco,Mora,Francisco Mora,Male,Spain,Rustiq Fitness,https://ui-avatars.com/api/?name=F+M&color=FFFFFF&background=000000,ATHX MADRID 2026,Spain 🇪🇸,2026,Male,ATHX,Overall,175 (330KG),216 (4.117KM),247 (19:08),,,,,,638
237,Daniel,Carrillo,Daniel Carrillo,Male,,,https://ui-avatars.com/api/?name=D+C&color=FFFFFF&background=000000,ATHX MADRID 2026,Spain 🇪🇸,2026,Male,ATHX,Overall,207 (310KG),211 (4.159KM),220 (17:06),,,,,,638
237,Hugo,Herraiz,Hugo Herraiz,Male,Spain,,https://ui-avatars.com/api/?name=H+H&color=FFFFFF&background=000000,ATHX MADRID 2026,Spain 🇪🇸,2026,Male,ATHX,Overall,275 (228KG),145 (4.462KM),218 (16:59),,,,,,638
240,Michael,Schenzel,Michael Schenzel,Male,Germany,Greifenpower Greifswald,https://athxgames.com/storage/profile-photos/ngDWLasF7g73NrlWtlUdK3NH3w901NpUjUfpItcL.jpg,ATHX BARCELONA 2026,Spain 🇪🇸,2026,Male,ATHX,Overall,82 (395KG),276 (3.48KM),283 (26:43),,,,,,641
241,Rafael,Rodríguez Estévez,Rafael Rodríguez Estévez,Male,,,https://ui-avatars.com/api/?name=R+R+E&color=FFFFFF&background=000000,ATHX MADRID 2026,Spain 🇪🇸,2026,Male,ATHX,Overall,187 (324KG),209 (4.18KM),246 (18:48),,,,,,642
242,PAOLO,Figueroa,PAOLO Figueroa,Male,Peru,G93 Crossfit,https://ui-avatars.com/api/?name=P+F&color=FFFFFF&background=000000,ATHX MADRID 2026,Spain 🇪🇸,2026,Male,ATHX,Overall,141 (354KG),254 (3.787KM),248 (19:13),,,,,,643
243,David,Gomez,David Gomez,Male,,,https://ui-avatars.com/api/?name=D+G&color=FFFFFF&background=000000,ATHX MADRID 2026,Spain 🇪🇸,2026,Male,ATHX,Overall,174 (332KG),224 (4.062KM),249 (19:19),,,,,,647
244,Dirk,Balili,Dirk Balili,Male,Philippines,,https://ui-avatars.com/api/?name=D+B&color=FFFFFF&background=000000,ATHX MADRID 2026,Spain 🇪🇸,2026,Male,ATHX,Overall,227 (301KG),208 (4.189KM),214 (16:42),,,,,,649
245,Simon,Cottrall,Simon Cottrall,Male,,,https://ui-avatars.com/api/?name=S+C&color=FFFFFF&background=000000,ATHX MADRID 2026,Spain 🇪🇸,2026,Male,ATHX,Overall,145 (350KG),257 (3.773KM),253 (19:52),,,,,,655
246,Fran,Hernandez,Fran Hernandez,Male,Spain,Valladolid Vacceos Box,https://ui-avatars.com/api/?name=F+H&color=FFFFFF&background=000000,ATHX MADRID 2026,Spain 🇪🇸,2026,Male,ATHX,Overall,273 (232KG),151 (4.444KM),234 (17:41),,,,,,658
247,Marko,Filipovic,Marko Filipovic,Male,,,https://ui-avatars.com/api/?name=M+F&color=FFFFFF&background=000000,ATHX BARCELONA 2026,Spain 🇪🇸,2026,Male,ATHX,Overall,249 (280KG),146 (4.456KM),266 (21:17),,,,,,661
248,Niccolo,Mosconi,Niccolo Mosconi,Male,,,https://ui-avatars.com/api/?name=N+M&color=FFFFFF&background=000000,ATHX BARCELONA 2026,Spain 🇪🇸,2026,Male,ATHX,Overall,254 (270KG),219 (4.113KM),189 (15:45),,,,,,662
249,Jorge Luis,Vega Céliz,Jorge Luis Vega Céliz,Male,,,https://ui-avatars.com/api/?name=J+L+V+C&color=FFFFFF&background=000000,ATHX BARCELONA 2026,Spain 🇪🇸,2026,Male,ATHX,Overall,103 (378KG),278 (3.346KM),284 (26:45),,,,,,665
250,Jack,Charman,Jack Charman,Male,,,https://ui-avatars.com/api/?name=J+C&color=FFFFFF&background=000000,ATHX MADRID 2026,Spain 🇪🇸,2026,Male,ATHX,Overall,249 (280KG),186 (4.317KM),233 (17:40),,,,,,668
251,Markus,Pretzl,Markus Pretzl,Male,,,https://ui-avatars.com/api/?name=M+P&color=FFFFFF&background=000000,ATHX BARCELONA 2026,Spain 🇪🇸,2026,Male,ATHX,Overall,155 (347KG),274 (3.526KM),240 (18:14),,,,,,669
252,Carlos,Jaen,Carlos Jaen,Male,,,https://ui-avatars.com/api/?name=C+J&color=FFFFFF&background=000000,ATHX MADRID 2026,Spain 🇪🇸,2026,Male,ATHX,Overall,166 (340KG),262 (3.75KM),252 (19:39),,,,,,680
252,Jean-Baptiste,Galan,Jean-Baptiste Galan,Male,France,,https://ui-avatars.com/api/?name=J+G&color=FFFFFF&background=000000,ATHX BARCELONA 2026,Spain 🇪🇸,2026,Male,ATHX,Overall,171 (335KG),229 (3.99KM),280 (24:02),,,,,,680
254,Miguel Angel,Gallardo,Miguel Angel Gallardo,Male,,,https://ui-avatars.com/api/?name=M+A+G&color=FFFFFF&background=000000,ATHX MADRID 2026,Spain 🇪🇸,2026,Male,ATHX,Overall,264 (260KG),183 (4.326KM),239 (18:10),,,,,,686
255,Mark,Leonardo,Mark Leonardo,Male,,,https://ui-avatars.com/api/?name=M+L&color=FFFFFF&background=000000,ATHX MADRID 2026,Spain 🇪🇸,2026,Male,ATHX,Overall,244 (286KG),220 (4.112KM),223 (17:25),,,,,,687
256,Jose Alberto,Toledo,Jose Alberto Toledo,Male,,,https://ui-avatars.com/api/?name=J+A+T&color=FFFFFF&background=000000,ATHX BARCELONA 2026,Spain 🇪🇸,2026,Male,ATHX,Overall,173 (333KG),269 (3.642KM),256 (20:07),,,,,,698
257,Michael,Haid,Michael Haid,Male,Germany,,https://ui-avatars.com/api/?name=M+H&color=FFFFFF&background=000000,ATHX BARCELONA 2026,Spain 🇪🇸,2026,Male,ATHX,Overall,192 (318KG),272 (3.591KM),236 (17:56),,,,,,700
258,Dominik,Pavlik,Dominik Pavlik,Male,,,https://ui-avatars.com/api/?name=D+P&color=FFFFFF&background=000000,ATHX BARCELONA 2026,Spain 🇪🇸,2026,Male,ATHX,Overall,188 (323KG),268 (3.648KM),250 (19:25),,,,,,706
259,Aaron,Quintana,Aaron Quintana,Male,,,https://ui-avatars.com/api/?name=A+Q&color=FFFFFF&background=000000,ATHX MADRID 2026,Spain 🇪🇸,2026,Male,ATHX,Overall,216 (306KG),252 (3.808KM),242 (18:20),,,,,,710
260,Jorge Damián,Cordova Almache,Jorge Damián Cordova Almache,Male,,,https://ui-avatars.com/api/?name=J+D+C+A&color=FFFFFF&background=000000,ATHX MADRID 2026,Spain 🇪🇸,2026,Male,ATHX,Overall,270 (235KG),178 (4.356KM),264 (20:50),,,,,,712
261,Simone,Ricciardi,Simone Ricciardi,Male,,,https://ui-avatars.com/api/?name=S+R&color=FFFFFF&background=000000,ATHX BARCELONA 2026,Spain 🇪🇸,2026,Male,ATHX,Overall,257 (265KG),239 (3.928KM),217 (16:57),,,,,,713
262,Gerard,Martinez,Gerard Martinez,Male,,,https://ui-avatars.com/api/?name=G+M&color=FFFFFF&background=000000,ATHX BARCELONA 2026,Spain 🇪🇸,2026,Male,ATHX,Overall,217 (305KG),248 (3.846KM),255 (20:06),,,,,,720
263,JULIEN,MAYER,JULIEN MAYER,Male,France,,https://ui-avatars.com/api/?name=J+M&color=FFFFFF&background=000000,ATHX BARCELONA 2026,Spain 🇪🇸,2026,Male,ATHX,Overall,261 (263KG),218 (4.116KM),245 (18:41),,,,,,724
264,Blas,Chamorro,Blas Chamorro,Male,,,https://ui-avatars.com/api/?name=B+C&color=FFFFFF&background=000000,ATHX MADRID 2026,Spain 🇪🇸,2026,Male,ATHX,Overall,232 (295KG),230 (3.985KM),268 (21:24),,,,,,730
265,Pau,Esqué Yañez,Pau Esqué Yañez,Male,,,https://ui-avatars.com/api/?name=P+E+Y&color=FFFFFF&background=000000,ATHX BARCELONA 2026,Spain 🇪🇸,2026,Male,ATHX,Overall,266 (255KG),260 (3.76KM),208 (16:30),,,,,,734
266,Iago,Fernandez Gomez,Iago Fernandez Gomez,Male,,,https://ui-avatars.com/api/?name=I+F+G&color=FFFFFF&background=000000,ATHX MADRID 2026,Spain 🇪🇸,2026,Male,ATHX,Overall,222 (303KG),251 (3.811KM),262 (20:41),,,,,,735
267,Yan,Benevides,Yan Benevides,Male,Brazil,Yan,https://ui-avatars.com/api/?name=Y+B&color=FFFFFF&background=000000,ATHX BARCELONA 2026,Spain 🇪🇸,2026,Male,ATHX,Overall,221 (304KG),271 (3.605KM),244 (18:40),,,,,,736
268,Rubén,Sáez García,Rubén Sáez García,Male,,,https://ui-avatars.com/api/?name=R+S+G&color=FFFFFF&background=000000,ATHX MADRID 2026,Spain 🇪🇸,2026,Male,ATHX,Overall,203 (312KG),275 (3.514KM),260 (20:40),,,,,,738
269,Fabian,Cuenca,Fabian Cuenca,Male,Spain,Stygia,https://athxgames.com/storage/profile-photos/Q6UZrjqsz57jgWU4nlx9bRSOtsgBXzLz87r8tAV8.jpg,ATHX BARCELONA 2026,Spain 🇪🇸,2026,Male,ATHX,Overall,256 (267KG),232 (3.97KM),251 (19:26),,,,,,739
269,Cameron,Styles,Cameron Styles,Male,,,https://ui-avatars.com/api/?name=C+S&color=FFFFFF&background=000000,ATHX BARCELONA 2026,Spain 🇪🇸,2026,Male,ATHX,Overall,204 (311KG),266 (3.69KM),269 (21:25),,,,,,739
271,David,Cotoi,David Cotoi,Male,Romania,,https://ui-avatars.com/api/?name=D+C&color=FFFFFF&background=000000,ATHX BARCELONA 2026,Spain 🇪🇸,2026,Male,ATHX,Overall,278 (210KG),196 (4.266KM),275 (22:59),,,,,,749
272,Antonio,Ortega Álvarez,Antonio Ortega Álvarez,Male,,,https://athxgames.com/storage/profile-photos/nIcR9QSyvn1760HVCEPLqNHYQlWC05PEWPynLH4C.jpg,ATHX MADRID 2026,Spain 🇪🇸,2026,Male,ATHX,Overall,245 (285KG),228 (4.007KM),277 (23:34),,,,,,750
272,Romain,Monino Duran,Romain Monino Duran,Male,,,https://ui-avatars.com/api/?name=R+M+D&color=FFFFFF&background=000000,ATHX BARCELONA 2026,Spain 🇪🇸,2026,Male,ATHX,Overall,257 (265KG),234 (3.954KM),259 (20:27),,,,,,750
274,Fernando,sanchez Alvarez,Fernando sanchez Alvarez,Male,,,https://ui-avatars.com/api/?name=F+s+A&color=FFFFFF&background=000000,ATHX BARCELONA 2026,Spain 🇪🇸,2026,Male,ATHX,Overall,283 (168KG),195 (4.27KM),274 (22:58),,,,,,752
275,Rahim,Kaba,Rahim Kaba,Male,,,https://ui-avatars.com/api/?name=R+K&color=FFFFFF&background=000000,ATHX MADRID 2026,Spain 🇪🇸,2026,Male,ATHX,Overall,242 (287KG),264 (3.719KM),254 (20:00),,,,,,760
275,Rubén,Fuentes Blasco,Rubén Fuentes Blasco,Male,Spain,CrossFit Vinaros,https://ui-avatars.com/api/?name=R+F+B&color=FFFFFF&background=000000,ATHX BARCELONA 2026,Spain 🇪🇸,2026,Male,ATHX,Overall,269 (245KG),226 (4.034KM),265 (21:16),,,,,,760
277,Kilian,Baumann,Kilian Baumann,Male,,,https://ui-avatars.com/api/?name=K+B&color=FFFFFF&background=000000,ATHX MADRID 2026,Spain 🇪🇸,2026,Male,ATHX,Overall,257 (265KG),261 (3.751KM),270 (21:34),,,,,,788
278,Héctor,Cruzado,Héctor Cruzado,Male,Spain,,https://ui-avatars.com/api/?name=H+C&color=FFFFFF&background=000000,ATHX MADRID 2026,Spain 🇪🇸,2026,Male,ATHX,Overall,274 (231KG),240 (3.913KM),279 (23:52),,,,,,793
279,Fabian,Cuenca,Fabian Cuenca,Male,Spain,Stygia,https://athxgames.com/storage/profile-photos/Q6UZrjqsz57jgWU4nlx9bRSOtsgBXzLz87r8tAV8.jpg,ATHX MADRID 2026,Spain 🇪🇸,2026,Male,ATHX,Overall,263 (261KG),277 (3.398KM),257 (20:11),,,,,,797
280,Marcel,Vaño,Marcel Vaño,Male,,,https://ui-avatars.com/api/?name=M+V&color=FFFFFF&background=000000,ATHX BARCELONA 2026,Spain 🇪🇸,2026,Male,ATHX,Overall,281 (188KG),237 (3.936KM),282 (25:20),,,,,,800
281,Stanisław,Bajorski,Stanisław Bajorski,Male,,,https://ui-avatars.com/api/?name=S+B&color=FFFFFF&background=000000,ATHX BARCELONA 2026,Spain 🇪🇸,2026,Male,ATHX,Overall,276 (223KG),253 (3.8KM),273 (22:39),,,,,,802
282,Robert,Wiersbinski,Robert Wiersbinski,Male,Germany,,https://athxgames.com/storage/profile-photos/fgOcjTU56euANA18QoPuX2FR7yBr6E8wRc8PE0go.jpg,ATHX MADRID 2026,Spain 🇪🇸,2026,Male,ATHX,Overall,236 (290KG),284 (3.028KM),286 (27:24),,,,,,806
283,gustavo,scheffer,gustavo scheffer,Male,,,https://ui-avatars.com/api/?name=g+s&color=FFFFFF&background=000000,ATHX MADRID 2026,Spain 🇪🇸,2026,Male,ATHX,Overall,280 (194KG),255 (3.786KM),278 (23:47),,,,,,813
284,Mark Andrew,Phillips,Mark Andrew Phillips,Male,United Kingdom,Mark,https://ui-avatars.com/api/?name=M+A+P&color=FFFFFF&background=000000,ATHX MADRID 2026,Spain 🇪🇸,2026,Male,ATHX,Overall,285 (130KG),249 (3.841KM),285 (27:11),,,,,,819
285,Jesus,Garcia,Jesus Garcia,Male,,,https://athxgames.com/storage/profile-photos/YWyulu6DKZfj5qIedctxHNyEdRdzM5BnxmK3gDww.jpg,ATHX MADRID 2026,Spain 🇪🇸,2026,Male,ATHX,Overall,266 (255KG),283 (3.085KM),281 (25:00),,,,,,830
1,Julio,Romaguera,Julio Romaguera,Male,Brazil,Crossfit Black Edition,https://athxgames.com/storage/profile-photos/rLIhjAWxl1PAy6hZl8f7dEE6DxhTPipFqD0hqYGl.jpg,ATHX BARCELONA 2026,Spain 🇪🇸,2026,Male,ATHX,MetCon X,,,08:43,,,,,,1
2,Thomas,Bulman,Thomas Bulman,Male,United Kingdom,Marchon,https://ui-avatars.com/api/?name=T+B&color=FFFFFF&background=000000,ATHX BARCELONA 2026,Spain 🇪🇸,2026,Male,ATHX,MetCon X,,,09:17,,,,,,2
2,Thomas,Vignal,Thomas Vignal,Male,France,,https://ui-avatars.com/api/?name=T+V&color=FFFFFF&background=000000,ATHX BARCELONA 2026,Spain 🇪🇸,2026,Male,ATHX,MetCon X,,,09:17,,,,,,2
4,Łukasz,Leśniewski,Łukasz Leśniewski,Male,,,https://athxgames.com/storage/profile-photos/XAzQOrc7a63alU2oqm6uuOUihlqHrbHxPLRIm5MJ.jpg,ATHX BARCELONA 2026,Spain 🇪🇸,2026,Male,ATHX,MetCon X,,,09:24,,,,,,4
5,Sam,Pask,Sam Pask,Male,United Kingdom,Unit 8 Training,https://athxgames.com/storage/profile-photos/FcMyaTrD8pIRRDtiJYA9oTJBoH0XsG9fCJsCH90c.jpg,ATHX BARCELONA 2026,Spain 🇪🇸,2026,Male,ATHX,MetCon X,,,09:31,,,,,,5
6,Tomás,Joaninho,Tomás Joaninho,Male,Portugal,,https://athxgames.com/storage/profile-photos/14rLJZPAlSMnPViItP0iA7GHuSiujwuqHOtOEFhp.jpg,ATHX MADRID 2026,Spain 🇪🇸,2026,Male,ATHX,MetCon X,,,09:32,,,,,,6
7,Vegar,Haave,Vegar Haave,Male,,,https://ui-avatars.com/api/?name=V+H&color=FFFFFF&background=000000,ATHX BARCELONA 2026,Spain 🇪🇸,2026,Male,ATHX,MetCon X,,,09:40,,,,,,7
8,Michal,Holaza,Michal Holaza,Male,,,https://ui-avatars.com/api/?name=M+H&color=FFFFFF&background=000000,ATHX BARCELONA 2026,Spain 🇪🇸,2026,Male,ATHX,MetCon X,,,09:43,,,,,,8
9,Daniel,Bachura,Daniel Bachura,Male,Spain,+ One More,https://ui-avatars.com/api/?name=D+B&color=FFFFFF&background=000000,ATHX MADRID 2026,Spain 🇪🇸,2026,Male,ATHX,MetCon X,,,09:50,,,,,,9
10,Thomas,Chesneau,Thomas Chesneau,Male,France,Hypro Hybrid Club,https://ui-avatars.com/api/?name=T+C&color=FFFFFF&background=000000,ATHX MADRID 2026,Spain 🇪🇸,2026,Male,ATHX,MetCon X,,,10:11,,,,,,10
11,Marco,Salgarollo,Marco Salgarollo,Male,Italy,Crossfit Hidenest,https://ui-avatars.com/api/?name=M+S&color=FFFFFF&background=000000,ATHX BARCELONA 2026,Spain 🇪🇸,2026,Male,ATHX,MetCon X,,,10:12,,,,,,11
12,Maxime,Andrien,Maxime Andrien,Male,Belgium,Crossfit Liege,https://ui-avatars.com/api/?name=M+A&color=FFFFFF&background=000000,ATHX BARCELONA 2026,Spain 🇪🇸,2026,Male,ATHX,MetCon X,,,10:15,,,,,,12
13,Tomas,Kizelis,Tomas Kizelis,Male,Lithuania,Lemon gym,https://athxgames.com/storage/profile-photos/2J6Ejky6tskyS0dHHgDHW77gdN4ffygl7LMGPQy0.jpg,ATHX BARCELONA 2026,Spain 🇪🇸,2026,Male,ATHX,MetCon X,,,10:16,,,,,,13
14,João Filipe,Santos,João Filipe Santos,Male,Portugal,,https://athxgames.com/storage/profile-photos/C50IevQ6zbtXclLYPykoB0lmRNCvszrxS9U0LrSv.jpg,ATHX MADRID 2026,Spain 🇪🇸,2026,Male,ATHX,MetCon X,,,10:19,,,,,,14
15,Jason,Fernandez Birchwood,Jason Fernandez Birchwood,Male,,,https://ui-avatars.com/api/?name=J+F+B&color=FFFFFF&background=000000,ATHX MADRID 2026,Spain 🇪🇸,2026,Male,ATHX,MetCon X,,,10:23,,,,,,15
16,Javier,Martínez Cosin,Javier Martínez Cosin,Male,Spain,Javier Martínez Cosin,https://ui-avatars.com/api/?name=J+M+C&color=FFFFFF&background=000000,ATHX MADRID 2026,Spain 🇪🇸,2026,Male,ATHX,MetCon X,,,10:24,,,,,,16
17,Mathieu,Merlet,Mathieu Merlet,Male,,,https://ui-avatars.com/api/?name=M+M&color=FFFFFF&background=000000,ATHX BARCELONA 2026,Spain 🇪🇸,2026,Male,ATHX,MetCon X,,,10:30,,,,,,17
18,David,Garcia Iglesias,David Garcia Iglesias,Male,,,https://ui-avatars.com/api/?name=D+G+I&color=FFFFFF&background=000000,ATHX MADRID 2026,Spain 🇪🇸,2026,Male,ATHX,MetCon X,,,10:34,,,,,,18
19,Baptiste,Godin,Baptiste Godin,Male,,,https://ui-avatars.com/api/?name=B+G&color=FFFFFF&background=000000,ATHX BARCELONA 2026,Spain 🇪🇸,2026,Male,ATHX,MetCon X,,,10:35,,,,,,19
20,Jannik,Albrecht,Jannik Albrecht,Male,,,https://ui-avatars.com/api/?name=J+A&color=FFFFFF&background=000000,ATHX BARCELONA 2026,Spain 🇪🇸,2026,Male,ATHX,MetCon X,,,10:39,,,,,,20
21,Diego,Pereira,Diego Pereira,Male,,,https://ui-avatars.com/api/?name=D+P&color=FFFFFF&background=000000,ATHX MADRID 2026,Spain 🇪🇸,2026,Male,ATHX,MetCon X,,,10:40,,,,,,21
22,Robin,Brault,Robin Brault,Male,,,https://ui-avatars.com/api/?name=R+B&color=FFFFFF&background=000000,ATHX BARCELONA 2026,Spain 🇪🇸,2026,Male,ATHX,MetCon X,,,10:41,,,,,,22
23,Tiziano,Bigatel,Tiziano Bigatel,Male,Italy,Acquarè fitness academy,https://ui-avatars.com/api/?name=T+B&color=FFFFFF&background=000000,ATHX BARCELONA 2026,Spain 🇪🇸,2026,Male,ATHX,MetCon X,,,10:46,,,,,,23
24,Angel,Bazan,Angel Bazan,Male,,,https://ui-avatars.com/api/?name=A+B&color=FFFFFF&background=000000,ATHX BARCELONA 2026,Spain 🇪🇸,2026,Male,ATHX,MetCon X,,,10:50,,,,,,24
25,HALAOUI,Maxime,HALAOUI Maxime,Male,France,Raise Studio,https://ui-avatars.com/api/?name=H+M&color=FFFFFF&background=000000,ATHX MADRID 2026,Spain 🇪🇸,2026,Male,ATHX,MetCon X,,,10:52,,,,,,25
25,Ed,Tyler,Ed Tyler,Male,United Kingdom,,https://ui-avatars.com/api/?name=E+T&color=FFFFFF&background=000000,ATHX BARCELONA 2026,Spain 🇪🇸,2026,Male,ATHX,MetCon X,,,10:52,,,,,,25
27,Alex,Reinlein,Alex Reinlein,Male,,,https://ui-avatars.com/api/?name=A+R&color=FFFFFF&background=000000,ATHX BARCELONA 2026,Spain 🇪🇸,2026,Male,ATHX,MetCon X,,,10:54,,,,,,27
28,Damian,Tymoszczuk,Damian Tymoszczuk,Male,Poland,CrossFit Białystok,https://ui-avatars.com/api/?name=D+T&color=FFFFFF&background=000000,ATHX MADRID 2026,Spain 🇪🇸,2026,Male,ATHX,MetCon X,,,11:03,,,,,,28
29,Ismael,Torres,Ismael Torres,Male,,,https://ui-avatars.com/api/?name=I+T&color=FFFFFF&background=000000,ATHX MADRID 2026,Spain 🇪🇸,2026,Male,ATHX,MetCon X,,,11:04,,,,,,29
30,David,Griñan,David Griñan,Male,,,https://ui-avatars.com/api/?name=D+G&color=FFFFFF&background=000000,ATHX MADRID 2026,Spain 🇪🇸,2026,Male,ATHX,MetCon X,,,11:05,,,,,,30
31,Cesar jorge,Hernanz sanchez,Cesar jorge Hernanz sanchez,Male,,,https://ui-avatars.com/api/?name=C+j+H+s&color=FFFFFF&background=000000,ATHX MADRID 2026,Spain 🇪🇸,2026,Male,ATHX,MetCon X,,,11:07,,,,,,31
32,Tamás,Baranyai,Tamás Baranyai,Male,Hungary,Kaduzs Strength & Conditioning,https://ui-avatars.com/api/?name=T+B&color=FFFFFF&background=000000,ATHX BARCELONA 2026,Spain 🇪🇸,2026,Male,ATHX,MetCon X,,,11:08,,,,,,32
33,Jared,Quinn,Jared Quinn,Male,South Africa,,https://ui-avatars.com/api/?name=J+Q&color=FFFFFF&background=000000,ATHX BARCELONA 2026,Spain 🇪🇸,2026,Male,ATHX,MetCon X,,,11:09,,,,,,33
34,Fabian,Ferreira,Fabian Ferreira,Male,,,https://ui-avatars.com/api/?name=F+F&color=FFFFFF&background=000000,ATHX BARCELONA 2026,Spain 🇪🇸,2026,Male,ATHX,MetCon X,,,11:11,,,,,,34
35,Jorge,Vázquez,Jorge Vázquez,Male,,,https://ui-avatars.com/api/?name=J+V&color=FFFFFF&background=000000,ATHX BARCELONA 2026,Spain 🇪🇸,2026,Male,ATHX,MetCon X,,,11:14,,,,,,35
36,Aitor,Zugazagoitia,Aitor Zugazagoitia,Male,,,https://ui-avatars.com/api/?name=A+Z&color=FFFFFF&background=000000,ATHX MADRID 2026,Spain 🇪🇸,2026,Male,ATHX,MetCon X,,,11:22,,,,,,36
36,Abderrahim Salah,Achache,Abderrahim Salah Achache,Male,,,https://ui-avatars.com/api/?name=A+S+A&color=FFFFFF&background=000000,ATHX BARCELONA 2026,Spain 🇪🇸,2026,Male,ATHX,MetCon X,,,11:22,,,,,,36
38,Alejandro,Jiménez Vasco,Alejandro Jiménez Vasco,Male,Spain,,https://ui-avatars.com/api/?name=A+J+V&color=FFFFFF&background=000000,ATHX BARCELONA 2026,Spain 🇪🇸,2026,Male,ATHX,MetCon X,,,11:23,,,,,,38
39,Xavier,Castellarnau,Xavier Castellarnau,Male,Spain,CrossFit SJD,https://ui-avatars.com/api/?name=X+C&color=FFFFFF&background=000000,ATHX BARCELONA 2026,Spain 🇪🇸,2026,Male,ATHX,MetCon X,,,11:24,,,,,,39
40,Gabriele,Castellitto,Gabriele Castellitto,Male,,,https://ui-avatars.com/api/?name=G+C&color=FFFFFF&background=000000,ATHX BARCELONA 2026,Spain 🇪🇸,2026,Male,ATHX,MetCon X,,,11:29,,,,,,40
41,Alvaro,Jiménez,Alvaro Jiménez,Male,Spain,,https://ui-avatars.com/api/?name=A+J&color=FFFFFF&background=000000,ATHX MADRID 2026,Spain 🇪🇸,2026,Male,ATHX,MetCon X,,,11:31,,,,,,41
42,Nicolás,Portell,Nicolás Portell,Male,,,https://ui-avatars.com/api/?name=N+P&color=FFFFFF&background=000000,ATHX MADRID 2026,Spain 🇪🇸,2026,Male,ATHX,MetCon X,,,11:33,,,,,,42
43,Lorenzo,Sendra,Lorenzo Sendra,Male,Mexico,Fabrik Training Club,https://athxgames.com/storage/profile-photos/BfMkaoBnxF4IRxTBMlwtvb3bZZG0Z5Mw5PBnE6PS.jpg,ATHX BARCELONA 2026,Spain 🇪🇸,2026,Male,ATHX,MetCon X,,,11:35,,,,,,43
44,Cesar jorge,Hernanz sanchez,Cesar jorge Hernanz sanchez,Male,,,https://ui-avatars.com/api/?name=C+j+H+s&color=FFFFFF&background=000000,ATHX BARCELONA 2026,Spain 🇪🇸,2026,Male,ATHX,MetCon X,,,11:39,,,,,,44
45,Íñigo,González,Íñigo González,Male,,,https://ui-avatars.com/api/?name=%C3%8D+G&color=FFFFFF&background=000000,ATHX MADRID 2026,Spain 🇪🇸,2026,Male,ATHX,MetCon X,,,11:40,,,,,,45
46,Luis,Turrion,Luis Turrion,Male,Spain,Singular Box,https://ui-avatars.com/api/?name=L+T&color=FFFFFF&background=000000,ATHX MADRID 2026,Spain 🇪🇸,2026,Male,ATHX,MetCon X,,,11:41,,,,,,46
46,Fernando,Alvarez Clavera,Fernando Alvarez Clavera,Male,,,https://ui-avatars.com/api/?name=F+A+C&color=FFFFFF&background=000000,ATHX BARCELONA 2026,Spain 🇪🇸,2026,Male,ATHX,MetCon X,,,11:41,,,,,,46
48,Gonçalo,Amado,Gonçalo Amado,Male,Portugal,CFL Acadamy,https://ui-avatars.com/api/?name=G+A&color=FFFFFF&background=000000,ATHX MADRID 2026,Spain 🇪🇸,2026,Male,ATHX,MetCon X,,,11:42,,,,,,48
49,Néstor,Quiroga Casas,Néstor Quiroga Casas,Male,,,https://ui-avatars.com/api/?name=N+Q+C&color=FFFFFF&background=000000,ATHX MADRID 2026,Spain 🇪🇸,2026,Male,ATHX,MetCon X,,,11:50,,,,,,49
49,Jordi,Boada,Jordi Boada,Male,Spain,,https://ui-avatars.com/api/?name=J+B&color=FFFFFF&background=000000,ATHX BARCELONA 2026,Spain 🇪🇸,2026,Male,ATHX,MetCon X,,,11:50,,,,,,49
51,Diego,Navarro Perez,Diego Navarro Perez,Male,,,https://ui-avatars.com/api/?name=D+N+P&color=FFFFFF&background=000000,ATHX MADRID 2026,Spain 🇪🇸,2026,Male,ATHX,MetCon X,,,11:51,,,,,,51
52,Iñigo,Eleta,Iñigo Eleta,Male,Spain,La Colmena CrossFit Sevilla,https://ui-avatars.com/api/?name=I+E&color=FFFFFF&background=000000,ATHX MADRID 2026,Spain 🇪🇸,2026,Male,ATHX,MetCon X,,,11:53,,,,,,52
53,Alejandro,Jiménez Vasco,Alejandro Jiménez Vasco,Male,Spain,,https://ui-avatars.com/api/?name=A+J+V&color=FFFFFF&background=000000,ATHX MADRID 2026,Spain 🇪🇸,2026,Male,ATHX,MetCon X,,,11:54,,,,,,53
54,Jean Olivier,REMER,Jean Olivier REMER,Male,France,,https://ui-avatars.com/api/?name=J+O+R&color=FFFFFF&background=000000,ATHX BARCELONA 2026,Spain 🇪🇸,2026,Male,ATHX,MetCon X,,,11:55,,,,,,54
55,Samuel,Saez Castillo,Samuel Saez Castillo,Male,,,https://ui-avatars.com/api/?name=S+S+C&color=FFFFFF&background=000000,ATHX MADRID 2026,Spain 🇪🇸,2026,Male,ATHX,MetCon X,,,11:57,,,,,,55
55,Jose manuel,Lastra sancho,Jose manuel Lastra sancho,Male,Spain,Total Fitness,https://ui-avatars.com/api/?name=J+m+L+s&color=FFFFFF&background=000000,ATHX BARCELONA 2026,Spain 🇪🇸,2026,Male,ATHX,MetCon X,,,11:57,,,,,,55
57,Emilio,Schroeder,Emilio Schroeder,Male,,,https://ui-avatars.com/api/?name=E+S&color=FFFFFF&background=000000,ATHX BARCELONA 2026,Spain 🇪🇸,2026,Male,ATHX,MetCon X,,,11:58,,,,,,57
58,Dominik,Fuchs,Dominik Fuchs,Male,,,https://ui-avatars.com/api/?name=D+F&color=FFFFFF&background=000000,ATHX BARCELONA 2026,Spain 🇪🇸,2026,Male,ATHX,MetCon X,,,11:59,,,,,,58
59,Tom,Lloyd,Tom Lloyd,Male,,,https://ui-avatars.com/api/?name=T+L&color=FFFFFF&background=000000,ATHX MADRID 2026,Spain 🇪🇸,2026,Male,ATHX,MetCon X,,,12:01,,,,,,59
60,Peio,Torre Martin,Peio Torre Martin,Male,,,https://ui-avatars.com/api/?name=P+T+M&color=FFFFFF&background=000000,ATHX MADRID 2026,Spain 🇪🇸,2026,Male,ATHX,MetCon X,,,12:05,,,,,,60
61,craig,cameron,craig cameron,Male,,,https://ui-avatars.com/api/?name=c+c&color=FFFFFF&background=000000,ATHX MADRID 2026,Spain 🇪🇸,2026,Male,ATHX,MetCon X,,,12:10,,,,,,61
62,Hugo,Idier,Hugo Idier,Male,,,https://ui-avatars.com/api/?name=H+I&color=FFFFFF&background=000000,ATHX BARCELONA 2026,Spain 🇪🇸,2026,Male,ATHX,MetCon X,,,12:12,,,,,,62
63,Rodrigo,da Silva,Rodrigo da Silva,Male,Portugal,2725 A Box de Sintra,https://ui-avatars.com/api/?name=R+d+S&color=FFFFFF&background=000000,ATHX MADRID 2026,Spain 🇪🇸,2026,Male,ATHX,MetCon X,,,12:14,,,,,,63
63,Jesus,Moya,Jesus Moya,Male,,Kultur Box,https://athxgames.com/storage/profile-photos/zQfHYMH60ArIIZ8fg6bxtkd53XM0RWc6B1k3YaIJ.jpg,ATHX MADRID 2026,Spain 🇪🇸,2026,Male,ATHX,MetCon X,,,12:14,,,,,,63
63,Santiago,Cano Morales,Santiago Cano Morales,Male,,,https://ui-avatars.com/api/?name=S+C+M&color=FFFFFF&background=000000,ATHX MADRID 2026,Spain 🇪🇸,2026,Male,ATHX,MetCon X,,,12:14,,,,,,63
66,Mattia,Piaia,Mattia Piaia,Male,,,https://ui-avatars.com/api/?name=M+P&color=FFFFFF&background=000000,ATHX MADRID 2026,Spain 🇪🇸,2026,Male,ATHX,MetCon X,,,12:15,,,,,,66
67,Ezequiel,Bahl,Ezequiel Bahl,Male,,,https://ui-avatars.com/api/?name=E+B&color=FFFFFF&background=000000,ATHX BARCELONA 2026,Spain 🇪🇸,2026,Male,ATHX,MetCon X,,,12:25,,,,,,67
68,Eros,Álvarez Dacosta,Eros Álvarez Dacosta,Male,,,https://ui-avatars.com/api/?name=E+%C3%81+D&color=FFFFFF&background=000000,ATHX MADRID 2026,Spain 🇪🇸,2026,Male,ATHX,MetCon X,,,12:27,,,,,,68
68,thomas,bordonado,thomas bordonado,Male,,,https://ui-avatars.com/api/?name=t+b&color=FFFFFF&background=000000,ATHX BARCELONA 2026,Spain 🇪🇸,2026,Male,ATHX,MetCon X,,,12:27,,,,,,68
70,Alejandro,Lucio,Alejandro Lucio,Male,,,https://ui-avatars.com/api/?name=A+L&color=FFFFFF&background=000000,ATHX BARCELONA 2026,Spain 🇪🇸,2026,Male,ATHX,MetCon X,,,12:28,,,,,,70
71,Patryk,Pawlus,Patryk Pawlus,Male,Poland,,https://ui-avatars.com/api/?name=P+P&color=FFFFFF&background=000000,ATHX BARCELONA 2026,Spain 🇪🇸,2026,Male,ATHX,MetCon X,,,12:29,,,,,,71
72,Luca,Pintimalli,Luca Pintimalli,Male,,,https://ui-avatars.com/api/?name=L+P&color=FFFFFF&background=000000,ATHX BARCELONA 2026,Spain 🇪🇸,2026,Male,ATHX,MetCon X,,,12:30,,,,,,72
73,Euyen,Black mamba,Euyen Black mamba,Male,Spain,Kamus barbell club,https://athxgames.com/storage/profile-photos/2LEYC5caLDRxtDvxxzs2q0PSxoA9MXgqey8EpxJO.jpg,ATHX MADRID 2026,Spain 🇪🇸,2026,Male,ATHX,MetCon X,,,12:31,,,,,,73
74,George,Rogers,George Rogers,Male,United Kingdom,CrossFit Fort Ashton,https://ui-avatars.com/api/?name=G+R&color=FFFFFF&background=000000,ATHX MADRID 2026,Spain 🇪🇸,2026,Male,ATHX,MetCon X,,,12:33,,,,,,74
75,CAROT,Axel,CAROT Axel,Male,,,https://ui-avatars.com/api/?name=C+A&color=FFFFFF&background=000000,ATHX BARCELONA 2026,Spain 🇪🇸,2026,Male,ATHX,MetCon X,,,12:34,,,,,,75
76,Julien,Darrénougué,Julien Darrénougué,Male,France,,https://athxgames.com/storage/profile-photos/2MH1B5QbilxMNAscSo9IjxQmMBPN4MM16bvGy35u.jpg,ATHX BARCELONA 2026,Spain 🇪🇸,2026,Male,ATHX,MetCon X,,,12:35,,,,,,76
76,Marcin,Rutkowski,Marcin Rutkowski,Male,,,https://athxgames.com/storage/profile-photos/AFBWDt6CXD8UfASX92WZLKR37lrykvXG69j9hjiI.png,ATHX BARCELONA 2026,Spain 🇪🇸,2026,Male,ATHX,MetCon X,,,12:35,,,,,,76
78,Rodrigo,Scheffer,Rodrigo Scheffer,Male,,,https://ui-avatars.com/api/?name=R+S&color=FFFFFF&background=000000,ATHX MADRID 2026,Spain 🇪🇸,2026,Male,ATHX,MetCon X,,,12:36,,,,,,78
78,Diego,Martinez,Diego Martinez,Male,,,https://athxgames.com/storage/profile-photos/Q9PvuTpHvk0CCYGv9czvpAL9lJ2huHYryU1huVR0.png,ATHX MADRID 2026,Spain 🇪🇸,2026,Male,ATHX,MetCon X,,,12:36,,,,,,78
78,Daniel,Campaz,Daniel Campaz,Male,Colombia,Bigdani Runner Team,https://athxgames.com/storage/profile-photos/PYgTDfjluHM05E0oCbokOJUZbMG3wxLEe6KbWVNg.jpg,ATHX BARCELONA 2026,Spain 🇪🇸,2026,Male,ATHX,MetCon X,,,12:36,,,,,,78
81,Garoé,Bello,Garoé Bello,Male,,,https://ui-avatars.com/api/?name=G+B&color=FFFFFF&background=000000,ATHX MADRID 2026,Spain 🇪🇸,2026,Male,ATHX,MetCon X,,,12:37,,,,,,81
82,Brunet,Lucas,Brunet Lucas,Male,,,https://ui-avatars.com/api/?name=B+L&color=FFFFFF&background=000000,ATHX BARCELONA 2026,Spain 🇪🇸,2026,Male,ATHX,MetCon X,,,12:44,,,,,,82
83,Antonio,Castaño,Antonio Castaño,Male,,,https://ui-avatars.com/api/?name=A+C&color=FFFFFF&background=000000,ATHX MADRID 2026,Spain 🇪🇸,2026,Male,ATHX,MetCon X,,,12:46,,,,,,83
84,Martin,Smith,Martin Smith,Male,United Kingdom,,https://ui-avatars.com/api/?name=M+S&color=FFFFFF&background=000000,ATHX MADRID 2026,Spain 🇪🇸,2026,Male,ATHX,MetCon X,,,12:48,,,,,,84
85,JOAN,TRENCO,JOAN TRENCO,Male,,,https://ui-avatars.com/api/?name=J+T&color=FFFFFF&background=000000,ATHX MADRID 2026,Spain 🇪🇸,2026,Male,ATHX,MetCon X,,,12:52,,,,,,85
86,aleix,pellicer,aleix pellicer,Male,,,https://ui-avatars.com/api/?name=a+p&color=FFFFFF&background=000000,ATHX BARCELONA 2026,Spain 🇪🇸,2026,Male,ATHX,MetCon X,,,12:54,,,,,,86
87,Riccardo,Quartieri,Riccardo Quartieri,Male,,,https://ui-avatars.com/api/?name=R+Q&color=FFFFFF&background=000000,ATHX BARCELONA 2026,Spain 🇪🇸,2026,Male,ATHX,MetCon X,,,12:57,,,,,,87
88,Alex,Membri,Alex Membri,Male,Spain,,https://ui-avatars.com/api/?name=A+M&color=FFFFFF&background=000000,ATHX MADRID 2026,Spain 🇪🇸,2026,Male,ATHX,MetCon X,,,12:58,,,,,,88
89,Jose Carlos,Ajenjo Saez,Jose Carlos Ajenjo Saez,Male,,,https://ui-avatars.com/api/?name=J+C+A+S&color=FFFFFF&background=000000,ATHX MADRID 2026,Spain 🇪🇸,2026,Male,ATHX,MetCon X,,,12:59,,,,,,89
90,Pedro,Mayoral Romero,Pedro Mayoral Romero,Male,,,https://ui-avatars.com/api/?name=P+M+R&color=FFFFFF&background=000000,ATHX MADRID 2026,Spain 🇪🇸,2026,Male,ATHX,MetCon X,,,13:02,,,,,,90
91,adrián,martin toro,adrián martin toro,Male,,,https://ui-avatars.com/api/?name=a+m+t&color=FFFFFF&background=000000,ATHX MADRID 2026,Spain 🇪🇸,2026,Male,ATHX,MetCon X,,,13:04,,,,,,91
92,Emilio Antonio,Quintana Fernandez,Emilio Antonio Quintana Fernandez,Male,,,https://ui-avatars.com/api/?name=E+A+Q+F&color=FFFFFF&background=000000,ATHX MADRID 2026,Spain 🇪🇸,2026,Male,ATHX,MetCon X,,,13:06,,,,,,92
93,Sebastián,Henao Guevara,Sebastián Henao Guevara,Male,Spain,C1 Crossfit,https://athxgames.com/storage/profile-photos/Yk4cao1z2aTSGuUCsAQHSOHDdp1IptYTLYo99FqF.jpg,ATHX MADRID 2026,Spain 🇪🇸,2026,Male,ATHX,MetCon X,,,13:07,,,,,,93
94,Maximilian,Hacker,Maximilian Hacker,Male,Germany,Fitness First Winterhude,https://athxgames.com/storage/profile-photos/aRDKr60GuqQBCZJzRW4CyFPk7TWwqpShr8gvJDeI.jpg,ATHX MADRID 2026,Spain 🇪🇸,2026,Male,ATHX,MetCon X,,,13:09,,,,,,94
95,Ross,Williams,Ross Williams,Male,,,https://ui-avatars.com/api/?name=R+W&color=FFFFFF&background=000000,ATHX MADRID 2026,Spain 🇪🇸,2026,Male,ATHX,MetCon X,,,13:10,,,,,,95
95,João,Lopes,João Lopes,Male,,,https://ui-avatars.com/api/?name=J+L&color=FFFFFF&background=000000,ATHX BARCELONA 2026,Spain 🇪🇸,2026,Male,ATHX,MetCon X,,,13:10,,,,,,95
97,Rodrigo,Alvarez Cerdeira,Rodrigo Alvarez Cerdeira,Male,Spain,Laucala health & CrossFit,https://ui-avatars.com/api/?name=R+A+C&color=FFFFFF&background=000000,ATHX MADRID 2026,Spain 🇪🇸,2026,Male,ATHX,MetCon X,,,13:15,,,,,,97
97,Blas,Ruedas,Blas Ruedas,Male,Spain,,https://athxgames.com/storage/profile-photos/0AI3Qdavur88zzdofMer1zaa5H5zBjNrdHFWxapR.jpg,ATHX BARCELONA 2026,Spain 🇪🇸,2026,Male,ATHX,MetCon X,,,13:15,,,,,,97
97,Lucas,Henrique,Lucas Henrique,Male,Brazil,Lucas Henrique,https://athxgames.com/storage/profile-photos/ePCCKseOwnO7fJqh1kmbvOocbmsIJ8UHM6D4Zyo6.jpg,ATHX BARCELONA 2026,Spain 🇪🇸,2026,Male,ATHX,MetCon X,,,13:15,,,,,,97
100,Eric,Xaus,Eric Xaus,Male,Spain,Fabrik,https://ui-avatars.com/api/?name=E+X&color=FFFFFF&background=000000,ATHX BARCELONA 2026,Spain 🇪🇸,2026,Male,ATHX,MetCon X,,,13:16,,,,,,100
101,Nikolai,Kress,Nikolai Kress,Male,Germany,CrossFit TwentyNineSeven,https://athxgames.com/storage/profile-photos/NNBC6BkuY4bAwQ3id85TX8FlRBXMyFCbyVurTkRe.jpg,ATHX MADRID 2026,Spain 🇪🇸,2026,Male,ATHX,MetCon X,,,13:18,,,,,,101
101,Daniel,Ortiz Pinelo,Daniel Ortiz Pinelo,Male,,,https://ui-avatars.com/api/?name=D+O+P&color=FFFFFF&background=000000,ATHX BARCELONA 2026,Spain 🇪🇸,2026,Male,ATHX,MetCon X,,,13:18,,,,,,101
103,Carlos,Dominguez Gioya,Carlos Dominguez Gioya,Male,,,https://ui-avatars.com/api/?name=C+D+G&color=FFFFFF&background=000000,ATHX MADRID 2026,Spain 🇪🇸,2026,Male,ATHX,MetCon X,,,13:22,,,,,,103
104,Alvaro,Garcia-Moya Herrera,Alvaro Garcia-Moya Herrera,Male,,,https://athxgames.com/storage/profile-photos/LmYuuwAtj8aKQmOnSF45yG7GYhjrF2vLstAv8PZw.png,ATHX MADRID 2026,Spain 🇪🇸,2026,Male,ATHX,MetCon X,,,13:23,,,,,,104
105,Luis,Simao,Luis Simao,Male,Portugal,Studio 131,https://athxgames.com/storage/profile-photos/e6yi5SiSd8lmURlcCUmDiSiZBPhXUaHAI55DmwgQ.jpg,ATHX MADRID 2026,Spain 🇪🇸,2026,Male,ATHX,MetCon X,,,13:25,,,,,,105
105,Hector,Piquer Alos,Hector Piquer Alos,Male,Spain,,https://athxgames.com/storage/profile-photos/K2SGgFCFixMBsSodObxIC6Xz9gH2fM5zAGogd8Lm.jpg,ATHX MADRID 2026,Spain 🇪🇸,2026,Male,ATHX,MetCon X,,,13:25,,,,,,105
107,Jorge,Añover,Jorge Añover,Male,Spain,,https://ui-avatars.com/api/?name=J+A&color=FFFFFF&background=000000,ATHX MADRID 2026,Spain 🇪🇸,2026,Male,ATHX,MetCon X,,,13:27,,,,,,107
108,Kenneth,Frøland,Kenneth Frøland,Male,Norway,Hybrid Training,https://athxgames.com/storage/profile-photos/nBg2sAeZV5rMdy0rBzupf8gABiGROfzLK0vRfeim.jpg,ATHX BARCELONA 2026,Spain 🇪🇸,2026,Male,ATHX,MetCon X,,,13:28,,,,,,108
109,Albert,Peris Aguilar,Albert Peris Aguilar,Male,,,https://ui-avatars.com/api/?name=A+P+A&color=FFFFFF&background=000000,ATHX MADRID 2026,Spain 🇪🇸,2026,Male,ATHX,MetCon X,,,13:29,,,,,,109
109,C Mathias,Jara Fismaurises,C Mathias Jara Fismaurises,Male,Spain,,https://ui-avatars.com/api/?name=C+M+J+F&color=FFFFFF&background=000000,ATHX MADRID 2026,Spain 🇪🇸,2026,Male,ATHX,MetCon X,,,13:29,,,,,,109
111,Mattéo,SENECA-FERREIRA,Mattéo SENECA-FERREIRA,Male,Belgium,6/23 TRAINING CLUB,https://ui-avatars.com/api/?name=M+S&color=FFFFFF&background=000000,ATHX BARCELONA 2026,Spain 🇪🇸,2026,Male,ATHX,MetCon X,,,13:30,,,,,,111
112,Santiago,Fernández Bobis,Santiago Fernández Bobis,Male,,,https://ui-avatars.com/api/?name=S+F+B&color=FFFFFF&background=000000,ATHX MADRID 2026,Spain 🇪🇸,2026,Male,ATHX,MetCon X,,,13:31,,,,,,112
112,JESÚS,MULERO,JESÚS MULERO,Male,Spain,Mulero,https://ui-avatars.com/api/?name=J+M&color=FFFFFF&background=000000,ATHX MADRID 2026,Spain 🇪🇸,2026,Male,ATHX,MetCon X,,,13:31,,,,,,112
114,Zach,Nash,Zach Nash,Male,United Kingdom,Fitness lab,https://ui-avatars.com/api/?name=Z+N&color=FFFFFF&background=000000,ATHX MADRID 2026,Spain 🇪🇸,2026,Male,ATHX,MetCon X,,,13:33,,,,,,114
115,Victor,Martin,Victor Martin,Male,,,https://ui-avatars.com/api/?name=V+M&color=FFFFFF&background=000000,ATHX MADRID 2026,Spain 🇪🇸,2026,Male,ATHX,MetCon X,,,13:35,,,,,,115
116,Sergio,Barrera Jiménez,Sergio Barrera Jiménez,Male,,,https://athxgames.com/storage/profile-photos/2qFKGe7oFAXKQLR10uW61Y3KjVmy5rJktQIIuJ25.jpg,ATHX MADRID 2026,Spain 🇪🇸,2026,Male,ATHX,MetCon X,,,13:37,,,,,,116
117,Santiago,Cordero,Santiago Cordero,Male,,,https://ui-avatars.com/api/?name=S+C&color=FFFFFF&background=000000,ATHX MADRID 2026,Spain 🇪🇸,2026,Male,ATHX,MetCon X,,,13:39,,,,,,117
118,Tiago,Silva,Tiago Silva,Male,,,https://ui-avatars.com/api/?name=T+S&color=FFFFFF&background=000000,ATHX BARCELONA 2026,Spain 🇪🇸,2026,Male,ATHX,MetCon X,,,13:41,,,,,,118
119,Juan Carlos,Fernández Tenorio,Juan Carlos Fernández Tenorio,Male,,,https://ui-avatars.com/api/?name=J+C+F+T&color=FFFFFF&background=000000,ATHX MADRID 2026,Spain 🇪🇸,2026,Male,ATHX,MetCon X,,,13:42,,,,,,119
119,Dovydas,Radavicius,Dovydas Radavicius,Male,Lithuania,,https://ui-avatars.com/api/?name=D+R&color=FFFFFF&background=000000,ATHX BARCELONA 2026,Spain 🇪🇸,2026,Male,ATHX,MetCon X,,,13:42,,,,,,119
121,Jose,Montes,Jose Montes,Male,Spain,Montes,https://athxgames.com/storage/profile-photos/VTgYs092bY0zyvBX6fiJ74FaESCxRMjtjgz7oz1L.jpg,ATHX MADRID 2026,Spain 🇪🇸,2026,Male,ATHX,MetCon X,,,13:50,,,,,,121
122,Juan,Garcia,Juan Garcia,Male,,,https://ui-avatars.com/api/?name=J+G&color=FFFFFF&background=000000,ATHX MADRID 2026,Spain 🇪🇸,2026,Male,ATHX,MetCon X,,,13:52,,,,,,122
122,Miguel,Moratiel,Miguel Moratiel,Male,,,https://ui-avatars.com/api/?name=M+M&color=FFFFFF&background=000000,ATHX MADRID 2026,Spain 🇪🇸,2026,Male,ATHX,MetCon X,,,13:52,,,,,,122
124,Víctor,Soler Cortina,Víctor Soler Cortina,Male,,,https://ui-avatars.com/api/?name=V+S+C&color=FFFFFF&background=000000,ATHX MADRID 2026,Spain 🇪🇸,2026,Male,ATHX,MetCon X,,,13:53,,,,,,124
124,Bastien,Bonnefoy,Bastien Bonnefoy,Male,France,,https://athxgames.com/storage/profile-photos/k6FEhl5eqVkzBO9Kl1x359SKFvdULofGvrhi4sat.jpg,ATHX BARCELONA 2026,Spain 🇪🇸,2026,Male,ATHX,MetCon X,,,13:53,,,,,,124
126,Javier,Ventura,Javier Ventura,Male,Spain,,https://athxgames.com/storage/profile-photos/urPLSDK2Ux2xYKk2Bz4CikbtUZrIbqI9ykCouK3W.png,ATHX MADRID 2026,Spain 🇪🇸,2026,Male,ATHX,MetCon X,,,13:54,,,,,,126
126,Nicoli,Damien,Nicoli Damien,Male,,,https://ui-avatars.com/api/?name=N+D&color=FFFFFF&background=000000,ATHX BARCELONA 2026,Spain 🇪🇸,2026,Male,ATHX,MetCon X,,,13:54,,,,,,126
128,Hugo,Morgado,Hugo Morgado,Male,,,https://ui-avatars.com/api/?name=H+M&color=FFFFFF&background=000000,ATHX MADRID 2026,Spain 🇪🇸,2026,Male,ATHX,MetCon X,,,13:57,,,,,,128
128,Diego,Martinez,Diego Martinez,Male,,,https://athxgames.com/storage/profile-photos/Q9PvuTpHvk0CCYGv9czvpAL9lJ2huHYryU1huVR0.png,ATHX BARCELONA 2026,Spain 🇪🇸,2026,Male,ATHX,MetCon X,,,13:57,,,,,,128
130,André,Silva,André Silva,Male,Portugal,Unbroken Box,https://ui-avatars.com/api/?name=A+S&color=FFFFFF&background=000000,ATHX MADRID 2026,Spain 🇪🇸,2026,Male,ATHX,MetCon X,,,13:58,,,,,,130
130,Juan,Espinosa,Juan Espinosa,Male,,,https://ui-avatars.com/api/?name=J+E&color=FFFFFF&background=000000,ATHX MADRID 2026,Spain 🇪🇸,2026,Male,ATHX,MetCon X,,,13:58,,,,,,130
132,Henry,Cordall,Henry Cordall,Male,,,https://ui-avatars.com/api/?name=H+C&color=FFFFFF&background=000000,ATHX MADRID 2026,Spain 🇪🇸,2026,Male,ATHX,MetCon X,,,14:02,,,,,,132
133,Santiago,Campos Ruiz,Santiago Campos Ruiz,Male,,,https://ui-avatars.com/api/?name=S+C+R&color=FFFFFF&background=000000,ATHX MADRID 2026,Spain 🇪🇸,2026,Male,ATHX,MetCon X,,,14:05,,,,,,133
133,Fernando,Cámara Rosell,Fernando Cámara Rosell,Male,,,https://ui-avatars.com/api/?name=F+C+R&color=FFFFFF&background=000000,ATHX MADRID 2026,Spain 🇪🇸,2026,Male,ATHX,MetCon X,,,14:05,,,,,,133
135,Daniel,Campaz,Daniel Campaz,Male,Colombia,Bigdani Runner Team,https://athxgames.com/storage/profile-photos/PYgTDfjluHM05E0oCbokOJUZbMG3wxLEe6KbWVNg.jpg,ATHX MADRID 2026,Spain 🇪🇸,2026,Male,ATHX,MetCon X,,,14:07,,,,,,135
136,Gary,Acosta,Gary Acosta,Male,,,https://ui-avatars.com/api/?name=G+A&color=FFFFFF&background=000000,ATHX MADRID 2026,Spain 🇪🇸,2026,Male,ATHX,MetCon X,,,14:10,,,,,,136
137,Alberto,Garcia,Alberto Garcia,Male,,,https://ui-avatars.com/api/?name=A+G&color=FFFFFF&background=000000,ATHX MADRID 2026,Spain 🇪🇸,2026,Male,ATHX,MetCon X,,,14:15,,,,,,137
138,David,Giron martin,David Giron martin,Male,,,https://ui-avatars.com/api/?name=D+G+m&color=FFFFFF&background=000000,ATHX BARCELONA 2026,Spain 🇪🇸,2026,Male,ATHX,MetCon X,,,14:16,,,,,,138
138,Evan,Crotty,Evan Crotty,Male,,,https://ui-avatars.com/api/?name=E+C&color=FFFFFF&background=000000,ATHX BARCELONA 2026,Spain 🇪🇸,2026,Male,ATHX,MetCon X,,,14:16,,,,,,138
140,Rémi,Gouault,Rémi Gouault,Male,,,https://ui-avatars.com/api/?name=R+G&color=FFFFFF&background=000000,ATHX BARCELONA 2026,Spain 🇪🇸,2026,Male,ATHX,MetCon X,,,14:18,,,,,,140
141,Alejandro,Lucio,Alejandro Lucio,Male,,,https://ui-avatars.com/api/?name=A+L&color=FFFFFF&background=000000,ATHX MADRID 2026,Spain 🇪🇸,2026,Male,ATHX,MetCon X,,,14:21,,,,,,141
141,Carlos,Mora,Carlos Mora,Male,,,https://ui-avatars.com/api/?name=C+M&color=FFFFFF&background=000000,ATHX MADRID 2026,Spain 🇪🇸,2026,Male,ATHX,MetCon X,,,14:21,,,,,,141
141,Pablo,Zamora Romero,Pablo Zamora Romero,Male,Spain,Zeta Zona Zero,https://athxgames.com/storage/profile-photos/B7CuwPadrjz6cmsFOcP9fA0WyxLlb3hiwkHsS3tW.jpg,ATHX BARCELONA 2026,Spain 🇪🇸,2026,Male,ATHX,MetCon X,,,14:21,,,,,,141
144,Nils,Wolf,Nils Wolf,Male,Germany,Petersgym,https://ui-avatars.com/api/?name=N+W&color=FFFFFF&background=000000,ATHX BARCELONA 2026,Spain 🇪🇸,2026,Male,ATHX,MetCon X,,,14:23,,,,,,144
145,Giorgio,De feo,Giorgio De feo,Male,,,https://ui-avatars.com/api/?name=G+D+f&color=FFFFFF&background=000000,ATHX BARCELONA 2026,Spain 🇪🇸,2026,Male,ATHX,MetCon X,,,14:26,,,,,,145
146,Mark,Ingram,Mark Ingram,Male,,,https://ui-avatars.com/api/?name=M+I&color=FFFFFF&background=000000,ATHX MADRID 2026,Spain 🇪🇸,2026,Male,ATHX,MetCon X,,,14:28,,,,,,146
146,jose,perez mora,jose perez mora,Male,Spain,FSC FITNESS AND PERFORMANCE,https://athxgames.com/storage/profile-photos/Yd8DLStPPerWBQvIXn7Umzc01uLg9m0TR82mV9CA.jpg,ATHX BARCELONA 2026,Spain 🇪🇸,2026,Male,ATHX,MetCon X,,,14:28,,,,,,146
148,Giovanni,Petito,Giovanni Petito,Male,Italy,Home Gym Club,https://ui-avatars.com/api/?name=G+P&color=FFFFFF&background=000000,ATHX BARCELONA 2026,Spain 🇪🇸,2026,Male,ATHX,MetCon X,,,14:30,,,,,,148
148,Andre,Oliveira,Andre Oliveira,Male,Portugal,THRIVE - Dare to Rise,https://athxgames.com/storage/profile-photos/qJpHRVM36be5wEdfxYha0RpZCPXh6GG6H1wKWcX1.jpg,ATHX BARCELONA 2026,Spain 🇪🇸,2026,Male,ATHX,MetCon X,,,14:30,,,,,,148
150,Chris,Meadowcroft,Chris Meadowcroft,Male,,,https://ui-avatars.com/api/?name=C+M&color=FFFFFF&background=000000,ATHX MADRID 2026,Spain 🇪🇸,2026,Male,ATHX,MetCon X,,,14:31,,,,,,150
151,Mathieu,Gaillard,Mathieu Gaillard,Male,France,Crossfit Lutece,https://athxgames.com/storage/profile-photos/xKyfHqS0iM6m8wTxReiv3BQmjIpyl0SwHQYIO0Vm.jpg,ATHX BARCELONA 2026,Spain 🇪🇸,2026,Male,ATHX,MetCon X,,,14:32,,,,,,151
152,Miguel Angel,González,Miguel Angel González,Male,Spain,Bollbox CrossFit,https://athxgames.com/storage/profile-photos/c8AlhOG9wDMLAMCbu0rWhiKJYoQ6hNi8HtZ6uQtD.jpg,ATHX MADRID 2026,Spain 🇪🇸,2026,Male,ATHX,MetCon X,,,14:33,,,,,,152
153,Ricardo,Rabre,Ricardo Rabre,Male,,,https://ui-avatars.com/api/?name=R+R&color=FFFFFF&background=000000,ATHX MADRID 2026,Spain 🇪🇸,2026,Male,ATHX,MetCon X,,,14:35,,,,,,153
154,Alex,Cabrera,Alex Cabrera,Male,Spain,,https://ui-avatars.com/api/?name=A+C&color=FFFFFF&background=000000,ATHX BARCELONA 2026,Spain 🇪🇸,2026,Male,ATHX,MetCon X,,,14:36,,,,,,154
155,Carlos,Ríos,Carlos Ríos,Male,Spain,,https://ui-avatars.com/api/?name=C+R&color=FFFFFF&background=000000,ATHX MADRID 2026,Spain 🇪🇸,2026,Male,ATHX,MetCon X,,,14:39,,,,,,155
156,Matias,Sanchez,Matias Sanchez,Male,,,https://ui-avatars.com/api/?name=M+S&color=FFFFFF&background=000000,ATHX MADRID 2026,Spain 🇪🇸,2026,Male,ATHX,MetCon X,,,14:41,,,,,,156
157,JUAN,Tobeña Puyal,JUAN Tobeña Puyal,Male,,,https://ui-avatars.com/api/?name=J+T+P&color=FFFFFF&background=000000,ATHX MADRID 2026,Spain 🇪🇸,2026,Male,ATHX,MetCon X,,,14:42,,,,,,157
158,Daniel,Ortiz Pinelo,Daniel Ortiz Pinelo,Male,,,https://ui-avatars.com/api/?name=D+O+P&color=FFFFFF&background=000000,ATHX MADRID 2026,Spain 🇪🇸,2026,Male,ATHX,MetCon X,,,14:48,,,,,,158
159,Sergio,Rodríguez Calzada,Sergio Rodríguez Calzada,Male,,,https://ui-avatars.com/api/?name=S+R+C&color=FFFFFF&background=000000,ATHX MADRID 2026,Spain 🇪🇸,2026,Male,ATHX,MetCon X,,,14:50,,,,,,159
160,Harold,Delabre,Harold Delabre,Male,France,,https://athxgames.com/storage/profile-photos/ZZxDEalkn5Scqcz3By0ITF0Hz3q1SS4NVUEKUvje.jpg,ATHX MADRID 2026,Spain 🇪🇸,2026,Male,ATHX,MetCon X,,,14:53,,,,,,160
161,Adrián,Quintero,Adrián Quintero,Male,,,https://ui-avatars.com/api/?name=A+Q&color=FFFFFF&background=000000,ATHX MADRID 2026,Spain 🇪🇸,2026,Male,ATHX,MetCon X,,,14:54,,,,,,161
162,Óscar,Ayala,Óscar Ayala,Male,Spain,Hytos,https://ui-avatars.com/api/?name=%C3%93+A&color=FFFFFF&background=000000,ATHX MADRID 2026,Spain 🇪🇸,2026,Male,ATHX,MetCon X,,,14:57,,,,,,162
163,Jesús,Giraldo,Jesús Giraldo,Male,,,https://ui-avatars.com/api/?name=J+G&color=FFFFFF&background=000000,ATHX MADRID 2026,Spain 🇪🇸,2026,Male,ATHX,MetCon X,,,14:58,,,,,,163
164,Antonio,Camarasaltas Pérez,Antonio Camarasaltas Pérez,Male,Spain,,https://ui-avatars.com/api/?name=A+C+P&color=FFFFFF&background=000000,ATHX BARCELONA 2026,Spain 🇪🇸,2026,Male,ATHX,MetCon X,,,15:01,,,,,,164
165,Germán,Cardenete Medina,Germán Cardenete Medina,Male,,,https://ui-avatars.com/api/?name=G+C+M&color=FFFFFF&background=000000,ATHX MADRID 2026,Spain 🇪🇸,2026,Male,ATHX,MetCon X,,,15:02,,,,,,165
166,Paulo,Alves,Paulo Alves,Male,Portugal,Mov4fit,https://athxgames.com/storage/profile-photos/LTKqmT2GUtmKjUGsKZzCaOdpmvdh7clvXQJuTRnL.jpg,ATHX MADRID 2026,Spain 🇪🇸,2026,Male,ATHX,MetCon X,,,15:05,,,,,,166
166,Mark,McNulty,Mark McNulty,Male,,,https://ui-avatars.com/api/?name=M+M&color=FFFFFF&background=000000,ATHX BARCELONA 2026,Spain 🇪🇸,2026,Male,ATHX,MetCon X,,,15:05,,,,,,166
168,Frederic,Tinturier,Frederic Tinturier,Male,,,https://ui-avatars.com/api/?name=F+T&color=FFFFFF&background=000000,ATHX BARCELONA 2026,Spain 🇪🇸,2026,Male,ATHX,MetCon X,,,15:09,,,,,,168
169,Teddy,Lecarpentier,Teddy Lecarpentier,Male,,,https://ui-avatars.com/api/?name=T+L&color=FFFFFF&background=000000,ATHX BARCELONA 2026,Spain 🇪🇸,2026,Male,ATHX,MetCon X,,,15:11,,,,,,169
170,Ramón,Gómez Robles,Ramón Gómez Robles,Male,,,https://ui-avatars.com/api/?name=R+G+R&color=FFFFFF&background=000000,ATHX MADRID 2026,Spain 🇪🇸,2026,Male,ATHX,MetCon X,,,15:12,,,,,,170
170,Ola,Sapara-Williams,Ola Sapara-Williams,Male,,,https://ui-avatars.com/api/?name=O+S&color=FFFFFF&background=000000,ATHX BARCELONA 2026,Spain 🇪🇸,2026,Male,ATHX,MetCon X,,,15:12,,,,,,170
170,JOFREY,AZEVEDO,JOFREY AZEVEDO,Male,,,https://ui-avatars.com/api/?name=J+A&color=FFFFFF&background=000000,ATHX BARCELONA 2026,Spain 🇪🇸,2026,Male,ATHX,MetCon X,,,15:12,,,,,,170
173,Jesus,Diaz,Jesus Diaz,Male,,,https://ui-avatars.com/api/?name=J+D&color=FFFFFF&background=000000,ATHX MADRID 2026,Spain 🇪🇸,2026,Male,ATHX,MetCon X,,,15:15,,,,,,173
174,Manuel,Rojo,Manuel Rojo,Male,,,https://athxgames.com/storage/profile-photos/s5BsImEZGPJy3FSyf6gFzMhj7CN6Mk1EbtU1qBka.jpg,ATHX MADRID 2026,Spain 🇪🇸,2026,Male,ATHX,MetCon X,,,15:17,,,,,,174
174,Romain,Claudet,Romain Claudet,Male,,,https://ui-avatars.com/api/?name=R+C&color=FFFFFF&background=000000,ATHX BARCELONA 2026,Spain 🇪🇸,2026,Male,ATHX,MetCon X,,,15:17,,,,,,174
176,Pedro,Bras,Pedro Bras,Male,,,https://ui-avatars.com/api/?name=P+B&color=FFFFFF&background=000000,ATHX MADRID 2026,Spain 🇪🇸,2026,Male,ATHX,MetCon X,,,15:18,,,,,,176
177,Angel,Fontova,Angel Fontova,Male,,,https://ui-avatars.com/api/?name=A+F&color=FFFFFF&background=000000,ATHX BARCELONA 2026,Spain 🇪🇸,2026,Male,ATHX,MetCon X,,,15:19,,,,,,177
178,Rob,Byrne,Rob Byrne,Male,United Kingdom,True Grit Training,https://athxgames.com/storage/profile-photos/lf1VRvirXewG7iEoPaSaJNjhh5U0wQP8SxJMuqhq.jpg,ATHX MADRID 2026,Spain 🇪🇸,2026,Male,ATHX,MetCon X,,,15:20,,,,,,178
179,EDUARD,MORERA TORRES,EDUARD MORERA TORRES,Male,,,https://ui-avatars.com/api/?name=E+M+T&color=FFFFFF&background=000000,ATHX BARCELONA 2026,Spain 🇪🇸,2026,Male,ATHX,MetCon X,,,15:24,,,,,,179
180,Sam,Laczny,Sam Laczny,Male,,,https://ui-avatars.com/api/?name=S+L&color=FFFFFF&background=000000,ATHX BARCELONA 2026,Spain 🇪🇸,2026,Male,ATHX,MetCon X,,,15:30,,,,,,180
181,Alessandro,Poggi,Alessandro Poggi,Male,,,https://ui-avatars.com/api/?name=A+P&color=FFFFFF&background=000000,ATHX MADRID 2026,Spain 🇪🇸,2026,Male,ATHX,MetCon X,,,15:32,,,,,,181
182,dani,zhou ye,dani zhou ye,Male,,,https://ui-avatars.com/api/?name=d+z+y&color=FFFFFF&background=000000,ATHX BARCELONA 2026,Spain 🇪🇸,2026,Male,ATHX,MetCon X,,,15:33,,,,,,182
183,Erwan,GUYON,Erwan GUYON,Male,,,https://ui-avatars.com/api/?name=E+G&color=FFFFFF&background=000000,ATHX BARCELONA 2026,Spain 🇪🇸,2026,Male,ATHX,MetCon X,,,15:39,,,,,,183
184,Jonatan,Dublino Fuentes,Jonatan Dublino Fuentes,Male,,,https://ui-avatars.com/api/?name=J+D+F&color=FFFFFF&background=000000,ATHX MADRID 2026,Spain 🇪🇸,2026,Male,ATHX,MetCon X,,,15:40,,,,,,184
184,Eugène,Ngankam,Eugène Ngankam,Male,Switzerland,,https://ui-avatars.com/api/?name=E+N&color=FFFFFF&background=000000,ATHX BARCELONA 2026,Spain 🇪🇸,2026,Male,ATHX,MetCon X,,,15:40,,,,,,184
186,Daniel,Gatnau,Daniel Gatnau,Male,,,https://ui-avatars.com/api/?name=D+G&color=FFFFFF&background=000000,ATHX MADRID 2026,Spain 🇪🇸,2026,Male,ATHX,MetCon X,,,15:41,,,,,,186
187,Adrian,Barajas Vellon,Adrian Barajas Vellon,Male,,,https://ui-avatars.com/api/?name=A+B+V&color=FFFFFF&background=000000,ATHX MADRID 2026,Spain 🇪🇸,2026,Male,ATHX,MetCon X,,,15:43,,,,,,187
188,Iván,Moraleda,Iván Moraleda,Male,,,https://ui-avatars.com/api/?name=I+M&color=FFFFFF&background=000000,ATHX MADRID 2026,Spain 🇪🇸,2026,Male,ATHX,MetCon X,,,15:44,,,,,,188
189,Niccolo,Mosconi,Niccolo Mosconi,Male,,,https://ui-avatars.com/api/?name=N+M&color=FFFFFF&background=000000,ATHX BARCELONA 2026,Spain 🇪🇸,2026,Male,ATHX,MetCon X,,,15:45,,,,,,189
189,Sergio,Rozas Fernandez,Sergio Rozas Fernandez,Male,Spain,,https://ui-avatars.com/api/?name=S+R+F&color=FFFFFF&background=000000,ATHX BARCELONA 2026,Spain 🇪🇸,2026,Male,ATHX,MetCon X,,,15:45,,,,,,189
191,Alan,Greenidge,Alan Greenidge,Male,,,https://ui-avatars.com/api/?name=A+G&color=FFFFFF&background=000000,ATHX BARCELONA 2026,Spain 🇪🇸,2026,Male,ATHX,MetCon X,,,15:52,,,,,,191
192,Marc,Simoes,Marc Simoes,Male,,,https://ui-avatars.com/api/?name=M+S&color=FFFFFF&background=000000,ATHX MADRID 2026,Spain 🇪🇸,2026,Male,ATHX,MetCon X,,,15:57,,,,,,192
192,Cesar,Cracco,Cesar Cracco,Male,,,https://ui-avatars.com/api/?name=C+C&color=FFFFFF&background=000000,ATHX MADRID 2026,Spain 🇪🇸,2026,Male,ATHX,MetCon X,,,15:57,,,,,,192
194,Joan Marc,Gruart Bigas,Joan Marc Gruart Bigas,Male,,,https://ui-avatars.com/api/?name=J+M+G+B&color=FFFFFF&background=000000,ATHX BARCELONA 2026,Spain 🇪🇸,2026,Male,ATHX,MetCon X,,,15:59,,,,,,194
195,Sonny,Cosnet,Sonny Cosnet,Male,,,https://ui-avatars.com/api/?name=S+C&color=FFFFFF&background=000000,ATHX BARCELONA 2026,Spain 🇪🇸,2026,Male,ATHX,MetCon X,,,16:03,,,,,,195
196,Carlos David,Paco Fernandez,Carlos David Paco Fernandez,Male,,,https://ui-avatars.com/api/?name=C+D+P+F&color=FFFFFF&background=000000,ATHX MADRID 2026,Spain 🇪🇸,2026,Male,ATHX,MetCon X,,,16:04,,,,,,196
196,Ander,Cobo,Ander Cobo,Male,,,https://ui-avatars.com/api/?name=A+C&color=FFFFFF&background=000000,ATHX BARCELONA 2026,Spain 🇪🇸,2026,Male,ATHX,MetCon X,,,16:04,,,,,,196
196,Roger,Riba Pla,Roger Riba Pla,Male,,,https://ui-avatars.com/api/?name=R+R+P&color=FFFFFF&background=000000,ATHX BARCELONA 2026,Spain 🇪🇸,2026,Male,ATHX,MetCon X,,,16:04,,,,,,196
199,Diego,Diaz Perez,Diego Diaz Perez,Male,Spain,,https://athxgames.com/storage/profile-photos/v6cpaRSzDj0suTtRndT80jDFvgopbeBGnW8xLCVH.png,ATHX BARCELONA 2026,Spain 🇪🇸,2026,Male,ATHX,MetCon X,,,16:08,,,,,,199
200,Cid,Fonseca,Cid Fonseca,Male,Portugal,,https://ui-avatars.com/api/?name=C+F&color=FFFFFF&background=000000,ATHX BARCELONA 2026,Spain 🇪🇸,2026,Male,ATHX,MetCon X,,,16:13,,,,,,200
201,Alex,Samaniego,Alex Samaniego,Male,,,https://ui-avatars.com/api/?name=A+S&color=FFFFFF&background=000000,ATHX BARCELONA 2026,Spain 🇪🇸,2026,Male,ATHX,MetCon X,,,16:16,,,,,,201
202,Ricardo,Silva,Ricardo Silva,Male,Portugal,CrossFit Durius,https://athxgames.com/storage/profile-photos/KU4fRdR8KfAQQXLSRTD0KHCfj0SiKTU5snPNet6S.jpg,ATHX MADRID 2026,Spain 🇪🇸,2026,Male,ATHX,MetCon X,,,16:17,,,,,,202
203,Adam,Ellis,Adam Ellis,Male,,,https://ui-avatars.com/api/?name=A+E&color=FFFFFF&background=000000,ATHX MADRID 2026,Spain 🇪🇸,2026,Male,ATHX,MetCon X,,,16:20,,,,,,203
204,Rémy,remy.carayon12@gmail.com,Rémy remy.carayon12@gmail.com,Male,France,,https://athxgames.com/storage/profile-photos/6iV8NXOlz7YffRkvNqIPQTt9IEovlO6tAGcrtoaQ.jpg,ATHX BARCELONA 2026,Spain 🇪🇸,2026,Male,ATHX,MetCon X,,,16:23,,,,,,204
205,Diego,Pita,Diego Pita,Male,,,https://ui-avatars.com/api/?name=D+P&color=FFFFFF&background=000000,ATHX BARCELONA 2026,Spain 🇪🇸,2026,Male,ATHX,MetCon X,,,16:24,,,,,,205
206,Eusebio,Noguera Pujol,Eusebio Noguera Pujol,Male,,,https://ui-avatars.com/api/?name=E+N+P&color=FFFFFF&background=000000,ATHX MADRID 2026,Spain 🇪🇸,2026,Male,ATHX,MetCon X,,,16:28,,,,,,206
206,Guy,Bailey,Guy Bailey,Male,United Kingdom,GPN Fitness Project,https://ui-avatars.com/api/?name=G+B&color=FFFFFF&background=000000,ATHX MADRID 2026,Spain 🇪🇸,2026,Male,ATHX,MetCon X,,,16:28,,,,,,206
208,Pau,Esqué Yañez,Pau Esqué Yañez,Male,,,https://ui-avatars.com/api/?name=P+E+Y&color=FFFFFF&background=000000,ATHX BARCELONA 2026,Spain 🇪🇸,2026,Male,ATHX,MetCon X,,,16:30,,,,,,208
209,Muñiz,Seijas,Muñiz Seijas,Male,,,https://ui-avatars.com/api/?name=M+S&color=FFFFFF&background=000000,ATHX MADRID 2026,Spain 🇪🇸,2026,Male,ATHX,MetCon X,,,16:33,,,,,,209
210,Ander,Cobo,Ander Cobo,Male,,,https://ui-avatars.com/api/?name=A+C&color=FFFFFF&background=000000,ATHX MADRID 2026,Spain 🇪🇸,2026,Male,ATHX,MetCon X,,,16:34,,,,,,210
211,Rafael,Domínguez,Rafael Domínguez,Male,,,https://ui-avatars.com/api/?name=R+D&color=FFFFFF&background=000000,ATHX MADRID 2026,Spain 🇪🇸,2026,Male,ATHX,MetCon X,,,16:36,,,,,,211
212,Borja,Laguía,Borja Laguía,Male,,,https://athxgames.com/storage/profile-photos/O4k7KkMiVMCli8pWIWN5Hcn3uSPcB329byLIghkj.jpg,ATHX BARCELONA 2026,Spain 🇪🇸,2026,Male,ATHX,MetCon X,,,16:38,,,,,,212
213,Javier,Mateo Fuertes,Javier Mateo Fuertes,Male,,,https://athxgames.com/storage/profile-photos/exNypFjhdNHQA9MCXA68XHas1SKT41uFd9f1vDBm.jpg,ATHX MADRID 2026,Spain 🇪🇸,2026,Male,ATHX,MetCon X,,,16:39,,,,,,213
214,Dirk,Balili,Dirk Balili,Male,Philippines,,https://ui-avatars.com/api/?name=D+B&color=FFFFFF&background=000000,ATHX MADRID 2026,Spain 🇪🇸,2026,Male,ATHX,MetCon X,,,16:42,,,,,,214
215,Cédric,PILLON,Cédric PILLON,Male,,,https://ui-avatars.com/api/?name=C+P&color=FFFFFF&background=000000,ATHX BARCELONA 2026,Spain 🇪🇸,2026,Male,ATHX,MetCon X,,,16:48,,,,,,215
216,Pedro Antonio,Aguirre Sanchez,Pedro Antonio Aguirre Sanchez,Male,Venezuela,,https://ui-avatars.com/api/?name=P+A+A+S&color=FFFFFF&background=000000,ATHX BARCELONA 2026,Spain 🇪🇸,2026,Male,ATHX,MetCon X,,,16:49,,,,,,216
217,Simone,Ricciardi,Simone Ricciardi,Male,,,https://ui-avatars.com/api/?name=S+R&color=FFFFFF&background=000000,ATHX BARCELONA 2026,Spain 🇪🇸,2026,Male,ATHX,MetCon X,,,16:57,,,,,,217
218,Hugo,Herraiz,Hugo Herraiz,Male,Spain,,https://ui-avatars.com/api/?name=H+H&color=FFFFFF&background=000000,ATHX MADRID 2026,Spain 🇪🇸,2026,Male,ATHX,MetCon X,,,16:59,,,,,,218
219,Maurizio,Maffei,Maurizio Maffei,Male,Italy,,https://athxgames.com/storage/profile-photos/9twohnzUkUyMhj6FHbZLLDB2LVmIEZBOeEYBSNzC.jpg,ATHX BARCELONA 2026,Spain 🇪🇸,2026,Male,ATHX,MetCon X,,,17:04,,,,,,219
220,Daniel,Carrillo,Daniel Carrillo,Male,,,https://ui-avatars.com/api/?name=D+C&color=FFFFFF&background=000000,ATHX MADRID 2026,Spain 🇪🇸,2026,Male,ATHX,MetCon X,,,17:06,,,,,,220
221,Jorge,Sánchez Mateos,Jorge Sánchez Mateos,Male,,,https://ui-avatars.com/api/?name=J+S+M&color=FFFFFF&background=000000,ATHX MADRID 2026,Spain 🇪🇸,2026,Male,ATHX,MetCon X,,,17:10,,,,,,221
222,Afonso,Canavilhas,Afonso Canavilhas,Male,,,https://ui-avatars.com/api/?name=A+C&color=FFFFFF&background=000000,ATHX BARCELONA 2026,Spain 🇪🇸,2026,Male,ATHX,MetCon X,,,17:22,,,,,,222
223,Mark,Leonardo,Mark Leonardo,Male,,,https://ui-avatars.com/api/?name=M+L&color=FFFFFF&background=000000,ATHX MADRID 2026,Spain 🇪🇸,2026,Male,ATHX,MetCon X,,,17:25,,,,,,223
223,Kevin,Mendes,Kevin Mendes,Male,,,https://ui-avatars.com/api/?name=K+M&color=FFFFFF&background=000000,ATHX BARCELONA 2026,Spain 🇪🇸,2026,Male,ATHX,MetCon X,,,17:25,,,,,,223
225,Alvaro,Garcia,Alvaro Garcia,Male,,,https://ui-avatars.com/api/?name=A+G&color=FFFFFF&background=000000,ATHX MADRID 2026,Spain 🇪🇸,2026,Male,ATHX,MetCon X,,,17:26,,,,,,225
226,PEPE,MOTA,PEPE MOTA,Male,Spain,Terra Training Club,https://ui-avatars.com/api/?name=P+M&color=FFFFFF&background=000000,ATHX MADRID 2026,Spain 🇪🇸,2026,Male,ATHX,MetCon X,,,17:28,,,,,,226
226,Amir,Tale Khorsand,Amir Tale Khorsand,Male,Germany,,https://ui-avatars.com/api/?name=A+T+K&color=FFFFFF&background=000000,ATHX BARCELONA 2026,Spain 🇪🇸,2026,Male,ATHX,MetCon X,,,17:28,,,,,,226
228,Jose,Lasso,Jose Lasso,Male,Mexico,,https://ui-avatars.com/api/?name=J+L&color=FFFFFF&background=000000,ATHX BARCELONA 2026,Spain 🇪🇸,2026,Male,ATHX,MetCon X,,,17:32,,,,,,228
229,ALEJANDRO,KRUMECADYK,ALEJANDRO KRUMECADYK,Male,,,https://ui-avatars.com/api/?name=A+K&color=FFFFFF&background=000000,ATHX BARCELONA 2026,Spain 🇪🇸,2026,Male,ATHX,MetCon X,,,17:34,,,,,,229
230,Quentin,NUNES,Quentin NUNES,Male,France,,https://ui-avatars.com/api/?name=Q+N&color=FFFFFF&background=000000,ATHX BARCELONA 2026,Spain 🇪🇸,2026,Male,ATHX,MetCon X,,,17:36,,,,,,230
231,Daniel,González Cros,Daniel González Cros,Male,Spain,Cros,https://athxgames.com/storage/profile-photos/r9oxZ0hEu77HqlKmUEvLA875HSK0MXQJEHBF3HGe.jpg,ATHX MADRID 2026,Spain 🇪🇸,2026,Male,ATHX,MetCon X,,,17:37,,,,,,231
232,Demba,DIAGNE,Demba DIAGNE,Male,,,https://ui-avatars.com/api/?name=D+D&color=FFFFFF&background=000000,ATHX BARCELONA 2026,Spain 🇪🇸,2026,Male,ATHX,MetCon X,,,17:38,,,,,,232
233,Jack,Charman,Jack Charman,Male,,,https://ui-avatars.com/api/?name=J+C&color=FFFFFF&background=000000,ATHX MADRID 2026,Spain 🇪🇸,2026,Male,ATHX,MetCon X,,,17:40,,,,,,233
234,Fran,Hernandez,Fran Hernandez,Male,Spain,Valladolid Vacceos Box,https://ui-avatars.com/api/?name=F+H&color=FFFFFF&background=000000,ATHX MADRID 2026,Spain 🇪🇸,2026,Male,ATHX,MetCon X,,,17:41,,,,,,234
235,Maurizio,Maffei,Maurizio Maffei,Male,Italy,,https://athxgames.com/storage/profile-photos/9twohnzUkUyMhj6FHbZLLDB2LVmIEZBOeEYBSNzC.jpg,ATHX MADRID 2026,Spain 🇪🇸,2026,Male,ATHX,MetCon X,,,17:45,,,,,,235
236,Michael,Haid,Michael Haid,Male,Germany,,https://ui-avatars.com/api/?name=M+H&color=FFFFFF&background=000000,ATHX BARCELONA 2026,Spain 🇪🇸,2026,Male,ATHX,MetCon X,,,17:56,,,,,,236
237,Jhon Elkin,Morales,Jhon Elkin Morales,Male,Colombia,Acero,https://athxgames.com/storage/profile-photos/vxY7LvNXHatDJkdhVXRPlBHRddAe4tIXqTmQxwdw.jpg,ATHX MADRID 2026,Spain 🇪🇸,2026,Male,ATHX,MetCon X,,,18:05,,,,,,237
238,Gerardo,Císter Jiménez,Gerardo Císter Jiménez,Male,,,https://ui-avatars.com/api/?name=G+C+J&color=FFFFFF&background=000000,ATHX MADRID 2026,Spain 🇪🇸,2026,Male,ATHX,MetCon X,,,18:07,,,,,,238
239,Miguel Angel,Gallardo,Miguel Angel Gallardo,Male,,,https://ui-avatars.com/api/?name=M+A+G&color=FFFFFF&background=000000,ATHX MADRID 2026,Spain 🇪🇸,2026,Male,ATHX,MetCon X,,,18:10,,,,,,239
240,Markus,Pretzl,Markus Pretzl,Male,,,https://ui-avatars.com/api/?name=M+P&color=FFFFFF&background=000000,ATHX BARCELONA 2026,Spain 🇪🇸,2026,Male,ATHX,MetCon X,,,18:14,,,,,,240
241,Ricardo,Fernandes,Ricardo Fernandes,Male,Portugal,,https://ui-avatars.com/api/?name=R+F&color=FFFFFF&background=000000,ATHX MADRID 2026,Spain 🇪🇸,2026,Male,ATHX,MetCon X,,,18:16,,,,,,241
242,Aaron,Quintana,Aaron Quintana,Male,,,https://ui-avatars.com/api/?name=A+Q&color=FFFFFF&background=000000,ATHX MADRID 2026,Spain 🇪🇸,2026,Male,ATHX,MetCon X,,,18:20,,,,,,242
243,José Miguel,Cortés,José Miguel Cortés,Male,,,https://ui-avatars.com/api/?name=J+M+C&color=FFFFFF&background=000000,ATHX MADRID 2026,Spain 🇪🇸,2026,Male,ATHX,MetCon X,,,18:35,,,,,,243
244,Yan,Benevides,Yan Benevides,Male,Brazil,Yan,https://ui-avatars.com/api/?name=Y+B&color=FFFFFF&background=000000,ATHX BARCELONA 2026,Spain 🇪🇸,2026,Male,ATHX,MetCon X,,,18:40,,,,,,244
245,JULIEN,MAYER,JULIEN MAYER,Male,France,,https://ui-avatars.com/api/?name=J+M&color=FFFFFF&background=000000,ATHX BARCELONA 2026,Spain 🇪🇸,2026,Male,ATHX,MetCon X,,,18:41,,,,,,245
246,Rafael,Rodríguez Estévez,Rafael Rodríguez Estévez,Male,,,https://ui-avatars.com/api/?name=R+R+E&color=FFFFFF&background=000000,ATHX MADRID 2026,Spain 🇪🇸,2026,Male,ATHX,MetCon X,,,18:48,,,,,,246
247,Francisco,Mora,Francisco Mora,Male,Spain,Rustiq Fitness,https://ui-avatars.com/api/?name=F+M&color=FFFFFF&background=000000,ATHX MADRID 2026,Spain 🇪🇸,2026,Male,ATHX,MetCon X,,,19:08,,,,,,247
248,PAOLO,Figueroa,PAOLO Figueroa,Male,Peru,G93 Crossfit,https://ui-avatars.com/api/?name=P+F&color=FFFFFF&background=000000,ATHX MADRID 2026,Spain 🇪🇸,2026,Male,ATHX,MetCon X,,,19:13,,,,,,248
249,David,Gomez,David Gomez,Male,,,https://ui-avatars.com/api/?name=D+G&color=FFFFFF&background=000000,ATHX MADRID 2026,Spain 🇪🇸,2026,Male,ATHX,MetCon X,,,19:19,,,,,,249
250,Dominik,Pavlik,Dominik Pavlik,Male,,,https://ui-avatars.com/api/?name=D+P&color=FFFFFF&background=000000,ATHX BARCELONA 2026,Spain 🇪🇸,2026,Male,ATHX,MetCon X,,,19:25,,,,,,250
251,Fabian,Cuenca,Fabian Cuenca,Male,Spain,Stygia,https://athxgames.com/storage/profile-photos/Q6UZrjqsz57jgWU4nlx9bRSOtsgBXzLz87r8tAV8.jpg,ATHX BARCELONA 2026,Spain 🇪🇸,2026,Male,ATHX,MetCon X,,,19:26,,,,,,251
252,Carlos,Jaen,Carlos Jaen,Male,,,https://ui-avatars.com/api/?name=C+J&color=FFFFFF&background=000000,ATHX MADRID 2026,Spain 🇪🇸,2026,Male,ATHX,MetCon X,,,19:39,,,,,,252
253,Simon,Cottrall,Simon Cottrall,Male,,,https://ui-avatars.com/api/?name=S+C&color=FFFFFF&background=000000,ATHX MADRID 2026,Spain 🇪🇸,2026,Male,ATHX,MetCon X,,,19:52,,,,,,253
254,Rahim,Kaba,Rahim Kaba,Male,,,https://ui-avatars.com/api/?name=R+K&color=FFFFFF&background=000000,ATHX MADRID 2026,Spain 🇪🇸,2026,Male,ATHX,MetCon X,,,20:00,,,,,,254
255,Gerard,Martinez,Gerard Martinez,Male,,,https://ui-avatars.com/api/?name=G+M&color=FFFFFF&background=000000,ATHX BARCELONA 2026,Spain 🇪🇸,2026,Male,ATHX,MetCon X,,,20:06,,,,,,255
256,Jose Alberto,Toledo,Jose Alberto Toledo,Male,,,https://ui-avatars.com/api/?name=J+A+T&color=FFFFFF&background=000000,ATHX BARCELONA 2026,Spain 🇪🇸,2026,Male,ATHX,MetCon X,,,20:07,,,,,,256
257,Fabian,Cuenca,Fabian Cuenca,Male,Spain,Stygia,https://athxgames.com/storage/profile-photos/Q6UZrjqsz57jgWU4nlx9bRSOtsgBXzLz87r8tAV8.jpg,ATHX MADRID 2026,Spain 🇪🇸,2026,Male,ATHX,MetCon X,,,20:11,,,,,,257
258,Nicholas,Hampshire,Nicholas Hampshire,Male,United Kingdom,Nick,https://athxgames.com/storage/profile-photos/CRzvCiwxPxamxoJWnvkhNUN1fADLEIRmUr7rc3Ne.jpg,ATHX MADRID 2026,Spain 🇪🇸,2026,Male,ATHX,MetCon X,,,20:20,,,,,,258
259,Romain,Monino Duran,Romain Monino Duran,Male,,,https://ui-avatars.com/api/?name=R+M+D&color=FFFFFF&background=000000,ATHX BARCELONA 2026,Spain 🇪🇸,2026,Male,ATHX,MetCon X,,,20:27,,,,,,259
260,Rubén,Sáez García,Rubén Sáez García,Male,,,https://ui-avatars.com/api/?name=R+S+G&color=FFFFFF&background=000000,ATHX MADRID 2026,Spain 🇪🇸,2026,Male,ATHX,MetCon X,,,20:40,,,,,,260
260,Edu,Martos,Edu Martos,Male,,,https://ui-avatars.com/api/?name=E+M&color=FFFFFF&background=000000,ATHX MADRID 2026,Spain 🇪🇸,2026,Male,ATHX,MetCon X,,,20:40,,,,,,260
262,Iago,Fernandez Gomez,Iago Fernandez Gomez,Male,,,https://ui-avatars.com/api/?name=I+F+G&color=FFFFFF&background=000000,ATHX MADRID 2026,Spain 🇪🇸,2026,Male,ATHX,MetCon X,,,20:41,,,,,,262
263,Rotimi,Adegoju,Rotimi Adegoju,Male,,,https://ui-avatars.com/api/?name=R+A&color=FFFFFF&background=000000,ATHX BARCELONA 2026,Spain 🇪🇸,2026,Male,ATHX,MetCon X,,,20:42,,,,,,263
264,Jorge Damián,Cordova Almache,Jorge Damián Cordova Almache,Male,,,https://ui-avatars.com/api/?name=J+D+C+A&color=FFFFFF&background=000000,ATHX MADRID 2026,Spain 🇪🇸,2026,Male,ATHX,MetCon X,,,20:50,,,,,,264
265,Rubén,Fuentes Blasco,Rubén Fuentes Blasco,Male,Spain,CrossFit Vinaros,https://ui-avatars.com/api/?name=R+F+B&color=FFFFFF&background=000000,ATHX BARCELONA 2026,Spain 🇪🇸,2026,Male,ATHX,MetCon X,,,21:16,,,,,,265
266,Marko,Filipovic,Marko Filipovic,Male,,,https://ui-avatars.com/api/?name=M+F&color=FFFFFF&background=000000,ATHX BARCELONA 2026,Spain 🇪🇸,2026,Male,ATHX,MetCon X,,,21:17,,,,,,266
267,Ameur,Sammy,Ameur Sammy,Male,France,,https://ui-avatars.com/api/?name=A+S&color=FFFFFF&background=000000,ATHX BARCELONA 2026,Spain 🇪🇸,2026,Male,ATHX,MetCon X,,,21:20,,,,,,267
268,Blas,Chamorro,Blas Chamorro,Male,,,https://ui-avatars.com/api/?name=B+C&color=FFFFFF&background=000000,ATHX MADRID 2026,Spain 🇪🇸,2026,Male,ATHX,MetCon X,,,21:24,,,,,,268
269,Cameron,Styles,Cameron Styles,Male,,,https://ui-avatars.com/api/?name=C+S&color=FFFFFF&background=000000,ATHX BARCELONA 2026,Spain 🇪🇸,2026,Male,ATHX,MetCon X,,,21:25,,,,,,269
270,Kilian,Baumann,Kilian Baumann,Male,,,https://ui-avatars.com/api/?name=K+B&color=FFFFFF&background=000000,ATHX MADRID 2026,Spain 🇪🇸,2026,Male,ATHX,MetCon X,,,21:34,,,,,,270
271,Raphael,Swift,Raphael Swift,Male,,,https://ui-avatars.com/api/?name=R+S&color=FFFFFF&background=000000,ATHX MADRID 2026,Spain 🇪🇸,2026,Male,ATHX,MetCon X,,,21:37,,,,,,271
272,Alessandro,Marioli,Alessandro Marioli,Male,,,https://ui-avatars.com/api/?name=A+M&color=FFFFFF&background=000000,ATHX BARCELONA 2026,Spain 🇪🇸,2026,Male,ATHX,MetCon X,,,22:23,,,,,,272
273,Stanisław,Bajorski,Stanisław Bajorski,Male,,,https://ui-avatars.com/api/?name=S+B&color=FFFFFF&background=000000,ATHX BARCELONA 2026,Spain 🇪🇸,2026,Male,ATHX,MetCon X,,,22:39,,,,,,273
274,Fernando,sanchez Alvarez,Fernando sanchez Alvarez,Male,,,https://ui-avatars.com/api/?name=F+s+A&color=FFFFFF&background=000000,ATHX BARCELONA 2026,Spain 🇪🇸,2026,Male,ATHX,MetCon X,,,22:58,,,,,,274
275,David,Cotoi,David Cotoi,Male,Romania,,https://ui-avatars.com/api/?name=D+C&color=FFFFFF&background=000000,ATHX BARCELONA 2026,Spain 🇪🇸,2026,Male,ATHX,MetCon X,,,22:59,,,,,,275
276,Julio,Argueso,Julio Argueso,Male,Spain,,https://ui-avatars.com/api/?name=J+A&color=FFFFFF&background=000000,ATHX MADRID 2026,Spain 🇪🇸,2026,Male,ATHX,MetCon X,,,23:20,,,,,,276
277,Antonio,Ortega Álvarez,Antonio Ortega Álvarez,Male,,,https://athxgames.com/storage/profile-photos/nIcR9QSyvn1760HVCEPLqNHYQlWC05PEWPynLH4C.jpg,ATHX MADRID 2026,Spain 🇪🇸,2026,Male,ATHX,MetCon X,,,23:34,,,,,,277
278,gustavo,scheffer,gustavo scheffer,Male,,,https://ui-avatars.com/api/?name=g+s&color=FFFFFF&background=000000,ATHX MADRID 2026,Spain 🇪🇸,2026,Male,ATHX,MetCon X,,,23:47,,,,,,278
279,Héctor,Cruzado,Héctor Cruzado,Male,Spain,,https://ui-avatars.com/api/?name=H+C&color=FFFFFF&background=000000,ATHX MADRID 2026,Spain 🇪🇸,2026,Male,ATHX,MetCon X,,,23:52,,,,,,279
280,Jean-Baptiste,Galan,Jean-Baptiste Galan,Male,France,,https://ui-avatars.com/api/?name=J+G&color=FFFFFF&background=000000,ATHX BARCELONA 2026,Spain 🇪🇸,2026,Male,ATHX,MetCon X,,,24:02,,,,,,280
281,Jesus,Garcia,Jesus Garcia,Male,,,https://athxgames.com/storage/profile-photos/YWyulu6DKZfj5qIedctxHNyEdRdzM5BnxmK3gDww.jpg,ATHX MADRID 2026,Spain 🇪🇸,2026,Male,ATHX,MetCon X,,,25:00,,,,,,281
282,Marcel,Vaño,Marcel Vaño,Male,,,https://ui-avatars.com/api/?name=M+V&color=FFFFFF&background=000000,ATHX BARCELONA 2026,Spain 🇪🇸,2026,Male,ATHX,MetCon X,,,25:20,,,,,,282
283,Michael,Schenzel,Michael Schenzel,Male,Germany,Greifenpower Greifswald,https://athxgames.com/storage/profile-photos/ngDWLasF7g73NrlWtlUdK3NH3w901NpUjUfpItcL.jpg,ATHX BARCELONA 2026,Spain 🇪🇸,2026,Male,ATHX,MetCon X,,,26:43,,,,,,283
284,Jorge Luis,Vega Céliz,Jorge Luis Vega Céliz,Male,,,https://ui-avatars.com/api/?name=J+L+V+C&color=FFFFFF&background=000000,ATHX BARCELONA 2026,Spain 🇪🇸,2026,Male,ATHX,MetCon X,,,26:45,,,,,,284
285,Mark Andrew,Phillips,Mark Andrew Phillips,Male,United Kingdom,Mark,https://ui-avatars.com/api/?name=M+A+P&color=FFFFFF&background=000000,ATHX MADRID 2026,Spain 🇪🇸,2026,Male,ATHX,MetCon X,,,27:11,,,,,,285
286,Robert,Wiersbinski,Robert Wiersbinski,Male,Germany,,https://athxgames.com/storage/profile-photos/fgOcjTU56euANA18QoPuX2FR7yBr6E8wRc8PE0go.jpg,ATHX MADRID 2026,Spain 🇪🇸,2026,Male,ATHX,MetCon X,,,27:24,,,,,,286
287,Pablo,Martos,Pablo Martos,Male,,,https://ui-avatars.com/api/?name=P+M&color=FFFFFF&background=000000,ATHX BARCELONA 2026,Spain 🇪🇸,2026,Male,ATHX,MetCon X,,,28:59,,,,,,287
1,Jason,Fernandez Birchwood,Jason Fernandez Birchwood,Male,,,https://ui-avatars.com/api/?name=J+F+B&color=FFFFFF&background=000000,ATHX MADRID 2026,Spain 🇪🇸,2026,Male,ATHX,Endurance,,,,,,,3KM,2.461KM,1
2,Íñigo,González,Íñigo González,Male,,,https://ui-avatars.com/api/?name=%C3%8D+G&color=FFFFFF&background=000000,ATHX MADRID 2026,Spain 🇪🇸,2026,Male,ATHX,Endurance,,,,,,,3KM,2.266KM,2
2,Robin,Brault,Robin Brault,Male,,,https://ui-avatars.com/api/?name=R+B&color=FFFFFF&background=000000,ATHX BARCELONA 2026,Spain 🇪🇸,2026,Male,ATHX,Endurance,,,,,,,3KM,2.266KM,2
4,Thomas,Chesneau,Thomas Chesneau,Male,France,Hypro Hybrid Club,https://ui-avatars.com/api/?name=T+C&color=FFFFFF&background=000000,ATHX MADRID 2026,Spain 🇪🇸,2026,Male,ATHX,Endurance,,,,,,,3KM,2.262KM,4
5,Javier,Martínez Cosin,Javier Martínez Cosin,Male,Spain,Javier Martínez Cosin,https://ui-avatars.com/api/?name=J+M+C&color=FFFFFF&background=000000,ATHX MADRID 2026,Spain 🇪🇸,2026,Male,ATHX,Endurance,,,,,,,2.955KM,2.256KM,5
6,Fabian,Ferreira,Fabian Ferreira,Male,,,https://ui-avatars.com/api/?name=F+F&color=FFFFFF&background=000000,ATHX BARCELONA 2026,Spain 🇪🇸,2026,Male,ATHX,Endurance,,,,,,,2.935KM,2.267KM,6
7,Jannik,Albrecht,Jannik Albrecht,Male,,,https://ui-avatars.com/api/?name=J+A&color=FFFFFF&background=000000,ATHX BARCELONA 2026,Spain 🇪🇸,2026,Male,ATHX,Endurance,,,,,,,2.907KM,2.264KM,7
8,Mathieu,Merlet,Mathieu Merlet,Male,,,https://ui-avatars.com/api/?name=M+M&color=FFFFFF&background=000000,ATHX BARCELONA 2026,Spain 🇪🇸,2026,Male,ATHX,Endurance,,,,,,,2.855KM,2.266KM,8
9,Mattia,Piaia,Mattia Piaia,Male,,,https://ui-avatars.com/api/?name=M+P&color=FFFFFF&background=000000,ATHX MADRID 2026,Spain 🇪🇸,2026,Male,ATHX,Endurance,,,,,,,2.854KM,2.257KM,9
10,Tomás,Joaninho,Tomás Joaninho,Male,Portugal,,https://athxgames.com/storage/profile-photos/14rLJZPAlSMnPViItP0iA7GHuSiujwuqHOtOEFhp.jpg,ATHX MADRID 2026,Spain 🇪🇸,2026,Male,ATHX,Endurance,,,,,,,2.814KM,2.266KM,10
11,Maxime,Andrien,Maxime Andrien,Male,Belgium,Crossfit Liege,https://ui-avatars.com/api/?name=M+A&color=FFFFFF&background=000000,ATHX BARCELONA 2026,Spain 🇪🇸,2026,Male,ATHX,Endurance,,,,,,,2.803KM,2.266KM,11
12,Thomas,Vignal,Thomas Vignal,Male,France,,https://ui-avatars.com/api/?name=T+V&color=FFFFFF&background=000000,ATHX BARCELONA 2026,Spain 🇪🇸,2026,Male,ATHX,Endurance,,,,,,,2.807KM,2.254KM,12
13,Julio,Romaguera,Julio Romaguera,Male,Brazil,Crossfit Black Edition,https://athxgames.com/storage/profile-photos/rLIhjAWxl1PAy6hZl8f7dEE6DxhTPipFqD0hqYGl.jpg,ATHX BARCELONA 2026,Spain 🇪🇸,2026,Male,ATHX,Endurance,,,,,,,2.763KM,2.268KM,13
14,Diego,Pereira,Diego Pereira,Male,,,https://ui-avatars.com/api/?name=D+P&color=FFFFFF&background=000000,ATHX MADRID 2026,Spain 🇪🇸,2026,Male,ATHX,Endurance,,,,,,,2.763KM,2.262KM,14
15,Alex,Reinlein,Alex Reinlein,Male,,,https://ui-avatars.com/api/?name=A+R&color=FFFFFF&background=000000,ATHX BARCELONA 2026,Spain 🇪🇸,2026,Male,ATHX,Endurance,,,,,,,2.75KM,2.268KM,15
16,João Filipe,Santos,João Filipe Santos,Male,Portugal,,https://athxgames.com/storage/profile-photos/C50IevQ6zbtXclLYPykoB0lmRNCvszrxS9U0LrSv.jpg,ATHX MADRID 2026,Spain 🇪🇸,2026,Male,ATHX,Endurance,,,,,,,2.746KM,2.268KM,16
17,Victor,Martin,Victor Martin,Male,,,https://ui-avatars.com/api/?name=V+M&color=FFFFFF&background=000000,ATHX MADRID 2026,Spain 🇪🇸,2026,Male,ATHX,Endurance,,,,,,,2.75KM,2.263KM,17
18,Santiago,Fernández Bobis,Santiago Fernández Bobis,Male,,,https://ui-avatars.com/api/?name=S+F+B&color=FFFFFF&background=000000,ATHX MADRID 2026,Spain 🇪🇸,2026,Male,ATHX,Endurance,,,,,,,2.748KM,2.264KM,18
19,Diego,Navarro Perez,Diego Navarro Perez,Male,,,https://ui-avatars.com/api/?name=D+N+P&color=FFFFFF&background=000000,ATHX MADRID 2026,Spain 🇪🇸,2026,Male,ATHX,Endurance,,,,,,,2.7KM,2.299KM,19
20,Néstor,Quiroga Casas,Néstor Quiroga Casas,Male,,,https://ui-avatars.com/api/?name=N+Q+C&color=FFFFFF&background=000000,ATHX MADRID 2026,Spain 🇪🇸,2026,Male,ATHX,Endurance,,,,,,,2.726KM,2.268KM,20
21,Eros,Álvarez Dacosta,Eros Álvarez Dacosta,Male,,,https://ui-avatars.com/api/?name=E+%C3%81+D&color=FFFFFF&background=000000,ATHX MADRID 2026,Spain 🇪🇸,2026,Male,ATHX,Endurance,,,,,,,2.765KM,2.217KM,21
22,craig,cameron,craig cameron,Male,,,https://ui-avatars.com/api/?name=c+c&color=FFFFFF&background=000000,ATHX MADRID 2026,Spain 🇪🇸,2026,Male,ATHX,Endurance,,,,,,,2.71KM,2.269KM,22
23,C Mathias,Jara Fismaurises,C Mathias Jara Fismaurises,Male,Spain,,https://ui-avatars.com/api/?name=C+M+J+F&color=FFFFFF&background=000000,ATHX MADRID 2026,Spain 🇪🇸,2026,Male,ATHX,Endurance,,,,,,,2.692KM,2.264KM,23
23,Tom,Lloyd,Tom Lloyd,Male,,,https://ui-avatars.com/api/?name=T+L&color=FFFFFF&background=000000,ATHX MADRID 2026,Spain 🇪🇸,2026,Male,ATHX,Endurance,,,,,,,2.696KM,2.26KM,23
25,Damian,Tymoszczuk,Damian Tymoszczuk,Male,Poland,CrossFit Białystok,https://ui-avatars.com/api/?name=D+T&color=FFFFFF&background=000000,ATHX MADRID 2026,Spain 🇪🇸,2026,Male,ATHX,Endurance,,,,,,,2.684KM,2.269KM,25
26,Diego,Martinez,Diego Martinez,Male,,,https://athxgames.com/storage/profile-photos/Q9PvuTpHvk0CCYGv9czvpAL9lJ2huHYryU1huVR0.png,ATHX MADRID 2026,Spain 🇪🇸,2026,Male,ATHX,Endurance,,,,,,,2.681KM,2.257KM,26
26,Dominik,Fuchs,Dominik Fuchs,Male,,,https://ui-avatars.com/api/?name=D+F&color=FFFFFF&background=000000,ATHX BARCELONA 2026,Spain 🇪🇸,2026,Male,ATHX,Endurance,,,,,,,2.678KM,2.26KM,26
26,Baptiste,Godin,Baptiste Godin,Male,,,https://ui-avatars.com/api/?name=B+G&color=FFFFFF&background=000000,ATHX BARCELONA 2026,Spain 🇪🇸,2026,Male,ATHX,Endurance,,,,,,,2.678KM,2.26KM,26
29,Daniel,Bachura,Daniel Bachura,Male,Spain,+ One More,https://ui-avatars.com/api/?name=D+B&color=FFFFFF&background=000000,ATHX MADRID 2026,Spain 🇪🇸,2026,Male,ATHX,Endurance,,,,,,,2.67KM,2.262KM,29
30,Sergio,Barrera Jiménez,Sergio Barrera Jiménez,Male,,,https://athxgames.com/storage/profile-photos/2qFKGe7oFAXKQLR10uW61Y3KjVmy5rJktQIIuJ25.jpg,ATHX MADRID 2026,Spain 🇪🇸,2026,Male,ATHX,Endurance,,,,,,,2.659KM,2.257KM,30
31,HALAOUI,Maxime,HALAOUI Maxime,Male,France,Raise Studio,https://ui-avatars.com/api/?name=H+M&color=FFFFFF&background=000000,ATHX MADRID 2026,Spain 🇪🇸,2026,Male,ATHX,Endurance,,,,,,,2.644KM,2.27KM,31
32,Fernando,Alvarez Clavera,Fernando Alvarez Clavera,Male,,,https://ui-avatars.com/api/?name=F+A+C&color=FFFFFF&background=000000,ATHX BARCELONA 2026,Spain 🇪🇸,2026,Male,ATHX,Endurance,,,,,,,2.647KM,2.263KM,32
33,Alejandro,Jiménez Vasco,Alejandro Jiménez Vasco,Male,Spain,,https://ui-avatars.com/api/?name=A+J+V&color=FFFFFF&background=000000,ATHX MADRID 2026,Spain 🇪🇸,2026,Male,ATHX,Endurance,,,,,,,2.638KM,2.269KM,33
34,Alejandro,Lucio,Alejandro Lucio,Male,,,https://ui-avatars.com/api/?name=A+L&color=FFFFFF&background=000000,ATHX BARCELONA 2026,Spain 🇪🇸,2026,Male,ATHX,Endurance,,,,,,,2.642KM,2.26KM,34
35,Cesar jorge,Hernanz sanchez,Cesar jorge Hernanz sanchez,Male,,,https://ui-avatars.com/api/?name=C+j+H+s&color=FFFFFF&background=000000,ATHX MADRID 2026,Spain 🇪🇸,2026,Male,ATHX,Endurance,,,,,,,2.636KM,2.255KM,35
36,Alvaro,Jiménez,Alvaro Jiménez,Male,Spain,,https://ui-avatars.com/api/?name=A+J&color=FFFFFF&background=000000,ATHX MADRID 2026,Spain 🇪🇸,2026,Male,ATHX,Endurance,,,,,,,2.594KM,2.274KM,36
37,Garoé,Bello,Garoé Bello,Male,,,https://ui-avatars.com/api/?name=G+B&color=FFFFFF&background=000000,ATHX MADRID 2026,Spain 🇪🇸,2026,Male,ATHX,Endurance,,,,,,,2.592KM,2.27KM,37
38,Javier,Mateo Fuertes,Javier Mateo Fuertes,Male,,,https://athxgames.com/storage/profile-photos/exNypFjhdNHQA9MCXA68XHas1SKT41uFd9f1vDBm.jpg,ATHX MADRID 2026,Spain 🇪🇸,2026,Male,ATHX,Endurance,,,,,,,2.592KM,2.268KM,38
39,George,Rogers,George Rogers,Male,United Kingdom,CrossFit Fort Ashton,https://ui-avatars.com/api/?name=G+R&color=FFFFFF&background=000000,ATHX MADRID 2026,Spain 🇪🇸,2026,Male,ATHX,Endurance,,,,,,,2.598KM,2.259KM,39
40,Xavier,Castellarnau,Xavier Castellarnau,Male,Spain,CrossFit SJD,https://ui-avatars.com/api/?name=X+C&color=FFFFFF&background=000000,ATHX BARCELONA 2026,Spain 🇪🇸,2026,Male,ATHX,Endurance,,,,,,,2.568KM,2.278KM,40
41,Erwan,GUYON,Erwan GUYON,Male,,,https://ui-avatars.com/api/?name=E+G&color=FFFFFF&background=000000,ATHX BARCELONA 2026,Spain 🇪🇸,2026,Male,ATHX,Endurance,,,,,,,2.572KM,2.259KM,41
42,CAROT,Axel,CAROT Axel,Male,,,https://ui-avatars.com/api/?name=C+A&color=FFFFFF&background=000000,ATHX BARCELONA 2026,Spain 🇪🇸,2026,Male,ATHX,Endurance,,,,,,,2.563KM,2.265KM,42
43,Mattéo,SENECA-FERREIRA,Mattéo SENECA-FERREIRA,Male,Belgium,6/23 TRAINING CLUB,https://ui-avatars.com/api/?name=M+S&color=FFFFFF&background=000000,ATHX BARCELONA 2026,Spain 🇪🇸,2026,Male,ATHX,Endurance,,,,,,,2.566KM,2.259KM,43
44,Vegar,Haave,Vegar Haave,Male,,,https://ui-avatars.com/api/?name=V+H&color=FFFFFF&background=000000,ATHX BARCELONA 2026,Spain 🇪🇸,2026,Male,ATHX,Endurance,,,,,,,2.554KM,2.269KM,44
45,Peio,Torre Martin,Peio Torre Martin,Male,,,https://ui-avatars.com/api/?name=P+T+M&color=FFFFFF&background=000000,ATHX MADRID 2026,Spain 🇪🇸,2026,Male,ATHX,Endurance,,,,,,,2.552KM,2.262KM,45
45,Sebastián,Henao Guevara,Sebastián Henao Guevara,Male,Spain,C1 Crossfit,https://athxgames.com/storage/profile-photos/Yk4cao1z2aTSGuUCsAQHSOHDdp1IptYTLYo99FqF.jpg,ATHX MADRID 2026,Spain 🇪🇸,2026,Male,ATHX,Endurance,,,,,,,2.559KM,2.255KM,45
47,Javier,Ventura,Javier Ventura,Male,Spain,,https://athxgames.com/storage/profile-photos/urPLSDK2Ux2xYKk2Bz4CikbtUZrIbqI9ykCouK3W.png,ATHX MADRID 2026,Spain 🇪🇸,2026,Male,ATHX,Endurance,,,,,,,2.541KM,2.26KM,47
48,Ander,Cobo,Ander Cobo,Male,,,https://ui-avatars.com/api/?name=A+C&color=FFFFFF&background=000000,ATHX MADRID 2026,Spain 🇪🇸,2026,Male,ATHX,Endurance,,,,,,,2.528KM,2.268KM,48
49,Joan Marc,Gruart Bigas,Joan Marc Gruart Bigas,Male,,,https://ui-avatars.com/api/?name=J+M+G+B&color=FFFFFF&background=000000,ATHX BARCELONA 2026,Spain 🇪🇸,2026,Male,ATHX,Endurance,,,,,,,2.52KM,2.27KM,49
50,Alejandro,Jiménez Vasco,Alejandro Jiménez Vasco,Male,Spain,,https://ui-avatars.com/api/?name=A+J+V&color=FFFFFF&background=000000,ATHX BARCELONA 2026,Spain 🇪🇸,2026,Male,ATHX,Endurance,,,,,,,2.52KM,2.268KM,50
51,Ismael,Torres,Ismael Torres,Male,,,https://ui-avatars.com/api/?name=I+T&color=FFFFFF&background=000000,ATHX MADRID 2026,Spain 🇪🇸,2026,Male,ATHX,Endurance,,,,,,,2.522KM,2.265KM,51
52,Matias,Sanchez,Matias Sanchez,Male,,,https://ui-avatars.com/api/?name=M+S&color=FFFFFF&background=000000,ATHX MADRID 2026,Spain 🇪🇸,2026,Male,ATHX,Endurance,,,,,,,2.524KM,2.262KM,52
53,Miguel,Moratiel,Miguel Moratiel,Male,,,https://ui-avatars.com/api/?name=M+M&color=FFFFFF&background=000000,ATHX MADRID 2026,Spain 🇪🇸,2026,Male,ATHX,Endurance,,,,,,,2.525KM,2.26KM,53
54,Rodrigo,Scheffer,Rodrigo Scheffer,Male,,,https://ui-avatars.com/api/?name=R+S&color=FFFFFF&background=000000,ATHX MADRID 2026,Spain 🇪🇸,2026,Male,ATHX,Endurance,,,,,,,2.524KM,2.26KM,54
54,Albert,Peris Aguilar,Albert Peris Aguilar,Male,,,https://ui-avatars.com/api/?name=A+P+A&color=FFFFFF&background=000000,ATHX MADRID 2026,Spain 🇪🇸,2026,Male,ATHX,Endurance,,,,,,,2.519KM,2.265KM,54
56,Martin,Smith,Martin Smith,Male,United Kingdom,,https://ui-avatars.com/api/?name=M+S&color=FFFFFF&background=000000,ATHX MADRID 2026,Spain 🇪🇸,2026,Male,ATHX,Endurance,,,,,,,2.515KM,2.264KM,56
57,Diego,Martinez,Diego Martinez,Male,,,https://athxgames.com/storage/profile-photos/Q9PvuTpHvk0CCYGv9czvpAL9lJ2huHYryU1huVR0.png,ATHX BARCELONA 2026,Spain 🇪🇸,2026,Male,ATHX,Endurance,,,,,,,2.518KM,2.259KM,57
58,Samuel,Saez Castillo,Samuel Saez Castillo,Male,,,https://ui-avatars.com/api/?name=S+S+C&color=FFFFFF&background=000000,ATHX MADRID 2026,Spain 🇪🇸,2026,Male,ATHX,Endurance,,,,,,,2.507KM,2.259KM,58
58,Cesar jorge,Hernanz sanchez,Cesar jorge Hernanz sanchez,Male,,,https://ui-avatars.com/api/?name=C+j+H+s&color=FFFFFF&background=000000,ATHX BARCELONA 2026,Spain 🇪🇸,2026,Male,ATHX,Endurance,,,,,,,2.507KM,2.259KM,58
60,Juan Carlos,Fernández Tenorio,Juan Carlos Fernández Tenorio,Male,,,https://ui-avatars.com/api/?name=J+C+F+T&color=FFFFFF&background=000000,ATHX MADRID 2026,Spain 🇪🇸,2026,Male,ATHX,Endurance,,,,,,,2.5KM,2.263KM,60
61,Adrián,Quintero,Adrián Quintero,Male,,,https://ui-avatars.com/api/?name=A+Q&color=FFFFFF&background=000000,ATHX MADRID 2026,Spain 🇪🇸,2026,Male,ATHX,Endurance,,,,,,,2.25KM,2.505KM,61
61,adrián,martin toro,adrián martin toro,Male,,,https://ui-avatars.com/api/?name=a+m+t&color=FFFFFF&background=000000,ATHX MADRID 2026,Spain 🇪🇸,2026,Male,ATHX,Endurance,,,,,,,2.25KM,2.505KM,61
63,Gerardo,Císter Jiménez,Gerardo Císter Jiménez,Male,,,https://ui-avatars.com/api/?name=G+C+J&color=FFFFFF&background=000000,ATHX MADRID 2026,Spain 🇪🇸,2026,Male,ATHX,Endurance,,,,,,,2.47KM,2.263KM,63
64,Łukasz,Leśniewski,Łukasz Leśniewski,Male,,,https://athxgames.com/storage/profile-photos/XAzQOrc7a63alU2oqm6uuOUihlqHrbHxPLRIm5MJ.jpg,ATHX BARCELONA 2026,Spain 🇪🇸,2026,Male,ATHX,Endurance,,,,,,,2.437KM,2.262KM,64
65,Jorge,Añover,Jorge Añover,Male,Spain,,https://ui-avatars.com/api/?name=J+A&color=FFFFFF&background=000000,ATHX MADRID 2026,Spain 🇪🇸,2026,Male,ATHX,Endurance,,,,,,,2.426KM,2.267KM,65
66,Jose Carlos,Ajenjo Saez,Jose Carlos Ajenjo Saez,Male,,,https://ui-avatars.com/api/?name=J+C+A+S&color=FFFFFF&background=000000,ATHX MADRID 2026,Spain 🇪🇸,2026,Male,ATHX,Endurance,,,,,,,2.42KM,2.269KM,66
67,Patryk,Pawlus,Patryk Pawlus,Male,Poland,,https://ui-avatars.com/api/?name=P+P&color=FFFFFF&background=000000,ATHX BARCELONA 2026,Spain 🇪🇸,2026,Male,ATHX,Endurance,,,,,,,2.358KM,2.327KM,67
68,Rodrigo,da Silva,Rodrigo da Silva,Male,Portugal,2725 A Box de Sintra,https://ui-avatars.com/api/?name=R+d+S&color=FFFFFF&background=000000,ATHX MADRID 2026,Spain 🇪🇸,2026,Male,ATHX,Endurance,,,,,,,2.419KM,2.26KM,68
69,Pedro,Bras,Pedro Bras,Male,,,https://ui-avatars.com/api/?name=P+B&color=FFFFFF&background=000000,ATHX MADRID 2026,Spain 🇪🇸,2026,Male,ATHX,Endurance,,,,,,,2.409KM,2.269KM,69
70,Blas,Ruedas,Blas Ruedas,Male,Spain,,https://athxgames.com/storage/profile-photos/0AI3Qdavur88zzdofMer1zaa5H5zBjNrdHFWxapR.jpg,ATHX BARCELONA 2026,Spain 🇪🇸,2026,Male,ATHX,Endurance,,,,,,,2.25KM,2.427KM,70
71,Sam,Pask,Sam Pask,Male,United Kingdom,Unit 8 Training,https://athxgames.com/storage/profile-photos/FcMyaTrD8pIRRDtiJYA9oTJBoH0XsG9fCJsCH90c.jpg,ATHX BARCELONA 2026,Spain 🇪🇸,2026,Male,ATHX,Endurance,,,,,,,2.41KM,2.266KM,71
72,Angel,Bazan,Angel Bazan,Male,,,https://ui-avatars.com/api/?name=A+B&color=FFFFFF&background=000000,ATHX BARCELONA 2026,Spain 🇪🇸,2026,Male,ATHX,Endurance,,,,,,,2.407KM,2.268KM,72
73,Alessandro,Poggi,Alessandro Poggi,Male,,,https://ui-avatars.com/api/?name=A+P&color=FFFFFF&background=000000,ATHX MADRID 2026,Spain 🇪🇸,2026,Male,ATHX,Endurance,,,,,,,2.404KM,2.265KM,73
74,Jordi,Boada,Jordi Boada,Male,Spain,,https://ui-avatars.com/api/?name=J+B&color=FFFFFF&background=000000,ATHX BARCELONA 2026,Spain 🇪🇸,2026,Male,ATHX,Endurance,,,,,,,2.401KM,2.261KM,74
74,Jared,Quinn,Jared Quinn,Male,South Africa,,https://ui-avatars.com/api/?name=J+Q&color=FFFFFF&background=000000,ATHX BARCELONA 2026,Spain 🇪🇸,2026,Male,ATHX,Endurance,,,,,,,2.398KM,2.264KM,74
76,Jose manuel,Lastra sancho,Jose manuel Lastra sancho,Male,Spain,Total Fitness,https://ui-avatars.com/api/?name=J+m+L+s&color=FFFFFF&background=000000,ATHX BARCELONA 2026,Spain 🇪🇸,2026,Male,ATHX,Endurance,,,,,,,2.4KM,2.26KM,76
77,Carlos,Dominguez Gioya,Carlos Dominguez Gioya,Male,,,https://ui-avatars.com/api/?name=C+D+G&color=FFFFFF&background=000000,ATHX MADRID 2026,Spain 🇪🇸,2026,Male,ATHX,Endurance,,,,,,,2.648KM,2.011KM,77
78,Carlos,Mora,Carlos Mora,Male,,,https://ui-avatars.com/api/?name=C+M&color=FFFFFF&background=000000,ATHX MADRID 2026,Spain 🇪🇸,2026,Male,ATHX,Endurance,,,,,,,2.392KM,2.263KM,78
79,David,Garcia Iglesias,David Garcia Iglesias,Male,,,https://ui-avatars.com/api/?name=D+G+I&color=FFFFFF&background=000000,ATHX MADRID 2026,Spain 🇪🇸,2026,Male,ATHX,Endurance,,,,,,,2.403KM,2.25KM,79
80,JOFREY,AZEVEDO,JOFREY AZEVEDO,Male,,,https://ui-avatars.com/api/?name=J+A&color=FFFFFF&background=000000,ATHX BARCELONA 2026,Spain 🇪🇸,2026,Male,ATHX,Endurance,,,,,,,2.385KM,2.263KM,80
81,Gabriele,Castellitto,Gabriele Castellitto,Male,,,https://ui-avatars.com/api/?name=G+C&color=FFFFFF&background=000000,ATHX BARCELONA 2026,Spain 🇪🇸,2026,Male,ATHX,Endurance,,,,,,,2.387KM,2.257KM,81
82,Nicolás,Portell,Nicolás Portell,Male,,,https://ui-avatars.com/api/?name=N+P&color=FFFFFF&background=000000,ATHX MADRID 2026,Spain 🇪🇸,2026,Male,ATHX,Endurance,,,,,,,2.375KM,2.261KM,82
83,Brunet,Lucas,Brunet Lucas,Male,,,https://ui-avatars.com/api/?name=B+L&color=FFFFFF&background=000000,ATHX BARCELONA 2026,Spain 🇪🇸,2026,Male,ATHX,Endurance,,,,,,,2.368KM,2.267KM,83
84,PEPE,MOTA,PEPE MOTA,Male,Spain,Terra Training Club,https://ui-avatars.com/api/?name=P+M&color=FFFFFF&background=000000,ATHX MADRID 2026,Spain 🇪🇸,2026,Male,ATHX,Endurance,,,,,,,2.25KM,2.384KM,84
85,Chris,Meadowcroft,Chris Meadowcroft,Male,,,https://ui-avatars.com/api/?name=C+M&color=FFFFFF&background=000000,ATHX MADRID 2026,Spain 🇪🇸,2026,Male,ATHX,Endurance,,,,,,,2.363KM,2.262KM,85
86,Michal,Holaza,Michal Holaza,Male,,,https://ui-avatars.com/api/?name=M+H&color=FFFFFF&background=000000,ATHX BARCELONA 2026,Spain 🇪🇸,2026,Male,ATHX,Endurance,,,,,,,2.361KM,2.261KM,86
87,Giorgio,De feo,Giorgio De feo,Male,,,https://ui-avatars.com/api/?name=G+D+f&color=FFFFFF&background=000000,ATHX BARCELONA 2026,Spain 🇪🇸,2026,Male,ATHX,Endurance,,,,,,,2.358KM,2.262KM,87
88,Alejandro,Lucio,Alejandro Lucio,Male,,,https://ui-avatars.com/api/?name=A+L&color=FFFFFF&background=000000,ATHX MADRID 2026,Spain 🇪🇸,2026,Male,ATHX,Endurance,,,,,,,2.257KM,2.362KM,88
88,Juan,Espinosa,Juan Espinosa,Male,,,https://ui-avatars.com/api/?name=J+E&color=FFFFFF&background=000000,ATHX MADRID 2026,Spain 🇪🇸,2026,Male,ATHX,Endurance,,,,,,,2.358KM,2.261KM,88
88,Miguel Angel,González,Miguel Angel González,Male,Spain,Bollbox CrossFit,https://athxgames.com/storage/profile-photos/c8AlhOG9wDMLAMCbu0rWhiKJYoQ6hNi8HtZ6uQtD.jpg,ATHX MADRID 2026,Spain 🇪🇸,2026,Male,ATHX,Endurance,,,,,,,2.346KM,2.273KM,88
91,Jesus,Moya,Jesus Moya,Male,,Kultur Box,https://athxgames.com/storage/profile-photos/zQfHYMH60ArIIZ8fg6bxtkd53XM0RWc6B1k3YaIJ.jpg,ATHX MADRID 2026,Spain 🇪🇸,2026,Male,ATHX,Endurance,,,,,,,2.353KM,2.262KM,91
92,Santiago,Cano Morales,Santiago Cano Morales,Male,,,https://ui-avatars.com/api/?name=S+C+M&color=FFFFFF&background=000000,ATHX MADRID 2026,Spain 🇪🇸,2026,Male,ATHX,Endurance,,,,,,,2.35KM,2.264KM,92
93,Daniel,Campaz,Daniel Campaz,Male,Colombia,Bigdani Runner Team,https://athxgames.com/storage/profile-photos/PYgTDfjluHM05E0oCbokOJUZbMG3wxLEe6KbWVNg.jpg,ATHX BARCELONA 2026,Spain 🇪🇸,2026,Male,ATHX,Endurance,,,,,,,2.346KM,2.267KM,93
94,Germán,Cardenete Medina,Germán Cardenete Medina,Male,,,https://ui-avatars.com/api/?name=G+C+M&color=FFFFFF&background=000000,ATHX MADRID 2026,Spain 🇪🇸,2026,Male,ATHX,Endurance,,,,,,,2.333KM,2.263KM,94
95,Alvaro,Garcia,Alvaro Garcia,Male,,,https://ui-avatars.com/api/?name=A+G&color=FFFFFF&background=000000,ATHX MADRID 2026,Spain 🇪🇸,2026,Male,ATHX,Endurance,,,,,,,2.332KM,2.261KM,95
95,Marco,Salgarollo,Marco Salgarollo,Male,Italy,Crossfit Hidenest,https://ui-avatars.com/api/?name=M+S&color=FFFFFF&background=000000,ATHX BARCELONA 2026,Spain 🇪🇸,2026,Male,ATHX,Endurance,,,,,,,2.317KM,2.276KM,95
95,Ed,Tyler,Ed Tyler,Male,United Kingdom,,https://ui-avatars.com/api/?name=E+T&color=FFFFFF&background=000000,ATHX BARCELONA 2026,Spain 🇪🇸,2026,Male,ATHX,Endurance,,,,,,,2.292KM,2.301KM,95
98,Ander,Cobo,Ander Cobo,Male,,,https://ui-avatars.com/api/?name=A+C&color=FFFFFF&background=000000,ATHX BARCELONA 2026,Spain 🇪🇸,2026,Male,ATHX,Endurance,,,,,,,2.322KM,2.265KM,98
99,Tiago,Silva,Tiago Silva,Male,,,https://ui-avatars.com/api/?name=T+S&color=FFFFFF&background=000000,ATHX BARCELONA 2026,Spain 🇪🇸,2026,Male,ATHX,Endurance,,,,,,,2.31KM,2.258KM,99
100,Dovydas,Radavicius,Dovydas Radavicius,Male,Lithuania,,https://ui-avatars.com/api/?name=D+R&color=FFFFFF&background=000000,ATHX BARCELONA 2026,Spain 🇪🇸,2026,Male,ATHX,Endurance,,,,,,,2.296KM,2.27KM,100
101,Carlos,Ríos,Carlos Ríos,Male,Spain,,https://ui-avatars.com/api/?name=C+R&color=FFFFFF&background=000000,ATHX MADRID 2026,Spain 🇪🇸,2026,Male,ATHX,Endurance,,,,,,,2.298KM,2.266KM,101
102,Andre,Oliveira,Andre Oliveira,Male,Portugal,THRIVE - Dare to Rise,https://athxgames.com/storage/profile-photos/qJpHRVM36be5wEdfxYha0RpZCPXh6GG6H1wKWcX1.jpg,ATHX BARCELONA 2026,Spain 🇪🇸,2026,Male,ATHX,Endurance,,,,,,,2.3KM,2.26KM,102
102,Sergio,Rozas Fernandez,Sergio Rozas Fernandez,Male,Spain,,https://ui-avatars.com/api/?name=S+R+F&color=FFFFFF&background=000000,ATHX BARCELONA 2026,Spain 🇪🇸,2026,Male,ATHX,Endurance,,,,,,,2.296KM,2.264KM,102
104,Luis,Turrion,Luis Turrion,Male,Spain,Singular Box,https://ui-avatars.com/api/?name=L+T&color=FFFFFF&background=000000,ATHX MADRID 2026,Spain 🇪🇸,2026,Male,ATHX,Endurance,,,,,,,2.282KM,2.27KM,104
104,Abderrahim Salah,Achache,Abderrahim Salah Achache,Male,,,https://ui-avatars.com/api/?name=A+S+A&color=FFFFFF&background=000000,ATHX BARCELONA 2026,Spain 🇪🇸,2026,Male,ATHX,Endurance,,,,,,,2.25KM,2.302KM,104
106,Harold,Delabre,Harold Delabre,Male,France,,https://athxgames.com/storage/profile-photos/ZZxDEalkn5Scqcz3By0ITF0Hz3q1SS4NVUEKUvje.jpg,ATHX MADRID 2026,Spain 🇪🇸,2026,Male,ATHX,Endurance,,,,,,,2.285KM,2.262KM,106
107,Nicholas,Hampshire,Nicholas Hampshire,Male,United Kingdom,Nick,https://athxgames.com/storage/profile-photos/CRzvCiwxPxamxoJWnvkhNUN1fADLEIRmUr7rc3Ne.jpg,ATHX MADRID 2026,Spain 🇪🇸,2026,Male,ATHX,Endurance,,,,,,,2.25KM,2.294KM,107
107,Aitor,Zugazagoitia,Aitor Zugazagoitia,Male,,,https://ui-avatars.com/api/?name=A+Z&color=FFFFFF&background=000000,ATHX MADRID 2026,Spain 🇪🇸,2026,Male,ATHX,Endurance,,,,,,,2.282KM,2.262KM,107
107,Julien,Darrénougué,Julien Darrénougué,Male,France,,https://athxgames.com/storage/profile-photos/2MH1B5QbilxMNAscSo9IjxQmMBPN4MM16bvGy35u.jpg,ATHX BARCELONA 2026,Spain 🇪🇸,2026,Male,ATHX,Endurance,,,,,,,2.5KM,2.044KM,107
107,Cid,Fonseca,Cid Fonseca,Male,Portugal,,https://ui-avatars.com/api/?name=C+F&color=FFFFFF&background=000000,ATHX BARCELONA 2026,Spain 🇪🇸,2026,Male,ATHX,Endurance,,,,,,,2.266KM,2.278KM,107
111,Ricardo,Rabre,Ricardo Rabre,Male,,,https://ui-avatars.com/api/?name=R+R&color=FFFFFF&background=000000,ATHX MADRID 2026,Spain 🇪🇸,2026,Male,ATHX,Endurance,,,,,,,2.279KM,2.264KM,111
112,Ross,Williams,Ross Williams,Male,,,https://ui-avatars.com/api/?name=R+W&color=FFFFFF&background=000000,ATHX MADRID 2026,Spain 🇪🇸,2026,Male,ATHX,Endurance,,,,,,,2.274KM,2.263KM,112
113,Euyen,Black mamba,Euyen Black mamba,Male,Spain,Kamus barbell club,https://athxgames.com/storage/profile-photos/2LEYC5caLDRxtDvxxzs2q0PSxoA9MXgqey8EpxJO.jpg,ATHX MADRID 2026,Spain 🇪🇸,2026,Male,ATHX,Endurance,,,,,,,2.272KM,2.264KM,113
114,Hugo,Idier,Hugo Idier,Male,,,https://ui-avatars.com/api/?name=H+I&color=FFFFFF&background=000000,ATHX BARCELONA 2026,Spain 🇪🇸,2026,Male,ATHX,Endurance,,,,,,,2.27KM,2.263KM,114
114,Jorge,Vázquez,Jorge Vázquez,Male,,,https://ui-avatars.com/api/?name=J+V&color=FFFFFF&background=000000,ATHX BARCELONA 2026,Spain 🇪🇸,2026,Male,ATHX,Endurance,,,,,,,2.272KM,2.261KM,114
116,Nikolai,Kress,Nikolai Kress,Male,Germany,CrossFit TwentyNineSeven,https://athxgames.com/storage/profile-photos/NNBC6BkuY4bAwQ3id85TX8FlRBXMyFCbyVurTkRe.jpg,ATHX MADRID 2026,Spain 🇪🇸,2026,Male,ATHX,Endurance,,,,,,,2.25KM,2.274KM,116
117,Bastien,Bonnefoy,Bastien Bonnefoy,Male,France,,https://athxgames.com/storage/profile-photos/k6FEhl5eqVkzBO9Kl1x359SKFvdULofGvrhi4sat.jpg,ATHX BARCELONA 2026,Spain 🇪🇸,2026,Male,ATHX,Endurance,,,,,,,2.268KM,2.254KM,117
118,Gonçalo,Amado,Gonçalo Amado,Male,Portugal,CFL Acadamy,https://ui-avatars.com/api/?name=G+A&color=FFFFFF&background=000000,ATHX MADRID 2026,Spain 🇪🇸,2026,Male,ATHX,Endurance,,,,,,,2.255KM,2.266KM,118
119,Daniel,Ortiz Pinelo,Daniel Ortiz Pinelo,Male,,,https://ui-avatars.com/api/?name=D+O+P&color=FFFFFF&background=000000,ATHX MADRID 2026,Spain 🇪🇸,2026,Male,ATHX,Endurance,,,,,,,2.25KM,2.27KM,119
119,Daniel,Ortiz Pinelo,Daniel Ortiz Pinelo,Male,,,https://ui-avatars.com/api/?name=D+O+P&color=FFFFFF&background=000000,ATHX BARCELONA 2026,Spain 🇪🇸,2026,Male,ATHX,Endurance,,,,,,,2.25KM,2.27KM,119
121,Antonio,Castaño,Antonio Castaño,Male,,,https://ui-avatars.com/api/?name=A+C&color=FFFFFF&background=000000,ATHX MADRID 2026,Spain 🇪🇸,2026,Male,ATHX,Endurance,,,,,,,2.25KM,2.268KM,121
121,David,Griñan,David Griñan,Male,,,https://ui-avatars.com/api/?name=D+G&color=FFFFFF&background=000000,ATHX MADRID 2026,Spain 🇪🇸,2026,Male,ATHX,Endurance,,,,,,,2.25KM,2.268KM,121
121,Rémy,remy.carayon12@gmail.com,Rémy remy.carayon12@gmail.com,Male,France,,https://athxgames.com/storage/profile-photos/6iV8NXOlz7YffRkvNqIPQTt9IEovlO6tAGcrtoaQ.jpg,ATHX BARCELONA 2026,Spain 🇪🇸,2026,Male,ATHX,Endurance,,,,,,,2.25KM,2.268KM,121
124,Hugo,Morgado,Hugo Morgado,Male,,,https://ui-avatars.com/api/?name=H+M&color=FFFFFF&background=000000,ATHX MADRID 2026,Spain 🇪🇸,2026,Male,ATHX,Endurance,,,,,,,2.25KM,2.264KM,124
124,Mathieu,Gaillard,Mathieu Gaillard,Male,France,Crossfit Lutece,https://athxgames.com/storage/profile-photos/xKyfHqS0iM6m8wTxReiv3BQmjIpyl0SwHQYIO0Vm.jpg,ATHX BARCELONA 2026,Spain 🇪🇸,2026,Male,ATHX,Endurance,,,,,,,2.25KM,2.264KM,124
124,Jean Olivier,REMER,Jean Olivier REMER,Male,France,,https://ui-avatars.com/api/?name=J+O+R&color=FFFFFF&background=000000,ATHX BARCELONA 2026,Spain 🇪🇸,2026,Male,ATHX,Endurance,,,,,,,2.25KM,2.264KM,124
127,Pedro,Mayoral Romero,Pedro Mayoral Romero,Male,,,https://ui-avatars.com/api/?name=P+M+R&color=FFFFFF&background=000000,ATHX MADRID 2026,Spain 🇪🇸,2026,Male,ATHX,Endurance,,,,,,,2.25KM,2.263KM,127
127,thomas,bordonado,thomas bordonado,Male,,,https://ui-avatars.com/api/?name=t+b&color=FFFFFF&background=000000,ATHX BARCELONA 2026,Spain 🇪🇸,2026,Male,ATHX,Endurance,,,,,,,2.25KM,2.263KM,127
129,Rodrigo,Alvarez Cerdeira,Rodrigo Alvarez Cerdeira,Male,Spain,Laucala health & CrossFit,https://ui-avatars.com/api/?name=R+A+C&color=FFFFFF&background=000000,ATHX MADRID 2026,Spain 🇪🇸,2026,Male,ATHX,Endurance,,,,,,,2.25KM,2.262KM,129
129,Emilio Antonio,Quintana Fernandez,Emilio Antonio Quintana Fernandez,Male,,,https://ui-avatars.com/api/?name=E+A+Q+F&color=FFFFFF&background=000000,ATHX MADRID 2026,Spain 🇪🇸,2026,Male,ATHX,Endurance,,,,,,,2.25KM,2.262KM,129
131,Ricardo,Silva,Ricardo Silva,Male,Portugal,CrossFit Durius,https://athxgames.com/storage/profile-photos/KU4fRdR8KfAQQXLSRTD0KHCfj0SiKTU5snPNet6S.jpg,ATHX MADRID 2026,Spain 🇪🇸,2026,Male,ATHX,Endurance,,,,,,,2.25KM,2.261KM,131
132,Alex,Membri,Alex Membri,Male,Spain,,https://ui-avatars.com/api/?name=A+M&color=FFFFFF&background=000000,ATHX MADRID 2026,Spain 🇪🇸,2026,Male,ATHX,Endurance,,,,,,,2.5KM,2.01KM,132
133,Rafael,Domínguez,Rafael Domínguez,Male,,,https://ui-avatars.com/api/?name=R+D&color=FFFFFF&background=000000,ATHX MADRID 2026,Spain 🇪🇸,2026,Male,ATHX,Endurance,,,,,,,2.25KM,2.258KM,133
134,ALEJANDRO,KRUMECADYK,ALEJANDRO KRUMECADYK,Male,,,https://ui-avatars.com/api/?name=A+K&color=FFFFFF&background=000000,ATHX BARCELONA 2026,Spain 🇪🇸,2026,Male,ATHX,Endurance,,,,,,,2.25KM,2.257KM,134
135,André,Silva,André Silva,Male,Portugal,Unbroken Box,https://ui-avatars.com/api/?name=A+S&color=FFFFFF&background=000000,ATHX MADRID 2026,Spain 🇪🇸,2026,Male,ATHX,Endurance,,,,,,,2.25KM,2.25KM,135
135,Diego,Pita,Diego Pita,Male,,,https://ui-avatars.com/api/?name=D+P&color=FFFFFF&background=000000,ATHX BARCELONA 2026,Spain 🇪🇸,2026,Male,ATHX,Endurance,,,,,,,2.25KM,2.25KM,135
137,EDUARD,MORERA TORRES,EDUARD MORERA TORRES,Male,,,https://ui-avatars.com/api/?name=E+M+T&color=FFFFFF&background=000000,ATHX BARCELONA 2026,Spain 🇪🇸,2026,Male,ATHX,Endurance,,,,,,,2.25KM,2.249KM,137
138,Teddy,Lecarpentier,Teddy Lecarpentier,Male,,,https://ui-avatars.com/api/?name=T+L&color=FFFFFF&background=000000,ATHX BARCELONA 2026,Spain 🇪🇸,2026,Male,ATHX,Endurance,,,,,,,2.25KM,2.244KM,138
139,Gary,Acosta,Gary Acosta,Male,,,https://ui-avatars.com/api/?name=G+A&color=FFFFFF&background=000000,ATHX MADRID 2026,Spain 🇪🇸,2026,Male,ATHX,Endurance,,,,,,,2.25KM,2.243KM,139
140,Hector,Piquer Alos,Hector Piquer Alos,Male,Spain,,https://athxgames.com/storage/profile-photos/K2SGgFCFixMBsSodObxIC6Xz9gH2fM5zAGogd8Lm.jpg,ATHX MADRID 2026,Spain 🇪🇸,2026,Male,ATHX,Endurance,,,,,,,2.25KM,2.239KM,140
141,Mark,Ingram,Mark Ingram,Male,,,https://ui-avatars.com/api/?name=M+I&color=FFFFFF&background=000000,ATHX MADRID 2026,Spain 🇪🇸,2026,Male,ATHX,Endurance,,,,,,,2.25KM,2.237KM,141
141,Kenneth,Frøland,Kenneth Frøland,Male,Norway,Hybrid Training,https://athxgames.com/storage/profile-photos/nBg2sAeZV5rMdy0rBzupf8gABiGROfzLK0vRfeim.jpg,ATHX BARCELONA 2026,Spain 🇪🇸,2026,Male,ATHX,Endurance,,,,,,,2.25KM,2.237KM,141
143,Eric,Xaus,Eric Xaus,Male,Spain,Fabrik,https://ui-avatars.com/api/?name=E+X&color=FFFFFF&background=000000,ATHX BARCELONA 2026,Spain 🇪🇸,2026,Male,ATHX,Endurance,,,,,,,2.25KM,2.23KM,143
144,JUAN,Tobeña Puyal,JUAN Tobeña Puyal,Male,,,https://ui-avatars.com/api/?name=J+T+P&color=FFFFFF&background=000000,ATHX MADRID 2026,Spain 🇪🇸,2026,Male,ATHX,Endurance,,,,,,,2.25KM,2.22KM,144
145,Hugo,Herraiz,Hugo Herraiz,Male,Spain,,https://ui-avatars.com/api/?name=H+H&color=FFFFFF&background=000000,ATHX MADRID 2026,Spain 🇪🇸,2026,Male,ATHX,Endurance,,,,,,,2.25KM,2.212KM,145
146,Marko,Filipovic,Marko Filipovic,Male,,,https://ui-avatars.com/api/?name=M+F&color=FFFFFF&background=000000,ATHX BARCELONA 2026,Spain 🇪🇸,2026,Male,ATHX,Endurance,,,,,,,2.25KM,2.206KM,146
147,Nils,Wolf,Nils Wolf,Male,Germany,Petersgym,https://ui-avatars.com/api/?name=N+W&color=FFFFFF&background=000000,ATHX BARCELONA 2026,Spain 🇪🇸,2026,Male,ATHX,Endurance,,,,,,,2.25KM,2.205KM,147
148,Ezequiel,Bahl,Ezequiel Bahl,Male,,,https://ui-avatars.com/api/?name=E+B&color=FFFFFF&background=000000,ATHX BARCELONA 2026,Spain 🇪🇸,2026,Male,ATHX,Endurance,,,,,,,2.25KM,2.201KM,148
149,Zach,Nash,Zach Nash,Male,United Kingdom,Fitness lab,https://ui-avatars.com/api/?name=Z+N&color=FFFFFF&background=000000,ATHX MADRID 2026,Spain 🇪🇸,2026,Male,ATHX,Endurance,,,,,,,2.25KM,2.199KM,149
150,Ramón,Gómez Robles,Ramón Gómez Robles,Male,,,https://ui-avatars.com/api/?name=R+G+R&color=FFFFFF&background=000000,ATHX MADRID 2026,Spain 🇪🇸,2026,Male,ATHX,Endurance,,,,,,,2.25KM,2.195KM,150
151,Fran,Hernandez,Fran Hernandez,Male,Spain,Valladolid Vacceos Box,https://ui-avatars.com/api/?name=F+H&color=FFFFFF&background=000000,ATHX MADRID 2026,Spain 🇪🇸,2026,Male,ATHX,Endurance,,,,,,,2.25KM,2.194KM,151
152,Evan,Crotty,Evan Crotty,Male,,,https://ui-avatars.com/api/?name=E+C&color=FFFFFF&background=000000,ATHX BARCELONA 2026,Spain 🇪🇸,2026,Male,ATHX,Endurance,,,,,,,2.25KM,2.19KM,152
153,Alex,Cabrera,Alex Cabrera,Male,Spain,,https://ui-avatars.com/api/?name=A+C&color=FFFFFF&background=000000,ATHX BARCELONA 2026,Spain 🇪🇸,2026,Male,ATHX,Endurance,,,,,,,2.5KM,1.939KM,153
154,JOAN,TRENCO,JOAN TRENCO,Male,,,https://ui-avatars.com/api/?name=J+T&color=FFFFFF&background=000000,ATHX MADRID 2026,Spain 🇪🇸,2026,Male,ATHX,Endurance,,,,,,,2.5KM,1.938KM,154
155,Riccardo,Quartieri,Riccardo Quartieri,Male,,,https://ui-avatars.com/api/?name=R+Q&color=FFFFFF&background=000000,ATHX BARCELONA 2026,Spain 🇪🇸,2026,Male,ATHX,Endurance,,,,,,,2.25KM,2.187KM,155
156,Santiago,Cordero,Santiago Cordero,Male,,,https://ui-avatars.com/api/?name=S+C&color=FFFFFF&background=000000,ATHX MADRID 2026,Spain 🇪🇸,2026,Male,ATHX,Endurance,,,,,,,2.25KM,2.186KM,156
157,Alberto,Garcia,Alberto Garcia,Male,,,https://ui-avatars.com/api/?name=A+G&color=FFFFFF&background=000000,ATHX MADRID 2026,Spain 🇪🇸,2026,Male,ATHX,Endurance,,,,,,,2.25KM,2.183KM,157
158,Daniel,González Cros,Daniel González Cros,Male,Spain,Cros,https://athxgames.com/storage/profile-photos/r9oxZ0hEu77HqlKmUEvLA875HSK0MXQJEHBF3HGe.jpg,ATHX MADRID 2026,Spain 🇪🇸,2026,Male,ATHX,Endurance,,,,,,,2.25KM,2.179KM,158
159,Daniel,Campaz,Daniel Campaz,Male,Colombia,Bigdani Runner Team,https://athxgames.com/storage/profile-photos/PYgTDfjluHM05E0oCbokOJUZbMG3wxLEe6KbWVNg.jpg,ATHX MADRID 2026,Spain 🇪🇸,2026,Male,ATHX,Endurance,,,,,,,2.25KM,2.177KM,159
160,Adam,Ellis,Adam Ellis,Male,,,https://ui-avatars.com/api/?name=A+E&color=FFFFFF&background=000000,ATHX MADRID 2026,Spain 🇪🇸,2026,Male,ATHX,Endurance,,,,,,,2.25KM,2.176KM,160
161,Marcin,Rutkowski,Marcin Rutkowski,Male,,,https://athxgames.com/storage/profile-photos/AFBWDt6CXD8UfASX92WZLKR37lrykvXG69j9hjiI.png,ATHX BARCELONA 2026,Spain 🇪🇸,2026,Male,ATHX,Endurance,,,,,,,2.25KM,2.175KM,161
162,Santiago,Campos Ruiz,Santiago Campos Ruiz,Male,,,https://ui-avatars.com/api/?name=S+C+R&color=FFFFFF&background=000000,ATHX MADRID 2026,Spain 🇪🇸,2026,Male,ATHX,Endurance,,,,,,,2.25KM,2.173KM,162
163,Maurizio,Maffei,Maurizio Maffei,Male,Italy,,https://athxgames.com/storage/profile-photos/9twohnzUkUyMhj6FHbZLLDB2LVmIEZBOeEYBSNzC.jpg,ATHX BARCELONA 2026,Spain 🇪🇸,2026,Male,ATHX,Endurance,,,,,,,2.25KM,2.17KM,163
164,Sergio,Rodríguez Calzada,Sergio Rodríguez Calzada,Male,,,https://ui-avatars.com/api/?name=S+R+C&color=FFFFFF&background=000000,ATHX MADRID 2026,Spain 🇪🇸,2026,Male,ATHX,Endurance,,,,,,,2.25KM,2.166KM,164
165,Jose,Montes,Jose Montes,Male,Spain,Montes,https://athxgames.com/storage/profile-photos/VTgYs092bY0zyvBX6fiJ74FaESCxRMjtjgz7oz1L.jpg,ATHX MADRID 2026,Spain 🇪🇸,2026,Male,ATHX,Endurance,,,,,,,2.25KM,2.165KM,165
165,Manuel,Rojo,Manuel Rojo,Male,,,https://athxgames.com/storage/profile-photos/s5BsImEZGPJy3FSyf6gFzMhj7CN6Mk1EbtU1qBka.jpg,ATHX MADRID 2026,Spain 🇪🇸,2026,Male,ATHX,Endurance,,,,,,,2.25KM,2.165KM,165
167,Giovanni,Petito,Giovanni Petito,Male,Italy,Home Gym Club,https://ui-avatars.com/api/?name=G+P&color=FFFFFF&background=000000,ATHX BARCELONA 2026,Spain 🇪🇸,2026,Male,ATHX,Endurance,,,,,,,2.25KM,2.153KM,167
168,Frederic,Tinturier,Frederic Tinturier,Male,,,https://ui-avatars.com/api/?name=F+T&color=FFFFFF&background=000000,ATHX BARCELONA 2026,Spain 🇪🇸,2026,Male,ATHX,Endurance,,,,,,,2.25KM,2.151KM,168
169,Alvaro,Garcia-Moya Herrera,Alvaro Garcia-Moya Herrera,Male,,,https://athxgames.com/storage/profile-photos/LmYuuwAtj8aKQmOnSF45yG7GYhjrF2vLstAv8PZw.png,ATHX MADRID 2026,Spain 🇪🇸,2026,Male,ATHX,Endurance,,,,,,,2.25KM,2.147KM,169
170,João,Lopes,João Lopes,Male,,,https://ui-avatars.com/api/?name=J+L&color=FFFFFF&background=000000,ATHX BARCELONA 2026,Spain 🇪🇸,2026,Male,ATHX,Endurance,,,,,,,2.25KM,2.143KM,170
171,aleix,pellicer,aleix pellicer,Male,,,https://ui-avatars.com/api/?name=a+p&color=FFFFFF&background=000000,ATHX BARCELONA 2026,Spain 🇪🇸,2026,Male,ATHX,Endurance,,,,,,,2.25KM,2.141KM,171
172,Víctor,Soler Cortina,Víctor Soler Cortina,Male,,,https://ui-avatars.com/api/?name=V+S+C&color=FFFFFF&background=000000,ATHX MADRID 2026,Spain 🇪🇸,2026,Male,ATHX,Endurance,,,,,,,2.25KM,2.137KM,172
173,Rémi,Gouault,Rémi Gouault,Male,,,https://ui-avatars.com/api/?name=R+G&color=FFFFFF&background=000000,ATHX BARCELONA 2026,Spain 🇪🇸,2026,Male,ATHX,Endurance,,,,,,,2.25KM,2.135KM,173
174,Carlos David,Paco Fernandez,Carlos David Paco Fernandez,Male,,,https://ui-avatars.com/api/?name=C+D+P+F&color=FFFFFF&background=000000,ATHX MADRID 2026,Spain 🇪🇸,2026,Male,ATHX,Endurance,,,,,,,2.25KM,2.126KM,174
175,Luca,Pintimalli,Luca Pintimalli,Male,,,https://ui-avatars.com/api/?name=L+P&color=FFFFFF&background=000000,ATHX BARCELONA 2026,Spain 🇪🇸,2026,Male,ATHX,Endurance,,,,,,,2.25KM,2.123KM,175
176,Óscar,Ayala,Óscar Ayala,Male,Spain,Hytos,https://ui-avatars.com/api/?name=%C3%93+A&color=FFFFFF&background=000000,ATHX MADRID 2026,Spain 🇪🇸,2026,Male,ATHX,Endurance,,,,,,,2.25KM,2.121KM,176
177,Roger,Riba Pla,Roger Riba Pla,Male,,,https://ui-avatars.com/api/?name=R+R+P&color=FFFFFF&background=000000,ATHX BARCELONA 2026,Spain 🇪🇸,2026,Male,ATHX,Endurance,,,,,,,2.25KM,2.11KM,177
178,Jorge Damián,Cordova Almache,Jorge Damián Cordova Almache,Male,,,https://ui-avatars.com/api/?name=J+D+C+A&color=FFFFFF&background=000000,ATHX MADRID 2026,Spain 🇪🇸,2026,Male,ATHX,Endurance,,,,,,,2.25KM,2.106KM,178
179,Adrian,Barajas Vellon,Adrian Barajas Vellon,Male,,,https://ui-avatars.com/api/?name=A+B+V&color=FFFFFF&background=000000,ATHX MADRID 2026,Spain 🇪🇸,2026,Male,ATHX,Endurance,,,,,,,2.25KM,2.101KM,179
180,Sam,Laczny,Sam Laczny,Male,,,https://ui-avatars.com/api/?name=S+L&color=FFFFFF&background=000000,ATHX BARCELONA 2026,Spain 🇪🇸,2026,Male,ATHX,Endurance,,,,,,,2.25KM,2.094KM,180
181,Eugène,Ngankam,Eugène Ngankam,Male,Switzerland,,https://ui-avatars.com/api/?name=E+N&color=FFFFFF&background=000000,ATHX BARCELONA 2026,Spain 🇪🇸,2026,Male,ATHX,Endurance,,,,,,,2.25KM,2.083KM,181
182,Borja,Laguía,Borja Laguía,Male,,,https://athxgames.com/storage/profile-photos/O4k7KkMiVMCli8pWIWN5Hcn3uSPcB329byLIghkj.jpg,ATHX BARCELONA 2026,Spain 🇪🇸,2026,Male,ATHX,Endurance,,,,,,,2.25KM,2.079KM,182
183,Miguel Angel,Gallardo,Miguel Angel Gallardo,Male,,,https://ui-avatars.com/api/?name=M+A+G&color=FFFFFF&background=000000,ATHX MADRID 2026,Spain 🇪🇸,2026,Male,ATHX,Endurance,,,,,,,2.25KM,2.076KM,183
184,Lorenzo,Sendra,Lorenzo Sendra,Male,Mexico,Fabrik Training Club,https://athxgames.com/storage/profile-photos/BfMkaoBnxF4IRxTBMlwtvb3bZZG0Z5Mw5PBnE6PS.jpg,ATHX BARCELONA 2026,Spain 🇪🇸,2026,Male,ATHX,Endurance,,,,,,,2.25KM,2.075KM,184
185,Maurizio,Maffei,Maurizio Maffei,Male,Italy,,https://athxgames.com/storage/profile-photos/9twohnzUkUyMhj6FHbZLLDB2LVmIEZBOeEYBSNzC.jpg,ATHX MADRID 2026,Spain 🇪🇸,2026,Male,ATHX,Endurance,,,,,,,2.25KM,2.072KM,185
186,Jack,Charman,Jack Charman,Male,,,https://ui-avatars.com/api/?name=J+C&color=FFFFFF&background=000000,ATHX MADRID 2026,Spain 🇪🇸,2026,Male,ATHX,Endurance,,,,,,,2.25KM,2.067KM,186
187,Maximilian,Hacker,Maximilian Hacker,Male,Germany,Fitness First Winterhude,https://athxgames.com/storage/profile-photos/aRDKr60GuqQBCZJzRW4CyFPk7TWwqpShr8gvJDeI.jpg,ATHX MADRID 2026,Spain 🇪🇸,2026,Male,ATHX,Endurance,,,,,,,2.25KM,2.066KM,187
188,Tomas,Kizelis,Tomas Kizelis,Male,Lithuania,Lemon gym,https://athxgames.com/storage/profile-photos/2J6Ejky6tskyS0dHHgDHW77gdN4ffygl7LMGPQy0.jpg,ATHX BARCELONA 2026,Spain 🇪🇸,2026,Male,ATHX,Endurance,,,,,,,2.25KM,2.063KM,188
189,Quentin,NUNES,Quentin NUNES,Male,France,,https://ui-avatars.com/api/?name=Q+N&color=FFFFFF&background=000000,ATHX BARCELONA 2026,Spain 🇪🇸,2026,Male,ATHX,Endurance,,,,,,,2.25KM,2.061KM,189
190,Paulo,Alves,Paulo Alves,Male,Portugal,Mov4fit,https://athxgames.com/storage/profile-photos/LTKqmT2GUtmKjUGsKZzCaOdpmvdh7clvXQJuTRnL.jpg,ATHX MADRID 2026,Spain 🇪🇸,2026,Male,ATHX,Endurance,,,,,,,2.25KM,2.052KM,190
191,Juan,Garcia,Juan Garcia,Male,,,https://ui-avatars.com/api/?name=J+G&color=FFFFFF&background=000000,ATHX MADRID 2026,Spain 🇪🇸,2026,Male,ATHX,Endurance,,,,,,,2.25KM,2.039KM,191
192,Iñigo,Eleta,Iñigo Eleta,Male,Spain,La Colmena CrossFit Sevilla,https://ui-avatars.com/api/?name=I+E&color=FFFFFF&background=000000,ATHX MADRID 2026,Spain 🇪🇸,2026,Male,ATHX,Endurance,,,,,,,2.25KM,2.038KM,192
193,Cesar,Cracco,Cesar Cracco,Male,,,https://ui-avatars.com/api/?name=C+C&color=FFFFFF&background=000000,ATHX MADRID 2026,Spain 🇪🇸,2026,Male,ATHX,Endurance,,,,,,,2.25KM,2.023KM,193
194,Henry,Cordall,Henry Cordall,Male,,,https://ui-avatars.com/api/?name=H+C&color=FFFFFF&background=000000,ATHX MADRID 2026,Spain 🇪🇸,2026,Male,ATHX,Endurance,,,,,,,2.25KM,2.022KM,194
195,Fernando,sanchez Alvarez,Fernando sanchez Alvarez,Male,,,https://ui-avatars.com/api/?name=F+s+A&color=FFFFFF&background=000000,ATHX BARCELONA 2026,Spain 🇪🇸,2026,Male,ATHX,Endurance,,,,,,,2.266KM,2.004KM,195
196,David,Cotoi,David Cotoi,Male,Romania,,https://ui-avatars.com/api/?name=D+C&color=FFFFFF&background=000000,ATHX BARCELONA 2026,Spain 🇪🇸,2026,Male,ATHX,Endurance,,,,,,,2.25KM,2.016KM,196
197,David,Giron martin,David Giron martin,Male,,,https://ui-avatars.com/api/?name=D+G+m&color=FFFFFF&background=000000,ATHX BARCELONA 2026,Spain 🇪🇸,2026,Male,ATHX,Endurance,,,,,,,2.254KM,2.007KM,197
198,Fernando,Cámara Rosell,Fernando Cámara Rosell,Male,,,https://ui-avatars.com/api/?name=F+C+R&color=FFFFFF&background=000000,ATHX MADRID 2026,Spain 🇪🇸,2026,Male,ATHX,Endurance,,,,,,,2.25KM,2.01KM,198
199,jose,perez mora,jose perez mora,Male,Spain,FSC FITNESS AND PERFORMANCE,https://athxgames.com/storage/profile-photos/Yd8DLStPPerWBQvIXn7Umzc01uLg9m0TR82mV9CA.jpg,ATHX BARCELONA 2026,Spain 🇪🇸,2026,Male,ATHX,Endurance,,,,,,,2.25KM,2.003KM,199
200,Emilio,Schroeder,Emilio Schroeder,Male,,,https://ui-avatars.com/api/?name=E+S&color=FFFFFF&background=000000,ATHX BARCELONA 2026,Spain 🇪🇸,2026,Male,ATHX,Endurance,,,,,,,2.25KM,1.992KM,200
201,Nicoli,Damien,Nicoli Damien,Male,,,https://ui-avatars.com/api/?name=N+D&color=FFFFFF&background=000000,ATHX BARCELONA 2026,Spain 🇪🇸,2026,Male,ATHX,Endurance,,,,,,,2.25KM,1.989KM,201
202,Jesús,Giraldo,Jesús Giraldo,Male,,,https://ui-avatars.com/api/?name=J+G&color=FFFFFF&background=000000,ATHX MADRID 2026,Spain 🇪🇸,2026,Male,ATHX,Endurance,,,,,,,2.25KM,1.972KM,202
203,Iván,Moraleda,Iván Moraleda,Male,,,https://ui-avatars.com/api/?name=I+M&color=FFFFFF&background=000000,ATHX MADRID 2026,Spain 🇪🇸,2026,Male,ATHX,Endurance,,,,,,,2KM,2.207KM,203
204,Jesus,Diaz,Jesus Diaz,Male,,,https://ui-avatars.com/api/?name=J+D&color=FFFFFF&background=000000,ATHX MADRID 2026,Spain 🇪🇸,2026,Male,ATHX,Endurance,,,,,,,2.25KM,1.953KM,204
205,Sonny,Cosnet,Sonny Cosnet,Male,,,https://ui-avatars.com/api/?name=S+C&color=FFFFFF&background=000000,ATHX BARCELONA 2026,Spain 🇪🇸,2026,Male,ATHX,Endurance,,,,,,,2.25KM,1.951KM,205
206,dani,zhou ye,dani zhou ye,Male,,,https://ui-avatars.com/api/?name=d+z+y&color=FFFFFF&background=000000,ATHX BARCELONA 2026,Spain 🇪🇸,2026,Male,ATHX,Endurance,,,,,,,2.25KM,1.945KM,206
207,Muñiz,Seijas,Muñiz Seijas,Male,,,https://ui-avatars.com/api/?name=M+S&color=FFFFFF&background=000000,ATHX MADRID 2026,Spain 🇪🇸,2026,Male,ATHX,Endurance,,,,,,,2.25KM,1.944KM,207
208,Dirk,Balili,Dirk Balili,Male,Philippines,,https://ui-avatars.com/api/?name=D+B&color=FFFFFF&background=000000,ATHX MADRID 2026,Spain 🇪🇸,2026,Male,ATHX,Endurance,,,,,,,2.25KM,1.939KM,208
209,Rafael,Rodríguez Estévez,Rafael Rodríguez Estévez,Male,,,https://ui-avatars.com/api/?name=R+R+E&color=FFFFFF&background=000000,ATHX MADRID 2026,Spain 🇪🇸,2026,Male,ATHX,Endurance,,,,,,,2.25KM,1.93KM,209
210,Tiziano,Bigatel,Tiziano Bigatel,Male,Italy,Acquarè fitness academy,https://ui-avatars.com/api/?name=T+B&color=FFFFFF&background=000000,ATHX BARCELONA 2026,Spain 🇪🇸,2026,Male,ATHX,Endurance,,,,,,,2.25KM,1.923KM,210
211,Daniel,Carrillo,Daniel Carrillo,Male,,,https://ui-avatars.com/api/?name=D+C&color=FFFFFF&background=000000,ATHX MADRID 2026,Spain 🇪🇸,2026,Male,ATHX,Endurance,,,,,,,2.25KM,1.909KM,211
212,Pablo,Zamora Romero,Pablo Zamora Romero,Male,Spain,Zeta Zona Zero,https://athxgames.com/storage/profile-photos/B7CuwPadrjz6cmsFOcP9fA0WyxLlb3hiwkHsS3tW.jpg,ATHX BARCELONA 2026,Spain 🇪🇸,2026,Male,ATHX,Endurance,,,,,,,2.25KM,1.908KM,212
213,Mark,McNulty,Mark McNulty,Male,,,https://ui-avatars.com/api/?name=M+M&color=FFFFFF&background=000000,ATHX BARCELONA 2026,Spain 🇪🇸,2026,Male,ATHX,Endurance,,,,,,,2.25KM,1.904KM,213
214,Antonio,Camarasaltas Pérez,Antonio Camarasaltas Pérez,Male,Spain,,https://ui-avatars.com/api/?name=A+C+P&color=FFFFFF&background=000000,ATHX BARCELONA 2026,Spain 🇪🇸,2026,Male,ATHX,Endurance,,,,,,,2.25KM,1.902KM,214
215,Angel,Fontova,Angel Fontova,Male,,,https://ui-avatars.com/api/?name=A+F&color=FFFFFF&background=000000,ATHX BARCELONA 2026,Spain 🇪🇸,2026,Male,ATHX,Endurance,,,,,,,2.25KM,1.885KM,215
216,Francisco,Mora,Francisco Mora,Male,Spain,Rustiq Fitness,https://ui-avatars.com/api/?name=F+M&color=FFFFFF&background=000000,ATHX MADRID 2026,Spain 🇪🇸,2026,Male,ATHX,Endurance,,,,,,,2.431KM,1.686KM,216
216,Daniel,Gatnau,Daniel Gatnau,Male,,,https://ui-avatars.com/api/?name=D+G&color=FFFFFF&background=000000,ATHX MADRID 2026,Spain 🇪🇸,2026,Male,ATHX,Endurance,,,,,,,2.25KM,1.867KM,216
218,JULIEN,MAYER,JULIEN MAYER,Male,France,,https://ui-avatars.com/api/?name=J+M&color=FFFFFF&background=000000,ATHX BARCELONA 2026,Spain 🇪🇸,2026,Male,ATHX,Endurance,,,,,,,2.25KM,1.866KM,218
219,Niccolo,Mosconi,Niccolo Mosconi,Male,,,https://ui-avatars.com/api/?name=N+M&color=FFFFFF&background=000000,ATHX BARCELONA 2026,Spain 🇪🇸,2026,Male,ATHX,Endurance,,,,,,,2.25KM,1.863KM,219
220,Mark,Leonardo,Mark Leonardo,Male,,,https://ui-avatars.com/api/?name=M+L&color=FFFFFF&background=000000,ATHX MADRID 2026,Spain 🇪🇸,2026,Male,ATHX,Endurance,,,,,,,2.25KM,1.862KM,220
221,Julio,Argueso,Julio Argueso,Male,Spain,,https://ui-avatars.com/api/?name=J+A&color=FFFFFF&background=000000,ATHX MADRID 2026,Spain 🇪🇸,2026,Male,ATHX,Endurance,,,,,,,2.25KM,1.834KM,221
222,Jonatan,Dublino Fuentes,Jonatan Dublino Fuentes,Male,,,https://ui-avatars.com/api/?name=J+D+F&color=FFFFFF&background=000000,ATHX MADRID 2026,Spain 🇪🇸,2026,Male,ATHX,Endurance,,,,,,,2.249KM,1.832KM,222
223,Demba,DIAGNE,Demba DIAGNE,Male,,,https://ui-avatars.com/api/?name=D+D&color=FFFFFF&background=000000,ATHX BARCELONA 2026,Spain 🇪🇸,2026,Male,ATHX,Endurance,,,,,,,2.25KM,1.823KM,223
224,David,Gomez,David Gomez,Male,,,https://ui-avatars.com/api/?name=D+G&color=FFFFFF&background=000000,ATHX MADRID 2026,Spain 🇪🇸,2026,Male,ATHX,Endurance,,,,,,,2.25KM,1.812KM,224
225,Alessandro,Marioli,Alessandro Marioli,Male,,,https://ui-avatars.com/api/?name=A+M&color=FFFFFF&background=000000,ATHX BARCELONA 2026,Spain 🇪🇸,2026,Male,ATHX,Endurance,,,,,,,2.25KM,1.796KM,225
226,Rubén,Fuentes Blasco,Rubén Fuentes Blasco,Male,Spain,CrossFit Vinaros,https://ui-avatars.com/api/?name=R+F+B&color=FFFFFF&background=000000,ATHX BARCELONA 2026,Spain 🇪🇸,2026,Male,ATHX,Endurance,,,,,,,2.25KM,1.784KM,226
227,Guy,Bailey,Guy Bailey,Male,United Kingdom,GPN Fitness Project,https://ui-avatars.com/api/?name=G+B&color=FFFFFF&background=000000,ATHX MADRID 2026,Spain 🇪🇸,2026,Male,ATHX,Endurance,,,,,,,2.25KM,1.779KM,227
228,Antonio,Ortega Álvarez,Antonio Ortega Álvarez,Male,,,https://athxgames.com/storage/profile-photos/nIcR9QSyvn1760HVCEPLqNHYQlWC05PEWPynLH4C.jpg,ATHX MADRID 2026,Spain 🇪🇸,2026,Male,ATHX,Endurance,,,,,,,2.25KM,1.757KM,228
229,Jean-Baptiste,Galan,Jean-Baptiste Galan,Male,France,,https://ui-avatars.com/api/?name=J+G&color=FFFFFF&background=000000,ATHX BARCELONA 2026,Spain 🇪🇸,2026,Male,ATHX,Endurance,,,,,,,2.25KM,1.74KM,229
230,Blas,Chamorro,Blas Chamorro,Male,,,https://ui-avatars.com/api/?name=B+C&color=FFFFFF&background=000000,ATHX MADRID 2026,Spain 🇪🇸,2026,Male,ATHX,Endurance,,,,,,,2.25KM,1.735KM,230
231,JESÚS,MULERO,JESÚS MULERO,Male,Spain,Mulero,https://ui-avatars.com/api/?name=J+M&color=FFFFFF&background=000000,ATHX MADRID 2026,Spain 🇪🇸,2026,Male,ATHX,Endurance,,,,,,,2.25KM,1.733KM,231
232,Fabian,Cuenca,Fabian Cuenca,Male,Spain,Stygia,https://athxgames.com/storage/profile-photos/Q6UZrjqsz57jgWU4nlx9bRSOtsgBXzLz87r8tAV8.jpg,ATHX BARCELONA 2026,Spain 🇪🇸,2026,Male,ATHX,Endurance,,,,,,,2.25KM,1.72KM,232
233,Diego,Diaz Perez,Diego Diaz Perez,Male,Spain,,https://athxgames.com/storage/profile-photos/v6cpaRSzDj0suTtRndT80jDFvgopbeBGnW8xLCVH.png,ATHX BARCELONA 2026,Spain 🇪🇸,2026,Male,ATHX,Endurance,,,,,,,2.25KM,1.708KM,233
234,Romain,Monino Duran,Romain Monino Duran,Male,,,https://ui-avatars.com/api/?name=R+M+D&color=FFFFFF&background=000000,ATHX BARCELONA 2026,Spain 🇪🇸,2026,Male,ATHX,Endurance,,,,,,,2.25KM,1.704KM,234
235,Luis,Simao,Luis Simao,Male,Portugal,Studio 131,https://athxgames.com/storage/profile-photos/e6yi5SiSd8lmURlcCUmDiSiZBPhXUaHAI55DmwgQ.jpg,ATHX MADRID 2026,Spain 🇪🇸,2026,Male,ATHX,Endurance,,,,,,,2.25KM,1.699KM,235
236,Rob,Byrne,Rob Byrne,Male,United Kingdom,True Grit Training,https://athxgames.com/storage/profile-photos/lf1VRvirXewG7iEoPaSaJNjhh5U0wQP8SxJMuqhq.jpg,ATHX MADRID 2026,Spain 🇪🇸,2026,Male,ATHX,Endurance,,,,,,,2.25KM,1.69KM,236
237,Marcel,Vaño,Marcel Vaño,Male,,,https://ui-avatars.com/api/?name=M+V&color=FFFFFF&background=000000,ATHX BARCELONA 2026,Spain 🇪🇸,2026,Male,ATHX,Endurance,,,,,,,2.25KM,1.686KM,237
238,Amir,Tale Khorsand,Amir Tale Khorsand,Male,Germany,,https://ui-avatars.com/api/?name=A+T+K&color=FFFFFF&background=000000,ATHX BARCELONA 2026,Spain 🇪🇸,2026,Male,ATHX,Endurance,,,,,,,2.25KM,1.682KM,238
239,Simone,Ricciardi,Simone Ricciardi,Male,,,https://ui-avatars.com/api/?name=S+R&color=FFFFFF&background=000000,ATHX BARCELONA 2026,Spain 🇪🇸,2026,Male,ATHX,Endurance,,,,,,,2.25KM,1.678KM,239
240,Héctor,Cruzado,Héctor Cruzado,Male,Spain,,https://ui-avatars.com/api/?name=H+C&color=FFFFFF&background=000000,ATHX MADRID 2026,Spain 🇪🇸,2026,Male,ATHX,Endurance,,,,,,,2.25KM,1.663KM,240
241,José Miguel,Cortés,José Miguel Cortés,Male,,,https://ui-avatars.com/api/?name=J+M+C&color=FFFFFF&background=000000,ATHX MADRID 2026,Spain 🇪🇸,2026,Male,ATHX,Endurance,,,,,,,2.25KM,1.651KM,241
242,Tamás,Baranyai,Tamás Baranyai,Male,Hungary,Kaduzs Strength & Conditioning,https://ui-avatars.com/api/?name=T+B&color=FFFFFF&background=000000,ATHX BARCELONA 2026,Spain 🇪🇸,2026,Male,ATHX,Endurance,,,,,,,2.25KM,1.638KM,242
243,Jhon Elkin,Morales,Jhon Elkin Morales,Male,Colombia,Acero,https://athxgames.com/storage/profile-photos/vxY7LvNXHatDJkdhVXRPlBHRddAe4tIXqTmQxwdw.jpg,ATHX MADRID 2026,Spain 🇪🇸,2026,Male,ATHX,Endurance,,,,,,,2.25KM,1.636KM,243
244,Jorge,Sánchez Mateos,Jorge Sánchez Mateos,Male,,,https://ui-avatars.com/api/?name=J+S+M&color=FFFFFF&background=000000,ATHX MADRID 2026,Spain 🇪🇸,2026,Male,ATHX,Endurance,,,,,,,2.25KM,1.616KM,244
244,Cédric,PILLON,Cédric PILLON,Male,,,https://ui-avatars.com/api/?name=C+P&color=FFFFFF&background=000000,ATHX BARCELONA 2026,Spain 🇪🇸,2026,Male,ATHX,Endurance,,,,,,,2.25KM,1.616KM,244
246,Marc,Simoes,Marc Simoes,Male,,,https://ui-avatars.com/api/?name=M+S&color=FFFFFF&background=000000,ATHX MADRID 2026,Spain 🇪🇸,2026,Male,ATHX,Endurance,,,,,,,2.25KM,1.611KM,246
247,Afonso,Canavilhas,Afonso Canavilhas,Male,,,https://ui-avatars.com/api/?name=A+C&color=FFFFFF&background=000000,ATHX BARCELONA 2026,Spain 🇪🇸,2026,Male,ATHX,Endurance,,,,,,,2.25KM,1.608KM,247
248,Gerard,Martinez,Gerard Martinez,Male,,,https://ui-avatars.com/api/?name=G+M&color=FFFFFF&background=000000,ATHX BARCELONA 2026,Spain 🇪🇸,2026,Male,ATHX,Endurance,,,,,,,2.25KM,1.596KM,248
249,Mark Andrew,Phillips,Mark Andrew Phillips,Male,United Kingdom,Mark,https://ui-avatars.com/api/?name=M+A+P&color=FFFFFF&background=000000,ATHX MADRID 2026,Spain 🇪🇸,2026,Male,ATHX,Endurance,,,,,,,2.25KM,1.591KM,249
249,Ola,Sapara-Williams,Ola Sapara-Williams,Male,,,https://ui-avatars.com/api/?name=O+S&color=FFFFFF&background=000000,ATHX BARCELONA 2026,Spain 🇪🇸,2026,Male,ATHX,Endurance,,,,,,,2.25KM,1.591KM,249
251,Iago,Fernandez Gomez,Iago Fernandez Gomez,Male,,,https://ui-avatars.com/api/?name=I+F+G&color=FFFFFF&background=000000,ATHX MADRID 2026,Spain 🇪🇸,2026,Male,ATHX,Endurance,,,,,,,2.25KM,1.561KM,251
252,Aaron,Quintana,Aaron Quintana,Male,,,https://ui-avatars.com/api/?name=A+Q&color=FFFFFF&background=000000,ATHX MADRID 2026,Spain 🇪🇸,2026,Male,ATHX,Endurance,,,,,,,2.25KM,1.558KM,252
253,Stanisław,Bajorski,Stanisław Bajorski,Male,,,https://ui-avatars.com/api/?name=S+B&color=FFFFFF&background=000000,ATHX BARCELONA 2026,Spain 🇪🇸,2026,Male,ATHX,Endurance,,,,,,,2.25KM,1.55KM,253
254,PAOLO,Figueroa,PAOLO Figueroa,Male,Peru,G93 Crossfit,https://ui-avatars.com/api/?name=P+F&color=FFFFFF&background=000000,ATHX MADRID 2026,Spain 🇪🇸,2026,Male,ATHX,Endurance,,,,,,,2.25KM,1.537KM,254
255,gustavo,scheffer,gustavo scheffer,Male,,,https://ui-avatars.com/api/?name=g+s&color=FFFFFF&background=000000,ATHX MADRID 2026,Spain 🇪🇸,2026,Male,ATHX,Endurance,,,,,,,2.25KM,1.536KM,255
256,Romain,Claudet,Romain Claudet,Male,,,https://ui-avatars.com/api/?name=R+C&color=FFFFFF&background=000000,ATHX BARCELONA 2026,Spain 🇪🇸,2026,Male,ATHX,Endurance,,,,,,,2.25KM,1.531KM,256
257,Simon,Cottrall,Simon Cottrall,Male,,,https://ui-avatars.com/api/?name=S+C&color=FFFFFF&background=000000,ATHX MADRID 2026,Spain 🇪🇸,2026,Male,ATHX,Endurance,,,,,,,2.25KM,1.523KM,257
258,Pedro Antonio,Aguirre Sanchez,Pedro Antonio Aguirre Sanchez,Male,Venezuela,,https://ui-avatars.com/api/?name=P+A+A+S&color=FFFFFF&background=000000,ATHX BARCELONA 2026,Spain 🇪🇸,2026,Male,ATHX,Endurance,,,,,,,2.25KM,1.518KM,258
259,Raphael,Swift,Raphael Swift,Male,,,https://ui-avatars.com/api/?name=R+S&color=FFFFFF&background=000000,ATHX MADRID 2026,Spain 🇪🇸,2026,Male,ATHX,Endurance,,,,,,,2.25KM,1.512KM,259
260,Pau,Esqué Yañez,Pau Esqué Yañez,Male,,,https://ui-avatars.com/api/?name=P+E+Y&color=FFFFFF&background=000000,ATHX BARCELONA 2026,Spain 🇪🇸,2026,Male,ATHX,Endurance,,,,,,,2.25KM,1.51KM,260
261,Kilian,Baumann,Kilian Baumann,Male,,,https://ui-avatars.com/api/?name=K+B&color=FFFFFF&background=000000,ATHX MADRID 2026,Spain 🇪🇸,2026,Male,ATHX,Endurance,,,,,,,2.25KM,1.501KM,261
262,Carlos,Jaen,Carlos Jaen,Male,,,https://ui-avatars.com/api/?name=C+J&color=FFFFFF&background=000000,ATHX MADRID 2026,Spain 🇪🇸,2026,Male,ATHX,Endurance,,,,,,,2.25KM,1.5KM,262
263,Lucas,Henrique,Lucas Henrique,Male,Brazil,Lucas Henrique,https://athxgames.com/storage/profile-photos/ePCCKseOwnO7fJqh1kmbvOocbmsIJ8UHM6D4Zyo6.jpg,ATHX BARCELONA 2026,Spain 🇪🇸,2026,Male,ATHX,Endurance,,,,,,,2.212KM,1.514KM,263
264,Rahim,Kaba,Rahim Kaba,Male,,,https://ui-avatars.com/api/?name=R+K&color=FFFFFF&background=000000,ATHX MADRID 2026,Spain 🇪🇸,2026,Male,ATHX,Endurance,,,,,,,2.208KM,1.511KM,264
265,Jose,Lasso,Jose Lasso,Male,Mexico,,https://ui-avatars.com/api/?name=J+L&color=FFFFFF&background=000000,ATHX BARCELONA 2026,Spain 🇪🇸,2026,Male,ATHX,Endurance,,,,,,,2.177KM,1.516KM,265
266,Cameron,Styles,Cameron Styles,Male,,,https://ui-avatars.com/api/?name=C+S&color=FFFFFF&background=000000,ATHX BARCELONA 2026,Spain 🇪🇸,2026,Male,ATHX,Endurance,,,,,,,2.173KM,1.517KM,266
267,Alan,Greenidge,Alan Greenidge,Male,,,https://ui-avatars.com/api/?name=A+G&color=FFFFFF&background=000000,ATHX BARCELONA 2026,Spain 🇪🇸,2026,Male,ATHX,Endurance,,,,,,,2.157KM,1.515KM,267
268,Dominik,Pavlik,Dominik Pavlik,Male,,,https://ui-avatars.com/api/?name=D+P&color=FFFFFF&background=000000,ATHX BARCELONA 2026,Spain 🇪🇸,2026,Male,ATHX,Endurance,,,,,,,2.131KM,1.517KM,268
269,Jose Alberto,Toledo,Jose Alberto Toledo,Male,,,https://ui-avatars.com/api/?name=J+A+T&color=FFFFFF&background=000000,ATHX BARCELONA 2026,Spain 🇪🇸,2026,Male,ATHX,Endurance,,,,,,,2.133KM,1.509KM,269
270,Alex,Samaniego,Alex Samaniego,Male,,,https://ui-avatars.com/api/?name=A+S&color=FFFFFF&background=000000,ATHX BARCELONA 2026,Spain 🇪🇸,2026,Male,ATHX,Endurance,,,,,,,2.106KM,1.501KM,270
271,Yan,Benevides,Yan Benevides,Male,Brazil,Yan,https://ui-avatars.com/api/?name=Y+B&color=FFFFFF&background=000000,ATHX BARCELONA 2026,Spain 🇪🇸,2026,Male,ATHX,Endurance,,,,,,,2.093KM,1.512KM,271
272,Michael,Haid,Michael Haid,Male,Germany,,https://ui-avatars.com/api/?name=M+H&color=FFFFFF&background=000000,ATHX BARCELONA 2026,Spain 🇪🇸,2026,Male,ATHX,Endurance,,,,,,,2.087KM,1.504KM,272
273,Kevin,Mendes,Kevin Mendes,Male,,,https://ui-avatars.com/api/?name=K+M&color=FFFFFF&background=000000,ATHX BARCELONA 2026,Spain 🇪🇸,2026,Male,ATHX,Endurance,,,,,,,2.053KM,1.509KM,273
274,Markus,Pretzl,Markus Pretzl,Male,,,https://ui-avatars.com/api/?name=M+P&color=FFFFFF&background=000000,ATHX BARCELONA 2026,Spain 🇪🇸,2026,Male,ATHX,Endurance,,,,,,,2.014KM,1.512KM,274
275,Rubén,Sáez García,Rubén Sáez García,Male,,,https://ui-avatars.com/api/?name=R+S+G&color=FFFFFF&background=000000,ATHX MADRID 2026,Spain 🇪🇸,2026,Male,ATHX,Endurance,,,,,,,2KM,1.514KM,275
276,Michael,Schenzel,Michael Schenzel,Male,Germany,Greifenpower Greifswald,https://athxgames.com/storage/profile-photos/ngDWLasF7g73NrlWtlUdK3NH3w901NpUjUfpItcL.jpg,ATHX BARCELONA 2026,Spain 🇪🇸,2026,Male,ATHX,Endurance,,,,,,,1.972KM,1.508KM,276
277,Fabian,Cuenca,Fabian Cuenca,Male,Spain,Stygia,https://athxgames.com/storage/profile-photos/Q6UZrjqsz57jgWU4nlx9bRSOtsgBXzLz87r8tAV8.jpg,ATHX MADRID 2026,Spain 🇪🇸,2026,Male,ATHX,Endurance,,,,,,,1.5KM,1.898KM,277
278,Jorge Luis,Vega Céliz,Jorge Luis Vega Céliz,Male,,,https://ui-avatars.com/api/?name=J+L+V+C&color=FFFFFF&background=000000,ATHX BARCELONA 2026,Spain 🇪🇸,2026,Male,ATHX,Endurance,,,,,,,1.796KM,1.55KM,278
279,Rotimi,Adegoju,Rotimi Adegoju,Male,,,https://ui-avatars.com/api/?name=R+A&color=FFFFFF&background=000000,ATHX BARCELONA 2026,Spain 🇪🇸,2026,Male,ATHX,Endurance,,,,,,,1.799KM,1.514KM,279
280,Ameur,Sammy,Ameur Sammy,Male,France,,https://ui-avatars.com/api/?name=A+S&color=FFFFFF&background=000000,ATHX BARCELONA 2026,Spain 🇪🇸,2026,Male,ATHX,Endurance,,,,,,,1.788KM,1.512KM,280
281,Edu,Martos,Edu Martos,Male,,,https://ui-avatars.com/api/?name=E+M&color=FFFFFF&background=000000,ATHX MADRID 2026,Spain 🇪🇸,2026,Male,ATHX,Endurance,,,,,,,1.723KM,1.514KM,281
282,Ricardo,Fernandes,Ricardo Fernandes,Male,Portugal,,https://ui-avatars.com/api/?name=R+F&color=FFFFFF&background=000000,ATHX MADRID 2026,Spain 🇪🇸,2026,Male,ATHX,Endurance,,,,,,,1.707KM,1.51KM,282
283,Jesus,Garcia,Jesus Garcia,Male,,,https://athxgames.com/storage/profile-photos/YWyulu6DKZfj5qIedctxHNyEdRdzM5BnxmK3gDww.jpg,ATHX MADRID 2026,Spain 🇪🇸,2026,Male,ATHX,Endurance,,,,,,,1.572KM,1.513KM,283
284,Robert,Wiersbinski,Robert Wiersbinski,Male,Germany,,https://athxgames.com/storage/profile-photos/fgOcjTU56euANA18QoPuX2FR7yBr6E8wRc8PE0go.jpg,ATHX MADRID 2026,Spain 🇪🇸,2026,Male,ATHX,Endurance,,,,,,,1.506KM,1.522KM,284
285,Pablo,Martos,Pablo Martos,Male,,,https://ui-avatars.com/api/?name=P+M&color=FFFFFF&background=000000,ATHX BARCELONA 2026,Spain 🇪🇸,2026,Male,ATHX,Endurance,,,,,,,0.001KM,0.001KM,285
1,David,Griñan,David Griñan,Male,,,https://ui-avatars.com/api/?name=D+G&color=FFFFFF&background=000000,ATHX MADRID 2026,Spain 🇪🇸,2026,Male,ATHX,Strength,,,,90KG,200KG,250KG,,,1
2,Tomas,Kizelis,Tomas Kizelis,Male,Lithuania,Lemon gym,https://athxgames.com/storage/profile-photos/2J6Ejky6tskyS0dHHgDHW77gdN4ffygl7LMGPQy0.jpg,ATHX BARCELONA 2026,Spain 🇪🇸,2026,Male,ATHX,Strength,,,,94KG,201KG,221KG,,,2
2,Jean Olivier,REMER,Jean Olivier REMER,Male,France,,https://ui-avatars.com/api/?name=J+O+R&color=FFFFFF&background=000000,ATHX BARCELONA 2026,Spain 🇪🇸,2026,Male,ATHX,Strength,,,,100KG,186KG,230KG,,,2
4,Iñigo,Eleta,Iñigo Eleta,Male,Spain,La Colmena CrossFit Sevilla,https://ui-avatars.com/api/?name=I+E&color=FFFFFF&background=000000,ATHX MADRID 2026,Spain 🇪🇸,2026,Male,ATHX,Strength,,,,70KG,200KG,230KG,,,4
5,Jesus,Moya,Jesus Moya,Male,,Kultur Box,https://athxgames.com/storage/profile-photos/zQfHYMH60ArIIZ8fg6bxtkd53XM0RWc6B1k3YaIJ.jpg,ATHX MADRID 2026,Spain 🇪🇸,2026,Male,ATHX,Strength,,,,88KG,190KG,215KG,,,5
6,Demba,DIAGNE,Demba DIAGNE,Male,,,https://ui-avatars.com/api/?name=D+D&color=FFFFFF&background=000000,ATHX BARCELONA 2026,Spain 🇪🇸,2026,Male,ATHX,Strength,,,,90KG,195KG,205KG,,,6
7,Michal,Holaza,Michal Holaza,Male,,,https://ui-avatars.com/api/?name=M+H&color=FFFFFF&background=000000,ATHX BARCELONA 2026,Spain 🇪🇸,2026,Male,ATHX,Strength,,,,84KG,177KG,225KG,,,7
8,Alejandro,Jiménez Vasco,Alejandro Jiménez Vasco,Male,Spain,,https://ui-avatars.com/api/?name=A+J+V&color=FFFFFF&background=000000,ATHX BARCELONA 2026,Spain 🇪🇸,2026,Male,ATHX,Strength,,,,89KG,185KG,210KG,,,8
9,Ed,Tyler,Ed Tyler,Male,United Kingdom,,https://ui-avatars.com/api/?name=E+T&color=FFFFFF&background=000000,ATHX BARCELONA 2026,Spain 🇪🇸,2026,Male,ATHX,Strength,,,,77KG,212KG,192KG,,,9
10,Amir,Tale Khorsand,Amir Tale Khorsand,Male,Germany,,https://ui-avatars.com/api/?name=A+T+K&color=FFFFFF&background=000000,ATHX BARCELONA 2026,Spain 🇪🇸,2026,Male,ATHX,Strength,,,,107KG,160KG,210KG,,,10
11,Riccardo,Quartieri,Riccardo Quartieri,Male,,,https://ui-avatars.com/api/?name=R+Q&color=FFFFFF&background=000000,ATHX BARCELONA 2026,Spain 🇪🇸,2026,Male,ATHX,Strength,,,,70KG,185KG,220KG,,,11
12,Alejandro,Jiménez Vasco,Alejandro Jiménez Vasco,Male,Spain,,https://ui-avatars.com/api/?name=A+J+V&color=FFFFFF&background=000000,ATHX MADRID 2026,Spain 🇪🇸,2026,Male,ATHX,Strength,,,,89KG,181KG,204KG,,,12
12,Tomás,Joaninho,Tomás Joaninho,Male,Portugal,,https://athxgames.com/storage/profile-photos/14rLJZPAlSMnPViItP0iA7GHuSiujwuqHOtOEFhp.jpg,ATHX MADRID 2026,Spain 🇪🇸,2026,Male,ATHX,Strength,,,,79KG,175KG,220KG,,,12
12,Tiziano,Bigatel,Tiziano Bigatel,Male,Italy,Acquarè fitness academy,https://ui-avatars.com/api/?name=T+B&color=FFFFFF&background=000000,ATHX BARCELONA 2026,Spain 🇪🇸,2026,Male,ATHX,Strength,,,,94KG,177KG,203KG,,,12
15,JESÚS,MULERO,JESÚS MULERO,Male,Spain,Mulero,https://ui-avatars.com/api/?name=J+M&color=FFFFFF&background=000000,ATHX MADRID 2026,Spain 🇪🇸,2026,Male,ATHX,Strength,,,,88KG,185KG,200KG,,,15
16,Juan Carlos,Fernández Tenorio,Juan Carlos Fernández Tenorio,Male,,,https://ui-avatars.com/api/?name=J+C+F+T&color=FFFFFF&background=000000,ATHX MADRID 2026,Spain 🇪🇸,2026,Male,ATHX,Strength,,,,65KG,190KG,215KG,,,16
16,Euyen,Black mamba,Euyen Black mamba,Male,Spain,Kamus barbell club,https://athxgames.com/storage/profile-photos/2LEYC5caLDRxtDvxxzs2q0PSxoA9MXgqey8EpxJO.jpg,ATHX MADRID 2026,Spain 🇪🇸,2026,Male,ATHX,Strength,,,,90KG,195KG,185KG,,,16
18,Antonio,Castaño,Antonio Castaño,Male,,,https://ui-avatars.com/api/?name=A+C&color=FFFFFF&background=000000,ATHX MADRID 2026,Spain 🇪🇸,2026,Male,ATHX,Strength,,,,85KG,170KG,210KG,,,18
19,Rotimi,Adegoju,Rotimi Adegoju,Male,,,https://ui-avatars.com/api/?name=R+A&color=FFFFFF&background=000000,ATHX BARCELONA 2026,Spain 🇪🇸,2026,Male,ATHX,Strength,,,,90KG,174KG,200KG,,,19
20,Blas,Ruedas,Blas Ruedas,Male,Spain,,https://athxgames.com/storage/profile-photos/0AI3Qdavur88zzdofMer1zaa5H5zBjNrdHFWxapR.jpg,ATHX BARCELONA 2026,Spain 🇪🇸,2026,Male,ATHX,Strength,,,,88KG,175KG,200KG,,,20
21,HALAOUI,Maxime,HALAOUI Maxime,Male,France,Raise Studio,https://ui-avatars.com/api/?name=H+M&color=FFFFFF&background=000000,ATHX MADRID 2026,Spain 🇪🇸,2026,Male,ATHX,Strength,,,,82KG,180KG,195KG,,,21
22,Ricardo,Fernandes,Ricardo Fernandes,Male,Portugal,,https://ui-avatars.com/api/?name=R+F&color=FFFFFF&background=000000,ATHX MADRID 2026,Spain 🇪🇸,2026,Male,ATHX,Strength,,,,93KG,185KG,178KG,,,22
23,Daniel,Bachura,Daniel Bachura,Male,Spain,+ One More,https://ui-avatars.com/api/?name=D+B&color=FFFFFF&background=000000,ATHX MADRID 2026,Spain 🇪🇸,2026,Male,ATHX,Strength,,,,85KG,160KG,210KG,,,23
24,Ola,Sapara-Williams,Ola Sapara-Williams,Male,,,https://ui-avatars.com/api/?name=O+S&color=FFFFFF&background=000000,ATHX BARCELONA 2026,Spain 🇪🇸,2026,Male,ATHX,Strength,,,,84KG,170KG,200KG,,,24
25,Luis,Turrion,Luis Turrion,Male,Spain,Singular Box,https://ui-avatars.com/api/?name=L+T&color=FFFFFF&background=000000,ATHX MADRID 2026,Spain 🇪🇸,2026,Male,ATHX,Strength,,,,83KG,170KG,200KG,,,25
26,Carlos,Dominguez Gioya,Carlos Dominguez Gioya,Male,,,https://ui-avatars.com/api/?name=C+D+G&color=FFFFFF&background=000000,ATHX MADRID 2026,Spain 🇪🇸,2026,Male,ATHX,Strength,,,,94KG,176KG,181KG,,,26
27,Jose,Lasso,Jose Lasso,Male,Mexico,,https://ui-avatars.com/api/?name=J+L&color=FFFFFF&background=000000,ATHX BARCELONA 2026,Spain 🇪🇸,2026,Male,ATHX,Strength,,,,80KG,170KG,200KG,,,27
28,CAROT,Axel,CAROT Axel,Male,,,https://ui-avatars.com/api/?name=C+A&color=FFFFFF&background=000000,ATHX BARCELONA 2026,Spain 🇪🇸,2026,Male,ATHX,Strength,,,,63KG,185KG,200KG,,,28
29,Jorge,Vázquez,Jorge Vázquez,Male,,,https://ui-avatars.com/api/?name=J+V&color=FFFFFF&background=000000,ATHX BARCELONA 2026,Spain 🇪🇸,2026,Male,ATHX,Strength,,,,87KG,150KG,210KG,,,29
30,Quentin,NUNES,Quentin NUNES,Male,France,,https://ui-avatars.com/api/?name=Q+N&color=FFFFFF&background=000000,ATHX BARCELONA 2026,Spain 🇪🇸,2026,Male,ATHX,Strength,,,,84KG,180KG,180KG,,,30
30,Patryk,Pawlus,Patryk Pawlus,Male,Poland,,https://ui-avatars.com/api/?name=P+P&color=FFFFFF&background=000000,ATHX BARCELONA 2026,Spain 🇪🇸,2026,Male,ATHX,Strength,,,,94KG,150KG,200KG,,,30
32,Julio,Romaguera,Julio Romaguera,Male,Brazil,Crossfit Black Edition,https://athxgames.com/storage/profile-photos/rLIhjAWxl1PAy6hZl8f7dEE6DxhTPipFqD0hqYGl.jpg,ATHX BARCELONA 2026,Spain 🇪🇸,2026,Male,ATHX,Strength,,,,80KG,170KG,193KG,,,32
33,Nicolás,Portell,Nicolás Portell,Male,,,https://ui-avatars.com/api/?name=N+P&color=FFFFFF&background=000000,ATHX MADRID 2026,Spain 🇪🇸,2026,Male,ATHX,Strength,,,,78KG,172KG,192KG,,,33
33,Cesar jorge,Hernanz sanchez,Cesar jorge Hernanz sanchez,Male,,,https://ui-avatars.com/api/?name=C+j+H+s&color=FFFFFF&background=000000,ATHX BARCELONA 2026,Spain 🇪🇸,2026,Male,ATHX,Strength,,,,82KG,160KG,200KG,,,33
35,George,Rogers,George Rogers,Male,United Kingdom,CrossFit Fort Ashton,https://ui-avatars.com/api/?name=G+R&color=FFFFFF&background=000000,ATHX MADRID 2026,Spain 🇪🇸,2026,Male,ATHX,Strength,,,,80KG,170KG,190KG,,,35
36,Raphael,Swift,Raphael Swift,Male,,,https://ui-avatars.com/api/?name=R+S&color=FFFFFF&background=000000,ATHX MADRID 2026,Spain 🇪🇸,2026,Male,ATHX,Strength,,,,88KG,170KG,180KG,,,36
37,Zach,Nash,Zach Nash,Male,United Kingdom,Fitness lab,https://ui-avatars.com/api/?name=Z+N&color=FFFFFF&background=000000,ATHX MADRID 2026,Spain 🇪🇸,2026,Male,ATHX,Strength,,,,90KG,145KG,200KG,,,37
37,Julien,Darrénougué,Julien Darrénougué,Male,France,,https://athxgames.com/storage/profile-photos/2MH1B5QbilxMNAscSo9IjxQmMBPN4MM16bvGy35u.jpg,ATHX BARCELONA 2026,Spain 🇪🇸,2026,Male,ATHX,Strength,,,,83KG,172KG,180KG,,,37
39,Jesús,Giraldo,Jesús Giraldo,Male,,,https://ui-avatars.com/api/?name=J+G&color=FFFFFF&background=000000,ATHX MADRID 2026,Spain 🇪🇸,2026,Male,ATHX,Strength,,,,84KG,150KG,200KG,,,39
40,jose,perez mora,jose perez mora,Male,Spain,FSC FITNESS AND PERFORMANCE,https://athxgames.com/storage/profile-photos/Yd8DLStPPerWBQvIXn7Umzc01uLg9m0TR82mV9CA.jpg,ATHX BARCELONA 2026,Spain 🇪🇸,2026,Male,ATHX,Strength,,,,81KG,161KG,191KG,,,40
41,Jose manuel,Lastra sancho,Jose manuel Lastra sancho,Male,Spain,Total Fitness,https://ui-avatars.com/api/?name=J+m+L+s&color=FFFFFF&background=000000,ATHX BARCELONA 2026,Spain 🇪🇸,2026,Male,ATHX,Strength,,,,95KG,145KG,192KG,,,41
42,Cesar,Cracco,Cesar Cracco,Male,,,https://ui-avatars.com/api/?name=C+C&color=FFFFFF&background=000000,ATHX MADRID 2026,Spain 🇪🇸,2026,Male,ATHX,Strength,,,,80KG,180KG,170KG,,,42
43,Sam,Pask,Sam Pask,Male,United Kingdom,Unit 8 Training,https://athxgames.com/storage/profile-photos/FcMyaTrD8pIRRDtiJYA9oTJBoH0XsG9fCJsCH90c.jpg,ATHX BARCELONA 2026,Spain 🇪🇸,2026,Male,ATHX,Strength,,,,78KG,155KG,195KG,,,43
44,Kevin,Mendes,Kevin Mendes,Male,,,https://ui-avatars.com/api/?name=K+M&color=FFFFFF&background=000000,ATHX BARCELONA 2026,Spain 🇪🇸,2026,Male,ATHX,Strength,,,,80KG,164KG,183KG,,,44
44,Lorenzo,Sendra,Lorenzo Sendra,Male,Mexico,Fabrik Training Club,https://athxgames.com/storage/profile-photos/BfMkaoBnxF4IRxTBMlwtvb3bZZG0Z5Mw5PBnE6PS.jpg,ATHX BARCELONA 2026,Spain 🇪🇸,2026,Male,ATHX,Strength,,,,82KG,175KG,170KG,,,44
46,André,Silva,André Silva,Male,Portugal,Unbroken Box,https://ui-avatars.com/api/?name=A+S&color=FFFFFF&background=000000,ATHX MADRID 2026,Spain 🇪🇸,2026,Male,ATHX,Strength,,,,75KG,155KG,195KG,,,46
46,Maximilian,Hacker,Maximilian Hacker,Male,Germany,Fitness First Winterhude,https://athxgames.com/storage/profile-photos/aRDKr60GuqQBCZJzRW4CyFPk7TWwqpShr8gvJDeI.jpg,ATHX MADRID 2026,Spain 🇪🇸,2026,Male,ATHX,Strength,,,,75KG,170KG,180KG,,,46
46,Julio,Argueso,Julio Argueso,Male,Spain,,https://ui-avatars.com/api/?name=J+A&color=FFFFFF&background=000000,ATHX MADRID 2026,Spain 🇪🇸,2026,Male,ATHX,Strength,,,,80KG,145KG,200KG,,,46
46,Edu,Martos,Edu Martos,Male,,,https://ui-avatars.com/api/?name=E+M&color=FFFFFF&background=000000,ATHX MADRID 2026,Spain 🇪🇸,2026,Male,ATHX,Strength,,,,85KG,170KG,170KG,,,46
46,Daniel,Campaz,Daniel Campaz,Male,Colombia,Bigdani Runner Team,https://athxgames.com/storage/profile-photos/PYgTDfjluHM05E0oCbokOJUZbMG3wxLEe6KbWVNg.jpg,ATHX BARCELONA 2026,Spain 🇪🇸,2026,Male,ATHX,Strength,,,,85KG,160KG,180KG,,,46
51,Marc,Simoes,Marc Simoes,Male,,,https://ui-avatars.com/api/?name=M+S&color=FFFFFF&background=000000,ATHX MADRID 2026,Spain 🇪🇸,2026,Male,ATHX,Strength,,,,93KG,160KG,170KG,,,51
51,Miguel Angel,González,Miguel Angel González,Male,Spain,Bollbox CrossFit,https://athxgames.com/storage/profile-photos/c8AlhOG9wDMLAMCbu0rWhiKJYoQ6hNi8HtZ6uQtD.jpg,ATHX MADRID 2026,Spain 🇪🇸,2026,Male,ATHX,Strength,,,,83KG,150KG,190KG,,,51
53,Gonçalo,Amado,Gonçalo Amado,Male,Portugal,CFL Acadamy,https://ui-avatars.com/api/?name=G+A&color=FFFFFF&background=000000,ATHX MADRID 2026,Spain 🇪🇸,2026,Male,ATHX,Strength,,,,79KG,140KG,203KG,,,53
54,Kenneth,Frøland,Kenneth Frøland,Male,Norway,Hybrid Training,https://athxgames.com/storage/profile-photos/nBg2sAeZV5rMdy0rBzupf8gABiGROfzLK0vRfeim.jpg,ATHX BARCELONA 2026,Spain 🇪🇸,2026,Male,ATHX,Strength,,,,80KG,161KG,180KG,,,54
55,Ismael,Torres,Ismael Torres,Male,,,https://ui-avatars.com/api/?name=I+T&color=FFFFFF&background=000000,ATHX MADRID 2026,Spain 🇪🇸,2026,Male,ATHX,Strength,,,,75KG,140KG,200KG,,,55
55,Santiago,Cano Morales,Santiago Cano Morales,Male,,,https://ui-avatars.com/api/?name=S+C+M&color=FFFFFF&background=000000,ATHX MADRID 2026,Spain 🇪🇸,2026,Male,ATHX,Strength,,,,75KG,160KG,180KG,,,55
55,Łukasz,Leśniewski,Łukasz Leśniewski,Male,,,https://athxgames.com/storage/profile-photos/XAzQOrc7a63alU2oqm6uuOUihlqHrbHxPLRIm5MJ.jpg,ATHX BARCELONA 2026,Spain 🇪🇸,2026,Male,ATHX,Strength,,,,90KG,140KG,185KG,,,55
58,Alvaro,Jiménez,Alvaro Jiménez,Male,Spain,,https://ui-avatars.com/api/?name=A+J&color=FFFFFF&background=000000,ATHX MADRID 2026,Spain 🇪🇸,2026,Male,ATHX,Strength,,,,84KG,152KG,178KG,,,58
59,Jared,Quinn,Jared Quinn,Male,South Africa,,https://ui-avatars.com/api/?name=J+Q&color=FFFFFF&background=000000,ATHX BARCELONA 2026,Spain 🇪🇸,2026,Male,ATHX,Strength,,,,73KG,150KG,190KG,,,59
60,Jonatan,Dublino Fuentes,Jonatan Dublino Fuentes,Male,,,https://ui-avatars.com/api/?name=J+D+F&color=FFFFFF&background=000000,ATHX MADRID 2026,Spain 🇪🇸,2026,Male,ATHX,Strength,,,,80KG,150KG,180KG,,,60
60,Pablo,Martos,Pablo Martos,Male,,,https://ui-avatars.com/api/?name=P+M&color=FFFFFF&background=000000,ATHX BARCELONA 2026,Spain 🇪🇸,2026,Male,ATHX,Strength,,,,90KG,140KG,180KG,,,60
62,Alejandro,Lucio,Alejandro Lucio,Male,,,https://ui-avatars.com/api/?name=A+L&color=FFFFFF&background=000000,ATHX MADRID 2026,Spain 🇪🇸,2026,Male,ATHX,Strength,,,,83KG,145KG,180KG,,,62
62,Mathieu,Merlet,Mathieu Merlet,Male,,,https://ui-avatars.com/api/?name=M+M&color=FFFFFF&background=000000,ATHX BARCELONA 2026,Spain 🇪🇸,2026,Male,ATHX,Strength,,,,68KG,145KG,195KG,,,62
64,Aitor,Zugazagoitia,Aitor Zugazagoitia,Male,,,https://ui-avatars.com/api/?name=A+Z&color=FFFFFF&background=000000,ATHX MADRID 2026,Spain 🇪🇸,2026,Male,ATHX,Strength,,,,77KG,150KG,180KG,,,64
64,Alex,Samaniego,Alex Samaniego,Male,,,https://ui-avatars.com/api/?name=A+S&color=FFFFFF&background=000000,ATHX BARCELONA 2026,Spain 🇪🇸,2026,Male,ATHX,Strength,,,,85KG,150KG,172KG,,,64
66,Giorgio,De feo,Giorgio De feo,Male,,,https://ui-avatars.com/api/?name=G+D+f&color=FFFFFF&background=000000,ATHX BARCELONA 2026,Spain 🇪🇸,2026,Male,ATHX,Strength,,,,75KG,140KG,190KG,,,66
67,Fernando,Cámara Rosell,Fernando Cámara Rosell,Male,,,https://ui-avatars.com/api/?name=F+C+R&color=FFFFFF&background=000000,ATHX MADRID 2026,Spain 🇪🇸,2026,Male,ATHX,Strength,,,,80KG,157KG,167KG,,,67
68,Mark,Ingram,Mark Ingram,Male,,,https://ui-avatars.com/api/?name=M+I&color=FFFFFF&background=000000,ATHX MADRID 2026,Spain 🇪🇸,2026,Male,ATHX,Strength,,,,83KG,150KG,170KG,,,68
68,Alejandro,Lucio,Alejandro Lucio,Male,,,https://ui-avatars.com/api/?name=A+L&color=FFFFFF&background=000000,ATHX BARCELONA 2026,Spain 🇪🇸,2026,Male,ATHX,Strength,,,,83KG,150KG,170KG,,,68
68,Abderrahim Salah,Achache,Abderrahim Salah Achache,Male,,,https://ui-avatars.com/api/?name=A+S+A&color=FFFFFF&background=000000,ATHX BARCELONA 2026,Spain 🇪🇸,2026,Male,ATHX,Strength,,,,83KG,150KG,170KG,,,68
71,Marco,Salgarollo,Marco Salgarollo,Male,Italy,Crossfit Hidenest,https://ui-avatars.com/api/?name=M+S&color=FFFFFF&background=000000,ATHX BARCELONA 2026,Spain 🇪🇸,2026,Male,ATHX,Strength,,,,82KG,150KG,170KG,,,71
72,thomas,bordonado,thomas bordonado,Male,,,https://ui-avatars.com/api/?name=t+b&color=FFFFFF&background=000000,ATHX BARCELONA 2026,Spain 🇪🇸,2026,Male,ATHX,Strength,,,,75KG,153KG,173KG,,,72
73,Thomas,Chesneau,Thomas Chesneau,Male,France,Hypro Hybrid Club,https://ui-avatars.com/api/?name=T+C&color=FFFFFF&background=000000,ATHX MADRID 2026,Spain 🇪🇸,2026,Male,ATHX,Strength,,,,80KG,150KG,170KG,,,73
73,Hector,Piquer Alos,Hector Piquer Alos,Male,Spain,,https://athxgames.com/storage/profile-photos/K2SGgFCFixMBsSodObxIC6Xz9gH2fM5zAGogd8Lm.jpg,ATHX MADRID 2026,Spain 🇪🇸,2026,Male,ATHX,Strength,,,,70KG,135KG,195KG,,,73
73,Fabian,Ferreira,Fabian Ferreira,Male,,,https://ui-avatars.com/api/?name=F+F&color=FFFFFF&background=000000,ATHX BARCELONA 2026,Spain 🇪🇸,2026,Male,ATHX,Strength,,,,75KG,150KG,175KG,,,73
73,Alan,Greenidge,Alan Greenidge,Male,,,https://ui-avatars.com/api/?name=A+G&color=FFFFFF&background=000000,ATHX BARCELONA 2026,Spain 🇪🇸,2026,Male,ATHX,Strength,,,,85KG,135KG,180KG,,,73
73,Ameur,Sammy,Ameur Sammy,Male,France,,https://ui-avatars.com/api/?name=A+S&color=FFFFFF&background=000000,ATHX BARCELONA 2026,Spain 🇪🇸,2026,Male,ATHX,Strength,,,,90KG,140KG,170KG,,,73
78,Peio,Torre Martin,Peio Torre Martin,Male,,,https://ui-avatars.com/api/?name=P+T+M&color=FFFFFF&background=000000,ATHX MADRID 2026,Spain 🇪🇸,2026,Male,ATHX,Strength,,,,72KG,142KG,184KG,,,78
79,Antonio,Camarasaltas Pérez,Antonio Camarasaltas Pérez,Male,Spain,,https://ui-avatars.com/api/?name=A+C+P&color=FFFFFF&background=000000,ATHX BARCELONA 2026,Spain 🇪🇸,2026,Male,ATHX,Strength,,,,69KG,151KG,177KG,,,79
79,Robin,Brault,Robin Brault,Male,,,https://ui-avatars.com/api/?name=R+B&color=FFFFFF&background=000000,ATHX BARCELONA 2026,Spain 🇪🇸,2026,Male,ATHX,Strength,,,,72KG,135KG,190KG,,,79
79,Thomas,Vignal,Thomas Vignal,Male,France,,https://ui-avatars.com/api/?name=T+V&color=FFFFFF&background=000000,ATHX BARCELONA 2026,Spain 🇪🇸,2026,Male,ATHX,Strength,,,,77KG,140KG,180KG,,,79
82,Alvaro,Garcia-Moya Herrera,Alvaro Garcia-Moya Herrera,Male,,,https://athxgames.com/storage/profile-photos/LmYuuwAtj8aKQmOnSF45yG7GYhjrF2vLstAv8PZw.png,ATHX MADRID 2026,Spain 🇪🇸,2026,Male,ATHX,Strength,,,,75KG,140KG,180KG,,,82
82,Cesar jorge,Hernanz sanchez,Cesar jorge Hernanz sanchez,Male,,,https://ui-avatars.com/api/?name=C+j+H+s&color=FFFFFF&background=000000,ATHX MADRID 2026,Spain 🇪🇸,2026,Male,ATHX,Strength,,,,80KG,135KG,180KG,,,82
82,Jesus,Diaz,Jesus Diaz,Male,,,https://ui-avatars.com/api/?name=J+D&color=FFFFFF&background=000000,ATHX MADRID 2026,Spain 🇪🇸,2026,Male,ATHX,Strength,,,,65KG,150KG,180KG,,,82
82,Michael,Schenzel,Michael Schenzel,Male,Germany,Greifenpower Greifswald,https://athxgames.com/storage/profile-photos/ngDWLasF7g73NrlWtlUdK3NH3w901NpUjUfpItcL.jpg,ATHX BARCELONA 2026,Spain 🇪🇸,2026,Male,ATHX,Strength,,,,95KG,130KG,170KG,,,82
86,Jose Carlos,Ajenjo Saez,Jose Carlos Ajenjo Saez,Male,,,https://ui-avatars.com/api/?name=J+C+A+S&color=FFFFFF&background=000000,ATHX MADRID 2026,Spain 🇪🇸,2026,Male,ATHX,Strength,,,,71KG,140KG,180KG,,,86
87,Gary,Acosta,Gary Acosta,Male,,,https://ui-avatars.com/api/?name=G+A&color=FFFFFF&background=000000,ATHX MADRID 2026,Spain 🇪🇸,2026,Male,ATHX,Strength,,,,70KG,130KG,190KG,,,87
87,Tom,Lloyd,Tom Lloyd,Male,,,https://ui-avatars.com/api/?name=T+L&color=FFFFFF&background=000000,ATHX MADRID 2026,Spain 🇪🇸,2026,Male,ATHX,Strength,,,,70KG,135KG,185KG,,,87
87,Daniel,Campaz,Daniel Campaz,Male,Colombia,Bigdani Runner Team,https://athxgames.com/storage/profile-photos/PYgTDfjluHM05E0oCbokOJUZbMG3wxLEe6KbWVNg.jpg,ATHX MADRID 2026,Spain 🇪🇸,2026,Male,ATHX,Strength,,,,80KG,150KG,160KG,,,87
87,Nicoli,Damien,Nicoli Damien,Male,,,https://ui-avatars.com/api/?name=N+D&color=FFFFFF&background=000000,ATHX BARCELONA 2026,Spain 🇪🇸,2026,Male,ATHX,Strength,,,,80KG,140KG,170KG,,,87
91,Hugo,Morgado,Hugo Morgado,Male,,,https://ui-avatars.com/api/?name=H+M&color=FFFFFF&background=000000,ATHX MADRID 2026,Spain 🇪🇸,2026,Male,ATHX,Strength,,,,74KG,155KG,160KG,,,91
92,Lucas,Henrique,Lucas Henrique,Male,Brazil,Lucas Henrique,https://athxgames.com/storage/profile-photos/ePCCKseOwnO7fJqh1kmbvOocbmsIJ8UHM6D4Zyo6.jpg,ATHX BARCELONA 2026,Spain 🇪🇸,2026,Male,ATHX,Strength,,,,68KG,140KG,180KG,,,92
93,Bastien,Bonnefoy,Bastien Bonnefoy,Male,France,,https://athxgames.com/storage/profile-photos/k6FEhl5eqVkzBO9Kl1x359SKFvdULofGvrhi4sat.jpg,ATHX BARCELONA 2026,Spain 🇪🇸,2026,Male,ATHX,Strength,,,,70KG,153KG,163KG,,,93
94,David,Garcia Iglesias,David Garcia Iglesias,Male,,,https://ui-avatars.com/api/?name=D+G+I&color=FFFFFF&background=000000,ATHX MADRID 2026,Spain 🇪🇸,2026,Male,ATHX,Strength,,,,80KG,150KG,155KG,,,94
94,Alex,Reinlein,Alex Reinlein,Male,,,https://ui-avatars.com/api/?name=A+R&color=FFFFFF&background=000000,ATHX BARCELONA 2026,Spain 🇪🇸,2026,Male,ATHX,Strength,,,,70KG,150KG,165KG,,,94
96,Angel,Bazan,Angel Bazan,Male,,,https://ui-avatars.com/api/?name=A+B&color=FFFFFF&background=000000,ATHX BARCELONA 2026,Spain 🇪🇸,2026,Male,ATHX,Strength,,,,74KG,150KG,160KG,,,96
97,Diego,Pereira,Diego Pereira,Male,,,https://ui-avatars.com/api/?name=D+P&color=FFFFFF&background=000000,ATHX MADRID 2026,Spain 🇪🇸,2026,Male,ATHX,Strength,,,,74KG,129KG,180KG,,,97
97,Angel,Fontova,Angel Fontova,Male,,,https://ui-avatars.com/api/?name=A+F&color=FFFFFF&background=000000,ATHX BARCELONA 2026,Spain 🇪🇸,2026,Male,ATHX,Strength,,,,73KG,120KG,190KG,,,97
99,Albert,Peris Aguilar,Albert Peris Aguilar,Male,,,https://ui-avatars.com/api/?name=A+P+A&color=FFFFFF&background=000000,ATHX MADRID 2026,Spain 🇪🇸,2026,Male,ATHX,Strength,,,,70KG,140KG,170KG,,,99
99,Damian,Tymoszczuk,Damian Tymoszczuk,Male,Poland,CrossFit Białystok,https://ui-avatars.com/api/?name=D+T&color=FFFFFF&background=000000,ATHX MADRID 2026,Spain 🇪🇸,2026,Male,ATHX,Strength,,,,70KG,145KG,165KG,,,99
99,Afonso,Canavilhas,Afonso Canavilhas,Male,,,https://ui-avatars.com/api/?name=A+C&color=FFFFFF&background=000000,ATHX BARCELONA 2026,Spain 🇪🇸,2026,Male,ATHX,Strength,,,,70KG,150KG,160KG,,,99
99,João,Lopes,João Lopes,Male,,,https://ui-avatars.com/api/?name=J+L&color=FFFFFF&background=000000,ATHX BARCELONA 2026,Spain 🇪🇸,2026,Male,ATHX,Strength,,,,65KG,140KG,175KG,,,99
103,José Miguel,Cortés,José Miguel Cortés,Male,,,https://ui-avatars.com/api/?name=J+M+C&color=FFFFFF&background=000000,ATHX MADRID 2026,Spain 🇪🇸,2026,Male,ATHX,Strength,,,,83KG,145KG,150KG,,,103
103,Jorge Luis,Vega Céliz,Jorge Luis Vega Céliz,Male,,,https://ui-avatars.com/api/?name=J+L+V+C&color=FFFFFF&background=000000,ATHX BARCELONA 2026,Spain 🇪🇸,2026,Male,ATHX,Strength,,,,65KG,158KG,155KG,,,103
105,Xavier,Castellarnau,Xavier Castellarnau,Male,Spain,CrossFit SJD,https://ui-avatars.com/api/?name=X+C&color=FFFFFF&background=000000,ATHX BARCELONA 2026,Spain 🇪🇸,2026,Male,ATHX,Strength,,,,74KG,137KG,166KG,,,105
106,Jose,Montes,Jose Montes,Male,Spain,Montes,https://athxgames.com/storage/profile-photos/VTgYs092bY0zyvBX6fiJ74FaESCxRMjtjgz7oz1L.jpg,ATHX MADRID 2026,Spain 🇪🇸,2026,Male,ATHX,Strength,,,,70KG,130KG,175KG,,,106
106,Brunet,Lucas,Brunet Lucas,Male,,,https://ui-avatars.com/api/?name=B+L&color=FFFFFF&background=000000,ATHX BARCELONA 2026,Spain 🇪🇸,2026,Male,ATHX,Strength,,,,65KG,140KG,170KG,,,106
106,Gabriele,Castellitto,Gabriele Castellitto,Male,,,https://ui-avatars.com/api/?name=G+C&color=FFFFFF&background=000000,ATHX BARCELONA 2026,Spain 🇪🇸,2026,Male,ATHX,Strength,,,,85KG,130KG,160KG,,,106
106,Dominik,Fuchs,Dominik Fuchs,Male,,,https://ui-avatars.com/api/?name=D+F&color=FFFFFF&background=000000,ATHX BARCELONA 2026,Spain 🇪🇸,2026,Male,ATHX,Strength,,,,70KG,130KG,175KG,,,106
106,David,Giron martin,David Giron martin,Male,,,https://ui-avatars.com/api/?name=D+G+m&color=FFFFFF&background=000000,ATHX BARCELONA 2026,Spain 🇪🇸,2026,Male,ATHX,Strength,,,,76KG,139KG,160KG,,,106
111,Diego,Martinez,Diego Martinez,Male,,,https://athxgames.com/storage/profile-photos/Q9PvuTpHvk0CCYGv9czvpAL9lJ2huHYryU1huVR0.png,ATHX BARCELONA 2026,Spain 🇪🇸,2026,Male,ATHX,Strength,,,,84KG,120KG,170KG,,,111
112,Harold,Delabre,Harold Delabre,Male,France,,https://athxgames.com/storage/profile-photos/ZZxDEalkn5Scqcz3By0ITF0Hz3q1SS4NVUEKUvje.jpg,ATHX MADRID 2026,Spain 🇪🇸,2026,Male,ATHX,Strength,,,,72KG,145KG,155KG,,,112
112,Rodrigo,da Silva,Rodrigo da Silva,Male,Portugal,2725 A Box de Sintra,https://ui-avatars.com/api/?name=R+d+S&color=FFFFFF&background=000000,ATHX MADRID 2026,Spain 🇪🇸,2026,Male,ATHX,Strength,,,,67KG,140KG,165KG,,,112
114,Rob,Byrne,Rob Byrne,Male,United Kingdom,True Grit Training,https://athxgames.com/storage/profile-photos/lf1VRvirXewG7iEoPaSaJNjhh5U0wQP8SxJMuqhq.jpg,ATHX MADRID 2026,Spain 🇪🇸,2026,Male,ATHX,Strength,,,,71KG,140KG,160KG,,,114
115,Adam,Ellis,Adam Ellis,Male,,,https://ui-avatars.com/api/?name=A+E&color=FFFFFF&background=000000,ATHX MADRID 2026,Spain 🇪🇸,2026,Male,ATHX,Strength,,,,70KG,140KG,160KG,,,115
115,Diego,Martinez,Diego Martinez,Male,,,https://athxgames.com/storage/profile-photos/Q9PvuTpHvk0CCYGv9czvpAL9lJ2huHYryU1huVR0.png,ATHX MADRID 2026,Spain 🇪🇸,2026,Male,ATHX,Strength,,,,80KG,120KG,170KG,,,115
115,Jhon Elkin,Morales,Jhon Elkin Morales,Male,Colombia,Acero,https://athxgames.com/storage/profile-photos/vxY7LvNXHatDJkdhVXRPlBHRddAe4tIXqTmQxwdw.jpg,ATHX MADRID 2026,Spain 🇪🇸,2026,Male,ATHX,Strength,,,,80KG,130KG,160KG,,,115
118,Ricardo,Rabre,Ricardo Rabre,Male,,,https://ui-avatars.com/api/?name=R+R&color=FFFFFF&background=000000,ATHX MADRID 2026,Spain 🇪🇸,2026,Male,ATHX,Strength,,,,64KG,130KG,175KG,,,118
118,Iván,Moraleda,Iván Moraleda,Male,,,https://ui-avatars.com/api/?name=I+M&color=FFFFFF&background=000000,ATHX MADRID 2026,Spain 🇪🇸,2026,Male,ATHX,Strength,,,,69KG,140KG,160KG,,,118
120,João Filipe,Santos,João Filipe Santos,Male,Portugal,,https://athxgames.com/storage/profile-photos/C50IevQ6zbtXclLYPykoB0lmRNCvszrxS9U0LrSv.jpg,ATHX MADRID 2026,Spain 🇪🇸,2026,Male,ATHX,Strength,,,,70KG,143KG,155KG,,,120
121,Luis,Simao,Luis Simao,Male,Portugal,Studio 131,https://athxgames.com/storage/profile-photos/e6yi5SiSd8lmURlcCUmDiSiZBPhXUaHAI55DmwgQ.jpg,ATHX MADRID 2026,Spain 🇪🇸,2026,Male,ATHX,Strength,,,,72KG,130KG,165KG,,,121
121,Maxime,Andrien,Maxime Andrien,Male,Belgium,Crossfit Liege,https://ui-avatars.com/api/?name=M+A&color=FFFFFF&background=000000,ATHX BARCELONA 2026,Spain 🇪🇸,2026,Male,ATHX,Strength,,,,72KG,130KG,165KG,,,121
121,aleix,pellicer,aleix pellicer,Male,,,https://ui-avatars.com/api/?name=a+p&color=FFFFFF&background=000000,ATHX BARCELONA 2026,Spain 🇪🇸,2026,Male,ATHX,Strength,,,,77KG,140KG,150KG,,,121
124,Ezequiel,Bahl,Ezequiel Bahl,Male,,,https://ui-avatars.com/api/?name=E+B&color=FFFFFF&background=000000,ATHX BARCELONA 2026,Spain 🇪🇸,2026,Male,ATHX,Strength,,,,67KG,138KG,160KG,,,124
125,Juan,Garcia,Juan Garcia,Male,,,https://ui-avatars.com/api/?name=J+G&color=FFFFFF&background=000000,ATHX MADRID 2026,Spain 🇪🇸,2026,Male,ATHX,Strength,,,,68KG,143KG,153KG,,,125
125,Marcin,Rutkowski,Marcin Rutkowski,Male,,,https://athxgames.com/storage/profile-photos/AFBWDt6CXD8UfASX92WZLKR37lrykvXG69j9hjiI.png,ATHX BARCELONA 2026,Spain 🇪🇸,2026,Male,ATHX,Strength,,,,63KG,131KG,170KG,,,125
127,Guy,Bailey,Guy Bailey,Male,United Kingdom,GPN Fitness Project,https://ui-avatars.com/api/?name=G+B&color=FFFFFF&background=000000,ATHX MADRID 2026,Spain 🇪🇸,2026,Male,ATHX,Strength,,,,70KG,140KG,153KG,,,127
127,Baptiste,Godin,Baptiste Godin,Male,,,https://ui-avatars.com/api/?name=B+G&color=FFFFFF&background=000000,ATHX BARCELONA 2026,Spain 🇪🇸,2026,Male,ATHX,Strength,,,,83KG,140KG,140KG,,,127
127,Daniel,Ortiz Pinelo,Daniel Ortiz Pinelo,Male,,,https://ui-avatars.com/api/?name=D+O+P&color=FFFFFF&background=000000,ATHX BARCELONA 2026,Spain 🇪🇸,2026,Male,ATHX,Strength,,,,73KG,120KG,170KG,,,127
130,Alberto,Garcia,Alberto Garcia,Male,,,https://ui-avatars.com/api/?name=A+G&color=FFFFFF&background=000000,ATHX MADRID 2026,Spain 🇪🇸,2026,Male,ATHX,Strength,,,,70KG,140KG,150KG,,,130
130,Jordi,Boada,Jordi Boada,Male,Spain,,https://ui-avatars.com/api/?name=J+B&color=FFFFFF&background=000000,ATHX BARCELONA 2026,Spain 🇪🇸,2026,Male,ATHX,Strength,,,,63KG,126KG,171KG,,,130
132,Paulo,Alves,Paulo Alves,Male,Portugal,Mov4fit,https://athxgames.com/storage/profile-photos/LTKqmT2GUtmKjUGsKZzCaOdpmvdh7clvXQJuTRnL.jpg,ATHX MADRID 2026,Spain 🇪🇸,2026,Male,ATHX,Strength,,,,68KG,140KG,150KG,,,132
132,Jason,Fernandez Birchwood,Jason Fernandez Birchwood,Male,,,https://ui-avatars.com/api/?name=J+F+B&color=FFFFFF&background=000000,ATHX MADRID 2026,Spain 🇪🇸,2026,Male,ATHX,Strength,,,,68KG,130KG,160KG,,,132
134,Emilio Antonio,Quintana Fernandez,Emilio Antonio Quintana Fernandez,Male,,,https://ui-avatars.com/api/?name=E+A+Q+F&color=FFFFFF&background=000000,ATHX MADRID 2026,Spain 🇪🇸,2026,Male,ATHX,Strength,,,,73KG,125KG,159KG,,,134
134,Alessandro,Marioli,Alessandro Marioli,Male,,,https://ui-avatars.com/api/?name=A+M&color=FFFFFF&background=000000,ATHX BARCELONA 2026,Spain 🇪🇸,2026,Male,ATHX,Strength,,,,67KG,120KG,170KG,,,134
136,Henry,Cordall,Henry Cordall,Male,,,https://ui-avatars.com/api/?name=H+C&color=FFFFFF&background=000000,ATHX MADRID 2026,Spain 🇪🇸,2026,Male,ATHX,Strength,,,,65KG,120KG,170KG,,,136
136,Daniel,Ortiz Pinelo,Daniel Ortiz Pinelo,Male,,,https://ui-avatars.com/api/?name=D+O+P&color=FFFFFF&background=000000,ATHX MADRID 2026,Spain 🇪🇸,2026,Male,ATHX,Strength,,,,75KG,115KG,165KG,,,136
136,Cédric,PILLON,Cédric PILLON,Male,,,https://ui-avatars.com/api/?name=C+P&color=FFFFFF&background=000000,ATHX BARCELONA 2026,Spain 🇪🇸,2026,Male,ATHX,Strength,,,,65KG,140KG,150KG,,,136
136,Maurizio,Maffei,Maurizio Maffei,Male,Italy,,https://athxgames.com/storage/profile-photos/9twohnzUkUyMhj6FHbZLLDB2LVmIEZBOeEYBSNzC.jpg,ATHX BARCELONA 2026,Spain 🇪🇸,2026,Male,ATHX,Strength,,,,65KG,125KG,165KG,,,136
136,Borja,Laguía,Borja Laguía,Male,,,https://athxgames.com/storage/profile-photos/O4k7KkMiVMCli8pWIWN5Hcn3uSPcB329byLIghkj.jpg,ATHX BARCELONA 2026,Spain 🇪🇸,2026,Male,ATHX,Strength,,,,60KG,140KG,155KG,,,136
141,PAOLO,Figueroa,PAOLO Figueroa,Male,Peru,G93 Crossfit,https://ui-avatars.com/api/?name=P+F&color=FFFFFF&background=000000,ATHX MADRID 2026,Spain 🇪🇸,2026,Male,ATHX,Strength,,,,67KG,140KG,147KG,,,141
141,Pedro Antonio,Aguirre Sanchez,Pedro Antonio Aguirre Sanchez,Male,Venezuela,,https://ui-avatars.com/api/?name=P+A+A+S&color=FFFFFF&background=000000,ATHX BARCELONA 2026,Spain 🇪🇸,2026,Male,ATHX,Strength,,,,70KG,140KG,144KG,,,141
143,Javier,Martínez Cosin,Javier Martínez Cosin,Male,Spain,Javier Martínez Cosin,https://ui-avatars.com/api/?name=J+M+C&color=FFFFFF&background=000000,ATHX MADRID 2026,Spain 🇪🇸,2026,Male,ATHX,Strength,,,,68KG,120KG,165KG,,,143
143,Nils,Wolf,Nils Wolf,Male,Germany,Petersgym,https://ui-avatars.com/api/?name=N+W&color=FFFFFF&background=000000,ATHX BARCELONA 2026,Spain 🇪🇸,2026,Male,ATHX,Strength,,,,63KG,130KG,160KG,,,143
145,Simon,Cottrall,Simon Cottrall,Male,,,https://ui-avatars.com/api/?name=S+C&color=FFFFFF&background=000000,ATHX MADRID 2026,Spain 🇪🇸,2026,Male,ATHX,Strength,,,,70KG,120KG,160KG,,,145
145,Maurizio,Maffei,Maurizio Maffei,Male,Italy,,https://athxgames.com/storage/profile-photos/9twohnzUkUyMhj6FHbZLLDB2LVmIEZBOeEYBSNzC.jpg,ATHX MADRID 2026,Spain 🇪🇸,2026,Male,ATHX,Strength,,,,60KG,120KG,170KG,,,145
145,Juan,Espinosa,Juan Espinosa,Male,,,https://ui-avatars.com/api/?name=J+E&color=FFFFFF&background=000000,ATHX MADRID 2026,Spain 🇪🇸,2026,Male,ATHX,Strength,,,,60KG,150KG,140KG,,,145
145,Muñiz,Seijas,Muñiz Seijas,Male,,,https://ui-avatars.com/api/?name=M+S&color=FFFFFF&background=000000,ATHX MADRID 2026,Spain 🇪🇸,2026,Male,ATHX,Strength,,,,68KG,137KG,145KG,,,145
145,Diego,Diaz Perez,Diego Diaz Perez,Male,Spain,,https://athxgames.com/storage/profile-photos/v6cpaRSzDj0suTtRndT80jDFvgopbeBGnW8xLCVH.png,ATHX BARCELONA 2026,Spain 🇪🇸,2026,Male,ATHX,Strength,,,,85KG,110KG,155KG,,,145
145,Tamás,Baranyai,Tamás Baranyai,Male,Hungary,Kaduzs Strength & Conditioning,https://ui-avatars.com/api/?name=T+B&color=FFFFFF&background=000000,ATHX BARCELONA 2026,Spain 🇪🇸,2026,Male,ATHX,Strength,,,,75KG,110KG,165KG,,,145
151,Fernando,Alvarez Clavera,Fernando Alvarez Clavera,Male,,,https://ui-avatars.com/api/?name=F+A+C&color=FFFFFF&background=000000,ATHX BARCELONA 2026,Spain 🇪🇸,2026,Male,ATHX,Strength,,,,72KG,131KG,146KG,,,151
151,JOFREY,AZEVEDO,JOFREY AZEVEDO,Male,,,https://ui-avatars.com/api/?name=J+A&color=FFFFFF&background=000000,ATHX BARCELONA 2026,Spain 🇪🇸,2026,Male,ATHX,Strength,,,,69KG,130KG,150KG,,,151
153,Pedro,Mayoral Romero,Pedro Mayoral Romero,Male,,,https://ui-avatars.com/api/?name=P+M+R&color=FFFFFF&background=000000,ATHX MADRID 2026,Spain 🇪🇸,2026,Male,ATHX,Strength,,,,68KG,130KG,150KG,,,153
153,Erwan,GUYON,Erwan GUYON,Male,,,https://ui-avatars.com/api/?name=E+G&color=FFFFFF&background=000000,ATHX BARCELONA 2026,Spain 🇪🇸,2026,Male,ATHX,Strength,,,,68KG,150KG,130KG,,,153
155,Rodrigo,Scheffer,Rodrigo Scheffer,Male,,,https://ui-avatars.com/api/?name=R+S&color=FFFFFF&background=000000,ATHX MADRID 2026,Spain 🇪🇸,2026,Male,ATHX,Strength,,,,67KG,140KG,140KG,,,155
155,Markus,Pretzl,Markus Pretzl,Male,,,https://ui-avatars.com/api/?name=M+P&color=FFFFFF&background=000000,ATHX BARCELONA 2026,Spain 🇪🇸,2026,Male,ATHX,Strength,,,,64KG,131KG,152KG,,,155
157,Sergio,Barrera Jiménez,Sergio Barrera Jiménez,Male,,,https://athxgames.com/storage/profile-photos/2qFKGe7oFAXKQLR10uW61Y3KjVmy5rJktQIIuJ25.jpg,ATHX MADRID 2026,Spain 🇪🇸,2026,Male,ATHX,Strength,,,,65KG,140KG,140KG,,,157
157,Jannik,Albrecht,Jannik Albrecht,Male,,,https://ui-avatars.com/api/?name=J+A&color=FFFFFF&background=000000,ATHX BARCELONA 2026,Spain 🇪🇸,2026,Male,ATHX,Strength,,,,60KG,130KG,155KG,,,157
159,Rodrigo,Alvarez Cerdeira,Rodrigo Alvarez Cerdeira,Male,Spain,Laucala health & CrossFit,https://ui-avatars.com/api/?name=R+A+C&color=FFFFFF&background=000000,ATHX MADRID 2026,Spain 🇪🇸,2026,Male,ATHX,Strength,,,,74KG,120KG,150KG,,,159
160,Néstor,Quiroga Casas,Néstor Quiroga Casas,Male,,,https://ui-avatars.com/api/?name=N+Q+C&color=FFFFFF&background=000000,ATHX MADRID 2026,Spain 🇪🇸,2026,Male,ATHX,Strength,,,,73KG,125KG,145KG,,,160
161,Alex,Membri,Alex Membri,Male,Spain,,https://ui-avatars.com/api/?name=A+M&color=FFFFFF&background=000000,ATHX MADRID 2026,Spain 🇪🇸,2026,Male,ATHX,Strength,,,,64KG,115KG,163KG,,,161
161,Mattia,Piaia,Mattia Piaia,Male,,,https://ui-avatars.com/api/?name=M+P&color=FFFFFF&background=000000,ATHX MADRID 2026,Spain 🇪🇸,2026,Male,ATHX,Strength,,,,67KG,125KG,150KG,,,161
161,Diego,Navarro Perez,Diego Navarro Perez,Male,,,https://ui-avatars.com/api/?name=D+N+P&color=FFFFFF&background=000000,ATHX MADRID 2026,Spain 🇪🇸,2026,Male,ATHX,Strength,,,,70KG,120KG,152KG,,,161
161,Luca,Pintimalli,Luca Pintimalli,Male,,,https://ui-avatars.com/api/?name=L+P&color=FFFFFF&background=000000,ATHX BARCELONA 2026,Spain 🇪🇸,2026,Male,ATHX,Strength,,,,66KG,116KG,160KG,,,161
165,Eric,Xaus,Eric Xaus,Male,Spain,Fabrik,https://ui-avatars.com/api/?name=E+X&color=FFFFFF&background=000000,ATHX BARCELONA 2026,Spain 🇪🇸,2026,Male,ATHX,Strength,,,,69KG,121KG,151KG,,,165
166,Carlos,Jaen,Carlos Jaen,Male,,,https://ui-avatars.com/api/?name=C+J&color=FFFFFF&background=000000,ATHX MADRID 2026,Spain 🇪🇸,2026,Male,ATHX,Strength,,,,61KG,115KG,164KG,,,166
166,Adrián,Quintero,Adrián Quintero,Male,,,https://ui-avatars.com/api/?name=A+Q&color=FFFFFF&background=000000,ATHX MADRID 2026,Spain 🇪🇸,2026,Male,ATHX,Strength,,,,60KG,120KG,160KG,,,166
168,ALEJANDRO,KRUMECADYK,ALEJANDRO KRUMECADYK,Male,,,https://ui-avatars.com/api/?name=A+K&color=FFFFFF&background=000000,ATHX BARCELONA 2026,Spain 🇪🇸,2026,Male,ATHX,Strength,,,,71KG,126KG,142KG,,,168
169,adrián,martin toro,adrián martin toro,Male,,,https://ui-avatars.com/api/?name=a+m+t&color=FFFFFF&background=000000,ATHX MADRID 2026,Spain 🇪🇸,2026,Male,ATHX,Strength,,,,65KG,122KG,150KG,,,169
170,Roger,Riba Pla,Roger Riba Pla,Male,,,https://ui-avatars.com/api/?name=R+R+P&color=FFFFFF&background=000000,ATHX BARCELONA 2026,Spain 🇪🇸,2026,Male,ATHX,Strength,,,,62KG,122KG,152KG,,,170
171,Jean-Baptiste,Galan,Jean-Baptiste Galan,Male,France,,https://ui-avatars.com/api/?name=J+G&color=FFFFFF&background=000000,ATHX BARCELONA 2026,Spain 🇪🇸,2026,Male,ATHX,Strength,,,,65KG,125KG,145KG,,,171
172,Jorge,Sánchez Mateos,Jorge Sánchez Mateos,Male,,,https://ui-avatars.com/api/?name=J+S+M&color=FFFFFF&background=000000,ATHX MADRID 2026,Spain 🇪🇸,2026,Male,ATHX,Strength,,,,67KG,117KG,150KG,,,172
173,Jose Alberto,Toledo,Jose Alberto Toledo,Male,,,https://ui-avatars.com/api/?name=J+A+T&color=FFFFFF&background=000000,ATHX BARCELONA 2026,Spain 🇪🇸,2026,Male,ATHX,Strength,,,,63KG,105KG,165KG,,,173
174,David,Gomez,David Gomez,Male,,,https://ui-avatars.com/api/?name=D+G&color=FFFFFF&background=000000,ATHX MADRID 2026,Spain 🇪🇸,2026,Male,ATHX,Strength,,,,62KG,120KG,150KG,,,174
175,Francisco,Mora,Francisco Mora,Male,Spain,Rustiq Fitness,https://ui-avatars.com/api/?name=F+M&color=FFFFFF&background=000000,ATHX MADRID 2026,Spain 🇪🇸,2026,Male,ATHX,Strength,,,,60KG,125KG,145KG,,,175
175,Santiago,Campos Ruiz,Santiago Campos Ruiz,Male,,,https://ui-avatars.com/api/?name=S+C+R&color=FFFFFF&background=000000,ATHX MADRID 2026,Spain 🇪🇸,2026,Male,ATHX,Strength,,,,60KG,115KG,155KG,,,175
175,Daniel,Gatnau,Daniel Gatnau,Male,,,https://ui-avatars.com/api/?name=D+G&color=FFFFFF&background=000000,ATHX MADRID 2026,Spain 🇪🇸,2026,Male,ATHX,Strength,,,,60KG,120KG,150KG,,,175
175,Vegar,Haave,Vegar Haave,Male,,,https://ui-avatars.com/api/?name=V+H&color=FFFFFF&background=000000,ATHX BARCELONA 2026,Spain 🇪🇸,2026,Male,ATHX,Strength,,,,80KG,120KG,130KG,,,175
175,Mathieu,Gaillard,Mathieu Gaillard,Male,France,Crossfit Lutece,https://athxgames.com/storage/profile-photos/xKyfHqS0iM6m8wTxReiv3BQmjIpyl0SwHQYIO0Vm.jpg,ATHX BARCELONA 2026,Spain 🇪🇸,2026,Male,ATHX,Strength,,,,70KG,130KG,130KG,,,175
180,JUAN,Tobeña Puyal,JUAN Tobeña Puyal,Male,,,https://ui-avatars.com/api/?name=J+T+P&color=FFFFFF&background=000000,ATHX MADRID 2026,Spain 🇪🇸,2026,Male,ATHX,Strength,,,,64KG,122KG,142KG,,,180
181,Santiago,Fernández Bobis,Santiago Fernández Bobis,Male,,,https://ui-avatars.com/api/?name=S+F+B&color=FFFFFF&background=000000,ATHX MADRID 2026,Spain 🇪🇸,2026,Male,ATHX,Strength,,,,67KG,130KG,130KG,,,181
182,Pedro,Bras,Pedro Bras,Male,,,https://ui-avatars.com/api/?name=P+B&color=FFFFFF&background=000000,ATHX MADRID 2026,Spain 🇪🇸,2026,Male,ATHX,Strength,,,,65KG,120KG,140KG,,,182
182,dani,zhou ye,dani zhou ye,Male,,,https://ui-avatars.com/api/?name=d+z+y&color=FFFFFF&background=000000,ATHX BARCELONA 2026,Spain 🇪🇸,2026,Male,ATHX,Strength,,,,65KG,120KG,140KG,,,182
182,Hugo,Idier,Hugo Idier,Male,,,https://ui-avatars.com/api/?name=H+I&color=FFFFFF&background=000000,ATHX BARCELONA 2026,Spain 🇪🇸,2026,Male,ATHX,Strength,,,,45KG,120KG,160KG,,,182
182,Cid,Fonseca,Cid Fonseca,Male,Portugal,,https://ui-avatars.com/api/?name=C+F&color=FFFFFF&background=000000,ATHX BARCELONA 2026,Spain 🇪🇸,2026,Male,ATHX,Strength,,,,60KG,125KG,140KG,,,182
182,Romain,Claudet,Romain Claudet,Male,,,https://ui-avatars.com/api/?name=R+C&color=FFFFFF&background=000000,ATHX BARCELONA 2026,Spain 🇪🇸,2026,Male,ATHX,Strength,,,,75KG,120KG,130KG,,,182
187,Rafael,Rodríguez Estévez,Rafael Rodríguez Estévez,Male,,,https://ui-avatars.com/api/?name=R+R+E&color=FFFFFF&background=000000,ATHX MADRID 2026,Spain 🇪🇸,2026,Male,ATHX,Strength,,,,60KG,110KG,154KG,,,187
188,Manuel,Rojo,Manuel Rojo,Male,,,https://athxgames.com/storage/profile-photos/s5BsImEZGPJy3FSyf6gFzMhj7CN6Mk1EbtU1qBka.jpg,ATHX MADRID 2026,Spain 🇪🇸,2026,Male,ATHX,Strength,,,,56KG,115KG,152KG,,,188
188,Dominik,Pavlik,Dominik Pavlik,Male,,,https://ui-avatars.com/api/?name=D+P&color=FFFFFF&background=000000,ATHX BARCELONA 2026,Spain 🇪🇸,2026,Male,ATHX,Strength,,,,63KG,120KG,140KG,,,188
190,Samuel,Saez Castillo,Samuel Saez Castillo,Male,,,https://ui-avatars.com/api/?name=S+S+C&color=FFFFFF&background=000000,ATHX MADRID 2026,Spain 🇪🇸,2026,Male,ATHX,Strength,,,,65KG,115KG,140KG,,,190
190,Victor,Martin,Victor Martin,Male,,,https://ui-avatars.com/api/?name=V+M&color=FFFFFF&background=000000,ATHX MADRID 2026,Spain 🇪🇸,2026,Male,ATHX,Strength,,,,70KG,100KG,150KG,,,190
192,Michael,Haid,Michael Haid,Male,Germany,,https://ui-avatars.com/api/?name=M+H&color=FFFFFF&background=000000,ATHX BARCELONA 2026,Spain 🇪🇸,2026,Male,ATHX,Strength,,,,58KG,120KG,140KG,,,192
193,Adrian,Barajas Vellon,Adrian Barajas Vellon,Male,,,https://ui-avatars.com/api/?name=A+B+V&color=FFFFFF&background=000000,ATHX MADRID 2026,Spain 🇪🇸,2026,Male,ATHX,Strength,,,,67KG,120KG,130KG,,,193
194,Giovanni,Petito,Giovanni Petito,Male,Italy,Home Gym Club,https://ui-avatars.com/api/?name=G+P&color=FFFFFF&background=000000,ATHX BARCELONA 2026,Spain 🇪🇸,2026,Male,ATHX,Strength,,,,56KG,110KG,150KG,,,194
194,EDUARD,MORERA TORRES,EDUARD MORERA TORRES,Male,,,https://ui-avatars.com/api/?name=E+M+T&color=FFFFFF&background=000000,ATHX BARCELONA 2026,Spain 🇪🇸,2026,Male,ATHX,Strength,,,,69KG,111KG,136KG,,,194
196,Chris,Meadowcroft,Chris Meadowcroft,Male,,,https://ui-avatars.com/api/?name=C+M&color=FFFFFF&background=000000,ATHX MADRID 2026,Spain 🇪🇸,2026,Male,ATHX,Strength,,,,55KG,105KG,155KG,,,196
196,JOAN,TRENCO,JOAN TRENCO,Male,,,https://ui-avatars.com/api/?name=J+T&color=FFFFFF&background=000000,ATHX MADRID 2026,Spain 🇪🇸,2026,Male,ATHX,Strength,,,,59KG,120KG,136KG,,,196
196,Mark,McNulty,Mark McNulty,Male,,,https://ui-avatars.com/api/?name=M+M&color=FFFFFF&background=000000,ATHX BARCELONA 2026,Spain 🇪🇸,2026,Male,ATHX,Strength,,,,55KG,125KG,135KG,,,196
199,Evan,Crotty,Evan Crotty,Male,,,https://ui-avatars.com/api/?name=E+C&color=FFFFFF&background=000000,ATHX BARCELONA 2026,Spain 🇪🇸,2026,Male,ATHX,Strength,,,,70KG,113KG,131KG,,,199
199,Rémi,Gouault,Rémi Gouault,Male,,,https://ui-avatars.com/api/?name=R+G&color=FFFFFF&background=000000,ATHX BARCELONA 2026,Spain 🇪🇸,2026,Male,ATHX,Strength,,,,74KG,100KG,140KG,,,199
199,Sam,Laczny,Sam Laczny,Male,,,https://ui-avatars.com/api/?name=S+L&color=FFFFFF&background=000000,ATHX BARCELONA 2026,Spain 🇪🇸,2026,Male,ATHX,Strength,,,,64KG,100KG,150KG,,,199
202,Jorge,Añover,Jorge Añover,Male,Spain,,https://ui-avatars.com/api/?name=J+A&color=FFFFFF&background=000000,ATHX MADRID 2026,Spain 🇪🇸,2026,Male,ATHX,Strength,,,,68KG,105KG,140KG,,,202
203,Rubén,Sáez García,Rubén Sáez García,Male,,,https://ui-avatars.com/api/?name=R+S+G&color=FFFFFF&background=000000,ATHX MADRID 2026,Spain 🇪🇸,2026,Male,ATHX,Strength,,,,62KG,100KG,150KG,,,203
204,Miguel,Moratiel,Miguel Moratiel,Male,,,https://ui-avatars.com/api/?name=M+M&color=FFFFFF&background=000000,ATHX MADRID 2026,Spain 🇪🇸,2026,Male,ATHX,Strength,,,,60KG,110KG,141KG,,,204
204,Ramón,Gómez Robles,Ramón Gómez Robles,Male,,,https://ui-avatars.com/api/?name=R+G+R&color=FFFFFF&background=000000,ATHX MADRID 2026,Spain 🇪🇸,2026,Male,ATHX,Strength,,,,73KG,108KG,130KG,,,204
204,Cameron,Styles,Cameron Styles,Male,,,https://ui-avatars.com/api/?name=C+S&color=FFFFFF&background=000000,ATHX BARCELONA 2026,Spain 🇪🇸,2026,Male,ATHX,Strength,,,,57KG,114KG,140KG,,,204
207,Sergio,Rodríguez Calzada,Sergio Rodríguez Calzada,Male,,,https://ui-avatars.com/api/?name=S+R+C&color=FFFFFF&background=000000,ATHX MADRID 2026,Spain 🇪🇸,2026,Male,ATHX,Strength,,,,70KG,90KG,150KG,,,207
207,Daniel,Carrillo,Daniel Carrillo,Male,,,https://ui-avatars.com/api/?name=D+C&color=FFFFFF&background=000000,ATHX MADRID 2026,Spain 🇪🇸,2026,Male,ATHX,Strength,,,,60KG,110KG,140KG,,,207
207,Javier,Ventura,Javier Ventura,Male,Spain,,https://athxgames.com/storage/profile-photos/urPLSDK2Ux2xYKk2Bz4CikbtUZrIbqI9ykCouK3W.png,ATHX MADRID 2026,Spain 🇪🇸,2026,Male,ATHX,Strength,,,,60KG,110KG,140KG,,,207
207,Pablo,Zamora Romero,Pablo Zamora Romero,Male,Spain,Zeta Zona Zero,https://athxgames.com/storage/profile-photos/B7CuwPadrjz6cmsFOcP9fA0WyxLlb3hiwkHsS3tW.jpg,ATHX BARCELONA 2026,Spain 🇪🇸,2026,Male,ATHX,Strength,,,,70KG,110KG,130KG,,,207
207,Frederic,Tinturier,Frederic Tinturier,Male,,,https://ui-avatars.com/api/?name=F+T&color=FFFFFF&background=000000,ATHX BARCELONA 2026,Spain 🇪🇸,2026,Male,ATHX,Strength,,,,55KG,115KG,140KG,,,207
207,Sonny,Cosnet,Sonny Cosnet,Male,,,https://ui-avatars.com/api/?name=S+C&color=FFFFFF&background=000000,ATHX BARCELONA 2026,Spain 🇪🇸,2026,Male,ATHX,Strength,,,,50KG,120KG,140KG,,,207
213,Daniel,González Cros,Daniel González Cros,Male,Spain,Cros,https://athxgames.com/storage/profile-photos/r9oxZ0hEu77HqlKmUEvLA875HSK0MXQJEHBF3HGe.jpg,ATHX MADRID 2026,Spain 🇪🇸,2026,Male,ATHX,Strength,,,,54KG,115KG,140KG,,,213
214,craig,cameron,craig cameron,Male,,,https://ui-avatars.com/api/?name=c+c&color=FFFFFF&background=000000,ATHX MADRID 2026,Spain 🇪🇸,2026,Male,ATHX,Strength,,,,68KG,100KG,140KG,,,214
215,Garoé,Bello,Garoé Bello,Male,,,https://ui-avatars.com/api/?name=G+B&color=FFFFFF&background=000000,ATHX MADRID 2026,Spain 🇪🇸,2026,Male,ATHX,Strength,,,,67KG,100KG,140KG,,,215
216,Aaron,Quintana,Aaron Quintana,Male,,,https://ui-avatars.com/api/?name=A+Q&color=FFFFFF&background=000000,ATHX MADRID 2026,Spain 🇪🇸,2026,Male,ATHX,Strength,,,,61KG,125KG,120KG,,,216
217,Víctor,Soler Cortina,Víctor Soler Cortina,Male,,,https://ui-avatars.com/api/?name=V+S+C&color=FFFFFF&background=000000,ATHX MADRID 2026,Spain 🇪🇸,2026,Male,ATHX,Strength,,,,65KG,120KG,120KG,,,217
217,Germán,Cardenete Medina,Germán Cardenete Medina,Male,,,https://ui-avatars.com/api/?name=G+C+M&color=FFFFFF&background=000000,ATHX MADRID 2026,Spain 🇪🇸,2026,Male,ATHX,Strength,,,,65KG,90KG,150KG,,,217
217,Joan Marc,Gruart Bigas,Joan Marc Gruart Bigas,Male,,,https://ui-avatars.com/api/?name=J+M+G+B&color=FFFFFF&background=000000,ATHX BARCELONA 2026,Spain 🇪🇸,2026,Male,ATHX,Strength,,,,59KG,96KG,150KG,,,217
217,Gerard,Martinez,Gerard Martinez,Male,,,https://ui-avatars.com/api/?name=G+M&color=FFFFFF&background=000000,ATHX BARCELONA 2026,Spain 🇪🇸,2026,Male,ATHX,Strength,,,,65KG,90KG,150KG,,,217
221,Yan,Benevides,Yan Benevides,Male,Brazil,Yan,https://ui-avatars.com/api/?name=Y+B&color=FFFFFF&background=000000,ATHX BARCELONA 2026,Spain 🇪🇸,2026,Male,ATHX,Strength,,,,74KG,110KG,120KG,,,221
222,Carlos,Ríos,Carlos Ríos,Male,Spain,,https://ui-avatars.com/api/?name=C+R&color=FFFFFF&background=000000,ATHX MADRID 2026,Spain 🇪🇸,2026,Male,ATHX,Strength,,,,52KG,113KG,138KG,,,222
222,Iago,Fernandez Gomez,Iago Fernandez Gomez,Male,,,https://ui-avatars.com/api/?name=I+F+G&color=FFFFFF&background=000000,ATHX MADRID 2026,Spain 🇪🇸,2026,Male,ATHX,Strength,,,,58KG,105KG,140KG,,,222
222,Ander,Cobo,Ander Cobo,Male,,,https://ui-avatars.com/api/?name=A+C&color=FFFFFF&background=000000,ATHX BARCELONA 2026,Spain 🇪🇸,2026,Male,ATHX,Strength,,,,63KG,100KG,140KG,,,222
225,Carlos David,Paco Fernandez,Carlos David Paco Fernandez,Male,,,https://ui-avatars.com/api/?name=C+D+P+F&color=FFFFFF&background=000000,ATHX MADRID 2026,Spain 🇪🇸,2026,Male,ATHX,Strength,,,,65KG,115KG,122KG,,,225
225,Óscar,Ayala,Óscar Ayala,Male,Spain,Hytos,https://ui-avatars.com/api/?name=%C3%93+A&color=FFFFFF&background=000000,ATHX MADRID 2026,Spain 🇪🇸,2026,Male,ATHX,Strength,,,,62KG,110KG,130KG,,,225
227,Dirk,Balili,Dirk Balili,Male,Philippines,,https://ui-avatars.com/api/?name=D+B&color=FFFFFF&background=000000,ATHX MADRID 2026,Spain 🇪🇸,2026,Male,ATHX,Strength,,,,68KG,98KG,135KG,,,227
228,Alex,Cabrera,Alex Cabrera,Male,Spain,,https://ui-avatars.com/api/?name=A+C&color=FFFFFF&background=000000,ATHX BARCELONA 2026,Spain 🇪🇸,2026,Male,ATHX,Strength,,,,50KG,110KG,140KG,,,228
228,Emilio,Schroeder,Emilio Schroeder,Male,,,https://ui-avatars.com/api/?name=E+S&color=FFFFFF&background=000000,ATHX BARCELONA 2026,Spain 🇪🇸,2026,Male,ATHX,Strength,,,,60KG,110KG,130KG,,,228
230,Dovydas,Radavicius,Dovydas Radavicius,Male,Lithuania,,https://ui-avatars.com/api/?name=D+R&color=FFFFFF&background=000000,ATHX BARCELONA 2026,Spain 🇪🇸,2026,Male,ATHX,Strength,,,,65KG,104KG,130KG,,,230
231,Martin,Smith,Martin Smith,Male,United Kingdom,,https://ui-avatars.com/api/?name=M+S&color=FFFFFF&background=000000,ATHX MADRID 2026,Spain 🇪🇸,2026,Male,ATHX,Strength,,,,60KG,103KG,135KG,,,231
232,Blas,Chamorro,Blas Chamorro,Male,,,https://ui-avatars.com/api/?name=B+C&color=FFFFFF&background=000000,ATHX MADRID 2026,Spain 🇪🇸,2026,Male,ATHX,Strength,,,,50KG,115KG,130KG,,,232
232,C Mathias,Jara Fismaurises,C Mathias Jara Fismaurises,Male,Spain,,https://ui-avatars.com/api/?name=C+M+J+F&color=FFFFFF&background=000000,ATHX MADRID 2026,Spain 🇪🇸,2026,Male,ATHX,Strength,,,,55KG,120KG,120KG,,,232
234,Alvaro,Garcia,Alvaro Garcia,Male,,,https://ui-avatars.com/api/?name=A+G&color=FFFFFF&background=000000,ATHX MADRID 2026,Spain 🇪🇸,2026,Male,ATHX,Strength,,,,60KG,102KG,130KG,,,234
234,Teddy,Lecarpentier,Teddy Lecarpentier,Male,,,https://ui-avatars.com/api/?name=T+L&color=FFFFFF&background=000000,ATHX BARCELONA 2026,Spain 🇪🇸,2026,Male,ATHX,Strength,,,,52KG,105KG,135KG,,,234
236,Nikolai,Kress,Nikolai Kress,Male,Germany,CrossFit TwentyNineSeven,https://athxgames.com/storage/profile-photos/NNBC6BkuY4bAwQ3id85TX8FlRBXMyFCbyVurTkRe.jpg,ATHX MADRID 2026,Spain 🇪🇸,2026,Male,ATHX,Strength,,,,60KG,110KG,120KG,,,236
236,Íñigo,González,Íñigo González,Male,,,https://ui-avatars.com/api/?name=%C3%8D+G&color=FFFFFF&background=000000,ATHX MADRID 2026,Spain 🇪🇸,2026,Male,ATHX,Strength,,,,55KG,100KG,135KG,,,236
236,Robert,Wiersbinski,Robert Wiersbinski,Male,Germany,,https://athxgames.com/storage/profile-photos/fgOcjTU56euANA18QoPuX2FR7yBr6E8wRc8PE0go.jpg,ATHX MADRID 2026,Spain 🇪🇸,2026,Male,ATHX,Strength,,,,50KG,90KG,150KG,,,236
236,Eros,Álvarez Dacosta,Eros Álvarez Dacosta,Male,,,https://ui-avatars.com/api/?name=E+%C3%81+D&color=FFFFFF&background=000000,ATHX MADRID 2026,Spain 🇪🇸,2026,Male,ATHX,Strength,,,,55KG,100KG,135KG,,,236
236,Eugène,Ngankam,Eugène Ngankam,Male,Switzerland,,https://ui-avatars.com/api/?name=E+N&color=FFFFFF&background=000000,ATHX BARCELONA 2026,Spain 🇪🇸,2026,Male,ATHX,Strength,,,,55KG,105KG,130KG,,,236
241,Rémy,remy.carayon12@gmail.com,Rémy remy.carayon12@gmail.com,Male,France,,https://athxgames.com/storage/profile-photos/6iV8NXOlz7YffRkvNqIPQTt9IEovlO6tAGcrtoaQ.jpg,ATHX BARCELONA 2026,Spain 🇪🇸,2026,Male,ATHX,Strength,,,,60KG,103KG,125KG,,,241
242,Rahim,Kaba,Rahim Kaba,Male,,,https://ui-avatars.com/api/?name=R+K&color=FFFFFF&background=000000,ATHX MADRID 2026,Spain 🇪🇸,2026,Male,ATHX,Strength,,,,57KG,100KG,130KG,,,242
242,Santiago,Cordero,Santiago Cordero,Male,,,https://ui-avatars.com/api/?name=S+C&color=FFFFFF&background=000000,ATHX MADRID 2026,Spain 🇪🇸,2026,Male,ATHX,Strength,,,,57KG,110KG,120KG,,,242
244,Mark,Leonardo,Mark Leonardo,Male,,,https://ui-avatars.com/api/?name=M+L&color=FFFFFF&background=000000,ATHX MADRID 2026,Spain 🇪🇸,2026,Male,ATHX,Strength,,,,56KG,100KG,130KG,,,244
245,Antonio,Ortega Álvarez,Antonio Ortega Álvarez,Male,,,https://athxgames.com/storage/profile-photos/nIcR9QSyvn1760HVCEPLqNHYQlWC05PEWPynLH4C.jpg,ATHX MADRID 2026,Spain 🇪🇸,2026,Male,ATHX,Strength,,,,55KG,100KG,130KG,,,245
245,Carlos,Mora,Carlos Mora,Male,,,https://ui-avatars.com/api/?name=C+M&color=FFFFFF&background=000000,ATHX MADRID 2026,Spain 🇪🇸,2026,Male,ATHX,Strength,,,,45KG,110KG,130KG,,,245
245,Javier,Mateo Fuertes,Javier Mateo Fuertes,Male,,,https://athxgames.com/storage/profile-photos/exNypFjhdNHQA9MCXA68XHas1SKT41uFd9f1vDBm.jpg,ATHX MADRID 2026,Spain 🇪🇸,2026,Male,ATHX,Strength,,,,65KG,100KG,120KG,,,245
248,Tiago,Silva,Tiago Silva,Male,,,https://ui-avatars.com/api/?name=T+S&color=FFFFFF&background=000000,ATHX BARCELONA 2026,Spain 🇪🇸,2026,Male,ATHX,Strength,,,,53KG,90KG,140KG,,,248
249,Jack,Charman,Jack Charman,Male,,,https://ui-avatars.com/api/?name=J+C&color=FFFFFF&background=000000,ATHX MADRID 2026,Spain 🇪🇸,2026,Male,ATHX,Strength,,,,60KG,100KG,120KG,,,249
249,Diego,Pita,Diego Pita,Male,,,https://ui-avatars.com/api/?name=D+P&color=FFFFFF&background=000000,ATHX BARCELONA 2026,Spain 🇪🇸,2026,Male,ATHX,Strength,,,,50KG,110KG,120KG,,,249
249,Marko,Filipovic,Marko Filipovic,Male,,,https://ui-avatars.com/api/?name=M+F&color=FFFFFF&background=000000,ATHX BARCELONA 2026,Spain 🇪🇸,2026,Male,ATHX,Strength,,,,55KG,93KG,132KG,,,249
249,Mattéo,SENECA-FERREIRA,Mattéo SENECA-FERREIRA,Male,Belgium,6/23 TRAINING CLUB,https://ui-avatars.com/api/?name=M+S&color=FFFFFF&background=000000,ATHX BARCELONA 2026,Spain 🇪🇸,2026,Male,ATHX,Strength,,,,55KG,95KG,130KG,,,249
253,Ander,Cobo,Ander Cobo,Male,,,https://ui-avatars.com/api/?name=A+C&color=FFFFFF&background=000000,ATHX MADRID 2026,Spain 🇪🇸,2026,Male,ATHX,Strength,,,,59KG,90KG,130KG,,,253
254,Ricardo,Silva,Ricardo Silva,Male,Portugal,CrossFit Durius,https://athxgames.com/storage/profile-photos/KU4fRdR8KfAQQXLSRTD0KHCfj0SiKTU5snPNet6S.jpg,ATHX MADRID 2026,Spain 🇪🇸,2026,Male,ATHX,Strength,,,,52KG,93KG,125KG,,,254
254,Niccolo,Mosconi,Niccolo Mosconi,Male,,,https://ui-avatars.com/api/?name=N+M&color=FFFFFF&background=000000,ATHX BARCELONA 2026,Spain 🇪🇸,2026,Male,ATHX,Strength,,,,60KG,80KG,130KG,,,254
256,Fabian,Cuenca,Fabian Cuenca,Male,Spain,Stygia,https://athxgames.com/storage/profile-photos/Q6UZrjqsz57jgWU4nlx9bRSOtsgBXzLz87r8tAV8.jpg,ATHX BARCELONA 2026,Spain 🇪🇸,2026,Male,ATHX,Strength,,,,57KG,86KG,124KG,,,256
257,Kilian,Baumann,Kilian Baumann,Male,,,https://ui-avatars.com/api/?name=K+B&color=FFFFFF&background=000000,ATHX MADRID 2026,Spain 🇪🇸,2026,Male,ATHX,Strength,,,,60KG,105KG,100KG,,,257
257,Simone,Ricciardi,Simone Ricciardi,Male,,,https://ui-avatars.com/api/?name=S+R&color=FFFFFF&background=000000,ATHX BARCELONA 2026,Spain 🇪🇸,2026,Male,ATHX,Strength,,,,60KG,80KG,125KG,,,257
257,Romain,Monino Duran,Romain Monino Duran,Male,,,https://ui-avatars.com/api/?name=R+M+D&color=FFFFFF&background=000000,ATHX BARCELONA 2026,Spain 🇪🇸,2026,Male,ATHX,Strength,,,,55KG,100KG,110KG,,,257
257,Andre,Oliveira,Andre Oliveira,Male,Portugal,THRIVE - Dare to Rise,https://athxgames.com/storage/profile-photos/qJpHRVM36be5wEdfxYha0RpZCPXh6GG6H1wKWcX1.jpg,ATHX BARCELONA 2026,Spain 🇪🇸,2026,Male,ATHX,Strength,,,,55KG,90KG,120KG,,,257
261,Alessandro,Poggi,Alessandro Poggi,Male,,,https://ui-avatars.com/api/?name=A+P&color=FFFFFF&background=000000,ATHX MADRID 2026,Spain 🇪🇸,2026,Male,ATHX,Strength,,,,55KG,93KG,115KG,,,261
261,JULIEN,MAYER,JULIEN MAYER,Male,France,,https://ui-avatars.com/api/?name=J+M&color=FFFFFF&background=000000,ATHX BARCELONA 2026,Spain 🇪🇸,2026,Male,ATHX,Strength,,,,58KG,85KG,120KG,,,261
263,Fabian,Cuenca,Fabian Cuenca,Male,Spain,Stygia,https://athxgames.com/storage/profile-photos/Q6UZrjqsz57jgWU4nlx9bRSOtsgBXzLz87r8tAV8.jpg,ATHX MADRID 2026,Spain 🇪🇸,2026,Male,ATHX,Strength,,,,56KG,85KG,120KG,,,263
264,Matias,Sanchez,Matias Sanchez,Male,,,https://ui-avatars.com/api/?name=M+S&color=FFFFFF&background=000000,ATHX MADRID 2026,Spain 🇪🇸,2026,Male,ATHX,Strength,,,,50KG,100KG,110KG,,,264
264,Miguel Angel,Gallardo,Miguel Angel Gallardo,Male,,,https://ui-avatars.com/api/?name=M+A+G&color=FFFFFF&background=000000,ATHX MADRID 2026,Spain 🇪🇸,2026,Male,ATHX,Strength,,,,60KG,100KG,100KG,,,264
266,Jesus,Garcia,Jesus Garcia,Male,,,https://athxgames.com/storage/profile-photos/YWyulu6DKZfj5qIedctxHNyEdRdzM5BnxmK3gDww.jpg,ATHX MADRID 2026,Spain 🇪🇸,2026,Male,ATHX,Strength,,,,50KG,90KG,115KG,,,266
266,Pau,Esqué Yañez,Pau Esqué Yañez,Male,,,https://ui-avatars.com/api/?name=P+E+Y&color=FFFFFF&background=000000,ATHX BARCELONA 2026,Spain 🇪🇸,2026,Male,ATHX,Strength,,,,55KG,90KG,110KG,,,266
268,Nicholas,Hampshire,Nicholas Hampshire,Male,United Kingdom,Nick,https://athxgames.com/storage/profile-photos/CRzvCiwxPxamxoJWnvkhNUN1fADLEIRmUr7rc3Ne.jpg,ATHX MADRID 2026,Spain 🇪🇸,2026,Male,ATHX,Strength,,,,60KG,90KG,100KG,,,268
269,Rubén,Fuentes Blasco,Rubén Fuentes Blasco,Male,Spain,CrossFit Vinaros,https://ui-avatars.com/api/?name=R+F+B&color=FFFFFF&background=000000,ATHX BARCELONA 2026,Spain 🇪🇸,2026,Male,ATHX,Strength,,,,50KG,90KG,105KG,,,269
270,Rafael,Domínguez,Rafael Domínguez,Male,,,https://ui-avatars.com/api/?name=R+D&color=FFFFFF&background=000000,ATHX MADRID 2026,Spain 🇪🇸,2026,Male,ATHX,Strength,,,,50KG,75KG,110KG,,,270
270,Jorge Damián,Cordova Almache,Jorge Damián Cordova Almache,Male,,,https://ui-avatars.com/api/?name=J+D+C+A&color=FFFFFF&background=000000,ATHX MADRID 2026,Spain 🇪🇸,2026,Male,ATHX,Strength,,,,45KG,85KG,105KG,,,270
272,Sergio,Rozas Fernandez,Sergio Rozas Fernandez,Male,Spain,,https://ui-avatars.com/api/?name=S+R+F&color=FFFFFF&background=000000,ATHX BARCELONA 2026,Spain 🇪🇸,2026,Male,ATHX,Strength,,,,43KG,85KG,105KG,,,272
273,Fran,Hernandez,Fran Hernandez,Male,Spain,Valladolid Vacceos Box,https://ui-avatars.com/api/?name=F+H&color=FFFFFF&background=000000,ATHX MADRID 2026,Spain 🇪🇸,2026,Male,ATHX,Strength,,,,47KG,80KG,105KG,,,273
274,Héctor,Cruzado,Héctor Cruzado,Male,Spain,,https://ui-avatars.com/api/?name=H+C&color=FFFFFF&background=000000,ATHX MADRID 2026,Spain 🇪🇸,2026,Male,ATHX,Strength,,,,47KG,82KG,102KG,,,274
275,Hugo,Herraiz,Hugo Herraiz,Male,Spain,,https://ui-avatars.com/api/?name=H+H&color=FFFFFF&background=000000,ATHX MADRID 2026,Spain 🇪🇸,2026,Male,ATHX,Strength,,,,54KG,84KG,90KG,,,275
276,Stanisław,Bajorski,Stanisław Bajorski,Male,,,https://ui-avatars.com/api/?name=S+B&color=FFFFFF&background=000000,ATHX BARCELONA 2026,Spain 🇪🇸,2026,Male,ATHX,Strength,,,,46KG,66KG,111KG,,,276
277,Gerardo,Císter Jiménez,Gerardo Císter Jiménez,Male,,,https://ui-avatars.com/api/?name=G+C+J&color=FFFFFF&background=000000,ATHX MADRID 2026,Spain 🇪🇸,2026,Male,ATHX,Strength,,,,40KG,80KG,100KG,,,277
278,PEPE,MOTA,PEPE MOTA,Male,Spain,Terra Training Club,https://ui-avatars.com/api/?name=P+M&color=FFFFFF&background=000000,ATHX MADRID 2026,Spain 🇪🇸,2026,Male,ATHX,Strength,,,,45KG,70KG,95KG,,,278
278,David,Cotoi,David Cotoi,Male,Romania,,https://ui-avatars.com/api/?name=D+C&color=FFFFFF&background=000000,ATHX BARCELONA 2026,Spain 🇪🇸,2026,Male,ATHX,Strength,,,,50KG,80KG,80KG,,,278
280,gustavo,scheffer,gustavo scheffer,Male,,,https://ui-avatars.com/api/?name=g+s&color=FFFFFF&background=000000,ATHX MADRID 2026,Spain 🇪🇸,2026,Male,ATHX,Strength,,,,44KG,70KG,80KG,,,280
281,Marcel,Vaño,Marcel Vaño,Male,,,https://ui-avatars.com/api/?name=M+V&color=FFFFFF&background=000000,ATHX BARCELONA 2026,Spain 🇪🇸,2026,Male,ATHX,Strength,,,,40KG,58KG,90KG,,,281
282,Ross,Williams,Ross Williams,Male,,,https://ui-avatars.com/api/?name=R+W&color=FFFFFF&background=000000,ATHX MADRID 2026,Spain 🇪🇸,2026,Male,ATHX,Strength,,,,50KG,1KG,130KG,,,282
283,Fernando,sanchez Alvarez,Fernando sanchez Alvarez,Male,,,https://ui-avatars.com/api/?name=F+s+A&color=FFFFFF&background=000000,ATHX BARCELONA 2026,Spain 🇪🇸,2026,Male,ATHX,Strength,,,,48KG,55KG,65KG,,,283
284,Sebastián,Henao Guevara,Sebastián Henao Guevara,Male,Spain,C1 Crossfit,https://athxgames.com/storage/profile-photos/Yk4cao1z2aTSGuUCsAQHSOHDdp1IptYTLYo99FqF.jpg,ATHX MADRID 2026,Spain 🇪🇸,2026,Male,ATHX,Strength,,,,55KG,90KG,1KG,,,284
285,Mark Andrew,Phillips,Mark Andrew Phillips,Male,United Kingdom,Mark,https://ui-avatars.com/api/?name=M+A+P&color=FFFFFF&background=000000,ATHX MADRID 2026,Spain 🇪🇸,2026,Male,ATHX,Strength,,,,40KG,35KG,55KG,,,285
