rank,team_name,event,country,year,division,event_category,workout_filter,Strength,Endurance,MetCon X,1RM Strict Press,3RM Back Squat,5RM Deadlift,Run,Row,Points
1,Mary Power & Maebh Moriarty,ATHX DUBLIN 2026,Ireland 🇮🇪,2026,Female,ATHX Lite,MetCon X,,,12:33,,,,,,1
2,Rebecca McAlinden & Jane Morrison,ATHX DUBLIN 2026,Ireland 🇮🇪,2026,Female,ATHX Lite,MetCon X,,,12:39,,,,,,2
3,Hannah Donnelly & Cliona Beirne,ATHX DUBLIN 2026,Ireland 🇮🇪,2026,Female,ATHX Lite,MetCon X,,,13:40,,,,,,3
4,Julie Coombs & Bernadine Quinn,ATHX DUBLIN 2026,Ireland 🇮🇪,2026,Female,ATHX Lite,MetCon X,,,14:20,,,,,,4
5,Yvonne Kavanagh & Amy Kilgannon,ATHX DUBLIN 2026,Ireland 🇮🇪,2026,Female,ATHX Lite,MetCon X,,,14:29,,,,,,5
6,Tina Fahy & Kellie Curran,ATHX DUBLIN 2026,Ireland 🇮🇪,2026,Female,ATHX Lite,MetCon X,,,14:52,,,,,,6
7,Aisling Hughes & Catherine Devlin,ATHX DUBLIN 2026,Ireland 🇮🇪,2026,Female,ATHX Lite,MetCon X,,,14:57,,,,,,7
8,Marita Mulvey & Anne Cullen,ATHX DUBLIN 2026,Ireland 🇮🇪,2026,Female,ATHX Lite,MetCon X,,,15:07,,,,,,8
9,Aine OConnor & Ciara Melia,ATHX DUBLIN 2026,Ireland 🇮🇪,2026,Female,ATHX Lite,MetCon X,,,15:30,,,,,,9
10,Elena Moran & Lydia McDermott,ATHX DUBLIN 2026,Ireland 🇮🇪,2026,Female,ATHX Lite,MetCon X,,,15:43,,,,,,10
11,Orlagh Kelly & Sarah McGrath,ATHX DUBLIN 2026,Ireland 🇮🇪,2026,Female,ATHX Lite,MetCon X,,,16:08,,,,,,11
11,Louise Murray & Kathrina McAllister,ATHX DUBLIN 2026,Ireland 🇮🇪,2026,Female,ATHX Lite,MetCon X,,,16:08,,,,,,11
11,Lauren McLoughlin & Charlotte Alexander,ATHX DUBLIN 2026,Ireland 🇮🇪,2026,Female,ATHX Lite,MetCon X,,,16:08,,,,,,11
14,Fiona O'Hora & Ellie O Rourke,ATHX DUBLIN 2026,Ireland 🇮🇪,2026,Female,ATHX Lite,MetCon X,,,16:32,,,,,,14
15,Jennifer Kane & Julie Ohagan,ATHX DUBLIN 2026,Ireland 🇮🇪,2026,Female,ATHX Lite,MetCon X,,,16:40,,,,,,15
16,Sandra Maher & Andrea Molloy,ATHX DUBLIN 2026,Ireland 🇮🇪,2026,Female,ATHX Lite,MetCon X,,,16:43,,,,,,16
17,Claire Rushe & Christine Connolly,ATHX DUBLIN 2026,Ireland 🇮🇪,2026,Female,ATHX Lite,MetCon X,,,16:51,,,,,,17
18,Claire Harris & Louise Delaney,ATHX DUBLIN 2026,Ireland 🇮🇪,2026,Female,ATHX Lite,MetCon X,,,16:58,,,,,,18
19,Stacey Bayne & Jackie Cheevers,ATHX DUBLIN 2026,Ireland 🇮🇪,2026,Female,ATHX Lite,MetCon X,,,17:00,,,,,,19
20,Liz Bowe & Adrianne Parker,ATHX DUBLIN 2026,Ireland 🇮🇪,2026,Female,ATHX Lite,MetCon X,,,17:03,,,,,,20
21,Hannah McGowan & Ann Marie Doyle,ATHX DUBLIN 2026,Ireland 🇮🇪,2026,Female,ATHX Lite,MetCon X,,,17:27,,,,,,21
22,Emily Kennedy & Una Houlihan,ATHX DUBLIN 2026,Ireland 🇮🇪,2026,Female,ATHX Lite,MetCon X,,,17:28,,,,,,22
23,Agnieszka Kutwin & Helena Giles,ATHX DUBLIN 2026,Ireland 🇮🇪,2026,Female,ATHX Lite,MetCon X,,,17:42,,,,,,23
24,Bernita Kiernan & Olivia Rock,ATHX DUBLIN 2026,Ireland 🇮🇪,2026,Female,ATHX Lite,MetCon X,,,17:43,,,,,,24
25,Maria Curran & Sharon Curran,ATHX DUBLIN 2026,Ireland 🇮🇪,2026,Female,ATHX Lite,MetCon X,,,17:44,,,,,,25
26,Joanna Duffin & Nicole Donaghy,ATHX DUBLIN 2026,Ireland 🇮🇪,2026,Female,ATHX Lite,MetCon X,,,17:59,,,,,,26
27,Sarah Frewin & Rachel Liddicott,ATHX DUBLIN 2026,Ireland 🇮🇪,2026,Female,ATHX Lite,MetCon X,,,18:18,,,,,,27
28,Niamh Boyle & Mia McEvoy,ATHX DUBLIN 2026,Ireland 🇮🇪,2026,Female,ATHX Lite,MetCon X,,,18:23,,,,,,28
29,Michaela Horgan & Nicole Horgan,ATHX DUBLIN 2026,Ireland 🇮🇪,2026,Female,ATHX Lite,MetCon X,,,18:26,,,,,,29
30,Edel O'Kelly & Ger Cashman,ATHX DUBLIN 2026,Ireland 🇮🇪,2026,Female,ATHX Lite,MetCon X,,,19:03,,,,,,30
31,Clodagh Doyle & Karen costello,ATHX DUBLIN 2026,Ireland 🇮🇪,2026,Female,ATHX Lite,MetCon X,,,19:10,,,,,,31
32,Elaine Molloy & Amy Mclaughlin,ATHX DUBLIN 2026,Ireland 🇮🇪,2026,Female,ATHX Lite,MetCon X,,,19:15,,,,,,32
33,Laura Rafferty & Leona Kelly,ATHX DUBLIN 2026,Ireland 🇮🇪,2026,Female,ATHX Lite,MetCon X,,,20:29,,,,,,33
34,Rosie Hagan & Catherine Jackson,ATHX DUBLIN 2026,Ireland 🇮🇪,2026,Female,ATHX Lite,MetCon X,,,20:33,,,,,,34
35,Crea Rice & Lisa O’Neill,ATHX DUBLIN 2026,Ireland 🇮🇪,2026,Female,ATHX Lite,MetCon X,,,21:20,,,,,,35
36,Chloe McKeown & Kelsey Stockman,ATHX DUBLIN 2026,Ireland 🇮🇪,2026,Female,ATHX Lite,MetCon X,,,21:58,,,,,,36
37,Frances Sturgeon & Marie Sturgeon,ATHX DUBLIN 2026,Ireland 🇮🇪,2026,Female,ATHX Lite,MetCon X,,,21:59,,,,,,37
38,Nikhila Vangala & Ojas Kapre,ATHX DUBLIN 2026,Ireland 🇮🇪,2026,Female,ATHX Lite,MetCon X,,,23:25,,,,,,38
39,Chloe Madison Gordon & Anna Stitt,ATHX DUBLIN 2026,Ireland 🇮🇪,2026,Female,ATHX Lite,MetCon X,,,23:30,,,,,,39
40,Anaya Leo & Shona Kavanagh,ATHX DUBLIN 2026,Ireland 🇮🇪,2026,Female,ATHX Lite,MetCon X,,,24:03,,,,,,40
41,JAYNE CLIFFORD & Fozia Mohammad,ATHX DUBLIN 2026,Ireland 🇮🇪,2026,Female,ATHX Lite,MetCon X,,,24:17,,,,,,41
42,Michelle Muldoon & Ellen Connolly,ATHX DUBLIN 2026,Ireland 🇮🇪,2026,Female,ATHX Lite,MetCon X,,,24:59,,,,,,42
1,Katie Healy & Larragh Mann,ATHX DUBLIN 2026,Ireland 🇮🇪,2026,Female,ATHX Pro,Overall,1 (596KG),1 (9.712KM),1 (14:11),,,,,,3
2,Shannon Conway & Ellen Collins,ATHX DUBLIN 2026,Ireland 🇮🇪,2026,Female,ATHX Pro,Overall,3 (528KG),2 (9.167KM),2 (17:57),,,,,,7
3,Hannah MacMahon & lucy lawless,ATHX DUBLIN 2026,Ireland 🇮🇪,2026,Female,ATHX Pro,Overall,2 (561KG),5 (8.214KM),4 (19:39),,,,,,11
4,Kate Hennessy & Mairead Mc Mahon,ATHX DUBLIN 2026,Ireland 🇮🇪,2026,Female,ATHX Pro,Overall,5 (478KG),3 (8.411KM),3 (18:50),,,,,,11
5,Amiain Young & Natasha Barrett,ATHX DUBLIN 2026,Ireland 🇮🇪,2026,Female,ATHX Pro,Overall,4 (496KG),4 (8.376KM),5 (22:02),,,,,,13
1,Brian Mc neice & Anthony Mullen,ATHX DUBLIN 2026,Ireland 🇮🇪,2026,Male,ATHX Lite,Strength,,,,150KG,340KG,320KG,,,1
2,Chris Hunter & Colum Mcgrail,ATHX DUBLIN 2026,Ireland 🇮🇪,2026,Male,ATHX Lite,Strength,,,,133KG,270KG,335KG,,,2
3,Trevor Kirkpatrick & aidanmcerlain Team,ATHX DUBLIN 2026,Ireland 🇮🇪,2026,Male,ATHX Lite,Strength,,,,115KG,215KG,265KG,,,3
4,Pat Walsh & Peter Derham,ATHX DUBLIN 2026,Ireland 🇮🇪,2026,Male,ATHX Lite,Strength,,,,130KG,175KG,200KG,,,4
5,Eric Meade & John Cahill,ATHX DUBLIN 2026,Ireland 🇮🇪,2026,Male,ATHX Lite,Strength,,,,88KG,140KG,245KG,,,5
6,Noah Cassidy & Corey Mc naughton,ATHX DUBLIN 2026,Ireland 🇮🇪,2026,Male,ATHX Lite,Strength,,,,90KG,180KG,200KG,,,6
7,Trevor Kearns & Thomas Kelly,ATHX DUBLIN 2026,Ireland 🇮🇪,2026,Male,ATHX Lite,Strength,,,,98KG,170KG,180KG,,,7
8,Chris Curran & Michael McCullough,ATHX DUBLIN 2026,Ireland 🇮🇪,2026,Male,ATHX Lite,Strength,,,,80KG,180KG,175KG,,,8
9,Damien Traynor & Brian Henderson,ATHX DUBLIN 2026,Ireland 🇮🇪,2026,Male,ATHX Lite,Strength,,,,100KG,130KG,200KG,,,9
10,Michael Banahan & Anthony Lannon,ATHX DUBLIN 2026,Ireland 🇮🇪,2026,Male,ATHX Lite,Strength,,,,103KG,140KG,180KG,,,10
1,Katie Healy & Larragh Mann,ATHX DUBLIN 2026,Ireland 🇮🇪,2026,Female,ATHX Pro,Endurance,,,,,,,4.215KM,5.497KM,1
2,Shannon Conway & Ellen Collins,ATHX DUBLIN 2026,Ireland 🇮🇪,2026,Female,ATHX Pro,Endurance,,,,,,,4KM,5.167KM,2
3,Kate Hennessy & Mairead Mc Mahon,ATHX DUBLIN 2026,Ireland 🇮🇪,2026,Female,ATHX Pro,Endurance,,,,,,,3.971KM,4.44KM,3
4,Amiain Young & Natasha Barrett,ATHX DUBLIN 2026,Ireland 🇮🇪,2026,Female,ATHX Pro,Endurance,,,,,,,3.604KM,4.772KM,4
5,Hannah MacMahon & lucy lawless,ATHX DUBLIN 2026,Ireland 🇮🇪,2026,Female,ATHX Pro,Endurance,,,,,,,3.394KM,4.82KM,5
1,Chris Hunter & Colum Mcgrail,ATHX DUBLIN 2026,Ireland 🇮🇪,2026,Male,ATHX Lite,MetCon X,,,10:37,,,,,,1
2,Brian Mc neice & Anthony Mullen,ATHX DUBLIN 2026,Ireland 🇮🇪,2026,Male,ATHX Lite,MetCon X,,,13:49,,,,,,2
3,Trevor Kirkpatrick & aidanmcerlain Team,ATHX DUBLIN 2026,Ireland 🇮🇪,2026,Male,ATHX Lite,MetCon X,,,14:10,,,,,,3
4,Pat Walsh & Peter Derham,ATHX DUBLIN 2026,Ireland 🇮🇪,2026,Male,ATHX Lite,MetCon X,,,15:11,,,,,,4
5,Noah Cassidy & Corey Mc naughton,ATHX DUBLIN 2026,Ireland 🇮🇪,2026,Male,ATHX Lite,MetCon X,,,15:42,,,,,,5
6,Damien Traynor & Brian Henderson,ATHX DUBLIN 2026,Ireland 🇮🇪,2026,Male,ATHX Lite,MetCon X,,,16:03,,,,,,6
7,Trevor Kearns & Thomas Kelly,ATHX DUBLIN 2026,Ireland 🇮🇪,2026,Male,ATHX Lite,MetCon X,,,17:28,,,,,,7
8,Chris Curran & Michael McCullough,ATHX DUBLIN 2026,Ireland 🇮🇪,2026,Male,ATHX Lite,MetCon X,,,17:48,,,,,,8
9,Michael Banahan & Anthony Lannon,ATHX DUBLIN 2026,Ireland 🇮🇪,2026,Male,ATHX Lite,MetCon X,,,18:16,,,,,,9
10,Eric Meade & John Cahill,ATHX DUBLIN 2026,Ireland 🇮🇪,2026,Male,ATHX Lite,MetCon X,,,19:53,,,,,,10
1,Sam Stewart & Robert Flanagan,ATHX DUBLIN 2026,Ireland 🇮🇪,2026,Male,ATHX Pro,Overall,3 (905KG),2 (10.977KM),2 (13:16),,,,,,7
2,Joseph Harper & frazier.christie Team,ATHX DUBLIN 2026,Ireland 🇮🇪,2026,Male,ATHX Pro,Overall,5 (883KG),1 (11.037KM),3 (13:32),,,,,,9
2,Rene Lamont & Jaydin Scholtz,ATHX DUBLIN 2026,Ireland 🇮🇪,2026,Male,ATHX Pro,Overall,2 (913KG),6 (10.411KM),1 (13:15),,,,,,9
4,Dean Nolan & Aron Taylor-Smith,ATHX DUBLIN 2026,Ireland 🇮🇪,2026,Male,ATHX Pro,Overall,7 (813KG),3 (10.937KM),4 (15:05),,,,,,14
5,Keith Dwyer & Keith Healy,ATHX DUBLIN 2026,Ireland 🇮🇪,2026,Male,ATHX Pro,Overall,1 (940KG),12 (10.072KM),6 (15:15),,,,,,19
6,Neeson Mccullough & Harry Chambers,ATHX DUBLIN 2026,Ireland 🇮🇪,2026,Male,ATHX Pro,Overall,11 (781KG),5 (10.488KM),4 (15:05),,,,,,20
7,Dean Roche & Carl Sweeney,ATHX DUBLIN 2026,Ireland 🇮🇪,2026,Male,ATHX Pro,Overall,16 (675KG),4 (10.769KM),8 (16:12),,,,,,28
7,Zachary Farrell & Alan Roche,ATHX DUBLIN 2026,Ireland 🇮🇪,2026,Male,ATHX Pro,Overall,7 (813KG),8 (10.307KM),13 (17:42),,,,,,28
9,Conor Healy & Rocky O'Donovan,ATHX DUBLIN 2026,Ireland 🇮🇪,2026,Male,ATHX Pro,Overall,15 (683KG),7 (10.311KM),7 (15:57),,,,,,29
10,James Sunderland & Shane Griffith,ATHX DUBLIN 2026,Ireland 🇮🇪,2026,Male,ATHX Pro,Overall,10 (803KG),10 (10.175KM),10 (17:13),,,,,,30
10,Martins Bergs & Conor McGinley,ATHX DUBLIN 2026,Ireland 🇮🇪,2026,Male,ATHX Pro,Overall,6 (860KG),13 (9.82KM),11 (17:18),,,,,,30
12,Najim Gharbi & Alan Wheeler,ATHX DUBLIN 2026,Ireland 🇮🇪,2026,Male,ATHX Pro,Overall,9 (805KG),14 (9.701KM),8 (16:12),,,,,,31
13,Jim Hughes & Ciaran Mulgrew,ATHX DUBLIN 2026,Ireland 🇮🇪,2026,Male,ATHX Pro,Overall,4 (885KG),16 (9.175KM),14 (18:08),,,,,,34
13,Sean Flannery & Kevin Brady,ATHX DUBLIN 2026,Ireland 🇮🇪,2026,Male,ATHX Pro,Overall,13 (708KG),9 (10.218KM),12 (17:20),,,,,,34
15,Eoin Carroll & Adam Carroll,ATHX DUBLIN 2026,Ireland 🇮🇪,2026,Male,ATHX Pro,Overall,12 (770KG),11 (10.12KM),15 (18:09),,,,,,38
16,Graham Brady & David Greene,ATHX DUBLIN 2026,Ireland 🇮🇪,2026,Male,ATHX Pro,Overall,14 (690KG),15 (9.212KM),16 (22:39),,,,,,45
17,Richard McDonagh & David Sherlock,ATHX DUBLIN 2026,Ireland 🇮🇪,2026,Male,ATHX Pro,Overall,17 (605KG),17 (8.842KM),17 (29:15),,,,,,51
1,Aoife Hanley & Shane Lyons,ATHX DUBLIN 2026,Ireland 🇮🇪,2026,Mixed,ATHX Lite,Strength,,,,108KG,200KG,263KG,,,1
2,Imelda Dixon & Paddy Dixon,ATHX DUBLIN 2026,Ireland 🇮🇪,2026,Mixed,ATHX Lite,Strength,,,,95KG,198KG,260KG,,,2
3,Charlotte Kearney & David Tiernan,ATHX DUBLIN 2026,Ireland 🇮🇪,2026,Mixed,ATHX Lite,Strength,,,,100KG,200KG,220KG,,,3
4,Lavinia mulligan & Liam Óg Mulligan,ATHX DUBLIN 2026,Ireland 🇮🇪,2026,Mixed,ATHX Lite,Strength,,,,88KG,150KG,243KG,,,4
5,Jose Araújo & Rossana Loução,ATHX DUBLIN 2026,Ireland 🇮🇪,2026,Mixed,ATHX Lite,Strength,,,,83KG,173KG,205KG,,,5
6,Carla Beattie & Kieran Greene,ATHX DUBLIN 2026,Ireland 🇮🇪,2026,Mixed,ATHX Lite,Strength,,,,85KG,118KG,173KG,,,6
7,Kevin Horgan & Margaret Casey,ATHX DUBLIN 2026,Ireland 🇮🇪,2026,Mixed,ATHX Lite,Strength,,,,63KG,130KG,135KG,,,7
1,Aoife Hanley & Shane Lyons,ATHX DUBLIN 2026,Ireland 🇮🇪,2026,Mixed,ATHX Lite,MetCon X,,,12:34,,,,,,1
2,Imelda Dixon & Paddy Dixon,ATHX DUBLIN 2026,Ireland 🇮🇪,2026,Mixed,ATHX Lite,MetCon X,,,12:41,,,,,,2
3,Charlotte Kearney & David Tiernan,ATHX DUBLIN 2026,Ireland 🇮🇪,2026,Mixed,ATHX Lite,MetCon X,,,14:07,,,,,,3
4,Jose Araújo & Rossana Loução,ATHX DUBLIN 2026,Ireland 🇮🇪,2026,Mixed,ATHX Lite,MetCon X,,,16:03,,,,,,4
5,Carla Beattie & Kieran Greene,ATHX DUBLIN 2026,Ireland 🇮🇪,2026,Mixed,ATHX Lite,MetCon X,,,16:31,,,,,,5
6,Lavinia mulligan & Liam Óg Mulligan,ATHX DUBLIN 2026,Ireland 🇮🇪,2026,Mixed,ATHX Lite,MetCon X,,,17:25,,,,,,6
7,Kevin Horgan & Margaret Casey,ATHX DUBLIN 2026,Ireland 🇮🇪,2026,Mixed,ATHX Lite,MetCon X,,,19:22,,,,,,7
1,Mary Power & Maebh Moriarty,ATHX DUBLIN 2026,Ireland 🇮🇪,2026,Female,ATHX Lite,Overall,1 (495KG),1 (8.61KM),1 (12:33),,,,,,3
2,Julie Coombs & Bernadine Quinn,ATHX DUBLIN 2026,Ireland 🇮🇪,2026,Female,ATHX Lite,Overall,4 (460KG),4 (8.183KM),4 (14:20),,,,,,12
3,Rebecca McAlinden & Jane Morrison,ATHX DUBLIN 2026,Ireland 🇮🇪,2026,Female,ATHX Lite,Overall,10 (410KG),2 (8.472KM),2 (12:39),,,,,,14
4,Hannah Donnelly & Cliona Beirne,ATHX DUBLIN 2026,Ireland 🇮🇪,2026,Female,ATHX Lite,Overall,2 (493KG),14 (7.524KM),3 (13:40),,,,,,19
5,Aisling Hughes & Catherine Devlin,ATHX DUBLIN 2026,Ireland 🇮🇪,2026,Female,ATHX Lite,Overall,7 (426KG),8 (7.678KM),7 (14:57),,,,,,22
6,Sandra Maher & Andrea Molloy,ATHX DUBLIN 2026,Ireland 🇮🇪,2026,Female,ATHX Lite,Overall,8 (425KG),3 (8.291KM),16 (16:43),,,,,,27
7,Yvonne Kavanagh & Amy Kilgannon,ATHX DUBLIN 2026,Ireland 🇮🇪,2026,Female,ATHX Lite,Overall,19 (353KG),5 (8.066KM),5 (14:29),,,,,,29
8,Aine OConnor & Ciara Melia,ATHX DUBLIN 2026,Ireland 🇮🇪,2026,Female,ATHX Lite,Overall,11 (403KG),11 (7.618KM),9 (15:30),,,,,,31
9,Lauren McLoughlin & Charlotte Alexander,ATHX DUBLIN 2026,Ireland 🇮🇪,2026,Female,ATHX Lite,Overall,13 (388KG),9 (7.635KM),11 (16:08),,,,,,33
10,Marita Mulvey & Anne Cullen,ATHX DUBLIN 2026,Ireland 🇮🇪,2026,Female,ATHX Lite,Overall,8 (425KG),19 (7.357KM),8 (15:07),,,,,,35
11,Elena Moran & Lydia McDermott,ATHX DUBLIN 2026,Ireland 🇮🇪,2026,Female,ATHX Lite,Overall,16 (376KG),21 (7.302KM),10 (15:43),,,,,,47
12,Claire Rushe & Christine Connolly,ATHX DUBLIN 2026,Ireland 🇮🇪,2026,Female,ATHX Lite,Overall,25 (328KG),6 (8.045KM),17 (16:51),,,,,,48
13,Liz Bowe & Adrianne Parker,ATHX DUBLIN 2026,Ireland 🇮🇪,2026,Female,ATHX Lite,Overall,12 (395KG),17 (7.387KM),20 (17:03),,,,,,49
14,Orlagh Kelly & Sarah McGrath,ATHX DUBLIN 2026,Ireland 🇮🇪,2026,Female,ATHX Lite,Overall,15 (381KG),24 (7.206KM),11 (16:08),,,,,,50
15,Jennifer Kane & Julie Ohagan,ATHX DUBLIN 2026,Ireland 🇮🇪,2026,Female,ATHX Lite,Overall,30 (318KG),7 (7.759KM),15 (16:40),,,,,,52
16,Louise Murray & Kathrina McAllister,ATHX DUBLIN 2026,Ireland 🇮🇪,2026,Female,ATHX Lite,Overall,17 (373KG),25 (7.204KM),11 (16:08),,,,,,53
17,Fiona O'Hora & Ellie O Rourke,ATHX DUBLIN 2026,Ireland 🇮🇪,2026,Female,ATHX Lite,Overall,25 (328KG),16 (7.403KM),14 (16:32),,,,,,55
18,Tina Fahy & Kellie Curran,ATHX DUBLIN 2026,Ireland 🇮🇪,2026,Female,ATHX Lite,Overall,30 (318KG),22 (7.252KM),6 (14:52),,,,,,58
19,Emily Kennedy & Una Houlihan,ATHX DUBLIN 2026,Ireland 🇮🇪,2026,Female,ATHX Lite,Overall,6 (428KG),32 (6.8KM),22 (17:28),,,,,,60
20,Clodagh Doyle & Karen costello,ATHX DUBLIN 2026,Ireland 🇮🇪,2026,Female,ATHX Lite,Overall,3 (468KG),28 (7.098KM),31 (19:10),,,,,,62
21,Niamh Boyle & Mia McEvoy,ATHX DUBLIN 2026,Ireland 🇮🇪,2026,Female,ATHX Lite,Overall,24 (335KG),13 (7.567KM),28 (18:23),,,,,,65
21,Claire Harris & Louise Delaney,ATHX DUBLIN 2026,Ireland 🇮🇪,2026,Female,ATHX Lite,Overall,18 (365KG),29 (7.049KM),18 (16:58),,,,,,65
23,Michaela Horgan & Nicole Horgan,ATHX DUBLIN 2026,Ireland 🇮🇪,2026,Female,ATHX Lite,Overall,25 (328KG),12 (7.599KM),29 (18:26),,,,,,66
23,Bernita Kiernan & Olivia Rock,ATHX DUBLIN 2026,Ireland 🇮🇪,2026,Female,ATHX Lite,Overall,19 (353KG),23 (7.251KM),24 (17:43),,,,,,66
25,Joanna Duffin & Nicole Donaghy,ATHX DUBLIN 2026,Ireland 🇮🇪,2026,Female,ATHX Lite,Overall,21 (348KG),20 (7.329KM),26 (17:59),,,,,,67
26,Hannah McGowan & Ann Marie Doyle,ATHX DUBLIN 2026,Ireland 🇮🇪,2026,Female,ATHX Lite,Overall,22 (341KG),27 (7.191KM),21 (17:27),,,,,,70
26,Maria Curran & Sharon Curran,ATHX DUBLIN 2026,Ireland 🇮🇪,2026,Female,ATHX Lite,Overall,30 (318KG),15 (7.419KM),25 (17:44),,,,,,70
28,Sarah Frewin & Rachel Liddicott,ATHX DUBLIN 2026,Ireland 🇮🇪,2026,Female,ATHX Lite,Overall,14 (383KG),31 (6.935KM),27 (18:18),,,,,,72
29,Laura Rafferty & Leona Kelly,ATHX DUBLIN 2026,Ireland 🇮🇪,2026,Female,ATHX Lite,Overall,29 (323KG),18 (7.379KM),33 (20:29),,,,,,80
30,Edel O'Kelly & Ger Cashman,ATHX DUBLIN 2026,Ireland 🇮🇪,2026,Female,ATHX Lite,Overall,41 (251KG),10 (7.621KM),30 (19:03),,,,,,81
31,Anaya Leo & Shona Kavanagh,ATHX DUBLIN 2026,Ireland 🇮🇪,2026,Female,ATHX Lite,Overall,5 (430KG),38 (6.301KM),40 (24:03),,,,,,83
32,Agnieszka Kutwin & Helena Giles,ATHX DUBLIN 2026,Ireland 🇮🇪,2026,Female,ATHX Lite,Overall,35 (286KG),26 (7.203KM),23 (17:42),,,,,,84
33,Stacey Bayne & Jackie Cheevers,ATHX DUBLIN 2026,Ireland 🇮🇪,2026,Female,ATHX Lite,Overall,36 (284KG),30 (7.011KM),19 (17:00),,,,,,85
34,Elaine Molloy & Amy Mclaughlin,ATHX DUBLIN 2026,Ireland 🇮🇪,2026,Female,ATHX Lite,Overall,28 (324KG),33 (6.772KM),32 (19:15),,,,,,93
35,Crea Rice & Lisa O’Neill,ATHX DUBLIN 2026,Ireland 🇮🇪,2026,Female,ATHX Lite,Overall,23 (338KG),42 (6.049KM),35 (21:20),,,,,,100
36,Rosie Hagan & Catherine Jackson,ATHX DUBLIN 2026,Ireland 🇮🇪,2026,Female,ATHX Lite,Overall,37 (283KG),34 (6.771KM),34 (20:33),,,,,,105
37,Frances Sturgeon & Marie Sturgeon,ATHX DUBLIN 2026,Ireland 🇮🇪,2026,Female,ATHX Lite,Overall,33 (311KG),36 (6.741KM),37 (21:59),,,,,,106
38,Chloe McKeown & Kelsey Stockman,ATHX DUBLIN 2026,Ireland 🇮🇪,2026,Female,ATHX Lite,Overall,38 (265KG),37 (6.531KM),36 (21:58),,,,,,111
39,Nikhila Vangala & Ojas Kapre,ATHX DUBLIN 2026,Ireland 🇮🇪,2026,Female,ATHX Lite,Overall,42 (232KG),35 (6.751KM),38 (23:25),,,,,,115
39,Michelle Muldoon & Ellen Connolly,ATHX DUBLIN 2026,Ireland 🇮🇪,2026,Female,ATHX Lite,Overall,34 (298KG),39 (6.194KM),42 (24:59),,,,,,115
41,Chloe Madison Gordon & Anna Stitt,ATHX DUBLIN 2026,Ireland 🇮🇪,2026,Female,ATHX Lite,Overall,39 (264KG),40 (6.18KM),39 (23:30),,,,,,118
42,JAYNE CLIFFORD & Fozia Mohammad,ATHX DUBLIN 2026,Ireland 🇮🇪,2026,Female,ATHX Lite,Overall,40 (263KG),41 (6.129KM),41 (24:17),,,,,,122
1,Mary Power & Maebh Moriarty,ATHX DUBLIN 2026,Ireland 🇮🇪,2026,Female,ATHX Lite,Endurance,,,,,,,3.876KM,4.734KM,1
2,Rebecca McAlinden & Jane Morrison,ATHX DUBLIN 2026,Ireland 🇮🇪,2026,Female,ATHX Lite,Endurance,,,,,,,4KM,4.472KM,2
3,Sandra Maher & Andrea Molloy,ATHX DUBLIN 2026,Ireland 🇮🇪,2026,Female,ATHX Lite,Endurance,,,,,,,3.72KM,4.571KM,3
4,Julie Coombs & Bernadine Quinn,ATHX DUBLIN 2026,Ireland 🇮🇪,2026,Female,ATHX Lite,Endurance,,,,,,,3.5KM,4.683KM,4
5,Yvonne Kavanagh & Amy Kilgannon,ATHX DUBLIN 2026,Ireland 🇮🇪,2026,Female,ATHX Lite,Endurance,,,,,,,3.466KM,4.6KM,5
6,Claire Rushe & Christine Connolly,ATHX DUBLIN 2026,Ireland 🇮🇪,2026,Female,ATHX Lite,Endurance,,,,,,,3.563KM,4.482KM,6
7,Jennifer Kane & Julie Ohagan,ATHX DUBLIN 2026,Ireland 🇮🇪,2026,Female,ATHX Lite,Endurance,,,,,,,3.487KM,4.272KM,7
8,Aisling Hughes & Catherine Devlin,ATHX DUBLIN 2026,Ireland 🇮🇪,2026,Female,ATHX Lite,Endurance,,,,,,,3.201KM,4.477KM,8
9,Lauren McLoughlin & Charlotte Alexander,ATHX DUBLIN 2026,Ireland 🇮🇪,2026,Female,ATHX Lite,Endurance,,,,,,,3.185KM,4.45KM,9
10,Edel O'Kelly & Ger Cashman,ATHX DUBLIN 2026,Ireland 🇮🇪,2026,Female,ATHX Lite,Endurance,,,,,,,3.75KM,3.871KM,10
11,Aine OConnor & Ciara Melia,ATHX DUBLIN 2026,Ireland 🇮🇪,2026,Female,ATHX Lite,Endurance,,,,,,,3.075KM,4.543KM,11
12,Michaela Horgan & Nicole Horgan,ATHX DUBLIN 2026,Ireland 🇮🇪,2026,Female,ATHX Lite,Endurance,,,,,,,3.777KM,3.822KM,12
13,Niamh Boyle & Mia McEvoy,ATHX DUBLIN 2026,Ireland 🇮🇪,2026,Female,ATHX Lite,Endurance,,,,,,,3.262KM,4.305KM,13
14,Hannah Donnelly & Cliona Beirne,ATHX DUBLIN 2026,Ireland 🇮🇪,2026,Female,ATHX Lite,Endurance,,,,,,,3.188KM,4.336KM,14
15,Maria Curran & Sharon Curran,ATHX DUBLIN 2026,Ireland 🇮🇪,2026,Female,ATHX Lite,Endurance,,,,,,,3.473KM,3.946KM,15
16,Fiona O'Hora & Ellie O Rourke,ATHX DUBLIN 2026,Ireland 🇮🇪,2026,Female,ATHX Lite,Endurance,,,,,,,3.256KM,4.147KM,16
17,Liz Bowe & Adrianne Parker,ATHX DUBLIN 2026,Ireland 🇮🇪,2026,Female,ATHX Lite,Endurance,,,,,,,3.25KM,4.137KM,17
18,Laura Rafferty & Leona Kelly,ATHX DUBLIN 2026,Ireland 🇮🇪,2026,Female,ATHX Lite,Endurance,,,,,,,3.119KM,4.26KM,18
19,Marita Mulvey & Anne Cullen,ATHX DUBLIN 2026,Ireland 🇮🇪,2026,Female,ATHX Lite,Endurance,,,,,,,3.056KM,4.301KM,19
20,Joanna Duffin & Nicole Donaghy,ATHX DUBLIN 2026,Ireland 🇮🇪,2026,Female,ATHX Lite,Endurance,,,,,,,3.071KM,4.258KM,20
21,Elena Moran & Lydia McDermott,ATHX DUBLIN 2026,Ireland 🇮🇪,2026,Female,ATHX Lite,Endurance,,,,,,,3.028KM,4.274KM,21
22,Tina Fahy & Kellie Curran,ATHX DUBLIN 2026,Ireland 🇮🇪,2026,Female,ATHX Lite,Endurance,,,,,,,3.058KM,4.194KM,22
23,Bernita Kiernan & Olivia Rock,ATHX DUBLIN 2026,Ireland 🇮🇪,2026,Female,ATHX Lite,Endurance,,,,,,,3KM,4.251KM,23
24,Orlagh Kelly & Sarah McGrath,ATHX DUBLIN 2026,Ireland 🇮🇪,2026,Female,ATHX Lite,Endurance,,,,,,,3KM,4.206KM,24
25,Louise Murray & Kathrina McAllister,ATHX DUBLIN 2026,Ireland 🇮🇪,2026,Female,ATHX Lite,Endurance,,,,,,,3.034KM,4.17KM,25
26,Agnieszka Kutwin & Helena Giles,ATHX DUBLIN 2026,Ireland 🇮🇪,2026,Female,ATHX Lite,Endurance,,,,,,,3.149KM,4.054KM,26
27,Hannah McGowan & Ann Marie Doyle,ATHX DUBLIN 2026,Ireland 🇮🇪,2026,Female,ATHX Lite,Endurance,,,,,,,3.088KM,4.103KM,27
28,Clodagh Doyle & Karen costello,ATHX DUBLIN 2026,Ireland 🇮🇪,2026,Female,ATHX Lite,Endurance,,,,,,,2.5KM,4.598KM,28
29,Claire Harris & Louise Delaney,ATHX DUBLIN 2026,Ireland 🇮🇪,2026,Female,ATHX Lite,Endurance,,,,,,,3.081KM,3.968KM,29
30,Stacey Bayne & Jackie Cheevers,ATHX DUBLIN 2026,Ireland 🇮🇪,2026,Female,ATHX Lite,Endurance,,,,,,,3.144KM,3.867KM,30
31,Sarah Frewin & Rachel Liddicott,ATHX DUBLIN 2026,Ireland 🇮🇪,2026,Female,ATHX Lite,Endurance,,,,,,,2.746KM,4.189KM,31
32,Emily Kennedy & Una Houlihan,ATHX DUBLIN 2026,Ireland 🇮🇪,2026,Female,ATHX Lite,Endurance,,,,,,,2.476KM,4.324KM,32
33,Elaine Molloy & Amy Mclaughlin,ATHX DUBLIN 2026,Ireland 🇮🇪,2026,Female,ATHX Lite,Endurance,,,,,,,2.5KM,4.272KM,33
34,Rosie Hagan & Catherine Jackson,ATHX DUBLIN 2026,Ireland 🇮🇪,2026,Female,ATHX Lite,Endurance,,,,,,,2.774KM,3.997KM,34
35,Nikhila Vangala & Ojas Kapre,ATHX DUBLIN 2026,Ireland 🇮🇪,2026,Female,ATHX Lite,Endurance,,,,,,,2.871KM,3.88KM,35
36,Frances Sturgeon & Marie Sturgeon,ATHX DUBLIN 2026,Ireland 🇮🇪,2026,Female,ATHX Lite,Endurance,,,,,,,2.921KM,3.82KM,36
37,Chloe McKeown & Kelsey Stockman,ATHX DUBLIN 2026,Ireland 🇮🇪,2026,Female,ATHX Lite,Endurance,,,,,,,3KM,3.531KM,37
38,Anaya Leo & Shona Kavanagh,ATHX DUBLIN 2026,Ireland 🇮🇪,2026,Female,ATHX Lite,Endurance,,,,,,,2.5KM,3.801KM,38
39,Michelle Muldoon & Ellen Connolly,ATHX DUBLIN 2026,Ireland 🇮🇪,2026,Female,ATHX Lite,Endurance,,,,,,,2.562KM,3.632KM,39
40,Chloe Madison Gordon & Anna Stitt,ATHX DUBLIN 2026,Ireland 🇮🇪,2026,Female,ATHX Lite,Endurance,,,,,,,3KM,3.18KM,40
41,JAYNE CLIFFORD & Fozia Mohammad,ATHX DUBLIN 2026,Ireland 🇮🇪,2026,Female,ATHX Lite,Endurance,,,,,,,2.297KM,3.832KM,41
42,Crea Rice & Lisa O’Neill,ATHX DUBLIN 2026,Ireland 🇮🇪,2026,Female,ATHX Lite,Endurance,,,,,,,2.594KM,3.455KM,42
1,Katie Healy & Larragh Mann,ATHX DUBLIN 2026,Ireland 🇮🇪,2026,Female,ATHX Pro,Strength,,,,111KG,230KG,255KG,,,1
2,Hannah MacMahon & lucy lawless,ATHX DUBLIN 2026,Ireland 🇮🇪,2026,Female,ATHX Pro,Strength,,,,111KG,215KG,235KG,,,2
3,Shannon Conway & Ellen Collins,ATHX DUBLIN 2026,Ireland 🇮🇪,2026,Female,ATHX Pro,Strength,,,,93KG,200KG,235KG,,,3
4,Amiain Young & Natasha Barrett,ATHX DUBLIN 2026,Ireland 🇮🇪,2026,Female,ATHX Pro,Strength,,,,91KG,180KG,225KG,,,4
5,Kate Hennessy & Mairead Mc Mahon,ATHX DUBLIN 2026,Ireland 🇮🇪,2026,Female,ATHX Pro,Strength,,,,83KG,190KG,205KG,,,5
1,Chris Hunter & Colum Mcgrail,ATHX DUBLIN 2026,Ireland 🇮🇪,2026,Male,ATHX Lite,Overall,2 (738KG),2 (8.837KM),1 (10:37),,,,,,5
2,Brian Mc neice & Anthony Mullen,ATHX DUBLIN 2026,Ireland 🇮🇪,2026,Male,ATHX Lite,Overall,1 (810KG),6 (8.21KM),2 (13:49),,,,,,9
3,Trevor Kirkpatrick & aidanmcerlain Team,ATHX DUBLIN 2026,Ireland 🇮🇪,2026,Male,ATHX Lite,Overall,3 (595KG),4 (8.472KM),3 (14:10),,,,,,10
4,Eric Meade & John Cahill,ATHX DUBLIN 2026,Ireland 🇮🇪,2026,Male,ATHX Lite,Overall,5 (473KG),1 (8.883KM),10 (19:53),,,,,,16
5,Noah Cassidy & Corey Mc naughton,ATHX DUBLIN 2026,Ireland 🇮🇪,2026,Male,ATHX Lite,Overall,6 (470KG),5 (8.28KM),5 (15:42),,,,,,16
6,Pat Walsh & Peter Derham,ATHX DUBLIN 2026,Ireland 🇮🇪,2026,Male,ATHX Lite,Overall,4 (505KG),9 (7.751KM),4 (15:11),,,,,,17
7,Trevor Kearns & Thomas Kelly,ATHX DUBLIN 2026,Ireland 🇮🇪,2026,Male,ATHX Lite,Overall,7 (448KG),8 (8.054KM),7 (17:28),,,,,,22
7,Michael Banahan & Anthony Lannon,ATHX DUBLIN 2026,Ireland 🇮🇪,2026,Male,ATHX Lite,Overall,10 (423KG),3 (8.576KM),9 (18:16),,,,,,22
7,Damien Traynor & Brian Henderson,ATHX DUBLIN 2026,Ireland 🇮🇪,2026,Male,ATHX Lite,Overall,9 (430KG),7 (8.144KM),6 (16:03),,,,,,22
10,Chris Curran & Michael McCullough,ATHX DUBLIN 2026,Ireland 🇮🇪,2026,Male,ATHX Lite,Overall,8 (435KG),10 (7.674KM),8 (17:48),,,,,,26
1,Keith Dwyer & Keith Healy,ATHX DUBLIN 2026,Ireland 🇮🇪,2026,Male,ATHX Pro,Strength,,,,165KG,355KG,420KG,,,1
2,Rene Lamont & Jaydin Scholtz,ATHX DUBLIN 2026,Ireland 🇮🇪,2026,Male,ATHX Pro,Strength,,,,171KG,346KG,396KG,,,2
3,Sam Stewart & Robert Flanagan,ATHX DUBLIN 2026,Ireland 🇮🇪,2026,Male,ATHX Pro,Strength,,,,175KG,320KG,410KG,,,3
4,Jim Hughes & Ciaran Mulgrew,ATHX DUBLIN 2026,Ireland 🇮🇪,2026,Male,ATHX Pro,Strength,,,,155KG,340KG,390KG,,,4
5,Joseph Harper & frazier.christie Team,ATHX DUBLIN 2026,Ireland 🇮🇪,2026,Male,ATHX Pro,Strength,,,,163KG,330KG,390KG,,,5
6,Martins Bergs & Conor McGinley,ATHX DUBLIN 2026,Ireland 🇮🇪,2026,Male,ATHX Pro,Strength,,,,165KG,310KG,385KG,,,6
7,Dean Nolan & Aron Taylor-Smith,ATHX DUBLIN 2026,Ireland 🇮🇪,2026,Male,ATHX Pro,Strength,,,,150KG,303KG,360KG,,,7
7,Zachary Farrell & Alan Roche,ATHX DUBLIN 2026,Ireland 🇮🇪,2026,Male,ATHX Pro,Strength,,,,173KG,290KG,350KG,,,7
9,Najim Gharbi & Alan Wheeler,ATHX DUBLIN 2026,Ireland 🇮🇪,2026,Male,ATHX Pro,Strength,,,,140KG,320KG,345KG,,,9
10,James Sunderland & Shane Griffith,ATHX DUBLIN 2026,Ireland 🇮🇪,2026,Male,ATHX Pro,Strength,,,,123KG,320KG,360KG,,,10
11,Neeson Mccullough & Harry Chambers,ATHX DUBLIN 2026,Ireland 🇮🇪,2026,Male,ATHX Pro,Strength,,,,151KG,260KG,370KG,,,11
12,Eoin Carroll & Adam Carroll,ATHX DUBLIN 2026,Ireland 🇮🇪,2026,Male,ATHX Pro,Strength,,,,130KG,300KG,340KG,,,12
13,Sean Flannery & Kevin Brady,ATHX DUBLIN 2026,Ireland 🇮🇪,2026,Male,ATHX Pro,Strength,,,,153KG,255KG,300KG,,,13
14,Graham Brady & David Greene,ATHX DUBLIN 2026,Ireland 🇮🇪,2026,Male,ATHX Pro,Strength,,,,140KG,250KG,300KG,,,14
15,Conor Healy & Rocky O'Donovan,ATHX DUBLIN 2026,Ireland 🇮🇪,2026,Male,ATHX Pro,Strength,,,,150KG,255KG,278KG,,,15
16,Dean Roche & Carl Sweeney,ATHX DUBLIN 2026,Ireland 🇮🇪,2026,Male,ATHX Pro,Strength,,,,150KG,220KG,305KG,,,16
17,Richard McDonagh & David Sherlock,ATHX DUBLIN 2026,Ireland 🇮🇪,2026,Male,ATHX Pro,Strength,,,,105KG,230KG,270KG,,,17
1,Eric Meade & John Cahill,ATHX DUBLIN 2026,Ireland 🇮🇪,2026,Male,ATHX Lite,Endurance,,,,,,,3.773KM,5.11KM,1
2,Chris Hunter & Colum Mcgrail,ATHX DUBLIN 2026,Ireland 🇮🇪,2026,Male,ATHX Lite,Endurance,,,,,,,3.565KM,5.272KM,2
3,Michael Banahan & Anthony Lannon,ATHX DUBLIN 2026,Ireland 🇮🇪,2026,Male,ATHX Lite,Endurance,,,,,,,3.857KM,4.719KM,3
4,Trevor Kirkpatrick & aidanmcerlain Team,ATHX DUBLIN 2026,Ireland 🇮🇪,2026,Male,ATHX Lite,Endurance,,,,,,,3.658KM,4.814KM,4
5,Noah Cassidy & Corey Mc naughton,ATHX DUBLIN 2026,Ireland 🇮🇪,2026,Male,ATHX Lite,Endurance,,,,,,,3.406KM,4.874KM,5
6,Brian Mc neice & Anthony Mullen,ATHX DUBLIN 2026,Ireland 🇮🇪,2026,Male,ATHX Lite,Endurance,,,,,,,2.815KM,5.395KM,6
7,Damien Traynor & Brian Henderson,ATHX DUBLIN 2026,Ireland 🇮🇪,2026,Male,ATHX Lite,Endurance,,,,,,,4KM,4.144KM,7
8,Trevor Kearns & Thomas Kelly,ATHX DUBLIN 2026,Ireland 🇮🇪,2026,Male,ATHX Lite,Endurance,,,,,,,3.53KM,4.524KM,8
9,Pat Walsh & Peter Derham,ATHX DUBLIN 2026,Ireland 🇮🇪,2026,Male,ATHX Lite,Endurance,,,,,,,3.384KM,4.367KM,9
10,Chris Curran & Michael McCullough,ATHX DUBLIN 2026,Ireland 🇮🇪,2026,Male,ATHX Lite,Endurance,,,,,,,3.3KM,4.374KM,10
1,Katie Healy & Larragh Mann,ATHX DUBLIN 2026,Ireland 🇮🇪,2026,Female,ATHX Pro,MetCon X,,,14:11,,,,,,1
2,Shannon Conway & Ellen Collins,ATHX DUBLIN 2026,Ireland 🇮🇪,2026,Female,ATHX Pro,MetCon X,,,17:57,,,,,,2
3,Kate Hennessy & Mairead Mc Mahon,ATHX DUBLIN 2026,Ireland 🇮🇪,2026,Female,ATHX Pro,MetCon X,,,18:50,,,,,,3
4,Hannah MacMahon & lucy lawless,ATHX DUBLIN 2026,Ireland 🇮🇪,2026,Female,ATHX Pro,MetCon X,,,19:39,,,,,,4
5,Amiain Young & Natasha Barrett,ATHX DUBLIN 2026,Ireland 🇮🇪,2026,Female,ATHX Pro,MetCon X,,,22:02,,,,,,5
1,Aoife Hanley & Shane Lyons,ATHX DUBLIN 2026,Ireland 🇮🇪,2026,Mixed,ATHX Lite,Overall,1 (571KG),1 (8.626KM),1 (12:34),,,,,,3
2,Imelda Dixon & Paddy Dixon,ATHX DUBLIN 2026,Ireland 🇮🇪,2026,Mixed,ATHX Lite,Overall,2 (553KG),2 (8.349KM),2 (12:41),,,,,,6
3,Charlotte Kearney & David Tiernan,ATHX DUBLIN 2026,Ireland 🇮🇪,2026,Mixed,ATHX Lite,Overall,3 (520KG),4 (8.111KM),3 (14:07),,,,,,10
4,Carla Beattie & Kieran Greene,ATHX DUBLIN 2026,Ireland 🇮🇪,2026,Mixed,ATHX Lite,Overall,6 (376KG),3 (8.199KM),5 (16:31),,,,,,14
5,Jose Araújo & Rossana Loução,ATHX DUBLIN 2026,Ireland 🇮🇪,2026,Mixed,ATHX Lite,Overall,5 (461KG),6 (7.297KM),4 (16:03),,,,,,15
6,Lavinia mulligan & Liam Óg Mulligan,ATHX DUBLIN 2026,Ireland 🇮🇪,2026,Mixed,ATHX Lite,Overall,4 (481KG),7 (7.138KM),6 (17:25),,,,,,17
7,Kevin Horgan & Margaret Casey,ATHX DUBLIN 2026,Ireland 🇮🇪,2026,Mixed,ATHX Lite,Overall,7 (328KG),5 (7.299KM),7 (19:22),,,,,,19
1,Aoife Hanley & Shane Lyons,ATHX DUBLIN 2026,Ireland 🇮🇪,2026,Mixed,ATHX Lite,Endurance,,,,,,,3.568KM,5.058KM,1
2,Imelda Dixon & Paddy Dixon,ATHX DUBLIN 2026,Ireland 🇮🇪,2026,Mixed,ATHX Lite,Endurance,,,,,,,3.5KM,4.849KM,2
3,Carla Beattie & Kieran Greene,ATHX DUBLIN 2026,Ireland 🇮🇪,2026,Mixed,ATHX Lite,Endurance,,,,,,,3.846KM,4.353KM,3
4,Charlotte Kearney & David Tiernan,ATHX DUBLIN 2026,Ireland 🇮🇪,2026,Mixed,ATHX Lite,Endurance,,,,,,,3.5KM,4.611KM,4
5,Kevin Horgan & Margaret Casey,ATHX DUBLIN 2026,Ireland 🇮🇪,2026,Mixed,ATHX Lite,Endurance,,,,,,,3.338KM,3.961KM,5
6,Jose Araújo & Rossana Loução,ATHX DUBLIN 2026,Ireland 🇮🇪,2026,Mixed,ATHX Lite,Endurance,,,,,,,3KM,4.297KM,6
7,Lavinia mulligan & Liam Óg Mulligan,ATHX DUBLIN 2026,Ireland 🇮🇪,2026,Mixed,ATHX Lite,Endurance,,,,,,,3.322KM,3.816KM,7
1,Mary Power & Maebh Moriarty,ATHX DUBLIN 2026,Ireland 🇮🇪,2026,Female,ATHX Lite,Strength,,,,95KG,185KG,215KG,,,1
2,Hannah Donnelly & Cliona Beirne,ATHX DUBLIN 2026,Ireland 🇮🇪,2026,Female,ATHX Lite,Strength,,,,78KG,195KG,220KG,,,2
3,Clodagh Doyle & Karen costello,ATHX DUBLIN 2026,Ireland 🇮🇪,2026,Female,ATHX Lite,Strength,,,,83KG,175KG,210KG,,,3
4,Julie Coombs & Bernadine Quinn,ATHX DUBLIN 2026,Ireland 🇮🇪,2026,Female,ATHX Lite,Strength,,,,75KG,180KG,205KG,,,4
5,Anaya Leo & Shona Kavanagh,ATHX DUBLIN 2026,Ireland 🇮🇪,2026,Female,ATHX Lite,Strength,,,,65KG,165KG,200KG,,,5
6,Emily Kennedy & Una Houlihan,ATHX DUBLIN 2026,Ireland 🇮🇪,2026,Female,ATHX Lite,Strength,,,,83KG,165KG,180KG,,,6
7,Aisling Hughes & Catherine Devlin,ATHX DUBLIN 2026,Ireland 🇮🇪,2026,Female,ATHX Lite,Strength,,,,73KG,135KG,218KG,,,7
8,Marita Mulvey & Anne Cullen,ATHX DUBLIN 2026,Ireland 🇮🇪,2026,Female,ATHX Lite,Strength,,,,75KG,160KG,190KG,,,8
8,Sandra Maher & Andrea Molloy,ATHX DUBLIN 2026,Ireland 🇮🇪,2026,Female,ATHX Lite,Strength,,,,70KG,150KG,205KG,,,8
10,Rebecca McAlinden & Jane Morrison,ATHX DUBLIN 2026,Ireland 🇮🇪,2026,Female,ATHX Lite,Strength,,,,75KG,150KG,185KG,,,10
11,Aine OConnor & Ciara Melia,ATHX DUBLIN 2026,Ireland 🇮🇪,2026,Female,ATHX Lite,Strength,,,,78KG,140KG,185KG,,,11
12,Liz Bowe & Adrianne Parker,ATHX DUBLIN 2026,Ireland 🇮🇪,2026,Female,ATHX Lite,Strength,,,,63KG,156KG,176KG,,,12
13,Lauren McLoughlin & Charlotte Alexander,ATHX DUBLIN 2026,Ireland 🇮🇪,2026,Female,ATHX Lite,Strength,,,,73KG,135KG,180KG,,,13
14,Sarah Frewin & Rachel Liddicott,ATHX DUBLIN 2026,Ireland 🇮🇪,2026,Female,ATHX Lite,Strength,,,,68KG,130KG,185KG,,,14
15,Orlagh Kelly & Sarah McGrath,ATHX DUBLIN 2026,Ireland 🇮🇪,2026,Female,ATHX Lite,Strength,,,,78KG,128KG,175KG,,,15
16,Elena Moran & Lydia McDermott,ATHX DUBLIN 2026,Ireland 🇮🇪,2026,Female,ATHX Lite,Strength,,,,73KG,138KG,165KG,,,16
17,Louise Murray & Kathrina McAllister,ATHX DUBLIN 2026,Ireland 🇮🇪,2026,Female,ATHX Lite,Strength,,,,75KG,120KG,178KG,,,17
18,Claire Harris & Louise Delaney,ATHX DUBLIN 2026,Ireland 🇮🇪,2026,Female,ATHX Lite,Strength,,,,60KG,135KG,170KG,,,18
19,Yvonne Kavanagh & Amy Kilgannon,ATHX DUBLIN 2026,Ireland 🇮🇪,2026,Female,ATHX Lite,Strength,,,,78KG,120KG,155KG,,,19
19,Bernita Kiernan & Olivia Rock,ATHX DUBLIN 2026,Ireland 🇮🇪,2026,Female,ATHX Lite,Strength,,,,73KG,130KG,150KG,,,19
21,Joanna Duffin & Nicole Donaghy,ATHX DUBLIN 2026,Ireland 🇮🇪,2026,Female,ATHX Lite,Strength,,,,68KG,130KG,150KG,,,21
22,Hannah McGowan & Ann Marie Doyle,ATHX DUBLIN 2026,Ireland 🇮🇪,2026,Female,ATHX Lite,Strength,,,,68KG,118KG,155KG,,,22
23,Crea Rice & Lisa O’Neill,ATHX DUBLIN 2026,Ireland 🇮🇪,2026,Female,ATHX Lite,Strength,,,,69KG,106KG,163KG,,,23
24,Niamh Boyle & Mia McEvoy,ATHX DUBLIN 2026,Ireland 🇮🇪,2026,Female,ATHX Lite,Strength,,,,55KG,110KG,170KG,,,24
25,Claire Rushe & Christine Connolly,ATHX DUBLIN 2026,Ireland 🇮🇪,2026,Female,ATHX Lite,Strength,,,,63KG,110KG,155KG,,,25
25,Michaela Horgan & Nicole Horgan,ATHX DUBLIN 2026,Ireland 🇮🇪,2026,Female,ATHX Lite,Strength,,,,68KG,110KG,150KG,,,25
25,Fiona O'Hora & Ellie O Rourke,ATHX DUBLIN 2026,Ireland 🇮🇪,2026,Female,ATHX Lite,Strength,,,,63KG,105KG,160KG,,,25
28,Elaine Molloy & Amy Mclaughlin,ATHX DUBLIN 2026,Ireland 🇮🇪,2026,Female,ATHX Lite,Strength,,,,66KG,108KG,150KG,,,28
29,Laura Rafferty & Leona Kelly,ATHX DUBLIN 2026,Ireland 🇮🇪,2026,Female,ATHX Lite,Strength,,,,55KG,113KG,155KG,,,29
30,Tina Fahy & Kellie Curran,ATHX DUBLIN 2026,Ireland 🇮🇪,2026,Female,ATHX Lite,Strength,,,,55KG,115KG,148KG,,,30
30,Maria Curran & Sharon Curran,ATHX DUBLIN 2026,Ireland 🇮🇪,2026,Female,ATHX Lite,Strength,,,,63KG,90KG,165KG,,,30
30,Jennifer Kane & Julie Ohagan,ATHX DUBLIN 2026,Ireland 🇮🇪,2026,Female,ATHX Lite,Strength,,,,53KG,115KG,150KG,,,30
33,Frances Sturgeon & Marie Sturgeon,ATHX DUBLIN 2026,Ireland 🇮🇪,2026,Female,ATHX Lite,Strength,,,,51KG,120KG,140KG,,,33
34,Michelle Muldoon & Ellen Connolly,ATHX DUBLIN 2026,Ireland 🇮🇪,2026,Female,ATHX Lite,Strength,,,,53KG,110KG,135KG,,,34
35,Agnieszka Kutwin & Helena Giles,ATHX DUBLIN 2026,Ireland 🇮🇪,2026,Female,ATHX Lite,Strength,,,,53KG,100KG,133KG,,,35
36,Stacey Bayne & Jackie Cheevers,ATHX DUBLIN 2026,Ireland 🇮🇪,2026,Female,ATHX Lite,Strength,,,,58KG,88KG,138KG,,,36
37,Rosie Hagan & Catherine Jackson,ATHX DUBLIN 2026,Ireland 🇮🇪,2026,Female,ATHX Lite,Strength,,,,58KG,105KG,120KG,,,37
38,Chloe McKeown & Kelsey Stockman,ATHX DUBLIN 2026,Ireland 🇮🇪,2026,Female,ATHX Lite,Strength,,,,50KG,95KG,120KG,,,38
39,Chloe Madison Gordon & Anna Stitt,ATHX DUBLIN 2026,Ireland 🇮🇪,2026,Female,ATHX Lite,Strength,,,,53KG,100KG,111KG,,,39
40,JAYNE CLIFFORD & Fozia Mohammad,ATHX DUBLIN 2026,Ireland 🇮🇪,2026,Female,ATHX Lite,Strength,,,,60KG,55KG,148KG,,,40
41,Edel O'Kelly & Ger Cashman,ATHX DUBLIN 2026,Ireland 🇮🇪,2026,Female,ATHX Lite,Strength,,,,53KG,73KG,125KG,,,41
42,Nikhila Vangala & Ojas Kapre,ATHX DUBLIN 2026,Ireland 🇮🇪,2026,Female,ATHX Lite,Strength,,,,51KG,73KG,108KG,,,42
1,Joseph Harper & frazier.christie Team,ATHX DUBLIN 2026,Ireland 🇮🇪,2026,Male,ATHX Pro,Endurance,,,,,,,4.95KM,6.087KM,1
2,Sam Stewart & Robert Flanagan,ATHX DUBLIN 2026,Ireland 🇮🇪,2026,Male,ATHX Pro,Endurance,,,,,,,4.977KM,6KM,2
3,Dean Nolan & Aron Taylor-Smith,ATHX DUBLIN 2026,Ireland 🇮🇪,2026,Male,ATHX Pro,Endurance,,,,,,,5.095KM,5.842KM,3
4,Dean Roche & Carl Sweeney,ATHX DUBLIN 2026,Ireland 🇮🇪,2026,Male,ATHX Pro,Endurance,,,,,,,5KM,5.769KM,4
5,Neeson Mccullough & Harry Chambers,ATHX DUBLIN 2026,Ireland 🇮🇪,2026,Male,ATHX Pro,Endurance,,,,,,,4.531KM,5.957KM,5
6,Rene Lamont & Jaydin Scholtz,ATHX DUBLIN 2026,Ireland 🇮🇪,2026,Male,ATHX Pro,Endurance,,,,,,,4.314KM,6.097KM,6
7,Conor Healy & Rocky O'Donovan,ATHX DUBLIN 2026,Ireland 🇮🇪,2026,Male,ATHX Pro,Endurance,,,,,,,4.851KM,5.46KM,7
8,Zachary Farrell & Alan Roche,ATHX DUBLIN 2026,Ireland 🇮🇪,2026,Male,ATHX Pro,Endurance,,,,,,,4.816KM,5.491KM,8
9,Sean Flannery & Kevin Brady,ATHX DUBLIN 2026,Ireland 🇮🇪,2026,Male,ATHX Pro,Endurance,,,,,,,4.551KM,5.667KM,9
10,James Sunderland & Shane Griffith,ATHX DUBLIN 2026,Ireland 🇮🇪,2026,Male,ATHX Pro,Endurance,,,,,,,4.565KM,5.61KM,10
11,Eoin Carroll & Adam Carroll,ATHX DUBLIN 2026,Ireland 🇮🇪,2026,Male,ATHX Pro,Endurance,,,,,,,4.43KM,5.69KM,11
12,Keith Dwyer & Keith Healy,ATHX DUBLIN 2026,Ireland 🇮🇪,2026,Male,ATHX Pro,Endurance,,,,,,,4.25KM,5.822KM,12
13,Martins Bergs & Conor McGinley,ATHX DUBLIN 2026,Ireland 🇮🇪,2026,Male,ATHX Pro,Endurance,,,,,,,3.931KM,5.889KM,13
14,Najim Gharbi & Alan Wheeler,ATHX DUBLIN 2026,Ireland 🇮🇪,2026,Male,ATHX Pro,Endurance,,,,,,,4.286KM,5.415KM,14
15,Graham Brady & David Greene,ATHX DUBLIN 2026,Ireland 🇮🇪,2026,Male,ATHX Pro,Endurance,,,,,,,4.078KM,5.134KM,15
16,Jim Hughes & Ciaran Mulgrew,ATHX DUBLIN 2026,Ireland 🇮🇪,2026,Male,ATHX Pro,Endurance,,,,,,,3.681KM,5.494KM,16
17,Richard McDonagh & David Sherlock,ATHX DUBLIN 2026,Ireland 🇮🇪,2026,Male,ATHX Pro,Endurance,,,,,,,4KM,4.842KM,17
1,Rene Lamont & Jaydin Scholtz,ATHX DUBLIN 2026,Ireland 🇮🇪,2026,Male,ATHX Pro,MetCon X,,,13:15,,,,,,1
2,Sam Stewart & Robert Flanagan,ATHX DUBLIN 2026,Ireland 🇮🇪,2026,Male,ATHX Pro,MetCon X,,,13:16,,,,,,2
3,Joseph Harper & frazier.christie Team,ATHX DUBLIN 2026,Ireland 🇮🇪,2026,Male,ATHX Pro,MetCon X,,,13:32,,,,,,3
4,Dean Nolan & Aron Taylor-Smith,ATHX DUBLIN 2026,Ireland 🇮🇪,2026,Male,ATHX Pro,MetCon X,,,15:05,,,,,,4
4,Neeson Mccullough & Harry Chambers,ATHX DUBLIN 2026,Ireland 🇮🇪,2026,Male,ATHX Pro,MetCon X,,,15:05,,,,,,4
6,Keith Dwyer & Keith Healy,ATHX DUBLIN 2026,Ireland 🇮🇪,2026,Male,ATHX Pro,MetCon X,,,15:15,,,,,,6
7,Conor Healy & Rocky O'Donovan,ATHX DUBLIN 2026,Ireland 🇮🇪,2026,Male,ATHX Pro,MetCon X,,,15:57,,,,,,7
8,Dean Roche & Carl Sweeney,ATHX DUBLIN 2026,Ireland 🇮🇪,2026,Male,ATHX Pro,MetCon X,,,16:12,,,,,,8
8,Najim Gharbi & Alan Wheeler,ATHX DUBLIN 2026,Ireland 🇮🇪,2026,Male,ATHX Pro,MetCon X,,,16:12,,,,,,8
10,James Sunderland & Shane Griffith,ATHX DUBLIN 2026,Ireland 🇮🇪,2026,Male,ATHX Pro,MetCon X,,,17:13,,,,,,10
11,Martins Bergs & Conor McGinley,ATHX DUBLIN 2026,Ireland 🇮🇪,2026,Male,ATHX Pro,MetCon X,,,17:18,,,,,,11
12,Sean Flannery & Kevin Brady,ATHX DUBLIN 2026,Ireland 🇮🇪,2026,Male,ATHX Pro,MetCon X,,,17:20,,,,,,12
13,Zachary Farrell & Alan Roche,ATHX DUBLIN 2026,Ireland 🇮🇪,2026,Male,ATHX Pro,MetCon X,,,17:42,,,,,,13
14,Jim Hughes & Ciaran Mulgrew,ATHX DUBLIN 2026,Ireland 🇮🇪,2026,Male,ATHX Pro,MetCon X,,,18:08,,,,,,14
15,Eoin Carroll & Adam Carroll,ATHX DUBLIN 2026,Ireland 🇮🇪,2026,Male,ATHX Pro,MetCon X,,,18:09,,,,,,15
16,Graham Brady & David Greene,ATHX DUBLIN 2026,Ireland 🇮🇪,2026,Male,ATHX Pro,MetCon X,,,22:39,,,,,,16
17,Richard McDonagh & David Sherlock,ATHX DUBLIN 2026,Ireland 🇮🇪,2026,Male,ATHX Pro,MetCon X,,,29:15,,,,,,17
1,Mateusz Musial & Kasia Jankowska,ATHX DUBLIN 2026,Ireland 🇮🇪,2026,Mixed,ATHX Pro,Overall,2 (775KG),2 (10.166KM),1 (13:37),,,,,,5
2,Aileen McCann & Baz gouldsbury,ATHX DUBLIN 2026,Ireland 🇮🇪,2026,Mixed,ATHX Pro,Overall,3 (693KG),3 (9.999KM),2 (14:20),,,,,,8
3,Mitchell Greer & Grace Black,ATHX DUBLIN 2026,Ireland 🇮🇪,2026,Mixed,ATHX Pro,Overall,3 (693KG),4 (9.926KM),3 (14:32),,,,,,10
4,Lucy Lloyd & Lukasz Debek,ATHX DUBLIN 2026,Ireland 🇮🇪,2026,Mixed,ATHX Pro,Overall,1 (814KG),8 (9.581KM),4 (15:07),,,,,,13
5,Alan Barry & Ana Toffolo,ATHX DUBLIN 2026,Ireland 🇮🇪,2026,Mixed,ATHX Pro,Overall,8 (610KG),6 (9.606KM),5 (15:47),,,,,,19
6,Amy Colton & Peter Slattery,ATHX DUBLIN 2026,Ireland 🇮🇪,2026,Mixed,ATHX Pro,Overall,11 (558KG),1 (10.465KM),8 (18:07),,,,,,20
7,Francisco Lopez & Catalina Vidal,ATHX DUBLIN 2026,Ireland 🇮🇪,2026,Mixed,ATHX Pro,Overall,5 (668KG),9 (9.542KM),6 (17:14),,,,,,20
8,Liesl McBride & Mickey Curran,ATHX DUBLIN 2026,Ireland 🇮🇪,2026,Mixed,ATHX Pro,Overall,12 (513KG),5 (9.845KM),9 (18:12),,,,,,26
8,Manon ARIES & tanguy Combe,ATHX DUBLIN 2026,Ireland 🇮🇪,2026,Mixed,ATHX Pro,Overall,9 (609KG),10 (9.442KM),7 (17:49),,,,,,26
8,Fionn Hanley & Lesley Shinnick,ATHX DUBLIN 2026,Ireland 🇮🇪,2026,Mixed,ATHX Pro,Overall,7 (620KG),7 (9.604KM),12 (20:00),,,,,,26
11,Ian Murray & Emma kate Carroll,ATHX DUBLIN 2026,Ireland 🇮🇪,2026,Mixed,ATHX Pro,Overall,6 (648KG),11 (9.301KM),10 (19:30),,,,,,27
12,João Pedro Castro Fino & Sofia Silva,ATHX DUBLIN 2026,Ireland 🇮🇪,2026,Mixed,ATHX Pro,Overall,10 (563KG),12 (8.996KM),11 (19:32),,,,,,33
1,Lucy Lloyd & Lukasz Debek,ATHX DUBLIN 2026,Ireland 🇮🇪,2026,Mixed,ATHX Pro,Strength,,,,161KG,303KG,350KG,,,1
2,Mateusz Musial & Kasia Jankowska,ATHX DUBLIN 2026,Ireland 🇮🇪,2026,Mixed,ATHX Pro,Strength,,,,145KG,300KG,330KG,,,2
3,Aileen McCann & Baz gouldsbury,ATHX DUBLIN 2026,Ireland 🇮🇪,2026,Mixed,ATHX Pro,Strength,,,,128KG,265KG,300KG,,,3
3,Mitchell Greer & Grace Black,ATHX DUBLIN 2026,Ireland 🇮🇪,2026,Mixed,ATHX Pro,Strength,,,,123KG,265KG,305KG,,,3
5,Francisco Lopez & Catalina Vidal,ATHX DUBLIN 2026,Ireland 🇮🇪,2026,Mixed,ATHX Pro,Strength,,,,113KG,255KG,300KG,,,5
6,Ian Murray & Emma kate Carroll,ATHX DUBLIN 2026,Ireland 🇮🇪,2026,Mixed,ATHX Pro,Strength,,,,115KG,245KG,288KG,,,6
7,Fionn Hanley & Lesley Shinnick,ATHX DUBLIN 2026,Ireland 🇮🇪,2026,Mixed,ATHX Pro,Strength,,,,95KG,240KG,285KG,,,7
8,Alan Barry & Ana Toffolo,ATHX DUBLIN 2026,Ireland 🇮🇪,2026,Mixed,ATHX Pro,Strength,,,,120KG,210KG,280KG,,,8
9,Manon ARIES & tanguy Combe,ATHX DUBLIN 2026,Ireland 🇮🇪,2026,Mixed,ATHX Pro,Strength,,,,113KG,233KG,263KG,,,9
10,João Pedro Castro Fino & Sofia Silva,ATHX DUBLIN 2026,Ireland 🇮🇪,2026,Mixed,ATHX Pro,Strength,,,,108KG,215KG,240KG,,,10
11,Amy Colton & Peter Slattery,ATHX DUBLIN 2026,Ireland 🇮🇪,2026,Mixed,ATHX Pro,Strength,,,,108KG,220KG,230KG,,,11
12,Liesl McBride & Mickey Curran,ATHX DUBLIN 2026,Ireland 🇮🇪,2026,Mixed,ATHX Pro,Strength,,,,100KG,180KG,233KG,,,12
1,Amy Colton & Peter Slattery,ATHX DUBLIN 2026,Ireland 🇮🇪,2026,Mixed,ATHX Pro,Endurance,,,,,,,4.978KM,5.487KM,1
2,Mateusz Musial & Kasia Jankowska,ATHX DUBLIN 2026,Ireland 🇮🇪,2026,Mixed,ATHX Pro,Endurance,,,,,,,4.406KM,5.76KM,2
3,Aileen McCann & Baz gouldsbury,ATHX DUBLIN 2026,Ireland 🇮🇪,2026,Mixed,ATHX Pro,Endurance,,,,,,,4.288KM,5.711KM,3
4,Mitchell Greer & Grace Black,ATHX DUBLIN 2026,Ireland 🇮🇪,2026,Mixed,ATHX Pro,Endurance,,,,,,,4.504KM,5.422KM,4
5,Liesl McBride & Mickey Curran,ATHX DUBLIN 2026,Ireland 🇮🇪,2026,Mixed,ATHX Pro,Endurance,,,,,,,4.75KM,5.095KM,5
6,Alan Barry & Ana Toffolo,ATHX DUBLIN 2026,Ireland 🇮🇪,2026,Mixed,ATHX Pro,Endurance,,,,,,,4KM,5.606KM,6
7,Fionn Hanley & Lesley Shinnick,ATHX DUBLIN 2026,Ireland 🇮🇪,2026,Mixed,ATHX Pro,Endurance,,,,,,,4.181KM,5.423KM,7
8,Lucy Lloyd & Lukasz Debek,ATHX DUBLIN 2026,Ireland 🇮🇪,2026,Mixed,ATHX Pro,Endurance,,,,,,,4KM,5.581KM,8
9,Francisco Lopez & Catalina Vidal,ATHX DUBLIN 2026,Ireland 🇮🇪,2026,Mixed,ATHX Pro,Endurance,,,,,,,4.492KM,5.05KM,9
10,Manon ARIES & tanguy Combe,ATHX DUBLIN 2026,Ireland 🇮🇪,2026,Mixed,ATHX Pro,Endurance,,,,,,,4.222KM,5.22KM,10
11,Ian Murray & Emma kate Carroll,ATHX DUBLIN 2026,Ireland 🇮🇪,2026,Mixed,ATHX Pro,Endurance,,,,,,,3.968KM,5.333KM,11
12,João Pedro Castro Fino & Sofia Silva,ATHX DUBLIN 2026,Ireland 🇮🇪,2026,Mixed,ATHX Pro,Endurance,,,,,,,3.898KM,5.098KM,12
1,Mateusz Musial & Kasia Jankowska,ATHX DUBLIN 2026,Ireland 🇮🇪,2026,Mixed,ATHX Pro,MetCon X,,,13:37,,,,,,1
2,Aileen McCann & Baz gouldsbury,ATHX DUBLIN 2026,Ireland 🇮🇪,2026,Mixed,ATHX Pro,MetCon X,,,14:20,,,,,,2
3,Mitchell Greer & Grace Black,ATHX DUBLIN 2026,Ireland 🇮🇪,2026,Mixed,ATHX Pro,MetCon X,,,14:32,,,,,,3
4,Lucy Lloyd & Lukasz Debek,ATHX DUBLIN 2026,Ireland 🇮🇪,2026,Mixed,ATHX Pro,MetCon X,,,15:07,,,,,,4
5,Alan Barry & Ana Toffolo,ATHX DUBLIN 2026,Ireland 🇮🇪,2026,Mixed,ATHX Pro,MetCon X,,,15:47,,,,,,5
6,Francisco Lopez & Catalina Vidal,ATHX DUBLIN 2026,Ireland 🇮🇪,2026,Mixed,ATHX Pro,MetCon X,,,17:14,,,,,,6
7,Manon ARIES & tanguy Combe,ATHX DUBLIN 2026,Ireland 🇮🇪,2026,Mixed,ATHX Pro,MetCon X,,,17:49,,,,,,7
8,Amy Colton & Peter Slattery,ATHX DUBLIN 2026,Ireland 🇮🇪,2026,Mixed,ATHX Pro,MetCon X,,,18:07,,,,,,8
9,Liesl McBride & Mickey Curran,ATHX DUBLIN 2026,Ireland 🇮🇪,2026,Mixed,ATHX Pro,MetCon X,,,18:12,,,,,,9
10,Ian Murray & Emma kate Carroll,ATHX DUBLIN 2026,Ireland 🇮🇪,2026,Mixed,ATHX Pro,MetCon X,,,19:30,,,,,,10
11,João Pedro Castro Fino & Sofia Silva,ATHX DUBLIN 2026,Ireland 🇮🇪,2026,Mixed,ATHX Pro,MetCon X,,,19:32,,,,,,11
12,Fionn Hanley & Lesley Shinnick,ATHX DUBLIN 2026,Ireland 🇮🇪,2026,Mixed,ATHX Pro,MetCon X,,,20:00,,,,,,12
1,Emma Ireland & Henry Sainsbury,ATHX DUBLIN 2026,Ireland 🇮🇪,2026,Mixed,ATHX,Overall,1 (730KG),7 (9.766KM),2 (12:17),,,,,,10
2,Cathal Parkes & Muireann Odonnell,ATHX DUBLIN 2026,Ireland 🇮🇪,2026,Mixed,ATHX,Overall,11 (659KG),8 (9.749KM),5 (12:52),,,,,,24
3,Bruna Marques Sousa & Marcus Vinicius Goncalves Barbosa,ATHX DUBLIN 2026,Ireland 🇮🇪,2026,Mixed,ATHX,Overall,9 (670KG),9 (9.69KM),7 (13:08),,,,,,25
4,Tanith Aschettino & Giuseppe Aschettino,ATHX DUBLIN 2026,Ireland 🇮🇪,2026,Mixed,ATHX,Overall,4 (705KG),10 (9.588KM),13 (13:50),,,,,,27
5,Cassia Williams & Ashley Cunliffe,ATHX DUBLIN 2026,Ireland 🇮🇪,2026,Mixed,ATHX,Overall,3 (708KG),20 (9.333KM),8 (13:17),,,,,,31
6,Daisy Taylor & Calum Upton,ATHX DUBLIN 2026,Ireland 🇮🇪,2026,Mixed,ATHX,Overall,8 (688KG),23 (9.291KM),3 (12:41),,,,,,34
7,John Burns & Ashleigh Stevenson,ATHX DUBLIN 2026,Ireland 🇮🇪,2026,Mixed,ATHX,Overall,5 (704KG),24 (9.283KM),6 (12:59),,,,,,35
8,Miriam McElvaney & Jason Donohoe,ATHX DUBLIN 2026,Ireland 🇮🇪,2026,Mixed,ATHX,Overall,19 (608KG),17 (9.421KM),9 (13:20),,,,,,45
9,Shane Mahon & Megan Parker,ATHX DUBLIN 2026,Ireland 🇮🇪,2026,Mixed,ATHX,Overall,14 (625KG),22 (9.309KM),11 (13:32),,,,,,47
10,Bernard Hughes & Hannah Rice,ATHX DUBLIN 2026,Ireland 🇮🇪,2026,Mixed,ATHX,Overall,2 (725KG),28 (9.174KM),18 (14:20),,,,,,48
11,Benny Connolly & Gemma McLaughlin,ATHX DUBLIN 2026,Ireland 🇮🇪,2026,Mixed,ATHX,Overall,24 (588KG),14 (9.514KM),10 (13:29),,,,,,48
12,Curtis Woods & Sinead Woods,ATHX DUBLIN 2026,Ireland 🇮🇪,2026,Mixed,ATHX,Overall,34 (553KG),3 (10.066KM),16 (14:01),,,,,,53
12,Laurence Pannell & Hannah Bailey,ATHX DUBLIN 2026,Ireland 🇮🇪,2026,Mixed,ATHX,Overall,36 (545KG),5 (9.861KM),12 (13:42),,,,,,53
14,Gemma McCrudden & sam clements,ATHX DUBLIN 2026,Ireland 🇮🇪,2026,Mixed,ATHX,Overall,13 (640KG),25 (9.281KM),21 (14:26),,,,,,59
15,Niall Bedford & Aimee Conroy,ATHX DUBLIN 2026,Ireland 🇮🇪,2026,Mixed,ATHX,Overall,46 (528KG),1 (10.24KM),24 (14:33),,,,,,71
16,Mollie Gilmore & Léo Ledeux,ATHX DUBLIN 2026,Ireland 🇮🇪,2026,Mixed,ATHX,Overall,6 (697KG),38 (9.037KM),28 (14:45),,,,,,72
17,Faye Murray & Cole Walker-Taylor,ATHX DUBLIN 2026,Ireland 🇮🇪,2026,Mixed,ATHX,Overall,66 (488KG),4 (9.997KM),4 (12:43),,,,,,74
17,Paulina Zagrabska & Tom Jordan,ATHX DUBLIN 2026,Ireland 🇮🇪,2026,Mixed,ATHX,Overall,26 (575KG),18 (9.388KM),30 (14:54),,,,,,74
17,Jamie Fulton & Sarah Conroy,ATHX DUBLIN 2026,Ireland 🇮🇪,2026,Mixed,ATHX,Overall,23 (593KG),33 (9.096KM),18 (14:20),,,,,,74
17,Conor Higgins & Sinead Costello,ATHX DUBLIN 2026,Ireland 🇮🇪,2026,Mixed,ATHX,Overall,7 (691KG),45 (8.868KM),22 (14:31),,,,,,74
21,Yuan O'Neill & Keelan Jennings,ATHX DUBLIN 2026,Ireland 🇮🇪,2026,Mixed,ATHX,Overall,18 (610KG),56 (8.71KM),1 (12:14),,,,,,75
22,Feidhlim Quinn & Julie Robinson,ATHX DUBLIN 2026,Ireland 🇮🇪,2026,Mixed,ATHX,Overall,61 (508KG),2 (10.182KM),15 (13:58),,,,,,78
23,Louis Bohnert & Pia Lourde Rocheblave,ATHX DUBLIN 2026,Ireland 🇮🇪,2026,Mixed,ATHX,Overall,52 (523KG),12 (9.534KM),20 (14:21),,,,,,84
24,Mairead Cooke & Paul Ingle,ATHX DUBLIN 2026,Ireland 🇮🇪,2026,Mixed,ATHX,Overall,33 (554KG),31 (9.125KM),22 (14:31),,,,,,86
25,Tom Ensor & Jen Cullinan,ATHX DUBLIN 2026,Ireland 🇮🇪,2026,Mixed,ATHX,Overall,32 (555KG),21 (9.323KM),34 (15:18),,,,,,87
25,Dylan McCallion & Sarah Mitchell,ATHX DUBLIN 2026,Ireland 🇮🇪,2026,Mixed,ATHX,Overall,14 (625KG),47 (8.839KM),26 (14:42),,,,,,87
25,Bernadeta Nelson & David Linehan,ATHX DUBLIN 2026,Ireland 🇮🇪,2026,Mixed,ATHX,Overall,44 (531KG),29 (9.166KM),14 (13:55),,,,,,87
28,Brendan Duffy & Cathriona Brady,ATHX DUBLIN 2026,Ireland 🇮🇪,2026,Mixed,ATHX,Overall,46 (528KG),25 (9.281KM),17 (14:12),,,,,,88
29,Eamonn Whelan & Sandra Simpson,ATHX DUBLIN 2026,Ireland 🇮🇪,2026,Mixed,ATHX,Overall,52 (523KG),15 (9.452KM),26 (14:42),,,,,,93
30,Killian Andersen & Niamh Sheridan,ATHX DUBLIN 2026,Ireland 🇮🇪,2026,Mixed,ATHX,Overall,46 (528KG),6 (9.828KM),42 (16:04),,,,,,94
31,Chene Longueira & Keegan Longueira,ATHX DUBLIN 2026,Ireland 🇮🇪,2026,Mixed,ATHX,Overall,12 (643KG),48 (8.796KM),38 (15:31),,,,,,98
31,Sian Gallagher & Jack Gallagher,ATHX DUBLIN 2026,Ireland 🇮🇪,2026,Mixed,ATHX,Overall,17 (613KG),30 (9.14KM),51 (16:50),,,,,,98
33,Joey Hughes & Catherine McComish,ATHX DUBLIN 2026,Ireland 🇮🇪,2026,Mixed,ATHX,Overall,60 (510KG),16 (9.423KM),25 (14:39),,,,,,101
34,Aidan Treanor & Emma Clerkin,ATHX DUBLIN 2026,Ireland 🇮🇪,2026,Mixed,ATHX,Overall,56 (520KG),11 (9.564KM),35 (15:27),,,,,,102
35,Barry Donohue & Rachel Sher,ATHX DUBLIN 2026,Ireland 🇮🇪,2026,Mixed,ATHX,Overall,10 (669KG),57 (8.644KM),36 (15:28),,,,,,103
36,Helen Barwise & Lewis Barwise,ATHX DUBLIN 2026,Ireland 🇮🇪,2026,Mixed,ATHX,Overall,55 (521KG),19 (9.383KM),30 (14:54),,,,,,104
37,Ximena Arroyo & Marco Hernandez,ATHX DUBLIN 2026,Ireland 🇮🇪,2026,Mixed,ATHX,Overall,25 (579KG),40 (8.987KM),41 (15:57),,,,,,106
38,Abi Carolan & Alan Mahon,ATHX DUBLIN 2026,Ireland 🇮🇪,2026,Mixed,ATHX,Overall,28 (565KG),42 (8.923KM),39 (15:45),,,,,,109
38,Tania Monteiro & Joao Loução,ATHX DUBLIN 2026,Ireland 🇮🇪,2026,Mixed,ATHX,Overall,30 (557KG),50 (8.76KM),29 (14:50),,,,,,109
40,Daniel Cairns & Gemma Chambers,ATHX DUBLIN 2026,Ireland 🇮🇪,2026,Mixed,ATHX,Overall,20 (606KG),44 (8.921KM),46 (16:22),,,,,,110
41,Marie Bracken & Cillian Duffy,ATHX DUBLIN 2026,Ireland 🇮🇪,2026,Mixed,ATHX,Overall,36 (545KG),46 (8.859KM),32 (15:08),,,,,,114
42,BERGE Nicolas & CHRISTEL GUIRAUD,ATHX DUBLIN 2026,Ireland 🇮🇪,2026,Mixed,ATHX,Overall,27 (571KG),55 (8.712KM),33 (15:15),,,,,,115
43,nina tomlinson & Ryan King,ATHX DUBLIN 2026,Ireland 🇮🇪,2026,Mixed,ATHX,Overall,16 (618KG),60 (8.573KM),40 (15:47),,,,,,116
44,Eimear Corcoran & Luiz Sales,ATHX DUBLIN 2026,Ireland 🇮🇪,2026,Mixed,ATHX,Overall,28 (565KG),52 (8.731KM),50 (16:43),,,,,,130
44,Dean Newsome & Sinead Nolan,ATHX DUBLIN 2026,Ireland 🇮🇪,2026,Mixed,ATHX,Overall,50 (526KG),32 (9.106KM),48 (16:35),,,,,,130
46,Beth McGregor & Jake Pearce,ATHX DUBLIN 2026,Ireland 🇮🇪,2026,Mixed,ATHX,Overall,64 (498KG),34 (9.094KM),37 (15:29),,,,,,135
47,Martin Parker & Elizabeth Kearney,ATHX DUBLIN 2026,Ireland 🇮🇪,2026,Mixed,ATHX,Overall,84 (417KG),13 (9.526KM),43 (16:05),,,,,,140
48,Alison Kelly & Niall Kelly,ATHX DUBLIN 2026,Ireland 🇮🇪,2026,Mixed,ATHX,Overall,71 (466KG),27 (9.213KM),49 (16:36),,,,,,147
49,Luke Hoban & Aoife Hoban,ATHX DUBLIN 2026,Ireland 🇮🇪,2026,Mixed,ATHX,Overall,30 (557KG),74 (8.284KM),44 (16:10),,,,,,148
50,Jose Antonio Medina Pastor & Andrea Perez,ATHX DUBLIN 2026,Ireland 🇮🇪,2026,Mixed,ATHX,Overall,52 (523KG),41 (8.963KM),58 (17:31),,,,,,151
51,Sorcha Dee & Barry Morrissey,ATHX DUBLIN 2026,Ireland 🇮🇪,2026,Mixed,ATHX,Overall,43 (533KG),59 (8.587KM),59 (17:40),,,,,,161
52,Mark Corrigan & Leanne Corrigan,ATHX DUBLIN 2026,Ireland 🇮🇪,2026,Mixed,ATHX,Overall,41 (539KG),77 (8.208KM),53 (16:53),,,,,,171
53,Fraser Gow & Lynsey Clemenger,ATHX DUBLIN 2026,Ireland 🇮🇪,2026,Mixed,ATHX,Overall,68 (475KG),35 (9.069KM),69 (18:26),,,,,,172
53,David Levstik & Ines Renedo Ruiz,ATHX DUBLIN 2026,Ireland 🇮🇪,2026,Mixed,ATHX,Overall,57 (518KG),68 (8.392KM),47 (16:28),,,,,,172
55,Stephen Boylan & Cassie Boylan,ATHX DUBLIN 2026,Ireland 🇮🇪,2026,Mixed,ATHX,Overall,35 (547KG),78 (8.177KM),60 (17:47),,,,,,173
56,Natalja Antipova & Nikita Antipovs,ATHX DUBLIN 2026,Ireland 🇮🇪,2026,Mixed,ATHX,Overall,79 (433KG),36 (9.048KM),61 (17:50),,,,,,176
56,Cian Ronan & Sophie McCarthy,ATHX DUBLIN 2026,Ireland 🇮🇪,2026,Mixed,ATHX,Overall,75 (445KG),37 (9.042KM),64 (18:13),,,,,,176
56,dean brown & Shona Cavanagh,ATHX DUBLIN 2026,Ireland 🇮🇪,2026,Mixed,ATHX,Overall,68 (475KG),53 (8.721KM),55 (17:08),,,,,,176
56,Sandra Pugh & Paul Pugh,ATHX DUBLIN 2026,Ireland 🇮🇪,2026,Mixed,ATHX,Overall,46 (528KG),64 (8.545KM),66 (18:18),,,,,,176
60,Linda Butler & Martin Buttler,ATHX DUBLIN 2026,Ireland 🇮🇪,2026,Mixed,ATHX,Overall,85 (415KG),49 (8.774KM),45 (16:20),,,,,,179
61,Ana Paula Borges Goncalves & Reinaldo Junior,ATHX DUBLIN 2026,Ireland 🇮🇪,2026,Mixed,ATHX,Overall,38 (540KG),80 (8.058KM),62 (17:57),,,,,,180
61,Catherine Le Guiniec & Daniel Mahood,ATHX DUBLIN 2026,Ireland 🇮🇪,2026,Mixed,ATHX,Overall,63 (500KG),61 (8.564KM),56 (17:11),,,,,,180
61,Ciara Walsh & Joe Walsh,ATHX DUBLIN 2026,Ireland 🇮🇪,2026,Mixed,ATHX,Overall,38 (540KG),72 (8.318KM),70 (18:28),,,,,,180
64,Sara Tello & Adrian Tello,ATHX DUBLIN 2026,Ireland 🇮🇪,2026,Mixed,ATHX,Overall,45 (530KG),73 (8.316KM),63 (18:04),,,,,,181
65,nic potter & Karla Strudwick,ATHX DUBLIN 2026,Ireland 🇮🇪,2026,Mixed,ATHX,Overall,22 (600KG),83 (7.912KM),80 (21:08),,,,,,185
65,Grace Murphy & Kev McFaul,ATHX DUBLIN 2026,Ireland 🇮🇪,2026,Mixed,ATHX,Overall,73 (460KG),58 (8.591KM),54 (17:05),,,,,,185
67,Sophie Medland & Harrison Ward,ATHX DUBLIN 2026,Ireland 🇮🇪,2026,Mixed,ATHX,Overall,21 (605KG),88 (6.916KM),77 (19:40),,,,,,186
68,Oisin McCullagh & Megan Mcelhatton,ATHX DUBLIN 2026,Ireland 🇮🇪,2026,Mixed,ATHX,Overall,70 (468KG),62 (8.556KM),57 (17:21),,,,,,189
69,Yvonne Finnegan & Declan McMahon,ATHX DUBLIN 2026,Ireland 🇮🇪,2026,Mixed,ATHX,Overall,75 (445KG),43 (8.922KM),72 (18:42),,,,,,190
70,Allison Treanor & Barry Mcguigan,ATHX DUBLIN 2026,Ireland 🇮🇪,2026,Mixed,ATHX,Overall,86 (411KG),54 (8.719KM),52 (16:52),,,,,,192
71,Serena Mizzoni & Conor Ward,ATHX DUBLIN 2026,Ireland 🇮🇪,2026,Mixed,ATHX,Overall,62 (503KG),65 (8.495KM),67 (18:20),,,,,,194
72,Jeff Hurst & Natalia Guida,ATHX DUBLIN 2026,Ireland 🇮🇪,2026,Mixed,ATHX,Overall,67 (485KG),63 (8.548KM),73 (18:46),,,,,,203
73,David Mcilwrath & Jamie-Lee Mclaughlin,ATHX DUBLIN 2026,Ireland 🇮🇪,2026,Mixed,ATHX,Overall,51 (525KG),70 (8.361KM),83 (21:46),,,,,,204
74,Elaine Kelly & Paul Kelly,ATHX DUBLIN 2026,Ireland 🇮🇪,2026,Mixed,ATHX,Overall,42 (538KG),87 (7.756KM),76 (19:13),,,,,,205
75,Jonathan Gerhard & Bernadett Jung,ATHX DUBLIN 2026,Ireland 🇮🇪,2026,Mixed,ATHX,Overall,59 (513KG),82 (8.006KM),65 (18:15),,,,,,206
76,Karl O Rourke & Emily Redmond,ATHX DUBLIN 2026,Ireland 🇮🇪,2026,Mixed,ATHX,Overall,72 (461KG),51 (8.738KM),84 (22:00),,,,,,207
77,Chris O'Mahony & Jenna Pyne,ATHX DUBLIN 2026,Ireland 🇮🇪,2026,Mixed,ATHX,Overall,58 (515KG),71 (8.329KM),79 (20:38),,,,,,208
78,Steven Ivan Calva Lagunes & Camila Racco,ATHX DUBLIN 2026,Ireland 🇮🇪,2026,Mixed,ATHX,Overall,38 (540KG),86 (7.876KM),87 (23:30),,,,,,211
79,Dasha Bogdanova & Darius Murphy,ATHX DUBLIN 2026,Ireland 🇮🇪,2026,Mixed,ATHX,Overall,88 (348KG),39 (9.029KM),86 (22:49),,,,,,213
80,FRANCESCA RICCIONI & Federico Abbate,ATHX DUBLIN 2026,Ireland 🇮🇪,2026,Mixed,ATHX,Overall,81 (425KG),66 (8.47KM),68 (18:21),,,,,,215
81,Evie Waring & Luke Gregory,ATHX DUBLIN 2026,Ireland 🇮🇪,2026,Mixed,ATHX,Overall,77 (440KG),67 (8.443KM),75 (18:59),,,,,,219
82,Christopher Maxwell & Tina Richardson,ATHX DUBLIN 2026,Ireland 🇮🇪,2026,Mixed,ATHX,Overall,77 (440KG),74 (8.284KM),74 (18:56),,,,,,225
83,Sam Ware & Alison Ware,ATHX DUBLIN 2026,Ireland 🇮🇪,2026,Mixed,ATHX,Overall,65 (496KG),85 (7.898KM),78 (20:09),,,,,,228
84,Elaine Cusack & Dermot Cusack,ATHX DUBLIN 2026,Ireland 🇮🇪,2026,Mixed,ATHX,Overall,83 (418KG),76 (8.226KM),71 (18:40),,,,,,230
85,Eric Cantwell & Deirdre Cantwell,ATHX DUBLIN 2026,Ireland 🇮🇪,2026,Mixed,ATHX,Overall,82 (420KG),69 (8.384KM),88 (23:40),,,,,,239
85,Stephen Meehan & Maire Meehan,ATHX DUBLIN 2026,Ireland 🇮🇪,2026,Mixed,ATHX,Overall,74 (455KG),84 (7.906KM),81 (21:19),,,,,,239
87,Lilia Diego Rivera & Armand Hernández,ATHX DUBLIN 2026,Ireland 🇮🇪,2026,Mixed,ATHX,Overall,80 (429KG),81 (8.007KM),85 (22:34),,,,,,246
88,Jade Doherty & Ray Doherty,ATHX DUBLIN 2026,Ireland 🇮🇪,2026,Mixed,ATHX,Overall,87 (408KG),79 (8.101KM),82 (21:22),,,,,,248
1,Caroline Doyle & shannon armstrong,ATHX DUBLIN 2026,Ireland 🇮🇪,2026,Female,ATHX,Overall,3 (548KG),8 (9.111KM),1 (13:00),,,,,,12
2,Sarah Shannon & Rachel Cheevers,ATHX DUBLIN 2026,Ireland 🇮🇪,2026,Female,ATHX,Overall,6 (518KG),4 (9.182KM),5 (14:48),,,,,,15
3,Shauna McCrystal & Lynsey Miller,ATHX DUBLIN 2026,Ireland 🇮🇪,2026,Female,ATHX,Overall,12 (498KG),1 (9.374KM),3 (14:21),,,,,,16
4,Vanessa Gallogly & Gillian Brooks,ATHX DUBLIN 2026,Ireland 🇮🇪,2026,Female,ATHX,Overall,11 (499KG),10 (9.057KM),9 (15:16),,,,,,30
4,Darlea McCaffrey & Una Trainor,ATHX DUBLIN 2026,Ireland 🇮🇪,2026,Female,ATHX,Overall,7 (511KG),17 (8.829KM),6 (14:55),,,,,,30
6,Andrea Larkin & Hannah Moore,ATHX DUBLIN 2026,Ireland 🇮🇪,2026,Female,ATHX,Overall,2 (574KG),27 (8.738KM),2 (13:53),,,,,,31
7,Bronagh Dowey & Leigh Snoddy,ATHX DUBLIN 2026,Ireland 🇮🇪,2026,Female,ATHX,Overall,5 (520KG),5 (9.135KM),21 (15:59),,,,,,31
8,Olivia Keehan & Marie Rohan,ATHX DUBLIN 2026,Ireland 🇮🇪,2026,Female,ATHX,Overall,26 (460KG),6 (9.133KM),4 (14:42),,,,,,36
9,Cara Savage & Kirsty McConachie,ATHX DUBLIN 2026,Ireland 🇮🇪,2026,Female,ATHX,Overall,10 (500KG),9 (9.072KM),30 (16:24),,,,,,49
10,Anna Mcgarvey & EDELLE DODDS,ATHX DUBLIN 2026,Ireland 🇮🇪,2026,Female,ATHX,Overall,28 (458KG),11 (9.011KM),11 (15:23),,,,,,50
11,Jade Simpson & Hanna McIlveen,ATHX DUBLIN 2026,Ireland 🇮🇪,2026,Female,ATHX,Overall,24 (464KG),3 (9.198KM),25 (16:10),,,,,,52
12,Aine Sheerin & Helen Quinn,ATHX DUBLIN 2026,Ireland 🇮🇪,2026,Female,ATHX,Overall,8 (508KG),25 (8.762KM),20 (15:58),,,,,,53
13,Emma O Flynn & Lydia Hunt,ATHX DUBLIN 2026,Ireland 🇮🇪,2026,Female,ATHX,Overall,28 (458KG),21 (8.784KM),10 (15:22),,,,,,59
14,Isidora Oroz & Niamh Foyle,ATHX DUBLIN 2026,Ireland 🇮🇪,2026,Female,ATHX,Overall,16 (483KG),20 (8.79KM),26 (16:11),,,,,,62
14,Megan Kane & Aimee Johnston,ATHX DUBLIN 2026,Ireland 🇮🇪,2026,Female,ATHX,Overall,13 (490KG),41 (8.533KM),8 (15:14),,,,,,62
16,Pamela Dickey & Naomi Craig,ATHX DUBLIN 2026,Ireland 🇮🇪,2026,Female,ATHX,Overall,14 (489KG),28 (8.725KM),23 (16:04),,,,,,65
17,Olivia Gibson & Wendy Burgess,ATHX DUBLIN 2026,Ireland 🇮🇪,2026,Female,ATHX,Overall,35 (450KG),18 (8.827KM),22 (16:00),,,,,,75
18,Sarah Martin & Katie Finnegan,ATHX DUBLIN 2026,Ireland 🇮🇪,2026,Female,ATHX,Overall,43 (440KG),14 (8.882KM),19 (15:57),,,,,,76
19,Shauna Hewitt & Abbie Donoghue,ATHX DUBLIN 2026,Ireland 🇮🇪,2026,Female,ATHX,Overall,21 (468KG),35 (8.594KM),24 (16:06),,,,,,80
20,Erin Doherty & Susan McDermott,ATHX DUBLIN 2026,Ireland 🇮🇪,2026,Female,ATHX,Overall,21 (468KG),53 (8.366KM),7 (15:04),,,,,,81
21,Lisa Murphy & Michelle Reynolds,ATHX DUBLIN 2026,Ireland 🇮🇪,2026,Female,ATHX,Overall,1 (577KG),57 (8.317KM),27 (16:12),,,,,,85
22,Ieva O’Connor & Jenny Hyland,ATHX DUBLIN 2026,Ireland 🇮🇪,2026,Female,ATHX,Overall,35 (450KG),19 (8.814KM),33 (16:33),,,,,,87
23,Charlotte Hillan & Lucy McQuaid,ATHX DUBLIN 2026,Ireland 🇮🇪,2026,Female,ATHX,Overall,63 (418KG),13 (8.923KM),13 (15:44),,,,,,89
24,Anne Lendrum & Jenna Frazer,ATHX DUBLIN 2026,Ireland 🇮🇪,2026,Female,ATHX,Overall,38 (448KG),39 (8.546KM),16 (15:50),,,,,,93
25,Aoife O Brien & Aisling Butler,ATHX DUBLIN 2026,Ireland 🇮🇪,2026,Female,ATHX,Overall,4 (538KG),72 (8.11KM),18 (15:55),,,,,,94
26,Megan McIlwee & Susan Speirs,ATHX DUBLIN 2026,Ireland 🇮🇪,2026,Female,ATHX,Overall,39 (446KG),33 (8.628KM),29 (16:16),,,,,,101
27,Eadaoin Earley & Aine O’Callaghan,ATHX DUBLIN 2026,Ireland 🇮🇪,2026,Female,ATHX,Overall,39 (446KG),36 (8.578KM),28 (16:14),,,,,,103
28,Kizzy Hunt & Georgina Ansell,ATHX DUBLIN 2026,Ireland 🇮🇪,2026,Female,ATHX,Overall,39 (446KG),34 (8.602KM),34 (16:34),,,,,,107
29,Abbie Langtree & Holly James,ATHX DUBLIN 2026,Ireland 🇮🇪,2026,Female,ATHX,Overall,73 (400KG),24 (8.765KM),12 (15:41),,,,,,109
30,Julie Barnes & Charlotte Roughan,ATHX DUBLIN 2026,Ireland 🇮🇪,2026,Female,ATHX,Overall,23 (465KG),23 (8.775KM),64 (18:34),,,,,,110
31,Emily Millar & Lauren McKeague,ATHX DUBLIN 2026,Ireland 🇮🇪,2026,Female,ATHX,Overall,17 (481KG),56 (8.334KM),38 (16:52),,,,,,111
32,Jodie Clernon & Abbie Montgomery,ATHX DUBLIN 2026,Ireland 🇮🇪,2026,Female,ATHX,Overall,67 (411KG),7 (9.122KM),40 (16:59),,,,,,114
33,Lauren Mc Hugh & Rachel Mc Hugh,ATHX DUBLIN 2026,Ireland 🇮🇪,2026,Female,ATHX,Overall,88 (383KG),12 (8.934KM),17 (15:52),,,,,,117
34,Becca Mark & Ríona Burke,ATHX DUBLIN 2026,Ireland 🇮🇪,2026,Female,ATHX,Overall,72 (401KG),16 (8.834KM),31 (16:26),,,,,,119
34,Muriel O'Neill & Amy Lennon,ATHX DUBLIN 2026,Ireland 🇮🇪,2026,Female,ATHX,Overall,19 (475KG),53 (8.366KM),47 (17:34),,,,,,119
36,Ciara Keane & Ciara Williams,ATHX DUBLIN 2026,Ireland 🇮🇪,2026,Female,ATHX,Overall,62 (420KG),21 (8.784KM),37 (16:50),,,,,,120
37,Sinéad McMahon & Sandra Siktoroviene,ATHX DUBLIN 2026,Ireland 🇮🇪,2026,Female,ATHX,Overall,50 (433KG),29 (8.72KM),44 (17:11),,,,,,123
38,Molly Whelan & Claire Walsh,ATHX DUBLIN 2026,Ireland 🇮🇪,2026,Female,ATHX,Overall,59 (424KG),26 (8.752KM),39 (16:53),,,,,,124
39,Eimear O’Rourke & Aoife Harmon,ATHX DUBLIN 2026,Ireland 🇮🇪,2026,Female,ATHX,Overall,31 (456KG),42 (8.518KM),55 (18:06),,,,,,128
40,Anna Greco & Kylie Gray,ATHX DUBLIN 2026,Ireland 🇮🇪,2026,Female,ATHX,Overall,49 (434KG),52 (8.383KM),35 (16:39),,,,,,136
41,Kyrie O’ Neill & Niamh Kennedy,ATHX DUBLIN 2026,Ireland 🇮🇪,2026,Female,ATHX,Overall,15 (486KG),66 (8.193KM),57 (18:13),,,,,,138
42,Tonya Murray & Emma Walsh,ATHX DUBLIN 2026,Ireland 🇮🇪,2026,Female,ATHX,Overall,83 (393KG),15 (8.867KM),41 (17:03),,,,,,139
43,Cliona McHugh & Neasa McNabola,ATHX DUBLIN 2026,Ireland 🇮🇪,2026,Female,ATHX,Overall,54 (428KG),38 (8.552KM),49 (17:37),,,,,,141
44,Sarah Cahill & Ava Haugh,ATHX DUBLIN 2026,Ireland 🇮🇪,2026,Female,ATHX,Overall,50 (433KG),77 (8.031KM),15 (15:47),,,,,,142
45,Rachel Ahern & Maja Lundmark,ATHX DUBLIN 2026,Ireland 🇮🇪,2026,Female,ATHX,Overall,18 (480KG),64 (8.218KM),61 (18:26),,,,,,143
45,Rosie Armstrong & Leah Jackson,ATHX DUBLIN 2026,Ireland 🇮🇪,2026,Female,ATHX,Overall,32 (453KG),59 (8.301KM),52 (17:57),,,,,,143
45,Laura Duffy & Karen Portas,ATHX DUBLIN 2026,Ireland 🇮🇪,2026,Female,ATHX,Overall,32 (453KG),49 (8.424KM),62 (18:28),,,,,,143
48,Sorcha ONeill & Sinead Mcguirk,ATHX DUBLIN 2026,Ireland 🇮🇪,2026,Female,ATHX,Overall,46 (435KG),48 (8.428KM),50 (17:54),,,,,,144
49,Stacy Buzlin & Tara Finn,ATHX DUBLIN 2026,Ireland 🇮🇪,2026,Female,ATHX,Overall,60 (423KG),30 (8.717KM),57 (18:13),,,,,,147
49,Celeste Raack & Hilde Rabe,ATHX DUBLIN 2026,Ireland 🇮🇪,2026,Female,ATHX,Overall,50 (433KG),31 (8.641KM),66 (18:37),,,,,,147
51,Ciara Heagney & Jessica Dunne,ATHX DUBLIN 2026,Ireland 🇮🇪,2026,Female,ATHX,Overall,92 (373KG),2 (9.21KM),64 (18:34),,,,,,158
52,Aoife Darbey & Emma Leonard,ATHX DUBLIN 2026,Ireland 🇮🇪,2026,Female,ATHX,Overall,92 (373KG),32 (8.633KM),36 (16:46),,,,,,160
53,Emma McErlean & Lauren McCaffery,ATHX DUBLIN 2026,Ireland 🇮🇪,2026,Female,ATHX,Overall,98 (366KG),39 (8.546KM),32 (16:31),,,,,,169
54,Lea Segieth & Carolin Flemming,ATHX DUBLIN 2026,Ireland 🇮🇪,2026,Female,ATHX,Overall,43 (440KG),55 (8.353KM),77 (19:58),,,,,,175
55,Orlaith Danaher & Ciara Danaher,ATHX DUBLIN 2026,Ireland 🇮🇪,2026,Female,ATHX,Overall,66 (414KG),62 (8.257KM),48 (17:35),,,,,,176
56,Elisabeth Ras & Harmke Schenk,ATHX DUBLIN 2026,Ireland 🇮🇪,2026,Female,ATHX,Overall,85 (392KG),50 (8.415KM),42 (17:08),,,,,,177
57,Laura Ashe & Emma Mills,ATHX DUBLIN 2026,Ireland 🇮🇪,2026,Female,ATHX,Overall,57 (426KG),78 (8.029KM),43 (17:09),,,,,,178
58,Dara Hamill & Sarah Ann Lavelle,ATHX DUBLIN 2026,Ireland 🇮🇪,2026,Female,ATHX,Overall,46 (435KG),90 (7.923KM),46 (17:29),,,,,,182
59,Sinead Goan & pauline mcgoldrick,ATHX DUBLIN 2026,Ireland 🇮🇪,2026,Female,ATHX,Overall,28 (458KG),93 (7.802KM),62 (18:28),,,,,,183
60,Caoimhe Earle & Daisy Earle,ATHX DUBLIN 2026,Ireland 🇮🇪,2026,Female,ATHX,Overall,34 (451KG),81 (7.989KM),72 (19:17),,,,,,187
61,Mandy Geary & Claire Newton,ATHX DUBLIN 2026,Ireland 🇮🇪,2026,Female,ATHX,Overall,91 (374KG),44 (8.496KM),53 (17:58),,,,,,188
62,Lynsey McVeigh & Tracy Kelly,ATHX DUBLIN 2026,Ireland 🇮🇪,2026,Female,ATHX,Overall,42 (441KG),69 (8.146KM),79 (20:27),,,,,,190
62,Karla Lambe & Saoirse Lynch,ATHX DUBLIN 2026,Ireland 🇮🇪,2026,Female,ATHX,Overall,63 (418KG),60 (8.298KM),67 (18:50),,,,,,190
64,Siobhan O hara & Abbie Ryan,ATHX DUBLIN 2026,Ireland 🇮🇪,2026,Female,ATHX,Overall,96 (368KG),82 (7.98KM),14 (15:46),,,,,,192
65,Jane Canavan & Gemma Mccourt,ATHX DUBLIN 2026,Ireland 🇮🇪,2026,Female,ATHX,Overall,102 (355KG),47 (8.433KM),45 (17:28),,,,,,194
66,Carol Schuetze & Kay Furlong,ATHX DUBLIN 2026,Ireland 🇮🇪,2026,Female,ATHX,Overall,54 (428KG),74 (8.071KM),67 (18:50),,,,,,195
67,Bryony Stockman & Shannon Murray,ATHX DUBLIN 2026,Ireland 🇮🇪,2026,Female,ATHX,Overall,68 (408KG),61 (8.29KM),69 (18:51),,,,,,198
68,Amy Lawlor & Cindy jean o Shea,ATHX DUBLIN 2026,Ireland 🇮🇪,2026,Female,ATHX,Overall,65 (415KG),83 (7.969KM),54 (18:00),,,,,,202
68,Rebecca Rooney & Michaela Kelly,ATHX DUBLIN 2026,Ireland 🇮🇪,2026,Female,ATHX,Overall,88 (383KG),43 (8.506KM),71 (19:06),,,,,,202
70,Charlotte Flechet & Tatiana Kimberley,ATHX DUBLIN 2026,Ireland 🇮🇪,2026,Female,ATHX,Overall,26 (460KG),75 (8.046KM),105 (23:10),,,,,,206
70,Samantha Swift & Callie Devine,ATHX DUBLIN 2026,Ireland 🇮🇪,2026,Female,ATHX,Overall,83 (393KG),67 (8.172KM),56 (18:07),,,,,,206
72,Niamhinn DALY & Leanne Keenan,ATHX DUBLIN 2026,Ireland 🇮🇪,2026,Female,ATHX,Overall,105 (346KG),46 (8.459KM),59 (18:22),,,,,,210
73,Mary Burke & Shauna Parry,ATHX DUBLIN 2026,Ireland 🇮🇪,2026,Female,ATHX,Overall,57 (426KG),95 (7.784KM),60 (18:25),,,,,,212
73,Sarah Dunne & Naomi Meaklim,ATHX DUBLIN 2026,Ireland 🇮🇪,2026,Female,ATHX,Overall,111 (333KG),51 (8.393KM),50 (17:54),,,,,,212
75,Gemma Gregg & Nicola McGrogan,ATHX DUBLIN 2026,Ireland 🇮🇪,2026,Female,ATHX,Overall,35 (450KG),107 (7.465KM),76 (19:42),,,,,,218
76,Sarah Barnes & Linda Doyle,ATHX DUBLIN 2026,Ireland 🇮🇪,2026,Female,ATHX,Overall,103 (351KG),45 (8.467KM),74 (19:22),,,,,,222
77,Geraldine Shannon & Deirdre Mcmahon,ATHX DUBLIN 2026,Ireland 🇮🇪,2026,Female,ATHX,Overall,9 (505KG),118 (7.074KM),97 (22:18),,,,,,224
78,Rachel O Shea & Julia Romanovska,ATHX DUBLIN 2026,Ireland 🇮🇪,2026,Female,ATHX,Overall,25 (461KG),97 (7.74KM),103 (22:57),,,,,,225
79,Natasha Cameron & ashley boyd,ATHX DUBLIN 2026,Ireland 🇮🇪,2026,Female,ATHX,Overall,78 (395KG),68 (8.162KM),81 (20:48),,,,,,227
80,Mo Henderson & GAIL McCaffrey,ATHX DUBLIN 2026,Ireland 🇮🇪,2026,Female,ATHX,Overall,118 (301KG),37 (8.566KM),75 (19:34),,,,,,230
81,Sarah ODonnell & Amy Kearns,ATHX DUBLIN 2026,Ireland 🇮🇪,2026,Female,ATHX,Overall,46 (435KG),94 (7.792KM),93 (21:47),,,,,,233
81,Trudy McQuaid & Claire Kelleher,ATHX DUBLIN 2026,Ireland 🇮🇪,2026,Female,ATHX,Overall,73 (400KG),70 (8.144KM),90 (21:29),,,,,,233
83,Laura Hogan & Ciara Hand,ATHX DUBLIN 2026,Ireland 🇮🇪,2026,Female,ATHX,Overall,90 (376KG),58 (8.304KM),87 (21:05),,,,,,235
84,Éireann O Connell & Aine Deay,ATHX DUBLIN 2026,Ireland 🇮🇪,2026,Female,ATHX,Overall,20 (473KG),106 (7.555KM),110 (23:33),,,,,,236
85,Fiona Ormsby & Niamh Creaven,ATHX DUBLIN 2026,Ireland 🇮🇪,2026,Female,ATHX,Overall,45 (438KG),105 (7.557KM),94 (22:06),,,,,,244
86,Joy Hutchinson & Emma Phillips,ATHX DUBLIN 2026,Ireland 🇮🇪,2026,Female,ATHX,Overall,69 (406KG),86 (7.952KM),91 (21:34),,,,,,246
86,Rosie Somers & Tonya Morrissey,ATHX DUBLIN 2026,Ireland 🇮🇪,2026,Female,ATHX,Overall,75 (398KG),87 (7.945KM),84 (20:51),,,,,,246
88,Inês Gomes & Gabriela Carolina Luciano,ATHX DUBLIN 2026,Ireland 🇮🇪,2026,Female,ATHX,Overall,53 (430KG),101 (7.62KM),101 (22:39),,,,,,255
88,Lucy Kinsella & Rhiannon Lalor,ATHX DUBLIN 2026,Ireland 🇮🇪,2026,Female,ATHX,Overall,76 (397KG),79 (8.004KM),100 (22:33),,,,,,255
90,Maeve White & Aoife McEvoy,ATHX DUBLIN 2026,Ireland 🇮🇪,2026,Female,ATHX,Overall,70 (405KG),89 (7.931KM),98 (22:23),,,,,,257
91,Ellie Slevin & Amy Slev,ATHX DUBLIN 2026,Ireland 🇮🇪,2026,Female,ATHX,Overall,86 (385KG),84 (7.953KM),88 (21:09),,,,,,258
92,Elizabeth Clarke & Chloe Curran,ATHX DUBLIN 2026,Ireland 🇮🇪,2026,Female,ATHX,Overall,54 (428KG),104 (7.561KM),101 (22:39),,,,,,259
92,Aimee Bailie & Kirsty Smiley,ATHX DUBLIN 2026,Ireland 🇮🇪,2026,Female,ATHX,Overall,78 (395KG),98 (7.715KM),83 (20:49),,,,,,259
94,Darcey Dunne & Kay Davidson,ATHX DUBLIN 2026,Ireland 🇮🇪,2026,Female,ATHX,Overall,117 (310KG),63 (8.228KM),81 (20:48),,,,,,261
95,Anna Trindle & Jessica Byrne,ATHX DUBLIN 2026,Ireland 🇮🇪,2026,Female,ATHX,Overall,115 (313KG),71 (8.119KM),78 (20:00),,,,,,264
96,Mairin Whelan & Donna Byrne,ATHX DUBLIN 2026,Ireland 🇮🇪,2026,Female,ATHX,Overall,113 (326KG),73 (8.089KM),80 (20:40),,,,,,266
97,Steph Hannen & Amy Biddulph,ATHX DUBLIN 2026,Ireland 🇮🇪,2026,Female,ATHX,Overall,109 (335KG),65 (8.213KM),95 (22:08),,,,,,269
98,Caitlin Mitchell & Claire McLaughlin,ATHX DUBLIN 2026,Ireland 🇮🇪,2026,Female,ATHX,Overall,95 (369KG),103 (7.577KM),73 (19:19),,,,,,271
99,Corchennia Oneill & Trudy McElhatton,ATHX DUBLIN 2026,Ireland 🇮🇪,2026,Female,ATHX,Overall,107 (338KG),80 (7.995KM),85 (20:55),,,,,,272
100,Ingrid Taylor & Sarah Simpson,ATHX DUBLIN 2026,Ireland 🇮🇪,2026,Female,ATHX,Overall,78 (395KG),96 (7.77KM),99 (22:28),,,,,,273
101,Chloe Nolan & Olwyn Lawlor,ATHX DUBLIN 2026,Ireland 🇮🇪,2026,Female,ATHX,Overall,61 (422KG),102 (7.618KM),114 (24:26),,,,,,277
102,Leanne O'Connor & Rachael Stewart,ATHX DUBLIN 2026,Ireland 🇮🇪,2026,Female,ATHX,Overall,77 (396KG),115 (7.233KM),86 (20:58),,,,,,278
103,Kirstie Mc Creesh & Hannah McBennett,ATHX DUBLIN 2026,Ireland 🇮🇪,2026,Female,ATHX,Overall,78 (395KG),88 (7.933KM),113 (24:10),,,,,,279
104,Giovanna Di Murro & Claire Fergus,ATHX DUBLIN 2026,Ireland 🇮🇪,2026,Female,ATHX,Overall,100 (360KG),92 (7.843KM),89 (21:19),,,,,,281
105,Wei Shyan Tan & Ananya Pushpa,ATHX DUBLIN 2026,Ireland 🇮🇪,2026,Female,ATHX,Overall,87 (384KG),100 (7.633KM),96 (22:12),,,,,,283
106,Aine Heaney & Máire Murray,ATHX DUBLIN 2026,Ireland 🇮🇪,2026,Female,ATHX,Overall,101 (359KG),91 (7.904KM),92 (21:45),,,,,,284
107,Deirdre Manning & Bruna Cibin,ATHX DUBLIN 2026,Ireland 🇮🇪,2026,Female,ATHX,Overall,108 (336KG),110 (7.428KM),70 (19:01),,,,,,288
108,Alanna McCarthy & Marianne O'Keeffe,ATHX DUBLIN 2026,Ireland 🇮🇪,2026,Female,ATHX,Overall,111 (333KG),84 (7.953KM),104 (23:03),,,,,,299
109,Natalia Maciejowska & Lucinda Moore,ATHX DUBLIN 2026,Ireland 🇮🇪,2026,Female,ATHX,Overall,71 (403KG),113 (7.283KM),116 (25:18),,,,,,300
110,Beata Banka & Naomi Dorrity,ATHX DUBLIN 2026,Ireland 🇮🇪,2026,Female,ATHX,Overall,92 (373KG),99 (7.669KM),111 (23:48),,,,,,302
110,Olivan Vaughan & Aileen O Mahony,ATHX DUBLIN 2026,Ireland 🇮🇪,2026,Female,ATHX,Overall,82 (394KG),111 (7.358KM),109 (23:27),,,,,,302
112,Katrina O’Leary & Natalie Toal,ATHX DUBLIN 2026,Ireland 🇮🇪,2026,Female,ATHX,Overall,118 (301KG),76 (8.043KM),112 (23:51),,,,,,306
113,Cliodhna Keogh & Katie Hughes,ATHX DUBLIN 2026,Ireland 🇮🇪,2026,Female,ATHX,Overall,98 (366KG),109 (7.443KM),107 (23:14),,,,,,314
114,Fiona Aherne & Caoimhe Dunne,ATHX DUBLIN 2026,Ireland 🇮🇪,2026,Female,ATHX,Overall,106 (343KG),108 (7.451KM),106 (23:13),,,,,,320
115,Amy Rogers & Chloe Dunlop,ATHX DUBLIN 2026,Ireland 🇮🇪,2026,Female,ATHX,Overall,114 (315KG),112 (7.335KM),108 (23:18),,,,,,334
116,Keara O' Brien & Carly Murphy,ATHX DUBLIN 2026,Ireland 🇮🇪,2026,Female,ATHX,Overall,96 (368KG),120 (7.003KM),119 (25:38),,,,,,335
117,Clara Burns & Sarah Thompson,ATHX DUBLIN 2026,Ireland 🇮🇪,2026,Female,ATHX,Overall,104 (348KG),119 (7.068KM),118 (25:24),,,,,,341
117,Deirdre Keane & Andra Noonan,ATHX DUBLIN 2026,Ireland 🇮🇪,2026,Female,ATHX,Overall,110 (334KG),116 (7.191KM),115 (24:58),,,,,,341
119,Catherine McCarthy & Maria O Callaghan,ATHX DUBLIN 2026,Ireland 🇮🇪,2026,Female,ATHX,Overall,116 (311KG),114 (7.244KM),117 (25:19),,,,,,347
120,Kelly Shields & loumurray30 Team,ATHX DUBLIN 2026,Ireland 🇮🇪,2026,Female,ATHX,Overall,120 (263KG),117 (7.075KM),120 (26:59),,,,,,357
1,Niall Bedford & Aimee Conroy,ATHX DUBLIN 2026,Ireland 🇮🇪,2026,Mixed,ATHX,Endurance,,,,,,,4.799KM,5.441KM,1
2,Feidhlim Quinn & Julie Robinson,ATHX DUBLIN 2026,Ireland 🇮🇪,2026,Mixed,ATHX,Endurance,,,,,,,4.793KM,5.389KM,2
3,Curtis Woods & Sinead Woods,ATHX DUBLIN 2026,Ireland 🇮🇪,2026,Mixed,ATHX,Endurance,,,,,,,4.717KM,5.349KM,3
4,Faye Murray & Cole Walker-Taylor,ATHX DUBLIN 2026,Ireland 🇮🇪,2026,Mixed,ATHX,Endurance,,,,,,,4.587KM,5.41KM,4
5,Laurence Pannell & Hannah Bailey,ATHX DUBLIN 2026,Ireland 🇮🇪,2026,Mixed,ATHX,Endurance,,,,,,,4.763KM,5.098KM,5
6,Killian Andersen & Niamh Sheridan,ATHX DUBLIN 2026,Ireland 🇮🇪,2026,Mixed,ATHX,Endurance,,,,,,,4.5KM,5.328KM,6
7,Emma Ireland & Henry Sainsbury,ATHX DUBLIN 2026,Ireland 🇮🇪,2026,Mixed,ATHX,Endurance,,,,,,,4.227KM,5.539KM,7
8,Cathal Parkes & Muireann Odonnell,ATHX DUBLIN 2026,Ireland 🇮🇪,2026,Mixed,ATHX,Endurance,,,,,,,4.5KM,5.249KM,8
9,Bruna Marques Sousa & Marcus Vinicius Goncalves Barbosa,ATHX DUBLIN 2026,Ireland 🇮🇪,2026,Mixed,ATHX,Endurance,,,,,,,4.429KM,5.261KM,9
10,Tanith Aschettino & Giuseppe Aschettino,ATHX DUBLIN 2026,Ireland 🇮🇪,2026,Mixed,ATHX,Endurance,,,,,,,4.161KM,5.427KM,10
11,Aidan Treanor & Emma Clerkin,ATHX DUBLIN 2026,Ireland 🇮🇪,2026,Mixed,ATHX,Endurance,,,,,,,4.5KM,5.064KM,11
12,Louis Bohnert & Pia Lourde Rocheblave,ATHX DUBLIN 2026,Ireland 🇮🇪,2026,Mixed,ATHX,Endurance,,,,,,,4.179KM,5.355KM,12
13,Martin Parker & Elizabeth Kearney,ATHX DUBLIN 2026,Ireland 🇮🇪,2026,Mixed,ATHX,Endurance,,,,,,,4.5KM,5.026KM,13
14,Benny Connolly & Gemma McLaughlin,ATHX DUBLIN 2026,Ireland 🇮🇪,2026,Mixed,ATHX,Endurance,,,,,,,4.347KM,5.167KM,14
15,Eamonn Whelan & Sandra Simpson,ATHX DUBLIN 2026,Ireland 🇮🇪,2026,Mixed,ATHX,Endurance,,,,,,,4.346KM,5.106KM,15
16,Joey Hughes & Catherine McComish,ATHX DUBLIN 2026,Ireland 🇮🇪,2026,Mixed,ATHX,Endurance,,,,,,,4.296KM,5.127KM,16
17,Miriam McElvaney & Jason Donohoe,ATHX DUBLIN 2026,Ireland 🇮🇪,2026,Mixed,ATHX,Endurance,,,,,,,4.339KM,5.082KM,17
18,Paulina Zagrabska & Tom Jordan,ATHX DUBLIN 2026,Ireland 🇮🇪,2026,Mixed,ATHX,Endurance,,,,,,,4.092KM,5.296KM,18
19,Helen Barwise & Lewis Barwise,ATHX DUBLIN 2026,Ireland 🇮🇪,2026,Mixed,ATHX,Endurance,,,,,,,3.899KM,5.484KM,19
20,Cassia Williams & Ashley Cunliffe,ATHX DUBLIN 2026,Ireland 🇮🇪,2026,Mixed,ATHX,Endurance,,,,,,,3.86KM,5.473KM,20
21,Tom Ensor & Jen Cullinan,ATHX DUBLIN 2026,Ireland 🇮🇪,2026,Mixed,ATHX,Endurance,,,,,,,4.016KM,5.307KM,21
22,Shane Mahon & Megan Parker,ATHX DUBLIN 2026,Ireland 🇮🇪,2026,Mixed,ATHX,Endurance,,,,,,,3.989KM,5.32KM,22
23,Daisy Taylor & Calum Upton,ATHX DUBLIN 2026,Ireland 🇮🇪,2026,Mixed,ATHX,Endurance,,,,,,,3.484KM,5.807KM,23
24,John Burns & Ashleigh Stevenson,ATHX DUBLIN 2026,Ireland 🇮🇪,2026,Mixed,ATHX,Endurance,,,,,,,3.849KM,5.434KM,24
25,Brendan Duffy & Cathriona Brady,ATHX DUBLIN 2026,Ireland 🇮🇪,2026,Mixed,ATHX,Endurance,,,,,,,3.967KM,5.314KM,25
25,Gemma McCrudden & sam clements,ATHX DUBLIN 2026,Ireland 🇮🇪,2026,Mixed,ATHX,Endurance,,,,,,,4.135KM,5.146KM,25
27,Alison Kelly & Niall Kelly,ATHX DUBLIN 2026,Ireland 🇮🇪,2026,Mixed,ATHX,Endurance,,,,,,,4.068KM,5.145KM,27
28,Bernard Hughes & Hannah Rice,ATHX DUBLIN 2026,Ireland 🇮🇪,2026,Mixed,ATHX,Endurance,,,,,,,3.75KM,5.424KM,28
29,Bernadeta Nelson & David Linehan,ATHX DUBLIN 2026,Ireland 🇮🇪,2026,Mixed,ATHX,Endurance,,,,,,,3.834KM,5.332KM,29
30,Sian Gallagher & Jack Gallagher,ATHX DUBLIN 2026,Ireland 🇮🇪,2026,Mixed,ATHX,Endurance,,,,,,,4.25KM,4.89KM,30
31,Mairead Cooke & Paul Ingle,ATHX DUBLIN 2026,Ireland 🇮🇪,2026,Mixed,ATHX,Endurance,,,,,,,3.871KM,5.254KM,31
32,Dean Newsome & Sinead Nolan,ATHX DUBLIN 2026,Ireland 🇮🇪,2026,Mixed,ATHX,Endurance,,,,,,,4.132KM,4.974KM,32
33,Jamie Fulton & Sarah Conroy,ATHX DUBLIN 2026,Ireland 🇮🇪,2026,Mixed,ATHX,Endurance,,,,,,,4.071KM,5.025KM,33
34,Beth McGregor & Jake Pearce,ATHX DUBLIN 2026,Ireland 🇮🇪,2026,Mixed,ATHX,Endurance,,,,,,,3.75KM,5.344KM,34
35,Fraser Gow & Lynsey Clemenger,ATHX DUBLIN 2026,Ireland 🇮🇪,2026,Mixed,ATHX,Endurance,,,,,,,4.236KM,4.833KM,35
36,Natalja Antipova & Nikita Antipovs,ATHX DUBLIN 2026,Ireland 🇮🇪,2026,Mixed,ATHX,Endurance,,,,,,,4.261KM,4.787KM,36
37,Cian Ronan & Sophie McCarthy,ATHX DUBLIN 2026,Ireland 🇮🇪,2026,Mixed,ATHX,Endurance,,,,,,,4.173KM,4.869KM,37
38,Mollie Gilmore & Léo Ledeux,ATHX DUBLIN 2026,Ireland 🇮🇪,2026,Mixed,ATHX,Endurance,,,,,,,3.684KM,5.353KM,38
39,Dasha Bogdanova & Darius Murphy,ATHX DUBLIN 2026,Ireland 🇮🇪,2026,Mixed,ATHX,Endurance,,,,,,,4.5KM,4.529KM,39
40,Ximena Arroyo & Marco Hernandez,ATHX DUBLIN 2026,Ireland 🇮🇪,2026,Mixed,ATHX,Endurance,,,,,,,4.088KM,4.899KM,40
41,Jose Antonio Medina Pastor & Andrea Perez,ATHX DUBLIN 2026,Ireland 🇮🇪,2026,Mixed,ATHX,Endurance,,,,,,,4.273KM,4.69KM,41
42,Abi Carolan & Alan Mahon,ATHX DUBLIN 2026,Ireland 🇮🇪,2026,Mixed,ATHX,Endurance,,,,,,,3.75KM,5.173KM,42
43,Yvonne Finnegan & Declan McMahon,ATHX DUBLIN 2026,Ireland 🇮🇪,2026,Mixed,ATHX,Endurance,,,,,,,4.084KM,4.838KM,43
44,Daniel Cairns & Gemma Chambers,ATHX DUBLIN 2026,Ireland 🇮🇪,2026,Mixed,ATHX,Endurance,,,,,,,3.75KM,5.171KM,44
45,Conor Higgins & Sinead Costello,ATHX DUBLIN 2026,Ireland 🇮🇪,2026,Mixed,ATHX,Endurance,,,,,,,3.784KM,5.084KM,45
46,Marie Bracken & Cillian Duffy,ATHX DUBLIN 2026,Ireland 🇮🇪,2026,Mixed,ATHX,Endurance,,,,,,,3.946KM,4.913KM,46
47,Dylan McCallion & Sarah Mitchell,ATHX DUBLIN 2026,Ireland 🇮🇪,2026,Mixed,ATHX,Endurance,,,,,,,3.721KM,5.118KM,47
48,Chene Longueira & Keegan Longueira,ATHX DUBLIN 2026,Ireland 🇮🇪,2026,Mixed,ATHX,Endurance,,,,,,,3.476KM,5.32KM,48
49,Linda Butler & Martin Buttler,ATHX DUBLIN 2026,Ireland 🇮🇪,2026,Mixed,ATHX,Endurance,,,,,,,4.192KM,4.582KM,49
50,Tania Monteiro & Joao Loução,ATHX DUBLIN 2026,Ireland 🇮🇪,2026,Mixed,ATHX,Endurance,,,,,,,3.75KM,5.01KM,50
51,Karl O Rourke & Emily Redmond,ATHX DUBLIN 2026,Ireland 🇮🇪,2026,Mixed,ATHX,Endurance,,,,,,,4.321KM,4.417KM,51
52,Eimear Corcoran & Luiz Sales,ATHX DUBLIN 2026,Ireland 🇮🇪,2026,Mixed,ATHX,Endurance,,,,,,,3.791KM,4.94KM,52
53,dean brown & Shona Cavanagh,ATHX DUBLIN 2026,Ireland 🇮🇪,2026,Mixed,ATHX,Endurance,,,,,,,3.836KM,4.885KM,53
54,Allison Treanor & Barry Mcguigan,ATHX DUBLIN 2026,Ireland 🇮🇪,2026,Mixed,ATHX,Endurance,,,,,,,3.75KM,4.969KM,54
55,BERGE Nicolas & CHRISTEL GUIRAUD,ATHX DUBLIN 2026,Ireland 🇮🇪,2026,Mixed,ATHX,Endurance,,,,,,,3.88KM,4.832KM,55
56,Yuan O'Neill & Keelan Jennings,ATHX DUBLIN 2026,Ireland 🇮🇪,2026,Mixed,ATHX,Endurance,,,,,,,4.104KM,4.606KM,56
57,Barry Donohue & Rachel Sher,ATHX DUBLIN 2026,Ireland 🇮🇪,2026,Mixed,ATHX,Endurance,,,,,,,3.52KM,5.124KM,57
58,Grace Murphy & Kev McFaul,ATHX DUBLIN 2026,Ireland 🇮🇪,2026,Mixed,ATHX,Endurance,,,,,,,3.943KM,4.648KM,58
59,Sorcha Dee & Barry Morrissey,ATHX DUBLIN 2026,Ireland 🇮🇪,2026,Mixed,ATHX,Endurance,,,,,,,3.75KM,4.837KM,59
60,nina tomlinson & Ryan King,ATHX DUBLIN 2026,Ireland 🇮🇪,2026,Mixed,ATHX,Endurance,,,,,,,3.575KM,4.998KM,60
61,Catherine Le Guiniec & Daniel Mahood,ATHX DUBLIN 2026,Ireland 🇮🇪,2026,Mixed,ATHX,Endurance,,,,,,,3.633KM,4.931KM,61
62,Oisin McCullagh & Megan Mcelhatton,ATHX DUBLIN 2026,Ireland 🇮🇪,2026,Mixed,ATHX,Endurance,,,,,,,3.624KM,4.932KM,62
63,Jeff Hurst & Natalia Guida,ATHX DUBLIN 2026,Ireland 🇮🇪,2026,Mixed,ATHX,Endurance,,,,,,,3.538KM,5.01KM,63
64,Sandra Pugh & Paul Pugh,ATHX DUBLIN 2026,Ireland 🇮🇪,2026,Mixed,ATHX,Endurance,,,,,,,3.673KM,4.872KM,64
65,Serena Mizzoni & Conor Ward,ATHX DUBLIN 2026,Ireland 🇮🇪,2026,Mixed,ATHX,Endurance,,,,,,,3.573KM,4.922KM,65
66,FRANCESCA RICCIONI & Federico Abbate,ATHX DUBLIN 2026,Ireland 🇮🇪,2026,Mixed,ATHX,Endurance,,,,,,,3.862KM,4.608KM,66
67,Evie Waring & Luke Gregory,ATHX DUBLIN 2026,Ireland 🇮🇪,2026,Mixed,ATHX,Endurance,,,,,,,4.041KM,4.402KM,67
68,David Levstik & Ines Renedo Ruiz,ATHX DUBLIN 2026,Ireland 🇮🇪,2026,Mixed,ATHX,Endurance,,,,,,,3.75KM,4.642KM,68
69,Eric Cantwell & Deirdre Cantwell,ATHX DUBLIN 2026,Ireland 🇮🇪,2026,Mixed,ATHX,Endurance,,,,,,,3.73KM,4.654KM,69
70,David Mcilwrath & Jamie-Lee Mclaughlin,ATHX DUBLIN 2026,Ireland 🇮🇪,2026,Mixed,ATHX,Endurance,,,,,,,3.75KM,4.611KM,70
71,Chris O'Mahony & Jenna Pyne,ATHX DUBLIN 2026,Ireland 🇮🇪,2026,Mixed,ATHX,Endurance,,,,,,,3.274KM,5.055KM,71
72,Ciara Walsh & Joe Walsh,ATHX DUBLIN 2026,Ireland 🇮🇪,2026,Mixed,ATHX,Endurance,,,,,,,3.75KM,4.568KM,72
73,Sara Tello & Adrian Tello,ATHX DUBLIN 2026,Ireland 🇮🇪,2026,Mixed,ATHX,Endurance,,,,,,,3.594KM,4.722KM,73
74,Luke Hoban & Aoife Hoban,ATHX DUBLIN 2026,Ireland 🇮🇪,2026,Mixed,ATHX,Endurance,,,,,,,3.75KM,4.534KM,74
74,Christopher Maxwell & Tina Richardson,ATHX DUBLIN 2026,Ireland 🇮🇪,2026,Mixed,ATHX,Endurance,,,,,,,3.758KM,4.526KM,74
76,Elaine Cusack & Dermot Cusack,ATHX DUBLIN 2026,Ireland 🇮🇪,2026,Mixed,ATHX,Endurance,,,,,,,3.771KM,4.455KM,76
77,Mark Corrigan & Leanne Corrigan,ATHX DUBLIN 2026,Ireland 🇮🇪,2026,Mixed,ATHX,Endurance,,,,,,,3.625KM,4.583KM,77
78,Stephen Boylan & Cassie Boylan,ATHX DUBLIN 2026,Ireland 🇮🇪,2026,Mixed,ATHX,Endurance,,,,,,,3.5KM,4.677KM,78
79,Jade Doherty & Ray Doherty,ATHX DUBLIN 2026,Ireland 🇮🇪,2026,Mixed,ATHX,Endurance,,,,,,,3.817KM,4.284KM,79
80,Ana Paula Borges Goncalves & Reinaldo Junior,ATHX DUBLIN 2026,Ireland 🇮🇪,2026,Mixed,ATHX,Endurance,,,,,,,3.782KM,4.276KM,80
81,Lilia Diego Rivera & Armand Hernández,ATHX DUBLIN 2026,Ireland 🇮🇪,2026,Mixed,ATHX,Endurance,,,,,,,3.793KM,4.214KM,81
82,Jonathan Gerhard & Bernadett Jung,ATHX DUBLIN 2026,Ireland 🇮🇪,2026,Mixed,ATHX,Endurance,,,,,,,3.191KM,4.815KM,82
83,nic potter & Karla Strudwick,ATHX DUBLIN 2026,Ireland 🇮🇪,2026,Mixed,ATHX,Endurance,,,,,,,3.29KM,4.622KM,83
84,Stephen Meehan & Maire Meehan,ATHX DUBLIN 2026,Ireland 🇮🇪,2026,Mixed,ATHX,Endurance,,,,,,,3.62KM,4.286KM,84
85,Sam Ware & Alison Ware,ATHX DUBLIN 2026,Ireland 🇮🇪,2026,Mixed,ATHX,Endurance,,,,,,,3.127KM,4.771KM,85
86,Steven Ivan Calva Lagunes & Camila Racco,ATHX DUBLIN 2026,Ireland 🇮🇪,2026,Mixed,ATHX,Endurance,,,,,,,3.5KM,4.376KM,86
87,Elaine Kelly & Paul Kelly,ATHX DUBLIN 2026,Ireland 🇮🇪,2026,Mixed,ATHX,Endurance,,,,,,,3.386KM,4.37KM,87
88,Sophie Medland & Harrison Ward,ATHX DUBLIN 2026,Ireland 🇮🇪,2026,Mixed,ATHX,Endurance,,,,,,,2.338KM,4.578KM,88
1,Caroline Doyle & shannon armstrong,ATHX DUBLIN 2026,Ireland 🇮🇪,2026,Female,ATHX,MetCon X,,,13:00,,,,,,1
2,Andrea Larkin & Hannah Moore,ATHX DUBLIN 2026,Ireland 🇮🇪,2026,Female,ATHX,MetCon X,,,13:53,,,,,,2
3,Shauna McCrystal & Lynsey Miller,ATHX DUBLIN 2026,Ireland 🇮🇪,2026,Female,ATHX,MetCon X,,,14:21,,,,,,3
4,Olivia Keehan & Marie Rohan,ATHX DUBLIN 2026,Ireland 🇮🇪,2026,Female,ATHX,MetCon X,,,14:42,,,,,,4
5,Sarah Shannon & Rachel Cheevers,ATHX DUBLIN 2026,Ireland 🇮🇪,2026,Female,ATHX,MetCon X,,,14:48,,,,,,5
6,Darlea McCaffrey & Una Trainor,ATHX DUBLIN 2026,Ireland 🇮🇪,2026,Female,ATHX,MetCon X,,,14:55,,,,,,6
7,Erin Doherty & Susan McDermott,ATHX DUBLIN 2026,Ireland 🇮🇪,2026,Female,ATHX,MetCon X,,,15:04,,,,,,7
8,Megan Kane & Aimee Johnston,ATHX DUBLIN 2026,Ireland 🇮🇪,2026,Female,ATHX,MetCon X,,,15:14,,,,,,8
9,Vanessa Gallogly & Gillian Brooks,ATHX DUBLIN 2026,Ireland 🇮🇪,2026,Female,ATHX,MetCon X,,,15:16,,,,,,9
10,Emma O Flynn & Lydia Hunt,ATHX DUBLIN 2026,Ireland 🇮🇪,2026,Female,ATHX,MetCon X,,,15:22,,,,,,10
11,Anna Mcgarvey & EDELLE DODDS,ATHX DUBLIN 2026,Ireland 🇮🇪,2026,Female,ATHX,MetCon X,,,15:23,,,,,,11
12,Abbie Langtree & Holly James,ATHX DUBLIN 2026,Ireland 🇮🇪,2026,Female,ATHX,MetCon X,,,15:41,,,,,,12
13,Charlotte Hillan & Lucy McQuaid,ATHX DUBLIN 2026,Ireland 🇮🇪,2026,Female,ATHX,MetCon X,,,15:44,,,,,,13
14,Siobhan O hara & Abbie Ryan,ATHX DUBLIN 2026,Ireland 🇮🇪,2026,Female,ATHX,MetCon X,,,15:46,,,,,,14
15,Sarah Cahill & Ava Haugh,ATHX DUBLIN 2026,Ireland 🇮🇪,2026,Female,ATHX,MetCon X,,,15:47,,,,,,15
16,Anne Lendrum & Jenna Frazer,ATHX DUBLIN 2026,Ireland 🇮🇪,2026,Female,ATHX,MetCon X,,,15:50,,,,,,16
17,Lauren Mc Hugh & Rachel Mc Hugh,ATHX DUBLIN 2026,Ireland 🇮🇪,2026,Female,ATHX,MetCon X,,,15:52,,,,,,17
18,Aoife O Brien & Aisling Butler,ATHX DUBLIN 2026,Ireland 🇮🇪,2026,Female,ATHX,MetCon X,,,15:55,,,,,,18
19,Sarah Martin & Katie Finnegan,ATHX DUBLIN 2026,Ireland 🇮🇪,2026,Female,ATHX,MetCon X,,,15:57,,,,,,19
20,Aine Sheerin & Helen Quinn,ATHX DUBLIN 2026,Ireland 🇮🇪,2026,Female,ATHX,MetCon X,,,15:58,,,,,,20
21,Bronagh Dowey & Leigh Snoddy,ATHX DUBLIN 2026,Ireland 🇮🇪,2026,Female,ATHX,MetCon X,,,15:59,,,,,,21
22,Olivia Gibson & Wendy Burgess,ATHX DUBLIN 2026,Ireland 🇮🇪,2026,Female,ATHX,MetCon X,,,16:00,,,,,,22
23,Pamela Dickey & Naomi Craig,ATHX DUBLIN 2026,Ireland 🇮🇪,2026,Female,ATHX,MetCon X,,,16:04,,,,,,23
24,Shauna Hewitt & Abbie Donoghue,ATHX DUBLIN 2026,Ireland 🇮🇪,2026,Female,ATHX,MetCon X,,,16:06,,,,,,24
25,Jade Simpson & Hanna McIlveen,ATHX DUBLIN 2026,Ireland 🇮🇪,2026,Female,ATHX,MetCon X,,,16:10,,,,,,25
26,Isidora Oroz & Niamh Foyle,ATHX DUBLIN 2026,Ireland 🇮🇪,2026,Female,ATHX,MetCon X,,,16:11,,,,,,26
27,Lisa Murphy & Michelle Reynolds,ATHX DUBLIN 2026,Ireland 🇮🇪,2026,Female,ATHX,MetCon X,,,16:12,,,,,,27
28,Eadaoin Earley & Aine O’Callaghan,ATHX DUBLIN 2026,Ireland 🇮🇪,2026,Female,ATHX,MetCon X,,,16:14,,,,,,28
29,Megan McIlwee & Susan Speirs,ATHX DUBLIN 2026,Ireland 🇮🇪,2026,Female,ATHX,MetCon X,,,16:16,,,,,,29
30,Cara Savage & Kirsty McConachie,ATHX DUBLIN 2026,Ireland 🇮🇪,2026,Female,ATHX,MetCon X,,,16:24,,,,,,30
31,Becca Mark & Ríona Burke,ATHX DUBLIN 2026,Ireland 🇮🇪,2026,Female,ATHX,MetCon X,,,16:26,,,,,,31
32,Emma McErlean & Lauren McCaffery,ATHX DUBLIN 2026,Ireland 🇮🇪,2026,Female,ATHX,MetCon X,,,16:31,,,,,,32
33,Ieva O’Connor & Jenny Hyland,ATHX DUBLIN 2026,Ireland 🇮🇪,2026,Female,ATHX,MetCon X,,,16:33,,,,,,33
34,Kizzy Hunt & Georgina Ansell,ATHX DUBLIN 2026,Ireland 🇮🇪,2026,Female,ATHX,MetCon X,,,16:34,,,,,,34
35,Anna Greco & Kylie Gray,ATHX DUBLIN 2026,Ireland 🇮🇪,2026,Female,ATHX,MetCon X,,,16:39,,,,,,35
36,Aoife Darbey & Emma Leonard,ATHX DUBLIN 2026,Ireland 🇮🇪,2026,Female,ATHX,MetCon X,,,16:46,,,,,,36
37,Ciara Keane & Ciara Williams,ATHX DUBLIN 2026,Ireland 🇮🇪,2026,Female,ATHX,MetCon X,,,16:50,,,,,,37
38,Emily Millar & Lauren McKeague,ATHX DUBLIN 2026,Ireland 🇮🇪,2026,Female,ATHX,MetCon X,,,16:52,,,,,,38
39,Molly Whelan & Claire Walsh,ATHX DUBLIN 2026,Ireland 🇮🇪,2026,Female,ATHX,MetCon X,,,16:53,,,,,,39
40,Jodie Clernon & Abbie Montgomery,ATHX DUBLIN 2026,Ireland 🇮🇪,2026,Female,ATHX,MetCon X,,,16:59,,,,,,40
41,Tonya Murray & Emma Walsh,ATHX DUBLIN 2026,Ireland 🇮🇪,2026,Female,ATHX,MetCon X,,,17:03,,,,,,41
42,Elisabeth Ras & Harmke Schenk,ATHX DUBLIN 2026,Ireland 🇮🇪,2026,Female,ATHX,MetCon X,,,17:08,,,,,,42
43,Laura Ashe & Emma Mills,ATHX DUBLIN 2026,Ireland 🇮🇪,2026,Female,ATHX,MetCon X,,,17:09,,,,,,43
44,Sinéad McMahon & Sandra Siktoroviene,ATHX DUBLIN 2026,Ireland 🇮🇪,2026,Female,ATHX,MetCon X,,,17:11,,,,,,44
45,Jane Canavan & Gemma Mccourt,ATHX DUBLIN 2026,Ireland 🇮🇪,2026,Female,ATHX,MetCon X,,,17:28,,,,,,45
46,Dara Hamill & Sarah Ann Lavelle,ATHX DUBLIN 2026,Ireland 🇮🇪,2026,Female,ATHX,MetCon X,,,17:29,,,,,,46
47,Muriel O'Neill & Amy Lennon,ATHX DUBLIN 2026,Ireland 🇮🇪,2026,Female,ATHX,MetCon X,,,17:34,,,,,,47
48,Orlaith Danaher & Ciara Danaher,ATHX DUBLIN 2026,Ireland 🇮🇪,2026,Female,ATHX,MetCon X,,,17:35,,,,,,48
49,Cliona McHugh & Neasa McNabola,ATHX DUBLIN 2026,Ireland 🇮🇪,2026,Female,ATHX,MetCon X,,,17:37,,,,,,49
50,Sorcha ONeill & Sinead Mcguirk,ATHX DUBLIN 2026,Ireland 🇮🇪,2026,Female,ATHX,MetCon X,,,17:54,,,,,,50
50,Sarah Dunne & Naomi Meaklim,ATHX DUBLIN 2026,Ireland 🇮🇪,2026,Female,ATHX,MetCon X,,,17:54,,,,,,50
52,Rosie Armstrong & Leah Jackson,ATHX DUBLIN 2026,Ireland 🇮🇪,2026,Female,ATHX,MetCon X,,,17:57,,,,,,52
53,Mandy Geary & Claire Newton,ATHX DUBLIN 2026,Ireland 🇮🇪,2026,Female,ATHX,MetCon X,,,17:58,,,,,,53
54,Amy Lawlor & Cindy jean o Shea,ATHX DUBLIN 2026,Ireland 🇮🇪,2026,Female,ATHX,MetCon X,,,18:00,,,,,,54
55,Eimear O’Rourke & Aoife Harmon,ATHX DUBLIN 2026,Ireland 🇮🇪,2026,Female,ATHX,MetCon X,,,18:06,,,,,,55
56,Samantha Swift & Callie Devine,ATHX DUBLIN 2026,Ireland 🇮🇪,2026,Female,ATHX,MetCon X,,,18:07,,,,,,56
57,Stacy Buzlin & Tara Finn,ATHX DUBLIN 2026,Ireland 🇮🇪,2026,Female,ATHX,MetCon X,,,18:13,,,,,,57
57,Kyrie O’ Neill & Niamh Kennedy,ATHX DUBLIN 2026,Ireland 🇮🇪,2026,Female,ATHX,MetCon X,,,18:13,,,,,,57
59,Niamhinn DALY & Leanne Keenan,ATHX DUBLIN 2026,Ireland 🇮🇪,2026,Female,ATHX,MetCon X,,,18:22,,,,,,59
60,Mary Burke & Shauna Parry,ATHX DUBLIN 2026,Ireland 🇮🇪,2026,Female,ATHX,MetCon X,,,18:25,,,,,,60
61,Rachel Ahern & Maja Lundmark,ATHX DUBLIN 2026,Ireland 🇮🇪,2026,Female,ATHX,MetCon X,,,18:26,,,,,,61
62,Sinead Goan & pauline mcgoldrick,ATHX DUBLIN 2026,Ireland 🇮🇪,2026,Female,ATHX,MetCon X,,,18:28,,,,,,62
62,Laura Duffy & Karen Portas,ATHX DUBLIN 2026,Ireland 🇮🇪,2026,Female,ATHX,MetCon X,,,18:28,,,,,,62
64,Julie Barnes & Charlotte Roughan,ATHX DUBLIN 2026,Ireland 🇮🇪,2026,Female,ATHX,MetCon X,,,18:34,,,,,,64
64,Ciara Heagney & Jessica Dunne,ATHX DUBLIN 2026,Ireland 🇮🇪,2026,Female,ATHX,MetCon X,,,18:34,,,,,,64
66,Celeste Raack & Hilde Rabe,ATHX DUBLIN 2026,Ireland 🇮🇪,2026,Female,ATHX,MetCon X,,,18:37,,,,,,66
67,Carol Schuetze & Kay Furlong,ATHX DUBLIN 2026,Ireland 🇮🇪,2026,Female,ATHX,MetCon X,,,18:50,,,,,,67
67,Karla Lambe & Saoirse Lynch,ATHX DUBLIN 2026,Ireland 🇮🇪,2026,Female,ATHX,MetCon X,,,18:50,,,,,,67
69,Bryony Stockman & Shannon Murray,ATHX DUBLIN 2026,Ireland 🇮🇪,2026,Female,ATHX,MetCon X,,,18:51,,,,,,69
70,Deirdre Manning & Bruna Cibin,ATHX DUBLIN 2026,Ireland 🇮🇪,2026,Female,ATHX,MetCon X,,,19:01,,,,,,70
71,Rebecca Rooney & Michaela Kelly,ATHX DUBLIN 2026,Ireland 🇮🇪,2026,Female,ATHX,MetCon X,,,19:06,,,,,,71
72,Caoimhe Earle & Daisy Earle,ATHX DUBLIN 2026,Ireland 🇮🇪,2026,Female,ATHX,MetCon X,,,19:17,,,,,,72
73,Caitlin Mitchell & Claire McLaughlin,ATHX DUBLIN 2026,Ireland 🇮🇪,2026,Female,ATHX,MetCon X,,,19:19,,,,,,73
74,Sarah Barnes & Linda Doyle,ATHX DUBLIN 2026,Ireland 🇮🇪,2026,Female,ATHX,MetCon X,,,19:22,,,,,,74
75,Mo Henderson & GAIL McCaffrey,ATHX DUBLIN 2026,Ireland 🇮🇪,2026,Female,ATHX,MetCon X,,,19:34,,,,,,75
76,Gemma Gregg & Nicola McGrogan,ATHX DUBLIN 2026,Ireland 🇮🇪,2026,Female,ATHX,MetCon X,,,19:42,,,,,,76
77,Lea Segieth & Carolin Flemming,ATHX DUBLIN 2026,Ireland 🇮🇪,2026,Female,ATHX,MetCon X,,,19:58,,,,,,77
78,Anna Trindle & Jessica Byrne,ATHX DUBLIN 2026,Ireland 🇮🇪,2026,Female,ATHX,MetCon X,,,20:00,,,,,,78
79,Lynsey McVeigh & Tracy Kelly,ATHX DUBLIN 2026,Ireland 🇮🇪,2026,Female,ATHX,MetCon X,,,20:27,,,,,,79
80,Mairin Whelan & Donna Byrne,ATHX DUBLIN 2026,Ireland 🇮🇪,2026,Female,ATHX,MetCon X,,,20:40,,,,,,80
81,Natasha Cameron & ashley boyd,ATHX DUBLIN 2026,Ireland 🇮🇪,2026,Female,ATHX,MetCon X,,,20:48,,,,,,81
81,Darcey Dunne & Kay Davidson,ATHX DUBLIN 2026,Ireland 🇮🇪,2026,Female,ATHX,MetCon X,,,20:48,,,,,,81
83,Aimee Bailie & Kirsty Smiley,ATHX DUBLIN 2026,Ireland 🇮🇪,2026,Female,ATHX,MetCon X,,,20:49,,,,,,83
84,Rosie Somers & Tonya Morrissey,ATHX DUBLIN 2026,Ireland 🇮🇪,2026,Female,ATHX,MetCon X,,,20:51,,,,,,84
85,Corchennia Oneill & Trudy McElhatton,ATHX DUBLIN 2026,Ireland 🇮🇪,2026,Female,ATHX,MetCon X,,,20:55,,,,,,85
86,Leanne O'Connor & Rachael Stewart,ATHX DUBLIN 2026,Ireland 🇮🇪,2026,Female,ATHX,MetCon X,,,20:58,,,,,,86
87,Laura Hogan & Ciara Hand,ATHX DUBLIN 2026,Ireland 🇮🇪,2026,Female,ATHX,MetCon X,,,21:05,,,,,,87
88,Ellie Slevin & Amy Slev,ATHX DUBLIN 2026,Ireland 🇮🇪,2026,Female,ATHX,MetCon X,,,21:09,,,,,,88
89,Giovanna Di Murro & Claire Fergus,ATHX DUBLIN 2026,Ireland 🇮🇪,2026,Female,ATHX,MetCon X,,,21:19,,,,,,89
90,Trudy McQuaid & Claire Kelleher,ATHX DUBLIN 2026,Ireland 🇮🇪,2026,Female,ATHX,MetCon X,,,21:29,,,,,,90
91,Joy Hutchinson & Emma Phillips,ATHX DUBLIN 2026,Ireland 🇮🇪,2026,Female,ATHX,MetCon X,,,21:34,,,,,,91
92,Aine Heaney & Máire Murray,ATHX DUBLIN 2026,Ireland 🇮🇪,2026,Female,ATHX,MetCon X,,,21:45,,,,,,92
93,Sarah ODonnell & Amy Kearns,ATHX DUBLIN 2026,Ireland 🇮🇪,2026,Female,ATHX,MetCon X,,,21:47,,,,,,93
94,Fiona Ormsby & Niamh Creaven,ATHX DUBLIN 2026,Ireland 🇮🇪,2026,Female,ATHX,MetCon X,,,22:06,,,,,,94
95,Steph Hannen & Amy Biddulph,ATHX DUBLIN 2026,Ireland 🇮🇪,2026,Female,ATHX,MetCon X,,,22:08,,,,,,95
96,Wei Shyan Tan & Ananya Pushpa,ATHX DUBLIN 2026,Ireland 🇮🇪,2026,Female,ATHX,MetCon X,,,22:12,,,,,,96
97,Geraldine Shannon & Deirdre Mcmahon,ATHX DUBLIN 2026,Ireland 🇮🇪,2026,Female,ATHX,MetCon X,,,22:18,,,,,,97
98,Maeve White & Aoife McEvoy,ATHX DUBLIN 2026,Ireland 🇮🇪,2026,Female,ATHX,MetCon X,,,22:23,,,,,,98
99,Ingrid Taylor & Sarah Simpson,ATHX DUBLIN 2026,Ireland 🇮🇪,2026,Female,ATHX,MetCon X,,,22:28,,,,,,99
100,Lucy Kinsella & Rhiannon Lalor,ATHX DUBLIN 2026,Ireland 🇮🇪,2026,Female,ATHX,MetCon X,,,22:33,,,,,,100
101,Elizabeth Clarke & Chloe Curran,ATHX DUBLIN 2026,Ireland 🇮🇪,2026,Female,ATHX,MetCon X,,,22:39,,,,,,101
101,Inês Gomes & Gabriela Carolina Luciano,ATHX DUBLIN 2026,Ireland 🇮🇪,2026,Female,ATHX,MetCon X,,,22:39,,,,,,101
103,Rachel O Shea & Julia Romanovska,ATHX DUBLIN 2026,Ireland 🇮🇪,2026,Female,ATHX,MetCon X,,,22:57,,,,,,103
104,Alanna McCarthy & Marianne O'Keeffe,ATHX DUBLIN 2026,Ireland 🇮🇪,2026,Female,ATHX,MetCon X,,,23:03,,,,,,104
105,Charlotte Flechet & Tatiana Kimberley,ATHX DUBLIN 2026,Ireland 🇮🇪,2026,Female,ATHX,MetCon X,,,23:10,,,,,,105
106,Fiona Aherne & Caoimhe Dunne,ATHX DUBLIN 2026,Ireland 🇮🇪,2026,Female,ATHX,MetCon X,,,23:13,,,,,,106
107,Cliodhna Keogh & Katie Hughes,ATHX DUBLIN 2026,Ireland 🇮🇪,2026,Female,ATHX,MetCon X,,,23:14,,,,,,107
108,Amy Rogers & Chloe Dunlop,ATHX DUBLIN 2026,Ireland 🇮🇪,2026,Female,ATHX,MetCon X,,,23:18,,,,,,108
109,Olivan Vaughan & Aileen O Mahony,ATHX DUBLIN 2026,Ireland 🇮🇪,2026,Female,ATHX,MetCon X,,,23:27,,,,,,109
110,Éireann O Connell & Aine Deay,ATHX DUBLIN 2026,Ireland 🇮🇪,2026,Female,ATHX,MetCon X,,,23:33,,,,,,110
111,Beata Banka & Naomi Dorrity,ATHX DUBLIN 2026,Ireland 🇮🇪,2026,Female,ATHX,MetCon X,,,23:48,,,,,,111
112,Katrina O’Leary & Natalie Toal,ATHX DUBLIN 2026,Ireland 🇮🇪,2026,Female,ATHX,MetCon X,,,23:51,,,,,,112
113,Kirstie Mc Creesh & Hannah McBennett,ATHX DUBLIN 2026,Ireland 🇮🇪,2026,Female,ATHX,MetCon X,,,24:10,,,,,,113
114,Chloe Nolan & Olwyn Lawlor,ATHX DUBLIN 2026,Ireland 🇮🇪,2026,Female,ATHX,MetCon X,,,24:26,,,,,,114
115,Deirdre Keane & Andra Noonan,ATHX DUBLIN 2026,Ireland 🇮🇪,2026,Female,ATHX,MetCon X,,,24:58,,,,,,115
116,Natalia Maciejowska & Lucinda Moore,ATHX DUBLIN 2026,Ireland 🇮🇪,2026,Female,ATHX,MetCon X,,,25:18,,,,,,116
117,Catherine McCarthy & Maria O Callaghan,ATHX DUBLIN 2026,Ireland 🇮🇪,2026,Female,ATHX,MetCon X,,,25:19,,,,,,117
118,Clara Burns & Sarah Thompson,ATHX DUBLIN 2026,Ireland 🇮🇪,2026,Female,ATHX,MetCon X,,,25:24,,,,,,118
119,Keara O' Brien & Carly Murphy,ATHX DUBLIN 2026,Ireland 🇮🇪,2026,Female,ATHX,MetCon X,,,25:38,,,,,,119
120,Kelly Shields & loumurray30 Team,ATHX DUBLIN 2026,Ireland 🇮🇪,2026,Female,ATHX,MetCon X,,,26:59,,,,,,120
1,Yuan O'Neill & Keelan Jennings,ATHX DUBLIN 2026,Ireland 🇮🇪,2026,Mixed,ATHX,MetCon X,,,12:14,,,,,,1
2,Emma Ireland & Henry Sainsbury,ATHX DUBLIN 2026,Ireland 🇮🇪,2026,Mixed,ATHX,MetCon X,,,12:17,,,,,,2
3,Daisy Taylor & Calum Upton,ATHX DUBLIN 2026,Ireland 🇮🇪,2026,Mixed,ATHX,MetCon X,,,12:41,,,,,,3
4,Faye Murray & Cole Walker-Taylor,ATHX DUBLIN 2026,Ireland 🇮🇪,2026,Mixed,ATHX,MetCon X,,,12:43,,,,,,4
5,Cathal Parkes & Muireann Odonnell,ATHX DUBLIN 2026,Ireland 🇮🇪,2026,Mixed,ATHX,MetCon X,,,12:52,,,,,,5
6,John Burns & Ashleigh Stevenson,ATHX DUBLIN 2026,Ireland 🇮🇪,2026,Mixed,ATHX,MetCon X,,,12:59,,,,,,6
7,Bruna Marques Sousa & Marcus Vinicius Goncalves Barbosa,ATHX DUBLIN 2026,Ireland 🇮🇪,2026,Mixed,ATHX,MetCon X,,,13:08,,,,,,7
8,Cassia Williams & Ashley Cunliffe,ATHX DUBLIN 2026,Ireland 🇮🇪,2026,Mixed,ATHX,MetCon X,,,13:17,,,,,,8
9,Miriam McElvaney & Jason Donohoe,ATHX DUBLIN 2026,Ireland 🇮🇪,2026,Mixed,ATHX,MetCon X,,,13:20,,,,,,9
10,Benny Connolly & Gemma McLaughlin,ATHX DUBLIN 2026,Ireland 🇮🇪,2026,Mixed,ATHX,MetCon X,,,13:29,,,,,,10
11,Shane Mahon & Megan Parker,ATHX DUBLIN 2026,Ireland 🇮🇪,2026,Mixed,ATHX,MetCon X,,,13:32,,,,,,11
12,Laurence Pannell & Hannah Bailey,ATHX DUBLIN 2026,Ireland 🇮🇪,2026,Mixed,ATHX,MetCon X,,,13:42,,,,,,12
13,Tanith Aschettino & Giuseppe Aschettino,ATHX DUBLIN 2026,Ireland 🇮🇪,2026,Mixed,ATHX,MetCon X,,,13:50,,,,,,13
14,Bernadeta Nelson & David Linehan,ATHX DUBLIN 2026,Ireland 🇮🇪,2026,Mixed,ATHX,MetCon X,,,13:55,,,,,,14
15,Feidhlim Quinn & Julie Robinson,ATHX DUBLIN 2026,Ireland 🇮🇪,2026,Mixed,ATHX,MetCon X,,,13:58,,,,,,15
16,Curtis Woods & Sinead Woods,ATHX DUBLIN 2026,Ireland 🇮🇪,2026,Mixed,ATHX,MetCon X,,,14:01,,,,,,16
17,Brendan Duffy & Cathriona Brady,ATHX DUBLIN 2026,Ireland 🇮🇪,2026,Mixed,ATHX,MetCon X,,,14:12,,,,,,17
18,Jamie Fulton & Sarah Conroy,ATHX DUBLIN 2026,Ireland 🇮🇪,2026,Mixed,ATHX,MetCon X,,,14:20,,,,,,18
18,Bernard Hughes & Hannah Rice,ATHX DUBLIN 2026,Ireland 🇮🇪,2026,Mixed,ATHX,MetCon X,,,14:20,,,,,,18
20,Louis Bohnert & Pia Lourde Rocheblave,ATHX DUBLIN 2026,Ireland 🇮🇪,2026,Mixed,ATHX,MetCon X,,,14:21,,,,,,20
21,Gemma McCrudden & sam clements,ATHX DUBLIN 2026,Ireland 🇮🇪,2026,Mixed,ATHX,MetCon X,,,14:26,,,,,,21
22,Mairead Cooke & Paul Ingle,ATHX DUBLIN 2026,Ireland 🇮🇪,2026,Mixed,ATHX,MetCon X,,,14:31,,,,,,22
22,Conor Higgins & Sinead Costello,ATHX DUBLIN 2026,Ireland 🇮🇪,2026,Mixed,ATHX,MetCon X,,,14:31,,,,,,22
24,Niall Bedford & Aimee Conroy,ATHX DUBLIN 2026,Ireland 🇮🇪,2026,Mixed,ATHX,MetCon X,,,14:33,,,,,,24
25,Joey Hughes & Catherine McComish,ATHX DUBLIN 2026,Ireland 🇮🇪,2026,Mixed,ATHX,MetCon X,,,14:39,,,,,,25
26,Dylan McCallion & Sarah Mitchell,ATHX DUBLIN 2026,Ireland 🇮🇪,2026,Mixed,ATHX,MetCon X,,,14:42,,,,,,26
26,Eamonn Whelan & Sandra Simpson,ATHX DUBLIN 2026,Ireland 🇮🇪,2026,Mixed,ATHX,MetCon X,,,14:42,,,,,,26
28,Mollie Gilmore & Léo Ledeux,ATHX DUBLIN 2026,Ireland 🇮🇪,2026,Mixed,ATHX,MetCon X,,,14:45,,,,,,28
29,Tania Monteiro & Joao Loução,ATHX DUBLIN 2026,Ireland 🇮🇪,2026,Mixed,ATHX,MetCon X,,,14:50,,,,,,29
30,Helen Barwise & Lewis Barwise,ATHX DUBLIN 2026,Ireland 🇮🇪,2026,Mixed,ATHX,MetCon X,,,14:54,,,,,,30
30,Paulina Zagrabska & Tom Jordan,ATHX DUBLIN 2026,Ireland 🇮🇪,2026,Mixed,ATHX,MetCon X,,,14:54,,,,,,30
32,Marie Bracken & Cillian Duffy,ATHX DUBLIN 2026,Ireland 🇮🇪,2026,Mixed,ATHX,MetCon X,,,15:08,,,,,,32
33,BERGE Nicolas & CHRISTEL GUIRAUD,ATHX DUBLIN 2026,Ireland 🇮🇪,2026,Mixed,ATHX,MetCon X,,,15:15,,,,,,33
34,Tom Ensor & Jen Cullinan,ATHX DUBLIN 2026,Ireland 🇮🇪,2026,Mixed,ATHX,MetCon X,,,15:18,,,,,,34
35,Aidan Treanor & Emma Clerkin,ATHX DUBLIN 2026,Ireland 🇮🇪,2026,Mixed,ATHX,MetCon X,,,15:27,,,,,,35
36,Barry Donohue & Rachel Sher,ATHX DUBLIN 2026,Ireland 🇮🇪,2026,Mixed,ATHX,MetCon X,,,15:28,,,,,,36
37,Beth McGregor & Jake Pearce,ATHX DUBLIN 2026,Ireland 🇮🇪,2026,Mixed,ATHX,MetCon X,,,15:29,,,,,,37
38,Chene Longueira & Keegan Longueira,ATHX DUBLIN 2026,Ireland 🇮🇪,2026,Mixed,ATHX,MetCon X,,,15:31,,,,,,38
39,Abi Carolan & Alan Mahon,ATHX DUBLIN 2026,Ireland 🇮🇪,2026,Mixed,ATHX,MetCon X,,,15:45,,,,,,39
40,nina tomlinson & Ryan King,ATHX DUBLIN 2026,Ireland 🇮🇪,2026,Mixed,ATHX,MetCon X,,,15:47,,,,,,40
41,Ximena Arroyo & Marco Hernandez,ATHX DUBLIN 2026,Ireland 🇮🇪,2026,Mixed,ATHX,MetCon X,,,15:57,,,,,,41
42,Killian Andersen & Niamh Sheridan,ATHX DUBLIN 2026,Ireland 🇮🇪,2026,Mixed,ATHX,MetCon X,,,16:04,,,,,,42
43,Martin Parker & Elizabeth Kearney,ATHX DUBLIN 2026,Ireland 🇮🇪,2026,Mixed,ATHX,MetCon X,,,16:05,,,,,,43
44,Luke Hoban & Aoife Hoban,ATHX DUBLIN 2026,Ireland 🇮🇪,2026,Mixed,ATHX,MetCon X,,,16:10,,,,,,44
45,Linda Butler & Martin Buttler,ATHX DUBLIN 2026,Ireland 🇮🇪,2026,Mixed,ATHX,MetCon X,,,16:20,,,,,,45
46,Daniel Cairns & Gemma Chambers,ATHX DUBLIN 2026,Ireland 🇮🇪,2026,Mixed,ATHX,MetCon X,,,16:22,,,,,,46
47,David Levstik & Ines Renedo Ruiz,ATHX DUBLIN 2026,Ireland 🇮🇪,2026,Mixed,ATHX,MetCon X,,,16:28,,,,,,47
48,Dean Newsome & Sinead Nolan,ATHX DUBLIN 2026,Ireland 🇮🇪,2026,Mixed,ATHX,MetCon X,,,16:35,,,,,,48
49,Alison Kelly & Niall Kelly,ATHX DUBLIN 2026,Ireland 🇮🇪,2026,Mixed,ATHX,MetCon X,,,16:36,,,,,,49
50,Eimear Corcoran & Luiz Sales,ATHX DUBLIN 2026,Ireland 🇮🇪,2026,Mixed,ATHX,MetCon X,,,16:43,,,,,,50
51,Sian Gallagher & Jack Gallagher,ATHX DUBLIN 2026,Ireland 🇮🇪,2026,Mixed,ATHX,MetCon X,,,16:50,,,,,,51
52,Allison Treanor & Barry Mcguigan,ATHX DUBLIN 2026,Ireland 🇮🇪,2026,Mixed,ATHX,MetCon X,,,16:52,,,,,,52
53,Mark Corrigan & Leanne Corrigan,ATHX DUBLIN 2026,Ireland 🇮🇪,2026,Mixed,ATHX,MetCon X,,,16:53,,,,,,53
54,Grace Murphy & Kev McFaul,ATHX DUBLIN 2026,Ireland 🇮🇪,2026,Mixed,ATHX,MetCon X,,,17:05,,,,,,54
55,dean brown & Shona Cavanagh,ATHX DUBLIN 2026,Ireland 🇮🇪,2026,Mixed,ATHX,MetCon X,,,17:08,,,,,,55
56,Catherine Le Guiniec & Daniel Mahood,ATHX DUBLIN 2026,Ireland 🇮🇪,2026,Mixed,ATHX,MetCon X,,,17:11,,,,,,56
57,Oisin McCullagh & Megan Mcelhatton,ATHX DUBLIN 2026,Ireland 🇮🇪,2026,Mixed,ATHX,MetCon X,,,17:21,,,,,,57
58,Jose Antonio Medina Pastor & Andrea Perez,ATHX DUBLIN 2026,Ireland 🇮🇪,2026,Mixed,ATHX,MetCon X,,,17:31,,,,,,58
59,Sorcha Dee & Barry Morrissey,ATHX DUBLIN 2026,Ireland 🇮🇪,2026,Mixed,ATHX,MetCon X,,,17:40,,,,,,59
60,Stephen Boylan & Cassie Boylan,ATHX DUBLIN 2026,Ireland 🇮🇪,2026,Mixed,ATHX,MetCon X,,,17:47,,,,,,60
61,Natalja Antipova & Nikita Antipovs,ATHX DUBLIN 2026,Ireland 🇮🇪,2026,Mixed,ATHX,MetCon X,,,17:50,,,,,,61
62,Ana Paula Borges Goncalves & Reinaldo Junior,ATHX DUBLIN 2026,Ireland 🇮🇪,2026,Mixed,ATHX,MetCon X,,,17:57,,,,,,62
63,Sara Tello & Adrian Tello,ATHX DUBLIN 2026,Ireland 🇮🇪,2026,Mixed,ATHX,MetCon X,,,18:04,,,,,,63
64,Cian Ronan & Sophie McCarthy,ATHX DUBLIN 2026,Ireland 🇮🇪,2026,Mixed,ATHX,MetCon X,,,18:13,,,,,,64
65,Jonathan Gerhard & Bernadett Jung,ATHX DUBLIN 2026,Ireland 🇮🇪,2026,Mixed,ATHX,MetCon X,,,18:15,,,,,,65
66,Sandra Pugh & Paul Pugh,ATHX DUBLIN 2026,Ireland 🇮🇪,2026,Mixed,ATHX,MetCon X,,,18:18,,,,,,66
67,Serena Mizzoni & Conor Ward,ATHX DUBLIN 2026,Ireland 🇮🇪,2026,Mixed,ATHX,MetCon X,,,18:20,,,,,,67
68,FRANCESCA RICCIONI & Federico Abbate,ATHX DUBLIN 2026,Ireland 🇮🇪,2026,Mixed,ATHX,MetCon X,,,18:21,,,,,,68
69,Fraser Gow & Lynsey Clemenger,ATHX DUBLIN 2026,Ireland 🇮🇪,2026,Mixed,ATHX,MetCon X,,,18:26,,,,,,69
70,Ciara Walsh & Joe Walsh,ATHX DUBLIN 2026,Ireland 🇮🇪,2026,Mixed,ATHX,MetCon X,,,18:28,,,,,,70
71,Elaine Cusack & Dermot Cusack,ATHX DUBLIN 2026,Ireland 🇮🇪,2026,Mixed,ATHX,MetCon X,,,18:40,,,,,,71
72,Yvonne Finnegan & Declan McMahon,ATHX DUBLIN 2026,Ireland 🇮🇪,2026,Mixed,ATHX,MetCon X,,,18:42,,,,,,72
73,Jeff Hurst & Natalia Guida,ATHX DUBLIN 2026,Ireland 🇮🇪,2026,Mixed,ATHX,MetCon X,,,18:46,,,,,,73
74,Christopher Maxwell & Tina Richardson,ATHX DUBLIN 2026,Ireland 🇮🇪,2026,Mixed,ATHX,MetCon X,,,18:56,,,,,,74
75,Evie Waring & Luke Gregory,ATHX DUBLIN 2026,Ireland 🇮🇪,2026,Mixed,ATHX,MetCon X,,,18:59,,,,,,75
76,Elaine Kelly & Paul Kelly,ATHX DUBLIN 2026,Ireland 🇮🇪,2026,Mixed,ATHX,MetCon X,,,19:13,,,,,,76
77,Sophie Medland & Harrison Ward,ATHX DUBLIN 2026,Ireland 🇮🇪,2026,Mixed,ATHX,MetCon X,,,19:40,,,,,,77
78,Sam Ware & Alison Ware,ATHX DUBLIN 2026,Ireland 🇮🇪,2026,Mixed,ATHX,MetCon X,,,20:09,,,,,,78
79,Chris O'Mahony & Jenna Pyne,ATHX DUBLIN 2026,Ireland 🇮🇪,2026,Mixed,ATHX,MetCon X,,,20:38,,,,,,79
80,nic potter & Karla Strudwick,ATHX DUBLIN 2026,Ireland 🇮🇪,2026,Mixed,ATHX,MetCon X,,,21:08,,,,,,80
81,Stephen Meehan & Maire Meehan,ATHX DUBLIN 2026,Ireland 🇮🇪,2026,Mixed,ATHX,MetCon X,,,21:19,,,,,,81
82,Jade Doherty & Ray Doherty,ATHX DUBLIN 2026,Ireland 🇮🇪,2026,Mixed,ATHX,MetCon X,,,21:22,,,,,,82
83,David Mcilwrath & Jamie-Lee Mclaughlin,ATHX DUBLIN 2026,Ireland 🇮🇪,2026,Mixed,ATHX,MetCon X,,,21:46,,,,,,83
84,Karl O Rourke & Emily Redmond,ATHX DUBLIN 2026,Ireland 🇮🇪,2026,Mixed,ATHX,MetCon X,,,22:00,,,,,,84
85,Lilia Diego Rivera & Armand Hernández,ATHX DUBLIN 2026,Ireland 🇮🇪,2026,Mixed,ATHX,MetCon X,,,22:34,,,,,,85
86,Dasha Bogdanova & Darius Murphy,ATHX DUBLIN 2026,Ireland 🇮🇪,2026,Mixed,ATHX,MetCon X,,,22:49,,,,,,86
87,Steven Ivan Calva Lagunes & Camila Racco,ATHX DUBLIN 2026,Ireland 🇮🇪,2026,Mixed,ATHX,MetCon X,,,23:30,,,,,,87
88,Eric Cantwell & Deirdre Cantwell,ATHX DUBLIN 2026,Ireland 🇮🇪,2026,Mixed,ATHX,MetCon X,,,23:40,,,,,,88
1,Shauna McCrystal & Lynsey Miller,ATHX DUBLIN 2026,Ireland 🇮🇪,2026,Female,ATHX,Endurance,,,,,,,4.5KM,4.874KM,1
2,Ciara Heagney & Jessica Dunne,ATHX DUBLIN 2026,Ireland 🇮🇪,2026,Female,ATHX,Endurance,,,,,,,4.309KM,4.901KM,2
3,Jade Simpson & Hanna McIlveen,ATHX DUBLIN 2026,Ireland 🇮🇪,2026,Female,ATHX,Endurance,,,,,,,4.164KM,5.034KM,3
4,Sarah Shannon & Rachel Cheevers,ATHX DUBLIN 2026,Ireland 🇮🇪,2026,Female,ATHX,Endurance,,,,,,,4.173KM,5.009KM,4
5,Bronagh Dowey & Leigh Snoddy,ATHX DUBLIN 2026,Ireland 🇮🇪,2026,Female,ATHX,Endurance,,,,,,,4.066KM,5.069KM,5
6,Olivia Keehan & Marie Rohan,ATHX DUBLIN 2026,Ireland 🇮🇪,2026,Female,ATHX,Endurance,,,,,,,3.919KM,5.214KM,6
7,Jodie Clernon & Abbie Montgomery,ATHX DUBLIN 2026,Ireland 🇮🇪,2026,Female,ATHX,Endurance,,,,,,,4.321KM,4.801KM,7
8,Caroline Doyle & shannon armstrong,ATHX DUBLIN 2026,Ireland 🇮🇪,2026,Female,ATHX,Endurance,,,,,,,3.798KM,5.313KM,8
9,Cara Savage & Kirsty McConachie,ATHX DUBLIN 2026,Ireland 🇮🇪,2026,Female,ATHX,Endurance,,,,,,,4.312KM,4.76KM,9
10,Vanessa Gallogly & Gillian Brooks,ATHX DUBLIN 2026,Ireland 🇮🇪,2026,Female,ATHX,Endurance,,,,,,,4.074KM,4.983KM,10
11,Anna Mcgarvey & EDELLE DODDS,ATHX DUBLIN 2026,Ireland 🇮🇪,2026,Female,ATHX,Endurance,,,,,,,3.914KM,5.097KM,11
12,Lauren Mc Hugh & Rachel Mc Hugh,ATHX DUBLIN 2026,Ireland 🇮🇪,2026,Female,ATHX,Endurance,,,,,,,4.151KM,4.783KM,12
13,Charlotte Hillan & Lucy McQuaid,ATHX DUBLIN 2026,Ireland 🇮🇪,2026,Female,ATHX,Endurance,,,,,,,3.957KM,4.966KM,13
14,Sarah Martin & Katie Finnegan,ATHX DUBLIN 2026,Ireland 🇮🇪,2026,Female,ATHX,Endurance,,,,,,,3.917KM,4.965KM,14
15,Tonya Murray & Emma Walsh,ATHX DUBLIN 2026,Ireland 🇮🇪,2026,Female,ATHX,Endurance,,,,,,,4.041KM,4.826KM,15
16,Becca Mark & Ríona Burke,ATHX DUBLIN 2026,Ireland 🇮🇪,2026,Female,ATHX,Endurance,,,,,,,4.095KM,4.739KM,16
17,Darlea McCaffrey & Una Trainor,ATHX DUBLIN 2026,Ireland 🇮🇪,2026,Female,ATHX,Endurance,,,,,,,3.922KM,4.907KM,17
18,Olivia Gibson & Wendy Burgess,ATHX DUBLIN 2026,Ireland 🇮🇪,2026,Female,ATHX,Endurance,,,,,,,4.048KM,4.779KM,18
19,Ieva O’Connor & Jenny Hyland,ATHX DUBLIN 2026,Ireland 🇮🇪,2026,Female,ATHX,Endurance,,,,,,,4.111KM,4.703KM,19
20,Isidora Oroz & Niamh Foyle,ATHX DUBLIN 2026,Ireland 🇮🇪,2026,Female,ATHX,Endurance,,,,,,,3.922KM,4.868KM,20
21,Ciara Keane & Ciara Williams,ATHX DUBLIN 2026,Ireland 🇮🇪,2026,Female,ATHX,Endurance,,,,,,,4.016KM,4.768KM,21
21,Emma O Flynn & Lydia Hunt,ATHX DUBLIN 2026,Ireland 🇮🇪,2026,Female,ATHX,Endurance,,,,,,,3.75KM,5.034KM,21
23,Julie Barnes & Charlotte Roughan,ATHX DUBLIN 2026,Ireland 🇮🇪,2026,Female,ATHX,Endurance,,,,,,,3.765KM,5.01KM,23
24,Abbie Langtree & Holly James,ATHX DUBLIN 2026,Ireland 🇮🇪,2026,Female,ATHX,Endurance,,,,,,,3.754KM,5.011KM,24
25,Aine Sheerin & Helen Quinn,ATHX DUBLIN 2026,Ireland 🇮🇪,2026,Female,ATHX,Endurance,,,,,,,3.883KM,4.879KM,25
26,Molly Whelan & Claire Walsh,ATHX DUBLIN 2026,Ireland 🇮🇪,2026,Female,ATHX,Endurance,,,,,,,3.795KM,4.957KM,26
27,Andrea Larkin & Hannah Moore,ATHX DUBLIN 2026,Ireland 🇮🇪,2026,Female,ATHX,Endurance,,,,,,,3.75KM,4.988KM,27
28,Pamela Dickey & Naomi Craig,ATHX DUBLIN 2026,Ireland 🇮🇪,2026,Female,ATHX,Endurance,,,,,,,3.688KM,5.037KM,28
29,Sinéad McMahon & Sandra Siktoroviene,ATHX DUBLIN 2026,Ireland 🇮🇪,2026,Female,ATHX,Endurance,,,,,,,3.859KM,4.861KM,29
30,Stacy Buzlin & Tara Finn,ATHX DUBLIN 2026,Ireland 🇮🇪,2026,Female,ATHX,Endurance,,,,,,,4.25KM,4.467KM,30
31,Celeste Raack & Hilde Rabe,ATHX DUBLIN 2026,Ireland 🇮🇪,2026,Female,ATHX,Endurance,,,,,,,3.75KM,4.891KM,31
32,Aoife Darbey & Emma Leonard,ATHX DUBLIN 2026,Ireland 🇮🇪,2026,Female,ATHX,Endurance,,,,,,,4.043KM,4.59KM,32
33,Megan McIlwee & Susan Speirs,ATHX DUBLIN 2026,Ireland 🇮🇪,2026,Female,ATHX,Endurance,,,,,,,3.794KM,4.834KM,33
34,Kizzy Hunt & Georgina Ansell,ATHX DUBLIN 2026,Ireland 🇮🇪,2026,Female,ATHX,Endurance,,,,,,,3.75KM,4.852KM,34
35,Shauna Hewitt & Abbie Donoghue,ATHX DUBLIN 2026,Ireland 🇮🇪,2026,Female,ATHX,Endurance,,,,,,,3.789KM,4.805KM,35
36,Eadaoin Earley & Aine O’Callaghan,ATHX DUBLIN 2026,Ireland 🇮🇪,2026,Female,ATHX,Endurance,,,,,,,3.81KM,4.768KM,36
37,Mo Henderson & GAIL McCaffrey,ATHX DUBLIN 2026,Ireland 🇮🇪,2026,Female,ATHX,Endurance,,,,,,,4KM,4.566KM,37
38,Cliona McHugh & Neasa McNabola,ATHX DUBLIN 2026,Ireland 🇮🇪,2026,Female,ATHX,Endurance,,,,,,,3.804KM,4.748KM,38
39,Anne Lendrum & Jenna Frazer,ATHX DUBLIN 2026,Ireland 🇮🇪,2026,Female,ATHX,Endurance,,,,,,,3.674KM,4.872KM,39
39,Emma McErlean & Lauren McCaffery,ATHX DUBLIN 2026,Ireland 🇮🇪,2026,Female,ATHX,Endurance,,,,,,,3.693KM,4.853KM,39
41,Megan Kane & Aimee Johnston,ATHX DUBLIN 2026,Ireland 🇮🇪,2026,Female,ATHX,Endurance,,,,,,,3.52KM,5.013KM,41
42,Eimear O’Rourke & Aoife Harmon,ATHX DUBLIN 2026,Ireland 🇮🇪,2026,Female,ATHX,Endurance,,,,,,,3.75KM,4.768KM,42
43,Rebecca Rooney & Michaela Kelly,ATHX DUBLIN 2026,Ireland 🇮🇪,2026,Female,ATHX,Endurance,,,,,,,4.085KM,4.421KM,43
44,Mandy Geary & Claire Newton,ATHX DUBLIN 2026,Ireland 🇮🇪,2026,Female,ATHX,Endurance,,,,,,,4.085KM,4.411KM,44
45,Sarah Barnes & Linda Doyle,ATHX DUBLIN 2026,Ireland 🇮🇪,2026,Female,ATHX,Endurance,,,,,,,3.75KM,4.717KM,45
46,Niamhinn DALY & Leanne Keenan,ATHX DUBLIN 2026,Ireland 🇮🇪,2026,Female,ATHX,Endurance,,,,,,,3.661KM,4.798KM,46
47,Jane Canavan & Gemma Mccourt,ATHX DUBLIN 2026,Ireland 🇮🇪,2026,Female,ATHX,Endurance,,,,,,,4.017KM,4.416KM,47
48,Sorcha ONeill & Sinead Mcguirk,ATHX DUBLIN 2026,Ireland 🇮🇪,2026,Female,ATHX,Endurance,,,,,,,3.938KM,4.49KM,48
49,Laura Duffy & Karen Portas,ATHX DUBLIN 2026,Ireland 🇮🇪,2026,Female,ATHX,Endurance,,,,,,,3.75KM,4.674KM,49
50,Elisabeth Ras & Harmke Schenk,ATHX DUBLIN 2026,Ireland 🇮🇪,2026,Female,ATHX,Endurance,,,,,,,3.739KM,4.676KM,50
51,Sarah Dunne & Naomi Meaklim,ATHX DUBLIN 2026,Ireland 🇮🇪,2026,Female,ATHX,Endurance,,,,,,,3.887KM,4.506KM,51
52,Anna Greco & Kylie Gray,ATHX DUBLIN 2026,Ireland 🇮🇪,2026,Female,ATHX,Endurance,,,,,,,3.75KM,4.633KM,52
53,Erin Doherty & Susan McDermott,ATHX DUBLIN 2026,Ireland 🇮🇪,2026,Female,ATHX,Endurance,,,,,,,3.891KM,4.475KM,53
53,Muriel O'Neill & Amy Lennon,ATHX DUBLIN 2026,Ireland 🇮🇪,2026,Female,ATHX,Endurance,,,,,,,3.616KM,4.75KM,53
55,Lea Segieth & Carolin Flemming,ATHX DUBLIN 2026,Ireland 🇮🇪,2026,Female,ATHX,Endurance,,,,,,,3.263KM,5.09KM,55
56,Emily Millar & Lauren McKeague,ATHX DUBLIN 2026,Ireland 🇮🇪,2026,Female,ATHX,Endurance,,,,,,,3.5KM,4.834KM,56
57,Lisa Murphy & Michelle Reynolds,ATHX DUBLIN 2026,Ireland 🇮🇪,2026,Female,ATHX,Endurance,,,,,,,3.448KM,4.869KM,57
58,Laura Hogan & Ciara Hand,ATHX DUBLIN 2026,Ireland 🇮🇪,2026,Female,ATHX,Endurance,,,,,,,3.75KM,4.554KM,58
59,Rosie Armstrong & Leah Jackson,ATHX DUBLIN 2026,Ireland 🇮🇪,2026,Female,ATHX,Endurance,,,,,,,3.445KM,4.856KM,59
60,Karla Lambe & Saoirse Lynch,ATHX DUBLIN 2026,Ireland 🇮🇪,2026,Female,ATHX,Endurance,,,,,,,3.735KM,4.563KM,60
61,Bryony Stockman & Shannon Murray,ATHX DUBLIN 2026,Ireland 🇮🇪,2026,Female,ATHX,Endurance,,,,,,,3.783KM,4.507KM,61
62,Orlaith Danaher & Ciara Danaher,ATHX DUBLIN 2026,Ireland 🇮🇪,2026,Female,ATHX,Endurance,,,,,,,3.41KM,4.847KM,62
63,Darcey Dunne & Kay Davidson,ATHX DUBLIN 2026,Ireland 🇮🇪,2026,Female,ATHX,Endurance,,,,,,,4KM,4.228KM,63
64,Rachel Ahern & Maja Lundmark,ATHX DUBLIN 2026,Ireland 🇮🇪,2026,Female,ATHX,Endurance,,,,,,,3.268KM,4.95KM,64
65,Steph Hannen & Amy Biddulph,ATHX DUBLIN 2026,Ireland 🇮🇪,2026,Female,ATHX,Endurance,,,,,,,3.692KM,4.521KM,65
66,Kyrie O’ Neill & Niamh Kennedy,ATHX DUBLIN 2026,Ireland 🇮🇪,2026,Female,ATHX,Endurance,,,,,,,3.604KM,4.589KM,66
67,Samantha Swift & Callie Devine,ATHX DUBLIN 2026,Ireland 🇮🇪,2026,Female,ATHX,Endurance,,,,,,,3.75KM,4.422KM,67
68,Natasha Cameron & ashley boyd,ATHX DUBLIN 2026,Ireland 🇮🇪,2026,Female,ATHX,Endurance,,,,,,,3.578KM,4.584KM,68
69,Lynsey McVeigh & Tracy Kelly,ATHX DUBLIN 2026,Ireland 🇮🇪,2026,Female,ATHX,Endurance,,,,,,,3.75KM,4.396KM,69
70,Trudy McQuaid & Claire Kelleher,ATHX DUBLIN 2026,Ireland 🇮🇪,2026,Female,ATHX,Endurance,,,,,,,3.66KM,4.484KM,70
71,Anna Trindle & Jessica Byrne,ATHX DUBLIN 2026,Ireland 🇮🇪,2026,Female,ATHX,Endurance,,,,,,,3.828KM,4.291KM,71
72,Aoife O Brien & Aisling Butler,ATHX DUBLIN 2026,Ireland 🇮🇪,2026,Female,ATHX,Endurance,,,,,,,3.298KM,4.812KM,72
73,Mairin Whelan & Donna Byrne,ATHX DUBLIN 2026,Ireland 🇮🇪,2026,Female,ATHX,Endurance,,,,,,,3.728KM,4.361KM,73
74,Carol Schuetze & Kay Furlong,ATHX DUBLIN 2026,Ireland 🇮🇪,2026,Female,ATHX,Endurance,,,,,,,3.635KM,4.436KM,74
75,Charlotte Flechet & Tatiana Kimberley,ATHX DUBLIN 2026,Ireland 🇮🇪,2026,Female,ATHX,Endurance,,,,,,,3.555KM,4.491KM,75
76,Katrina O’Leary & Natalie Toal,ATHX DUBLIN 2026,Ireland 🇮🇪,2026,Female,ATHX,Endurance,,,,,,,3.726KM,4.317KM,76
77,Sarah Cahill & Ava Haugh,ATHX DUBLIN 2026,Ireland 🇮🇪,2026,Female,ATHX,Endurance,,,,,,,3.274KM,4.757KM,77
78,Laura Ashe & Emma Mills,ATHX DUBLIN 2026,Ireland 🇮🇪,2026,Female,ATHX,Endurance,,,,,,,3.289KM,4.74KM,78
79,Lucy Kinsella & Rhiannon Lalor,ATHX DUBLIN 2026,Ireland 🇮🇪,2026,Female,ATHX,Endurance,,,,,,,3.344KM,4.66KM,79
80,Corchennia Oneill & Trudy McElhatton,ATHX DUBLIN 2026,Ireland 🇮🇪,2026,Female,ATHX,Endurance,,,,,,,3.57KM,4.425KM,80
81,Caoimhe Earle & Daisy Earle,ATHX DUBLIN 2026,Ireland 🇮🇪,2026,Female,ATHX,Endurance,,,,,,,3.391KM,4.598KM,81
82,Siobhan O hara & Abbie Ryan,ATHX DUBLIN 2026,Ireland 🇮🇪,2026,Female,ATHX,Endurance,,,,,,,3.5KM,4.48KM,82
83,Amy Lawlor & Cindy jean o Shea,ATHX DUBLIN 2026,Ireland 🇮🇪,2026,Female,ATHX,Endurance,,,,,,,3.717KM,4.252KM,83
84,Alanna McCarthy & Marianne O'Keeffe,ATHX DUBLIN 2026,Ireland 🇮🇪,2026,Female,ATHX,Endurance,,,,,,,3.565KM,4.388KM,84
84,Ellie Slevin & Amy Slev,ATHX DUBLIN 2026,Ireland 🇮🇪,2026,Female,ATHX,Endurance,,,,,,,3.44KM,4.513KM,84
86,Joy Hutchinson & Emma Phillips,ATHX DUBLIN 2026,Ireland 🇮🇪,2026,Female,ATHX,Endurance,,,,,,,3.408KM,4.544KM,86
87,Rosie Somers & Tonya Morrissey,ATHX DUBLIN 2026,Ireland 🇮🇪,2026,Female,ATHX,Endurance,,,,,,,3.678KM,4.267KM,87
88,Kirstie Mc Creesh & Hannah McBennett,ATHX DUBLIN 2026,Ireland 🇮🇪,2026,Female,ATHX,Endurance,,,,,,,3.75KM,4.183KM,88
89,Maeve White & Aoife McEvoy,ATHX DUBLIN 2026,Ireland 🇮🇪,2026,Female,ATHX,Endurance,,,,,,,3.07KM,4.861KM,89
90,Dara Hamill & Sarah Ann Lavelle,ATHX DUBLIN 2026,Ireland 🇮🇪,2026,Female,ATHX,Endurance,,,,,,,3KM,4.923KM,90
91,Aine Heaney & Máire Murray,ATHX DUBLIN 2026,Ireland 🇮🇪,2026,Female,ATHX,Endurance,,,,,,,3.844KM,4.06KM,91
92,Giovanna Di Murro & Claire Fergus,ATHX DUBLIN 2026,Ireland 🇮🇪,2026,Female,ATHX,Endurance,,,,,,,3.75KM,4.093KM,92
93,Sinead Goan & pauline mcgoldrick,ATHX DUBLIN 2026,Ireland 🇮🇪,2026,Female,ATHX,Endurance,,,,,,,3.276KM,4.526KM,93
94,Sarah ODonnell & Amy Kearns,ATHX DUBLIN 2026,Ireland 🇮🇪,2026,Female,ATHX,Endurance,,,,,,,3.419KM,4.373KM,94
95,Mary Burke & Shauna Parry,ATHX DUBLIN 2026,Ireland 🇮🇪,2026,Female,ATHX,Endurance,,,,,,,3.505KM,4.279KM,95
96,Ingrid Taylor & Sarah Simpson,ATHX DUBLIN 2026,Ireland 🇮🇪,2026,Female,ATHX,Endurance,,,,,,,3.276KM,4.494KM,96
97,Rachel O Shea & Julia Romanovska,ATHX DUBLIN 2026,Ireland 🇮🇪,2026,Female,ATHX,Endurance,,,,,,,3.339KM,4.401KM,97
98,Aimee Bailie & Kirsty Smiley,ATHX DUBLIN 2026,Ireland 🇮🇪,2026,Female,ATHX,Endurance,,,,,,,3.5KM,4.215KM,98
99,Beata Banka & Naomi Dorrity,ATHX DUBLIN 2026,Ireland 🇮🇪,2026,Female,ATHX,Endurance,,,,,,,3.372KM,4.297KM,99
100,Wei Shyan Tan & Ananya Pushpa,ATHX DUBLIN 2026,Ireland 🇮🇪,2026,Female,ATHX,Endurance,,,,,,,3.684KM,3.949KM,100
101,Inês Gomes & Gabriela Carolina Luciano,ATHX DUBLIN 2026,Ireland 🇮🇪,2026,Female,ATHX,Endurance,,,,,,,3.146KM,4.474KM,101
102,Chloe Nolan & Olwyn Lawlor,ATHX DUBLIN 2026,Ireland 🇮🇪,2026,Female,ATHX,Endurance,,,,,,,3.374KM,4.244KM,102
103,Caitlin Mitchell & Claire McLaughlin,ATHX DUBLIN 2026,Ireland 🇮🇪,2026,Female,ATHX,Endurance,,,,,,,3.058KM,4.519KM,103
104,Elizabeth Clarke & Chloe Curran,ATHX DUBLIN 2026,Ireland 🇮🇪,2026,Female,ATHX,Endurance,,,,,,,2.91KM,4.651KM,104
105,Fiona Ormsby & Niamh Creaven,ATHX DUBLIN 2026,Ireland 🇮🇪,2026,Female,ATHX,Endurance,,,,,,,3.337KM,4.22KM,105
106,Éireann O Connell & Aine Deay,ATHX DUBLIN 2026,Ireland 🇮🇪,2026,Female,ATHX,Endurance,,,,,,,3.059KM,4.496KM,106
107,Gemma Gregg & Nicola McGrogan,ATHX DUBLIN 2026,Ireland 🇮🇪,2026,Female,ATHX,Endurance,,,,,,,3.131KM,4.334KM,107
108,Fiona Aherne & Caoimhe Dunne,ATHX DUBLIN 2026,Ireland 🇮🇪,2026,Female,ATHX,Endurance,,,,,,,3.25KM,4.201KM,108
109,Cliodhna Keogh & Katie Hughes,ATHX DUBLIN 2026,Ireland 🇮🇪,2026,Female,ATHX,Endurance,,,,,,,3.435KM,4.008KM,109
110,Deirdre Manning & Bruna Cibin,ATHX DUBLIN 2026,Ireland 🇮🇪,2026,Female,ATHX,Endurance,,,,,,,3.25KM,4.178KM,110
111,Olivan Vaughan & Aileen O Mahony,ATHX DUBLIN 2026,Ireland 🇮🇪,2026,Female,ATHX,Endurance,,,,,,,3.153KM,4.205KM,111
112,Amy Rogers & Chloe Dunlop,ATHX DUBLIN 2026,Ireland 🇮🇪,2026,Female,ATHX,Endurance,,,,,,,3.113KM,4.222KM,112
113,Natalia Maciejowska & Lucinda Moore,ATHX DUBLIN 2026,Ireland 🇮🇪,2026,Female,ATHX,Endurance,,,,,,,3.171KM,4.112KM,113
114,Catherine McCarthy & Maria O Callaghan,ATHX DUBLIN 2026,Ireland 🇮🇪,2026,Female,ATHX,Endurance,,,,,,,3.021KM,4.223KM,114
115,Leanne O'Connor & Rachael Stewart,ATHX DUBLIN 2026,Ireland 🇮🇪,2026,Female,ATHX,Endurance,,,,,,,2.812KM,4.421KM,115
116,Deirdre Keane & Andra Noonan,ATHX DUBLIN 2026,Ireland 🇮🇪,2026,Female,ATHX,Endurance,,,,,,,3KM,4.191KM,116
117,Kelly Shields & loumurray30 Team,ATHX DUBLIN 2026,Ireland 🇮🇪,2026,Female,ATHX,Endurance,,,,,,,2.97KM,4.105KM,117
118,Geraldine Shannon & Deirdre Mcmahon,ATHX DUBLIN 2026,Ireland 🇮🇪,2026,Female,ATHX,Endurance,,,,,,,2.797KM,4.277KM,118
119,Clara Burns & Sarah Thompson,ATHX DUBLIN 2026,Ireland 🇮🇪,2026,Female,ATHX,Endurance,,,,,,,3.057KM,4.011KM,119
120,Keara O' Brien & Carly Murphy,ATHX DUBLIN 2026,Ireland 🇮🇪,2026,Female,ATHX,Endurance,,,,,,,3KM,4.003KM,120
1,Lisa Murphy & Michelle Reynolds,ATHX DUBLIN 2026,Ireland 🇮🇪,2026,Female,ATHX,Strength,,,,93KG,226KG,258KG,,,1
2,Andrea Larkin & Hannah Moore,ATHX DUBLIN 2026,Ireland 🇮🇪,2026,Female,ATHX,Strength,,,,98KG,223KG,253KG,,,2
3,Caroline Doyle & shannon armstrong,ATHX DUBLIN 2026,Ireland 🇮🇪,2026,Female,ATHX,Strength,,,,93KG,215KG,240KG,,,3
4,Aoife O Brien & Aisling Butler,ATHX DUBLIN 2026,Ireland 🇮🇪,2026,Female,ATHX,Strength,,,,98KG,210KG,230KG,,,4
5,Bronagh Dowey & Leigh Snoddy,ATHX DUBLIN 2026,Ireland 🇮🇪,2026,Female,ATHX,Strength,,,,85KG,180KG,255KG,,,5
6,Sarah Shannon & Rachel Cheevers,ATHX DUBLIN 2026,Ireland 🇮🇪,2026,Female,ATHX,Strength,,,,93KG,180KG,245KG,,,6
7,Darlea McCaffrey & Una Trainor,ATHX DUBLIN 2026,Ireland 🇮🇪,2026,Female,ATHX,Strength,,,,78KG,190KG,243KG,,,7
8,Aine Sheerin & Helen Quinn,ATHX DUBLIN 2026,Ireland 🇮🇪,2026,Female,ATHX,Strength,,,,85KG,188KG,235KG,,,8
9,Geraldine Shannon & Deirdre Mcmahon,ATHX DUBLIN 2026,Ireland 🇮🇪,2026,Female,ATHX,Strength,,,,95KG,175KG,235KG,,,9
10,Cara Savage & Kirsty McConachie,ATHX DUBLIN 2026,Ireland 🇮🇪,2026,Female,ATHX,Strength,,,,80KG,200KG,220KG,,,10
11,Vanessa Gallogly & Gillian Brooks,ATHX DUBLIN 2026,Ireland 🇮🇪,2026,Female,ATHX,Strength,,,,88KG,193KG,218KG,,,11
12,Shauna McCrystal & Lynsey Miller,ATHX DUBLIN 2026,Ireland 🇮🇪,2026,Female,ATHX,Strength,,,,93KG,190KG,215KG,,,12
13,Megan Kane & Aimee Johnston,ATHX DUBLIN 2026,Ireland 🇮🇪,2026,Female,ATHX,Strength,,,,85KG,185KG,220KG,,,13
14,Pamela Dickey & Naomi Craig,ATHX DUBLIN 2026,Ireland 🇮🇪,2026,Female,ATHX,Strength,,,,88KG,175KG,226KG,,,14
15,Kyrie O’ Neill & Niamh Kennedy,ATHX DUBLIN 2026,Ireland 🇮🇪,2026,Female,ATHX,Strength,,,,85KG,178KG,223KG,,,15
16,Isidora Oroz & Niamh Foyle,ATHX DUBLIN 2026,Ireland 🇮🇪,2026,Female,ATHX,Strength,,,,83KG,170KG,230KG,,,16
17,Emily Millar & Lauren McKeague,ATHX DUBLIN 2026,Ireland 🇮🇪,2026,Female,ATHX,Strength,,,,78KG,190KG,213KG,,,17
18,Rachel Ahern & Maja Lundmark,ATHX DUBLIN 2026,Ireland 🇮🇪,2026,Female,ATHX,Strength,,,,85KG,180KG,215KG,,,18
19,Muriel O'Neill & Amy Lennon,ATHX DUBLIN 2026,Ireland 🇮🇪,2026,Female,ATHX,Strength,,,,75KG,190KG,210KG,,,19
20,Éireann O Connell & Aine Deay,ATHX DUBLIN 2026,Ireland 🇮🇪,2026,Female,ATHX,Strength,,,,83KG,160KG,230KG,,,20
21,Erin Doherty & Susan McDermott,ATHX DUBLIN 2026,Ireland 🇮🇪,2026,Female,ATHX,Strength,,,,78KG,170KG,220KG,,,21
21,Shauna Hewitt & Abbie Donoghue,ATHX DUBLIN 2026,Ireland 🇮🇪,2026,Female,ATHX,Strength,,,,85KG,180KG,203KG,,,21
23,Julie Barnes & Charlotte Roughan,ATHX DUBLIN 2026,Ireland 🇮🇪,2026,Female,ATHX,Strength,,,,80KG,175KG,210KG,,,23
24,Jade Simpson & Hanna McIlveen,ATHX DUBLIN 2026,Ireland 🇮🇪,2026,Female,ATHX,Strength,,,,83KG,178KG,203KG,,,24
25,Rachel O Shea & Julia Romanovska,ATHX DUBLIN 2026,Ireland 🇮🇪,2026,Female,ATHX,Strength,,,,78KG,170KG,213KG,,,25
26,Olivia Keehan & Marie Rohan,ATHX DUBLIN 2026,Ireland 🇮🇪,2026,Female,ATHX,Strength,,,,75KG,165KG,220KG,,,26
26,Charlotte Flechet & Tatiana Kimberley,ATHX DUBLIN 2026,Ireland 🇮🇪,2026,Female,ATHX,Strength,,,,90KG,150KG,220KG,,,26
28,Sinead Goan & pauline mcgoldrick,ATHX DUBLIN 2026,Ireland 🇮🇪,2026,Female,ATHX,Strength,,,,85KG,178KG,195KG,,,28
28,Anna Mcgarvey & EDELLE DODDS,ATHX DUBLIN 2026,Ireland 🇮🇪,2026,Female,ATHX,Strength,,,,78KG,150KG,230KG,,,28
28,Emma O Flynn & Lydia Hunt,ATHX DUBLIN 2026,Ireland 🇮🇪,2026,Female,ATHX,Strength,,,,78KG,155KG,225KG,,,28
31,Eimear O’Rourke & Aoife Harmon,ATHX DUBLIN 2026,Ireland 🇮🇪,2026,Female,ATHX,Strength,,,,81KG,175KG,200KG,,,31
32,Rosie Armstrong & Leah Jackson,ATHX DUBLIN 2026,Ireland 🇮🇪,2026,Female,ATHX,Strength,,,,83KG,175KG,195KG,,,32
32,Laura Duffy & Karen Portas,ATHX DUBLIN 2026,Ireland 🇮🇪,2026,Female,ATHX,Strength,,,,78KG,155KG,220KG,,,32
34,Caoimhe Earle & Daisy Earle,ATHX DUBLIN 2026,Ireland 🇮🇪,2026,Female,ATHX,Strength,,,,81KG,170KG,200KG,,,34
35,Ieva O’Connor & Jenny Hyland,ATHX DUBLIN 2026,Ireland 🇮🇪,2026,Female,ATHX,Strength,,,,85KG,165KG,200KG,,,35
35,Gemma Gregg & Nicola McGrogan,ATHX DUBLIN 2026,Ireland 🇮🇪,2026,Female,ATHX,Strength,,,,80KG,170KG,200KG,,,35
35,Olivia Gibson & Wendy Burgess,ATHX DUBLIN 2026,Ireland 🇮🇪,2026,Female,ATHX,Strength,,,,75KG,165KG,210KG,,,35
38,Anne Lendrum & Jenna Frazer,ATHX DUBLIN 2026,Ireland 🇮🇪,2026,Female,ATHX,Strength,,,,68KG,165KG,215KG,,,38
39,Kizzy Hunt & Georgina Ansell,ATHX DUBLIN 2026,Ireland 🇮🇪,2026,Female,ATHX,Strength,,,,78KG,160KG,208KG,,,39
39,Megan McIlwee & Susan Speirs,ATHX DUBLIN 2026,Ireland 🇮🇪,2026,Female,ATHX,Strength,,,,73KG,160KG,213KG,,,39
39,Eadaoin Earley & Aine O’Callaghan,ATHX DUBLIN 2026,Ireland 🇮🇪,2026,Female,ATHX,Strength,,,,81KG,165KG,200KG,,,39
42,Lynsey McVeigh & Tracy Kelly,ATHX DUBLIN 2026,Ireland 🇮🇪,2026,Female,ATHX,Strength,,,,76KG,165KG,200KG,,,42
43,Sarah Martin & Katie Finnegan,ATHX DUBLIN 2026,Ireland 🇮🇪,2026,Female,ATHX,Strength,,,,70KG,175KG,195KG,,,43
43,Lea Segieth & Carolin Flemming,ATHX DUBLIN 2026,Ireland 🇮🇪,2026,Female,ATHX,Strength,,,,80KG,155KG,205KG,,,43
45,Fiona Ormsby & Niamh Creaven,ATHX DUBLIN 2026,Ireland 🇮🇪,2026,Female,ATHX,Strength,,,,75KG,160KG,203KG,,,45
46,Sarah ODonnell & Amy Kearns,ATHX DUBLIN 2026,Ireland 🇮🇪,2026,Female,ATHX,Strength,,,,75KG,150KG,210KG,,,46
46,Dara Hamill & Sarah Ann Lavelle,ATHX DUBLIN 2026,Ireland 🇮🇪,2026,Female,ATHX,Strength,,,,75KG,160KG,200KG,,,46
46,Sorcha ONeill & Sinead Mcguirk,ATHX DUBLIN 2026,Ireland 🇮🇪,2026,Female,ATHX,Strength,,,,80KG,165KG,190KG,,,46
49,Anna Greco & Kylie Gray,ATHX DUBLIN 2026,Ireland 🇮🇪,2026,Female,ATHX,Strength,,,,71KG,163KG,200KG,,,49
50,Sarah Cahill & Ava Haugh,ATHX DUBLIN 2026,Ireland 🇮🇪,2026,Female,ATHX,Strength,,,,85KG,148KG,200KG,,,50
50,Sinéad McMahon & Sandra Siktoroviene,ATHX DUBLIN 2026,Ireland 🇮🇪,2026,Female,ATHX,Strength,,,,78KG,145KG,210KG,,,50
50,Celeste Raack & Hilde Rabe,ATHX DUBLIN 2026,Ireland 🇮🇪,2026,Female,ATHX,Strength,,,,68KG,160KG,205KG,,,50
53,Inês Gomes & Gabriela Carolina Luciano,ATHX DUBLIN 2026,Ireland 🇮🇪,2026,Female,ATHX,Strength,,,,75KG,145KG,210KG,,,53
54,Elizabeth Clarke & Chloe Curran,ATHX DUBLIN 2026,Ireland 🇮🇪,2026,Female,ATHX,Strength,,,,83KG,155KG,190KG,,,54
54,Cliona McHugh & Neasa McNabola,ATHX DUBLIN 2026,Ireland 🇮🇪,2026,Female,ATHX,Strength,,,,80KG,158KG,190KG,,,54
54,Carol Schuetze & Kay Furlong,ATHX DUBLIN 2026,Ireland 🇮🇪,2026,Female,ATHX,Strength,,,,83KG,155KG,190KG,,,54
57,Laura Ashe & Emma Mills,ATHX DUBLIN 2026,Ireland 🇮🇪,2026,Female,ATHX,Strength,,,,73KG,163KG,190KG,,,57
57,Mary Burke & Shauna Parry,ATHX DUBLIN 2026,Ireland 🇮🇪,2026,Female,ATHX,Strength,,,,73KG,160KG,193KG,,,57
59,Molly Whelan & Claire Walsh,ATHX DUBLIN 2026,Ireland 🇮🇪,2026,Female,ATHX,Strength,,,,78KG,156KG,190KG,,,59
60,Stacy Buzlin & Tara Finn,ATHX DUBLIN 2026,Ireland 🇮🇪,2026,Female,ATHX,Strength,,,,73KG,165KG,185KG,,,60
61,Chloe Nolan & Olwyn Lawlor,ATHX DUBLIN 2026,Ireland 🇮🇪,2026,Female,ATHX,Strength,,,,77KG,155KG,190KG,,,61
62,Ciara Keane & Ciara Williams,ATHX DUBLIN 2026,Ireland 🇮🇪,2026,Female,ATHX,Strength,,,,75KG,160KG,185KG,,,62
63,Charlotte Hillan & Lucy McQuaid,ATHX DUBLIN 2026,Ireland 🇮🇪,2026,Female,ATHX,Strength,,,,81KG,161KG,176KG,,,63
63,Karla Lambe & Saoirse Lynch,ATHX DUBLIN 2026,Ireland 🇮🇪,2026,Female,ATHX,Strength,,,,118KG,135KG,165KG,,,63
65,Amy Lawlor & Cindy jean o Shea,ATHX DUBLIN 2026,Ireland 🇮🇪,2026,Female,ATHX,Strength,,,,75KG,150KG,190KG,,,65
66,Orlaith Danaher & Ciara Danaher,ATHX DUBLIN 2026,Ireland 🇮🇪,2026,Female,ATHX,Strength,,,,70KG,161KG,183KG,,,66
67,Jodie Clernon & Abbie Montgomery,ATHX DUBLIN 2026,Ireland 🇮🇪,2026,Female,ATHX,Strength,,,,68KG,150KG,193KG,,,67
68,Bryony Stockman & Shannon Murray,ATHX DUBLIN 2026,Ireland 🇮🇪,2026,Female,ATHX,Strength,,,,65KG,140KG,203KG,,,68
69,Joy Hutchinson & Emma Phillips,ATHX DUBLIN 2026,Ireland 🇮🇪,2026,Female,ATHX,Strength,,,,60KG,156KG,190KG,,,69
70,Maeve White & Aoife McEvoy,ATHX DUBLIN 2026,Ireland 🇮🇪,2026,Female,ATHX,Strength,,,,70KG,170KG,165KG,,,70
71,Natalia Maciejowska & Lucinda Moore,ATHX DUBLIN 2026,Ireland 🇮🇪,2026,Female,ATHX,Strength,,,,78KG,155KG,170KG,,,71
72,Becca Mark & Ríona Burke,ATHX DUBLIN 2026,Ireland 🇮🇪,2026,Female,ATHX,Strength,,,,66KG,160KG,175KG,,,72
73,Abbie Langtree & Holly James,ATHX DUBLIN 2026,Ireland 🇮🇪,2026,Female,ATHX,Strength,,,,90KG,100KG,210KG,,,73
73,Trudy McQuaid & Claire Kelleher,ATHX DUBLIN 2026,Ireland 🇮🇪,2026,Female,ATHX,Strength,,,,70KG,160KG,170KG,,,73
75,Rosie Somers & Tonya Morrissey,ATHX DUBLIN 2026,Ireland 🇮🇪,2026,Female,ATHX,Strength,,,,73KG,140KG,185KG,,,75
76,Lucy Kinsella & Rhiannon Lalor,ATHX DUBLIN 2026,Ireland 🇮🇪,2026,Female,ATHX,Strength,,,,73KG,146KG,178KG,,,76
77,Leanne O'Connor & Rachael Stewart,ATHX DUBLIN 2026,Ireland 🇮🇪,2026,Female,ATHX,Strength,,,,71KG,145KG,180KG,,,77
78,Kirstie Mc Creesh & Hannah McBennett,ATHX DUBLIN 2026,Ireland 🇮🇪,2026,Female,ATHX,Strength,,,,70KG,140KG,185KG,,,78
78,Ingrid Taylor & Sarah Simpson,ATHX DUBLIN 2026,Ireland 🇮🇪,2026,Female,ATHX,Strength,,,,70KG,145KG,180KG,,,78
78,Natasha Cameron & ashley boyd,ATHX DUBLIN 2026,Ireland 🇮🇪,2026,Female,ATHX,Strength,,,,60KG,150KG,185KG,,,78
78,Aimee Bailie & Kirsty Smiley,ATHX DUBLIN 2026,Ireland 🇮🇪,2026,Female,ATHX,Strength,,,,70KG,160KG,165KG,,,78
82,Olivan Vaughan & Aileen O Mahony,ATHX DUBLIN 2026,Ireland 🇮🇪,2026,Female,ATHX,Strength,,,,81KG,145KG,168KG,,,82
83,Samantha Swift & Callie Devine,ATHX DUBLIN 2026,Ireland 🇮🇪,2026,Female,ATHX,Strength,,,,68KG,140KG,185KG,,,83
83,Tonya Murray & Emma Walsh,ATHX DUBLIN 2026,Ireland 🇮🇪,2026,Female,ATHX,Strength,,,,73KG,140KG,180KG,,,83
85,Elisabeth Ras & Harmke Schenk,ATHX DUBLIN 2026,Ireland 🇮🇪,2026,Female,ATHX,Strength,,,,73KG,153KG,166KG,,,85
86,Ellie Slevin & Amy Slev,ATHX DUBLIN 2026,Ireland 🇮🇪,2026,Female,ATHX,Strength,,,,65KG,155KG,165KG,,,86
87,Wei Shyan Tan & Ananya Pushpa,ATHX DUBLIN 2026,Ireland 🇮🇪,2026,Female,ATHX,Strength,,,,73KG,148KG,163KG,,,87
88,Rebecca Rooney & Michaela Kelly,ATHX DUBLIN 2026,Ireland 🇮🇪,2026,Female,ATHX,Strength,,,,63KG,145KG,175KG,,,88
88,Lauren Mc Hugh & Rachel Mc Hugh,ATHX DUBLIN 2026,Ireland 🇮🇪,2026,Female,ATHX,Strength,,,,68KG,150KG,165KG,,,88
90,Laura Hogan & Ciara Hand,ATHX DUBLIN 2026,Ireland 🇮🇪,2026,Female,ATHX,Strength,,,,68KG,148KG,160KG,,,90
91,Mandy Geary & Claire Newton,ATHX DUBLIN 2026,Ireland 🇮🇪,2026,Female,ATHX,Strength,,,,68KG,133KG,173KG,,,91
92,Aoife Darbey & Emma Leonard,ATHX DUBLIN 2026,Ireland 🇮🇪,2026,Female,ATHX,Strength,,,,68KG,125KG,180KG,,,92
92,Beata Banka & Naomi Dorrity,ATHX DUBLIN 2026,Ireland 🇮🇪,2026,Female,ATHX,Strength,,,,73KG,135KG,165KG,,,92
92,Ciara Heagney & Jessica Dunne,ATHX DUBLIN 2026,Ireland 🇮🇪,2026,Female,ATHX,Strength,,,,63KG,145KG,165KG,,,92
95,Caitlin Mitchell & Claire McLaughlin,ATHX DUBLIN 2026,Ireland 🇮🇪,2026,Female,ATHX,Strength,,,,78KG,126KG,165KG,,,95
96,Siobhan O hara & Abbie Ryan,ATHX DUBLIN 2026,Ireland 🇮🇪,2026,Female,ATHX,Strength,,,,68KG,125KG,175KG,,,96
96,Keara O' Brien & Carly Murphy,ATHX DUBLIN 2026,Ireland 🇮🇪,2026,Female,ATHX,Strength,,,,68KG,140KG,160KG,,,96
98,Cliodhna Keogh & Katie Hughes,ATHX DUBLIN 2026,Ireland 🇮🇪,2026,Female,ATHX,Strength,,,,61KG,140KG,165KG,,,98
98,Emma McErlean & Lauren McCaffery,ATHX DUBLIN 2026,Ireland 🇮🇪,2026,Female,ATHX,Strength,,,,68KG,125KG,173KG,,,98
100,Giovanna Di Murro & Claire Fergus,ATHX DUBLIN 2026,Ireland 🇮🇪,2026,Female,ATHX,Strength,,,,70KG,125KG,165KG,,,100
101,Aine Heaney & Máire Murray,ATHX DUBLIN 2026,Ireland 🇮🇪,2026,Female,ATHX,Strength,,,,66KG,130KG,163KG,,,101
102,Jane Canavan & Gemma Mccourt,ATHX DUBLIN 2026,Ireland 🇮🇪,2026,Female,ATHX,Strength,,,,65KG,125KG,165KG,,,102
103,Sarah Barnes & Linda Doyle,ATHX DUBLIN 2026,Ireland 🇮🇪,2026,Female,ATHX,Strength,,,,70KG,128KG,153KG,,,103
104,Clara Burns & Sarah Thompson,ATHX DUBLIN 2026,Ireland 🇮🇪,2026,Female,ATHX,Strength,,,,68KG,125KG,155KG,,,104
105,Niamhinn DALY & Leanne Keenan,ATHX DUBLIN 2026,Ireland 🇮🇪,2026,Female,ATHX,Strength,,,,70KG,113KG,163KG,,,105
106,Fiona Aherne & Caoimhe Dunne,ATHX DUBLIN 2026,Ireland 🇮🇪,2026,Female,ATHX,Strength,,,,73KG,140KG,130KG,,,106
107,Corchennia Oneill & Trudy McElhatton,ATHX DUBLIN 2026,Ireland 🇮🇪,2026,Female,ATHX,Strength,,,,68KG,110KG,160KG,,,107
108,Deirdre Manning & Bruna Cibin,ATHX DUBLIN 2026,Ireland 🇮🇪,2026,Female,ATHX,Strength,,,,61KG,120KG,155KG,,,108
109,Steph Hannen & Amy Biddulph,ATHX DUBLIN 2026,Ireland 🇮🇪,2026,Female,ATHX,Strength,,,,65KG,125KG,145KG,,,109
110,Deirdre Keane & Andra Noonan,ATHX DUBLIN 2026,Ireland 🇮🇪,2026,Female,ATHX,Strength,,,,68KG,116KG,150KG,,,110
111,Alanna McCarthy & Marianne O'Keeffe,ATHX DUBLIN 2026,Ireland 🇮🇪,2026,Female,ATHX,Strength,,,,58KG,105KG,170KG,,,111
111,Sarah Dunne & Naomi Meaklim,ATHX DUBLIN 2026,Ireland 🇮🇪,2026,Female,ATHX,Strength,,,,80KG,148KG,105KG,,,111
113,Mairin Whelan & Donna Byrne,ATHX DUBLIN 2026,Ireland 🇮🇪,2026,Female,ATHX,Strength,,,,63KG,110KG,153KG,,,113
114,Amy Rogers & Chloe Dunlop,ATHX DUBLIN 2026,Ireland 🇮🇪,2026,Female,ATHX,Strength,,,,45KG,120KG,150KG,,,114
115,Anna Trindle & Jessica Byrne,ATHX DUBLIN 2026,Ireland 🇮🇪,2026,Female,ATHX,Strength,,,,60KG,118KG,135KG,,,115
116,Catherine McCarthy & Maria O Callaghan,ATHX DUBLIN 2026,Ireland 🇮🇪,2026,Female,ATHX,Strength,,,,53KG,93KG,165KG,,,116
117,Darcey Dunne & Kay Davidson,ATHX DUBLIN 2026,Ireland 🇮🇪,2026,Female,ATHX,Strength,,,,60KG,95KG,155KG,,,117
118,Mo Henderson & GAIL McCaffrey,ATHX DUBLIN 2026,Ireland 🇮🇪,2026,Female,ATHX,Strength,,,,63KG,100KG,138KG,,,118
118,Katrina O’Leary & Natalie Toal,ATHX DUBLIN 2026,Ireland 🇮🇪,2026,Female,ATHX,Strength,,,,53KG,110KG,138KG,,,118
120,Kelly Shields & loumurray30 Team,ATHX DUBLIN 2026,Ireland 🇮🇪,2026,Female,ATHX,Strength,,,,48KG,95KG,120KG,,,120
1,Emma Ireland & Henry Sainsbury,ATHX DUBLIN 2026,Ireland 🇮🇪,2026,Mixed,ATHX,Strength,,,,135KG,265KG,330KG,,,1
2,Bernard Hughes & Hannah Rice,ATHX DUBLIN 2026,Ireland 🇮🇪,2026,Mixed,ATHX,Strength,,,,120KG,285KG,320KG,,,2
3,Cassia Williams & Ashley Cunliffe,ATHX DUBLIN 2026,Ireland 🇮🇪,2026,Mixed,ATHX,Strength,,,,148KG,260KG,300KG,,,3
4,Tanith Aschettino & Giuseppe Aschettino,ATHX DUBLIN 2026,Ireland 🇮🇪,2026,Mixed,ATHX,Strength,,,,135KG,270KG,300KG,,,4
5,John Burns & Ashleigh Stevenson,ATHX DUBLIN 2026,Ireland 🇮🇪,2026,Mixed,ATHX,Strength,,,,128KG,261KG,315KG,,,5
6,Mollie Gilmore & Léo Ledeux,ATHX DUBLIN 2026,Ireland 🇮🇪,2026,Mixed,ATHX,Strength,,,,136KG,243KG,318KG,,,6
7,Conor Higgins & Sinead Costello,ATHX DUBLIN 2026,Ireland 🇮🇪,2026,Mixed,ATHX,Strength,,,,135KG,273KG,283KG,,,7
8,Daisy Taylor & Calum Upton,ATHX DUBLIN 2026,Ireland 🇮🇪,2026,Mixed,ATHX,Strength,,,,115KG,265KG,308KG,,,8
9,Bruna Marques Sousa & Marcus Vinicius Goncalves Barbosa,ATHX DUBLIN 2026,Ireland 🇮🇪,2026,Mixed,ATHX,Strength,,,,130KG,260KG,280KG,,,9
10,Barry Donohue & Rachel Sher,ATHX DUBLIN 2026,Ireland 🇮🇪,2026,Mixed,ATHX,Strength,,,,118KG,248KG,303KG,,,10
11,Cathal Parkes & Muireann Odonnell,ATHX DUBLIN 2026,Ireland 🇮🇪,2026,Mixed,ATHX,Strength,,,,123KG,245KG,291KG,,,11
12,Chene Longueira & Keegan Longueira,ATHX DUBLIN 2026,Ireland 🇮🇪,2026,Mixed,ATHX,Strength,,,,128KG,245KG,270KG,,,12
13,Gemma McCrudden & sam clements,ATHX DUBLIN 2026,Ireland 🇮🇪,2026,Mixed,ATHX,Strength,,,,105KG,250KG,285KG,,,13
14,Shane Mahon & Megan Parker,ATHX DUBLIN 2026,Ireland 🇮🇪,2026,Mixed,ATHX,Strength,,,,105KG,240KG,280KG,,,14
14,Dylan McCallion & Sarah Mitchell,ATHX DUBLIN 2026,Ireland 🇮🇪,2026,Mixed,ATHX,Strength,,,,120KG,245KG,260KG,,,14
16,nina tomlinson & Ryan King,ATHX DUBLIN 2026,Ireland 🇮🇪,2026,Mixed,ATHX,Strength,,,,130KG,223KG,265KG,,,16
17,Sian Gallagher & Jack Gallagher,ATHX DUBLIN 2026,Ireland 🇮🇪,2026,Mixed,ATHX,Strength,,,,120KG,223KG,270KG,,,17
18,Yuan O'Neill & Keelan Jennings,ATHX DUBLIN 2026,Ireland 🇮🇪,2026,Mixed,ATHX,Strength,,,,90KG,245KG,275KG,,,18
19,Miriam McElvaney & Jason Donohoe,ATHX DUBLIN 2026,Ireland 🇮🇪,2026,Mixed,ATHX,Strength,,,,115KG,223KG,270KG,,,19
20,Daniel Cairns & Gemma Chambers,ATHX DUBLIN 2026,Ireland 🇮🇪,2026,Mixed,ATHX,Strength,,,,106KG,235KG,265KG,,,20
21,Sophie Medland & Harrison Ward,ATHX DUBLIN 2026,Ireland 🇮🇪,2026,Mixed,ATHX,Strength,,,,110KG,210KG,285KG,,,21
22,nic potter & Karla Strudwick,ATHX DUBLIN 2026,Ireland 🇮🇪,2026,Mixed,ATHX,Strength,,,,135KG,210KG,255KG,,,22
23,Jamie Fulton & Sarah Conroy,ATHX DUBLIN 2026,Ireland 🇮🇪,2026,Mixed,ATHX,Strength,,,,135KG,198KG,260KG,,,23
24,Benny Connolly & Gemma McLaughlin,ATHX DUBLIN 2026,Ireland 🇮🇪,2026,Mixed,ATHX,Strength,,,,110KG,218KG,260KG,,,24
25,Ximena Arroyo & Marco Hernandez,ATHX DUBLIN 2026,Ireland 🇮🇪,2026,Mixed,ATHX,Strength,,,,110KG,213KG,256KG,,,25
26,Paulina Zagrabska & Tom Jordan,ATHX DUBLIN 2026,Ireland 🇮🇪,2026,Mixed,ATHX,Strength,,,,100KG,205KG,270KG,,,26
27,BERGE Nicolas & CHRISTEL GUIRAUD,ATHX DUBLIN 2026,Ireland 🇮🇪,2026,Mixed,ATHX,Strength,,,,95KG,208KG,268KG,,,27
28,Abi Carolan & Alan Mahon,ATHX DUBLIN 2026,Ireland 🇮🇪,2026,Mixed,ATHX,Strength,,,,105KG,200KG,260KG,,,28
28,Eimear Corcoran & Luiz Sales,ATHX DUBLIN 2026,Ireland 🇮🇪,2026,Mixed,ATHX,Strength,,,,115KG,195KG,255KG,,,28
30,Luke Hoban & Aoife Hoban,ATHX DUBLIN 2026,Ireland 🇮🇪,2026,Mixed,ATHX,Strength,,,,113KG,204KG,240KG,,,30
30,Tania Monteiro & Joao Loução,ATHX DUBLIN 2026,Ireland 🇮🇪,2026,Mixed,ATHX,Strength,,,,96KG,216KG,245KG,,,30
32,Tom Ensor & Jen Cullinan,ATHX DUBLIN 2026,Ireland 🇮🇪,2026,Mixed,ATHX,Strength,,,,100KG,195KG,260KG,,,32
33,Mairead Cooke & Paul Ingle,ATHX DUBLIN 2026,Ireland 🇮🇪,2026,Mixed,ATHX,Strength,,,,113KG,213KG,228KG,,,33
34,Curtis Woods & Sinead Woods,ATHX DUBLIN 2026,Ireland 🇮🇪,2026,Mixed,ATHX,Strength,,,,103KG,210KG,240KG,,,34
35,Stephen Boylan & Cassie Boylan,ATHX DUBLIN 2026,Ireland 🇮🇪,2026,Mixed,ATHX,Strength,,,,101KG,183KG,263KG,,,35
36,Laurence Pannell & Hannah Bailey,ATHX DUBLIN 2026,Ireland 🇮🇪,2026,Mixed,ATHX,Strength,,,,115KG,200KG,230KG,,,36
36,Marie Bracken & Cillian Duffy,ATHX DUBLIN 2026,Ireland 🇮🇪,2026,Mixed,ATHX,Strength,,,,105KG,220KG,220KG,,,36
38,Ana Paula Borges Goncalves & Reinaldo Junior,ATHX DUBLIN 2026,Ireland 🇮🇪,2026,Mixed,ATHX,Strength,,,,100KG,200KG,240KG,,,38
38,Ciara Walsh & Joe Walsh,ATHX DUBLIN 2026,Ireland 🇮🇪,2026,Mixed,ATHX,Strength,,,,115KG,195KG,230KG,,,38
38,Steven Ivan Calva Lagunes & Camila Racco,ATHX DUBLIN 2026,Ireland 🇮🇪,2026,Mixed,ATHX,Strength,,,,110KG,200KG,230KG,,,38
41,Mark Corrigan & Leanne Corrigan,ATHX DUBLIN 2026,Ireland 🇮🇪,2026,Mixed,ATHX,Strength,,,,98KG,198KG,243KG,,,41
42,Elaine Kelly & Paul Kelly,ATHX DUBLIN 2026,Ireland 🇮🇪,2026,Mixed,ATHX,Strength,,,,93KG,180KG,265KG,,,42
43,Sorcha Dee & Barry Morrissey,ATHX DUBLIN 2026,Ireland 🇮🇪,2026,Mixed,ATHX,Strength,,,,105KG,183KG,245KG,,,43
44,Bernadeta Nelson & David Linehan,ATHX DUBLIN 2026,Ireland 🇮🇪,2026,Mixed,ATHX,Strength,,,,133KG,103KG,295KG,,,44
45,Sara Tello & Adrian Tello,ATHX DUBLIN 2026,Ireland 🇮🇪,2026,Mixed,ATHX,Strength,,,,105KG,195KG,230KG,,,45
46,Killian Andersen & Niamh Sheridan,ATHX DUBLIN 2026,Ireland 🇮🇪,2026,Mixed,ATHX,Strength,,,,98KG,190KG,240KG,,,46
46,Brendan Duffy & Cathriona Brady,ATHX DUBLIN 2026,Ireland 🇮🇪,2026,Mixed,ATHX,Strength,,,,118KG,190KG,220KG,,,46
46,Niall Bedford & Aimee Conroy,ATHX DUBLIN 2026,Ireland 🇮🇪,2026,Mixed,ATHX,Strength,,,,100KG,188KG,240KG,,,46
46,Sandra Pugh & Paul Pugh,ATHX DUBLIN 2026,Ireland 🇮🇪,2026,Mixed,ATHX,Strength,,,,100KG,198KG,230KG,,,46
50,Dean Newsome & Sinead Nolan,ATHX DUBLIN 2026,Ireland 🇮🇪,2026,Mixed,ATHX,Strength,,,,101KG,190KG,235KG,,,50
51,David Mcilwrath & Jamie-Lee Mclaughlin,ATHX DUBLIN 2026,Ireland 🇮🇪,2026,Mixed,ATHX,Strength,,,,110KG,190KG,225KG,,,51
52,Louis Bohnert & Pia Lourde Rocheblave,ATHX DUBLIN 2026,Ireland 🇮🇪,2026,Mixed,ATHX,Strength,,,,120KG,163KG,240KG,,,52
52,Jose Antonio Medina Pastor & Andrea Perez,ATHX DUBLIN 2026,Ireland 🇮🇪,2026,Mixed,ATHX,Strength,,,,88KG,190KG,245KG,,,52
52,Eamonn Whelan & Sandra Simpson,ATHX DUBLIN 2026,Ireland 🇮🇪,2026,Mixed,ATHX,Strength,,,,108KG,185KG,230KG,,,52
55,Helen Barwise & Lewis Barwise,ATHX DUBLIN 2026,Ireland 🇮🇪,2026,Mixed,ATHX,Strength,,,,108KG,175KG,238KG,,,55
56,Aidan Treanor & Emma Clerkin,ATHX DUBLIN 2026,Ireland 🇮🇪,2026,Mixed,ATHX,Strength,,,,100KG,180KG,240KG,,,56
57,David Levstik & Ines Renedo Ruiz,ATHX DUBLIN 2026,Ireland 🇮🇪,2026,Mixed,ATHX,Strength,,,,113KG,205KG,200KG,,,57
58,Chris O'Mahony & Jenna Pyne,ATHX DUBLIN 2026,Ireland 🇮🇪,2026,Mixed,ATHX,Strength,,,,95KG,170KG,250KG,,,58
59,Jonathan Gerhard & Bernadett Jung,ATHX DUBLIN 2026,Ireland 🇮🇪,2026,Mixed,ATHX,Strength,,,,103KG,185KG,225KG,,,59
60,Joey Hughes & Catherine McComish,ATHX DUBLIN 2026,Ireland 🇮🇪,2026,Mixed,ATHX,Strength,,,,90KG,170KG,250KG,,,60
61,Feidhlim Quinn & Julie Robinson,ATHX DUBLIN 2026,Ireland 🇮🇪,2026,Mixed,ATHX,Strength,,,,105KG,180KG,223KG,,,61
62,Serena Mizzoni & Conor Ward,ATHX DUBLIN 2026,Ireland 🇮🇪,2026,Mixed,ATHX,Strength,,,,103KG,195KG,205KG,,,62
63,Catherine Le Guiniec & Daniel Mahood,ATHX DUBLIN 2026,Ireland 🇮🇪,2026,Mixed,ATHX,Strength,,,,90KG,160KG,250KG,,,63
64,Beth McGregor & Jake Pearce,ATHX DUBLIN 2026,Ireland 🇮🇪,2026,Mixed,ATHX,Strength,,,,103KG,165KG,230KG,,,64
65,Sam Ware & Alison Ware,ATHX DUBLIN 2026,Ireland 🇮🇪,2026,Mixed,ATHX,Strength,,,,96KG,180KG,220KG,,,65
66,Faye Murray & Cole Walker-Taylor,ATHX DUBLIN 2026,Ireland 🇮🇪,2026,Mixed,ATHX,Strength,,,,88KG,175KG,225KG,,,66
67,Jeff Hurst & Natalia Guida,ATHX DUBLIN 2026,Ireland 🇮🇪,2026,Mixed,ATHX,Strength,,,,90KG,175KG,220KG,,,67
68,Fraser Gow & Lynsey Clemenger,ATHX DUBLIN 2026,Ireland 🇮🇪,2026,Mixed,ATHX,Strength,,,,100KG,155KG,220KG,,,68
68,dean brown & Shona Cavanagh,ATHX DUBLIN 2026,Ireland 🇮🇪,2026,Mixed,ATHX,Strength,,,,95KG,180KG,200KG,,,68
70,Oisin McCullagh & Megan Mcelhatton,ATHX DUBLIN 2026,Ireland 🇮🇪,2026,Mixed,ATHX,Strength,,,,93KG,160KG,215KG,,,70
71,Alison Kelly & Niall Kelly,ATHX DUBLIN 2026,Ireland 🇮🇪,2026,Mixed,ATHX,Strength,,,,98KG,165KG,203KG,,,71
72,Karl O Rourke & Emily Redmond,ATHX DUBLIN 2026,Ireland 🇮🇪,2026,Mixed,ATHX,Strength,,,,91KG,170KG,200KG,,,72
73,Grace Murphy & Kev McFaul,ATHX DUBLIN 2026,Ireland 🇮🇪,2026,Mixed,ATHX,Strength,,,,100KG,165KG,195KG,,,73
74,Stephen Meehan & Maire Meehan,ATHX DUBLIN 2026,Ireland 🇮🇪,2026,Mixed,ATHX,Strength,,,,65KG,185KG,205KG,,,74
75,Cian Ronan & Sophie McCarthy,ATHX DUBLIN 2026,Ireland 🇮🇪,2026,Mixed,ATHX,Strength,,,,90KG,140KG,215KG,,,75
75,Yvonne Finnegan & Declan McMahon,ATHX DUBLIN 2026,Ireland 🇮🇪,2026,Mixed,ATHX,Strength,,,,75KG,150KG,220KG,,,75
77,Evie Waring & Luke Gregory,ATHX DUBLIN 2026,Ireland 🇮🇪,2026,Mixed,ATHX,Strength,,,,90KG,160KG,190KG,,,77
77,Christopher Maxwell & Tina Richardson,ATHX DUBLIN 2026,Ireland 🇮🇪,2026,Mixed,ATHX,Strength,,,,90KG,160KG,190KG,,,77
79,Natalja Antipova & Nikita Antipovs,ATHX DUBLIN 2026,Ireland 🇮🇪,2026,Mixed,ATHX,Strength,,,,80KG,158KG,195KG,,,79
80,Lilia Diego Rivera & Armand Hernández,ATHX DUBLIN 2026,Ireland 🇮🇪,2026,Mixed,ATHX,Strength,,,,83KG,143KG,203KG,,,80
81,FRANCESCA RICCIONI & Federico Abbate,ATHX DUBLIN 2026,Ireland 🇮🇪,2026,Mixed,ATHX,Strength,,,,80KG,165KG,180KG,,,81
82,Eric Cantwell & Deirdre Cantwell,ATHX DUBLIN 2026,Ireland 🇮🇪,2026,Mixed,ATHX,Strength,,,,80KG,135KG,205KG,,,82
83,Elaine Cusack & Dermot Cusack,ATHX DUBLIN 2026,Ireland 🇮🇪,2026,Mixed,ATHX,Strength,,,,80KG,150KG,188KG,,,83
84,Martin Parker & Elizabeth Kearney,ATHX DUBLIN 2026,Ireland 🇮🇪,2026,Mixed,ATHX,Strength,,,,81KG,153KG,183KG,,,84
85,Linda Butler & Martin Buttler,ATHX DUBLIN 2026,Ireland 🇮🇪,2026,Mixed,ATHX,Strength,,,,80KG,135KG,200KG,,,85
86,Allison Treanor & Barry Mcguigan,ATHX DUBLIN 2026,Ireland 🇮🇪,2026,Mixed,ATHX,Strength,,,,98KG,133KG,180KG,,,86
87,Jade Doherty & Ray Doherty,ATHX DUBLIN 2026,Ireland 🇮🇪,2026,Mixed,ATHX,Strength,,,,88KG,140KG,180KG,,,87
88,Dasha Bogdanova & Darius Murphy,ATHX DUBLIN 2026,Ireland 🇮🇪,2026,Mixed,ATHX,Strength,,,,85KG,123KG,140KG,,,88
1,Kallum Radley & Connor Coyle,ATHX DUBLIN 2026,Ireland 🇮🇪,2026,Male,ATHX,Overall,2 (900KG),3 (10.458KM),11 (12:34),,,,,,16
2,James Case & Ross Comfort,ATHX DUBLIN 2026,Ireland 🇮🇪,2026,Male,ATHX,Overall,6 (880KG),7 (10.323KM),3 (12:24),,,,,,16
3,Eoin Mcmanamon & domhnall hyland,ATHX DUBLIN 2026,Ireland 🇮🇪,2026,Male,ATHX,Overall,8 (860KG),13 (10.169KM),3 (12:24),,,,,,24
4,John Belton & Andrew Kenny,ATHX DUBLIN 2026,Ireland 🇮🇪,2026,Male,ATHX,Overall,14 (835KG),8 (10.253KM),10 (12:29),,,,,,32
5,Sean Fitzpatrick & Bobby Barber,ATHX DUBLIN 2026,Ireland 🇮🇪,2026,Male,ATHX,Overall,4 (893KG),9 (10.239KM),22 (13:24),,,,,,35
6,Cory Tipping & Greg Ramsay,ATHX DUBLIN 2026,Ireland 🇮🇪,2026,Male,ATHX,Overall,11 (851KG),24 (9.877KM),8 (12:28),,,,,,43
7,Jihad Watt & Marcus Lowe,ATHX DUBLIN 2026,Ireland 🇮🇪,2026,Male,ATHX,Overall,7 (865KG),36 (9.669KM),1 (11:41),,,,,,44
8,Ciaran Gallagher & Anto Allsopp,ATHX DUBLIN 2026,Ireland 🇮🇪,2026,Male,ATHX,Overall,10 (855KG),22 (9.955KM),12 (12:35),,,,,,44
9,Stefan O'Neill & Connor Smyth,ATHX DUBLIN 2026,Ireland 🇮🇪,2026,Male,ATHX,Overall,49 (740KG),5 (10.381KM),2 (11:56),,,,,,56
10,Eamonn clarke & Nathan Clarke,ATHX DUBLIN 2026,Ireland 🇮🇪,2026,Male,ATHX,Overall,5 (891KG),26 (9.777KM),28 (13:40),,,,,,59
10,MARC DOWNEY & Brian Mcauley,ATHX DUBLIN 2026,Ireland 🇮🇪,2026,Male,ATHX,Overall,8 (860KG),46 (9.559KM),5 (12:26),,,,,,59
12,Ben Wiffen & James Carleton,ATHX DUBLIN 2026,Ireland 🇮🇪,2026,Male,ATHX,Overall,46 (746KG),10 (10.23KM),7 (12:27),,,,,,63
13,Jack Chen & Jack Flynn,ATHX DUBLIN 2026,Ireland 🇮🇪,2026,Male,ATHX,Overall,51 (738KG),14 (10.109KM),14 (12:46),,,,,,79
14,Pete Slevin & Conor Bayne,ATHX DUBLIN 2026,Ireland 🇮🇪,2026,Male,ATHX,Overall,70 (705KG),2 (10.59KM),8 (12:28),,,,,,80
15,Shane McKenna & Paul Rushe,ATHX DUBLIN 2026,Ireland 🇮🇪,2026,Male,ATHX,Overall,60 (725KG),6 (10.372KM),16 (12:56),,,,,,82
16,Scott O grady & Fionn Nolan,ATHX DUBLIN 2026,Ireland 🇮🇪,2026,Male,ATHX,Overall,51 (738KG),19 (9.993KM),13 (12:41),,,,,,83
17,Josh Milligan & Adam McGivern,ATHX DUBLIN 2026,Ireland 🇮🇪,2026,Male,ATHX,Overall,51 (738KG),16 (10.046KM),17 (13:05),,,,,,84
17,Sacha Harding & Ben Pitt,ATHX DUBLIN 2026,Ireland 🇮🇪,2026,Male,ATHX,Overall,18 (816KG),52 (9.491KM),14 (12:46),,,,,,84
19,Darren Keogh & MARK KELLY,ATHX DUBLIN 2026,Ireland 🇮🇪,2026,Male,ATHX,Overall,14 (835KG),48 (9.54KM),23 (13:28),,,,,,85
19,Kevin Molloy & Andrew Hageman,ATHX DUBLIN 2026,Ireland 🇮🇪,2026,Male,ATHX,Overall,44 (755KG),20 (9.991KM),21 (13:20),,,,,,85
21,josu garcia & Luis Alberto Delgado Buskens,ATHX DUBLIN 2026,Ireland 🇮🇪,2026,Male,ATHX,Overall,39 (770KG),15 (10.075KM),32 (13:47),,,,,,86
22,Michael Graham & Alan Mahon,ATHX DUBLIN 2026,Ireland 🇮🇪,2026,Male,ATHX,Overall,81 (685KG),1 (10.856KM),5 (12:26),,,,,,87
23,Matthew Nyack & Michael Mullen,ATHX DUBLIN 2026,Ireland 🇮🇪,2026,Male,ATHX,Overall,3 (895KG),60 (9.408KM),29 (13:41),,,,,,92
24,Darren McNeilly & Matthew Logan,ATHX DUBLIN 2026,Ireland 🇮🇪,2026,Male,ATHX,Overall,19 (815KG),51 (9.501KM),29 (13:41),,,,,,99
25,Mark Hanratty & Christopher Crowley,ATHX DUBLIN 2026,Ireland 🇮🇪,2026,Male,ATHX,Overall,54 (736KG),11 (10.193KM),35 (13:49),,,,,,100
26,NIALL MACKIN & Brendan Marry,ATHX DUBLIN 2026,Ireland 🇮🇪,2026,Male,ATHX,Overall,16 (823KG),66 (9.352KM),19 (13:12),,,,,,101
27,Conleth Totten & Dan Burnett,ATHX DUBLIN 2026,Ireland 🇮🇪,2026,Male,ATHX,Overall,13 (841KG),53 (9.487KM),39 (14:17),,,,,,105
28,Malcolm Allister & James McMahon,ATHX DUBLIN 2026,Ireland 🇮🇪,2026,Male,ATHX,Overall,42 (766KG),38 (9.627KM),27 (13:37),,,,,,107
29,Clifford McElroy & Sam Wilson,ATHX DUBLIN 2026,Ireland 🇮🇪,2026,Male,ATHX,Overall,12 (843KG),71 (9.31KM),26 (13:32),,,,,,109
30,Nathan Lewis & Mark Aston,ATHX DUBLIN 2026,Ireland 🇮🇪,2026,Male,ATHX,Overall,55 (735KG),12 (10.187KM),44 (14:24),,,,,,111
30,Larry Doyle & Zitian Xiang,ATHX DUBLIN 2026,Ireland 🇮🇪,2026,Male,ATHX,Overall,23 (811KG),68 (9.325KM),20 (13:18),,,,,,111
30,Camilo Pinzón & Mikel mikel.a.esparza@gmail.com,ATHX DUBLIN 2026,Ireland 🇮🇪,2026,Male,ATHX,Overall,38 (780KG),41 (9.593KM),32 (13:47),,,,,,111
33,Sam Mcdowell & Ross Evans,ATHX DUBLIN 2026,Ireland 🇮🇪,2026,Male,ATHX,Overall,41 (768KG),34 (9.678KM),38 (14:16),,,,,,113
34,Jonny McKeown & Mark Buchanan,ATHX DUBLIN 2026,Ireland 🇮🇪,2026,Male,ATHX,Overall,58 (730KG),27 (9.769KM),31 (13:45),,,,,,116
35,Ben Magill & Aodhan Gervin,ATHX DUBLIN 2026,Ireland 🇮🇪,2026,Male,ATHX,Overall,56 (733KG),21 (9.967KM),41 (14:21),,,,,,118
35,Brendan Murchan & Cillin Smyth,ATHX DUBLIN 2026,Ireland 🇮🇪,2026,Male,ATHX,Overall,28 (800KG),49 (9.513KM),41 (14:21),,,,,,118
37,JP Rooney & Cathal Downey,ATHX DUBLIN 2026,Ireland 🇮🇪,2026,Male,ATHX,Overall,16 (823KG),72 (9.307KM),32 (13:47),,,,,,120
38,Matt Newburn & Gareth Quinn,ATHX DUBLIN 2026,Ireland 🇮🇪,2026,Male,ATHX,Overall,28 (800KG),29 (9.734KM),66 (15:31),,,,,,123
39,Shane Campbell & Padhraic McCarthy,ATHX DUBLIN 2026,Ireland 🇮🇪,2026,Male,ATHX,Overall,85 (670KG),18 (10.023KM),24 (13:29),,,,,,127
40,Gerard Woods & Andrew Bonis,ATHX DUBLIN 2026,Ireland 🇮🇪,2026,Male,ATHX,Overall,22 (812KG),55 (9.482KM),53 (14:59),,,,,,130
41,Laurynas Binderis & James McCormack,ATHX DUBLIN 2026,Ireland 🇮🇪,2026,Male,ATHX,Overall,33 (795KG),56 (9.48KM),43 (14:22),,,,,,132
42,Cian Brennan & Adam Brennan,ATHX DUBLIN 2026,Ireland 🇮🇪,2026,Male,ATHX,Overall,111 (608KG),4 (10.389KM),18 (13:08),,,,,,133
43,Jeff Hopkins & Wojtek Kaluza,ATHX DUBLIN 2026,Ireland 🇮🇪,2026,Male,ATHX,Overall,26 (804KG),74 (9.276KM),36 (13:54),,,,,,136
44,Rainer Diendorfer & Elias Freilinger,ATHX DUBLIN 2026,Ireland 🇮🇪,2026,Male,ATHX,Overall,35 (790KG),64 (9.365KM),44 (14:24),,,,,,143
45,Mark McQuade & Ethan Mc Clintock,ATHX DUBLIN 2026,Ireland 🇮🇪,2026,Male,ATHX,Overall,45 (753KG),59 (9.421KM),47 (14:41),,,,,,151
46,John Hunter & Danny Magill,ATHX DUBLIN 2026,Ireland 🇮🇪,2026,Male,ATHX,Overall,43 (761KG),50 (9.509KM),60 (15:18),,,,,,153
47,Markus Koch & Reinis Janovskis,ATHX DUBLIN 2026,Ireland 🇮🇪,2026,Male,ATHX,Overall,77 (695KG),30 (9.733KM),48 (14:42),,,,,,155
48,Ciaran McCabe & Alex Hughes,ATHX DUBLIN 2026,Ireland 🇮🇪,2026,Male,ATHX,Overall,78 (692KG),39 (9.62KM),40 (14:18),,,,,,157
49,Matthew Graham & Andy Mcilveen,ATHX DUBLIN 2026,Ireland 🇮🇪,2026,Male,ATHX,Overall,97 (650KG),37 (9.64KM),24 (13:29),,,,,,158
50,David Chambers & David whann,ATHX DUBLIN 2026,Ireland 🇮🇪,2026,Male,ATHX,Overall,1 (975KG),109 (8.796KM),49 (14:46),,,,,,159
51,Josh Acton & Oran Smith,ATHX DUBLIN 2026,Ireland 🇮🇪,2026,Male,ATHX,Overall,69 (708KG),40 (9.611KM),52 (14:55),,,,,,161
52,Joshua O’Neill & Conor Day,ATHX DUBLIN 2026,Ireland 🇮🇪,2026,Male,ATHX,Overall,72 (700KG),43 (9.571KM),50 (14:49),,,,,,165
52,Pearse McNerney & Sean McCafferty,ATHX DUBLIN 2026,Ireland 🇮🇪,2026,Male,ATHX,Overall,27 (803KG),58 (9.44KM),80 (16:05),,,,,,165
54,Mark timms & Jason Lewis,ATHX DUBLIN 2026,Ireland 🇮🇪,2026,Male,ATHX,Overall,19 (815KG),96 (9.034KM),51 (14:54),,,,,,166
55,Niall Askin & Ben Sherry,ATHX DUBLIN 2026,Ireland 🇮🇪,2026,Male,ATHX,Overall,88 (665KG),42 (9.578KM),37 (14:14),,,,,,167
56,Ronan Mccabe & Raymond McBennett,ATHX DUBLIN 2026,Ireland 🇮🇪,2026,Male,ATHX,Overall,95 (655KG),17 (10.041KM),62 (15:24),,,,,,174
57,Jamie Kirk & Ryan Millar,ATHX DUBLIN 2026,Ireland 🇮🇪,2026,Male,ATHX,Overall,88 (665KG),32 (9.716KM),55 (15:01),,,,,,175
58,Aidan Rundel Muller & John Hallissey,ATHX DUBLIN 2026,Ireland 🇮🇪,2026,Male,ATHX,Overall,96 (653KG),23 (9.937KM),58 (15:08),,,,,,177
59,philip orr & Tom Craig,ATHX DUBLIN 2026,Ireland 🇮🇪,2026,Male,ATHX,Overall,21 (813KG),94 (9.069KM),64 (15:25),,,,,,179
60,Jordan Lloyd-Richards & Zak Aitchison,ATHX DUBLIN 2026,Ireland 🇮🇪,2026,Male,ATHX,Overall,65 (715KG),54 (9.483KM),65 (15:27),,,,,,184
61,Andrew Davis & Paul Mannus,ATHX DUBLIN 2026,Ireland 🇮🇪,2026,Male,ATHX,Overall,92 (661KG),28 (9.763KM),68 (15:35),,,,,,188
62,Paul Clancy & Nathan Kerr,ATHX DUBLIN 2026,Ireland 🇮🇪,2026,Male,ATHX,Overall,100 (640KG),33 (9.703KM),56 (15:05),,,,,,189
62,Darren Flynn & Keith Doherty,ATHX DUBLIN 2026,Ireland 🇮🇪,2026,Male,ATHX,Overall,37 (781KG),99 (9.017KM),53 (14:59),,,,,,189
64,Mark Finn & Declan Havil,ATHX DUBLIN 2026,Ireland 🇮🇪,2026,Male,ATHX,Overall,34 (793KG),95 (9.067KM),71 (15:43),,,,,,200
65,Thomas Arnold & Andrew Ascough,ATHX DUBLIN 2026,Ireland 🇮🇪,2026,Male,ATHX,Overall,64 (718KG),65 (9.356KM),74 (15:49),,,,,,203
66,Lorcan Quaid & Cevher Mete,ATHX DUBLIN 2026,Ireland 🇮🇪,2026,Male,ATHX,Overall,79 (686KG),73 (9.291KM),57 (15:06),,,,,,209
67,Jack Murray & Conor Butterly,ATHX DUBLIN 2026,Ireland 🇮🇪,2026,Male,ATHX,Overall,114 (598KG),44 (9.567KM),66 (15:31),,,,,,224
68,PJ O Leary & Ross Andreucetti,ATHX DUBLIN 2026,Ireland 🇮🇪,2026,Male,ATHX,Overall,86 (668KG),70 (9.317KM),69 (15:36),,,,,,225
69,Cathal Brannigan & Matthew McGahan,ATHX DUBLIN 2026,Ireland 🇮🇪,2026,Male,ATHX,Overall,56 (733KG),93 (9.072KM),77 (15:51),,,,,,226
70,Shane Roche & David Fitzsimons,ATHX DUBLIN 2026,Ireland 🇮🇪,2026,Male,ATHX,Overall,81 (685KG),76 (9.266KM),73 (15:47),,,,,,230
71,Peter Beirne & David Gunning,ATHX DUBLIN 2026,Ireland 🇮🇪,2026,Male,ATHX,Overall,48 (741KG),92 (9.078KM),93 (16:37),,,,,,233
72,Brian Wildes & Lee Biddulph,ATHX DUBLIN 2026,Ireland 🇮🇪,2026,Male,ATHX,Overall,75 (698KG),98 (9.025KM),61 (15:20),,,,,,234
72,Ciaran Twomey & David Twomey,ATHX DUBLIN 2026,Ireland 🇮🇪,2026,Male,ATHX,Overall,63 (721KG),82 (9.192KM),89 (16:23),,,,,,234
74,Aaron Breen & Gary Lovell,ATHX DUBLIN 2026,Ireland 🇮🇪,2026,Male,ATHX,Overall,67 (713KG),86 (9.118KM),83 (16:13),,,,,,236
75,David McWhirter & Gerard Spurgeon,ATHX DUBLIN 2026,Ireland 🇮🇪,2026,Male,ATHX,Overall,76 (696KG),100 (9.008KM),62 (15:24),,,,,,238
76,David Long & Johnathon Gray,ATHX DUBLIN 2026,Ireland 🇮🇪,2026,Male,ATHX,Overall,74 (699KG),80 (9.21KM),87 (16:20),,,,,,241
77,Colin Lovett & Mark Gillanders,ATHX DUBLIN 2026,Ireland 🇮🇪,2026,Male,ATHX,Overall,109 (610KG),57 (9.442KM),76 (15:50),,,,,,242
77,Tommy Hamill & Ryan McCormack,ATHX DUBLIN 2026,Ireland 🇮🇪,2026,Male,ATHX,Overall,90 (663KG),78 (9.221KM),74 (15:49),,,,,,242
79,Barney O'Hagan & Ryan McCulllagh,ATHX DUBLIN 2026,Ireland 🇮🇪,2026,Male,ATHX,Overall,60 (725KG),104 (8.909KM),79 (16:04),,,,,,243
79,Seamus Donaghy & Marcus Smith,ATHX DUBLIN 2026,Ireland 🇮🇪,2026,Male,ATHX,Overall,49 (740KG),122 (8.549KM),72 (15:44),,,,,,243
81,emmet Ronan & John Garde,ATHX DUBLIN 2026,Ireland 🇮🇪,2026,Male,ATHX,Overall,102 (628KG),45 (9.566KM),97 (16:51),,,,,,244
82,Michael Vesey & Matthew Dawkins,ATHX DUBLIN 2026,Ireland 🇮🇪,2026,Male,ATHX,Overall,129 (565KG),35 (9.671KM),82 (16:12),,,,,,246
83,Neil Lovell & Harvey Hill,ATHX DUBLIN 2026,Ireland 🇮🇪,2026,Male,ATHX,Overall,97 (650KG),91 (9.082KM),59 (15:15),,,,,,247
83,James Obrien & Thomas O’Brien,ATHX DUBLIN 2026,Ireland 🇮🇪,2026,Male,ATHX,Overall,108 (611KG),69 (9.321KM),70 (15:37),,,,,,247
85,Jeff McGovern & Spencer O'Connell,ATHX DUBLIN 2026,Ireland 🇮🇪,2026,Male,ATHX,Overall,131 (561KG),31 (9.732KM),86 (16:19),,,,,,248
86,Dave Sturley & Cian Murphy,ATHX DUBLIN 2026,Ireland 🇮🇪,2026,Male,ATHX,Overall,24 (805KG),124 (8.526KM),101 (17:09),,,,,,249
87,Kevin Carragher & John Fitzpatrick,ATHX DUBLIN 2026,Ireland 🇮🇪,2026,Male,ATHX,Overall,31 (798KG),90 (9.098KM),131 (20:41),,,,,,252
88,Daniel Marks & Jonathan Presho,ATHX DUBLIN 2026,Ireland 🇮🇪,2026,Male,ATHX,Overall,36 (783KG),111 (8.755KM),110 (17:33),,,,,,257
88,Gavin Rafferty & Brian Gordon,ATHX DUBLIN 2026,Ireland 🇮🇪,2026,Male,ATHX,Overall,94 (656KG),75 (9.267KM),88 (16:21),,,,,,257
90,Andy Taylor & Kevin Brennan,ATHX DUBLIN 2026,Ireland 🇮🇪,2026,Male,ATHX,Overall,83 (683KG),79 (9.219KM),96 (16:42),,,,,,258
91,Ryan Brownfield & Darren Brownfield,ATHX DUBLIN 2026,Ireland 🇮🇪,2026,Male,ATHX,Overall,24 (805KG),114 (8.647KM),123 (19:20),,,,,,261
92,Nigel Murray & VILIAM NAGY,ATHX DUBLIN 2026,Ireland 🇮🇪,2026,Male,ATHX,Overall,65 (715KG),118 (8.576KM),81 (16:08),,,,,,264
93,Luke Mccall & Gerard Kerr,ATHX DUBLIN 2026,Ireland 🇮🇪,2026,Male,ATHX,Overall,79 (686KG),106 (8.875KM),85 (16:17),,,,,,270
94,Aonghus Ó Maicín & Andrew Hitchcox,ATHX DUBLIN 2026,Ireland 🇮🇪,2026,Male,ATHX,Overall,116 (595KG),62 (9.378KM),93 (16:37),,,,,,271
94,Dominik Kaufmann & Mathias Rammerstorfer,ATHX DUBLIN 2026,Ireland 🇮🇪,2026,Male,ATHX,Overall,70 (705KG),103 (8.974KM),98 (17:00),,,,,,271
96,Andrew Murphy & Tony McMahon,ATHX DUBLIN 2026,Ireland 🇮🇪,2026,Male,ATHX,Overall,134 (538KG),47 (9.548KM),92 (16:32),,,,,,273
97,Murray McCarter & Jonathan Kinghan,ATHX DUBLIN 2026,Ireland 🇮🇪,2026,Male,ATHX,Overall,136 (528KG),25 (9.874KM),113 (17:43),,,,,,274
98,Phil Mcknight & Adam Harwood,ATHX DUBLIN 2026,Ireland 🇮🇪,2026,Male,ATHX,Overall,31 (798KG),126 (8.49KM),120 (18:52),,,,,,277
99,Declan McAlinden & Ronan Morgan,ATHX DUBLIN 2026,Ireland 🇮🇪,2026,Male,ATHX,Overall,118 (588KG),62 (9.378KM),102 (17:11),,,,,,282
100,John Begley & Hernan Presutto,ATHX DUBLIN 2026,Ireland 🇮🇪,2026,Male,ATHX,Overall,105 (623KG),87 (9.114KM),91 (16:28),,,,,,283
100,Barry Sheehan & Franco Marais,ATHX DUBLIN 2026,Ireland 🇮🇪,2026,Male,ATHX,Overall,28 (800KG),137 (8.116KM),118 (18:22),,,,,,283
102,Aaron Mccutcheon & Ben Hamilton,ATHX DUBLIN 2026,Ireland 🇮🇪,2026,Male,ATHX,Overall,68 (710KG),112 (8.719KM),104 (17:16),,,,,,284
103,Patrick O'Boyle & Sean Quinn,ATHX DUBLIN 2026,Ireland 🇮🇪,2026,Male,ATHX,Overall,128 (567KG),67 (9.329KM),90 (16:27),,,,,,285
104,Ethan Birnie & Michael Streight,ATHX DUBLIN 2026,Ireland 🇮🇪,2026,Male,ATHX,Overall,104 (625KG),85 (9.122KM),102 (17:11),,,,,,291
105,Stuart Pannell & James Cullen,ATHX DUBLIN 2026,Ireland 🇮🇪,2026,Male,ATHX,Overall,72 (700KG),113 (8.694KM),109 (17:29),,,,,,294
106,Joseph Convie & BRIAN MCBRIDE,ATHX DUBLIN 2026,Ireland 🇮🇪,2026,Male,ATHX,Overall,122 (585KG),97 (9.033KM),78 (15:54),,,,,,297
107,Stephen O’Neill & Mattie Brady,ATHX DUBLIN 2026,Ireland 🇮🇪,2026,Male,ATHX,Overall,47 (743KG),143 (5.1KM),108 (17:23),,,,,,298
107,Luke Cragg & Phillip Morton,ATHX DUBLIN 2026,Ireland 🇮🇪,2026,Male,ATHX,Overall,116 (595KG),87 (9.114KM),95 (16:39),,,,,,298
109,Colm Sharkey & Fearghal Quinn,ATHX DUBLIN 2026,Ireland 🇮🇪,2026,Male,ATHX,Overall,118 (588KG),77 (9.249KM),104 (17:16),,,,,,299
109,Emmanuel O Neal & Collins Erastus,ATHX DUBLIN 2026,Ireland 🇮🇪,2026,Male,ATHX,Overall,39 (770KG),130 (8.367KM),130 (20:19),,,,,,299
111,Eric Genoe & Shane Askin,ATHX DUBLIN 2026,Ireland 🇮🇪,2026,Male,ATHX,Overall,110 (609KG),144 (4.384KM),46 (14:40),,,,,,300
112,Sean O’Neill & Eoghan Corr,ATHX DUBLIN 2026,Ireland 🇮🇪,2026,Male,ATHX,Overall,106 (615KG),89 (9.111KM),107 (17:21),,,,,,302
113,Mark Ward & Sean Davis,ATHX DUBLIN 2026,Ireland 🇮🇪,2026,Male,ATHX,Overall,142 (493KG),81 (9.201KM),84 (16:15),,,,,,307
114,Jamie Haslam & Ryan Hughes,ATHX DUBLIN 2026,Ireland 🇮🇪,2026,Male,ATHX,Overall,90 (663KG),119 (8.57KM),100 (17:05),,,,,,309
115,Ciaran Murtagh & Richie Bradford,ATHX DUBLIN 2026,Ireland 🇮🇪,2026,Male,ATHX,Overall,58 (730KG),134 (8.289KM),124 (19:37),,,,,,316
116,Paul Hand & Kieran Mc Mahon,ATHX DUBLIN 2026,Ireland 🇮🇪,2026,Male,ATHX,Overall,137 (523KG),84 (9.147KM),99 (17:04),,,,,,320
117,Gordy Cairns & Thomas McAdoo,ATHX DUBLIN 2026,Ireland 🇮🇪,2026,Male,ATHX,Overall,103 (626KG),108 (8.809KM),113 (17:43),,,,,,324
118,Paddy Kenna & Andrew Murtagh,ATHX DUBLIN 2026,Ireland 🇮🇪,2026,Male,ATHX,Overall,86 (668KG),133 (8.294KM),106 (17:19),,,,,,325
118,Shane O' Sullivan & Patrick O'Mahony,ATHX DUBLIN 2026,Ireland 🇮🇪,2026,Male,ATHX,Overall,62 (723KG),136 (8.203KM),127 (19:52),,,,,,325
120,Joe Fouhy & Denis O Brien,ATHX DUBLIN 2026,Ireland 🇮🇪,2026,Male,ATHX,Overall,100 (640KG),115 (8.629KM),116 (17:55),,,,,,331
121,Gareth King & Peter Hoey,ATHX DUBLIN 2026,Ireland 🇮🇪,2026,Male,ATHX,Overall,93 (660KG),110 (8.76KM),132 (20:58),,,,,,335
122,Darren Soon & Dylan Soon,ATHX DUBLIN 2026,Ireland 🇮🇪,2026,Male,ATHX,Overall,135 (535KG),61 (9.398KM),141 (23:55),,,,,,337
123,Shane Farrelly & Jason Torris,ATHX DUBLIN 2026,Ireland 🇮🇪,2026,Male,ATHX,Overall,127 (568KG),101 (8.989KM),110 (17:33),,,,,,338
123,Andrew Mccullagh & Brian Lagan,ATHX DUBLIN 2026,Ireland 🇮🇪,2026,Male,ATHX,Overall,84 (680KG),125 (8.494KM),129 (20:00),,,,,,338
125,Kevin McNally & Paul Freeman,ATHX DUBLIN 2026,Ireland 🇮🇪,2026,Male,ATHX,Overall,124 (576KG),105 (8.902KM),112 (17:40),,,,,,341
126,Gerard Donaghy & Ciaran Murphy,ATHX DUBLIN 2026,Ireland 🇮🇪,2026,Male,ATHX,Overall,125 (575KG),102 (8.987KM),117 (18:14),,,,,,344
127,Kirandeep Nagra & Max Pearson,ATHX DUBLIN 2026,Ireland 🇮🇪,2026,Male,ATHX,Overall,140 (498KG),83 (9.188KM),122 (19:11),,,,,,345
128,David Moore & Michael Gissane,ATHX DUBLIN 2026,Ireland 🇮🇪,2026,Male,ATHX,Overall,97 (650KG),117 (8.598KM),134 (21:41),,,,,,348
129,Darragh O Farrell & Jason Hally,ATHX DUBLIN 2026,Ireland 🇮🇪,2026,Male,ATHX,Overall,123 (583KG),121 (8.554KM),115 (17:51),,,,,,359
129,Sean O Sullivan & Tommy Gaine,ATHX DUBLIN 2026,Ireland 🇮🇪,2026,Male,ATHX,Overall,106 (615KG),128 (8.377KM),125 (19:40),,,,,,359
131,Tom Mc Kenna & Ronan Kenny,ATHX DUBLIN 2026,Ireland 🇮🇪,2026,Male,ATHX,Overall,113 (603KG),129 (8.374KM),120 (18:52),,,,,,362
132,Neil McCusker & Dale Byers,ATHX DUBLIN 2026,Ireland 🇮🇪,2026,Male,ATHX,Overall,112 (605KG),131 (8.348KM),125 (19:40),,,,,,368
132,George Devane & Eoghan Roche,ATHX DUBLIN 2026,Ireland 🇮🇪,2026,Male,ATHX,Overall,114 (598KG),116 (8.605KM),138 (23:08),,,,,,368
134,Wingfei Chan & Danny O’Shaughnessy,ATHX DUBLIN 2026,Ireland 🇮🇪,2026,Male,ATHX,Overall,133 (550KG),119 (8.57KM),119 (18:27),,,,,,371
135,Shane Quinn & Kieran Doherty,ATHX DUBLIN 2026,Ireland 🇮🇪,2026,Male,ATHX,Overall,132 (551KG),123 (8.535KM),128 (19:55),,,,,,383
136,Shane Feeney & Damian Eannetta,ATHX DUBLIN 2026,Ireland 🇮🇪,2026,Male,ATHX,Overall,144 (465KG),107 (8.811KM),142 (24:15),,,,,,393
137,Paddy Casey & Kieran O'Shea,ATHX DUBLIN 2026,Ireland 🇮🇪,2026,Male,ATHX,Overall,121 (586KG),139 (7.967KM),135 (22:10),,,,,,395
137,Daniel Good & Mark Good,ATHX DUBLIN 2026,Ireland 🇮🇪,2026,Male,ATHX,Overall,118 (588KG),138 (8.037KM),139 (23:45),,,,,,395
139,Draven Wright Lee & Andy Gavin,ATHX DUBLIN 2026,Ireland 🇮🇪,2026,Male,ATHX,Overall,125 (575KG),140 (7.876KM),136 (22:31),,,,,,401
140,Conor Bridgeman & David Reddy,ATHX DUBLIN 2026,Ireland 🇮🇪,2026,Male,ATHX,Overall,139 (500KG),127 (8.382KM),137 (22:41),,,,,,403
141,Liam Smith & Joseph Thomas,ATHX DUBLIN 2026,Ireland 🇮🇪,2026,Male,ATHX,Overall,129 (565KG),135 (8.229KM),140 (23:52),,,,,,404
142,Martin Roberts & Conrad Dillon,ATHX DUBLIN 2026,Ireland 🇮🇪,2026,Male,ATHX,Overall,143 (480KG),132 (8.309KM),133 (21:13),,,,,,408
143,Valerii Cherna & Andrew Lavery,ATHX DUBLIN 2026,Ireland 🇮🇪,2026,Male,ATHX,Overall,138 (515KG),142 (6.98KM),143 (25:27),,,,,,423
144,Anthony Murphy & Ciaran O Callaghan,ATHX DUBLIN 2026,Ireland 🇮🇪,2026,Male,ATHX,Overall,141 (495KG),141 (7.238KM),144 (25:40),,,,,,426
1,Michael Graham & Alan Mahon,ATHX DUBLIN 2026,Ireland 🇮🇪,2026,Male,ATHX,Endurance,,,,,,,4.982KM,5.874KM,1
2,Pete Slevin & Conor Bayne,ATHX DUBLIN 2026,Ireland 🇮🇪,2026,Male,ATHX,Endurance,,,,,,,5.065KM,5.525KM,2
3,Kallum Radley & Connor Coyle,ATHX DUBLIN 2026,Ireland 🇮🇪,2026,Male,ATHX,Endurance,,,,,,,4.655KM,5.803KM,3
4,Cian Brennan & Adam Brennan,ATHX DUBLIN 2026,Ireland 🇮🇪,2026,Male,ATHX,Endurance,,,,,,,5.294KM,5.095KM,4
5,Stefan O'Neill & Connor Smyth,ATHX DUBLIN 2026,Ireland 🇮🇪,2026,Male,ATHX,Endurance,,,,,,,4.283KM,6.098KM,5
6,Shane McKenna & Paul Rushe,ATHX DUBLIN 2026,Ireland 🇮🇪,2026,Male,ATHX,Endurance,,,,,,,4.601KM,5.771KM,6
7,James Case & Ross Comfort,ATHX DUBLIN 2026,Ireland 🇮🇪,2026,Male,ATHX,Endurance,,,,,,,4.5KM,5.823KM,7
8,John Belton & Andrew Kenny,ATHX DUBLIN 2026,Ireland 🇮🇪,2026,Male,ATHX,Endurance,,,,,,,4.6KM,5.653KM,8
9,Sean Fitzpatrick & Bobby Barber,ATHX DUBLIN 2026,Ireland 🇮🇪,2026,Male,ATHX,Endurance,,,,,,,4.5KM,5.739KM,9
10,Ben Wiffen & James Carleton,ATHX DUBLIN 2026,Ireland 🇮🇪,2026,Male,ATHX,Endurance,,,,,,,4.383KM,5.847KM,10
11,Mark Hanratty & Christopher Crowley,ATHX DUBLIN 2026,Ireland 🇮🇪,2026,Male,ATHX,Endurance,,,,,,,4.45KM,5.743KM,11
12,Nathan Lewis & Mark Aston,ATHX DUBLIN 2026,Ireland 🇮🇪,2026,Male,ATHX,Endurance,,,,,,,4.299KM,5.888KM,12
13,Eoin Mcmanamon & domhnall hyland,ATHX DUBLIN 2026,Ireland 🇮🇪,2026,Male,ATHX,Endurance,,,,,,,4.452KM,5.717KM,13
14,Jack Chen & Jack Flynn,ATHX DUBLIN 2026,Ireland 🇮🇪,2026,Male,ATHX,Endurance,,,,,,,4.803KM,5.306KM,14
15,josu garcia & Luis Alberto Delgado Buskens,ATHX DUBLIN 2026,Ireland 🇮🇪,2026,Male,ATHX,Endurance,,,,,,,4.328KM,5.747KM,15
16,Josh Milligan & Adam McGivern,ATHX DUBLIN 2026,Ireland 🇮🇪,2026,Male,ATHX,Endurance,,,,,,,4.368KM,5.678KM,16
17,Ronan Mccabe & Raymond McBennett,ATHX DUBLIN 2026,Ireland 🇮🇪,2026,Male,ATHX,Endurance,,,,,,,4.597KM,5.444KM,17
18,Shane Campbell & Padhraic McCarthy,ATHX DUBLIN 2026,Ireland 🇮🇪,2026,Male,ATHX,Endurance,,,,,,,4.474KM,5.549KM,18
19,Scott O grady & Fionn Nolan,ATHX DUBLIN 2026,Ireland 🇮🇪,2026,Male,ATHX,Endurance,,,,,,,4.46KM,5.533KM,19
20,Kevin Molloy & Andrew Hageman,ATHX DUBLIN 2026,Ireland 🇮🇪,2026,Male,ATHX,Endurance,,,,,,,4.556KM,5.435KM,20
21,Ben Magill & Aodhan Gervin,ATHX DUBLIN 2026,Ireland 🇮🇪,2026,Male,ATHX,Endurance,,,,,,,4.609KM,5.358KM,21
22,Ciaran Gallagher & Anto Allsopp,ATHX DUBLIN 2026,Ireland 🇮🇪,2026,Male,ATHX,Endurance,,,,,,,4.307KM,5.648KM,22
23,Aidan Rundel Muller & John Hallissey,ATHX DUBLIN 2026,Ireland 🇮🇪,2026,Male,ATHX,Endurance,,,,,,,4.964KM,4.973KM,23
24,Cory Tipping & Greg Ramsay,ATHX DUBLIN 2026,Ireland 🇮🇪,2026,Male,ATHX,Endurance,,,,,,,4.287KM,5.59KM,24
25,Murray McCarter & Jonathan Kinghan,ATHX DUBLIN 2026,Ireland 🇮🇪,2026,Male,ATHX,Endurance,,,,,,,4.317KM,5.557KM,25
26,Eamonn clarke & Nathan Clarke,ATHX DUBLIN 2026,Ireland 🇮🇪,2026,Male,ATHX,Endurance,,,,,,,4.181KM,5.596KM,26
27,Jonny McKeown & Mark Buchanan,ATHX DUBLIN 2026,Ireland 🇮🇪,2026,Male,ATHX,Endurance,,,,,,,4.25KM,5.519KM,27
28,Andrew Davis & Paul Mannus,ATHX DUBLIN 2026,Ireland 🇮🇪,2026,Male,ATHX,Endurance,,,,,,,4.338KM,5.425KM,28
29,Matt Newburn & Gareth Quinn,ATHX DUBLIN 2026,Ireland 🇮🇪,2026,Male,ATHX,Endurance,,,,,,,4.341KM,5.393KM,29
30,Markus Koch & Reinis Janovskis,ATHX DUBLIN 2026,Ireland 🇮🇪,2026,Male,ATHX,Endurance,,,,,,,3.943KM,5.79KM,30
31,Jeff McGovern & Spencer O'Connell,ATHX DUBLIN 2026,Ireland 🇮🇪,2026,Male,ATHX,Endurance,,,,,,,4.505KM,5.227KM,31
32,Jamie Kirk & Ryan Millar,ATHX DUBLIN 2026,Ireland 🇮🇪,2026,Male,ATHX,Endurance,,,,,,,4.358KM,5.358KM,32
33,Paul Clancy & Nathan Kerr,ATHX DUBLIN 2026,Ireland 🇮🇪,2026,Male,ATHX,Endurance,,,,,,,4.229KM,5.474KM,33
34,Sam Mcdowell & Ross Evans,ATHX DUBLIN 2026,Ireland 🇮🇪,2026,Male,ATHX,Endurance,,,,,,,4.013KM,5.665KM,34
35,Michael Vesey & Matthew Dawkins,ATHX DUBLIN 2026,Ireland 🇮🇪,2026,Male,ATHX,Endurance,,,,,,,4.388KM,5.283KM,35
36,Jihad Watt & Marcus Lowe,ATHX DUBLIN 2026,Ireland 🇮🇪,2026,Male,ATHX,Endurance,,,,,,,4.576KM,5.093KM,36
37,Matthew Graham & Andy Mcilveen,ATHX DUBLIN 2026,Ireland 🇮🇪,2026,Male,ATHX,Endurance,,,,,,,4.222KM,5.418KM,37
38,Malcolm Allister & James McMahon,ATHX DUBLIN 2026,Ireland 🇮🇪,2026,Male,ATHX,Endurance,,,,,,,4.118KM,5.509KM,38
39,Ciaran McCabe & Alex Hughes,ATHX DUBLIN 2026,Ireland 🇮🇪,2026,Male,ATHX,Endurance,,,,,,,4.349KM,5.271KM,39
40,Josh Acton & Oran Smith,ATHX DUBLIN 2026,Ireland 🇮🇪,2026,Male,ATHX,Endurance,,,,,,,4.134KM,5.477KM,40
41,Camilo Pinzón & Mikel mikel.a.esparza@gmail.com,ATHX DUBLIN 2026,Ireland 🇮🇪,2026,Male,ATHX,Endurance,,,,,,,4.188KM,5.405KM,41
42,Niall Askin & Ben Sherry,ATHX DUBLIN 2026,Ireland 🇮🇪,2026,Male,ATHX,Endurance,,,,,,,4.219KM,5.359KM,42
43,Joshua O’Neill & Conor Day,ATHX DUBLIN 2026,Ireland 🇮🇪,2026,Male,ATHX,Endurance,,,,,,,4.293KM,5.278KM,43
44,Jack Murray & Conor Butterly,ATHX DUBLIN 2026,Ireland 🇮🇪,2026,Male,ATHX,Endurance,,,,,,,4.102KM,5.465KM,44
45,emmet Ronan & John Garde,ATHX DUBLIN 2026,Ireland 🇮🇪,2026,Male,ATHX,Endurance,,,,,,,4.257KM,5.309KM,45
46,MARC DOWNEY & Brian Mcauley,ATHX DUBLIN 2026,Ireland 🇮🇪,2026,Male,ATHX,Endurance,,,,,,,4.083KM,5.476KM,46
47,Andrew Murphy & Tony McMahon,ATHX DUBLIN 2026,Ireland 🇮🇪,2026,Male,ATHX,Endurance,,,,,,,4.323KM,5.225KM,47
48,Darren Keogh & MARK KELLY,ATHX DUBLIN 2026,Ireland 🇮🇪,2026,Male,ATHX,Endurance,,,,,,,3.715KM,5.825KM,48
49,Brendan Murchan & Cillin Smyth,ATHX DUBLIN 2026,Ireland 🇮🇪,2026,Male,ATHX,Endurance,,,,,,,3.75KM,5.763KM,49
50,John Hunter & Danny Magill,ATHX DUBLIN 2026,Ireland 🇮🇪,2026,Male,ATHX,Endurance,,,,,,,3.88KM,5.629KM,50
51,Darren McNeilly & Matthew Logan,ATHX DUBLIN 2026,Ireland 🇮🇪,2026,Male,ATHX,Endurance,,,,,,,3.82KM,5.681KM,51
52,Sacha Harding & Ben Pitt,ATHX DUBLIN 2026,Ireland 🇮🇪,2026,Male,ATHX,Endurance,,,,,,,4.137KM,5.354KM,52
53,Conleth Totten & Dan Burnett,ATHX DUBLIN 2026,Ireland 🇮🇪,2026,Male,ATHX,Endurance,,,,,,,4.003KM,5.484KM,53
54,Jordan Lloyd-Richards & Zak Aitchison,ATHX DUBLIN 2026,Ireland 🇮🇪,2026,Male,ATHX,Endurance,,,,,,,4.268KM,5.215KM,54
55,Gerard Woods & Andrew Bonis,ATHX DUBLIN 2026,Ireland 🇮🇪,2026,Male,ATHX,Endurance,,,,,,,4.122KM,5.36KM,55
56,Laurynas Binderis & James McCormack,ATHX DUBLIN 2026,Ireland 🇮🇪,2026,Male,ATHX,Endurance,,,,,,,4.031KM,5.449KM,56
57,Colin Lovett & Mark Gillanders,ATHX DUBLIN 2026,Ireland 🇮🇪,2026,Male,ATHX,Endurance,,,,,,,4.066KM,5.376KM,57
58,Pearse McNerney & Sean McCafferty,ATHX DUBLIN 2026,Ireland 🇮🇪,2026,Male,ATHX,Endurance,,,,,,,4.174KM,5.266KM,58
59,Mark McQuade & Ethan Mc Clintock,ATHX DUBLIN 2026,Ireland 🇮🇪,2026,Male,ATHX,Endurance,,,,,,,4.039KM,5.382KM,59
60,Matthew Nyack & Michael Mullen,ATHX DUBLIN 2026,Ireland 🇮🇪,2026,Male,ATHX,Endurance,,,,,,,3.954KM,5.454KM,60
61,Darren Soon & Dylan Soon,ATHX DUBLIN 2026,Ireland 🇮🇪,2026,Male,ATHX,Endurance,,,,,,,4.314KM,5.084KM,61
62,Aonghus Ó Maicín & Andrew Hitchcox,ATHX DUBLIN 2026,Ireland 🇮🇪,2026,Male,ATHX,Endurance,,,,,,,3.75KM,5.628KM,62
62,Declan McAlinden & Ronan Morgan,ATHX DUBLIN 2026,Ireland 🇮🇪,2026,Male,ATHX,Endurance,,,,,,,4.5KM,4.878KM,62
64,Rainer Diendorfer & Elias Freilinger,ATHX DUBLIN 2026,Ireland 🇮🇪,2026,Male,ATHX,Endurance,,,,,,,3.75KM,5.615KM,64
65,Thomas Arnold & Andrew Ascough,ATHX DUBLIN 2026,Ireland 🇮🇪,2026,Male,ATHX,Endurance,,,,,,,4.04KM,5.316KM,65
66,NIALL MACKIN & Brendan Marry,ATHX DUBLIN 2026,Ireland 🇮🇪,2026,Male,ATHX,Endurance,,,,,,,3.873KM,5.479KM,66
67,Patrick O'Boyle & Sean Quinn,ATHX DUBLIN 2026,Ireland 🇮🇪,2026,Male,ATHX,Endurance,,,,,,,4.11KM,5.219KM,67
68,Larry Doyle & Zitian Xiang,ATHX DUBLIN 2026,Ireland 🇮🇪,2026,Male,ATHX,Endurance,,,,,,,3.888KM,5.437KM,68
69,James Obrien & Thomas O’Brien,ATHX DUBLIN 2026,Ireland 🇮🇪,2026,Male,ATHX,Endurance,,,,,,,4.185KM,5.136KM,69
70,PJ O Leary & Ross Andreucetti,ATHX DUBLIN 2026,Ireland 🇮🇪,2026,Male,ATHX,Endurance,,,,,,,4.111KM,5.206KM,70
71,Clifford McElroy & Sam Wilson,ATHX DUBLIN 2026,Ireland 🇮🇪,2026,Male,ATHX,Endurance,,,,,,,3.862KM,5.448KM,71
72,JP Rooney & Cathal Downey,ATHX DUBLIN 2026,Ireland 🇮🇪,2026,Male,ATHX,Endurance,,,,,,,3.816KM,5.491KM,72
73,Lorcan Quaid & Cevher Mete,ATHX DUBLIN 2026,Ireland 🇮🇪,2026,Male,ATHX,Endurance,,,,,,,3.734KM,5.557KM,73
74,Jeff Hopkins & Wojtek Kaluza,ATHX DUBLIN 2026,Ireland 🇮🇪,2026,Male,ATHX,Endurance,,,,,,,3.75KM,5.526KM,74
75,Gavin Rafferty & Brian Gordon,ATHX DUBLIN 2026,Ireland 🇮🇪,2026,Male,ATHX,Endurance,,,,,,,4.473KM,4.794KM,75
76,Shane Roche & David Fitzsimons,ATHX DUBLIN 2026,Ireland 🇮🇪,2026,Male,ATHX,Endurance,,,,,,,4.289KM,4.977KM,76
77,Colm Sharkey & Fearghal Quinn,ATHX DUBLIN 2026,Ireland 🇮🇪,2026,Male,ATHX,Endurance,,,,,,,4.245KM,5.004KM,77
78,Tommy Hamill & Ryan McCormack,ATHX DUBLIN 2026,Ireland 🇮🇪,2026,Male,ATHX,Endurance,,,,,,,3.839KM,5.382KM,78
79,Andy Taylor & Kevin Brennan,ATHX DUBLIN 2026,Ireland 🇮🇪,2026,Male,ATHX,Endurance,,,,,,,3.707KM,5.512KM,79
80,David Long & Johnathon Gray,ATHX DUBLIN 2026,Ireland 🇮🇪,2026,Male,ATHX,Endurance,,,,,,,3.75KM,5.46KM,80
81,Mark Ward & Sean Davis,ATHX DUBLIN 2026,Ireland 🇮🇪,2026,Male,ATHX,Endurance,,,,,,,4.221KM,4.98KM,81
82,Ciaran Twomey & David Twomey,ATHX DUBLIN 2026,Ireland 🇮🇪,2026,Male,ATHX,Endurance,,,,,,,4.26KM,4.932KM,82
83,Kirandeep Nagra & Max Pearson,ATHX DUBLIN 2026,Ireland 🇮🇪,2026,Male,ATHX,Endurance,,,,,,,4.16KM,5.028KM,83
84,Paul Hand & Kieran Mc Mahon,ATHX DUBLIN 2026,Ireland 🇮🇪,2026,Male,ATHX,Endurance,,,,,,,3.965KM,5.182KM,84
85,Ethan Birnie & Michael Streight,ATHX DUBLIN 2026,Ireland 🇮🇪,2026,Male,ATHX,Endurance,,,,,,,3.836KM,5.286KM,85
86,Aaron Breen & Gary Lovell,ATHX DUBLIN 2026,Ireland 🇮🇪,2026,Male,ATHX,Endurance,,,,,,,3.554KM,5.564KM,86
87,John Begley & Hernan Presutto,ATHX DUBLIN 2026,Ireland 🇮🇪,2026,Male,ATHX,Endurance,,,,,,,3.835KM,5.279KM,87
87,Luke Cragg & Phillip Morton,ATHX DUBLIN 2026,Ireland 🇮🇪,2026,Male,ATHX,Endurance,,,,,,,3.783KM,5.331KM,87
89,Sean O’Neill & Eoghan Corr,ATHX DUBLIN 2026,Ireland 🇮🇪,2026,Male,ATHX,Endurance,,,,,,,3.912KM,5.199KM,89
90,Kevin Carragher & John Fitzpatrick,ATHX DUBLIN 2026,Ireland 🇮🇪,2026,Male,ATHX,Endurance,,,,,,,3.696KM,5.402KM,90
91,Neil Lovell & Harvey Hill,ATHX DUBLIN 2026,Ireland 🇮🇪,2026,Male,ATHX,Endurance,,,,,,,3.806KM,5.276KM,91
92,Peter Beirne & David Gunning,ATHX DUBLIN 2026,Ireland 🇮🇪,2026,Male,ATHX,Endurance,,,,,,,3.706KM,5.372KM,92
93,Cathal Brannigan & Matthew McGahan,ATHX DUBLIN 2026,Ireland 🇮🇪,2026,Male,ATHX,Endurance,,,,,,,4.083KM,4.989KM,93
94,philip orr & Tom Craig,ATHX DUBLIN 2026,Ireland 🇮🇪,2026,Male,ATHX,Endurance,,,,,,,3.635KM,5.434KM,94
95,Mark Finn & Declan Havil,ATHX DUBLIN 2026,Ireland 🇮🇪,2026,Male,ATHX,Endurance,,,,,,,3.75KM,5.317KM,95
96,Mark timms & Jason Lewis,ATHX DUBLIN 2026,Ireland 🇮🇪,2026,Male,ATHX,Endurance,,,,,,,3.915KM,5.119KM,96
97,Joseph Convie & BRIAN MCBRIDE,ATHX DUBLIN 2026,Ireland 🇮🇪,2026,Male,ATHX,Endurance,,,,,,,4.037KM,4.996KM,97
98,Brian Wildes & Lee Biddulph,ATHX DUBLIN 2026,Ireland 🇮🇪,2026,Male,ATHX,Endurance,,,,,,,3.75KM,5.275KM,98
99,Darren Flynn & Keith Doherty,ATHX DUBLIN 2026,Ireland 🇮🇪,2026,Male,ATHX,Endurance,,,,,,,3.846KM,5.171KM,99
100,David McWhirter & Gerard Spurgeon,ATHX DUBLIN 2026,Ireland 🇮🇪,2026,Male,ATHX,Endurance,,,,,,,3.898KM,5.11KM,100
101,Shane Farrelly & Jason Torris,ATHX DUBLIN 2026,Ireland 🇮🇪,2026,Male,ATHX,Endurance,,,,,,,4.038KM,4.951KM,101
102,Gerard Donaghy & Ciaran Murphy,ATHX DUBLIN 2026,Ireland 🇮🇪,2026,Male,ATHX,Endurance,,,,,,,4.119KM,4.868KM,102
103,Dominik Kaufmann & Mathias Rammerstorfer,ATHX DUBLIN 2026,Ireland 🇮🇪,2026,Male,ATHX,Endurance,,,,,,,3.666KM,5.308KM,103
104,Barney O'Hagan & Ryan McCulllagh,ATHX DUBLIN 2026,Ireland 🇮🇪,2026,Male,ATHX,Endurance,,,,,,,3.604KM,5.305KM,104
105,Kevin McNally & Paul Freeman,ATHX DUBLIN 2026,Ireland 🇮🇪,2026,Male,ATHX,Endurance,,,,,,,3.972KM,4.93KM,105
106,Luke Mccall & Gerard Kerr,ATHX DUBLIN 2026,Ireland 🇮🇪,2026,Male,ATHX,Endurance,,,,,,,4KM,4.875KM,106
107,Shane Feeney & Damian Eannetta,ATHX DUBLIN 2026,Ireland 🇮🇪,2026,Male,ATHX,Endurance,,,,,,,4.06KM,4.751KM,107
108,Gordy Cairns & Thomas McAdoo,ATHX DUBLIN 2026,Ireland 🇮🇪,2026,Male,ATHX,Endurance,,,,,,,3.633KM,5.176KM,108
109,David Chambers & David whann,ATHX DUBLIN 2026,Ireland 🇮🇪,2026,Male,ATHX,Endurance,,,,,,,3.453KM,5.343KM,109
110,Gareth King & Peter Hoey,ATHX DUBLIN 2026,Ireland 🇮🇪,2026,Male,ATHX,Endurance,,,,,,,3.827KM,4.933KM,110
111,Daniel Marks & Jonathan Presho,ATHX DUBLIN 2026,Ireland 🇮🇪,2026,Male,ATHX,Endurance,,,,,,,3.566KM,5.189KM,111
112,Aaron Mccutcheon & Ben Hamilton,ATHX DUBLIN 2026,Ireland 🇮🇪,2026,Male,ATHX,Endurance,,,,,,,3.245KM,5.474KM,112
113,Stuart Pannell & James Cullen,ATHX DUBLIN 2026,Ireland 🇮🇪,2026,Male,ATHX,Endurance,,,,,,,4.185KM,4.509KM,113
114,Ryan Brownfield & Darren Brownfield,ATHX DUBLIN 2026,Ireland 🇮🇪,2026,Male,ATHX,Endurance,,,,,,,3.6KM,5.047KM,114
115,Joe Fouhy & Denis O Brien,ATHX DUBLIN 2026,Ireland 🇮🇪,2026,Male,ATHX,Endurance,,,,,,,3.75KM,4.879KM,115
116,George Devane & Eoghan Roche,ATHX DUBLIN 2026,Ireland 🇮🇪,2026,Male,ATHX,Endurance,,,,,,,3.652KM,4.953KM,116
117,David Moore & Michael Gissane,ATHX DUBLIN 2026,Ireland 🇮🇪,2026,Male,ATHX,Endurance,,,,,,,3.75KM,4.848KM,117
118,Nigel Murray & VILIAM NAGY,ATHX DUBLIN 2026,Ireland 🇮🇪,2026,Male,ATHX,Endurance,,,,,,,3.581KM,4.995KM,118
119,Jamie Haslam & Ryan Hughes,ATHX DUBLIN 2026,Ireland 🇮🇪,2026,Male,ATHX,Endurance,,,,,,,3.536KM,5.034KM,119
119,Wingfei Chan & Danny O’Shaughnessy,ATHX DUBLIN 2026,Ireland 🇮🇪,2026,Male,ATHX,Endurance,,,,,,,3.75KM,4.82KM,119
121,Darragh O Farrell & Jason Hally,ATHX DUBLIN 2026,Ireland 🇮🇪,2026,Male,ATHX,Endurance,,,,,,,3.75KM,4.804KM,121
122,Seamus Donaghy & Marcus Smith,ATHX DUBLIN 2026,Ireland 🇮🇪,2026,Male,ATHX,Endurance,,,,,,,3.68KM,4.869KM,122
123,Shane Quinn & Kieran Doherty,ATHX DUBLIN 2026,Ireland 🇮🇪,2026,Male,ATHX,Endurance,,,,,,,4.059KM,4.476KM,123
124,Dave Sturley & Cian Murphy,ATHX DUBLIN 2026,Ireland 🇮🇪,2026,Male,ATHX,Endurance,,,,,,,3.566KM,4.96KM,124
125,Andrew Mccullagh & Brian Lagan,ATHX DUBLIN 2026,Ireland 🇮🇪,2026,Male,ATHX,Endurance,,,,,,,3.728KM,4.766KM,125
126,Phil Mcknight & Adam Harwood,ATHX DUBLIN 2026,Ireland 🇮🇪,2026,Male,ATHX,Endurance,,,,,,,3.742KM,4.748KM,126
127,Conor Bridgeman & David Reddy,ATHX DUBLIN 2026,Ireland 🇮🇪,2026,Male,ATHX,Endurance,,,,,,,3.341KM,5.041KM,127
128,Sean O Sullivan & Tommy Gaine,ATHX DUBLIN 2026,Ireland 🇮🇪,2026,Male,ATHX,Endurance,,,,,,,3.564KM,4.813KM,128
129,Tom Mc Kenna & Ronan Kenny,ATHX DUBLIN 2026,Ireland 🇮🇪,2026,Male,ATHX,Endurance,,,,,,,3.581KM,4.793KM,129
130,Emmanuel O Neal & Collins Erastus,ATHX DUBLIN 2026,Ireland 🇮🇪,2026,Male,ATHX,Endurance,,,,,,,3.503KM,4.864KM,130
131,Neil McCusker & Dale Byers,ATHX DUBLIN 2026,Ireland 🇮🇪,2026,Male,ATHX,Endurance,,,,,,,3.73KM,4.618KM,131
132,Martin Roberts & Conrad Dillon,ATHX DUBLIN 2026,Ireland 🇮🇪,2026,Male,ATHX,Endurance,,,,,,,3.75KM,4.559KM,132
133,Paddy Kenna & Andrew Murtagh,ATHX DUBLIN 2026,Ireland 🇮🇪,2026,Male,ATHX,Endurance,,,,,,,3.586KM,4.708KM,133
134,Ciaran Murtagh & Richie Bradford,ATHX DUBLIN 2026,Ireland 🇮🇪,2026,Male,ATHX,Endurance,,,,,,,3.604KM,4.685KM,134
135,Liam Smith & Joseph Thomas,ATHX DUBLIN 2026,Ireland 🇮🇪,2026,Male,ATHX,Endurance,,,,,,,3.331KM,4.898KM,135
136,Shane O' Sullivan & Patrick O'Mahony,ATHX DUBLIN 2026,Ireland 🇮🇪,2026,Male,ATHX,Endurance,,,,,,,3.472KM,4.731KM,136
137,Barry Sheehan & Franco Marais,ATHX DUBLIN 2026,Ireland 🇮🇪,2026,Male,ATHX,Endurance,,,,,,,3KM,5.116KM,137
138,Daniel Good & Mark Good,ATHX DUBLIN 2026,Ireland 🇮🇪,2026,Male,ATHX,Endurance,,,,,,,3.219KM,4.818KM,138
139,Paddy Casey & Kieran O'Shea,ATHX DUBLIN 2026,Ireland 🇮🇪,2026,Male,ATHX,Endurance,,,,,,,3.271KM,4.696KM,139
140,Draven Wright Lee & Andy Gavin,ATHX DUBLIN 2026,Ireland 🇮🇪,2026,Male,ATHX,Endurance,,,,,,,3.319KM,4.557KM,140
141,Anthony Murphy & Ciaran O Callaghan,ATHX DUBLIN 2026,Ireland 🇮🇪,2026,Male,ATHX,Endurance,,,,,,,2.618KM,4.62KM,141
142,Valerii Cherna & Andrew Lavery,ATHX DUBLIN 2026,Ireland 🇮🇪,2026,Male,ATHX,Endurance,,,,,,,3.05KM,3.93KM,142
143,Stephen O’Neill & Mattie Brady,ATHX DUBLIN 2026,Ireland 🇮🇪,2026,Male,ATHX,Endurance,,,,,,,0.001KM,5.099KM,143
144,Eric Genoe & Shane Askin,ATHX DUBLIN 2026,Ireland 🇮🇪,2026,Male,ATHX,Endurance,,,,,,,1.94KM,2.444KM,144
1,Jihad Watt & Marcus Lowe,ATHX DUBLIN 2026,Ireland 🇮🇪,2026,Male,ATHX,MetCon X,,,11:41,,,,,,1
2,Stefan O'Neill & Connor Smyth,ATHX DUBLIN 2026,Ireland 🇮🇪,2026,Male,ATHX,MetCon X,,,11:56,,,,,,2
3,James Case & Ross Comfort,ATHX DUBLIN 2026,Ireland 🇮🇪,2026,Male,ATHX,MetCon X,,,12:24,,,,,,3
3,Eoin Mcmanamon & domhnall hyland,ATHX DUBLIN 2026,Ireland 🇮🇪,2026,Male,ATHX,MetCon X,,,12:24,,,,,,3
5,Michael Graham & Alan Mahon,ATHX DUBLIN 2026,Ireland 🇮🇪,2026,Male,ATHX,MetCon X,,,12:26,,,,,,5
5,MARC DOWNEY & Brian Mcauley,ATHX DUBLIN 2026,Ireland 🇮🇪,2026,Male,ATHX,MetCon X,,,12:26,,,,,,5
7,Ben Wiffen & James Carleton,ATHX DUBLIN 2026,Ireland 🇮🇪,2026,Male,ATHX,MetCon X,,,12:27,,,,,,7
8,Cory Tipping & Greg Ramsay,ATHX DUBLIN 2026,Ireland 🇮🇪,2026,Male,ATHX,MetCon X,,,12:28,,,,,,8
8,Pete Slevin & Conor Bayne,ATHX DUBLIN 2026,Ireland 🇮🇪,2026,Male,ATHX,MetCon X,,,12:28,,,,,,8
10,John Belton & Andrew Kenny,ATHX DUBLIN 2026,Ireland 🇮🇪,2026,Male,ATHX,MetCon X,,,12:29,,,,,,10
11,Kallum Radley & Connor Coyle,ATHX DUBLIN 2026,Ireland 🇮🇪,2026,Male,ATHX,MetCon X,,,12:34,,,,,,11
12,Ciaran Gallagher & Anto Allsopp,ATHX DUBLIN 2026,Ireland 🇮🇪,2026,Male,ATHX,MetCon X,,,12:35,,,,,,12
13,Scott O grady & Fionn Nolan,ATHX DUBLIN 2026,Ireland 🇮🇪,2026,Male,ATHX,MetCon X,,,12:41,,,,,,13
14,Jack Chen & Jack Flynn,ATHX DUBLIN 2026,Ireland 🇮🇪,2026,Male,ATHX,MetCon X,,,12:46,,,,,,14
14,Sacha Harding & Ben Pitt,ATHX DUBLIN 2026,Ireland 🇮🇪,2026,Male,ATHX,MetCon X,,,12:46,,,,,,14
16,Shane McKenna & Paul Rushe,ATHX DUBLIN 2026,Ireland 🇮🇪,2026,Male,ATHX,MetCon X,,,12:56,,,,,,16
17,Josh Milligan & Adam McGivern,ATHX DUBLIN 2026,Ireland 🇮🇪,2026,Male,ATHX,MetCon X,,,13:05,,,,,,17
18,Cian Brennan & Adam Brennan,ATHX DUBLIN 2026,Ireland 🇮🇪,2026,Male,ATHX,MetCon X,,,13:08,,,,,,18
19,NIALL MACKIN & Brendan Marry,ATHX DUBLIN 2026,Ireland 🇮🇪,2026,Male,ATHX,MetCon X,,,13:12,,,,,,19
20,Larry Doyle & Zitian Xiang,ATHX DUBLIN 2026,Ireland 🇮🇪,2026,Male,ATHX,MetCon X,,,13:18,,,,,,20
21,Kevin Molloy & Andrew Hageman,ATHX DUBLIN 2026,Ireland 🇮🇪,2026,Male,ATHX,MetCon X,,,13:20,,,,,,21
22,Sean Fitzpatrick & Bobby Barber,ATHX DUBLIN 2026,Ireland 🇮🇪,2026,Male,ATHX,MetCon X,,,13:24,,,,,,22
23,Darren Keogh & MARK KELLY,ATHX DUBLIN 2026,Ireland 🇮🇪,2026,Male,ATHX,MetCon X,,,13:28,,,,,,23
24,Matthew Graham & Andy Mcilveen,ATHX DUBLIN 2026,Ireland 🇮🇪,2026,Male,ATHX,MetCon X,,,13:29,,,,,,24
24,Shane Campbell & Padhraic McCarthy,ATHX DUBLIN 2026,Ireland 🇮🇪,2026,Male,ATHX,MetCon X,,,13:29,,,,,,24
26,Clifford McElroy & Sam Wilson,ATHX DUBLIN 2026,Ireland 🇮🇪,2026,Male,ATHX,MetCon X,,,13:32,,,,,,26
27,Malcolm Allister & James McMahon,ATHX DUBLIN 2026,Ireland 🇮🇪,2026,Male,ATHX,MetCon X,,,13:37,,,,,,27
28,Eamonn clarke & Nathan Clarke,ATHX DUBLIN 2026,Ireland 🇮🇪,2026,Male,ATHX,MetCon X,,,13:40,,,,,,28
29,Matthew Nyack & Michael Mullen,ATHX DUBLIN 2026,Ireland 🇮🇪,2026,Male,ATHX,MetCon X,,,13:41,,,,,,29
29,Darren McNeilly & Matthew Logan,ATHX DUBLIN 2026,Ireland 🇮🇪,2026,Male,ATHX,MetCon X,,,13:41,,,,,,29
31,Jonny McKeown & Mark Buchanan,ATHX DUBLIN 2026,Ireland 🇮🇪,2026,Male,ATHX,MetCon X,,,13:45,,,,,,31
32,JP Rooney & Cathal Downey,ATHX DUBLIN 2026,Ireland 🇮🇪,2026,Male,ATHX,MetCon X,,,13:47,,,,,,32
32,josu garcia & Luis Alberto Delgado Buskens,ATHX DUBLIN 2026,Ireland 🇮🇪,2026,Male,ATHX,MetCon X,,,13:47,,,,,,32
32,Camilo Pinzón & Mikel mikel.a.esparza@gmail.com,ATHX DUBLIN 2026,Ireland 🇮🇪,2026,Male,ATHX,MetCon X,,,13:47,,,,,,32
35,Mark Hanratty & Christopher Crowley,ATHX DUBLIN 2026,Ireland 🇮🇪,2026,Male,ATHX,MetCon X,,,13:49,,,,,,35
36,Jeff Hopkins & Wojtek Kaluza,ATHX DUBLIN 2026,Ireland 🇮🇪,2026,Male,ATHX,MetCon X,,,13:54,,,,,,36
37,Niall Askin & Ben Sherry,ATHX DUBLIN 2026,Ireland 🇮🇪,2026,Male,ATHX,MetCon X,,,14:14,,,,,,37
38,Sam Mcdowell & Ross Evans,ATHX DUBLIN 2026,Ireland 🇮🇪,2026,Male,ATHX,MetCon X,,,14:16,,,,,,38
39,Conleth Totten & Dan Burnett,ATHX DUBLIN 2026,Ireland 🇮🇪,2026,Male,ATHX,MetCon X,,,14:17,,,,,,39
40,Ciaran McCabe & Alex Hughes,ATHX DUBLIN 2026,Ireland 🇮🇪,2026,Male,ATHX,MetCon X,,,14:18,,,,,,40
41,Ben Magill & Aodhan Gervin,ATHX DUBLIN 2026,Ireland 🇮🇪,2026,Male,ATHX,MetCon X,,,14:21,,,,,,41
41,Brendan Murchan & Cillin Smyth,ATHX DUBLIN 2026,Ireland 🇮🇪,2026,Male,ATHX,MetCon X,,,14:21,,,,,,41
43,Laurynas Binderis & James McCormack,ATHX DUBLIN 2026,Ireland 🇮🇪,2026,Male,ATHX,MetCon X,,,14:22,,,,,,43
44,Nathan Lewis & Mark Aston,ATHX DUBLIN 2026,Ireland 🇮🇪,2026,Male,ATHX,MetCon X,,,14:24,,,,,,44
44,Rainer Diendorfer & Elias Freilinger,ATHX DUBLIN 2026,Ireland 🇮🇪,2026,Male,ATHX,MetCon X,,,14:24,,,,,,44
46,Eric Genoe & Shane Askin,ATHX DUBLIN 2026,Ireland 🇮🇪,2026,Male,ATHX,MetCon X,,,14:40,,,,,,46
47,Mark McQuade & Ethan Mc Clintock,ATHX DUBLIN 2026,Ireland 🇮🇪,2026,Male,ATHX,MetCon X,,,14:41,,,,,,47
48,Markus Koch & Reinis Janovskis,ATHX DUBLIN 2026,Ireland 🇮🇪,2026,Male,ATHX,MetCon X,,,14:42,,,,,,48
49,David Chambers & David whann,ATHX DUBLIN 2026,Ireland 🇮🇪,2026,Male,ATHX,MetCon X,,,14:46,,,,,,49
50,Joshua O’Neill & Conor Day,ATHX DUBLIN 2026,Ireland 🇮🇪,2026,Male,ATHX,MetCon X,,,14:49,,,,,,50
51,Mark timms & Jason Lewis,ATHX DUBLIN 2026,Ireland 🇮🇪,2026,Male,ATHX,MetCon X,,,14:54,,,,,,51
52,Josh Acton & Oran Smith,ATHX DUBLIN 2026,Ireland 🇮🇪,2026,Male,ATHX,MetCon X,,,14:55,,,,,,52
53,Gerard Woods & Andrew Bonis,ATHX DUBLIN 2026,Ireland 🇮🇪,2026,Male,ATHX,MetCon X,,,14:59,,,,,,53
53,Darren Flynn & Keith Doherty,ATHX DUBLIN 2026,Ireland 🇮🇪,2026,Male,ATHX,MetCon X,,,14:59,,,,,,53
55,Jamie Kirk & Ryan Millar,ATHX DUBLIN 2026,Ireland 🇮🇪,2026,Male,ATHX,MetCon X,,,15:01,,,,,,55
56,Paul Clancy & Nathan Kerr,ATHX DUBLIN 2026,Ireland 🇮🇪,2026,Male,ATHX,MetCon X,,,15:05,,,,,,56
57,Lorcan Quaid & Cevher Mete,ATHX DUBLIN 2026,Ireland 🇮🇪,2026,Male,ATHX,MetCon X,,,15:06,,,,,,57
58,Aidan Rundel Muller & John Hallissey,ATHX DUBLIN 2026,Ireland 🇮🇪,2026,Male,ATHX,MetCon X,,,15:08,,,,,,58
59,Neil Lovell & Harvey Hill,ATHX DUBLIN 2026,Ireland 🇮🇪,2026,Male,ATHX,MetCon X,,,15:15,,,,,,59
60,John Hunter & Danny Magill,ATHX DUBLIN 2026,Ireland 🇮🇪,2026,Male,ATHX,MetCon X,,,15:18,,,,,,60
61,Brian Wildes & Lee Biddulph,ATHX DUBLIN 2026,Ireland 🇮🇪,2026,Male,ATHX,MetCon X,,,15:20,,,,,,61
62,Ronan Mccabe & Raymond McBennett,ATHX DUBLIN 2026,Ireland 🇮🇪,2026,Male,ATHX,MetCon X,,,15:24,,,,,,62
62,David McWhirter & Gerard Spurgeon,ATHX DUBLIN 2026,Ireland 🇮🇪,2026,Male,ATHX,MetCon X,,,15:24,,,,,,62
64,philip orr & Tom Craig,ATHX DUBLIN 2026,Ireland 🇮🇪,2026,Male,ATHX,MetCon X,,,15:25,,,,,,64
65,Jordan Lloyd-Richards & Zak Aitchison,ATHX DUBLIN 2026,Ireland 🇮🇪,2026,Male,ATHX,MetCon X,,,15:27,,,,,,65
66,Matt Newburn & Gareth Quinn,ATHX DUBLIN 2026,Ireland 🇮🇪,2026,Male,ATHX,MetCon X,,,15:31,,,,,,66
66,Jack Murray & Conor Butterly,ATHX DUBLIN 2026,Ireland 🇮🇪,2026,Male,ATHX,MetCon X,,,15:31,,,,,,66
68,Andrew Davis & Paul Mannus,ATHX DUBLIN 2026,Ireland 🇮🇪,2026,Male,ATHX,MetCon X,,,15:35,,,,,,68
69,PJ O Leary & Ross Andreucetti,ATHX DUBLIN 2026,Ireland 🇮🇪,2026,Male,ATHX,MetCon X,,,15:36,,,,,,69
70,James Obrien & Thomas O’Brien,ATHX DUBLIN 2026,Ireland 🇮🇪,2026,Male,ATHX,MetCon X,,,15:37,,,,,,70
71,Mark Finn & Declan Havil,ATHX DUBLIN 2026,Ireland 🇮🇪,2026,Male,ATHX,MetCon X,,,15:43,,,,,,71
72,Seamus Donaghy & Marcus Smith,ATHX DUBLIN 2026,Ireland 🇮🇪,2026,Male,ATHX,MetCon X,,,15:44,,,,,,72
73,Shane Roche & David Fitzsimons,ATHX DUBLIN 2026,Ireland 🇮🇪,2026,Male,ATHX,MetCon X,,,15:47,,,,,,73
74,Thomas Arnold & Andrew Ascough,ATHX DUBLIN 2026,Ireland 🇮🇪,2026,Male,ATHX,MetCon X,,,15:49,,,,,,74
74,Tommy Hamill & Ryan McCormack,ATHX DUBLIN 2026,Ireland 🇮🇪,2026,Male,ATHX,MetCon X,,,15:49,,,,,,74
76,Colin Lovett & Mark Gillanders,ATHX DUBLIN 2026,Ireland 🇮🇪,2026,Male,ATHX,MetCon X,,,15:50,,,,,,76
77,Cathal Brannigan & Matthew McGahan,ATHX DUBLIN 2026,Ireland 🇮🇪,2026,Male,ATHX,MetCon X,,,15:51,,,,,,77
78,Joseph Convie & BRIAN MCBRIDE,ATHX DUBLIN 2026,Ireland 🇮🇪,2026,Male,ATHX,MetCon X,,,15:54,,,,,,78
79,Barney O'Hagan & Ryan McCulllagh,ATHX DUBLIN 2026,Ireland 🇮🇪,2026,Male,ATHX,MetCon X,,,16:04,,,,,,79
80,Pearse McNerney & Sean McCafferty,ATHX DUBLIN 2026,Ireland 🇮🇪,2026,Male,ATHX,MetCon X,,,16:05,,,,,,80
81,Nigel Murray & VILIAM NAGY,ATHX DUBLIN 2026,Ireland 🇮🇪,2026,Male,ATHX,MetCon X,,,16:08,,,,,,81
82,Michael Vesey & Matthew Dawkins,ATHX DUBLIN 2026,Ireland 🇮🇪,2026,Male,ATHX,MetCon X,,,16:12,,,,,,82
83,Aaron Breen & Gary Lovell,ATHX DUBLIN 2026,Ireland 🇮🇪,2026,Male,ATHX,MetCon X,,,16:13,,,,,,83
84,Mark Ward & Sean Davis,ATHX DUBLIN 2026,Ireland 🇮🇪,2026,Male,ATHX,MetCon X,,,16:15,,,,,,84
85,Luke Mccall & Gerard Kerr,ATHX DUBLIN 2026,Ireland 🇮🇪,2026,Male,ATHX,MetCon X,,,16:17,,,,,,85
86,Jeff McGovern & Spencer O'Connell,ATHX DUBLIN 2026,Ireland 🇮🇪,2026,Male,ATHX,MetCon X,,,16:19,,,,,,86
87,David Long & Johnathon Gray,ATHX DUBLIN 2026,Ireland 🇮🇪,2026,Male,ATHX,MetCon X,,,16:20,,,,,,87
88,Gavin Rafferty & Brian Gordon,ATHX DUBLIN 2026,Ireland 🇮🇪,2026,Male,ATHX,MetCon X,,,16:21,,,,,,88
89,Ciaran Twomey & David Twomey,ATHX DUBLIN 2026,Ireland 🇮🇪,2026,Male,ATHX,MetCon X,,,16:23,,,,,,89
90,Patrick O'Boyle & Sean Quinn,ATHX DUBLIN 2026,Ireland 🇮🇪,2026,Male,ATHX,MetCon X,,,16:27,,,,,,90
91,John Begley & Hernan Presutto,ATHX DUBLIN 2026,Ireland 🇮🇪,2026,Male,ATHX,MetCon X,,,16:28,,,,,,91
92,Andrew Murphy & Tony McMahon,ATHX DUBLIN 2026,Ireland 🇮🇪,2026,Male,ATHX,MetCon X,,,16:32,,,,,,92
93,Peter Beirne & David Gunning,ATHX DUBLIN 2026,Ireland 🇮🇪,2026,Male,ATHX,MetCon X,,,16:37,,,,,,93
93,Aonghus Ó Maicín & Andrew Hitchcox,ATHX DUBLIN 2026,Ireland 🇮🇪,2026,Male,ATHX,MetCon X,,,16:37,,,,,,93
95,Luke Cragg & Phillip Morton,ATHX DUBLIN 2026,Ireland 🇮🇪,2026,Male,ATHX,MetCon X,,,16:39,,,,,,95
96,Andy Taylor & Kevin Brennan,ATHX DUBLIN 2026,Ireland 🇮🇪,2026,Male,ATHX,MetCon X,,,16:42,,,,,,96
97,emmet Ronan & John Garde,ATHX DUBLIN 2026,Ireland 🇮🇪,2026,Male,ATHX,MetCon X,,,16:51,,,,,,97
98,Dominik Kaufmann & Mathias Rammerstorfer,ATHX DUBLIN 2026,Ireland 🇮🇪,2026,Male,ATHX,MetCon X,,,17:00,,,,,,98
99,Paul Hand & Kieran Mc Mahon,ATHX DUBLIN 2026,Ireland 🇮🇪,2026,Male,ATHX,MetCon X,,,17:04,,,,,,99
100,Jamie Haslam & Ryan Hughes,ATHX DUBLIN 2026,Ireland 🇮🇪,2026,Male,ATHX,MetCon X,,,17:05,,,,,,100
101,Dave Sturley & Cian Murphy,ATHX DUBLIN 2026,Ireland 🇮🇪,2026,Male,ATHX,MetCon X,,,17:09,,,,,,101
102,Declan McAlinden & Ronan Morgan,ATHX DUBLIN 2026,Ireland 🇮🇪,2026,Male,ATHX,MetCon X,,,17:11,,,,,,102
102,Ethan Birnie & Michael Streight,ATHX DUBLIN 2026,Ireland 🇮🇪,2026,Male,ATHX,MetCon X,,,17:11,,,,,,102
104,Colm Sharkey & Fearghal Quinn,ATHX DUBLIN 2026,Ireland 🇮🇪,2026,Male,ATHX,MetCon X,,,17:16,,,,,,104
104,Aaron Mccutcheon & Ben Hamilton,ATHX DUBLIN 2026,Ireland 🇮🇪,2026,Male,ATHX,MetCon X,,,17:16,,,,,,104
106,Paddy Kenna & Andrew Murtagh,ATHX DUBLIN 2026,Ireland 🇮🇪,2026,Male,ATHX,MetCon X,,,17:19,,,,,,106
107,Sean O’Neill & Eoghan Corr,ATHX DUBLIN 2026,Ireland 🇮🇪,2026,Male,ATHX,MetCon X,,,17:21,,,,,,107
108,Stephen O’Neill & Mattie Brady,ATHX DUBLIN 2026,Ireland 🇮🇪,2026,Male,ATHX,MetCon X,,,17:23,,,,,,108
109,Stuart Pannell & James Cullen,ATHX DUBLIN 2026,Ireland 🇮🇪,2026,Male,ATHX,MetCon X,,,17:29,,,,,,109
110,Daniel Marks & Jonathan Presho,ATHX DUBLIN 2026,Ireland 🇮🇪,2026,Male,ATHX,MetCon X,,,17:33,,,,,,110
110,Shane Farrelly & Jason Torris,ATHX DUBLIN 2026,Ireland 🇮🇪,2026,Male,ATHX,MetCon X,,,17:33,,,,,,110
112,Kevin McNally & Paul Freeman,ATHX DUBLIN 2026,Ireland 🇮🇪,2026,Male,ATHX,MetCon X,,,17:40,,,,,,112
113,Murray McCarter & Jonathan Kinghan,ATHX DUBLIN 2026,Ireland 🇮🇪,2026,Male,ATHX,MetCon X,,,17:43,,,,,,113
113,Gordy Cairns & Thomas McAdoo,ATHX DUBLIN 2026,Ireland 🇮🇪,2026,Male,ATHX,MetCon X,,,17:43,,,,,,113
115,Darragh O Farrell & Jason Hally,ATHX DUBLIN 2026,Ireland 🇮🇪,2026,Male,ATHX,MetCon X,,,17:51,,,,,,115
116,Joe Fouhy & Denis O Brien,ATHX DUBLIN 2026,Ireland 🇮🇪,2026,Male,ATHX,MetCon X,,,17:55,,,,,,116
117,Gerard Donaghy & Ciaran Murphy,ATHX DUBLIN 2026,Ireland 🇮🇪,2026,Male,ATHX,MetCon X,,,18:14,,,,,,117
118,Barry Sheehan & Franco Marais,ATHX DUBLIN 2026,Ireland 🇮🇪,2026,Male,ATHX,MetCon X,,,18:22,,,,,,118
119,Wingfei Chan & Danny O’Shaughnessy,ATHX DUBLIN 2026,Ireland 🇮🇪,2026,Male,ATHX,MetCon X,,,18:27,,,,,,119
120,Phil Mcknight & Adam Harwood,ATHX DUBLIN 2026,Ireland 🇮🇪,2026,Male,ATHX,MetCon X,,,18:52,,,,,,120
120,Tom Mc Kenna & Ronan Kenny,ATHX DUBLIN 2026,Ireland 🇮🇪,2026,Male,ATHX,MetCon X,,,18:52,,,,,,120
122,Kirandeep Nagra & Max Pearson,ATHX DUBLIN 2026,Ireland 🇮🇪,2026,Male,ATHX,MetCon X,,,19:11,,,,,,122
123,Ryan Brownfield & Darren Brownfield,ATHX DUBLIN 2026,Ireland 🇮🇪,2026,Male,ATHX,MetCon X,,,19:20,,,,,,123
124,Ciaran Murtagh & Richie Bradford,ATHX DUBLIN 2026,Ireland 🇮🇪,2026,Male,ATHX,MetCon X,,,19:37,,,,,,124
125,Neil McCusker & Dale Byers,ATHX DUBLIN 2026,Ireland 🇮🇪,2026,Male,ATHX,MetCon X,,,19:40,,,,,,125
125,Sean O Sullivan & Tommy Gaine,ATHX DUBLIN 2026,Ireland 🇮🇪,2026,Male,ATHX,MetCon X,,,19:40,,,,,,125
127,Shane O' Sullivan & Patrick O'Mahony,ATHX DUBLIN 2026,Ireland 🇮🇪,2026,Male,ATHX,MetCon X,,,19:52,,,,,,127
128,Shane Quinn & Kieran Doherty,ATHX DUBLIN 2026,Ireland 🇮🇪,2026,Male,ATHX,MetCon X,,,19:55,,,,,,128
129,Andrew Mccullagh & Brian Lagan,ATHX DUBLIN 2026,Ireland 🇮🇪,2026,Male,ATHX,MetCon X,,,20:00,,,,,,129
130,Emmanuel O Neal & Collins Erastus,ATHX DUBLIN 2026,Ireland 🇮🇪,2026,Male,ATHX,MetCon X,,,20:19,,,,,,130
131,Kevin Carragher & John Fitzpatrick,ATHX DUBLIN 2026,Ireland 🇮🇪,2026,Male,ATHX,MetCon X,,,20:41,,,,,,131
132,Gareth King & Peter Hoey,ATHX DUBLIN 2026,Ireland 🇮🇪,2026,Male,ATHX,MetCon X,,,20:58,,,,,,132
133,Martin Roberts & Conrad Dillon,ATHX DUBLIN 2026,Ireland 🇮🇪,2026,Male,ATHX,MetCon X,,,21:13,,,,,,133
134,David Moore & Michael Gissane,ATHX DUBLIN 2026,Ireland 🇮🇪,2026,Male,ATHX,MetCon X,,,21:41,,,,,,134
135,Paddy Casey & Kieran O'Shea,ATHX DUBLIN 2026,Ireland 🇮🇪,2026,Male,ATHX,MetCon X,,,22:10,,,,,,135
136,Draven Wright Lee & Andy Gavin,ATHX DUBLIN 2026,Ireland 🇮🇪,2026,Male,ATHX,MetCon X,,,22:31,,,,,,136
137,Conor Bridgeman & David Reddy,ATHX DUBLIN 2026,Ireland 🇮🇪,2026,Male,ATHX,MetCon X,,,22:41,,,,,,137
138,George Devane & Eoghan Roche,ATHX DUBLIN 2026,Ireland 🇮🇪,2026,Male,ATHX,MetCon X,,,23:08,,,,,,138
139,Daniel Good & Mark Good,ATHX DUBLIN 2026,Ireland 🇮🇪,2026,Male,ATHX,MetCon X,,,23:45,,,,,,139
140,Liam Smith & Joseph Thomas,ATHX DUBLIN 2026,Ireland 🇮🇪,2026,Male,ATHX,MetCon X,,,23:52,,,,,,140
141,Darren Soon & Dylan Soon,ATHX DUBLIN 2026,Ireland 🇮🇪,2026,Male,ATHX,MetCon X,,,23:55,,,,,,141
142,Shane Feeney & Damian Eannetta,ATHX DUBLIN 2026,Ireland 🇮🇪,2026,Male,ATHX,MetCon X,,,24:15,,,,,,142
143,Valerii Cherna & Andrew Lavery,ATHX DUBLIN 2026,Ireland 🇮🇪,2026,Male,ATHX,MetCon X,,,25:27,,,,,,143
144,Anthony Murphy & Ciaran O Callaghan,ATHX DUBLIN 2026,Ireland 🇮🇪,2026,Male,ATHX,MetCon X,,,25:40,,,,,,144
1,David Chambers & David whann,ATHX DUBLIN 2026,Ireland 🇮🇪,2026,Male,ATHX,Strength,,,,200KG,380KG,395KG,,,1
2,Kallum Radley & Connor Coyle,ATHX DUBLIN 2026,Ireland 🇮🇪,2026,Male,ATHX,Strength,,,,180KG,310KG,410KG,,,2
3,Matthew Nyack & Michael Mullen,ATHX DUBLIN 2026,Ireland 🇮🇪,2026,Male,ATHX,Strength,,,,185KG,340KG,370KG,,,3
4,Sean Fitzpatrick & Bobby Barber,ATHX DUBLIN 2026,Ireland 🇮🇪,2026,Male,ATHX,Strength,,,,180KG,323KG,390KG,,,4
5,Eamonn clarke & Nathan Clarke,ATHX DUBLIN 2026,Ireland 🇮🇪,2026,Male,ATHX,Strength,,,,171KG,340KG,380KG,,,5
6,James Case & Ross Comfort,ATHX DUBLIN 2026,Ireland 🇮🇪,2026,Male,ATHX,Strength,,,,155KG,340KG,385KG,,,6
7,Jihad Watt & Marcus Lowe,ATHX DUBLIN 2026,Ireland 🇮🇪,2026,Male,ATHX,Strength,,,,165KG,340KG,360KG,,,7
8,Eoin Mcmanamon & domhnall hyland,ATHX DUBLIN 2026,Ireland 🇮🇪,2026,Male,ATHX,Strength,,,,150KG,325KG,385KG,,,8
8,MARC DOWNEY & Brian Mcauley,ATHX DUBLIN 2026,Ireland 🇮🇪,2026,Male,ATHX,Strength,,,,145KG,325KG,390KG,,,8
10,Ciaran Gallagher & Anto Allsopp,ATHX DUBLIN 2026,Ireland 🇮🇪,2026,Male,ATHX,Strength,,,,175KG,320KG,360KG,,,10
11,Cory Tipping & Greg Ramsay,ATHX DUBLIN 2026,Ireland 🇮🇪,2026,Male,ATHX,Strength,,,,170KG,321KG,360KG,,,11
12,Clifford McElroy & Sam Wilson,ATHX DUBLIN 2026,Ireland 🇮🇪,2026,Male,ATHX,Strength,,,,153KG,315KG,375KG,,,12
13,Conleth Totten & Dan Burnett,ATHX DUBLIN 2026,Ireland 🇮🇪,2026,Male,ATHX,Strength,,,,158KG,303KG,380KG,,,13
14,Darren Keogh & MARK KELLY,ATHX DUBLIN 2026,Ireland 🇮🇪,2026,Male,ATHX,Strength,,,,155KG,310KG,370KG,,,14
14,John Belton & Andrew Kenny,ATHX DUBLIN 2026,Ireland 🇮🇪,2026,Male,ATHX,Strength,,,,155KG,320KG,360KG,,,14
16,JP Rooney & Cathal Downey,ATHX DUBLIN 2026,Ireland 🇮🇪,2026,Male,ATHX,Strength,,,,143KG,320KG,360KG,,,16
16,NIALL MACKIN & Brendan Marry,ATHX DUBLIN 2026,Ireland 🇮🇪,2026,Male,ATHX,Strength,,,,163KG,300KG,360KG,,,16
18,Sacha Harding & Ben Pitt,ATHX DUBLIN 2026,Ireland 🇮🇪,2026,Male,ATHX,Strength,,,,158KG,303KG,355KG,,,18
19,Darren McNeilly & Matthew Logan,ATHX DUBLIN 2026,Ireland 🇮🇪,2026,Male,ATHX,Strength,,,,160KG,285KG,370KG,,,19
19,Mark timms & Jason Lewis,ATHX DUBLIN 2026,Ireland 🇮🇪,2026,Male,ATHX,Strength,,,,165KG,290KG,360KG,,,19
21,philip orr & Tom Craig,ATHX DUBLIN 2026,Ireland 🇮🇪,2026,Male,ATHX,Strength,,,,143KG,310KG,360KG,,,21
22,Gerard Woods & Andrew Bonis,ATHX DUBLIN 2026,Ireland 🇮🇪,2026,Male,ATHX,Strength,,,,165KG,296KG,351KG,,,22
23,Larry Doyle & Zitian Xiang,ATHX DUBLIN 2026,Ireland 🇮🇪,2026,Male,ATHX,Strength,,,,158KG,300KG,353KG,,,23
24,Dave Sturley & Cian Murphy,ATHX DUBLIN 2026,Ireland 🇮🇪,2026,Male,ATHX,Strength,,,,155KG,320KG,330KG,,,24
24,Ryan Brownfield & Darren Brownfield,ATHX DUBLIN 2026,Ireland 🇮🇪,2026,Male,ATHX,Strength,,,,165KG,300KG,340KG,,,24
26,Jeff Hopkins & Wojtek Kaluza,ATHX DUBLIN 2026,Ireland 🇮🇪,2026,Male,ATHX,Strength,,,,148KG,313KG,343KG,,,26
27,Pearse McNerney & Sean McCafferty,ATHX DUBLIN 2026,Ireland 🇮🇪,2026,Male,ATHX,Strength,,,,163KG,290KG,350KG,,,27
28,Brendan Murchan & Cillin Smyth,ATHX DUBLIN 2026,Ireland 🇮🇪,2026,Male,ATHX,Strength,,,,150KG,300KG,350KG,,,28
28,Matt Newburn & Gareth Quinn,ATHX DUBLIN 2026,Ireland 🇮🇪,2026,Male,ATHX,Strength,,,,155KG,300KG,345KG,,,28
28,Barry Sheehan & Franco Marais,ATHX DUBLIN 2026,Ireland 🇮🇪,2026,Male,ATHX,Strength,,,,170KG,290KG,340KG,,,28
31,Kevin Carragher & John Fitzpatrick,ATHX DUBLIN 2026,Ireland 🇮🇪,2026,Male,ATHX,Strength,,,,135KG,300KG,363KG,,,31
31,Phil Mcknight & Adam Harwood,ATHX DUBLIN 2026,Ireland 🇮🇪,2026,Male,ATHX,Strength,,,,158KG,330KG,310KG,,,31
33,Laurynas Binderis & James McCormack,ATHX DUBLIN 2026,Ireland 🇮🇪,2026,Male,ATHX,Strength,,,,140KG,310KG,345KG,,,33
34,Mark Finn & Declan Havil,ATHX DUBLIN 2026,Ireland 🇮🇪,2026,Male,ATHX,Strength,,,,150KG,283KG,360KG,,,34
35,Rainer Diendorfer & Elias Freilinger,ATHX DUBLIN 2026,Ireland 🇮🇪,2026,Male,ATHX,Strength,,,,165KG,275KG,350KG,,,35
36,Daniel Marks & Jonathan Presho,ATHX DUBLIN 2026,Ireland 🇮🇪,2026,Male,ATHX,Strength,,,,133KG,290KG,360KG,,,36
37,Darren Flynn & Keith Doherty,ATHX DUBLIN 2026,Ireland 🇮🇪,2026,Male,ATHX,Strength,,,,156KG,290KG,335KG,,,37
38,Camilo Pinzón & Mikel mikel.a.esparza@gmail.com,ATHX DUBLIN 2026,Ireland 🇮🇪,2026,Male,ATHX,Strength,,,,140KG,300KG,340KG,,,38
39,josu garcia & Luis Alberto Delgado Buskens,ATHX DUBLIN 2026,Ireland 🇮🇪,2026,Male,ATHX,Strength,,,,140KG,280KG,350KG,,,39
39,Emmanuel O Neal & Collins Erastus,ATHX DUBLIN 2026,Ireland 🇮🇪,2026,Male,ATHX,Strength,,,,165KG,245KG,360KG,,,39
41,Sam Mcdowell & Ross Evans,ATHX DUBLIN 2026,Ireland 🇮🇪,2026,Male,ATHX,Strength,,,,143KG,265KG,360KG,,,41
42,Malcolm Allister & James McMahon,ATHX DUBLIN 2026,Ireland 🇮🇪,2026,Male,ATHX,Strength,,,,161KG,285KG,320KG,,,42
43,John Hunter & Danny Magill,ATHX DUBLIN 2026,Ireland 🇮🇪,2026,Male,ATHX,Strength,,,,158KG,250KG,353KG,,,43
44,Kevin Molloy & Andrew Hageman,ATHX DUBLIN 2026,Ireland 🇮🇪,2026,Male,ATHX,Strength,,,,150KG,305KG,300KG,,,44
45,Mark McQuade & Ethan Mc Clintock,ATHX DUBLIN 2026,Ireland 🇮🇪,2026,Male,ATHX,Strength,,,,150KG,283KG,320KG,,,45
46,Ben Wiffen & James Carleton,ATHX DUBLIN 2026,Ireland 🇮🇪,2026,Male,ATHX,Strength,,,,141KG,265KG,340KG,,,46
47,Stephen O’Neill & Mattie Brady,ATHX DUBLIN 2026,Ireland 🇮🇪,2026,Male,ATHX,Strength,,,,153KG,280KG,310KG,,,47
48,Peter Beirne & David Gunning,ATHX DUBLIN 2026,Ireland 🇮🇪,2026,Male,ATHX,Strength,,,,151KG,260KG,330KG,,,48
49,Seamus Donaghy & Marcus Smith,ATHX DUBLIN 2026,Ireland 🇮🇪,2026,Male,ATHX,Strength,,,,140KG,260KG,340KG,,,49
49,Stefan O'Neill & Connor Smyth,ATHX DUBLIN 2026,Ireland 🇮🇪,2026,Male,ATHX,Strength,,,,120KG,270KG,350KG,,,49
51,Josh Milligan & Adam McGivern,ATHX DUBLIN 2026,Ireland 🇮🇪,2026,Male,ATHX,Strength,,,,138KG,260KG,340KG,,,51
51,Jack Chen & Jack Flynn,ATHX DUBLIN 2026,Ireland 🇮🇪,2026,Male,ATHX,Strength,,,,133KG,285KG,320KG,,,51
51,Scott O grady & Fionn Nolan,ATHX DUBLIN 2026,Ireland 🇮🇪,2026,Male,ATHX,Strength,,,,133KG,255KG,350KG,,,51
54,Mark Hanratty & Christopher Crowley,ATHX DUBLIN 2026,Ireland 🇮🇪,2026,Male,ATHX,Strength,,,,146KG,270KG,320KG,,,54
55,Nathan Lewis & Mark Aston,ATHX DUBLIN 2026,Ireland 🇮🇪,2026,Male,ATHX,Strength,,,,145KG,250KG,340KG,,,55
56,Ben Magill & Aodhan Gervin,ATHX DUBLIN 2026,Ireland 🇮🇪,2026,Male,ATHX,Strength,,,,123KG,270KG,340KG,,,56
56,Cathal Brannigan & Matthew McGahan,ATHX DUBLIN 2026,Ireland 🇮🇪,2026,Male,ATHX,Strength,,,,128KG,275KG,330KG,,,56
58,Ciaran Murtagh & Richie Bradford,ATHX DUBLIN 2026,Ireland 🇮🇪,2026,Male,ATHX,Strength,,,,150KG,260KG,320KG,,,58
58,Jonny McKeown & Mark Buchanan,ATHX DUBLIN 2026,Ireland 🇮🇪,2026,Male,ATHX,Strength,,,,145KG,265KG,320KG,,,58
60,Barney O'Hagan & Ryan McCulllagh,ATHX DUBLIN 2026,Ireland 🇮🇪,2026,Male,ATHX,Strength,,,,145KG,280KG,300KG,,,60
60,Shane McKenna & Paul Rushe,ATHX DUBLIN 2026,Ireland 🇮🇪,2026,Male,ATHX,Strength,,,,145KG,270KG,310KG,,,60
62,Shane O' Sullivan & Patrick O'Mahony,ATHX DUBLIN 2026,Ireland 🇮🇪,2026,Male,ATHX,Strength,,,,143KG,270KG,310KG,,,62
63,Ciaran Twomey & David Twomey,ATHX DUBLIN 2026,Ireland 🇮🇪,2026,Male,ATHX,Strength,,,,113KG,268KG,340KG,,,63
64,Thomas Arnold & Andrew Ascough,ATHX DUBLIN 2026,Ireland 🇮🇪,2026,Male,ATHX,Strength,,,,153KG,245KG,320KG,,,64
65,Jordan Lloyd-Richards & Zak Aitchison,ATHX DUBLIN 2026,Ireland 🇮🇪,2026,Male,ATHX,Strength,,,,155KG,240KG,320KG,,,65
65,Nigel Murray & VILIAM NAGY,ATHX DUBLIN 2026,Ireland 🇮🇪,2026,Male,ATHX,Strength,,,,140KG,285KG,290KG,,,65
67,Aaron Breen & Gary Lovell,ATHX DUBLIN 2026,Ireland 🇮🇪,2026,Male,ATHX,Strength,,,,133KG,280KG,300KG,,,67
68,Aaron Mccutcheon & Ben Hamilton,ATHX DUBLIN 2026,Ireland 🇮🇪,2026,Male,ATHX,Strength,,,,140KG,260KG,310KG,,,68
69,Josh Acton & Oran Smith,ATHX DUBLIN 2026,Ireland 🇮🇪,2026,Male,ATHX,Strength,,,,138KG,250KG,320KG,,,69
70,Dominik Kaufmann & Mathias Rammerstorfer,ATHX DUBLIN 2026,Ireland 🇮🇪,2026,Male,ATHX,Strength,,,,140KG,265KG,300KG,,,70
70,Pete Slevin & Conor Bayne,ATHX DUBLIN 2026,Ireland 🇮🇪,2026,Male,ATHX,Strength,,,,135KG,250KG,320KG,,,70
72,Joshua O’Neill & Conor Day,ATHX DUBLIN 2026,Ireland 🇮🇪,2026,Male,ATHX,Strength,,,,120KG,260KG,320KG,,,72
72,Stuart Pannell & James Cullen,ATHX DUBLIN 2026,Ireland 🇮🇪,2026,Male,ATHX,Strength,,,,145KG,255KG,300KG,,,72
74,David Long & Johnathon Gray,ATHX DUBLIN 2026,Ireland 🇮🇪,2026,Male,ATHX,Strength,,,,156KG,270KG,273KG,,,74
75,Brian Wildes & Lee Biddulph,ATHX DUBLIN 2026,Ireland 🇮🇪,2026,Male,ATHX,Strength,,,,128KG,255KG,315KG,,,75
76,David McWhirter & Gerard Spurgeon,ATHX DUBLIN 2026,Ireland 🇮🇪,2026,Male,ATHX,Strength,,,,123KG,263KG,310KG,,,76
77,Markus Koch & Reinis Janovskis,ATHX DUBLIN 2026,Ireland 🇮🇪,2026,Male,ATHX,Strength,,,,155KG,230KG,310KG,,,77
78,Ciaran McCabe & Alex Hughes,ATHX DUBLIN 2026,Ireland 🇮🇪,2026,Male,ATHX,Strength,,,,127KG,265KG,300KG,,,78
79,Luke Mccall & Gerard Kerr,ATHX DUBLIN 2026,Ireland 🇮🇪,2026,Male,ATHX,Strength,,,,131KG,265KG,290KG,,,79
79,Lorcan Quaid & Cevher Mete,ATHX DUBLIN 2026,Ireland 🇮🇪,2026,Male,ATHX,Strength,,,,146KG,250KG,290KG,,,79
81,Michael Graham & Alan Mahon,ATHX DUBLIN 2026,Ireland 🇮🇪,2026,Male,ATHX,Strength,,,,135KG,260KG,290KG,,,81
81,Shane Roche & David Fitzsimons,ATHX DUBLIN 2026,Ireland 🇮🇪,2026,Male,ATHX,Strength,,,,145KG,240KG,300KG,,,81
83,Andy Taylor & Kevin Brennan,ATHX DUBLIN 2026,Ireland 🇮🇪,2026,Male,ATHX,Strength,,,,128KG,240KG,315KG,,,83
84,Andrew Mccullagh & Brian Lagan,ATHX DUBLIN 2026,Ireland 🇮🇪,2026,Male,ATHX,Strength,,,,130KG,280KG,270KG,,,84
85,Shane Campbell & Padhraic McCarthy,ATHX DUBLIN 2026,Ireland 🇮🇪,2026,Male,ATHX,Strength,,,,130KG,255KG,285KG,,,85
86,PJ O Leary & Ross Andreucetti,ATHX DUBLIN 2026,Ireland 🇮🇪,2026,Male,ATHX,Strength,,,,118KG,240KG,310KG,,,86
86,Paddy Kenna & Andrew Murtagh,ATHX DUBLIN 2026,Ireland 🇮🇪,2026,Male,ATHX,Strength,,,,128KG,240KG,300KG,,,86
88,Niall Askin & Ben Sherry,ATHX DUBLIN 2026,Ireland 🇮🇪,2026,Male,ATHX,Strength,,,,125KG,240KG,300KG,,,88
88,Jamie Kirk & Ryan Millar,ATHX DUBLIN 2026,Ireland 🇮🇪,2026,Male,ATHX,Strength,,,,135KG,250KG,280KG,,,88
90,Jamie Haslam & Ryan Hughes,ATHX DUBLIN 2026,Ireland 🇮🇪,2026,Male,ATHX,Strength,,,,143KG,230KG,290KG,,,90
90,Tommy Hamill & Ryan McCormack,ATHX DUBLIN 2026,Ireland 🇮🇪,2026,Male,ATHX,Strength,,,,133KG,240KG,290KG,,,90
92,Andrew Davis & Paul Mannus,ATHX DUBLIN 2026,Ireland 🇮🇪,2026,Male,ATHX,Strength,,,,131KG,230KG,300KG,,,92
93,Gareth King & Peter Hoey,ATHX DUBLIN 2026,Ireland 🇮🇪,2026,Male,ATHX,Strength,,,,110KG,230KG,320KG,,,93
94,Gavin Rafferty & Brian Gordon,ATHX DUBLIN 2026,Ireland 🇮🇪,2026,Male,ATHX,Strength,,,,128KG,230KG,298KG,,,94
95,Ronan Mccabe & Raymond McBennett,ATHX DUBLIN 2026,Ireland 🇮🇪,2026,Male,ATHX,Strength,,,,135KG,235KG,285KG,,,95
96,Aidan Rundel Muller & John Hallissey,ATHX DUBLIN 2026,Ireland 🇮🇪,2026,Male,ATHX,Strength,,,,133KG,250KG,270KG,,,96
97,Neil Lovell & Harvey Hill,ATHX DUBLIN 2026,Ireland 🇮🇪,2026,Male,ATHX,Strength,,,,110KG,245KG,295KG,,,97
97,David Moore & Michael Gissane,ATHX DUBLIN 2026,Ireland 🇮🇪,2026,Male,ATHX,Strength,,,,130KG,240KG,280KG,,,97
97,Matthew Graham & Andy Mcilveen,ATHX DUBLIN 2026,Ireland 🇮🇪,2026,Male,ATHX,Strength,,,,110KG,250KG,290KG,,,97
100,Paul Clancy & Nathan Kerr,ATHX DUBLIN 2026,Ireland 🇮🇪,2026,Male,ATHX,Strength,,,,120KG,230KG,290KG,,,100
100,Joe Fouhy & Denis O Brien,ATHX DUBLIN 2026,Ireland 🇮🇪,2026,Male,ATHX,Strength,,,,140KG,210KG,290KG,,,100
102,emmet Ronan & John Garde,ATHX DUBLIN 2026,Ireland 🇮🇪,2026,Male,ATHX,Strength,,,,125KG,208KG,295KG,,,102
103,Gordy Cairns & Thomas McAdoo,ATHX DUBLIN 2026,Ireland 🇮🇪,2026,Male,ATHX,Strength,,,,123KG,223KG,280KG,,,103
104,Ethan Birnie & Michael Streight,ATHX DUBLIN 2026,Ireland 🇮🇪,2026,Male,ATHX,Strength,,,,135KG,240KG,250KG,,,104
105,John Begley & Hernan Presutto,ATHX DUBLIN 2026,Ireland 🇮🇪,2026,Male,ATHX,Strength,,,,115KG,220KG,288KG,,,105
106,Sean O’Neill & Eoghan Corr,ATHX DUBLIN 2026,Ireland 🇮🇪,2026,Male,ATHX,Strength,,,,110KG,240KG,265KG,,,106
106,Sean O Sullivan & Tommy Gaine,ATHX DUBLIN 2026,Ireland 🇮🇪,2026,Male,ATHX,Strength,,,,115KG,220KG,280KG,,,106
108,James Obrien & Thomas O’Brien,ATHX DUBLIN 2026,Ireland 🇮🇪,2026,Male,ATHX,Strength,,,,123KG,240KG,248KG,,,108
109,Colin Lovett & Mark Gillanders,ATHX DUBLIN 2026,Ireland 🇮🇪,2026,Male,ATHX,Strength,,,,110KG,210KG,290KG,,,109
110,Eric Genoe & Shane Askin,ATHX DUBLIN 2026,Ireland 🇮🇪,2026,Male,ATHX,Strength,,,,113KG,220KG,276KG,,,110
111,Cian Brennan & Adam Brennan,ATHX DUBLIN 2026,Ireland 🇮🇪,2026,Male,ATHX,Strength,,,,118KG,220KG,270KG,,,111
112,Neil McCusker & Dale Byers,ATHX DUBLIN 2026,Ireland 🇮🇪,2026,Male,ATHX,Strength,,,,125KG,200KG,280KG,,,112
113,Tom Mc Kenna & Ronan Kenny,ATHX DUBLIN 2026,Ireland 🇮🇪,2026,Male,ATHX,Strength,,,,123KG,240KG,240KG,,,113
114,George Devane & Eoghan Roche,ATHX DUBLIN 2026,Ireland 🇮🇪,2026,Male,ATHX,Strength,,,,118KG,200KG,280KG,,,114
114,Jack Murray & Conor Butterly,ATHX DUBLIN 2026,Ireland 🇮🇪,2026,Male,ATHX,Strength,,,,128KG,220KG,250KG,,,114
116,Aonghus Ó Maicín & Andrew Hitchcox,ATHX DUBLIN 2026,Ireland 🇮🇪,2026,Male,ATHX,Strength,,,,115KG,220KG,260KG,,,116
116,Luke Cragg & Phillip Morton,ATHX DUBLIN 2026,Ireland 🇮🇪,2026,Male,ATHX,Strength,,,,145KG,230KG,220KG,,,116
118,Colm Sharkey & Fearghal Quinn,ATHX DUBLIN 2026,Ireland 🇮🇪,2026,Male,ATHX,Strength,,,,108KG,210KG,270KG,,,118
118,Declan McAlinden & Ronan Morgan,ATHX DUBLIN 2026,Ireland 🇮🇪,2026,Male,ATHX,Strength,,,,123KG,190KG,275KG,,,118
118,Daniel Good & Mark Good,ATHX DUBLIN 2026,Ireland 🇮🇪,2026,Male,ATHX,Strength,,,,118KG,210KG,260KG,,,118
121,Paddy Casey & Kieran O'Shea,ATHX DUBLIN 2026,Ireland 🇮🇪,2026,Male,ATHX,Strength,,,,125KG,216KG,245KG,,,121
122,Joseph Convie & BRIAN MCBRIDE,ATHX DUBLIN 2026,Ireland 🇮🇪,2026,Male,ATHX,Strength,,,,115KG,190KG,280KG,,,122
123,Darragh O Farrell & Jason Hally,ATHX DUBLIN 2026,Ireland 🇮🇪,2026,Male,ATHX,Strength,,,,115KG,190KG,278KG,,,123
124,Kevin McNally & Paul Freeman,ATHX DUBLIN 2026,Ireland 🇮🇪,2026,Male,ATHX,Strength,,,,121KG,195KG,260KG,,,124
125,Gerard Donaghy & Ciaran Murphy,ATHX DUBLIN 2026,Ireland 🇮🇪,2026,Male,ATHX,Strength,,,,115KG,210KG,250KG,,,125
125,Draven Wright Lee & Andy Gavin,ATHX DUBLIN 2026,Ireland 🇮🇪,2026,Male,ATHX,Strength,,,,110KG,185KG,280KG,,,125
127,Shane Farrelly & Jason Torris,ATHX DUBLIN 2026,Ireland 🇮🇪,2026,Male,ATHX,Strength,,,,115KG,195KG,258KG,,,127
128,Patrick O'Boyle & Sean Quinn,ATHX DUBLIN 2026,Ireland 🇮🇪,2026,Male,ATHX,Strength,,,,111KG,206KG,250KG,,,128
129,Michael Vesey & Matthew Dawkins,ATHX DUBLIN 2026,Ireland 🇮🇪,2026,Male,ATHX,Strength,,,,105KG,200KG,260KG,,,129
129,Liam Smith & Joseph Thomas,ATHX DUBLIN 2026,Ireland 🇮🇪,2026,Male,ATHX,Strength,,,,125KG,190KG,250KG,,,129
131,Jeff McGovern & Spencer O'Connell,ATHX DUBLIN 2026,Ireland 🇮🇪,2026,Male,ATHX,Strength,,,,121KG,210KG,230KG,,,131
132,Shane Quinn & Kieran Doherty,ATHX DUBLIN 2026,Ireland 🇮🇪,2026,Male,ATHX,Strength,,,,125KG,190KG,236KG,,,132
133,Wingfei Chan & Danny O’Shaughnessy,ATHX DUBLIN 2026,Ireland 🇮🇪,2026,Male,ATHX,Strength,,,,110KG,200KG,240KG,,,133
134,Andrew Murphy & Tony McMahon,ATHX DUBLIN 2026,Ireland 🇮🇪,2026,Male,ATHX,Strength,,,,103KG,215KG,220KG,,,134
135,Darren Soon & Dylan Soon,ATHX DUBLIN 2026,Ireland 🇮🇪,2026,Male,ATHX,Strength,,,,105KG,230KG,200KG,,,135
136,Murray McCarter & Jonathan Kinghan,ATHX DUBLIN 2026,Ireland 🇮🇪,2026,Male,ATHX,Strength,,,,103KG,180KG,245KG,,,136
137,Paul Hand & Kieran Mc Mahon,ATHX DUBLIN 2026,Ireland 🇮🇪,2026,Male,ATHX,Strength,,,,110KG,160KG,253KG,,,137
138,Valerii Cherna & Andrew Lavery,ATHX DUBLIN 2026,Ireland 🇮🇪,2026,Male,ATHX,Strength,,,,115KG,190KG,210KG,,,138
139,Conor Bridgeman & David Reddy,ATHX DUBLIN 2026,Ireland 🇮🇪,2026,Male,ATHX,Strength,,,,110KG,150KG,240KG,,,139
140,Kirandeep Nagra & Max Pearson,ATHX DUBLIN 2026,Ireland 🇮🇪,2026,Male,ATHX,Strength,,,,108KG,170KG,220KG,,,140
141,Anthony Murphy & Ciaran O Callaghan,ATHX DUBLIN 2026,Ireland 🇮🇪,2026,Male,ATHX,Strength,,,,105KG,120KG,270KG,,,141
142,Mark Ward & Sean Davis,ATHX DUBLIN 2026,Ireland 🇮🇪,2026,Male,ATHX,Strength,,,,123KG,105KG,265KG,,,142
143,Martin Roberts & Conrad Dillon,ATHX DUBLIN 2026,Ireland 🇮🇪,2026,Male,ATHX,Strength,,,,100KG,150KG,230KG,,,143
144,Shane Feeney & Damian Eannetta,ATHX DUBLIN 2026,Ireland 🇮🇪,2026,Male,ATHX,Strength,,,,95KG,170KG,200KG,,,144
