rank,user_id,first_name,last_name,full_name,gender,nationality,gym_name,profile_photo_url,event,country,year,division,event_category,workout_filter,Run,Row,Strength,Endurance,MetCon X,1RM Strict Press,3RM Back Squat,5RM Deadlift,Points
1,01ky0ff7nvhp5qc0hr35my23n5,Manon,Cueto,Manon Cueto,Female,,,https://ui-avatars.com/api/?name=M+C&color=FFFFFF&background=000000,ATHX MARSEILLE 2026,France 🇫🇷,2026,Female,ATHX Pro,Endurance,3KM,2.063KM,,,,,,,1
2,01kee9q3g315e0kz6d2tzx8x0f,Kamila,Bogucka Żołędziewska,Kamila Bogucka Żołędziewska,Female,Poland,Manticore,https://ui-avatars.com/api/?name=K+B+%C5%BB&color=FFFFFF&background=000000,ATHX MARSEILLE 2026,France 🇫🇷,2026,Female,ATHX Pro,Endurance,2.613KM,2.011KM,,,,,,,2
3,01kegwwn0krd8c7svb51j5sf98,Diana Eve,Tahere,Diana Eve Tahere,Female,,,https://ui-avatars.com/api/?name=D+E+T&color=FFFFFF&background=000000,ATHX MARSEILLE 2026,France 🇫🇷,2026,Female,ATHX Pro,Endurance,2.571KM,2.013KM,,,,,,,3
4,01kqb1gekvr0x8fwxft8hrt6jq,Olivia,Gaeremynck,Olivia Gaeremynck,Female,,,https://ui-avatars.com/api/?name=O+G&color=FFFFFF&background=000000,ATHX MARSEILLE 2026,France 🇫🇷,2026,Female,ATHX Pro,Endurance,2.484KM,2.009KM,,,,,,,4
5,01kbhpzqyw0m9p9ka8kwz34jwp,marion,dubois,marion dubois,Female,,,https://ui-avatars.com/api/?name=m+d&color=FFFFFF&background=000000,ATHX MARSEILLE 2026,France 🇫🇷,2026,Female,ATHX Pro,Endurance,2.149KM,2.012KM,,,,,,,5
6,01k71r934w7ttsh61ghfvjt6tv,Julie,Rose,Julie Rose,Female,France,Flag,https://ui-avatars.com/api/?name=J+R&color=FFFFFF&background=000000,ATHX MARSEILLE 2026,France 🇫🇷,2026,Female,ATHX Pro,Endurance,2KM,2.016KM,,,,,,,6
7,01kdpte8cqxmf9xyryr0csb9nv,OLGA,KARTOEV,OLGA KARTOEV,Female,,,https://ui-avatars.com/api/?name=O+K&color=FFFFFF&background=000000,ATHX MARSEILLE 2026,France 🇫🇷,2026,Female,ATHX Pro,Endurance,2KM,1.369KM,,,,,,,7
1,01kk1j1sg345yh5891pgeqn51q,Aaron,Travers,Aaron Travers,Male,,,https://ui-avatars.com/api/?name=A+T&color=FFFFFF&background=000000,ATHX MARSEILLE 2026,France 🇫🇷,2026,Male,ATHX Pro,Overall,,,3 (525KG),1 (5.797KM),1 (10:42),,,,5
2,01kgx61932d0w6fjnz3x81g0h4,alan,Cao,alan Cao,Male,,,https://ui-avatars.com/api/?name=a+C&color=FFFFFF&background=000000,ATHX MARSEILLE 2026,France 🇫🇷,2026,Male,ATHX Pro,Overall,,,9 (455KG),2 (5.735KM),2 (11:17),,,,13
3,01kk4bh0fbpddafmtz2gfvesfx,Jules,CASTOR,Jules CASTOR,Male,,,https://ui-avatars.com/api/?name=J+C&color=FFFFFF&background=000000,ATHX MARSEILLE 2026,France 🇫🇷,2026,Male,ATHX Pro,Overall,,,5 (500KG),9 (5.011KM),3 (12:14),,,,17
4,01kbtry6n3ynen7ha4nbt7dk4p,Thomas,Laviron,Thomas Laviron,Male,,,https://ui-avatars.com/api/?name=T+L&color=FFFFFF&background=000000,ATHX MARSEILLE 2026,France 🇫🇷,2026,Male,ATHX Pro,Overall,,,7 (465KG),6 (5.176KM),5 (12:53),,,,18
5,01kpdz5mz3grfjaek0yyajg8mw,Kevin,Vinuesa,Kevin Vinuesa,Male,,,https://ui-avatars.com/api/?name=K+V&color=FFFFFF&background=000000,ATHX MARSEILLE 2026,France 🇫🇷,2026,Male,ATHX Pro,Overall,,,4 (516KG),14 (4.873KM),4 (12:40),,,,22
6,01kfzr8f1m5p6z1yp4s2jsed7c,Pierre,Hatinguais,Pierre Hatinguais,Male,,,https://ui-avatars.com/api/?name=P+H&color=FFFFFF&background=000000,ATHX MARSEILLE 2026,France 🇫🇷,2026,Male,ATHX Pro,Overall,,,13 (430KG),3 (5.523KM),9 (13:40),,,,25
7,01kj3559nh6xd7bn18ctwy6dgt,Simon,Guiborat,Simon Guiborat,Male,,,https://ui-avatars.com/api/?name=S+G&color=FFFFFF&background=000000,ATHX MARSEILLE 2026,France 🇫🇷,2026,Male,ATHX Pro,Overall,,,15 (401KG),5 (5.316KM),8 (13:25),,,,28
8,01k9m3q9jat9vbpgzak7qetpds,Alexandre,Bally,Alexandre Bally,Male,,,https://ui-avatars.com/api/?name=A+B&color=FFFFFF&background=000000,ATHX MARSEILLE 2026,France 🇫🇷,2026,Male,ATHX Pro,Overall,,,12 (441KG),11 (4.948KM),7 (13:23),,,,30
9,01k9392z85naaksfzam1qs3n7k,Kewin,Bordas,Kewin Bordas,Male,France,,https://athxgames.com/storage/profile-photos/EYAUlRl7IS4PfWQfDdehgajqo1edjE2sYMRsTMJ2.jpg,ATHX MARSEILLE 2026,France 🇫🇷,2026,Male,ATHX Pro,Overall,,,6 (470KG),18 (4.717KM),10 (13:42),,,,34
10,01kght585m98gf0vgcb91pn0ek,Micka,Roques,Micka Roques,Male,France,MK,https://ui-avatars.com/api/?name=M+R&color=FFFFFF&background=000000,ATHX MARSEILLE 2026,France 🇫🇷,2026,Male,ATHX Pro,Overall,,,17 (399KG),7 (5.169KM),13 (14:42),,,,37
11,01m20gk52595qah4ffakv88ywj,Hugo ,Joug,Hugo  Joug,Male,,,https://ui-avatars.com/api/?name=H++J&color=FFFFFF&background=000000,ATHX MARSEILLE 2026,France 🇫🇷,2026,Male,ATHX Pro,Overall,,,29 (320KG),4 (5.371KM),6 (13:12),,,,39
12,01kbmwj1vnesc3bgz9xaa84kqg,Brice,COLLIDOR,Brice COLLIDOR,Male,France,Fitness Park,https://athxgames.com/storage/profile-photos/G0sCqZgPK1hmq2MvaTRVfQVou2PWJLsdCceIc48g.jpg,ATHX MARSEILLE 2026,France 🇫🇷,2026,Male,ATHX Pro,Overall,,,2 (555KG),21 (4.533KM),22 (18:46),,,,45
13,01kgqh8dfkh7vv3n9am3y47f5s,Cyril,Jouanique,Cyril Jouanique,Male,France,Beast légion,https://athxgames.com/storage/profile-photos/MYSghD8ADf5jzssIbhcB9qx3CBaeE774Nx8RvoAe.jpg,ATHX MARSEILLE 2026,France 🇫🇷,2026,Male,ATHX Pro,Overall,,,1 (576KG),26 (4.403KM),19 (16:20),,,,46
14,01kg6prhrynfwn11bcvh44em32,Rémi,Pierson,Rémi Pierson,Male,,,https://ui-avatars.com/api/?name=R+P&color=FFFFFF&background=000000,ATHX MARSEILLE 2026,France 🇫🇷,2026,Male,ATHX Pro,Overall,,,20 (380KG),10 (4.991KM),17 (16:13),,,,47
15,01kk6xq2scf5cp8y4t5ge4szjj,John,Zakrzewski,John Zakrzewski,Male,France,CrossFit Massilia,https://ui-avatars.com/api/?name=J+Z&color=FFFFFF&background=000000,ATHX MARSEILLE 2026,France 🇫🇷,2026,Male,ATHX Pro,Overall,,,22 (376KG),8 (5.034KM),18 (16:18),,,,48
16,01kb4qw2mczgecrxy4pv8mrnj0,Joël,Tozzi,Joël Tozzi,Male,France,powrFit,https://ui-avatars.com/api/?name=J+T&color=FFFFFF&background=000000,ATHX MARSEILLE 2026,France 🇫🇷,2026,Male,ATHX Pro,Overall,,,15 (401KG),24 (4.448KM),11 (14:00),,,,50
17,01kgwntvfp670ktc4k2v28kxvp,Julien,Dal,Julien Dal,Male,,,https://ui-avatars.com/api/?name=J+D&color=FFFFFF&background=000000,ATHX MARSEILLE 2026,France 🇫🇷,2026,Male,ATHX Pro,Overall,,,19 (394KG),12 (4.935KM),20 (17:26),,,,51
18,01kk4r8mckh0kgyzrwg26venkr,Loic,Tiouane,Loic Tiouane,Male,,,https://ui-avatars.com/api/?name=L+T&color=FFFFFF&background=000000,ATHX MARSEILLE 2026,France 🇫🇷,2026,Male,ATHX Pro,Overall,,,11 (443KG),25 (4.411KM),16 (16:06),,,,52
19,01kgrg9sestxf19qvtmma7b6hd,Gaël,Caulier,Gaël Caulier,Male,,,https://ui-avatars.com/api/?name=G+C&color=FFFFFF&background=000000,ATHX MARSEILLE 2026,France 🇫🇷,2026,Male,ATHX Pro,Overall,,,18 (395KG),17 (4.753KM),21 (17:59),,,,56
20,01kj6m2q6jqk8nqgvmtnx25vnc,Claudio,Hemmerdinger,Claudio Hemmerdinger,Male,Chile,,https://ui-avatars.com/api/?name=C+H&color=FFFFFF&background=000000,ATHX MARSEILLE 2026,France 🇫🇷,2026,Male,ATHX Pro,Overall,,,8 (457KG),27 (4.309KM),28 (21:43),,,,63
21,01kdbvvhwqydqh67qmszprrx29,Jean-Baptiste,Pique,Jean-Baptiste Pique,Male,,,https://ui-avatars.com/api/?name=J+P&color=FFFFFF&background=000000,ATHX MARSEILLE 2026,France 🇫🇷,2026,Male,ATHX Pro,Overall,,,27 (330KG),23 (4.515KM),14 (14:49),,,,64
22,01kbmnv1tzk9wtfjfm581v898f,Bourdeau,Enzo,Bourdeau Enzo,Male,,,https://athxgames.com/storage/profile-photos/dTBppqpkcMK5KZeiBWxImxhQ5IFOS3dwbNq3q7Ke.jpg,ATHX MARSEILLE 2026,France 🇫🇷,2026,Male,ATHX Pro,Overall,,,24 (360KG),15 (4.839KM),26 (20:52),,,,65
22,01kz8sp852sye2b2ar0dgrtdz4,Lucas,Ginestet,Lucas Ginestet,Male,,,https://ui-avatars.com/api/?name=L+G&color=FFFFFF&background=000000,ATHX MARSEILLE 2026,France 🇫🇷,2026,Male,ATHX Pro,Overall,,,30 (305KG),20 (4.558KM),15 (15:53),,,,65
22,01kdsvkeg3gnde4b4rc3rpzvak,Nicolas,Courtade,Nicolas Courtade,Male,France,Crossfit Tarbes,https://athxgames.com/storage/profile-photos/3Zw7FZRbV9vawuj0dxDjyF0MJE12cnHDtDALgzKg.jpg,ATHX MARSEILLE 2026,France 🇫🇷,2026,Male,ATHX Pro,Overall,,,10 (445KG),30 (4.011KM),25 (19:58),,,,65
25,01kefyktq3459vwytgss95mhq7,Mickael,Heudron,Mickael Heudron,Male,,,https://ui-avatars.com/api/?name=M+H&color=FFFFFF&background=000000,ATHX MARSEILLE 2026,France 🇫🇷,2026,Male,ATHX Pro,Overall,,,31 (295KG),13 (4.926KM),23 (19:30),,,,67
26,01kdt7hj5anx63w7kakg1agq8g,Alexandre,Ridings,Alexandre Ridings,Male,,,https://athxgames.com/storage/profile-photos/zSuxhXu6k0pdhTOzqLfPFVfmnlagfiK33fmHhgXL.jpg,ATHX MARSEILLE 2026,France 🇫🇷,2026,Male,ATHX Pro,Overall,,,28 (324KG),16 (4.801KM),24 (19:46),,,,68
27,01kde8qrdsbbphn22550f4qtg4,Damien,Phelipon Techer,Damien Phelipon Techer,Male,,,https://athxgames.com/storage/profile-photos/r4j3GQpmRGjwpx5zT273Oxz67pgOnN8aBhYJ4Vgu.jpg,ATHX MARSEILLE 2026,France 🇫🇷,2026,Male,ATHX Pro,Overall,,,25 (358KG),19 (4.643KM),27 (21:07),,,,71
27,01kbtse84sqj252yyydydzqtg6,Thibaut,Melgrani,Thibaut Melgrani,Male,France,Crossfit LPM,https://ui-avatars.com/api/?name=T+M&color=FFFFFF&background=000000,ATHX MARSEILLE 2026,France 🇫🇷,2026,Male,ATHX Pro,Overall,,,20 (380KG),22 (4.522KM),29 (22:01),,,,71
29,01kf3eb5kc4ejy2xq2pzjma6mk,Mickael,Coste,Mickael Coste,Male,France,Titanium gym club,https://ui-avatars.com/api/?name=M+C&color=FFFFFF&background=000000,ATHX MARSEILLE 2026,France 🇫🇷,2026,Male,ATHX Pro,Overall,,,23 (370KG),28 (4.266KM),30 (22:07),,,,81
30,01kadwecv17mfzgfcnvcp6ctyb,Fabien,Richard,Fabien Richard,Male,France,White Wolf Training,https://ui-avatars.com/api/?name=F+R&color=FFFFFF&background=000000,ATHX MARSEILLE 2026,France 🇫🇷,2026,Male,ATHX Pro,Overall,,,26 (338KG),29 (4.242KM),31 (24:26),,,,86
1,01kk1j1sg345yh5891pgeqn51q,Aaron,Travers,Aaron Travers,Male,,,https://ui-avatars.com/api/?name=A+T&color=FFFFFF&background=000000,ATHX MARSEILLE 2026,France 🇫🇷,2026,Male,ATHX Pro,Endurance,3KM,2.797KM,,,,,,,1
2,01kgx61932d0w6fjnz3x81g0h4,alan,Cao,alan Cao,Male,,,https://ui-avatars.com/api/?name=a+C&color=FFFFFF&background=000000,ATHX MARSEILLE 2026,France 🇫🇷,2026,Male,ATHX Pro,Endurance,3KM,2.735KM,,,,,,,2
3,01kfzr8f1m5p6z1yp4s2jsed7c,Pierre,Hatinguais,Pierre Hatinguais,Male,,,https://ui-avatars.com/api/?name=P+H&color=FFFFFF&background=000000,ATHX MARSEILLE 2026,France 🇫🇷,2026,Male,ATHX Pro,Endurance,3KM,2.523KM,,,,,,,3
4,01m20gk52595qah4ffakv88ywj,Hugo ,Joug,Hugo  Joug,Male,,,https://ui-avatars.com/api/?name=H++J&color=FFFFFF&background=000000,ATHX MARSEILLE 2026,France 🇫🇷,2026,Male,ATHX Pro,Endurance,3KM,2.371KM,,,,,,,4
5,01kj3559nh6xd7bn18ctwy6dgt,Simon,Guiborat,Simon Guiborat,Male,,,https://ui-avatars.com/api/?name=S+G&color=FFFFFF&background=000000,ATHX MARSEILLE 2026,France 🇫🇷,2026,Male,ATHX Pro,Endurance,3KM,2.316KM,,,,,,,5
6,01kbtry6n3ynen7ha4nbt7dk4p,Thomas,Laviron,Thomas Laviron,Male,,,https://ui-avatars.com/api/?name=T+L&color=FFFFFF&background=000000,ATHX MARSEILLE 2026,France 🇫🇷,2026,Male,ATHX Pro,Endurance,3KM,2.176KM,,,,,,,6
7,01kght585m98gf0vgcb91pn0ek,Micka,Roques,Micka Roques,Male,France,MK,https://ui-avatars.com/api/?name=M+R&color=FFFFFF&background=000000,ATHX MARSEILLE 2026,France 🇫🇷,2026,Male,ATHX Pro,Endurance,3KM,2.169KM,,,,,,,7
8,01kk6xq2scf5cp8y4t5ge4szjj,John,Zakrzewski,John Zakrzewski,Male,France,CrossFit Massilia,https://ui-avatars.com/api/?name=J+Z&color=FFFFFF&background=000000,ATHX MARSEILLE 2026,France 🇫🇷,2026,Male,ATHX Pro,Endurance,3KM,2.034KM,,,,,,,8
9,01kk4bh0fbpddafmtz2gfvesfx,Jules,CASTOR,Jules CASTOR,Male,,,https://ui-avatars.com/api/?name=J+C&color=FFFFFF&background=000000,ATHX MARSEILLE 2026,France 🇫🇷,2026,Male,ATHX Pro,Endurance,3KM,2.011KM,,,,,,,9
10,01kg6prhrynfwn11bcvh44em32,Rémi,Pierson,Rémi Pierson,Male,,,https://ui-avatars.com/api/?name=R+P&color=FFFFFF&background=000000,ATHX MARSEILLE 2026,France 🇫🇷,2026,Male,ATHX Pro,Endurance,2.976KM,2.015KM,,,,,,,10
11,01k9m3q9jat9vbpgzak7qetpds,Alexandre,Bally,Alexandre Bally,Male,,,https://ui-avatars.com/api/?name=A+B&color=FFFFFF&background=000000,ATHX MARSEILLE 2026,France 🇫🇷,2026,Male,ATHX Pro,Endurance,2.936KM,2.012KM,,,,,,,11
12,01kgwntvfp670ktc4k2v28kxvp,Julien,Dal,Julien Dal,Male,,,https://ui-avatars.com/api/?name=J+D&color=FFFFFF&background=000000,ATHX MARSEILLE 2026,France 🇫🇷,2026,Male,ATHX Pro,Endurance,2.928KM,2.007KM,,,,,,,12
13,01kefyktq3459vwytgss95mhq7,Mickael,Heudron,Mickael Heudron,Male,,,https://ui-avatars.com/api/?name=M+H&color=FFFFFF&background=000000,ATHX MARSEILLE 2026,France 🇫🇷,2026,Male,ATHX Pro,Endurance,2.902KM,2.024KM,,,,,,,13
14,01kpdz5mz3grfjaek0yyajg8mw,Kevin,Vinuesa,Kevin Vinuesa,Male,,,https://ui-avatars.com/api/?name=K+V&color=FFFFFF&background=000000,ATHX MARSEILLE 2026,France 🇫🇷,2026,Male,ATHX Pro,Endurance,2.847KM,2.026KM,,,,,,,14
15,01kbmnv1tzk9wtfjfm581v898f,Bourdeau,Enzo,Bourdeau Enzo,Male,,,https://athxgames.com/storage/profile-photos/dTBppqpkcMK5KZeiBWxImxhQ5IFOS3dwbNq3q7Ke.jpg,ATHX MARSEILLE 2026,France 🇫🇷,2026,Male,ATHX Pro,Endurance,2.836KM,2.003KM,,,,,,,15
16,01kdt7hj5anx63w7kakg1agq8g,Alexandre,Ridings,Alexandre Ridings,Male,,,https://athxgames.com/storage/profile-photos/zSuxhXu6k0pdhTOzqLfPFVfmnlagfiK33fmHhgXL.jpg,ATHX MARSEILLE 2026,France 🇫🇷,2026,Male,ATHX Pro,Endurance,2.782KM,2.019KM,,,,,,,16
17,01kgrg9sestxf19qvtmma7b6hd,Gaël,Caulier,Gaël Caulier,Male,,,https://ui-avatars.com/api/?name=G+C&color=FFFFFF&background=000000,ATHX MARSEILLE 2026,France 🇫🇷,2026,Male,ATHX Pro,Endurance,2.744KM,2.009KM,,,,,,,17
18,01k9392z85naaksfzam1qs3n7k,Kewin,Bordas,Kewin Bordas,Male,France,,https://athxgames.com/storage/profile-photos/EYAUlRl7IS4PfWQfDdehgajqo1edjE2sYMRsTMJ2.jpg,ATHX MARSEILLE 2026,France 🇫🇷,2026,Male,ATHX Pro,Endurance,2.705KM,2.012KM,,,,,,,18
19,01kde8qrdsbbphn22550f4qtg4,Damien,Phelipon Techer,Damien Phelipon Techer,Male,,,https://athxgames.com/storage/profile-photos/r4j3GQpmRGjwpx5zT273Oxz67pgOnN8aBhYJ4Vgu.jpg,ATHX MARSEILLE 2026,France 🇫🇷,2026,Male,ATHX Pro,Endurance,2.634KM,2.009KM,,,,,,,19
20,01kz8sp852sye2b2ar0dgrtdz4,Lucas,Ginestet,Lucas Ginestet,Male,,,https://ui-avatars.com/api/?name=L+G&color=FFFFFF&background=000000,ATHX MARSEILLE 2026,France 🇫🇷,2026,Male,ATHX Pro,Endurance,2.288KM,2.27KM,,,,,,,20
21,01kbmwj1vnesc3bgz9xaa84kqg,Brice,COLLIDOR,Brice COLLIDOR,Male,France,Fitness Park,https://athxgames.com/storage/profile-photos/G0sCqZgPK1hmq2MvaTRVfQVou2PWJLsdCceIc48g.jpg,ATHX MARSEILLE 2026,France 🇫🇷,2026,Male,ATHX Pro,Endurance,2.526KM,2.007KM,,,,,,,21
22,01kbtse84sqj252yyydydzqtg6,Thibaut,Melgrani,Thibaut Melgrani,Male,France,Crossfit LPM,https://ui-avatars.com/api/?name=T+M&color=FFFFFF&background=000000,ATHX MARSEILLE 2026,France 🇫🇷,2026,Male,ATHX Pro,Endurance,2.514KM,2.008KM,,,,,,,22
23,01kdbvvhwqydqh67qmszprrx29,Jean-Baptiste,Pique,Jean-Baptiste Pique,Male,,,https://ui-avatars.com/api/?name=J+P&color=FFFFFF&background=000000,ATHX MARSEILLE 2026,France 🇫🇷,2026,Male,ATHX Pro,Endurance,2.25KM,2.265KM,,,,,,,23
24,01kb4qw2mczgecrxy4pv8mrnj0,Joël,Tozzi,Joël Tozzi,Male,France,powrFit,https://ui-avatars.com/api/?name=J+T&color=FFFFFF&background=000000,ATHX MARSEILLE 2026,France 🇫🇷,2026,Male,ATHX Pro,Endurance,2.442KM,2.006KM,,,,,,,24
25,01kk4r8mckh0kgyzrwg26venkr,Loic,Tiouane,Loic Tiouane,Male,,,https://ui-avatars.com/api/?name=L+T&color=FFFFFF&background=000000,ATHX MARSEILLE 2026,France 🇫🇷,2026,Male,ATHX Pro,Endurance,2.401KM,2.01KM,,,,,,,25
26,01kgqh8dfkh7vv3n9am3y47f5s,Cyril,Jouanique,Cyril Jouanique,Male,France,Beast légion,https://athxgames.com/storage/profile-photos/MYSghD8ADf5jzssIbhcB9qx3CBaeE774Nx8RvoAe.jpg,ATHX MARSEILLE 2026,France 🇫🇷,2026,Male,ATHX Pro,Endurance,2.387KM,2.016KM,,,,,,,26
27,01kj6m2q6jqk8nqgvmtnx25vnc,Claudio,Hemmerdinger,Claudio Hemmerdinger,Male,Chile,,https://ui-avatars.com/api/?name=C+H&color=FFFFFF&background=000000,ATHX MARSEILLE 2026,France 🇫🇷,2026,Male,ATHX Pro,Endurance,2.295KM,2.014KM,,,,,,,27
28,01kf3eb5kc4ejy2xq2pzjma6mk,Mickael,Coste,Mickael Coste,Male,France,Titanium gym club,https://ui-avatars.com/api/?name=M+C&color=FFFFFF&background=000000,ATHX MARSEILLE 2026,France 🇫🇷,2026,Male,ATHX Pro,Endurance,2.256KM,2.01KM,,,,,,,28
29,01kadwecv17mfzgfcnvcp6ctyb,Fabien,Richard,Fabien Richard,Male,France,White Wolf Training,https://ui-avatars.com/api/?name=F+R&color=FFFFFF&background=000000,ATHX MARSEILLE 2026,France 🇫🇷,2026,Male,ATHX Pro,Endurance,2.225KM,2.017KM,,,,,,,29
30,01kdsvkeg3gnde4b4rc3rpzvak,Nicolas,Courtade,Nicolas Courtade,Male,France,Crossfit Tarbes,https://athxgames.com/storage/profile-photos/3Zw7FZRbV9vawuj0dxDjyF0MJE12cnHDtDALgzKg.jpg,ATHX MARSEILLE 2026,France 🇫🇷,2026,Male,ATHX Pro,Endurance,2KM,2.011KM,,,,,,,30
1,01kszxz4b8e3ea412rf30tsaa0,Katariina,Kukko,Katariina Kukko,Female,,,https://ui-avatars.com/api/?name=K+K&color=FFFFFF&background=000000,ATHX MARSEILLE 2026,France 🇫🇷,2026,Female,ATHX,MetCon X,,,,,09:13,,,,1
2,01h483ztcfe5ddx3hq10my9bdx,claire,wright,claire wright,Female,,MARCHON,https://ui-avatars.com/api/?name=c+w&color=FFFFFF&background=000000,ATHX MARSEILLE 2026,France 🇫🇷,2026,Female,ATHX,MetCon X,,,,,09:30,,,,2
3,01h03yhg6tm3stz4akx69akers,Taz,Cheema,Taz Cheema,Female,,,https://ui-avatars.com/api/?name=T+C&color=FFFFFF&background=000000,ATHX MARSEILLE 2026,France 🇫🇷,2026,Female,ATHX,MetCon X,,,,,09:51,,,,3
4,01k9vrgavk9j0tjt8k780mpn4r,Elise,Beranger,Elise Beranger,Female,France,,https://ui-avatars.com/api/?name=E+B&color=FFFFFF&background=000000,ATHX MARSEILLE 2026,France 🇫🇷,2026,Female,ATHX,MetCon X,,,,,09:58,,,,4
5,01kmmtkp9twssepv290mjtyc7m,Zara,Bullimore,Zara Bullimore,Female,,,https://ui-avatars.com/api/?name=Z+B&color=FFFFFF&background=000000,ATHX MARSEILLE 2026,France 🇫🇷,2026,Female,ATHX,MetCon X,,,,,10:02,,,,5
6,01kznew3j4214j8brhz2yqxrnj,Pauline,Reynet,Pauline Reynet,Female,,,https://ui-avatars.com/api/?name=P+R&color=FFFFFF&background=000000,ATHX MARSEILLE 2026,France 🇫🇷,2026,Female,ATHX,MetCon X,,,,,10:10,,,,6
7,01kjaknaycf7pd1tvt01ajdv0t,Pecel,Vanessa,Pecel Vanessa,Female,,,https://ui-avatars.com/api/?name=P+V&color=FFFFFF&background=000000,ATHX MARSEILLE 2026,France 🇫🇷,2026,Female,ATHX,MetCon X,,,,,10:45,,,,7
8,01kw9qjsfy7p2g6g2bpv8em3kv,Coralie,Moustier,Coralie Moustier,Female,,,https://ui-avatars.com/api/?name=C+M&color=FFFFFF&background=000000,ATHX MARSEILLE 2026,France 🇫🇷,2026,Female,ATHX,MetCon X,,,,,10:59,,,,8
9,01ktfa5sgeqj82net100ejg3pz,Klaudia,Kepner,Klaudia Kepner,Female,,,https://ui-avatars.com/api/?name=K+K&color=FFFFFF&background=000000,ATHX MARSEILLE 2026,France 🇫🇷,2026,Female,ATHX,MetCon X,,,,,11:03,,,,9
10,01kcxh7912wb8cmkbgbvqmj2zp,Jolit,Eva,Jolit Eva,Female,,,https://ui-avatars.com/api/?name=J+E&color=FFFFFF&background=000000,ATHX MARSEILLE 2026,France 🇫🇷,2026,Female,ATHX,MetCon X,,,,,11:10,,,,10
11,01kqt4x6g49egn9pw9jqn1knrs,Roxanne,Camhaji,Roxanne Camhaji,Female,,,https://ui-avatars.com/api/?name=R+C&color=FFFFFF&background=000000,ATHX MARSEILLE 2026,France 🇫🇷,2026,Female,ATHX,MetCon X,,,,,11:15,,,,11
12,01j9w0gzhfvng8ftre0rmwyg26,Florence,Kinnafick,Florence Kinnafick,Female,United Kingdom,CrossFit Leamington,https://ui-avatars.com/api/?name=F+K&color=FFFFFF&background=000000,ATHX MARSEILLE 2026,France 🇫🇷,2026,Female,ATHX,MetCon X,,,,,11:20,,,,12
13,01kgjgta0bj0whzegva7pb230k,GATTi,Muriel,GATTi Muriel,Female,,,https://ui-avatars.com/api/?name=G+M&color=FFFFFF&background=000000,ATHX MARSEILLE 2026,France 🇫🇷,2026,Female,ATHX,MetCon X,,,,,11:27,,,,13
14,01kqhe4w22cnaj0ek4thtds0qs,Mélody,Denni,Mélody Denni,Female,,,https://ui-avatars.com/api/?name=M+D&color=FFFFFF&background=000000,ATHX MARSEILLE 2026,France 🇫🇷,2026,Female,ATHX,MetCon X,,,,,11:34,,,,14
15,01kq5dm08wpwxepzb0mnq974xm,Lisa,Palavesin,Lisa Palavesin,Female,,,https://ui-avatars.com/api/?name=L+P&color=FFFFFF&background=000000,ATHX MARSEILLE 2026,France 🇫🇷,2026,Female,ATHX,MetCon X,,,,,11:45,,,,15
15,01kgm3p8ynfx750zph89jn25ee,Ann-Katrin,Hinze,Ann-Katrin Hinze,Female,Germany,,https://ui-avatars.com/api/?name=A+H&color=FFFFFF&background=000000,ATHX MARSEILLE 2026,France 🇫🇷,2026,Female,ATHX,MetCon X,,,,,11:45,,,,15
17,01kj0xy9d4qrbt66pnx3aj0wfm,Noémie,Vigneron,Noémie Vigneron,Female,,,https://ui-avatars.com/api/?name=N+V&color=FFFFFF&background=000000,ATHX MARSEILLE 2026,France 🇫🇷,2026,Female,ATHX,MetCon X,,,,,11:47,,,,17
18,01kh4mh3mf2phh71z0jsafr8t9,julie,Gobilliard,julie Gobilliard,Female,,,https://ui-avatars.com/api/?name=j+G&color=FFFFFF&background=000000,ATHX MARSEILLE 2026,France 🇫🇷,2026,Female,ATHX,MetCon X,,,,,12:00,,,,18
19,01kbsyaee46hxcezb7cwbttpzc,Magali,BITTER,Magali BITTER,Female,France,,https://ui-avatars.com/api/?name=M+B&color=FFFFFF&background=000000,ATHX MARSEILLE 2026,France 🇫🇷,2026,Female,ATHX,MetCon X,,,,,12:04,,,,19
20,01kep99n10xrb1t7432dhf81dq,Catherine,DEVEZE,Catherine DEVEZE,Female,,,https://ui-avatars.com/api/?name=C+D&color=FFFFFF&background=000000,ATHX MARSEILLE 2026,France 🇫🇷,2026,Female,ATHX,MetCon X,,,,,12:11,,,,20
20,01kznzjx5j3f82jp20ggf8d882,Célia,Ladjimi,Célia Ladjimi,Female,,,https://ui-avatars.com/api/?name=C+L&color=FFFFFF&background=000000,ATHX MARSEILLE 2026,France 🇫🇷,2026,Female,ATHX,MetCon X,,,,,12:11,,,,20
22,01ke9v53t0bqqr7pa211j4v5mw,Susana,Naranjo,Susana Naranjo,Female,,,https://ui-avatars.com/api/?name=S+N&color=FFFFFF&background=000000,ATHX MARSEILLE 2026,France 🇫🇷,2026,Female,ATHX,MetCon X,,,,,12:12,,,,22
23,01hnrnq7mec895hx1vhfc61na9,Lesley,Terry,Lesley Terry,Female,,,https://ui-avatars.com/api/?name=L+T&color=FFFFFF&background=000000,ATHX MARSEILLE 2026,France 🇫🇷,2026,Female,ATHX,MetCon X,,,,,12:17,,,,23
23,01kdz2k3jk17r49j958zbgw2m3,Queiros,Mathilde,Queiros Mathilde,Female,France,Crossfit Fontainebleau,https://ui-avatars.com/api/?name=Q+M&color=FFFFFF&background=000000,ATHX MARSEILLE 2026,France 🇫🇷,2026,Female,ATHX,MetCon X,,,,,12:17,,,,23
25,01ka8mayj2d6fetas2de02g41g,Audrey,Gimenez,Audrey Gimenez,Female,,,https://ui-avatars.com/api/?name=A+G&color=FFFFFF&background=000000,ATHX MARSEILLE 2026,France 🇫🇷,2026,Female,ATHX,MetCon X,,,,,12:37,,,,25
26,01ke0ez2twhyqc16266gbpaa4c,Alexandra,MURATOVIC,Alexandra MURATOVIC,Female,,,https://ui-avatars.com/api/?name=A+M&color=FFFFFF&background=000000,ATHX MARSEILLE 2026,France 🇫🇷,2026,Female,ATHX,MetCon X,,,,,12:46,,,,26
27,01kqd5tykke6tfp2yxqphasbhs,Nathalie,Verduijn,Nathalie Verduijn,Female,,,https://ui-avatars.com/api/?name=N+V&color=FFFFFF&background=000000,ATHX MARSEILLE 2026,France 🇫🇷,2026,Female,ATHX,MetCon X,,,,,12:50,,,,27
28,01kq0frnjrk9gypwvwk5kgpax9,Lauriane,Walle,Lauriane Walle,Female,France,,https://ui-avatars.com/api/?name=L+W&color=FFFFFF&background=000000,ATHX MARSEILLE 2026,France 🇫🇷,2026,Female,ATHX,MetCon X,,,,,12:57,,,,28
29,01ke0gzs1t0383ev9cbtzk0p1f,Francoise,GOMEZ,Francoise GOMEZ,Female,France,Fitness Park,https://ui-avatars.com/api/?name=F+G&color=FFFFFF&background=000000,ATHX MARSEILLE 2026,France 🇫🇷,2026,Female,ATHX,MetCon X,,,,,13:07,,,,29
30,01kc4w2ayr67wd7bx9rzj8t63w,Caroline,Bai,Caroline Bai,Female,,,https://ui-avatars.com/api/?name=C+B&color=FFFFFF&background=000000,ATHX MARSEILLE 2026,France 🇫🇷,2026,Female,ATHX,MetCon X,,,,,13:10,,,,30
31,01kka41wvafyffeeh3vj56y62y,Emmanuelle,Filancia,Emmanuelle Filancia,Female,,,https://ui-avatars.com/api/?name=E+F&color=FFFFFF&background=000000,ATHX MARSEILLE 2026,France 🇫🇷,2026,Female,ATHX,MetCon X,,,,,13:22,,,,31
32,01kxvdwm0hg927dmybthbqct48,Tina,Gozzi,Tina Gozzi,Female,,,https://ui-avatars.com/api/?name=T+G&color=FFFFFF&background=000000,ATHX MARSEILLE 2026,France 🇫🇷,2026,Female,ATHX,MetCon X,,,,,13:23,,,,32
33,01kqs0jq1mqktpt6ndc33fmykz,Vanessa,Cumbo,Vanessa Cumbo,Female,,,https://ui-avatars.com/api/?name=V+C&color=FFFFFF&background=000000,ATHX MARSEILLE 2026,France 🇫🇷,2026,Female,ATHX,MetCon X,,,,,13:36,,,,33
34,01k9vpma4r58jzjaxh26zyynbt,Sihali,Camilia,Sihali Camilia,Female,,,https://ui-avatars.com/api/?name=S+C&color=FFFFFF&background=000000,ATHX MARSEILLE 2026,France 🇫🇷,2026,Female,ATHX,MetCon X,,,,,13:37,,,,34
35,01kc6ejpqn1ta7kzwcyn9ady45,Natalia,Uszyñski,Natalia Uszyñski,Female,Spain,,https://ui-avatars.com/api/?name=N+U&color=FFFFFF&background=000000,ATHX MARSEILLE 2026,France 🇫🇷,2026,Female,ATHX,MetCon X,,,,,13:42,,,,35
36,01kxx656fwxwvg11b5mmccwvhm,Elaine,Shanks,Elaine Shanks,Female,,,https://ui-avatars.com/api/?name=E+S&color=FFFFFF&background=000000,ATHX MARSEILLE 2026,France 🇫🇷,2026,Female,ATHX,MetCon X,,,,,13:49,,,,36
37,01k9w75a04kcw3ake0z5bhza9p,Anne-Fleur,Karp,Anne-Fleur Karp,Female,,,https://ui-avatars.com/api/?name=A+K&color=FFFFFF&background=000000,ATHX MARSEILLE 2026,France 🇫🇷,2026,Female,ATHX,MetCon X,,,,,13:54,,,,37
38,01kfzf4dnb71gvd435vyq0v49r,Camille,SAINT-CRICQ,Camille SAINT-CRICQ,Female,,,https://ui-avatars.com/api/?name=C+S&color=FFFFFF&background=000000,ATHX MARSEILLE 2026,France 🇫🇷,2026,Female,ATHX,MetCon X,,,,,14:06,,,,38
39,01kexehep1n35v9r7kwp0syhbk,Barbara,DRILLAUD,Barbara DRILLAUD,Female,,,https://ui-avatars.com/api/?name=B+D&color=FFFFFF&background=000000,ATHX MARSEILLE 2026,France 🇫🇷,2026,Female,ATHX,MetCon X,,,,,14:17,,,,39
40,01kkwhdtqtterzjchkda2p1be9,Salma,Khalfaoui,Salma Khalfaoui,Female,Tunisia,Salma Khalfaoui,https://ui-avatars.com/api/?name=S+K&color=FFFFFF&background=000000,ATHX MARSEILLE 2026,France 🇫🇷,2026,Female,ATHX,MetCon X,,,,,14:36,,,,40
41,01k9wxbgc8cgjb6k3qvqeg0ke5,Lisa,Berthier,Lisa Berthier,Female,,,https://ui-avatars.com/api/?name=L+B&color=FFFFFF&background=000000,ATHX MARSEILLE 2026,France 🇫🇷,2026,Female,ATHX,MetCon X,,,,,14:37,,,,41
42,01kqh7njjffkff3x9nw8c2pzkk,Lilou,Vanteux,Lilou Vanteux,Female,,,https://ui-avatars.com/api/?name=L+V&color=FFFFFF&background=000000,ATHX MARSEILLE 2026,France 🇫🇷,2026,Female,ATHX,MetCon X,,,,,14:38,,,,42
43,01m2nfx9xyqg0q3c2rpjd0yjxk,Laure ,Benoit,Laure  Benoit,Female,,,https://ui-avatars.com/api/?name=L++B&color=FFFFFF&background=000000,ATHX MARSEILLE 2026,France 🇫🇷,2026,Female,ATHX,MetCon X,,,,,14:40,,,,43
44,01krgjjywsz584s4wxcsxe18h0,Brunehilde,Carniel-Perrin,Brunehilde Carniel-Perrin,Female,France,,https://athxgames.com/storage/profile-photos/QSRCO6H5YaQ9VY8uLVRFVL2uBWIoELeh8ErBQ8mC.jpg,ATHX MARSEILLE 2026,France 🇫🇷,2026,Female,ATHX,MetCon X,,,,,15:34,,,,44
45,01kn1xez9pqx0s3bqvd2v1n98w,Julie,Mourrut,Julie Mourrut,Female,,,https://ui-avatars.com/api/?name=J+M&color=FFFFFF&background=000000,ATHX MARSEILLE 2026,France 🇫🇷,2026,Female,ATHX,MetCon X,,,,,15:57,,,,45
46,01ke7zf43tw7mfh61zm64zfy0y,Ludivine,TEIXEIRA,Ludivine TEIXEIRA,Female,,,https://ui-avatars.com/api/?name=L+T&color=FFFFFF&background=000000,ATHX MARSEILLE 2026,France 🇫🇷,2026,Female,ATHX,MetCon X,,,,,16:54,,,,46
47,01kp1s1325ba6nr66haemfre4s,alycia,frcs,alycia frcs,Female,,,https://ui-avatars.com/api/?name=a+f&color=FFFFFF&background=000000,ATHX MARSEILLE 2026,France 🇫🇷,2026,Female,ATHX,MetCon X,,,,,16:56,,,,47
48,01krydhaw66qrbb8payzfx8t35,Carole,CAVALLARO,Carole CAVALLARO,Female,,,https://ui-avatars.com/api/?name=C+C&color=FFFFFF&background=000000,ATHX MARSEILLE 2026,France 🇫🇷,2026,Female,ATHX,MetCon X,,,,,17:16,,,,48
49,01ksptb3sbmxbk6t74tdf0345p,Alizée,MASSET,Alizée MASSET,Female,,,https://ui-avatars.com/api/?name=A+M&color=FFFFFF&background=000000,ATHX MARSEILLE 2026,France 🇫🇷,2026,Female,ATHX,MetCon X,,,,,17:18,,,,49
50,01kd2pn7xvbknwrw795znzb3qr,Emeline,Marly,Emeline Marly,Female,France,IN SPORT CROIX,https://ui-avatars.com/api/?name=E+M&color=FFFFFF&background=000000,ATHX MARSEILLE 2026,France 🇫🇷,2026,Female,ATHX,MetCon X,,,,,17:21,,,,50
51,01kn57rw74cvm4tsd4mvb4dcq7,Ophélie,Denat,Ophélie Denat,Female,,,https://ui-avatars.com/api/?name=O+D&color=FFFFFF&background=000000,ATHX MARSEILLE 2026,France 🇫🇷,2026,Female,ATHX,MetCon X,,,,,17:53,,,,51
52,01m2nfv0jqaxvz3hxtbw62nchb,Agathe,TBC,Agathe TBC,Female,,,https://ui-avatars.com/api/?name=A+T&color=FFFFFF&background=000000,ATHX MARSEILLE 2026,France 🇫🇷,2026,Female,ATHX,MetCon X,,,,,18:19,,,,52
53,01k8405q0w2k66sxba4c6a0eyq,Wiebke,Eggers,Wiebke Eggers,Female,Germany,Kamroc,https://ui-avatars.com/api/?name=W+E&color=FFFFFF&background=000000,ATHX MARSEILLE 2026,France 🇫🇷,2026,Female,ATHX,MetCon X,,,,,19:35,,,,53
54,01kbhqzm62a14papeaentb79ff,Amel,Bonnevie,Amel Bonnevie,Female,France,,https://ui-avatars.com/api/?name=A+B&color=FFFFFF&background=000000,ATHX MARSEILLE 2026,France 🇫🇷,2026,Female,ATHX,MetCon X,,,,,19:36,,,,54
55,01km9dhmp43d8tbhastnpksyp7,Gnanfing Maya,Diabate,Gnanfing Maya Diabate,Female,,,https://ui-avatars.com/api/?name=G+M+D&color=FFFFFF&background=000000,ATHX MARSEILLE 2026,France 🇫🇷,2026,Female,ATHX,MetCon X,,,,,20:14,,,,55
56,01kag5eqddyshjsgsegcbhbpb2,Raissath,ASSIMIOU,Raissath ASSIMIOU,Female,,,https://ui-avatars.com/api/?name=R+A&color=FFFFFF&background=000000,ATHX MARSEILLE 2026,France 🇫🇷,2026,Female,ATHX,MetCon X,,,,,21:32,,,,56
57,01kefe7zea86pxn4ndx7fcexcd,Martine,Beloeil,Martine Beloeil,Female,,Crossfit Cannes,https://ui-avatars.com/api/?name=M+B&color=FFFFFF&background=000000,ATHX MARSEILLE 2026,France 🇫🇷,2026,Female,ATHX,MetCon X,,,,,27:00,,,,57
1,01kdpte8cqxmf9xyryr0csb9nv,OLGA,KARTOEV,OLGA KARTOEV,Female,,,https://ui-avatars.com/api/?name=O+K&color=FFFFFF&background=000000,ATHX MARSEILLE 2026,France 🇫🇷,2026,Female,ATHX Pro,Strength,,,,,,48KG,128KG,140KG,1
2,01kee9q3g315e0kz6d2tzx8x0f,Kamila,Bogucka Żołędziewska,Kamila Bogucka Żołędziewska,Female,Poland,Manticore,https://ui-avatars.com/api/?name=K+B+%C5%BB&color=FFFFFF&background=000000,ATHX MARSEILLE 2026,France 🇫🇷,2026,Female,ATHX Pro,Strength,,,,,,54KG,118KG,130KG,2
3,01kbhpzqyw0m9p9ka8kwz34jwp,marion,dubois,marion dubois,Female,,,https://ui-avatars.com/api/?name=m+d&color=FFFFFF&background=000000,ATHX MARSEILLE 2026,France 🇫🇷,2026,Female,ATHX Pro,Strength,,,,,,45KG,108KG,120KG,3
4,01kqb1gekvr0x8fwxft8hrt6jq,Olivia,Gaeremynck,Olivia Gaeremynck,Female,,,https://ui-avatars.com/api/?name=O+G&color=FFFFFF&background=000000,ATHX MARSEILLE 2026,France 🇫🇷,2026,Female,ATHX Pro,Strength,,,,,,52KG,100KG,120KG,4
5,01k71r934w7ttsh61ghfvjt6tv,Julie,Rose,Julie Rose,Female,France,Flag,https://ui-avatars.com/api/?name=J+R&color=FFFFFF&background=000000,ATHX MARSEILLE 2026,France 🇫🇷,2026,Female,ATHX Pro,Strength,,,,,,40KG,90KG,114KG,5
6,01ky0ff7nvhp5qc0hr35my23n5,Manon,Cueto,Manon Cueto,Female,,,https://ui-avatars.com/api/?name=M+C&color=FFFFFF&background=000000,ATHX MARSEILLE 2026,France 🇫🇷,2026,Female,ATHX Pro,Strength,,,,,,47KG,85KG,107KG,6
7,01kegwwn0krd8c7svb51j5sf98,Diana Eve,Tahere,Diana Eve Tahere,Female,,,https://ui-avatars.com/api/?name=D+E+T&color=FFFFFF&background=000000,ATHX MARSEILLE 2026,France 🇫🇷,2026,Female,ATHX Pro,Strength,,,,,,43KG,67KG,100KG,7
8,01kew8ar04b5zvnp41gghxg7wv,Blanche,de Montfumat,Blanche de Montfumat,Female,France,,https://ui-avatars.com/api/?name=B+d+M&color=FFFFFF&background=000000,ATHX MARSEILLE 2026,France 🇫🇷,2026,Female,ATHX Pro,Strength,,,,,,38KG,60KG,80KG,8
1,01ke0gzs1t0383ev9cbtzk0p1f,Francoise,GOMEZ,Francoise GOMEZ,Female,France,Fitness Park,https://ui-avatars.com/api/?name=F+G&color=FFFFFF&background=000000,ATHX MARSEILLE 2026,France 🇫🇷,2026,Female,ATHX,Strength,,,,,,46KG,110KG,170KG,1
2,01ktfa5sgeqj82net100ejg3pz,Klaudia,Kepner,Klaudia Kepner,Female,,,https://ui-avatars.com/api/?name=K+K&color=FFFFFF&background=000000,ATHX MARSEILLE 2026,France 🇫🇷,2026,Female,ATHX,Strength,,,,,,50KG,123KG,144KG,2
3,01kjaknaycf7pd1tvt01ajdv0t,Pecel,Vanessa,Pecel Vanessa,Female,,,https://ui-avatars.com/api/?name=P+V&color=FFFFFF&background=000000,ATHX MARSEILLE 2026,France 🇫🇷,2026,Female,ATHX,Strength,,,,,,55KG,120KG,125KG,3
4,01kqhe4w22cnaj0ek4thtds0qs,Mélody,Denni,Mélody Denni,Female,,,https://ui-avatars.com/api/?name=M+D&color=FFFFFF&background=000000,ATHX MARSEILLE 2026,France 🇫🇷,2026,Female,ATHX,Strength,,,,,,50KG,115KG,132KG,4
5,01h483ztcfe5ddx3hq10my9bdx,claire,wright,claire wright,Female,,MARCHON,https://ui-avatars.com/api/?name=c+w&color=FFFFFF&background=000000,ATHX MARSEILLE 2026,France 🇫🇷,2026,Female,ATHX,Strength,,,,,,53KG,108KG,130KG,5
6,01kmmtkp9twssepv290mjtyc7m,Zara,Bullimore,Zara Bullimore,Female,,,https://ui-avatars.com/api/?name=Z+B&color=FFFFFF&background=000000,ATHX MARSEILLE 2026,France 🇫🇷,2026,Female,ATHX,Strength,,,,,,53KG,105KG,130KG,6
7,01kka41wvafyffeeh3vj56y62y,Emmanuelle,Filancia,Emmanuelle Filancia,Female,,,https://ui-avatars.com/api/?name=E+F&color=FFFFFF&background=000000,ATHX MARSEILLE 2026,France 🇫🇷,2026,Female,ATHX,Strength,,,,,,51KG,105KG,120KG,7
8,01k9vrgavk9j0tjt8k780mpn4r,Elise,Beranger,Elise Beranger,Female,France,,https://ui-avatars.com/api/?name=E+B&color=FFFFFF&background=000000,ATHX MARSEILLE 2026,France 🇫🇷,2026,Female,ATHX,Strength,,,,,,45KG,100KG,130KG,8
9,01k8405q0w2k66sxba4c6a0eyq,Wiebke,Eggers,Wiebke Eggers,Female,Germany,Kamroc,https://ui-avatars.com/api/?name=W+E&color=FFFFFF&background=000000,ATHX MARSEILLE 2026,France 🇫🇷,2026,Female,ATHX,Strength,,,,,,50KG,98KG,117KG,9
10,01j9w0gzhfvng8ftre0rmwyg26,Florence,Kinnafick,Florence Kinnafick,Female,United Kingdom,CrossFit Leamington,https://ui-avatars.com/api/?name=F+K&color=FFFFFF&background=000000,ATHX MARSEILLE 2026,France 🇫🇷,2026,Female,ATHX,Strength,,,,,,43KG,105KG,115KG,10
11,01kszxz4b8e3ea412rf30tsaa0,Katariina,Kukko,Katariina Kukko,Female,,,https://ui-avatars.com/api/?name=K+K&color=FFFFFF&background=000000,ATHX MARSEILLE 2026,France 🇫🇷,2026,Female,ATHX,Strength,,,,,,42KG,108KG,110KG,11
12,01k9vpma4r58jzjaxh26zyynbt,Sihali,Camilia,Sihali Camilia,Female,,,https://ui-avatars.com/api/?name=S+C&color=FFFFFF&background=000000,ATHX MARSEILLE 2026,France 🇫🇷,2026,Female,ATHX,Strength,,,,,,40KG,94KG,120KG,12
13,01ksptb3sbmxbk6t74tdf0345p,Alizée,MASSET,Alizée MASSET,Female,,,https://ui-avatars.com/api/?name=A+M&color=FFFFFF&background=000000,ATHX MARSEILLE 2026,France 🇫🇷,2026,Female,ATHX,Strength,,,,,,44KG,103KG,103KG,13
14,01kw9qjsfy7p2g6g2bpv8em3kv,Coralie,Moustier,Coralie Moustier,Female,,,https://ui-avatars.com/api/?name=C+M&color=FFFFFF&background=000000,ATHX MARSEILLE 2026,France 🇫🇷,2026,Female,ATHX,Strength,,,,,,38KG,100KG,110KG,14
14,01kd2pn7xvbknwrw795znzb3qr,Emeline,Marly,Emeline Marly,Female,France,IN SPORT CROIX,https://ui-avatars.com/api/?name=E+M&color=FFFFFF&background=000000,ATHX MARSEILLE 2026,France 🇫🇷,2026,Female,ATHX,Strength,,,,,,38KG,100KG,110KG,14
16,01h03yhg6tm3stz4akx69akers,Taz,Cheema,Taz Cheema,Female,,,https://ui-avatars.com/api/?name=T+C&color=FFFFFF&background=000000,ATHX MARSEILLE 2026,France 🇫🇷,2026,Female,ATHX,Strength,,,,,,43KG,88KG,115KG,16
17,01kcxh7912wb8cmkbgbvqmj2zp,Jolit,Eva,Jolit Eva,Female,,,https://ui-avatars.com/api/?name=J+E&color=FFFFFF&background=000000,ATHX MARSEILLE 2026,France 🇫🇷,2026,Female,ATHX,Strength,,,,,,46KG,90KG,108KG,17
18,01ka8mayj2d6fetas2de02g41g,Audrey,Gimenez,Audrey Gimenez,Female,,,https://ui-avatars.com/api/?name=A+G&color=FFFFFF&background=000000,ATHX MARSEILLE 2026,France 🇫🇷,2026,Female,ATHX,Strength,,,,,,40KG,85KG,118KG,18
18,01kq5dm08wpwxepzb0mnq974xm,Lisa,Palavesin,Lisa Palavesin,Female,,,https://ui-avatars.com/api/?name=L+P&color=FFFFFF&background=000000,ATHX MARSEILLE 2026,France 🇫🇷,2026,Female,ATHX,Strength,,,,,,38KG,95KG,110KG,18
20,01kbsyaee46hxcezb7cwbttpzc,Magali,BITTER,Magali BITTER,Female,France,,https://ui-avatars.com/api/?name=M+B&color=FFFFFF&background=000000,ATHX MARSEILLE 2026,France 🇫🇷,2026,Female,ATHX,Strength,,,,,,40KG,80KG,120KG,20
20,01kqh7njjffkff3x9nw8c2pzkk,Lilou,Vanteux,Lilou Vanteux,Female,,,https://ui-avatars.com/api/?name=L+V&color=FFFFFF&background=000000,ATHX MARSEILLE 2026,France 🇫🇷,2026,Female,ATHX,Strength,,,,,,35KG,100KG,105KG,20
22,01kdz2k3jk17r49j958zbgw2m3,Queiros,Mathilde,Queiros Mathilde,Female,France,Crossfit Fontainebleau,https://ui-avatars.com/api/?name=Q+M&color=FFFFFF&background=000000,ATHX MARSEILLE 2026,France 🇫🇷,2026,Female,ATHX,Strength,,,,,,44KG,80KG,114KG,22
23,01kznzjx5j3f82jp20ggf8d882,Célia,Ladjimi,Célia Ladjimi,Female,,,https://ui-avatars.com/api/?name=C+L&color=FFFFFF&background=000000,ATHX MARSEILLE 2026,France 🇫🇷,2026,Female,ATHX,Strength,,,,,,35KG,100KG,102KG,23
24,01kgjgta0bj0whzegva7pb230k,GATTi,Muriel,GATTi Muriel,Female,,,https://ui-avatars.com/api/?name=G+M&color=FFFFFF&background=000000,ATHX MARSEILLE 2026,France 🇫🇷,2026,Female,ATHX,Strength,,,,,,38KG,83KG,110KG,24
25,01kbhqzm62a14papeaentb79ff,Amel,Bonnevie,Amel Bonnevie,Female,France,,https://ui-avatars.com/api/?name=A+B&color=FFFFFF&background=000000,ATHX MARSEILLE 2026,France 🇫🇷,2026,Female,ATHX,Strength,,,,,,43KG,85KG,100KG,25
25,01kep99n10xrb1t7432dhf81dq,Catherine,DEVEZE,Catherine DEVEZE,Female,,,https://ui-avatars.com/api/?name=C+D&color=FFFFFF&background=000000,ATHX MARSEILLE 2026,France 🇫🇷,2026,Female,ATHX,Strength,,,,,,38KG,75KG,115KG,25
25,01kznew3j4214j8brhz2yqxrnj,Pauline,Reynet,Pauline Reynet,Female,,,https://ui-avatars.com/api/?name=P+R&color=FFFFFF&background=000000,ATHX MARSEILLE 2026,France 🇫🇷,2026,Female,ATHX,Strength,,,,,,43KG,85KG,100KG,25
28,01kqs0jq1mqktpt6ndc33fmykz,Vanessa,Cumbo,Vanessa Cumbo,Female,,,https://ui-avatars.com/api/?name=V+C&color=FFFFFF&background=000000,ATHX MARSEILLE 2026,France 🇫🇷,2026,Female,ATHX,Strength,,,,,,44KG,80KG,103KG,28
29,01k9w75a04kcw3ake0z5bhza9p,Anne-Fleur,Karp,Anne-Fleur Karp,Female,,,https://ui-avatars.com/api/?name=A+K&color=FFFFFF&background=000000,ATHX MARSEILLE 2026,France 🇫🇷,2026,Female,ATHX,Strength,,,,,,38KG,83KG,105KG,29
30,01ke0ez2twhyqc16266gbpaa4c,Alexandra,MURATOVIC,Alexandra MURATOVIC,Female,,,https://ui-avatars.com/api/?name=A+M&color=FFFFFF&background=000000,ATHX MARSEILLE 2026,France 🇫🇷,2026,Female,ATHX,Strength,,,,,,35KG,90KG,100KG,30
31,01kh4mh3mf2phh71z0jsafr8t9,julie,Gobilliard,julie Gobilliard,Female,,,https://ui-avatars.com/api/?name=j+G&color=FFFFFF&background=000000,ATHX MARSEILLE 2026,France 🇫🇷,2026,Female,ATHX,Strength,,,,,,39KG,80KG,105KG,31
31,01kq0frnjrk9gypwvwk5kgpax9,Lauriane,Walle,Lauriane Walle,Female,France,,https://ui-avatars.com/api/?name=L+W&color=FFFFFF&background=000000,ATHX MARSEILLE 2026,France 🇫🇷,2026,Female,ATHX,Strength,,,,,,35KG,80KG,109KG,31
33,01k9wxbgc8cgjb6k3qvqeg0ke5,Lisa,Berthier,Lisa Berthier,Female,,,https://ui-avatars.com/api/?name=L+B&color=FFFFFF&background=000000,ATHX MARSEILLE 2026,France 🇫🇷,2026,Female,ATHX,Strength,,,,,,40KG,80KG,102KG,33
34,01kc6ejpqn1ta7kzwcyn9ady45,Natalia,Uszyñski,Natalia Uszyñski,Female,Spain,,https://ui-avatars.com/api/?name=N+U&color=FFFFFF&background=000000,ATHX MARSEILLE 2026,France 🇫🇷,2026,Female,ATHX,Strength,,,,,,33KG,80KG,100KG,34
34,01kp1s1325ba6nr66haemfre4s,alycia,frcs,alycia frcs,Female,,,https://ui-avatars.com/api/?name=a+f&color=FFFFFF&background=000000,ATHX MARSEILLE 2026,France 🇫🇷,2026,Female,ATHX,Strength,,,,,,30KG,83KG,100KG,34
36,01kexehep1n35v9r7kwp0syhbk,Barbara,DRILLAUD,Barbara DRILLAUD,Female,,,https://ui-avatars.com/api/?name=B+D&color=FFFFFF&background=000000,ATHX MARSEILLE 2026,France 🇫🇷,2026,Female,ATHX,Strength,,,,,,32KG,74KG,105KG,36
37,01kxx656fwxwvg11b5mmccwvhm,Elaine,Shanks,Elaine Shanks,Female,,,https://ui-avatars.com/api/?name=E+S&color=FFFFFF&background=000000,ATHX MARSEILLE 2026,France 🇫🇷,2026,Female,ATHX,Strength,,,,,,36KG,80KG,93KG,37
37,01ke7zf43tw7mfh61zm64zfy0y,Ludivine,TEIXEIRA,Ludivine TEIXEIRA,Female,,,https://ui-avatars.com/api/?name=L+T&color=FFFFFF&background=000000,ATHX MARSEILLE 2026,France 🇫🇷,2026,Female,ATHX,Strength,,,,,,37KG,80KG,92KG,37
39,01kj0xy9d4qrbt66pnx3aj0wfm,Noémie,Vigneron,Noémie Vigneron,Female,,,https://ui-avatars.com/api/?name=N+V&color=FFFFFF&background=000000,ATHX MARSEILLE 2026,France 🇫🇷,2026,Female,ATHX,Strength,,,,,,33KG,70KG,105KG,39
40,01kgm3p8ynfx750zph89jn25ee,Ann-Katrin,Hinze,Ann-Katrin Hinze,Female,Germany,,https://ui-avatars.com/api/?name=A+H&color=FFFFFF&background=000000,ATHX MARSEILLE 2026,France 🇫🇷,2026,Female,ATHX,Strength,,,,,,38KG,76KG,92KG,40
40,01krgjjywsz584s4wxcsxe18h0,Brunehilde,Carniel-Perrin,Brunehilde Carniel-Perrin,Female,France,,https://athxgames.com/storage/profile-photos/QSRCO6H5YaQ9VY8uLVRFVL2uBWIoELeh8ErBQ8mC.jpg,ATHX MARSEILLE 2026,France 🇫🇷,2026,Female,ATHX,Strength,,,,,,36KG,70KG,100KG,40
42,01kqd5tykke6tfp2yxqphasbhs,Nathalie,Verduijn,Nathalie Verduijn,Female,,,https://ui-avatars.com/api/?name=N+V&color=FFFFFF&background=000000,ATHX MARSEILLE 2026,France 🇫🇷,2026,Female,ATHX,Strength,,,,,,34KG,70KG,100KG,42
43,01ke9v53t0bqqr7pa211j4v5mw,Susana,Naranjo,Susana Naranjo,Female,,,https://ui-avatars.com/api/?name=S+N&color=FFFFFF&background=000000,ATHX MARSEILLE 2026,France 🇫🇷,2026,Female,ATHX,Strength,,,,,,32KG,80KG,87KG,43
44,01kxvdwm0hg927dmybthbqct48,Tina,Gozzi,Tina Gozzi,Female,,,https://ui-avatars.com/api/?name=T+G&color=FFFFFF&background=000000,ATHX MARSEILLE 2026,France 🇫🇷,2026,Female,ATHX,Strength,,,,,,35KG,75KG,85KG,44
44,01kfzf4dnb71gvd435vyq0v49r,Camille,SAINT-CRICQ,Camille SAINT-CRICQ,Female,,,https://ui-avatars.com/api/?name=C+S&color=FFFFFF&background=000000,ATHX MARSEILLE 2026,France 🇫🇷,2026,Female,ATHX,Strength,,,,,,30KG,80KG,85KG,44
46,01kc4w2ayr67wd7bx9rzj8t63w,Caroline,Bai,Caroline Bai,Female,,,https://ui-avatars.com/api/?name=C+B&color=FFFFFF&background=000000,ATHX MARSEILLE 2026,France 🇫🇷,2026,Female,ATHX,Strength,,,,,,32KG,70KG,90KG,46
46,01m2nfv0jqaxvz3hxtbw62nchb,Agathe,TBC,Agathe TBC,Female,,,https://ui-avatars.com/api/?name=A+T&color=FFFFFF&background=000000,ATHX MARSEILLE 2026,France 🇫🇷,2026,Female,ATHX,Strength,,,,,,32KG,70KG,90KG,46
48,01kag5eqddyshjsgsegcbhbpb2,Raissath,ASSIMIOU,Raissath ASSIMIOU,Female,,,https://ui-avatars.com/api/?name=R+A&color=FFFFFF&background=000000,ATHX MARSEILLE 2026,France 🇫🇷,2026,Female,ATHX,Strength,,,,,,42KG,69KG,80KG,48
49,01km9dhmp43d8tbhastnpksyp7,Gnanfing Maya,Diabate,Gnanfing Maya Diabate,Female,,,https://ui-avatars.com/api/?name=G+M+D&color=FFFFFF&background=000000,ATHX MARSEILLE 2026,France 🇫🇷,2026,Female,ATHX,Strength,,,,,,40KG,65KG,85KG,49
49,01hnrnq7mec895hx1vhfc61na9,Lesley,Terry,Lesley Terry,Female,,,https://ui-avatars.com/api/?name=L+T&color=FFFFFF&background=000000,ATHX MARSEILLE 2026,France 🇫🇷,2026,Female,ATHX,Strength,,,,,,35KG,70KG,85KG,49
51,01kqt4x6g49egn9pw9jqn1knrs,Roxanne,Camhaji,Roxanne Camhaji,Female,,,https://ui-avatars.com/api/?name=R+C&color=FFFFFF&background=000000,ATHX MARSEILLE 2026,France 🇫🇷,2026,Female,ATHX,Strength,,,,,,39KG,65KG,85KG,51
52,01kkwhdtqtterzjchkda2p1be9,Salma,Khalfaoui,Salma Khalfaoui,Female,Tunisia,Salma Khalfaoui,https://ui-avatars.com/api/?name=S+K&color=FFFFFF&background=000000,ATHX MARSEILLE 2026,France 🇫🇷,2026,Female,ATHX,Strength,,,,,,33KG,70KG,80KG,52
53,01kefe7zea86pxn4ndx7fcexcd,Martine,Beloeil,Martine Beloeil,Female,,Crossfit Cannes,https://ui-avatars.com/api/?name=M+B&color=FFFFFF&background=000000,ATHX MARSEILLE 2026,France 🇫🇷,2026,Female,ATHX,Strength,,,,,,30KG,63KG,88KG,53
54,01kn57rw74cvm4tsd4mvb4dcq7,Ophélie,Denat,Ophélie Denat,Female,,,https://ui-avatars.com/api/?name=O+D&color=FFFFFF&background=000000,ATHX MARSEILLE 2026,France 🇫🇷,2026,Female,ATHX,Strength,,,,,,30KG,59KG,80KG,54
55,01m2nfx9xyqg0q3c2rpjd0yjxk,Laure ,Benoit,Laure  Benoit,Female,,,https://ui-avatars.com/api/?name=L++B&color=FFFFFF&background=000000,ATHX MARSEILLE 2026,France 🇫🇷,2026,Female,ATHX,Strength,,,,,,27KG,60KG,75KG,55
56,01kn1xez9pqx0s3bqvd2v1n98w,Julie,Mourrut,Julie Mourrut,Female,,,https://ui-avatars.com/api/?name=J+M&color=FFFFFF&background=000000,ATHX MARSEILLE 2026,France 🇫🇷,2026,Female,ATHX,Strength,,,,,,34KG,53KG,65KG,56
57,01krydhaw66qrbb8payzfx8t35,Carole,CAVALLARO,Carole CAVALLARO,Female,,,https://ui-avatars.com/api/?name=C+C&color=FFFFFF&background=000000,ATHX MARSEILLE 2026,France 🇫🇷,2026,Female,ATHX,Strength,,,,,,30KG,42KG,50KG,57
1,01kgwkdxj7ytt3fn5c242hcpv0,Moynier,Xavier,Moynier Xavier,Male,,,https://ui-avatars.com/api/?name=M+X&color=FFFFFF&background=000000,ATHX MARSEILLE 2026,France 🇫🇷,2026,Male,ATHX,Strength,,,,,,100KG,200KG,220KG,1
2,01kerz9910nmcwafmre1m3jbmy,Lucas,Claro,Lucas Claro,Male,,,https://ui-avatars.com/api/?name=L+C&color=FFFFFF&background=000000,ATHX MARSEILLE 2026,France 🇫🇷,2026,Male,ATHX,Strength,,,,,,90KG,190KG,220KG,2
3,01kg753grtpzjx4653m3hfpwds,Lorenzo,Piccarreta,Lorenzo Piccarreta,Male,Italy,Keymon Fitness,https://athxgames.com/storage/profile-photos/53RlSmZjIbsTT7VZyr7UdH9x4y1hcot0AMbjg5mG.jpg,ATHX MARSEILLE 2026,France 🇫🇷,2026,Male,ATHX,Strength,,,,,,95KG,185KG,205KG,3
4,01kq9amc7d25t6wcefe5rfc8c2,Clotaire,Darmalingon,Clotaire Darmalingon,Male,,,https://athxgames.com/storage/profile-photos/50db6k1ZXYBcrT4yvHdQmvA5EwbDJgZuuqcMUV4J.png,ATHX MARSEILLE 2026,France 🇫🇷,2026,Male,ATHX,Strength,,,,,,90KG,180KG,210KG,4
5,01kc9ne0bd6yxp8ggt7zdcazgs,Sébastien,KARL,Sébastien KARL,Male,,,https://ui-avatars.com/api/?name=S+K&color=FFFFFF&background=000000,ATHX MARSEILLE 2026,France 🇫🇷,2026,Male,ATHX,Strength,,,,,,88KG,202KG,187KG,5
6,01krbdg94xspzvqaezfdq6gq4k,Rémy,Dejonckheere,Rémy Dejonckheere,Male,France,La Fournaise CrossFit,https://ui-avatars.com/api/?name=R+D&color=FFFFFF&background=000000,ATHX MARSEILLE 2026,France 🇫🇷,2026,Male,ATHX,Strength,,,,,,78KG,175KG,220KG,6
7,01kgs3ywqpp49wc8f77cpk78sn,Charles,FIGARO,Charles FIGARO,Male,,,https://ui-avatars.com/api/?name=C+F&color=FFFFFF&background=000000,ATHX MARSEILLE 2026,France 🇫🇷,2026,Male,ATHX,Strength,,,,,,90KG,180KG,200KG,7
8,01kerz6a0s1z0pa6yd13db8frr,Antoine,Marchin,Antoine Marchin,Male,France,,https://ui-avatars.com/api/?name=A+M&color=FFFFFF&background=000000,ATHX MARSEILLE 2026,France 🇫🇷,2026,Male,ATHX,Strength,,,,,,85KG,170KG,210KG,8
8,01kv3r5pmkvdeqg3gcvkbpfsfc,aurelien,mouyabi,aurelien mouyabi,Male,,,https://ui-avatars.com/api/?name=a+m&color=FFFFFF&background=000000,ATHX MARSEILLE 2026,France 🇫🇷,2026,Male,ATHX,Strength,,,,,,90KG,175KG,200KG,8
8,01kmqj28nrrfb6kzda0akcft3f,Jorge Luis,Lara garibo,Jorge Luis Lara garibo,Male,,,https://ui-avatars.com/api/?name=J+L+L+g&color=FFFFFF&background=000000,ATHX MARSEILLE 2026,France 🇫🇷,2026,Male,ATHX,Strength,,,,,,80KG,185KG,200KG,8
11,01krye4wxhv3m48z549exx7ba6,kenzo,cavallaro,kenzo cavallaro,Male,,,https://ui-avatars.com/api/?name=k+c&color=FFFFFF&background=000000,ATHX MARSEILLE 2026,France 🇫🇷,2026,Male,ATHX,Strength,,,,,,80KG,175KG,200KG,11
11,01kvytkz955bx3jhhr1v766z07,Luis,Veiga,Luis Veiga,Male,,,https://athxgames.com/storage/profile-photos/Tj1l3owt2ZXGOqFsF2aIVbZnTGXQm6w9GLMhMTkp.jpg,ATHX MARSEILLE 2026,France 🇫🇷,2026,Male,ATHX,Strength,,,,,,85KG,180KG,190KG,11
13,01k8s14t182xbk2zet38v7yh4b,Kevin,Beleshku,Kevin Beleshku,Male,Italy,,https://ui-avatars.com/api/?name=K+B&color=FFFFFF&background=000000,ATHX MARSEILLE 2026,France 🇫🇷,2026,Male,ATHX,Strength,,,,,,74KG,175KG,203KG,13
14,01knphfy1h56ppm2b9zr8ak2bt,Clément,Chatenet,Clément Chatenet,Male,,,https://ui-avatars.com/api/?name=C+C&color=FFFFFF&background=000000,ATHX MARSEILLE 2026,France 🇫🇷,2026,Male,ATHX,Strength,,,,,,90KG,170KG,190KG,14
15,01kce89mr3pfk1saqk0g44bqyf,Davy,Machado de Carvalho,Davy Machado de Carvalho,Male,France,La Fonderie,https://athxgames.com/storage/profile-photos/YMsxph1QrR40vVsh9AneyFxOnp8kBSXiIiEHzXMz.jpg,ATHX MARSEILLE 2026,France 🇫🇷,2026,Male,ATHX,Strength,,,,,,87KG,160KG,200KG,15
16,01knpw8h50p1rhaxyfmqfztync,Adel,Saighi,Adel Saighi,Male,,,https://ui-avatars.com/api/?name=A+S&color=FFFFFF&background=000000,ATHX MARSEILLE 2026,France 🇫🇷,2026,Male,ATHX,Strength,,,,,,75KG,170KG,200KG,16
17,01kea789dz7tceek8wmzvega2k,Florian,Laurencé,Florian Laurencé,Male,France,Premium training center,https://ui-avatars.com/api/?name=F+L&color=FFFFFF&background=000000,ATHX MARSEILLE 2026,France 🇫🇷,2026,Male,ATHX,Strength,,,,,,78KG,156KG,210KG,17
18,01k6qn6m3237r3gxsh7kdm4zzr,Nathan,Saint-Jalmes,Nathan Saint-Jalmes,Male,France,CrossFit Le Mans,https://ui-avatars.com/api/?name=N+S&color=FFFFFF&background=000000,ATHX MARSEILLE 2026,France 🇫🇷,2026,Male,ATHX,Strength,,,,,,83KG,160KG,195KG,18
18,01kkhz8p9r0w2q86ct9weh51ra,Iker,Duart,Iker Duart,Male,,,https://ui-avatars.com/api/?name=I+D&color=FFFFFF&background=000000,ATHX MARSEILLE 2026,France 🇫🇷,2026,Male,ATHX,Strength,,,,,,88KG,159KG,191KG,18
20,01kmg4vqjdfsyq6y7xbjxha70y,Lucas,Zietek,Lucas Zietek,Male,,,https://ui-avatars.com/api/?name=L+Z&color=FFFFFF&background=000000,ATHX MARSEILLE 2026,France 🇫🇷,2026,Male,ATHX,Strength,,,,,,64KG,175KG,195KG,20
21,01khgnx7d3mk3txwqghte7z4v9,Abderahmane,Afouani,Abderahmane Afouani,Male,,,https://ui-avatars.com/api/?name=A+A&color=FFFFFF&background=000000,ATHX MARSEILLE 2026,France 🇫🇷,2026,Male,ATHX,Strength,,,,,,88KG,145KG,200KG,21
22,01ka6mz26qabytdxqxstb2a9s3,Thony,Messon,Thony Messon,Male,France,Fit Quinze,https://ui-avatars.com/api/?name=T+M&color=FFFFFF&background=000000,ATHX MARSEILLE 2026,France 🇫🇷,2026,Male,ATHX,Strength,,,,,,71KG,160KG,200KG,22
23,01k63d023x23xcjfejgfp8m01r,Bouba,Ndiaye,Bouba Ndiaye,Male,France,Episod,https://athxgames.com/storage/profile-photos/6UXxOG1zubH2DKVOPZKynsSSsGgVf8SM4ei8KuJD.jpg,ATHX MARSEILLE 2026,France 🇫🇷,2026,Male,ATHX,Strength,,,,,,75KG,155KG,200KG,23
23,01ke9dex86p85bq76dvwqsajsb,Gouland,Mike,Gouland Mike,Male,,,https://ui-avatars.com/api/?name=G+M&color=FFFFFF&background=000000,ATHX MARSEILLE 2026,France 🇫🇷,2026,Male,ATHX,Strength,,,,,,90KG,150KG,190KG,23
23,01kbtt6net1whxtetbg8tdfkdk,Loic,Braibanti,Loic Braibanti,Male,France,,https://ui-avatars.com/api/?name=L+B&color=FFFFFF&background=000000,ATHX MARSEILLE 2026,France 🇫🇷,2026,Male,ATHX,Strength,,,,,,90KG,170KG,170KG,23
23,01k8e9msd5aarfma5bkag13ekm,Lee,Griffiths,Lee Griffiths,Male,United Kingdom,Exertion Fitness,https://ui-avatars.com/api/?name=L+G&color=FFFFFF&background=000000,ATHX MARSEILLE 2026,France 🇫🇷,2026,Male,ATHX,Strength,,,,,,90KG,170KG,170KG,23
23,01k9z6s6ej5r8my8pphwtrjvb0,Sami,Atek,Sami Atek,Male,Algeria,,https://ui-avatars.com/api/?name=S+A&color=FFFFFF&background=000000,ATHX MARSEILLE 2026,France 🇫🇷,2026,Male,ATHX,Strength,,,,,,80KG,160KG,190KG,23
23,01kxwbbdyc7n335ydp839dz0z5,Marlon,Woods,Marlon Woods,Male,,,https://ui-avatars.com/api/?name=M+W&color=FFFFFF&background=000000,ATHX MARSEILLE 2026,France 🇫🇷,2026,Male,ATHX,Strength,,,,,,80KG,160KG,190KG,23
23,01km60nds8v5gr7zt12bcaxqgq,Jean-Yves,Stermane,Jean-Yves Stermane,Male,,,https://ui-avatars.com/api/?name=J+S&color=FFFFFF&background=000000,ATHX MARSEILLE 2026,France 🇫🇷,2026,Male,ATHX,Strength,,,,,,75KG,175KG,180KG,23
23,01kqc8jh8p567zrnkr4kxns9dz,Thibault,Bourlier,Thibault Bourlier,Male,,,https://ui-avatars.com/api/?name=T+B&color=FFFFFF&background=000000,ATHX MARSEILLE 2026,France 🇫🇷,2026,Male,ATHX,Strength,,,,,,90KG,160KG,180KG,23
31,01ks2qhnx8kws18ab3j16mh64s,Julien,Reverte,Julien Reverte,Male,,,https://ui-avatars.com/api/?name=J+R&color=FFFFFF&background=000000,ATHX MARSEILLE 2026,France 🇫🇷,2026,Male,ATHX,Strength,,,,,,78KG,160KG,191KG,31
32,01ks2h9k56gffrcs0vsmb4830d,Pierre-Yves,CEREL,Pierre-Yves CEREL,Male,France,,https://athxgames.com/storage/profile-photos/miPO0iZQHWdBHICClIW3yK8SEDYPZbIDwtMMEpAw.jpg,ATHX MARSEILLE 2026,France 🇫🇷,2026,Male,ATHX,Strength,,,,,,83KG,155KG,190KG,32
33,01kqfktfyt37mc5b9qgpkpcrv8,Max,Carouge,Max Carouge,Male,,,https://ui-avatars.com/api/?name=M+C&color=FFFFFF&background=000000,ATHX MARSEILLE 2026,France 🇫🇷,2026,Male,ATHX,Strength,,,,,,85KG,150KG,190KG,33
34,01kbx5dxn3ej6zpah5akvsybs3,Bouabdallah,Tadjeur,Bouabdallah Tadjeur,Male,,,https://ui-avatars.com/api/?name=B+T&color=FFFFFF&background=000000,ATHX MARSEILLE 2026,France 🇫🇷,2026,Male,ATHX,Strength,,,,,,74KG,140KG,210KG,34
35,01ksb4dnswqfwr710361p2c7vp,Hugo,Da Fresta,Hugo Da Fresta,Male,,,https://ui-avatars.com/api/?name=H+D+F&color=FFFFFF&background=000000,ATHX MARSEILLE 2026,France 🇫🇷,2026,Male,ATHX,Strength,,,,,,73KG,160KG,190KG,35
36,01k658b4cb62k3j2v6gr0gg4zw,Mabwongo,Nathanael,Mabwongo Nathanael,Male,,,https://ui-avatars.com/api/?name=M+N&color=FFFFFF&background=000000,ATHX MARSEILLE 2026,France 🇫🇷,2026,Male,ATHX,Strength,,,,,,80KG,160KG,180KG,36
36,01kq7vpm7v4aatny03nb2tvx7c,Esteban,Pastre,Esteban Pastre,Male,,,https://ui-avatars.com/api/?name=E+P&color=FFFFFF&background=000000,ATHX MARSEILLE 2026,France 🇫🇷,2026,Male,ATHX,Strength,,,,,,80KG,160KG,180KG,36
38,01kq244xky2vf8y7njvpd9ac85,Karim,Nessah,Karim Nessah,Male,Algeria,Super Zuka,https://ui-avatars.com/api/?name=K+N&color=FFFFFF&background=000000,ATHX MARSEILLE 2026,France 🇫🇷,2026,Male,ATHX,Strength,,,,,,68KG,150KG,200KG,38
39,01kf5qngh2s02ahrvcxbdfkxe8,Brian,Tourvieille,Brian Tourvieille,Male,,,https://ui-avatars.com/api/?name=B+T&color=FFFFFF&background=000000,ATHX MARSEILLE 2026,France 🇫🇷,2026,Male,ATHX,Strength,,,,,,75KG,160KG,180KG,39
39,01kh04rqcsc7sn2wf1z7kav7b8,Eric,Moore,Eric Moore,Male,,,https://ui-avatars.com/api/?name=E+M&color=FFFFFF&background=000000,ATHX MARSEILLE 2026,France 🇫🇷,2026,Male,ATHX,Strength,,,,,,85KG,150KG,180KG,39
39,01kk9zmgavn5ejthtxq1mr1dnd,Wacey,Connor,Wacey Connor,Male,United States,Life Time,https://ui-avatars.com/api/?name=W+C&color=FFFFFF&background=000000,ATHX MARSEILLE 2026,France 🇫🇷,2026,Male,ATHX,Strength,,,,,,75KG,160KG,180KG,39
42,01kj80ws474kgxmsrmgmvhjkyd,Florian,Foggea,Florian Foggea,Male,France,,https://ui-avatars.com/api/?name=F+F&color=FFFFFF&background=000000,ATHX MARSEILLE 2026,France 🇫🇷,2026,Male,ATHX,Strength,,,,,,79KG,135KG,200KG,42
43,01kdxr8hsdjkahp6t7wd9ydp13,Landry,Agbagni,Landry Agbagni,Male,,,https://ui-avatars.com/api/?name=L+A&color=FFFFFF&background=000000,ATHX MARSEILLE 2026,France 🇫🇷,2026,Male,ATHX,Strength,,,,,,72KG,150KG,190KG,43
44,01kjzvppeg1w99x18gde5mvhg8,Hugo,Carmona,Hugo Carmona,Male,,,https://ui-avatars.com/api/?name=H+C&color=FFFFFF&background=000000,ATHX MARSEILLE 2026,France 🇫🇷,2026,Male,ATHX,Strength,,,,,,69KG,130KG,210KG,44
45,01kn4zsqp0bhvegeh0tj2yd05c,Anthony,Ratajezak,Anthony Ratajezak,Male,France,Next-CrossFit Les Angles,https://ui-avatars.com/api/?name=A+R&color=FFFFFF&background=000000,ATHX MARSEILLE 2026,France 🇫🇷,2026,Male,ATHX,Strength,,,,,,78KG,160KG,170KG,45
45,01kq5jba20s89rn70f29r9h4kw,Paweł,Olszewski,Paweł Olszewski,Male,Poland,,https://ui-avatars.com/api/?name=P+O&color=FFFFFF&background=000000,ATHX MARSEILLE 2026,France 🇫🇷,2026,Male,ATHX,Strength,,,,,,93KG,145KG,170KG,45
47,01kpwj7shmyxwk328z07wfpt1k,Ludovic,Ndungu,Ludovic Ndungu,Male,,,https://ui-avatars.com/api/?name=L+N&color=FFFFFF&background=000000,ATHX MARSEILLE 2026,France 🇫🇷,2026,Male,ATHX,Strength,,,,,,87KG,140KG,180KG,47
48,01kqjcc2m136207at8zrfsd7jk,Maréchal,Kevin,Maréchal Kevin,Male,France,Crossfit drakon,https://ui-avatars.com/api/?name=M+K&color=FFFFFF&background=000000,ATHX MARSEILLE 2026,France 🇫🇷,2026,Male,ATHX,Strength,,,,,,85KG,150KG,170KG,48
49,01knfhmab2f1xaj0qkjb6ptzkh,Daniel,Nguyen,Daniel Nguyen,Male,,,https://ui-avatars.com/api/?name=D+N&color=FFFFFF&background=000000,ATHX MARSEILLE 2026,France 🇫🇷,2026,Male,ATHX,Strength,,,,,,83KG,150KG,170KG,49
50,01kntxrfxah0kacexdjsswsvb7,Samuel,Besson,Samuel Besson,Male,France,,https://ui-avatars.com/api/?name=S+B&color=FFFFFF&background=000000,ATHX MARSEILLE 2026,France 🇫🇷,2026,Male,ATHX,Strength,,,,,,70KG,148KG,180KG,50
51,01kdmg004jtc6rcept8ew66dta,Anthony,Ramon,Anthony Ramon,Male,,,https://ui-avatars.com/api/?name=A+R&color=FFFFFF&background=000000,ATHX MARSEILLE 2026,France 🇫🇷,2026,Male,ATHX,Strength,,,,,,85KG,130KG,180KG,51
52,01kcvatzt78jyf7nqcw6qd0zz9,Jeremy,Brimaud,Jeremy Brimaud,Male,,,https://ui-avatars.com/api/?name=J+B&color=FFFFFF&background=000000,ATHX MARSEILLE 2026,France 🇫🇷,2026,Male,ATHX,Strength,,,,,,75KG,135KG,180KG,52
52,01km70bnhmn166afjpbc6dchng,John,Lokenyo,John Lokenyo,Male,France,John Coffey,https://ui-avatars.com/api/?name=J+L&color=FFFFFF&background=000000,ATHX MARSEILLE 2026,France 🇫🇷,2026,Male,ATHX,Strength,,,,,,70KG,140KG,180KG,52
52,01jhtneezz90ed1fawgbwy87cd,Ola,Sogbanmu,Ola Sogbanmu,Male,,,https://ui-avatars.com/api/?name=O+S&color=FFFFFF&background=000000,ATHX MARSEILLE 2026,France 🇫🇷,2026,Male,ATHX,Strength,,,,,,80KG,120KG,190KG,52
52,01kd3hgg5wqmhvn3mmpanyy05y,Vincent,Cabanel,Vincent Cabanel,Male,France,CrossFit Original Addicts,https://athxgames.com/storage/profile-photos/jdO0pOp54mE4RFGe79Q7420W7es9MvuaiZQSC3Ah.jpg,ATHX MARSEILLE 2026,France 🇫🇷,2026,Male,ATHX,Strength,,,,,,80KG,150KG,160KG,52
56,01kpvj2vxm8xv20w6nj1hjer8c,Thomas,Iafrate,Thomas Iafrate,Male,,,https://ui-avatars.com/api/?name=T+I&color=FFFFFF&background=000000,ATHX MARSEILLE 2026,France 🇫🇷,2026,Male,ATHX,Strength,,,,,,77KG,140KG,170KG,56
57,01kksetfhjjjpf2rztqxwjtn6j,Adrien,Cano,Adrien Cano,Male,,,https://ui-avatars.com/api/?name=A+C&color=FFFFFF&background=000000,ATHX MARSEILLE 2026,France 🇫🇷,2026,Male,ATHX,Strength,,,,,,90KG,140KG,155KG,57
57,01kr4n4bj6cn9jxqrxeejdnkx7,Benhadid,Sofiane,Benhadid Sofiane,Male,,,https://ui-avatars.com/api/?name=B+S&color=FFFFFF&background=000000,ATHX MARSEILLE 2026,France 🇫🇷,2026,Male,ATHX,Strength,,,,,,80KG,150KG,155KG,57
59,01kh9ssmxrrhg6833g7ymjb5ve,Anselmo,Nunes,Anselmo Nunes,Male,Portugal,Armazém 395,https://athxgames.com/storage/profile-photos/2xozIVGtn8b7DHuI64CUBjRqucoaVSsutxxkuYnG.jpg,ATHX MARSEILLE 2026,France 🇫🇷,2026,Male,ATHX,Strength,,,,,,78KG,130KG,176KG,59
60,01kh437916q7mjybzpfw5qtetb,Samuel,Faria,Samuel Faria,Male,,,https://ui-avatars.com/api/?name=S+F&color=FFFFFF&background=000000,ATHX MARSEILLE 2026,France 🇫🇷,2026,Male,ATHX,Strength,,,,,,63KG,140KG,180KG,60
61,01kpfwxh2pp1acrwdtm46z4095,Gwenvaël,Bonnot,Gwenvaël Bonnot,Male,France,Bonnot Gwenvaël,https://ui-avatars.com/api/?name=G+B&color=FFFFFF&background=000000,ATHX MARSEILLE 2026,France 🇫🇷,2026,Male,ATHX,Strength,,,,,,70KG,152KG,160KG,61
62,01kbttswzxyhbf4dx5e4ptpypy,Paolo,Mary,Paolo Mary,Male,,,https://ui-avatars.com/api/?name=P+M&color=FFFFFF&background=000000,ATHX MARSEILLE 2026,France 🇫🇷,2026,Male,ATHX,Strength,,,,,,65KG,140KG,172KG,62
63,01m07zzrmyt5s6nfa9rrw0s64d,Sébastien,Devaux,Sébastien Devaux,Male,France,SEB,https://ui-avatars.com/api/?name=S+D&color=FFFFFF&background=000000,ATHX MARSEILLE 2026,France 🇫🇷,2026,Male,ATHX,Strength,,,,,,75KG,150KG,150KG,63
63,01kph4f7r6zht73c522mv1ev5b,David,Allan,David Allan,Male,United Kingdom,,https://ui-avatars.com/api/?name=D+A&color=FFFFFF&background=000000,ATHX MARSEILLE 2026,France 🇫🇷,2026,Male,ATHX,Strength,,,,,,65KG,130KG,180KG,63
63,01kj4hwwhzczp7t5qpzvrtfcdj,Nabil,Taleb,Nabil Taleb,Male,,,https://ui-avatars.com/api/?name=N+T&color=FFFFFF&background=000000,ATHX MARSEILLE 2026,France 🇫🇷,2026,Male,ATHX,Strength,,,,,,65KG,130KG,180KG,63
66,01krpjns4tfmj0f1w6d3zaxq37,Franck,KIDA,Franck KIDA,Male,,,https://ui-avatars.com/api/?name=F+K&color=FFFFFF&background=000000,ATHX MARSEILLE 2026,France 🇫🇷,2026,Male,ATHX,Strength,,,,,,88KG,125KG,160KG,66
66,01kjsmbjkw1nb3dyf9zc7y479p,Nicolas,BONTE,Nicolas BONTE,Male,,,https://ui-avatars.com/api/?name=N+B&color=FFFFFF&background=000000,ATHX MARSEILLE 2026,France 🇫🇷,2026,Male,ATHX,Strength,,,,,,70KG,133KG,170KG,66
68,01k8tfrfk8j3vwdy6vss3hh5t0,Laurent,Tu,Laurent Tu,Male,France,,https://ui-avatars.com/api/?name=L+T&color=FFFFFF&background=000000,ATHX MARSEILLE 2026,France 🇫🇷,2026,Male,ATHX,Strength,,,,,,54KG,154KG,163KG,68
69,01m2gsvhf2jxnv5n9thjxdyc02,Joris,Debernardi,Joris Debernardi,Male,,,https://ui-avatars.com/api/?name=J+D&color=FFFFFF&background=000000,ATHX MARSEILLE 2026,France 🇫🇷,2026,Male,ATHX,Strength,,,,,,70KG,150KG,150KG,69
69,01ke4x4fycte2rb0q8af12fj02,Nelson,Noumbissi,Nelson Noumbissi,Male,,,https://ui-avatars.com/api/?name=N+N&color=FFFFFF&background=000000,ATHX MARSEILLE 2026,France 🇫🇷,2026,Male,ATHX,Strength,,,,,,75KG,135KG,160KG,69
69,01m0yry7kty0ma30b9b9egd47m,Axel,Montreuil,Axel Montreuil,Male,,,https://ui-avatars.com/api/?name=A+M&color=FFFFFF&background=000000,ATHX MARSEILLE 2026,France 🇫🇷,2026,Male,ATHX,Strength,,,,,,70KG,140KG,160KG,69
72,01kq6t3ca0mj39w4rjc4z1h94f,Norbert,Perez,Norbert Perez,Male,France,,https://ui-avatars.com/api/?name=N+P&color=FFFFFF&background=000000,ATHX MARSEILLE 2026,France 🇫🇷,2026,Male,ATHX,Strength,,,,,,73KG,135KG,160KG,72
73,01kdgpy3kkknv6896zqzq2vtyx,Arnaud,Bousquet,Arnaud Bousquet,Male,,,https://ui-avatars.com/api/?name=A+B&color=FFFFFF&background=000000,ATHX MARSEILLE 2026,France 🇫🇷,2026,Male,ATHX,Strength,,,,,,80KG,135KG,150KG,73
73,01kbr16sfh8kqcejayxrz0ytm5,Kamel,Amroune,Kamel Amroune,Male,,,https://ui-avatars.com/api/?name=K+A&color=FFFFFF&background=000000,ATHX MARSEILLE 2026,France 🇫🇷,2026,Male,ATHX,Strength,,,,,,75KG,130KG,160KG,73
73,01kf8kcys1hsr13vsw5bve0eqq,Vincent,Pruvost,Vincent Pruvost,Male,,,https://ui-avatars.com/api/?name=V+P&color=FFFFFF&background=000000,ATHX MARSEILLE 2026,France 🇫🇷,2026,Male,ATHX,Strength,,,,,,70KG,140KG,155KG,73
73,01kz9pbr51h7rhc41ev671x1fp,Samuel,Wieser,Samuel Wieser,Male,,,https://ui-avatars.com/api/?name=S+W&color=FFFFFF&background=000000,ATHX MARSEILLE 2026,France 🇫🇷,2026,Male,ATHX,Strength,,,,,,75KG,130KG,160KG,73
73,01kwvjj887v5y3v7x5nsh4rb5e,Joss,Goode,Joss Goode,Male,United Kingdom,Joss,https://ui-avatars.com/api/?name=J+G&color=FFFFFF&background=000000,ATHX MARSEILLE 2026,France 🇫🇷,2026,Male,ATHX,Strength,,,,,,85KG,140KG,140KG,73
78,01k8h6abb8stwdw6vw11tad71h,Valentin,Genest,Valentin Genest,Male,,,https://ui-avatars.com/api/?name=V+G&color=FFFFFF&background=000000,ATHX MARSEILLE 2026,France 🇫🇷,2026,Male,ATHX,Strength,,,,,,65KG,135KG,161KG,78
79,01kdx6dzn5693df2x67d82hhbz,Tristan,Vidal,Tristan Vidal,Male,,,https://ui-avatars.com/api/?name=T+V&color=FFFFFF&background=000000,ATHX MARSEILLE 2026,France 🇫🇷,2026,Male,ATHX,Strength,,,,,,80KG,120KG,160KG,79
79,01km03n849egefgbpqcd86wcpy,David,Nasset,David Nasset,Male,,,https://ui-avatars.com/api/?name=D+N&color=FFFFFF&background=000000,ATHX MARSEILLE 2026,France 🇫🇷,2026,Male,ATHX,Strength,,,,,,70KG,130KG,160KG,79
81,01ks3cdytkjk6vec38zjagr4hs,Heemano-Arii,CHONG HUE,Heemano-Arii CHONG HUE,Male,,,https://ui-avatars.com/api/?name=H+C+H&color=FFFFFF&background=000000,ATHX MARSEILLE 2026,France 🇫🇷,2026,Male,ATHX,Strength,,,,,,70KG,138KG,150KG,81
82,01krhgqsndebzeq98s0vcmd3rs,Yohann,DJERAHIAN,Yohann DJERAHIAN,Male,,,https://ui-avatars.com/api/?name=Y+D&color=FFFFFF&background=000000,ATHX MARSEILLE 2026,France 🇫🇷,2026,Male,ATHX,Strength,,,,,,67KG,125KG,165KG,82
83,01knsw1tw3b55mtrckvy91ahna,Hedhili,Ben cherifa,Hedhili Ben cherifa,Male,,,https://ui-avatars.com/api/?name=H+B+c&color=FFFFFF&background=000000,ATHX MARSEILLE 2026,France 🇫🇷,2026,Male,ATHX,Strength,,,,,,65KG,125KG,165KG,83
83,01kmr0fs5hvc5baaz2kywq803y,Adrian,de Guzman,Adrian de Guzman,Male,Austria,,https://ui-avatars.com/api/?name=A+d+G&color=FFFFFF&background=000000,ATHX MARSEILLE 2026,France 🇫🇷,2026,Male,ATHX,Strength,,,,,,70KG,125KG,160KG,83
83,01kse1t4z8gkrcxm2t98sqb8m3,Bilal,Harrous,Bilal Harrous,Male,,,https://ui-avatars.com/api/?name=B+H&color=FFFFFF&background=000000,ATHX MARSEILLE 2026,France 🇫🇷,2026,Male,ATHX,Strength,,,,,,75KG,130KG,150KG,83
86,01kbja2k96rmphcxgfw9bjwykt,Adrien,Farvacques,Adrien Farvacques,Male,,,https://ui-avatars.com/api/?name=A+F&color=FFFFFF&background=000000,ATHX MARSEILLE 2026,France 🇫🇷,2026,Male,ATHX,Strength,,,,,,70KG,120KG,160KG,86
86,01knq86cadp57vnydbjwtayax3,Mervan,Boukacem,Mervan Boukacem,Male,France,Crossfit le chaudron,https://ui-avatars.com/api/?name=M+B&color=FFFFFF&background=000000,ATHX MARSEILLE 2026,France 🇫🇷,2026,Male,ATHX,Strength,,,,,,50KG,130KG,170KG,86
86,01kqhkabgvqd3efmrpwj7f6bn1,Johan,Sebbah,Johan Sebbah,Male,,,https://ui-avatars.com/api/?name=J+S&color=FFFFFF&background=000000,ATHX MARSEILLE 2026,France 🇫🇷,2026,Male,ATHX,Strength,,,,,,55KG,115KG,180KG,86
89,01kp45c5d8fdhs99zc8mhnfhwj,Olivier,Chouquet,Olivier Chouquet,Male,,,https://ui-avatars.com/api/?name=O+C&color=FFFFFF&background=000000,ATHX MARSEILLE 2026,France 🇫🇷,2026,Male,ATHX,Strength,,,,,,53KG,175KG,120KG,89
90,01khb7878zd6yy03cvvmc0metj,Nicolas,Litampha,Nicolas Litampha,Male,France,,https://ui-avatars.com/api/?name=N+L&color=FFFFFF&background=000000,ATHX MARSEILLE 2026,France 🇫🇷,2026,Male,ATHX,Strength,,,,,,70KG,135KG,140KG,90
90,01k9m74h0h7xbae513v46nts9q,Nathaniel,Stuard,Nathaniel Stuard,Male,,,https://ui-avatars.com/api/?name=N+S&color=FFFFFF&background=000000,ATHX MARSEILLE 2026,France 🇫🇷,2026,Male,ATHX,Strength,,,,,,75KG,120KG,150KG,90
92,01kew6779n0ybpf312qw6b7w93,Anthony,Roux,Anthony Roux,Male,France,,https://ui-avatars.com/api/?name=A+R&color=FFFFFF&background=000000,ATHX MARSEILLE 2026,France 🇫🇷,2026,Male,ATHX,Strength,,,,,,60KG,135KG,148KG,92
92,01keakw30z3jjy31gv0h3968tq,Romain,Roten,Romain Roten,Male,Switzerland,,https://ui-avatars.com/api/?name=R+R&color=FFFFFF&background=000000,ATHX MARSEILLE 2026,France 🇫🇷,2026,Male,ATHX,Strength,,,,,,75KG,118KG,150KG,92
94,01kh3g2jtqb2rey6enw8fmy2yq,Alexandre,Descoings,Alexandre Descoings,Male,,,https://ui-avatars.com/api/?name=A+D&color=FFFFFF&background=000000,ATHX MARSEILLE 2026,France 🇫🇷,2026,Male,ATHX,Strength,,,,,,65KG,110KG,165KG,94
94,01kkpjkatt9mxpkh1g5wxpsjtq,Nicolas,Borges martins,Nicolas Borges martins,Male,,,https://ui-avatars.com/api/?name=N+B+m&color=FFFFFF&background=000000,ATHX MARSEILLE 2026,France 🇫🇷,2026,Male,ATHX,Strength,,,,,,65KG,115KG,160KG,94
94,01kegyf5d83z3yxf8kyt4br8fb,Cédric,Martinez,Cédric Martinez,Male,,,https://ui-avatars.com/api/?name=C+M&color=FFFFFF&background=000000,ATHX MARSEILLE 2026,France 🇫🇷,2026,Male,ATHX,Strength,,,,,,70KG,120KG,150KG,94
97,01ksgc3c2wckvx9hmp6v5fk3w4,Romain,Marquis,Romain Marquis,Male,France,,https://athxgames.com/storage/profile-photos/g0fPDHjW5TFLlIaQzfqdvFbvdZeCnz9MjhaVNNdr.jpg,ATHX MARSEILLE 2026,France 🇫🇷,2026,Male,ATHX,Strength,,,,,,60KG,130KG,145KG,97
97,01kfnsazmvh021qhf708xc7jb8,Yohan,Brami,Yohan Brami,Male,,,https://ui-avatars.com/api/?name=Y+B&color=FFFFFF&background=000000,ATHX MARSEILLE 2026,France 🇫🇷,2026,Male,ATHX,Strength,,,,,,65KG,110KG,160KG,97
97,01kc50pr9cvkghjq255s00btx0,Kevin,Lovera,Kevin Lovera,Male,,,https://ui-avatars.com/api/?name=K+L&color=FFFFFF&background=000000,ATHX MARSEILLE 2026,France 🇫🇷,2026,Male,ATHX,Strength,,,,,,55KG,120KG,160KG,97
97,01kqh76y7bkjc39a9gf89p0taa,Christophe,Da silva,Christophe Da silva,Male,,,https://ui-avatars.com/api/?name=C+D+s&color=FFFFFF&background=000000,ATHX MARSEILLE 2026,France 🇫🇷,2026,Male,ATHX,Strength,,,,,,60KG,120KG,155KG,97
101,01kcyya1fgzjc4610vqwd41409,Lucas,Cutuli Bezerra,Lucas Cutuli Bezerra,Male,Italy,,https://athxgames.com/storage/profile-photos/8mBdKf4NtjRWuFe2nl3lFGHckQGuOcMiYhtioR3f.jpg,ATHX MARSEILLE 2026,France 🇫🇷,2026,Male,ATHX,Strength,,,,,,63KG,130KG,140KG,101
101,01kqhx6tgvpw8fdk872m8kb7vz,Alex,Fehlmann,Alex Fehlmann,Male,,,https://ui-avatars.com/api/?name=A+F&color=FFFFFF&background=000000,ATHX MARSEILLE 2026,France 🇫🇷,2026,Male,ATHX,Strength,,,,,,73KG,120KG,140KG,101
103,01kdxhcjzjy9gpeefbb0snr8tr,Maxime,Krantz,Maxime Krantz,Male,,,https://ui-avatars.com/api/?name=M+K&color=FFFFFF&background=000000,ATHX MARSEILLE 2026,France 🇫🇷,2026,Male,ATHX,Strength,,,,,,65KG,115KG,150KG,103
103,01k8dgbp3c6j1pjp51jwbfav9s,Théo,Guizerix,Théo Guizerix,Male,,,https://ui-avatars.com/api/?name=T+G&color=FFFFFF&background=000000,ATHX MARSEILLE 2026,France 🇫🇷,2026,Male,ATHX,Strength,,,,,,60KG,115KG,155KG,103
103,01kqfm9jty7q86hfwcq6jdhca2,Galy,Adrien,Galy Adrien,Male,,,https://ui-avatars.com/api/?name=G+A&color=FFFFFF&background=000000,ATHX MARSEILLE 2026,France 🇫🇷,2026,Male,ATHX,Strength,,,,,,67KG,113KG,150KG,103
106,01knt0abjgk35hscvgp4w8s69w,SOUYRIS,Mathieu,SOUYRIS Mathieu,Male,,,https://ui-avatars.com/api/?name=S+M&color=FFFFFF&background=000000,ATHX MARSEILLE 2026,France 🇫🇷,2026,Male,ATHX,Strength,,,,,,72KG,105KG,152KG,106
107,01kgcynd4wx7j9897bebq0w0k1,Raphaël,Perez,Raphaël Perez,Male,,,https://ui-avatars.com/api/?name=R+P&color=FFFFFF&background=000000,ATHX MARSEILLE 2026,France 🇫🇷,2026,Male,ATHX,Strength,,,,,,63KG,110KG,155KG,107
108,01kpnzkjwkm6h53d96h51qs12k,Julien,Simon,Julien Simon,Male,,,https://ui-avatars.com/api/?name=J+S&color=FFFFFF&background=000000,ATHX MARSEILLE 2026,France 🇫🇷,2026,Male,ATHX,Strength,,,,,,62KG,120KG,145KG,108
109,01kym881j1z8x4znr7n4755spw,David,Pachot,David Pachot,Male,,CrossFit Cathare,https://ui-avatars.com/api/?name=D+P&color=FFFFFF&background=000000,ATHX MARSEILLE 2026,France 🇫🇷,2026,Male,ATHX,Strength,,,,,,65KG,100KG,160KG,109
109,01kevkb6scxxs8taj8xf5ep8vy,Cyril,Clément,Cyril Clément,Male,,,https://ui-avatars.com/api/?name=C+C&color=FFFFFF&background=000000,ATHX MARSEILLE 2026,France 🇫🇷,2026,Male,ATHX,Strength,,,,,,60KG,125KG,140KG,109
109,01kp646aspfsr06n8mpjhmfm01,Guillaume,SCHWEBIG,Guillaume SCHWEBIG,Male,France,,https://ui-avatars.com/api/?name=G+S&color=FFFFFF&background=000000,ATHX MARSEILLE 2026,France 🇫🇷,2026,Male,ATHX,Strength,,,,,,75KG,100KG,150KG,109
112,01kj4yywmssdnznn2w5z9p57br,Lénaïc,Roulleau,Lénaïc Roulleau,Male,,,https://ui-avatars.com/api/?name=L+R&color=FFFFFF&background=000000,ATHX MARSEILLE 2026,France 🇫🇷,2026,Male,ATHX,Strength,,,,,,70KG,110KG,140KG,112
112,01kqfmkx7dh95rap1hx11z035w,Paul,Carriere,Paul Carriere,Male,,,https://ui-avatars.com/api/?name=P+C&color=FFFFFF&background=000000,ATHX MARSEILLE 2026,France 🇫🇷,2026,Male,ATHX,Strength,,,,,,60KG,120KG,140KG,112
112,01jhwx63hwy84zk28tcdvvya5w,Samuel,Akroum,Samuel Akroum,Male,,,https://ui-avatars.com/api/?name=S+A&color=FFFFFF&background=000000,ATHX MARSEILLE 2026,France 🇫🇷,2026,Male,ATHX,Strength,,,,,,60KG,120KG,140KG,112
115,01kr38067q04kmjmxh0v6a3vzm,Grégory,Pauleau,Grégory Pauleau,Male,,,https://ui-avatars.com/api/?name=G+P&color=FFFFFF&background=000000,ATHX MARSEILLE 2026,France 🇫🇷,2026,Male,ATHX,Strength,,,,,,63KG,106KG,146KG,115
115,01kgcppmraae31vyecne32bw3d,Alexis,Fabre,Alexis Fabre,Male,,,https://ui-avatars.com/api/?name=A+F&color=FFFFFF&background=000000,ATHX MARSEILLE 2026,France 🇫🇷,2026,Male,ATHX,Strength,,,,,,67KG,115KG,133KG,115
115,01kjssq2x45gr1vfw9ptkv7030,Guilhem,Bazile,Guilhem Bazile,Male,,,https://ui-avatars.com/api/?name=G+B&color=FFFFFF&background=000000,ATHX MARSEILLE 2026,France 🇫🇷,2026,Male,ATHX,Strength,,,,,,55KG,110KG,150KG,115
118,01k9zh79kds4xrgwaf36a68w07,Thibaut,Thellier,Thibaut Thellier,Male,France,CrossFit Giants,https://athxgames.com/storage/profile-photos/UT3O9c0QmNcicsaOKWPUOXK9zOgtxZyHViLYrVfg.jpg,ATHX MARSEILLE 2026,France 🇫🇷,2026,Male,ATHX,Strength,,,,,,73KG,100KG,140KG,118
118,01kmaad338r1t1b4nmmha4cnbc,Dimitri,Nita,Dimitri Nita,Male,France,Crossfit Sainte Consorce,https://ui-avatars.com/api/?name=D+N&color=FFFFFF&background=000000,ATHX MARSEILLE 2026,France 🇫🇷,2026,Male,ATHX,Strength,,,,,,68KG,115KG,130KG,118
120,01kjccfe6ppprv966qy48h2qy0,Jacques,Spinazzola,Jacques Spinazzola,Male,,,https://ui-avatars.com/api/?name=J+S&color=FFFFFF&background=000000,ATHX MARSEILLE 2026,France 🇫🇷,2026,Male,ATHX,Strength,,,,,,60KG,120KG,130KG,120
120,01kjctz9jcgep6psxyd09pv8zj,Jeremy,Veyssiere,Jeremy Veyssiere,Male,,,https://ui-avatars.com/api/?name=J+V&color=FFFFFF&background=000000,ATHX MARSEILLE 2026,France 🇫🇷,2026,Male,ATHX,Strength,,,,,,60KG,115KG,135KG,120
122,01kg9hdnhzjbmkm9me53nzsgxz,Marius,Figura,Marius Figura,Male,Germany,,https://ui-avatars.com/api/?name=M+F&color=FFFFFF&background=000000,ATHX MARSEILLE 2026,France 🇫🇷,2026,Male,ATHX,Strength,,,,,,67KG,110KG,130KG,122
123,01kkg5gdzt5kbq83c3r6b1yeb3,Vincent,Bodnar,Vincent Bodnar,Male,,,https://ui-avatars.com/api/?name=V+B&color=FFFFFF&background=000000,ATHX MARSEILLE 2026,France 🇫🇷,2026,Male,ATHX,Strength,,,,,,65KG,110KG,130KG,123
123,01kgjf1ngkfr6nsvpew06xaeb5,THOMAS,DI MAYO,THOMAS DI MAYO,Male,,,https://ui-avatars.com/api/?name=T+D+M&color=FFFFFF&background=000000,ATHX MARSEILLE 2026,France 🇫🇷,2026,Male,ATHX,Strength,,,,,,70KG,115KG,120KG,123
125,01kn55wqmd448xyzq6nq075p4s,Jean david,Thevenet,Jean david Thevenet,Male,,,https://ui-avatars.com/api/?name=J+d+T&color=FFFFFF&background=000000,ATHX MARSEILLE 2026,France 🇫🇷,2026,Male,ATHX,Strength,,,,,,55KG,118KG,131KG,125
125,01kbq9ph6rgxc74hfk5m2g4xt9,Pernot,Julien,Pernot Julien,Male,,,https://ui-avatars.com/api/?name=P+J&color=FFFFFF&background=000000,ATHX MARSEILLE 2026,France 🇫🇷,2026,Male,ATHX,Strength,,,,,,66KG,100KG,138KG,125
127,01kh14c3bxv44w6vjfk87tke3e,Mikael,Potier,Mikael Potier,Male,,,https://ui-avatars.com/api/?name=M+P&color=FFFFFF&background=000000,ATHX MARSEILLE 2026,France 🇫🇷,2026,Male,ATHX,Strength,,,,,,55KG,105KG,140KG,127
128,01kdazja9ntst057rrpgyn4m62,Mauriane,Boceno,Mauriane Boceno,Male,,,https://ui-avatars.com/api/?name=M+B&color=FFFFFF&background=000000,ATHX MARSEILLE 2026,France 🇫🇷,2026,Male,ATHX,Strength,,,,,,64KG,105KG,130KG,128
129,01kepp3fk6m11dd560cen6h89k,Al Daril,John,Al Daril John,Male,,,https://ui-avatars.com/api/?name=A+D+J&color=FFFFFF&background=000000,ATHX MARSEILLE 2026,France 🇫🇷,2026,Male,ATHX,Strength,,,,,,53KG,115KG,130KG,129
130,01kqct77fqy8gctk1n5jcnr3a7,Dimitri,Monin,Dimitri Monin,Male,France,,https://ui-avatars.com/api/?name=D+M&color=FFFFFF&background=000000,ATHX MARSEILLE 2026,France 🇫🇷,2026,Male,ATHX,Strength,,,,,,63KG,120KG,110KG,130
130,01khh72wdwj8p7b3epg681zcm4,Noel,Jourdan,Noel Jourdan,Male,,,https://ui-avatars.com/api/?name=N+J&color=FFFFFF&background=000000,ATHX MARSEILLE 2026,France 🇫🇷,2026,Male,ATHX,Strength,,,,,,63KG,100KG,130KG,130
132,01kcwwpf4jbqv8cs51jd442fmy,Léopold,Manguette,Léopold Manguette,Male,,,https://ui-avatars.com/api/?name=L+M&color=FFFFFF&background=000000,ATHX MARSEILLE 2026,France 🇫🇷,2026,Male,ATHX,Strength,,,,,,58KG,100KG,133KG,132
133,01kdbd6v2ws8gcvsyz1zbw1tj5,Anthony,Alsters,Anthony Alsters,Male,,,https://athxgames.com/storage/profile-photos/WsF1m0UEG5YRreC0rQ37lYtpzUFrDvHHRpC5q89v.jpg,ATHX MARSEILLE 2026,France 🇫🇷,2026,Male,ATHX,Strength,,,,,,50KG,100KG,140KG,133
134,01kk6cnywq0py1heasphyx4sqq,Pascal,Aubert,Pascal Aubert,Male,France,Coaching Zone,https://ui-avatars.com/api/?name=P+A&color=FFFFFF&background=000000,ATHX MARSEILLE 2026,France 🇫🇷,2026,Male,ATHX,Strength,,,,,,63KG,100KG,120KG,134
135,01kdrebzrc44amqs6v9d0xcbm0,ASCHIERI,GREGOIRE,ASCHIERI GREGOIRE,Male,France,,https://ui-avatars.com/api/?name=A+G&color=FFFFFF&background=000000,ATHX MARSEILLE 2026,France 🇫🇷,2026,Male,ATHX,Strength,,,,,,57KG,100KG,124KG,135
136,01kbqq230w9naxsxdvvbnqa7m4,Alexandre,Tortochot,Alexandre Tortochot,Male,,,https://ui-avatars.com/api/?name=A+T&color=FFFFFF&background=000000,ATHX MARSEILLE 2026,France 🇫🇷,2026,Male,ATHX,Strength,,,,,,59KG,100KG,120KG,136
137,01kmtmkyd6jt75716k80qkt9rj,Mayank,Garg,Mayank Garg,Male,,,https://ui-avatars.com/api/?name=M+G&color=FFFFFF&background=000000,ATHX MARSEILLE 2026,France 🇫🇷,2026,Male,ATHX,Strength,,,,,,55KG,100KG,120KG,137
138,01kefepq351pwye6vy20kdpg7r,Patrick,DREANO,Patrick DREANO,Male,France,Crossfit Cannes,https://ui-avatars.com/api/?name=P+D&color=FFFFFF&background=000000,ATHX MARSEILLE 2026,France 🇫🇷,2026,Male,ATHX,Strength,,,,,,40KG,90KG,140KG,138
138,01ke2p5p6t448j3sy7kkmny3j2,tino,saecker,tino saecker,Male,,,https://ui-avatars.com/api/?name=t+s&color=FFFFFF&background=000000,ATHX MARSEILLE 2026,France 🇫🇷,2026,Male,ATHX,Strength,,,,,,60KG,90KG,120KG,138
140,01kgsykfcq5d1my331q7srnmrb,Lahoucine,Enassiri,Lahoucine Enassiri,Male,,,https://ui-avatars.com/api/?name=L+E&color=FFFFFF&background=000000,ATHX MARSEILLE 2026,France 🇫🇷,2026,Male,ATHX,Strength,,,,,,40KG,120KG,105KG,140
140,01kfk1xry8tnn5pkhrh9d10nwz,Benjamin,Guizerix,Benjamin Guizerix,Male,,,https://ui-avatars.com/api/?name=B+G&color=FFFFFF&background=000000,ATHX MARSEILLE 2026,France 🇫🇷,2026,Male,ATHX,Strength,,,,,,55KG,90KG,120KG,140
142,01kxdqj51rm1k78ndm23fbyrgb,Emmanuel,Deleau,Emmanuel Deleau,Male,,,https://ui-avatars.com/api/?name=E+D&color=FFFFFF&background=000000,ATHX MARSEILLE 2026,France 🇫🇷,2026,Male,ATHX,Strength,,,,,,58KG,85KG,120KG,142
142,01kh1apv96byetfp84jkqcpd8p,Javier,Dafonte,Javier Dafonte,Male,,,https://ui-avatars.com/api/?name=J+D&color=FFFFFF&background=000000,ATHX MARSEILLE 2026,France 🇫🇷,2026,Male,ATHX,Strength,,,,,,50KG,103KG,110KG,142
144,01knyps5aeg165z7t3x962j31g,Clement,Kunprom,Clement Kunprom,Male,France,,https://ui-avatars.com/api/?name=C+K&color=FFFFFF&background=000000,ATHX MARSEILLE 2026,France 🇫🇷,2026,Male,ATHX,Strength,,,,,,50KG,90KG,110KG,144
145,01kewdmg8qdq3n1rsbymg000r7,Mathieu,Chaux,Mathieu Chaux,Male,,,https://ui-avatars.com/api/?name=M+C&color=FFFFFF&background=000000,ATHX MARSEILLE 2026,France 🇫🇷,2026,Male,ATHX,Strength,,,,,,55KG,90KG,100KG,145
146,01kptvvz055qm8xexwb5e89y41,Hugo,Dhinaut,Hugo Dhinaut,Male,,,https://ui-avatars.com/api/?name=H+D&color=FFFFFF&background=000000,ATHX MARSEILLE 2026,France 🇫🇷,2026,Male,ATHX,Strength,,,,,,50KG,80KG,100KG,146
147,01kzp1dn8qe88j8g0fdqrm1zb7,Clarence,Cabarrus,Clarence Cabarrus,Male,France,Fitness Park,https://ui-avatars.com/api/?name=C+C&color=FFFFFF&background=000000,ATHX MARSEILLE 2026,France 🇫🇷,2026,Male,ATHX,Strength,,,,,,60KG,63KG,105KG,147
148,01kq31tp0dr449eyn19vd1ks00,Kevin,Sengsay,Kevin Sengsay,Male,France,,https://ui-avatars.com/api/?name=K+S&color=FFFFFF&background=000000,ATHX MARSEILLE 2026,France 🇫🇷,2026,Male,ATHX,Strength,,,,,,43KG,78KG,105KG,148
149,01kgj2k5d3vkpvqja7t872tq4b,Jean,MONTES,Jean MONTES,Male,,,https://ui-avatars.com/api/?name=J+M&color=FFFFFF&background=000000,ATHX MARSEILLE 2026,France 🇫🇷,2026,Male,ATHX,Strength,,,,,,55KG,90KG,80KG,149
149,01ky6y4q57djyct3w9kbc446gb,Jean,Petitdemange,Jean Petitdemange,Male,,,https://ui-avatars.com/api/?name=J+P&color=FFFFFF&background=000000,ATHX MARSEILLE 2026,France 🇫🇷,2026,Male,ATHX,Strength,,,,,,45KG,70KG,110KG,149
151,01kf34k82s2zgqjd0t7v8t1p9v,Frederic,Bedeil,Frederic Bedeil,Male,France,,https://ui-avatars.com/api/?name=F+B&color=FFFFFF&background=000000,ATHX MARSEILLE 2026,France 🇫🇷,2026,Male,ATHX,Strength,,,,,,50KG,80KG,90KG,151
151,01kdbj6r5axp1fx8k01zbbfb9n,William,Lecable,William Lecable,Male,,,https://ui-avatars.com/api/?name=W+L&color=FFFFFF&background=000000,ATHX MARSEILLE 2026,France 🇫🇷,2026,Male,ATHX,Strength,,,,,,50KG,80KG,90KG,151
153,01kk3cbgnva16nqd2f2w38e546,Yanisse,Kemel,Yanisse Kemel,Male,,,https://ui-avatars.com/api/?name=Y+K&color=FFFFFF&background=000000,ATHX MARSEILLE 2026,France 🇫🇷,2026,Male,ATHX,Strength,,,,,,45KG,80KG,90KG,153
154,01ke49e4g87wy7r78s831s6kvb,David,Rat,David Rat,Male,,,https://ui-avatars.com/api/?name=D+R&color=FFFFFF&background=000000,ATHX MARSEILLE 2026,France 🇫🇷,2026,Male,ATHX,Strength,,,,,,47KG,63KG,80KG,154
155,01m2nfp4dbr6ebg3esjw54f6p5,Hassan ,Miller ,Hassan  Miller ,Male,,,https://ui-avatars.com/api/?name=H++M&color=FFFFFF&background=000000,ATHX MARSEILLE 2026,France 🇫🇷,2026,Male,ATHX,Strength,,,,,,30KG,45KG,70KG,155
156,01m0jgkk8429488w2g8gg6nqmr,Gatien,Hubert,Gatien Hubert,Male,France,,https://ui-avatars.com/api/?name=G+H&color=FFFFFF&background=000000,ATHX MARSEILLE 2026,France 🇫🇷,2026,Male,ATHX,Strength,,,,,,23KG,45KG,58KG,156
1,01kee9q3g315e0kz6d2tzx8x0f,Kamila,Bogucka Żołędziewska,Kamila Bogucka Żołędziewska,Female,Poland,Manticore,https://ui-avatars.com/api/?name=K+B+%C5%BB&color=FFFFFF&background=000000,ATHX MARSEILLE 2026,France 🇫🇷,2026,Female,ATHX Pro,MetCon X,,,,,11:09,,,,1
2,01ky0ff7nvhp5qc0hr35my23n5,Manon,Cueto,Manon Cueto,Female,,,https://ui-avatars.com/api/?name=M+C&color=FFFFFF&background=000000,ATHX MARSEILLE 2026,France 🇫🇷,2026,Female,ATHX Pro,MetCon X,,,,,12:08,,,,2
3,01kqb1gekvr0x8fwxft8hrt6jq,Olivia,Gaeremynck,Olivia Gaeremynck,Female,,,https://ui-avatars.com/api/?name=O+G&color=FFFFFF&background=000000,ATHX MARSEILLE 2026,France 🇫🇷,2026,Female,ATHX Pro,MetCon X,,,,,13:26,,,,3
4,01kew8ar04b5zvnp41gghxg7wv,Blanche,de Montfumat,Blanche de Montfumat,Female,France,,https://ui-avatars.com/api/?name=B+d+M&color=FFFFFF&background=000000,ATHX MARSEILLE 2026,France 🇫🇷,2026,Female,ATHX Pro,MetCon X,,,,,14:34,,,,4
5,01kegwwn0krd8c7svb51j5sf98,Diana Eve,Tahere,Diana Eve Tahere,Female,,,https://ui-avatars.com/api/?name=D+E+T&color=FFFFFF&background=000000,ATHX MARSEILLE 2026,France 🇫🇷,2026,Female,ATHX Pro,MetCon X,,,,,16:33,,,,5
6,01kbhpzqyw0m9p9ka8kwz34jwp,marion,dubois,marion dubois,Female,,,https://ui-avatars.com/api/?name=m+d&color=FFFFFF&background=000000,ATHX MARSEILLE 2026,France 🇫🇷,2026,Female,ATHX Pro,MetCon X,,,,,16:38,,,,6
7,01kdpte8cqxmf9xyryr0csb9nv,OLGA,KARTOEV,OLGA KARTOEV,Female,,,https://ui-avatars.com/api/?name=O+K&color=FFFFFF&background=000000,ATHX MARSEILLE 2026,France 🇫🇷,2026,Female,ATHX Pro,MetCon X,,,,,17:31,,,,7
8,01k71r934w7ttsh61ghfvjt6tv,Julie,Rose,Julie Rose,Female,France,Flag,https://ui-avatars.com/api/?name=J+R&color=FFFFFF&background=000000,ATHX MARSEILLE 2026,France 🇫🇷,2026,Female,ATHX Pro,MetCon X,,,,,18:07,,,,8
1,01kerz6a0s1z0pa6yd13db8frr,Antoine,Marchin,Antoine Marchin,Male,France,,https://ui-avatars.com/api/?name=A+M&color=FFFFFF&background=000000,ATHX MARSEILLE 2026,France 🇫🇷,2026,Male,ATHX,MetCon X,,,,,09:12,,,,1
2,01kq244xky2vf8y7njvpd9ac85,Karim,Nessah,Karim Nessah,Male,Algeria,Super Zuka,https://ui-avatars.com/api/?name=K+N&color=FFFFFF&background=000000,ATHX MARSEILLE 2026,France 🇫🇷,2026,Male,ATHX,MetCon X,,,,,09:38,,,,2
3,01kgcppmraae31vyecne32bw3d,Alexis,Fabre,Alexis Fabre,Male,,,https://ui-avatars.com/api/?name=A+F&color=FFFFFF&background=000000,ATHX MARSEILLE 2026,France 🇫🇷,2026,Male,ATHX,MetCon X,,,,,09:41,,,,3
4,01m0yry7kty0ma30b9b9egd47m,Axel,Montreuil,Axel Montreuil,Male,,,https://ui-avatars.com/api/?name=A+M&color=FFFFFF&background=000000,ATHX MARSEILLE 2026,France 🇫🇷,2026,Male,ATHX,MetCon X,,,,,09:42,,,,4
5,01kj4yywmssdnznn2w5z9p57br,Lénaïc,Roulleau,Lénaïc Roulleau,Male,,,https://ui-avatars.com/api/?name=L+R&color=FFFFFF&background=000000,ATHX MARSEILLE 2026,France 🇫🇷,2026,Male,ATHX,MetCon X,,,,,09:53,,,,5
6,01kg753grtpzjx4653m3hfpwds,Lorenzo,Piccarreta,Lorenzo Piccarreta,Male,Italy,Keymon Fitness,https://athxgames.com/storage/profile-photos/53RlSmZjIbsTT7VZyr7UdH9x4y1hcot0AMbjg5mG.jpg,ATHX MARSEILLE 2026,France 🇫🇷,2026,Male,ATHX,MetCon X,,,,,09:59,,,,6
7,01kqfktfyt37mc5b9qgpkpcrv8,Max,Carouge,Max Carouge,Male,,,https://ui-avatars.com/api/?name=M+C&color=FFFFFF&background=000000,ATHX MARSEILLE 2026,France 🇫🇷,2026,Male,ATHX,MetCon X,,,,,10:05,,,,7
8,01knphfy1h56ppm2b9zr8ak2bt,Clément,Chatenet,Clément Chatenet,Male,,,https://ui-avatars.com/api/?name=C+C&color=FFFFFF&background=000000,ATHX MARSEILLE 2026,France 🇫🇷,2026,Male,ATHX,MetCon X,,,,,10:11,,,,8
9,01kj4hwwhzczp7t5qpzvrtfcdj,Nabil,Taleb,Nabil Taleb,Male,,,https://ui-avatars.com/api/?name=N+T&color=FFFFFF&background=000000,ATHX MARSEILLE 2026,France 🇫🇷,2026,Male,ATHX,MetCon X,,,,,10:22,,,,9
10,01kdxhcjzjy9gpeefbb0snr8tr,Maxime,Krantz,Maxime Krantz,Male,,,https://ui-avatars.com/api/?name=M+K&color=FFFFFF&background=000000,ATHX MARSEILLE 2026,France 🇫🇷,2026,Male,ATHX,MetCon X,,,,,10:23,,,,10
11,01kj80ws474kgxmsrmgmvhjkyd,Florian,Foggea,Florian Foggea,Male,France,,https://ui-avatars.com/api/?name=F+F&color=FFFFFF&background=000000,ATHX MARSEILLE 2026,France 🇫🇷,2026,Male,ATHX,MetCon X,,,,,10:24,,,,11
12,01kvytkz955bx3jhhr1v766z07,Luis,Veiga,Luis Veiga,Male,,,https://athxgames.com/storage/profile-photos/Tj1l3owt2ZXGOqFsF2aIVbZnTGXQm6w9GLMhMTkp.jpg,ATHX MARSEILLE 2026,France 🇫🇷,2026,Male,ATHX,MetCon X,,,,,10:26,,,,12
13,01k8s14t182xbk2zet38v7yh4b,Kevin,Beleshku,Kevin Beleshku,Male,Italy,,https://ui-avatars.com/api/?name=K+B&color=FFFFFF&background=000000,ATHX MARSEILLE 2026,France 🇫🇷,2026,Male,ATHX,MetCon X,,,,,10:29,,,,13
14,01kjctz9jcgep6psxyd09pv8zj,Jeremy,Veyssiere,Jeremy Veyssiere,Male,,,https://ui-avatars.com/api/?name=J+V&color=FFFFFF&background=000000,ATHX MARSEILLE 2026,France 🇫🇷,2026,Male,ATHX,MetCon X,,,,,10:34,,,,14
15,01kerz9910nmcwafmre1m3jbmy,Lucas,Claro,Lucas Claro,Male,,,https://ui-avatars.com/api/?name=L+C&color=FFFFFF&background=000000,ATHX MARSEILLE 2026,France 🇫🇷,2026,Male,ATHX,MetCon X,,,,,10:38,,,,15
16,01kkhz8p9r0w2q86ct9weh51ra,Iker,Duart,Iker Duart,Male,,,https://ui-avatars.com/api/?name=I+D&color=FFFFFF&background=000000,ATHX MARSEILLE 2026,France 🇫🇷,2026,Male,ATHX,MetCon X,,,,,10:59,,,,16
17,01kqc8jh8p567zrnkr4kxns9dz,Thibault,Bourlier,Thibault Bourlier,Male,,,https://ui-avatars.com/api/?name=T+B&color=FFFFFF&background=000000,ATHX MARSEILLE 2026,France 🇫🇷,2026,Male,ATHX,MetCon X,,,,,11:02,,,,17
18,01kq5jba20s89rn70f29r9h4kw,Paweł,Olszewski,Paweł Olszewski,Male,Poland,,https://ui-avatars.com/api/?name=P+O&color=FFFFFF&background=000000,ATHX MARSEILLE 2026,France 🇫🇷,2026,Male,ATHX,MetCon X,,,,,11:03,,,,18
19,01kcvatzt78jyf7nqcw6qd0zz9,Jeremy,Brimaud,Jeremy Brimaud,Male,,,https://ui-avatars.com/api/?name=J+B&color=FFFFFF&background=000000,ATHX MARSEILLE 2026,France 🇫🇷,2026,Male,ATHX,MetCon X,,,,,11:05,,,,19
20,01kqh76y7bkjc39a9gf89p0taa,Christophe,Da silva,Christophe Da silva,Male,,,https://ui-avatars.com/api/?name=C+D+s&color=FFFFFF&background=000000,ATHX MARSEILLE 2026,France 🇫🇷,2026,Male,ATHX,MetCon X,,,,,11:10,,,,20
21,01kym881j1z8x4znr7n4755spw,David,Pachot,David Pachot,Male,,CrossFit Cathare,https://ui-avatars.com/api/?name=D+P&color=FFFFFF&background=000000,ATHX MARSEILLE 2026,France 🇫🇷,2026,Male,ATHX,MetCon X,,,,,11:15,,,,21
22,01ke4x4fycte2rb0q8af12fj02,Nelson,Noumbissi,Nelson Noumbissi,Male,,,https://ui-avatars.com/api/?name=N+N&color=FFFFFF&background=000000,ATHX MARSEILLE 2026,France 🇫🇷,2026,Male,ATHX,MetCon X,,,,,11:20,,,,22
22,01ks2qhnx8kws18ab3j16mh64s,Julien,Reverte,Julien Reverte,Male,,,https://ui-avatars.com/api/?name=J+R&color=FFFFFF&background=000000,ATHX MARSEILLE 2026,France 🇫🇷,2026,Male,ATHX,MetCon X,,,,,11:20,,,,22
24,01km03n849egefgbpqcd86wcpy,David,Nasset,David Nasset,Male,,,https://ui-avatars.com/api/?name=D+N&color=FFFFFF&background=000000,ATHX MARSEILLE 2026,France 🇫🇷,2026,Male,ATHX,MetCon X,,,,,11:21,,,,24
25,01kbttswzxyhbf4dx5e4ptpypy,Paolo,Mary,Paolo Mary,Male,,,https://ui-avatars.com/api/?name=P+M&color=FFFFFF&background=000000,ATHX MARSEILLE 2026,France 🇫🇷,2026,Male,ATHX,MetCon X,,,,,11:22,,,,25
26,01ke9dex86p85bq76dvwqsajsb,Gouland,Mike,Gouland Mike,Male,,,https://ui-avatars.com/api/?name=G+M&color=FFFFFF&background=000000,ATHX MARSEILLE 2026,France 🇫🇷,2026,Male,ATHX,MetCon X,,,,,11:25,,,,26
27,01k9z6s6ej5r8my8pphwtrjvb0,Sami,Atek,Sami Atek,Male,Algeria,,https://ui-avatars.com/api/?name=S+A&color=FFFFFF&background=000000,ATHX MARSEILLE 2026,France 🇫🇷,2026,Male,ATHX,MetCon X,,,,,11:28,,,,27
28,01k63d023x23xcjfejgfp8m01r,Bouba,Ndiaye,Bouba Ndiaye,Male,France,Episod,https://athxgames.com/storage/profile-photos/6UXxOG1zubH2DKVOPZKynsSSsGgVf8SM4ei8KuJD.jpg,ATHX MARSEILLE 2026,France 🇫🇷,2026,Male,ATHX,MetCon X,,,,,11:31,,,,28
29,01ka6mz26qabytdxqxstb2a9s3,Thony,Messon,Thony Messon,Male,France,Fit Quinze,https://ui-avatars.com/api/?name=T+M&color=FFFFFF&background=000000,ATHX MARSEILLE 2026,France 🇫🇷,2026,Male,ATHX,MetCon X,,,,,11:37,,,,29
30,01kce89mr3pfk1saqk0g44bqyf,Davy,Machado de Carvalho,Davy Machado de Carvalho,Male,France,La Fonderie,https://athxgames.com/storage/profile-photos/YMsxph1QrR40vVsh9AneyFxOnp8kBSXiIiEHzXMz.jpg,ATHX MARSEILLE 2026,France 🇫🇷,2026,Male,ATHX,MetCon X,,,,,11:39,,,,30
31,01krbdg94xspzvqaezfdq6gq4k,Rémy,Dejonckheere,Rémy Dejonckheere,Male,France,La Fournaise CrossFit,https://ui-avatars.com/api/?name=R+D&color=FFFFFF&background=000000,ATHX MARSEILLE 2026,France 🇫🇷,2026,Male,ATHX,MetCon X,,,,,11:40,,,,31
32,01k8h6abb8stwdw6vw11tad71h,Valentin,Genest,Valentin Genest,Male,,,https://ui-avatars.com/api/?name=V+G&color=FFFFFF&background=000000,ATHX MARSEILLE 2026,France 🇫🇷,2026,Male,ATHX,MetCon X,,,,,11:41,,,,32
32,01kewdmg8qdq3n1rsbymg000r7,Mathieu,Chaux,Mathieu Chaux,Male,,,https://ui-avatars.com/api/?name=M+C&color=FFFFFF&background=000000,ATHX MARSEILLE 2026,France 🇫🇷,2026,Male,ATHX,MetCon X,,,,,11:41,,,,32
32,01kzp1dn8qe88j8g0fdqrm1zb7,Clarence,Cabarrus,Clarence Cabarrus,Male,France,Fitness Park,https://ui-avatars.com/api/?name=C+C&color=FFFFFF&background=000000,ATHX MARSEILLE 2026,France 🇫🇷,2026,Male,ATHX,MetCon X,,,,,11:41,,,,32
35,01kjsmbjkw1nb3dyf9zc7y479p,Nicolas,BONTE,Nicolas BONTE,Male,,,https://ui-avatars.com/api/?name=N+B&color=FFFFFF&background=000000,ATHX MARSEILLE 2026,France 🇫🇷,2026,Male,ATHX,MetCon X,,,,,11:47,,,,35
36,01k6qn6m3237r3gxsh7kdm4zzr,Nathan,Saint-Jalmes,Nathan Saint-Jalmes,Male,France,CrossFit Le Mans,https://ui-avatars.com/api/?name=N+S&color=FFFFFF&background=000000,ATHX MARSEILLE 2026,France 🇫🇷,2026,Male,ATHX,MetCon X,,,,,11:48,,,,36
37,01krpjns4tfmj0f1w6d3zaxq37,Franck,KIDA,Franck KIDA,Male,,,https://ui-avatars.com/api/?name=F+K&color=FFFFFF&background=000000,ATHX MARSEILLE 2026,France 🇫🇷,2026,Male,ATHX,MetCon X,,,,,11:49,,,,37
38,01keakw30z3jjy31gv0h3968tq,Romain,Roten,Romain Roten,Male,Switzerland,,https://ui-avatars.com/api/?name=R+R&color=FFFFFF&background=000000,ATHX MARSEILLE 2026,France 🇫🇷,2026,Male,ATHX,MetCon X,,,,,11:57,,,,38
38,01kea789dz7tceek8wmzvega2k,Florian,Laurencé,Florian Laurencé,Male,France,Premium training center,https://ui-avatars.com/api/?name=F+L&color=FFFFFF&background=000000,ATHX MARSEILLE 2026,France 🇫🇷,2026,Male,ATHX,MetCon X,,,,,11:57,,,,38
40,01kmaad338r1t1b4nmmha4cnbc,Dimitri,Nita,Dimitri Nita,Male,France,Crossfit Sainte Consorce,https://ui-avatars.com/api/?name=D+N&color=FFFFFF&background=000000,ATHX MARSEILLE 2026,France 🇫🇷,2026,Male,ATHX,MetCon X,,,,,11:59,,,,40
41,01kjzvppeg1w99x18gde5mvhg8,Hugo,Carmona,Hugo Carmona,Male,,,https://ui-avatars.com/api/?name=H+C&color=FFFFFF&background=000000,ATHX MARSEILLE 2026,France 🇫🇷,2026,Male,ATHX,MetCon X,,,,,12:06,,,,41
41,01kqjcc2m136207at8zrfsd7jk,Maréchal,Kevin,Maréchal Kevin,Male,France,Crossfit drakon,https://ui-avatars.com/api/?name=M+K&color=FFFFFF&background=000000,ATHX MARSEILLE 2026,France 🇫🇷,2026,Male,ATHX,MetCon X,,,,,12:06,,,,41
43,01kwvjj887v5y3v7x5nsh4rb5e,Joss,Goode,Joss Goode,Male,United Kingdom,Joss,https://ui-avatars.com/api/?name=J+G&color=FFFFFF&background=000000,ATHX MARSEILLE 2026,France 🇫🇷,2026,Male,ATHX,MetCon X,,,,,12:09,,,,43
44,01kc9ne0bd6yxp8ggt7zdcazgs,Sébastien,KARL,Sébastien KARL,Male,,,https://ui-avatars.com/api/?name=S+K&color=FFFFFF&background=000000,ATHX MARSEILLE 2026,France 🇫🇷,2026,Male,ATHX,MetCon X,,,,,12:14,,,,44
45,01kqhkabgvqd3efmrpwj7f6bn1,Johan,Sebbah,Johan Sebbah,Male,,,https://ui-avatars.com/api/?name=J+S&color=FFFFFF&background=000000,ATHX MARSEILLE 2026,France 🇫🇷,2026,Male,ATHX,MetCon X,,,,,12:17,,,,45
46,01kz9pbr51h7rhc41ev671x1fp,Samuel,Wieser,Samuel Wieser,Male,,,https://ui-avatars.com/api/?name=S+W&color=FFFFFF&background=000000,ATHX MARSEILLE 2026,France 🇫🇷,2026,Male,ATHX,MetCon X,,,,,12:19,,,,46
47,01kgcynd4wx7j9897bebq0w0k1,Raphaël,Perez,Raphaël Perez,Male,,,https://ui-avatars.com/api/?name=R+P&color=FFFFFF&background=000000,ATHX MARSEILLE 2026,France 🇫🇷,2026,Male,ATHX,MetCon X,,,,,12:22,,,,47
47,01kpwj7shmyxwk328z07wfpt1k,Ludovic,Ndungu,Ludovic Ndungu,Male,,,https://ui-avatars.com/api/?name=L+N&color=FFFFFF&background=000000,ATHX MARSEILLE 2026,France 🇫🇷,2026,Male,ATHX,MetCon X,,,,,12:22,,,,47
49,01kh14c3bxv44w6vjfk87tke3e,Mikael,Potier,Mikael Potier,Male,,,https://ui-avatars.com/api/?name=M+P&color=FFFFFF&background=000000,ATHX MARSEILLE 2026,France 🇫🇷,2026,Male,ATHX,MetCon X,,,,,12:25,,,,49
50,01kfk1xry8tnn5pkhrh9d10nwz,Benjamin,Guizerix,Benjamin Guizerix,Male,,,https://ui-avatars.com/api/?name=B+G&color=FFFFFF&background=000000,ATHX MARSEILLE 2026,France 🇫🇷,2026,Male,ATHX,MetCon X,,,,,12:26,,,,50
51,01m2q0by7svwspww7yv5e6yzqp,Sébastien,Passarelli,Sébastien Passarelli,Male,France,,https://ui-avatars.com/api/?name=S+P&color=FFFFFF&background=000000,ATHX MARSEILLE 2026,France 🇫🇷,2026,Male,ATHX,MetCon X,,,,,12:29,,,,51
52,01khb7878zd6yy03cvvmc0metj,Nicolas,Litampha,Nicolas Litampha,Male,France,,https://ui-avatars.com/api/?name=N+L&color=FFFFFF&background=000000,ATHX MARSEILLE 2026,France 🇫🇷,2026,Male,ATHX,MetCon X,,,,,12:30,,,,52
53,01kk9zmgavn5ejthtxq1mr1dnd,Wacey,Connor,Wacey Connor,Male,United States,Life Time,https://ui-avatars.com/api/?name=W+C&color=FFFFFF&background=000000,ATHX MARSEILLE 2026,France 🇫🇷,2026,Male,ATHX,MetCon X,,,,,12:32,,,,53
54,01kdx6dzn5693df2x67d82hhbz,Tristan,Vidal,Tristan Vidal,Male,,,https://ui-avatars.com/api/?name=T+V&color=FFFFFF&background=000000,ATHX MARSEILLE 2026,France 🇫🇷,2026,Male,ATHX,MetCon X,,,,,12:33,,,,54
55,01jhtneezz90ed1fawgbwy87cd,Ola,Sogbanmu,Ola Sogbanmu,Male,,,https://ui-avatars.com/api/?name=O+S&color=FFFFFF&background=000000,ATHX MARSEILLE 2026,France 🇫🇷,2026,Male,ATHX,MetCon X,,,,,12:39,,,,55
55,01kq7vpm7v4aatny03nb2tvx7c,Esteban,Pastre,Esteban Pastre,Male,,,https://ui-avatars.com/api/?name=E+P&color=FFFFFF&background=000000,ATHX MARSEILLE 2026,France 🇫🇷,2026,Male,ATHX,MetCon X,,,,,12:39,,,,55
57,01kv3r5pmkvdeqg3gcvkbpfsfc,aurelien,mouyabi,aurelien mouyabi,Male,,,https://ui-avatars.com/api/?name=a+m&color=FFFFFF&background=000000,ATHX MARSEILLE 2026,France 🇫🇷,2026,Male,ATHX,MetCon X,,,,,12:40,,,,57
58,01kd3hgg5wqmhvn3mmpanyy05y,Vincent,Cabanel,Vincent Cabanel,Male,France,CrossFit Original Addicts,https://athxgames.com/storage/profile-photos/jdO0pOp54mE4RFGe79Q7420W7es9MvuaiZQSC3Ah.jpg,ATHX MARSEILLE 2026,France 🇫🇷,2026,Male,ATHX,MetCon X,,,,,12:42,,,,58
59,01kbtt6net1whxtetbg8tdfkdk,Loic,Braibanti,Loic Braibanti,Male,France,,https://ui-avatars.com/api/?name=L+B&color=FFFFFF&background=000000,ATHX MARSEILLE 2026,France 🇫🇷,2026,Male,ATHX,MetCon X,,,,,12:44,,,,59
60,01kdbd6v2ws8gcvsyz1zbw1tj5,Anthony,Alsters,Anthony Alsters,Male,,,https://athxgames.com/storage/profile-photos/WsF1m0UEG5YRreC0rQ37lYtpzUFrDvHHRpC5q89v.jpg,ATHX MARSEILLE 2026,France 🇫🇷,2026,Male,ATHX,MetCon X,,,,,12:47,,,,60
61,01kpnzkjwkm6h53d96h51qs12k,Julien,Simon,Julien Simon,Male,,,https://ui-avatars.com/api/?name=J+S&color=FFFFFF&background=000000,ATHX MARSEILLE 2026,France 🇫🇷,2026,Male,ATHX,MetCon X,,,,,12:52,,,,61
62,01krhgqsndebzeq98s0vcmd3rs,Yohann,DJERAHIAN,Yohann DJERAHIAN,Male,,,https://ui-avatars.com/api/?name=Y+D&color=FFFFFF&background=000000,ATHX MARSEILLE 2026,France 🇫🇷,2026,Male,ATHX,MetCon X,,,,,12:53,,,,62
63,01ksb4dnswqfwr710361p2c7vp,Hugo,Da Fresta,Hugo Da Fresta,Male,,,https://ui-avatars.com/api/?name=H+D+F&color=FFFFFF&background=000000,ATHX MARSEILLE 2026,France 🇫🇷,2026,Male,ATHX,MetCon X,,,,,12:54,,,,63
64,01knq86cadp57vnydbjwtayax3,Mervan,Boukacem,Mervan Boukacem,Male,France,Crossfit le chaudron,https://ui-avatars.com/api/?name=M+B&color=FFFFFF&background=000000,ATHX MARSEILLE 2026,France 🇫🇷,2026,Male,ATHX,MetCon X,,,,,13:02,,,,64
65,01m07zzrmyt5s6nfa9rrw0s64d,Sébastien,Devaux,Sébastien Devaux,Male,France,SEB,https://ui-avatars.com/api/?name=S+D&color=FFFFFF&background=000000,ATHX MARSEILLE 2026,France 🇫🇷,2026,Male,ATHX,MetCon X,,,,,13:11,,,,65
66,01kh9ssmxrrhg6833g7ymjb5ve,Anselmo,Nunes,Anselmo Nunes,Male,Portugal,Armazém 395,https://athxgames.com/storage/profile-photos/2xozIVGtn8b7DHuI64CUBjRqucoaVSsutxxkuYnG.jpg,ATHX MARSEILLE 2026,France 🇫🇷,2026,Male,ATHX,MetCon X,,,,,13:14,,,,66
67,01kn4zsqp0bhvegeh0tj2yd05c,Anthony,Ratajezak,Anthony Ratajezak,Male,France,Next-CrossFit Les Angles,https://ui-avatars.com/api/?name=A+R&color=FFFFFF&background=000000,ATHX MARSEILLE 2026,France 🇫🇷,2026,Male,ATHX,MetCon X,,,,,13:15,,,,67
67,01kdrebzrc44amqs6v9d0xcbm0,ASCHIERI,GREGOIRE,ASCHIERI GREGOIRE,Male,France,,https://ui-avatars.com/api/?name=A+G&color=FFFFFF&background=000000,ATHX MARSEILLE 2026,France 🇫🇷,2026,Male,ATHX,MetCon X,,,,,13:15,,,,67
67,01kkpjkatt9mxpkh1g5wxpsjtq,Nicolas,Borges martins,Nicolas Borges martins,Male,,,https://ui-avatars.com/api/?name=N+B+m&color=FFFFFF&background=000000,ATHX MARSEILLE 2026,France 🇫🇷,2026,Male,ATHX,MetCon X,,,,,13:15,,,,67
70,01kmqj28nrrfb6kzda0akcft3f,Jorge Luis,Lara garibo,Jorge Luis Lara garibo,Male,,,https://ui-avatars.com/api/?name=J+L+L+g&color=FFFFFF&background=000000,ATHX MARSEILLE 2026,France 🇫🇷,2026,Male,ATHX,MetCon X,,,,,13:22,,,,70
71,01kbx5dxn3ej6zpah5akvsybs3,Bouabdallah,Tadjeur,Bouabdallah Tadjeur,Male,,,https://ui-avatars.com/api/?name=B+T&color=FFFFFF&background=000000,ATHX MARSEILLE 2026,France 🇫🇷,2026,Male,ATHX,MetCon X,,,,,13:24,,,,71
71,01kdxr8hsdjkahp6t7wd9ydp13,Landry,Agbagni,Landry Agbagni,Male,,,https://ui-avatars.com/api/?name=L+A&color=FFFFFF&background=000000,ATHX MARSEILLE 2026,France 🇫🇷,2026,Male,ATHX,MetCon X,,,,,13:24,,,,71
73,01ke2p5p6t448j3sy7kkmny3j2,tino,saecker,tino saecker,Male,,,https://ui-avatars.com/api/?name=t+s&color=FFFFFF&background=000000,ATHX MARSEILLE 2026,France 🇫🇷,2026,Male,ATHX,MetCon X,,,,,13:28,,,,73
74,01ky6y4q57djyct3w9kbc446gb,Jean,Petitdemange,Jean Petitdemange,Male,,,https://ui-avatars.com/api/?name=J+P&color=FFFFFF&background=000000,ATHX MARSEILLE 2026,France 🇫🇷,2026,Male,ATHX,MetCon X,,,,,13:30,,,,74
75,01kmg4vqjdfsyq6y7xbjxha70y,Lucas,Zietek,Lucas Zietek,Male,,,https://ui-avatars.com/api/?name=L+Z&color=FFFFFF&background=000000,ATHX MARSEILLE 2026,France 🇫🇷,2026,Male,ATHX,MetCon X,,,,,13:39,,,,75
76,01krye4wxhv3m48z549exx7ba6,kenzo,cavallaro,kenzo cavallaro,Male,,,https://ui-avatars.com/api/?name=k+c&color=FFFFFF&background=000000,ATHX MARSEILLE 2026,France 🇫🇷,2026,Male,ATHX,MetCon X,,,,,13:42,,,,76
76,01kq6t3ca0mj39w4rjc4z1h94f,Norbert,Perez,Norbert Perez,Male,France,,https://ui-avatars.com/api/?name=N+P&color=FFFFFF&background=000000,ATHX MARSEILLE 2026,France 🇫🇷,2026,Male,ATHX,MetCon X,,,,,13:42,,,,76
78,01k8dgbp3c6j1pjp51jwbfav9s,Théo,Guizerix,Théo Guizerix,Male,,,https://ui-avatars.com/api/?name=T+G&color=FFFFFF&background=000000,ATHX MARSEILLE 2026,France 🇫🇷,2026,Male,ATHX,MetCon X,,,,,13:44,,,,78
79,01kdmg004jtc6rcept8ew66dta,Anthony,Ramon,Anthony Ramon,Male,,,https://ui-avatars.com/api/?name=A+R&color=FFFFFF&background=000000,ATHX MARSEILLE 2026,France 🇫🇷,2026,Male,ATHX,MetCon X,,,,,13:50,,,,79
80,01kcwwpf4jbqv8cs51jd442fmy,Léopold,Manguette,Léopold Manguette,Male,,,https://ui-avatars.com/api/?name=L+M&color=FFFFFF&background=000000,ATHX MARSEILLE 2026,France 🇫🇷,2026,Male,ATHX,MetCon X,,,,,13:51,,,,80
81,01ks2h9k56gffrcs0vsmb4830d,Pierre-Yves,CEREL,Pierre-Yves CEREL,Male,France,,https://athxgames.com/storage/profile-photos/miPO0iZQHWdBHICClIW3yK8SEDYPZbIDwtMMEpAw.jpg,ATHX MARSEILLE 2026,France 🇫🇷,2026,Male,ATHX,MetCon X,,,,,13:54,,,,81
81,01kegyf5d83z3yxf8kyt4br8fb,Cédric,Martinez,Cédric Martinez,Male,,,https://ui-avatars.com/api/?name=C+M&color=FFFFFF&background=000000,ATHX MARSEILLE 2026,France 🇫🇷,2026,Male,ATHX,MetCon X,,,,,13:54,,,,81
83,01ks3cdytkjk6vec38zjagr4hs,Heemano-Arii,CHONG HUE,Heemano-Arii CHONG HUE,Male,,,https://ui-avatars.com/api/?name=H+C+H&color=FFFFFF&background=000000,ATHX MARSEILLE 2026,France 🇫🇷,2026,Male,ATHX,MetCon X,,,,,13:58,,,,83
84,01kn55wqmd448xyzq6nq075p4s,Jean david,Thevenet,Jean david Thevenet,Male,,,https://ui-avatars.com/api/?name=J+d+T&color=FFFFFF&background=000000,ATHX MARSEILLE 2026,France 🇫🇷,2026,Male,ATHX,MetCon X,,,,,14:05,,,,84
85,01knsw1tw3b55mtrckvy91ahna,Hedhili,Ben cherifa,Hedhili Ben cherifa,Male,,,https://ui-avatars.com/api/?name=H+B+c&color=FFFFFF&background=000000,ATHX MARSEILLE 2026,France 🇫🇷,2026,Male,ATHX,MetCon X,,,,,14:06,,,,85
85,01kew6779n0ybpf312qw6b7w93,Anthony,Roux,Anthony Roux,Male,France,,https://ui-avatars.com/api/?name=A+R&color=FFFFFF&background=000000,ATHX MARSEILLE 2026,France 🇫🇷,2026,Male,ATHX,MetCon X,,,,,14:06,,,,85
87,01kcyya1fgzjc4610vqwd41409,Lucas,Cutuli Bezerra,Lucas Cutuli Bezerra,Male,Italy,,https://athxgames.com/storage/profile-photos/8mBdKf4NtjRWuFe2nl3lFGHckQGuOcMiYhtioR3f.jpg,ATHX MARSEILLE 2026,France 🇫🇷,2026,Male,ATHX,MetCon X,,,,,14:09,,,,87
88,01kbja2k96rmphcxgfw9bjwykt,Adrien,Farvacques,Adrien Farvacques,Male,,,https://ui-avatars.com/api/?name=A+F&color=FFFFFF&background=000000,ATHX MARSEILLE 2026,France 🇫🇷,2026,Male,ATHX,MetCon X,,,,,14:13,,,,88
89,01kr4n4bj6cn9jxqrxeejdnkx7,Benhadid,Sofiane,Benhadid Sofiane,Male,,,https://ui-avatars.com/api/?name=B+S&color=FFFFFF&background=000000,ATHX MARSEILLE 2026,France 🇫🇷,2026,Male,ATHX,MetCon X,,,,,14:15,,,,89
90,01kksetfhjjjpf2rztqxwjtn6j,Adrien,Cano,Adrien Cano,Male,,,https://ui-avatars.com/api/?name=A+C&color=FFFFFF&background=000000,ATHX MARSEILLE 2026,France 🇫🇷,2026,Male,ATHX,MetCon X,,,,,14:16,,,,90
91,01kdgpy3kkknv6896zqzq2vtyx,Arnaud,Bousquet,Arnaud Bousquet,Male,,,https://ui-avatars.com/api/?name=A+B&color=FFFFFF&background=000000,ATHX MARSEILLE 2026,France 🇫🇷,2026,Male,ATHX,MetCon X,,,,,14:21,,,,91
92,01khgnx7d3mk3txwqghte7z4v9,Abderahmane,Afouani,Abderahmane Afouani,Male,,,https://ui-avatars.com/api/?name=A+A&color=FFFFFF&background=000000,ATHX MARSEILLE 2026,France 🇫🇷,2026,Male,ATHX,MetCon X,,,,,14:25,,,,92
93,01kevkb6scxxs8taj8xf5ep8vy,Cyril,Clément,Cyril Clément,Male,,,https://ui-avatars.com/api/?name=C+C&color=FFFFFF&background=000000,ATHX MARSEILLE 2026,France 🇫🇷,2026,Male,ATHX,MetCon X,,,,,14:26,,,,93
94,01kxwbbdyc7n335ydp839dz0z5,Marlon,Woods,Marlon Woods,Male,,,https://ui-avatars.com/api/?name=M+W&color=FFFFFF&background=000000,ATHX MARSEILLE 2026,France 🇫🇷,2026,Male,ATHX,MetCon X,,,,,14:28,,,,94
95,01k9zh79kds4xrgwaf36a68w07,Thibaut,Thellier,Thibaut Thellier,Male,France,CrossFit Giants,https://athxgames.com/storage/profile-photos/UT3O9c0QmNcicsaOKWPUOXK9zOgtxZyHViLYrVfg.jpg,ATHX MARSEILLE 2026,France 🇫🇷,2026,Male,ATHX,MetCon X,,,,,14:29,,,,95
96,01kgs3ywqpp49wc8f77cpk78sn,Charles,FIGARO,Charles FIGARO,Male,,,https://ui-avatars.com/api/?name=C+F&color=FFFFFF&background=000000,ATHX MARSEILLE 2026,France 🇫🇷,2026,Male,ATHX,MetCon X,,,,,14:35,,,,96
97,01kh04rqcsc7sn2wf1z7kav7b8,Eric,Moore,Eric Moore,Male,,,https://ui-avatars.com/api/?name=E+M&color=FFFFFF&background=000000,ATHX MARSEILLE 2026,France 🇫🇷,2026,Male,ATHX,MetCon X,,,,,14:47,,,,97
98,01kkg5gdzt5kbq83c3r6b1yeb3,Vincent,Bodnar,Vincent Bodnar,Male,,,https://ui-avatars.com/api/?name=V+B&color=FFFFFF&background=000000,ATHX MARSEILLE 2026,France 🇫🇷,2026,Male,ATHX,MetCon X,,,,,14:49,,,,98
99,01kpvj2vxm8xv20w6nj1hjer8c,Thomas,Iafrate,Thomas Iafrate,Male,,,https://ui-avatars.com/api/?name=T+I&color=FFFFFF&background=000000,ATHX MARSEILLE 2026,France 🇫🇷,2026,Male,ATHX,MetCon X,,,,,14:55,,,,99
100,01kf5qngh2s02ahrvcxbdfkxe8,Brian,Tourvieille,Brian Tourvieille,Male,,,https://ui-avatars.com/api/?name=B+T&color=FFFFFF&background=000000,ATHX MARSEILLE 2026,France 🇫🇷,2026,Male,ATHX,MetCon X,,,,,14:58,,,,100
101,01kbqq230w9naxsxdvvbnqa7m4,Alexandre,Tortochot,Alexandre Tortochot,Male,,,https://ui-avatars.com/api/?name=A+T&color=FFFFFF&background=000000,ATHX MARSEILLE 2026,France 🇫🇷,2026,Male,ATHX,MetCon X,,,,,15:01,,,,101
101,01knt0abjgk35hscvgp4w8s69w,SOUYRIS,Mathieu,SOUYRIS Mathieu,Male,,,https://ui-avatars.com/api/?name=S+M&color=FFFFFF&background=000000,ATHX MARSEILLE 2026,France 🇫🇷,2026,Male,ATHX,MetCon X,,,,,15:01,,,,101
103,01kfnsazmvh021qhf708xc7jb8,Yohan,Brami,Yohan Brami,Male,,,https://ui-avatars.com/api/?name=Y+B&color=FFFFFF&background=000000,ATHX MARSEILLE 2026,France 🇫🇷,2026,Male,ATHX,MetCon X,,,,,15:02,,,,103
103,01kqhx6tgvpw8fdk872m8kb7vz,Alex,Fehlmann,Alex Fehlmann,Male,,,https://ui-avatars.com/api/?name=A+F&color=FFFFFF&background=000000,ATHX MARSEILLE 2026,France 🇫🇷,2026,Male,ATHX,MetCon X,,,,,15:02,,,,103
105,01kqfm9jty7q86hfwcq6jdhca2,Galy,Adrien,Galy Adrien,Male,,,https://ui-avatars.com/api/?name=G+A&color=FFFFFF&background=000000,ATHX MARSEILLE 2026,France 🇫🇷,2026,Male,ATHX,MetCon X,,,,,15:03,,,,105
106,01kqct77fqy8gctk1n5jcnr3a7,Dimitri,Monin,Dimitri Monin,Male,France,,https://ui-avatars.com/api/?name=D+M&color=FFFFFF&background=000000,ATHX MARSEILLE 2026,France 🇫🇷,2026,Male,ATHX,MetCon X,,,,,15:05,,,,106
107,01kjssq2x45gr1vfw9ptkv7030,Guilhem,Bazile,Guilhem Bazile,Male,,,https://ui-avatars.com/api/?name=G+B&color=FFFFFF&background=000000,ATHX MARSEILLE 2026,France 🇫🇷,2026,Male,ATHX,MetCon X,,,,,15:24,,,,107
108,01kntxrfxah0kacexdjsswsvb7,Samuel,Besson,Samuel Besson,Male,France,,https://ui-avatars.com/api/?name=S+B&color=FFFFFF&background=000000,ATHX MARSEILLE 2026,France 🇫🇷,2026,Male,ATHX,MetCon X,,,,,15:31,,,,108
109,01kxdqj51rm1k78ndm23fbyrgb,Emmanuel,Deleau,Emmanuel Deleau,Male,,,https://ui-avatars.com/api/?name=E+D&color=FFFFFF&background=000000,ATHX MARSEILLE 2026,France 🇫🇷,2026,Male,ATHX,MetCon X,,,,,15:40,,,,109
110,01kh3g2jtqb2rey6enw8fmy2yq,Alexandre,Descoings,Alexandre Descoings,Male,,,https://ui-avatars.com/api/?name=A+D&color=FFFFFF&background=000000,ATHX MARSEILLE 2026,France 🇫🇷,2026,Male,ATHX,MetCon X,,,,,15:44,,,,110
111,01kr38067q04kmjmxh0v6a3vzm,Grégory,Pauleau,Grégory Pauleau,Male,,,https://ui-avatars.com/api/?name=G+P&color=FFFFFF&background=000000,ATHX MARSEILLE 2026,France 🇫🇷,2026,Male,ATHX,MetCon X,,,,,15:48,,,,111
111,01kpfwxh2pp1acrwdtm46z4095,Gwenvaël,Bonnot,Gwenvaël Bonnot,Male,France,Bonnot Gwenvaël,https://ui-avatars.com/api/?name=G+B&color=FFFFFF&background=000000,ATHX MARSEILLE 2026,France 🇫🇷,2026,Male,ATHX,MetCon X,,,,,15:48,,,,111
113,01kk6cnywq0py1heasphyx4sqq,Pascal,Aubert,Pascal Aubert,Male,France,Coaching Zone,https://ui-avatars.com/api/?name=P+A&color=FFFFFF&background=000000,ATHX MARSEILLE 2026,France 🇫🇷,2026,Male,ATHX,MetCon X,,,,,15:54,,,,113
114,01kp646aspfsr06n8mpjhmfm01,Guillaume,SCHWEBIG,Guillaume SCHWEBIG,Male,France,,https://ui-avatars.com/api/?name=G+S&color=FFFFFF&background=000000,ATHX MARSEILLE 2026,France 🇫🇷,2026,Male,ATHX,MetCon X,,,,,16:04,,,,114
115,01kgwkdxj7ytt3fn5c242hcpv0,Moynier,Xavier,Moynier Xavier,Male,,,https://ui-avatars.com/api/?name=M+X&color=FFFFFF&background=000000,ATHX MARSEILLE 2026,France 🇫🇷,2026,Male,ATHX,MetCon X,,,,,16:07,,,,115
116,01kh1apv96byetfp84jkqcpd8p,Javier,Dafonte,Javier Dafonte,Male,,,https://ui-avatars.com/api/?name=J+D&color=FFFFFF&background=000000,ATHX MARSEILLE 2026,France 🇫🇷,2026,Male,ATHX,MetCon X,,,,,16:12,,,,116
117,01kph4f7r6zht73c522mv1ev5b,David,Allan,David Allan,Male,United Kingdom,,https://ui-avatars.com/api/?name=D+A&color=FFFFFF&background=000000,ATHX MARSEILLE 2026,France 🇫🇷,2026,Male,ATHX,MetCon X,,,,,16:14,,,,117
118,01kse1t4z8gkrcxm2t98sqb8m3,Bilal,Harrous,Bilal Harrous,Male,,,https://ui-avatars.com/api/?name=B+H&color=FFFFFF&background=000000,ATHX MARSEILLE 2026,France 🇫🇷,2026,Male,ATHX,MetCon X,,,,,16:22,,,,118
119,01kmtmkyd6jt75716k80qkt9rj,Mayank,Garg,Mayank Garg,Male,,,https://ui-avatars.com/api/?name=M+G&color=FFFFFF&background=000000,ATHX MARSEILLE 2026,France 🇫🇷,2026,Male,ATHX,MetCon X,,,,,16:23,,,,119
120,01kqfmkx7dh95rap1hx11z035w,Paul,Carriere,Paul Carriere,Male,,,https://ui-avatars.com/api/?name=P+C&color=FFFFFF&background=000000,ATHX MARSEILLE 2026,France 🇫🇷,2026,Male,ATHX,MetCon X,,,,,16:28,,,,120
121,01kc50pr9cvkghjq255s00btx0,Kevin,Lovera,Kevin Lovera,Male,,,https://ui-avatars.com/api/?name=K+L&color=FFFFFF&background=000000,ATHX MARSEILLE 2026,France 🇫🇷,2026,Male,ATHX,MetCon X,,,,,16:31,,,,121
122,01kepp3fk6m11dd560cen6h89k,Al Daril,John,Al Daril John,Male,,,https://ui-avatars.com/api/?name=A+D+J&color=FFFFFF&background=000000,ATHX MARSEILLE 2026,France 🇫🇷,2026,Male,ATHX,MetCon X,,,,,16:42,,,,122
123,01knpw8h50p1rhaxyfmqfztync,Adel,Saighi,Adel Saighi,Male,,,https://ui-avatars.com/api/?name=A+S&color=FFFFFF&background=000000,ATHX MARSEILLE 2026,France 🇫🇷,2026,Male,ATHX,MetCon X,,,,,16:47,,,,123
124,01kgjf1ngkfr6nsvpew06xaeb5,THOMAS,DI MAYO,THOMAS DI MAYO,Male,,,https://ui-avatars.com/api/?name=T+D+M&color=FFFFFF&background=000000,ATHX MARSEILLE 2026,France 🇫🇷,2026,Male,ATHX,MetCon X,,,,,16:48,,,,124
125,01k9m74h0h7xbae513v46nts9q,Nathaniel,Stuard,Nathaniel Stuard,Male,,,https://ui-avatars.com/api/?name=N+S&color=FFFFFF&background=000000,ATHX MARSEILLE 2026,France 🇫🇷,2026,Male,ATHX,MetCon X,,,,,16:50,,,,125
126,01m2gsvhf2jxnv5n9thjxdyc02,Joris,Debernardi,Joris Debernardi,Male,,,https://ui-avatars.com/api/?name=J+D&color=FFFFFF&background=000000,ATHX MARSEILLE 2026,France 🇫🇷,2026,Male,ATHX,MetCon X,,,,,16:51,,,,126
127,01kh437916q7mjybzpfw5qtetb,Samuel,Faria,Samuel Faria,Male,,,https://ui-avatars.com/api/?name=S+F&color=FFFFFF&background=000000,ATHX MARSEILLE 2026,France 🇫🇷,2026,Male,ATHX,MetCon X,,,,,17:02,,,,127
128,01kptvvz055qm8xexwb5e89y41,Hugo,Dhinaut,Hugo Dhinaut,Male,,,https://ui-avatars.com/api/?name=H+D&color=FFFFFF&background=000000,ATHX MARSEILLE 2026,France 🇫🇷,2026,Male,ATHX,MetCon X,,,,,17:03,,,,128
129,01jhwx63hwy84zk28tcdvvya5w,Samuel,Akroum,Samuel Akroum,Male,,,https://ui-avatars.com/api/?name=S+A&color=FFFFFF&background=000000,ATHX MARSEILLE 2026,France 🇫🇷,2026,Male,ATHX,MetCon X,,,,,17:12,,,,129
130,01kefepq351pwye6vy20kdpg7r,Patrick,DREANO,Patrick DREANO,Male,France,Crossfit Cannes,https://ui-avatars.com/api/?name=P+D&color=FFFFFF&background=000000,ATHX MARSEILLE 2026,France 🇫🇷,2026,Male,ATHX,MetCon X,,,,,17:16,,,,130
131,01kbr16sfh8kqcejayxrz0ytm5,Kamel,Amroune,Kamel Amroune,Male,,,https://ui-avatars.com/api/?name=K+A&color=FFFFFF&background=000000,ATHX MARSEILLE 2026,France 🇫🇷,2026,Male,ATHX,MetCon X,,,,,17:24,,,,131
132,01kbq9ph6rgxc74hfk5m2g4xt9,Pernot,Julien,Pernot Julien,Male,,,https://ui-avatars.com/api/?name=P+J&color=FFFFFF&background=000000,ATHX MARSEILLE 2026,France 🇫🇷,2026,Male,ATHX,MetCon X,,,,,17:37,,,,132
133,01ksgc3c2wckvx9hmp6v5fk3w4,Romain,Marquis,Romain Marquis,Male,France,,https://athxgames.com/storage/profile-photos/g0fPDHjW5TFLlIaQzfqdvFbvdZeCnz9MjhaVNNdr.jpg,ATHX MARSEILLE 2026,France 🇫🇷,2026,Male,ATHX,MetCon X,,,,,17:55,,,,133
134,01knfhmab2f1xaj0qkjb6ptzkh,Daniel,Nguyen,Daniel Nguyen,Male,,,https://ui-avatars.com/api/?name=D+N&color=FFFFFF&background=000000,ATHX MARSEILLE 2026,France 🇫🇷,2026,Male,ATHX,MetCon X,,,,,17:58,,,,134
135,01kq9amc7d25t6wcefe5rfc8c2,Clotaire,Darmalingon,Clotaire Darmalingon,Male,,,https://athxgames.com/storage/profile-photos/50db6k1ZXYBcrT4yvHdQmvA5EwbDJgZuuqcMUV4J.png,ATHX MARSEILLE 2026,France 🇫🇷,2026,Male,ATHX,MetCon X,,,,,18:13,,,,135
136,01kmr0fs5hvc5baaz2kywq803y,Adrian,de Guzman,Adrian de Guzman,Male,Austria,,https://ui-avatars.com/api/?name=A+d+G&color=FFFFFF&background=000000,ATHX MARSEILLE 2026,France 🇫🇷,2026,Male,ATHX,MetCon X,,,,,18:18,,,,136
137,01kg9hdnhzjbmkm9me53nzsgxz,Marius,Figura,Marius Figura,Male,Germany,,https://ui-avatars.com/api/?name=M+F&color=FFFFFF&background=000000,ATHX MARSEILLE 2026,France 🇫🇷,2026,Male,ATHX,MetCon X,,,,,18:25,,,,137
138,01kdazja9ntst057rrpgyn4m62,Mauriane,Boceno,Mauriane Boceno,Male,,,https://ui-avatars.com/api/?name=M+B&color=FFFFFF&background=000000,ATHX MARSEILLE 2026,France 🇫🇷,2026,Male,ATHX,MetCon X,,,,,18:35,,,,138
139,01kjccfe6ppprv966qy48h2qy0,Jacques,Spinazzola,Jacques Spinazzola,Male,,,https://ui-avatars.com/api/?name=J+S&color=FFFFFF&background=000000,ATHX MARSEILLE 2026,France 🇫🇷,2026,Male,ATHX,MetCon X,,,,,18:43,,,,139
140,01k8e9msd5aarfma5bkag13ekm,Lee,Griffiths,Lee Griffiths,Male,United Kingdom,Exertion Fitness,https://ui-avatars.com/api/?name=L+G&color=FFFFFF&background=000000,ATHX MARSEILLE 2026,France 🇫🇷,2026,Male,ATHX,MetCon X,,,,,19:13,,,,140
141,01k8tfrfk8j3vwdy6vss3hh5t0,Laurent,Tu,Laurent Tu,Male,France,,https://ui-avatars.com/api/?name=L+T&color=FFFFFF&background=000000,ATHX MARSEILLE 2026,France 🇫🇷,2026,Male,ATHX,MetCon X,,,,,19:56,,,,141
141,01km70bnhmn166afjpbc6dchng,John,Lokenyo,John Lokenyo,Male,France,John Coffey,https://ui-avatars.com/api/?name=J+L&color=FFFFFF&background=000000,ATHX MARSEILLE 2026,France 🇫🇷,2026,Male,ATHX,MetCon X,,,,,19:56,,,,141
143,01kgsykfcq5d1my331q7srnmrb,Lahoucine,Enassiri,Lahoucine Enassiri,Male,,,https://ui-avatars.com/api/?name=L+E&color=FFFFFF&background=000000,ATHX MARSEILLE 2026,France 🇫🇷,2026,Male,ATHX,MetCon X,,,,,20:45,,,,143
144,01kf34k82s2zgqjd0t7v8t1p9v,Frederic,Bedeil,Frederic Bedeil,Male,France,,https://ui-avatars.com/api/?name=F+B&color=FFFFFF&background=000000,ATHX MARSEILLE 2026,France 🇫🇷,2026,Male,ATHX,MetCon X,,,,,20:48,,,,144
145,01k658b4cb62k3j2v6gr0gg4zw,Mabwongo,Nathanael,Mabwongo Nathanael,Male,,,https://ui-avatars.com/api/?name=M+N&color=FFFFFF&background=000000,ATHX MARSEILLE 2026,France 🇫🇷,2026,Male,ATHX,MetCon X,,,,,21:14,,,,145
146,01kf8kcys1hsr13vsw5bve0eqq,Vincent,Pruvost,Vincent Pruvost,Male,,,https://ui-avatars.com/api/?name=V+P&color=FFFFFF&background=000000,ATHX MARSEILLE 2026,France 🇫🇷,2026,Male,ATHX,MetCon X,,,,,21:30,,,,146
147,01knyps5aeg165z7t3x962j31g,Clement,Kunprom,Clement Kunprom,Male,France,,https://ui-avatars.com/api/?name=C+K&color=FFFFFF&background=000000,ATHX MARSEILLE 2026,France 🇫🇷,2026,Male,ATHX,MetCon X,,,,,21:46,,,,147
148,01km60nds8v5gr7zt12bcaxqgq,Jean-Yves,Stermane,Jean-Yves Stermane,Male,,,https://ui-avatars.com/api/?name=J+S&color=FFFFFF&background=000000,ATHX MARSEILLE 2026,France 🇫🇷,2026,Male,ATHX,MetCon X,,,,,22:06,,,,148
149,01kp45c5d8fdhs99zc8mhnfhwj,Olivier,Chouquet,Olivier Chouquet,Male,,,https://ui-avatars.com/api/?name=O+C&color=FFFFFF&background=000000,ATHX MARSEILLE 2026,France 🇫🇷,2026,Male,ATHX,MetCon X,,,,,22:16,,,,149
150,01kgj2k5d3vkpvqja7t872tq4b,Jean,MONTES,Jean MONTES,Male,,,https://ui-avatars.com/api/?name=J+M&color=FFFFFF&background=000000,ATHX MARSEILLE 2026,France 🇫🇷,2026,Male,ATHX,MetCon X,,,,,24:11,,,,150
151,01kq31tp0dr449eyn19vd1ks00,Kevin,Sengsay,Kevin Sengsay,Male,France,,https://ui-avatars.com/api/?name=K+S&color=FFFFFF&background=000000,ATHX MARSEILLE 2026,France 🇫🇷,2026,Male,ATHX,MetCon X,,,,,24:21,,,,151
152,01kdbj6r5axp1fx8k01zbbfb9n,William,Lecable,William Lecable,Male,,,https://ui-avatars.com/api/?name=W+L&color=FFFFFF&background=000000,ATHX MARSEILLE 2026,France 🇫🇷,2026,Male,ATHX,MetCon X,,,,,24:34,,,,152
153,01ke49e4g87wy7r78s831s6kvb,David,Rat,David Rat,Male,,,https://ui-avatars.com/api/?name=D+R&color=FFFFFF&background=000000,ATHX MARSEILLE 2026,France 🇫🇷,2026,Male,ATHX,MetCon X,,,,,25:03,,,,153
154,01m0jgkk8429488w2g8gg6nqmr,Gatien,Hubert,Gatien Hubert,Male,France,,https://ui-avatars.com/api/?name=G+H&color=FFFFFF&background=000000,ATHX MARSEILLE 2026,France 🇫🇷,2026,Male,ATHX,MetCon X,,,,,25:10,,,,154
155,01m2nfp4dbr6ebg3esjw54f6p5,Hassan ,Miller ,Hassan  Miller ,Male,,,https://ui-avatars.com/api/?name=H++M&color=FFFFFF&background=000000,ATHX MARSEILLE 2026,France 🇫🇷,2026,Male,ATHX,MetCon X,,,,,25:28,,,,155
156,01khh72wdwj8p7b3epg681zcm4,Noel,Jourdan,Noel Jourdan,Male,,,https://ui-avatars.com/api/?name=N+J&color=FFFFFF&background=000000,ATHX MARSEILLE 2026,France 🇫🇷,2026,Male,ATHX,MetCon X,,,,,25:32,,,,156
157,01kk3cbgnva16nqd2f2w38e546,Yanisse,Kemel,Yanisse Kemel,Male,,,https://ui-avatars.com/api/?name=Y+K&color=FFFFFF&background=000000,ATHX MARSEILLE 2026,France 🇫🇷,2026,Male,ATHX,MetCon X,,,,,25:45,,,,157
1,01m0yry7kty0ma30b9b9egd47m,Axel,Montreuil,Axel Montreuil,Male,,,https://ui-avatars.com/api/?name=A+M&color=FFFFFF&background=000000,ATHX MARSEILLE 2026,France 🇫🇷,2026,Male,ATHX,Endurance,3KM,2.489KM,,,,,,,1
2,01kewdmg8qdq3n1rsbymg000r7,Mathieu,Chaux,Mathieu Chaux,Male,,,https://ui-avatars.com/api/?name=M+C&color=FFFFFF&background=000000,ATHX MARSEILLE 2026,France 🇫🇷,2026,Male,ATHX,Endurance,3KM,2.444KM,,,,,,,2
3,01kzp1dn8qe88j8g0fdqrm1zb7,Clarence,Cabarrus,Clarence Cabarrus,Male,France,Fitness Park,https://ui-avatars.com/api/?name=C+C&color=FFFFFF&background=000000,ATHX MARSEILLE 2026,France 🇫🇷,2026,Male,ATHX,Endurance,2.772KM,2.568KM,,,,,,,3
4,01kq244xky2vf8y7njvpd9ac85,Karim,Nessah,Karim Nessah,Male,Algeria,Super Zuka,https://ui-avatars.com/api/?name=K+N&color=FFFFFF&background=000000,ATHX MARSEILLE 2026,France 🇫🇷,2026,Male,ATHX,Endurance,3KM,2.263KM,,,,,,,4
5,01kdxhcjzjy9gpeefbb0snr8tr,Maxime,Krantz,Maxime Krantz,Male,,,https://ui-avatars.com/api/?name=M+K&color=FFFFFF&background=000000,ATHX MARSEILLE 2026,France 🇫🇷,2026,Male,ATHX,Endurance,3KM,2.261KM,,,,,,,5
6,01kj4hwwhzczp7t5qpzvrtfcdj,Nabil,Taleb,Nabil Taleb,Male,,,https://ui-avatars.com/api/?name=N+T&color=FFFFFF&background=000000,ATHX MARSEILLE 2026,France 🇫🇷,2026,Male,ATHX,Endurance,3KM,2.256KM,,,,,,,6
7,01km03n849egefgbpqcd86wcpy,David,Nasset,David Nasset,Male,,,https://ui-avatars.com/api/?name=D+N&color=FFFFFF&background=000000,ATHX MARSEILLE 2026,France 🇫🇷,2026,Male,ATHX,Endurance,2.855KM,2.28KM,,,,,,,7
8,01kerz6a0s1z0pa6yd13db8frr,Antoine,Marchin,Antoine Marchin,Male,France,,https://ui-avatars.com/api/?name=A+M&color=FFFFFF&background=000000,ATHX MARSEILLE 2026,France 🇫🇷,2026,Male,ATHX,Endurance,2.829KM,2.262KM,,,,,,,8
9,01kqhkabgvqd3efmrpwj7f6bn1,Johan,Sebbah,Johan Sebbah,Male,,,https://ui-avatars.com/api/?name=J+S&color=FFFFFF&background=000000,ATHX MARSEILLE 2026,France 🇫🇷,2026,Male,ATHX,Endurance,2.812KM,2.267KM,,,,,,,9
10,01k8s14t182xbk2zet38v7yh4b,Kevin,Beleshku,Kevin Beleshku,Male,Italy,,https://ui-avatars.com/api/?name=K+B&color=FFFFFF&background=000000,ATHX MARSEILLE 2026,France 🇫🇷,2026,Male,ATHX,Endurance,2.818KM,2.255KM,,,,,,,10
10,01ke4x4fycte2rb0q8af12fj02,Nelson,Noumbissi,Nelson Noumbissi,Male,,,https://ui-avatars.com/api/?name=N+N&color=FFFFFF&background=000000,ATHX MARSEILLE 2026,France 🇫🇷,2026,Male,ATHX,Endurance,2.812KM,2.261KM,,,,,,,10
12,01kqc8jh8p567zrnkr4kxns9dz,Thibault,Bourlier,Thibault Bourlier,Male,,,https://ui-avatars.com/api/?name=T+B&color=FFFFFF&background=000000,ATHX MARSEILLE 2026,France 🇫🇷,2026,Male,ATHX,Endurance,2.784KM,2.268KM,,,,,,,12
13,01knphfy1h56ppm2b9zr8ak2bt,Clément,Chatenet,Clément Chatenet,Male,,,https://ui-avatars.com/api/?name=C+C&color=FFFFFF&background=000000,ATHX MARSEILLE 2026,France 🇫🇷,2026,Male,ATHX,Endurance,2.75KM,2.259KM,,,,,,,13
14,01khb7878zd6yy03cvvmc0metj,Nicolas,Litampha,Nicolas Litampha,Male,France,,https://ui-avatars.com/api/?name=N+L&color=FFFFFF&background=000000,ATHX MARSEILLE 2026,France 🇫🇷,2026,Male,ATHX,Endurance,2.71KM,2.261KM,,,,,,,14
15,01kptvvz055qm8xexwb5e89y41,Hugo,Dhinaut,Hugo Dhinaut,Male,,,https://ui-avatars.com/api/?name=H+D&color=FFFFFF&background=000000,ATHX MARSEILLE 2026,France 🇫🇷,2026,Male,ATHX,Endurance,2.704KM,2.265KM,,,,,,,15
16,01kj80ws474kgxmsrmgmvhjkyd,Florian,Foggea,Florian Foggea,Male,France,,https://ui-avatars.com/api/?name=F+F&color=FFFFFF&background=000000,ATHX MARSEILLE 2026,France 🇫🇷,2026,Male,ATHX,Endurance,2.697KM,2.264KM,,,,,,,16
17,01kgcppmraae31vyecne32bw3d,Alexis,Fabre,Alexis Fabre,Male,,,https://ui-avatars.com/api/?name=A+F&color=FFFFFF&background=000000,ATHX MARSEILLE 2026,France 🇫🇷,2026,Male,ATHX,Endurance,2.683KM,2.276KM,,,,,,,17
18,01kfk1xry8tnn5pkhrh9d10nwz,Benjamin,Guizerix,Benjamin Guizerix,Male,,,https://ui-avatars.com/api/?name=B+G&color=FFFFFF&background=000000,ATHX MARSEILLE 2026,France 🇫🇷,2026,Male,ATHX,Endurance,2.663KM,2.267KM,,,,,,,18
19,01kqjcc2m136207at8zrfsd7jk,Maréchal,Kevin,Maréchal Kevin,Male,France,Crossfit drakon,https://ui-avatars.com/api/?name=M+K&color=FFFFFF&background=000000,ATHX MARSEILLE 2026,France 🇫🇷,2026,Male,ATHX,Endurance,2.656KM,2.264KM,,,,,,,19
20,01kwvjj887v5y3v7x5nsh4rb5e,Joss,Goode,Joss Goode,Male,United Kingdom,Joss,https://ui-avatars.com/api/?name=J+G&color=FFFFFF&background=000000,ATHX MARSEILLE 2026,France 🇫🇷,2026,Male,ATHX,Endurance,2.644KM,2.262KM,,,,,,,20
21,01ky6y4q57djyct3w9kbc446gb,Jean,Petitdemange,Jean Petitdemange,Male,,,https://ui-avatars.com/api/?name=J+P&color=FFFFFF&background=000000,ATHX MARSEILLE 2026,France 🇫🇷,2026,Male,ATHX,Endurance,2.634KM,2.266KM,,,,,,,21
22,01kcvatzt78jyf7nqcw6qd0zz9,Jeremy,Brimaud,Jeremy Brimaud,Male,,,https://ui-avatars.com/api/?name=J+B&color=FFFFFF&background=000000,ATHX MARSEILLE 2026,France 🇫🇷,2026,Male,ATHX,Endurance,2.63KM,2.265KM,,,,,,,22
23,01ksb4dnswqfwr710361p2c7vp,Hugo,Da Fresta,Hugo Da Fresta,Male,,,https://ui-avatars.com/api/?name=H+D+F&color=FFFFFF&background=000000,ATHX MARSEILLE 2026,France 🇫🇷,2026,Male,ATHX,Endurance,2.625KM,2.263KM,,,,,,,23
24,01kpwj7shmyxwk328z07wfpt1k,Ludovic,Ndungu,Ludovic Ndungu,Male,,,https://ui-avatars.com/api/?name=L+N&color=FFFFFF&background=000000,ATHX MARSEILLE 2026,France 🇫🇷,2026,Male,ATHX,Endurance,2.614KM,2.265KM,,,,,,,24
25,01kkhz8p9r0w2q86ct9weh51ra,Iker,Duart,Iker Duart,Male,,,https://ui-avatars.com/api/?name=I+D&color=FFFFFF&background=000000,ATHX MARSEILLE 2026,France 🇫🇷,2026,Male,ATHX,Endurance,2.616KM,2.258KM,,,,,,,25
26,01keakw30z3jjy31gv0h3968tq,Romain,Roten,Romain Roten,Male,Switzerland,,https://ui-avatars.com/api/?name=R+R&color=FFFFFF&background=000000,ATHX MARSEILLE 2026,France 🇫🇷,2026,Male,ATHX,Endurance,2.609KM,2.258KM,,,,,,,26
27,01kdbd6v2ws8gcvsyz1zbw1tj5,Anthony,Alsters,Anthony Alsters,Male,,,https://athxgames.com/storage/profile-photos/WsF1m0UEG5YRreC0rQ37lYtpzUFrDvHHRpC5q89v.jpg,ATHX MARSEILLE 2026,France 🇫🇷,2026,Male,ATHX,Endurance,2.595KM,2.265KM,,,,,,,27
28,01kz9pbr51h7rhc41ev671x1fp,Samuel,Wieser,Samuel Wieser,Male,,,https://ui-avatars.com/api/?name=S+W&color=FFFFFF&background=000000,ATHX MARSEILLE 2026,France 🇫🇷,2026,Male,ATHX,Endurance,2.595KM,2.261KM,,,,,,,28
29,01kc9ne0bd6yxp8ggt7zdcazgs,Sébastien,KARL,Sébastien KARL,Male,,,https://ui-avatars.com/api/?name=S+K&color=FFFFFF&background=000000,ATHX MARSEILLE 2026,France 🇫🇷,2026,Male,ATHX,Endurance,2.563KM,2.276KM,,,,,,,29
30,01kvytkz955bx3jhhr1v766z07,Luis,Veiga,Luis Veiga,Male,,,https://athxgames.com/storage/profile-photos/Tj1l3owt2ZXGOqFsF2aIVbZnTGXQm6w9GLMhMTkp.jpg,ATHX MARSEILLE 2026,France 🇫🇷,2026,Male,ATHX,Endurance,2.575KM,2.261KM,,,,,,,30
31,01kr4n4bj6cn9jxqrxeejdnkx7,Benhadid,Sofiane,Benhadid Sofiane,Male,,,https://ui-avatars.com/api/?name=B+S&color=FFFFFF&background=000000,ATHX MARSEILLE 2026,France 🇫🇷,2026,Male,ATHX,Endurance,2.621KM,2.213KM,,,,,,,31
32,01kq5jba20s89rn70f29r9h4kw,Paweł,Olszewski,Paweł Olszewski,Male,Poland,,https://ui-avatars.com/api/?name=P+O&color=FFFFFF&background=000000,ATHX MARSEILLE 2026,France 🇫🇷,2026,Male,ATHX,Endurance,2.559KM,2.271KM,,,,,,,32
33,01k6qn6m3237r3gxsh7kdm4zzr,Nathan,Saint-Jalmes,Nathan Saint-Jalmes,Male,France,CrossFit Le Mans,https://ui-avatars.com/api/?name=N+S&color=FFFFFF&background=000000,ATHX MARSEILLE 2026,France 🇫🇷,2026,Male,ATHX,Endurance,2.567KM,2.26KM,,,,,,,33
34,01kqh76y7bkjc39a9gf89p0taa,Christophe,Da silva,Christophe Da silva,Male,,,https://ui-avatars.com/api/?name=C+D+s&color=FFFFFF&background=000000,ATHX MARSEILLE 2026,France 🇫🇷,2026,Male,ATHX,Endurance,2.541KM,2.271KM,,,,,,,34
35,01k63d023x23xcjfejgfp8m01r,Bouba,Ndiaye,Bouba Ndiaye,Male,France,Episod,https://athxgames.com/storage/profile-photos/6UXxOG1zubH2DKVOPZKynsSSsGgVf8SM4ei8KuJD.jpg,ATHX MARSEILLE 2026,France 🇫🇷,2026,Male,ATHX,Endurance,2.518KM,2.282KM,,,,,,,35
35,01knq86cadp57vnydbjwtayax3,Mervan,Boukacem,Mervan Boukacem,Male,France,Crossfit le chaudron,https://ui-avatars.com/api/?name=M+B&color=FFFFFF&background=000000,ATHX MARSEILLE 2026,France 🇫🇷,2026,Male,ATHX,Endurance,2.537KM,2.263KM,,,,,,,35
37,01knpw8h50p1rhaxyfmqfztync,Adel,Saighi,Adel Saighi,Male,,,https://ui-avatars.com/api/?name=A+S&color=FFFFFF&background=000000,ATHX MARSEILLE 2026,France 🇫🇷,2026,Male,ATHX,Endurance,2.542KM,2.257KM,,,,,,,37
38,01kg753grtpzjx4653m3hfpwds,Lorenzo,Piccarreta,Lorenzo Piccarreta,Male,Italy,Keymon Fitness,https://athxgames.com/storage/profile-photos/53RlSmZjIbsTT7VZyr7UdH9x4y1hcot0AMbjg5mG.jpg,ATHX MARSEILLE 2026,France 🇫🇷,2026,Male,ATHX,Endurance,2.525KM,2.266KM,,,,,,,38
39,01kbqq230w9naxsxdvvbnqa7m4,Alexandre,Tortochot,Alexandre Tortochot,Male,,,https://ui-avatars.com/api/?name=A+T&color=FFFFFF&background=000000,ATHX MARSEILLE 2026,France 🇫🇷,2026,Male,ATHX,Endurance,2.525KM,2.262KM,,,,,,,39
40,01kmg4vqjdfsyq6y7xbjxha70y,Lucas,Zietek,Lucas Zietek,Male,,,https://ui-avatars.com/api/?name=L+Z&color=FFFFFF&background=000000,ATHX MARSEILLE 2026,France 🇫🇷,2026,Male,ATHX,Endurance,2.529KM,2.257KM,,,,,,,40
41,01ka6mz26qabytdxqxstb2a9s3,Thony,Messon,Thony Messon,Male,France,Fit Quinze,https://ui-avatars.com/api/?name=T+M&color=FFFFFF&background=000000,ATHX MARSEILLE 2026,France 🇫🇷,2026,Male,ATHX,Endurance,2.519KM,2.264KM,,,,,,,41
42,01kkpjkatt9mxpkh1g5wxpsjtq,Nicolas,Borges martins,Nicolas Borges martins,Male,,,https://ui-avatars.com/api/?name=N+B+m&color=FFFFFF&background=000000,ATHX MARSEILLE 2026,France 🇫🇷,2026,Male,ATHX,Endurance,2.512KM,2.263KM,,,,,,,42
43,01kbttswzxyhbf4dx5e4ptpypy,Paolo,Mary,Paolo Mary,Male,,,https://ui-avatars.com/api/?name=P+M&color=FFFFFF&background=000000,ATHX MARSEILLE 2026,France 🇫🇷,2026,Male,ATHX,Endurance,2.5KM,2.261KM,,,,,,,43
44,01kk9zmgavn5ejthtxq1mr1dnd,Wacey,Connor,Wacey Connor,Male,United States,Life Time,https://ui-avatars.com/api/?name=W+C&color=FFFFFF&background=000000,ATHX MARSEILLE 2026,France 🇫🇷,2026,Male,ATHX,Endurance,2.5KM,2.258KM,,,,,,,44
45,01kgcynd4wx7j9897bebq0w0k1,Raphaël,Perez,Raphaël Perez,Male,,,https://ui-avatars.com/api/?name=R+P&color=FFFFFF&background=000000,ATHX MARSEILLE 2026,France 🇫🇷,2026,Male,ATHX,Endurance,2.432KM,2.264KM,,,,,,,45
46,01kq7vpm7v4aatny03nb2tvx7c,Esteban,Pastre,Esteban Pastre,Male,,,https://ui-avatars.com/api/?name=E+P&color=FFFFFF&background=000000,ATHX MARSEILLE 2026,France 🇫🇷,2026,Male,ATHX,Endurance,2.475KM,2.219KM,,,,,,,46
47,01kksetfhjjjpf2rztqxwjtn6j,Adrien,Cano,Adrien Cano,Male,,,https://ui-avatars.com/api/?name=A+C&color=FFFFFF&background=000000,ATHX MARSEILLE 2026,France 🇫🇷,2026,Male,ATHX,Endurance,2.427KM,2.261KM,,,,,,,47
48,01knsw1tw3b55mtrckvy91ahna,Hedhili,Ben cherifa,Hedhili Ben cherifa,Male,,,https://ui-avatars.com/api/?name=H+B+c&color=FFFFFF&background=000000,ATHX MARSEILLE 2026,France 🇫🇷,2026,Male,ATHX,Endurance,2.427KM,2.26KM,,,,,,,48
49,01ke9dex86p85bq76dvwqsajsb,Gouland,Mike,Gouland Mike,Male,,,https://ui-avatars.com/api/?name=G+M&color=FFFFFF&background=000000,ATHX MARSEILLE 2026,France 🇫🇷,2026,Male,ATHX,Endurance,2.422KM,2.258KM,,,,,,,49
50,01kdrebzrc44amqs6v9d0xcbm0,ASCHIERI,GREGOIRE,ASCHIERI GREGOIRE,Male,France,,https://ui-avatars.com/api/?name=A+G&color=FFFFFF&background=000000,ATHX MARSEILLE 2026,France 🇫🇷,2026,Male,ATHX,Endurance,2.411KM,2.266KM,,,,,,,50
51,01kcyya1fgzjc4610vqwd41409,Lucas,Cutuli Bezerra,Lucas Cutuli Bezerra,Male,Italy,,https://athxgames.com/storage/profile-photos/8mBdKf4NtjRWuFe2nl3lFGHckQGuOcMiYhtioR3f.jpg,ATHX MARSEILLE 2026,France 🇫🇷,2026,Male,ATHX,Endurance,2.41KM,2.262KM,,,,,,,51
52,01kerz9910nmcwafmre1m3jbmy,Lucas,Claro,Lucas Claro,Male,,,https://ui-avatars.com/api/?name=L+C&color=FFFFFF&background=000000,ATHX MARSEILLE 2026,France 🇫🇷,2026,Male,ATHX,Endurance,2.403KM,2.266KM,,,,,,,52
53,01kjsmbjkw1nb3dyf9zc7y479p,Nicolas,BONTE,Nicolas BONTE,Male,,,https://ui-avatars.com/api/?name=N+B&color=FFFFFF&background=000000,ATHX MARSEILLE 2026,France 🇫🇷,2026,Male,ATHX,Endurance,2.388KM,2.259KM,,,,,,,53
54,01ke2p5p6t448j3sy7kkmny3j2,tino,saecker,tino saecker,Male,,,https://ui-avatars.com/api/?name=t+s&color=FFFFFF&background=000000,ATHX MARSEILLE 2026,France 🇫🇷,2026,Male,ATHX,Endurance,2.378KM,2.265KM,,,,,,,54
55,01krpjns4tfmj0f1w6d3zaxq37,Franck,KIDA,Franck KIDA,Male,,,https://ui-avatars.com/api/?name=F+K&color=FFFFFF&background=000000,ATHX MARSEILLE 2026,France 🇫🇷,2026,Male,ATHX,Endurance,2.25KM,2.362KM,,,,,,,55
56,01kbtt6net1whxtetbg8tdfkdk,Loic,Braibanti,Loic Braibanti,Male,France,,https://ui-avatars.com/api/?name=L+B&color=FFFFFF&background=000000,ATHX MARSEILLE 2026,France 🇫🇷,2026,Male,ATHX,Endurance,2.337KM,2.269KM,,,,,,,56
57,01k8h6abb8stwdw6vw11tad71h,Valentin,Genest,Valentin Genest,Male,,,https://ui-avatars.com/api/?name=V+G&color=FFFFFF&background=000000,ATHX MARSEILLE 2026,France 🇫🇷,2026,Male,ATHX,Endurance,2.381KM,2.215KM,,,,,,,57
58,01kce89mr3pfk1saqk0g44bqyf,Davy,Machado de Carvalho,Davy Machado de Carvalho,Male,France,La Fonderie,https://athxgames.com/storage/profile-photos/YMsxph1QrR40vVsh9AneyFxOnp8kBSXiIiEHzXMz.jpg,ATHX MARSEILLE 2026,France 🇫🇷,2026,Male,ATHX,Endurance,2.33KM,2.263KM,,,,,,,58
59,01kjzvppeg1w99x18gde5mvhg8,Hugo,Carmona,Hugo Carmona,Male,,,https://ui-avatars.com/api/?name=H+C&color=FFFFFF&background=000000,ATHX MARSEILLE 2026,France 🇫🇷,2026,Male,ATHX,Endurance,2.324KM,2.262KM,,,,,,,59
60,01k8tfrfk8j3vwdy6vss3hh5t0,Laurent,Tu,Laurent Tu,Male,France,,https://ui-avatars.com/api/?name=L+T&color=FFFFFF&background=000000,ATHX MARSEILLE 2026,France 🇫🇷,2026,Male,ATHX,Endurance,2.572KM,2.006KM,,,,,,,60
61,01kj4yywmssdnznn2w5z9p57br,Lénaïc,Roulleau,Lénaïc Roulleau,Male,,,https://ui-avatars.com/api/?name=L+R&color=FFFFFF&background=000000,ATHX MARSEILLE 2026,France 🇫🇷,2026,Male,ATHX,Endurance,2.31KM,2.264KM,,,,,,,61
62,01ks3cdytkjk6vec38zjagr4hs,Heemano-Arii,CHONG HUE,Heemano-Arii CHONG HUE,Male,,,https://ui-avatars.com/api/?name=H+C+H&color=FFFFFF&background=000000,ATHX MARSEILLE 2026,France 🇫🇷,2026,Male,ATHX,Endurance,2.305KM,2.265KM,,,,,,,62
63,01kqfm9jty7q86hfwcq6jdhca2,Galy,Adrien,Galy Adrien,Male,,,https://ui-avatars.com/api/?name=G+A&color=FFFFFF&background=000000,ATHX MARSEILLE 2026,France 🇫🇷,2026,Male,ATHX,Endurance,2.296KM,2.271KM,,,,,,,63
64,01kg9hdnhzjbmkm9me53nzsgxz,Marius,Figura,Marius Figura,Male,Germany,,https://ui-avatars.com/api/?name=M+F&color=FFFFFF&background=000000,ATHX MARSEILLE 2026,France 🇫🇷,2026,Male,ATHX,Endurance,2.302KM,2.262KM,,,,,,,64
65,01kv3r5pmkvdeqg3gcvkbpfsfc,aurelien,mouyabi,aurelien mouyabi,Male,,,https://ui-avatars.com/api/?name=a+m&color=FFFFFF&background=000000,ATHX MARSEILLE 2026,France 🇫🇷,2026,Male,ATHX,Endurance,2.287KM,2.267KM,,,,,,,65
66,01kmaad338r1t1b4nmmha4cnbc,Dimitri,Nita,Dimitri Nita,Male,France,Crossfit Sainte Consorce,https://ui-avatars.com/api/?name=D+N&color=FFFFFF&background=000000,ATHX MARSEILLE 2026,France 🇫🇷,2026,Male,ATHX,Endurance,2.288KM,2.265KM,,,,,,,66
67,01k9z6s6ej5r8my8pphwtrjvb0,Sami,Atek,Sami Atek,Male,Algeria,,https://ui-avatars.com/api/?name=S+A&color=FFFFFF&background=000000,ATHX MARSEILLE 2026,France 🇫🇷,2026,Male,ATHX,Endurance,2.287KM,2.26KM,,,,,,,67
67,01k8dgbp3c6j1pjp51jwbfav9s,Théo,Guizerix,Théo Guizerix,Male,,,https://ui-avatars.com/api/?name=T+G&color=FFFFFF&background=000000,ATHX MARSEILLE 2026,France 🇫🇷,2026,Male,ATHX,Endurance,2.278KM,2.269KM,,,,,,,67
69,01kd3hgg5wqmhvn3mmpanyy05y,Vincent,Cabanel,Vincent Cabanel,Male,France,CrossFit Original Addicts,https://athxgames.com/storage/profile-photos/jdO0pOp54mE4RFGe79Q7420W7es9MvuaiZQSC3Ah.jpg,ATHX MARSEILLE 2026,France 🇫🇷,2026,Male,ATHX,Endurance,2.25KM,2.289KM,,,,,,,69
70,01ks2h9k56gffrcs0vsmb4830d,Pierre-Yves,CEREL,Pierre-Yves CEREL,Male,France,,https://athxgames.com/storage/profile-photos/miPO0iZQHWdBHICClIW3yK8SEDYPZbIDwtMMEpAw.jpg,ATHX MARSEILLE 2026,France 🇫🇷,2026,Male,ATHX,Endurance,2.272KM,2.265KM,,,,,,,70
71,01kpfwxh2pp1acrwdtm46z4095,Gwenvaël,Bonnot,Gwenvaël Bonnot,Male,France,Bonnot Gwenvaël,https://ui-avatars.com/api/?name=G+B&color=FFFFFF&background=000000,ATHX MARSEILLE 2026,France 🇫🇷,2026,Male,ATHX,Endurance,2.257KM,2.264KM,,,,,,,71
72,01kh14c3bxv44w6vjfk87tke3e,Mikael,Potier,Mikael Potier,Male,,,https://ui-avatars.com/api/?name=M+P&color=FFFFFF&background=000000,ATHX MARSEILLE 2026,France 🇫🇷,2026,Male,ATHX,Endurance,2.25KM,2.27KM,,,,,,,72
73,01kjctz9jcgep6psxyd09pv8zj,Jeremy,Veyssiere,Jeremy Veyssiere,Male,,,https://ui-avatars.com/api/?name=J+V&color=FFFFFF&background=000000,ATHX MARSEILLE 2026,France 🇫🇷,2026,Male,ATHX,Endurance,2.258KM,2.261KM,,,,,,,73
73,01kqfmkx7dh95rap1hx11z035w,Paul,Carriere,Paul Carriere,Male,,,https://ui-avatars.com/api/?name=P+C&color=FFFFFF&background=000000,ATHX MARSEILLE 2026,France 🇫🇷,2026,Male,ATHX,Endurance,2.25KM,2.269KM,,,,,,,73
75,01kpnzkjwkm6h53d96h51qs12k,Julien,Simon,Julien Simon,Male,,,https://ui-avatars.com/api/?name=J+S&color=FFFFFF&background=000000,ATHX MARSEILLE 2026,France 🇫🇷,2026,Male,ATHX,Endurance,2.25KM,2.267KM,,,,,,,75
76,01kegyf5d83z3yxf8kyt4br8fb,Cédric,Martinez,Cédric Martinez,Male,,,https://ui-avatars.com/api/?name=C+M&color=FFFFFF&background=000000,ATHX MARSEILLE 2026,France 🇫🇷,2026,Male,ATHX,Endurance,2.25KM,2.266KM,,,,,,,76
77,01kdgpy3kkknv6896zqzq2vtyx,Arnaud,Bousquet,Arnaud Bousquet,Male,,,https://ui-avatars.com/api/?name=A+B&color=FFFFFF&background=000000,ATHX MARSEILLE 2026,France 🇫🇷,2026,Male,ATHX,Endurance,2.25KM,2.265KM,,,,,,,77
78,01krhgqsndebzeq98s0vcmd3rs,Yohann,DJERAHIAN,Yohann DJERAHIAN,Male,,,https://ui-avatars.com/api/?name=Y+D&color=FFFFFF&background=000000,ATHX MARSEILLE 2026,France 🇫🇷,2026,Male,ATHX,Endurance,2.25KM,2.264KM,,,,,,,78
79,01jhwx63hwy84zk28tcdvvya5w,Samuel,Akroum,Samuel Akroum,Male,,,https://ui-avatars.com/api/?name=S+A&color=FFFFFF&background=000000,ATHX MARSEILLE 2026,France 🇫🇷,2026,Male,ATHX,Endurance,2.25KM,2.263KM,,,,,,,79
80,01kdmg004jtc6rcept8ew66dta,Anthony,Ramon,Anthony Ramon,Male,,,https://ui-avatars.com/api/?name=A+R&color=FFFFFF&background=000000,ATHX MARSEILLE 2026,France 🇫🇷,2026,Male,ATHX,Endurance,2.25KM,2.262KM,,,,,,,80
81,01kn4zsqp0bhvegeh0tj2yd05c,Anthony,Ratajezak,Anthony Ratajezak,Male,France,Next-CrossFit Les Angles,https://ui-avatars.com/api/?name=A+R&color=FFFFFF&background=000000,ATHX MARSEILLE 2026,France 🇫🇷,2026,Male,ATHX,Endurance,2.25KM,2.261KM,,,,,,,81
82,01kkg5gdzt5kbq83c3r6b1yeb3,Vincent,Bodnar,Vincent Bodnar,Male,,,https://ui-avatars.com/api/?name=V+B&color=FFFFFF&background=000000,ATHX MARSEILLE 2026,France 🇫🇷,2026,Male,ATHX,Endurance,2.25KM,2.26KM,,,,,,,82
82,01m2q0by7svwspww7yv5e6yzqp,Sébastien,Passarelli,Sébastien Passarelli,Male,France,,https://ui-avatars.com/api/?name=S+P&color=FFFFFF&background=000000,ATHX MARSEILLE 2026,France 🇫🇷,2026,Male,ATHX,Endurance,2.25KM,2.26KM,,,,,,,82
84,01m07zzrmyt5s6nfa9rrw0s64d,Sébastien,Devaux,Sébastien Devaux,Male,France,SEB,https://ui-avatars.com/api/?name=S+D&color=FFFFFF&background=000000,ATHX MARSEILLE 2026,France 🇫🇷,2026,Male,ATHX,Endurance,2.25KM,2.24KM,,,,,,,84
85,01kevkb6scxxs8taj8xf5ep8vy,Cyril,Clément,Cyril Clément,Male,,,https://ui-avatars.com/api/?name=C+C&color=FFFFFF&background=000000,ATHX MARSEILLE 2026,France 🇫🇷,2026,Male,ATHX,Endurance,2.25KM,2.215KM,,,,,,,85
86,01kdazja9ntst057rrpgyn4m62,Mauriane,Boceno,Mauriane Boceno,Male,,,https://ui-avatars.com/api/?name=M+B&color=FFFFFF&background=000000,ATHX MARSEILLE 2026,France 🇫🇷,2026,Male,ATHX,Endurance,2.25KM,2.209KM,,,,,,,86
87,01kph4f7r6zht73c522mv1ev5b,David,Allan,David Allan,Male,United Kingdom,,https://ui-avatars.com/api/?name=D+A&color=FFFFFF&background=000000,ATHX MARSEILLE 2026,France 🇫🇷,2026,Male,ATHX,Endurance,2.25KM,2.199KM,,,,,,,87
88,01kse1t4z8gkrcxm2t98sqb8m3,Bilal,Harrous,Bilal Harrous,Male,,,https://ui-avatars.com/api/?name=B+H&color=FFFFFF&background=000000,ATHX MARSEILLE 2026,France 🇫🇷,2026,Male,ATHX,Endurance,2.25KM,2.178KM,,,,,,,88
89,01kh04rqcsc7sn2wf1z7kav7b8,Eric,Moore,Eric Moore,Male,,,https://ui-avatars.com/api/?name=E+M&color=FFFFFF&background=000000,ATHX MARSEILLE 2026,France 🇫🇷,2026,Male,ATHX,Endurance,2.25KM,2.162KM,,,,,,,89
90,01kh437916q7mjybzpfw5qtetb,Samuel,Faria,Samuel Faria,Male,,,https://ui-avatars.com/api/?name=S+F&color=FFFFFF&background=000000,ATHX MARSEILLE 2026,France 🇫🇷,2026,Male,ATHX,Endurance,2.25KM,2.158KM,,,,,,,90
91,01ks2qhnx8kws18ab3j16mh64s,Julien,Reverte,Julien Reverte,Male,,,https://ui-avatars.com/api/?name=J+R&color=FFFFFF&background=000000,ATHX MARSEILLE 2026,France 🇫🇷,2026,Male,ATHX,Endurance,2.25KM,2.156KM,,,,,,,91
92,01kqfktfyt37mc5b9qgpkpcrv8,Max,Carouge,Max Carouge,Male,,,https://ui-avatars.com/api/?name=M+C&color=FFFFFF&background=000000,ATHX MARSEILLE 2026,France 🇫🇷,2026,Male,ATHX,Endurance,2.25KM,2.152KM,,,,,,,92
93,01kq6t3ca0mj39w4rjc4z1h94f,Norbert,Perez,Norbert Perez,Male,France,,https://ui-avatars.com/api/?name=N+P&color=FFFFFF&background=000000,ATHX MARSEILLE 2026,France 🇫🇷,2026,Male,ATHX,Endurance,2.25KM,2.151KM,,,,,,,93
94,01jhtneezz90ed1fawgbwy87cd,Ola,Sogbanmu,Ola Sogbanmu,Male,,,https://ui-avatars.com/api/?name=O+S&color=FFFFFF&background=000000,ATHX MARSEILLE 2026,France 🇫🇷,2026,Male,ATHX,Endurance,2.25KM,2.149KM,,,,,,,94
95,01kh9ssmxrrhg6833g7ymjb5ve,Anselmo,Nunes,Anselmo Nunes,Male,Portugal,Armazém 395,https://athxgames.com/storage/profile-photos/2xozIVGtn8b7DHuI64CUBjRqucoaVSsutxxkuYnG.jpg,ATHX MARSEILLE 2026,France 🇫🇷,2026,Male,ATHX,Endurance,2.25KM,2.14KM,,,,,,,95
96,01k9zh79kds4xrgwaf36a68w07,Thibaut,Thellier,Thibaut Thellier,Male,France,CrossFit Giants,https://athxgames.com/storage/profile-photos/UT3O9c0QmNcicsaOKWPUOXK9zOgtxZyHViLYrVfg.jpg,ATHX MARSEILLE 2026,France 🇫🇷,2026,Male,ATHX,Endurance,2.25KM,2.132KM,,,,,,,96
97,01kbx5dxn3ej6zpah5akvsybs3,Bouabdallah,Tadjeur,Bouabdallah Tadjeur,Male,,,https://ui-avatars.com/api/?name=B+T&color=FFFFFF&background=000000,ATHX MARSEILLE 2026,France 🇫🇷,2026,Male,ATHX,Endurance,2.25KM,2.127KM,,,,,,,97
98,01kym881j1z8x4znr7n4755spw,David,Pachot,David Pachot,Male,,CrossFit Cathare,https://ui-avatars.com/api/?name=D+P&color=FFFFFF&background=000000,ATHX MARSEILLE 2026,France 🇫🇷,2026,Male,ATHX,Endurance,2.25KM,2.122KM,,,,,,,98
99,01kxwbbdyc7n335ydp839dz0z5,Marlon,Woods,Marlon Woods,Male,,,https://ui-avatars.com/api/?name=M+W&color=FFFFFF&background=000000,ATHX MARSEILLE 2026,France 🇫🇷,2026,Male,ATHX,Endurance,2.25KM,2.112KM,,,,,,,99
100,01kcwwpf4jbqv8cs51jd442fmy,Léopold,Manguette,Léopold Manguette,Male,,,https://ui-avatars.com/api/?name=L+M&color=FFFFFF&background=000000,ATHX MARSEILLE 2026,France 🇫🇷,2026,Male,ATHX,Endurance,2.25KM,2.109KM,,,,,,,100
101,01kbja2k96rmphcxgfw9bjwykt,Adrien,Farvacques,Adrien Farvacques,Male,,,https://ui-avatars.com/api/?name=A+F&color=FFFFFF&background=000000,ATHX MARSEILLE 2026,France 🇫🇷,2026,Male,ATHX,Endurance,2.25KM,2.098KM,,,,,,,101
102,01kh3g2jtqb2rey6enw8fmy2yq,Alexandre,Descoings,Alexandre Descoings,Male,,,https://ui-avatars.com/api/?name=A+D&color=FFFFFF&background=000000,ATHX MARSEILLE 2026,France 🇫🇷,2026,Male,ATHX,Endurance,2.5KM,1.84KM,,,,,,,102
103,01kh1apv96byetfp84jkqcpd8p,Javier,Dafonte,Javier Dafonte,Male,,,https://ui-avatars.com/api/?name=J+D&color=FFFFFF&background=000000,ATHX MARSEILLE 2026,France 🇫🇷,2026,Male,ATHX,Endurance,2.25KM,2.083KM,,,,,,,103
104,01kc50pr9cvkghjq255s00btx0,Kevin,Lovera,Kevin Lovera,Male,,,https://ui-avatars.com/api/?name=K+L&color=FFFFFF&background=000000,ATHX MARSEILLE 2026,France 🇫🇷,2026,Male,ATHX,Endurance,2.25KM,2.08KM,,,,,,,104
105,01krye4wxhv3m48z549exx7ba6,kenzo,cavallaro,kenzo cavallaro,Male,,,https://ui-avatars.com/api/?name=k+c&color=FFFFFF&background=000000,ATHX MARSEILLE 2026,France 🇫🇷,2026,Male,ATHX,Endurance,2.25KM,2.073KM,,,,,,,105
106,01kepp3fk6m11dd560cen6h89k,Al Daril,John,Al Daril John,Male,,,https://ui-avatars.com/api/?name=A+D+J&color=FFFFFF&background=000000,ATHX MARSEILLE 2026,France 🇫🇷,2026,Male,ATHX,Endurance,2.5KM,1.802KM,,,,,,,106
107,01kqhx6tgvpw8fdk872m8kb7vz,Alex,Fehlmann,Alex Fehlmann,Male,,,https://ui-avatars.com/api/?name=A+F&color=FFFFFF&background=000000,ATHX MARSEILLE 2026,France 🇫🇷,2026,Male,ATHX,Endurance,2.25KM,2.044KM,,,,,,,107
108,01krbdg94xspzvqaezfdq6gq4k,Rémy,Dejonckheere,Rémy Dejonckheere,Male,France,La Fournaise CrossFit,https://ui-avatars.com/api/?name=R+D&color=FFFFFF&background=000000,ATHX MARSEILLE 2026,France 🇫🇷,2026,Male,ATHX,Endurance,2.25KM,2.042KM,,,,,,,108
109,01kfnsazmvh021qhf708xc7jb8,Yohan,Brami,Yohan Brami,Male,,,https://ui-avatars.com/api/?name=Y+B&color=FFFFFF&background=000000,ATHX MARSEILLE 2026,France 🇫🇷,2026,Male,ATHX,Endurance,2.25KM,2.014KM,,,,,,,109
110,01m2gsvhf2jxnv5n9thjxdyc02,Joris,Debernardi,Joris Debernardi,Male,,,https://ui-avatars.com/api/?name=J+D&color=FFFFFF&background=000000,ATHX MARSEILLE 2026,France 🇫🇷,2026,Male,ATHX,Endurance,2.241KM,2.014KM,,,,,,,110
111,01kdx6dzn5693df2x67d82hhbz,Tristan,Vidal,Tristan Vidal,Male,,,https://ui-avatars.com/api/?name=T+V&color=FFFFFF&background=000000,ATHX MARSEILLE 2026,France 🇫🇷,2026,Male,ATHX,Endurance,2.25KM,2.002KM,,,,,,,111
112,01kn55wqmd448xyzq6nq075p4s,Jean david,Thevenet,Jean david Thevenet,Male,,,https://ui-avatars.com/api/?name=J+d+T&color=FFFFFF&background=000000,ATHX MARSEILLE 2026,France 🇫🇷,2026,Male,ATHX,Endurance,2.25KM,2.001KM,,,,,,,112
113,01khgnx7d3mk3txwqghte7z4v9,Abderahmane,Afouani,Abderahmane Afouani,Male,,,https://ui-avatars.com/api/?name=A+A&color=FFFFFF&background=000000,ATHX MARSEILLE 2026,France 🇫🇷,2026,Male,ATHX,Endurance,2.25KM,1.993KM,,,,,,,113
114,01kf34k82s2zgqjd0t7v8t1p9v,Frederic,Bedeil,Frederic Bedeil,Male,France,,https://ui-avatars.com/api/?name=F+B&color=FFFFFF&background=000000,ATHX MARSEILLE 2026,France 🇫🇷,2026,Male,ATHX,Endurance,2.25KM,1.992KM,,,,,,,114
115,01knt0abjgk35hscvgp4w8s69w,SOUYRIS,Mathieu,SOUYRIS Mathieu,Male,,,https://ui-avatars.com/api/?name=S+M&color=FFFFFF&background=000000,ATHX MARSEILLE 2026,France 🇫🇷,2026,Male,ATHX,Endurance,2.25KM,1.968KM,,,,,,,115
116,01kdxr8hsdjkahp6t7wd9ydp13,Landry,Agbagni,Landry Agbagni,Male,,,https://ui-avatars.com/api/?name=L+A&color=FFFFFF&background=000000,ATHX MARSEILLE 2026,France 🇫🇷,2026,Male,ATHX,Endurance,2.25KM,1.967KM,,,,,,,116
117,01kp646aspfsr06n8mpjhmfm01,Guillaume,SCHWEBIG,Guillaume SCHWEBIG,Male,France,,https://ui-avatars.com/api/?name=G+S&color=FFFFFF&background=000000,ATHX MARSEILLE 2026,France 🇫🇷,2026,Male,ATHX,Endurance,2.25KM,1.939KM,,,,,,,117
118,01kgs3ywqpp49wc8f77cpk78sn,Charles,FIGARO,Charles FIGARO,Male,,,https://ui-avatars.com/api/?name=C+F&color=FFFFFF&background=000000,ATHX MARSEILLE 2026,France 🇫🇷,2026,Male,ATHX,Endurance,2.25KM,1.937KM,,,,,,,118
119,01kew6779n0ybpf312qw6b7w93,Anthony,Roux,Anthony Roux,Male,France,,https://ui-avatars.com/api/?name=A+R&color=FFFFFF&background=000000,ATHX MARSEILLE 2026,France 🇫🇷,2026,Male,ATHX,Endurance,2.25KM,1.931KM,,,,,,,119
120,01kk6cnywq0py1heasphyx4sqq,Pascal,Aubert,Pascal Aubert,Male,France,Coaching Zone,https://ui-avatars.com/api/?name=P+A&color=FFFFFF&background=000000,ATHX MARSEILLE 2026,France 🇫🇷,2026,Male,ATHX,Endurance,2.25KM,1.92KM,,,,,,,120
121,01kjssq2x45gr1vfw9ptkv7030,Guilhem,Bazile,Guilhem Bazile,Male,,,https://ui-avatars.com/api/?name=G+B&color=FFFFFF&background=000000,ATHX MARSEILLE 2026,France 🇫🇷,2026,Male,ATHX,Endurance,2.25KM,1.911KM,,,,,,,121
122,01kgjf1ngkfr6nsvpew06xaeb5,THOMAS,DI MAYO,THOMAS DI MAYO,Male,,,https://ui-avatars.com/api/?name=T+D+M&color=FFFFFF&background=000000,ATHX MARSEILLE 2026,France 🇫🇷,2026,Male,ATHX,Endurance,2.25KM,1.905KM,,,,,,,122
123,01kea789dz7tceek8wmzvega2k,Florian,Laurencé,Florian Laurencé,Male,France,Premium training center,https://ui-avatars.com/api/?name=F+L&color=FFFFFF&background=000000,ATHX MARSEILLE 2026,France 🇫🇷,2026,Male,ATHX,Endurance,2.25KM,1.872KM,,,,,,,123
124,01kqct77fqy8gctk1n5jcnr3a7,Dimitri,Monin,Dimitri Monin,Male,France,,https://ui-avatars.com/api/?name=D+M&color=FFFFFF&background=000000,ATHX MARSEILLE 2026,France 🇫🇷,2026,Male,ATHX,Endurance,2.25KM,1.867KM,,,,,,,124
125,01kmr0fs5hvc5baaz2kywq803y,Adrian,de Guzman,Adrian de Guzman,Male,Austria,,https://ui-avatars.com/api/?name=A+d+G&color=FFFFFF&background=000000,ATHX MARSEILLE 2026,France 🇫🇷,2026,Male,ATHX,Endurance,2.25KM,1.756KM,,,,,,,125
126,01ksgc3c2wckvx9hmp6v5fk3w4,Romain,Marquis,Romain Marquis,Male,France,,https://athxgames.com/storage/profile-photos/g0fPDHjW5TFLlIaQzfqdvFbvdZeCnz9MjhaVNNdr.jpg,ATHX MARSEILLE 2026,France 🇫🇷,2026,Male,ATHX,Endurance,2.25KM,1.749KM,,,,,,,126
127,01kpvj2vxm8xv20w6nj1hjer8c,Thomas,Iafrate,Thomas Iafrate,Male,,,https://ui-avatars.com/api/?name=T+I&color=FFFFFF&background=000000,ATHX MARSEILLE 2026,France 🇫🇷,2026,Male,ATHX,Endurance,2.25KM,1.748KM,,,,,,,127
128,01kf5qngh2s02ahrvcxbdfkxe8,Brian,Tourvieille,Brian Tourvieille,Male,,,https://ui-avatars.com/api/?name=B+T&color=FFFFFF&background=000000,ATHX MARSEILLE 2026,France 🇫🇷,2026,Male,ATHX,Endurance,2.25KM,1.747KM,,,,,,,128
129,01kxdqj51rm1k78ndm23fbyrgb,Emmanuel,Deleau,Emmanuel Deleau,Male,,,https://ui-avatars.com/api/?name=E+D&color=FFFFFF&background=000000,ATHX MARSEILLE 2026,France 🇫🇷,2026,Male,ATHX,Endurance,2.25KM,1.706KM,,,,,,,129
130,01kk3cbgnva16nqd2f2w38e546,Yanisse,Kemel,Yanisse Kemel,Male,,,https://ui-avatars.com/api/?name=Y+K&color=FFFFFF&background=000000,ATHX MARSEILLE 2026,France 🇫🇷,2026,Male,ATHX,Endurance,2.25KM,1.69KM,,,,,,,130
131,01kntxrfxah0kacexdjsswsvb7,Samuel,Besson,Samuel Besson,Male,France,,https://ui-avatars.com/api/?name=S+B&color=FFFFFF&background=000000,ATHX MARSEILLE 2026,France 🇫🇷,2026,Male,ATHX,Endurance,2.25KM,1.673KM,,,,,,,131
132,01kbr16sfh8kqcejayxrz0ytm5,Kamel,Amroune,Kamel Amroune,Male,,,https://ui-avatars.com/api/?name=K+A&color=FFFFFF&background=000000,ATHX MARSEILLE 2026,France 🇫🇷,2026,Male,ATHX,Endurance,2.25KM,1.663KM,,,,,,,132
133,01km70bnhmn166afjpbc6dchng,John,Lokenyo,John Lokenyo,Male,France,John Coffey,https://ui-avatars.com/api/?name=J+L&color=FFFFFF&background=000000,ATHX MARSEILLE 2026,France 🇫🇷,2026,Male,ATHX,Endurance,2.25KM,1.644KM,,,,,,,133
134,01kdbj6r5axp1fx8k01zbbfb9n,William,Lecable,William Lecable,Male,,,https://ui-avatars.com/api/?name=W+L&color=FFFFFF&background=000000,ATHX MARSEILLE 2026,France 🇫🇷,2026,Male,ATHX,Endurance,2.25KM,1.622KM,,,,,,,134
135,01kr38067q04kmjmxh0v6a3vzm,Grégory,Pauleau,Grégory Pauleau,Male,,,https://ui-avatars.com/api/?name=G+P&color=FFFFFF&background=000000,ATHX MARSEILLE 2026,France 🇫🇷,2026,Male,ATHX,Endurance,2.25KM,1.586KM,,,,,,,135
136,01knyps5aeg165z7t3x962j31g,Clement,Kunprom,Clement Kunprom,Male,France,,https://ui-avatars.com/api/?name=C+K&color=FFFFFF&background=000000,ATHX MARSEILLE 2026,France 🇫🇷,2026,Male,ATHX,Endurance,2.25KM,1.574KM,,,,,,,136
137,01kefepq351pwye6vy20kdpg7r,Patrick,DREANO,Patrick DREANO,Male,France,Crossfit Cannes,https://ui-avatars.com/api/?name=P+D&color=FFFFFF&background=000000,ATHX MARSEILLE 2026,France 🇫🇷,2026,Male,ATHX,Endurance,2.25KM,1.544KM,,,,,,,137
138,01m0jgkk8429488w2g8gg6nqmr,Gatien,Hubert,Gatien Hubert,Male,France,,https://ui-avatars.com/api/?name=G+H&color=FFFFFF&background=000000,ATHX MARSEILLE 2026,France 🇫🇷,2026,Male,ATHX,Endurance,2.25KM,1.538KM,,,,,,,138
139,01kq31tp0dr449eyn19vd1ks00,Kevin,Sengsay,Kevin Sengsay,Male,France,,https://ui-avatars.com/api/?name=K+S&color=FFFFFF&background=000000,ATHX MARSEILLE 2026,France 🇫🇷,2026,Male,ATHX,Endurance,2.25KM,1.529KM,,,,,,,139
140,01kmqj28nrrfb6kzda0akcft3f,Jorge Luis,Lara garibo,Jorge Luis Lara garibo,Male,,,https://ui-avatars.com/api/?name=J+L+L+g&color=FFFFFF&background=000000,ATHX MARSEILLE 2026,France 🇫🇷,2026,Male,ATHX,Endurance,2.25KM,1.526KM,,,,,,,140
141,01kmtmkyd6jt75716k80qkt9rj,Mayank,Garg,Mayank Garg,Male,,,https://ui-avatars.com/api/?name=M+G&color=FFFFFF&background=000000,ATHX MARSEILLE 2026,France 🇫🇷,2026,Male,ATHX,Endurance,2.25KM,1.522KM,,,,,,,141
142,01kp45c5d8fdhs99zc8mhnfhwj,Olivier,Chouquet,Olivier Chouquet,Male,,,https://ui-avatars.com/api/?name=O+C&color=FFFFFF&background=000000,ATHX MARSEILLE 2026,France 🇫🇷,2026,Male,ATHX,Endurance,2.25KM,1.521KM,,,,,,,142
143,01k9m74h0h7xbae513v46nts9q,Nathaniel,Stuard,Nathaniel Stuard,Male,,,https://ui-avatars.com/api/?name=N+S&color=FFFFFF&background=000000,ATHX MARSEILLE 2026,France 🇫🇷,2026,Male,ATHX,Endurance,2.25KM,1.515KM,,,,,,,143
144,01kjccfe6ppprv966qy48h2qy0,Jacques,Spinazzola,Jacques Spinazzola,Male,,,https://ui-avatars.com/api/?name=J+S&color=FFFFFF&background=000000,ATHX MARSEILLE 2026,France 🇫🇷,2026,Male,ATHX,Endurance,2.25KM,1.511KM,,,,,,,144
145,01ke49e4g87wy7r78s831s6kvb,David,Rat,David Rat,Male,,,https://ui-avatars.com/api/?name=D+R&color=FFFFFF&background=000000,ATHX MARSEILLE 2026,France 🇫🇷,2026,Male,ATHX,Endurance,2.25KM,1.51KM,,,,,,,145
146,01knfhmab2f1xaj0qkjb6ptzkh,Daniel,Nguyen,Daniel Nguyen,Male,,,https://ui-avatars.com/api/?name=D+N&color=FFFFFF&background=000000,ATHX MARSEILLE 2026,France 🇫🇷,2026,Male,ATHX,Endurance,2.219KM,1.517KM,,,,,,,146
147,01m2nfp4dbr6ebg3esjw54f6p5,Hassan ,Miller ,Hassan  Miller ,Male,,,https://ui-avatars.com/api/?name=H++M&color=FFFFFF&background=000000,ATHX MARSEILLE 2026,France 🇫🇷,2026,Male,ATHX,Endurance,2.25KM,1.453KM,,,,,,,147
148,01kgj2k5d3vkpvqja7t872tq4b,Jean,MONTES,Jean MONTES,Male,,,https://ui-avatars.com/api/?name=J+M&color=FFFFFF&background=000000,ATHX MARSEILLE 2026,France 🇫🇷,2026,Male,ATHX,Endurance,2.185KM,1.516KM,,,,,,,148
149,01kbq9ph6rgxc74hfk5m2g4xt9,Pernot,Julien,Pernot Julien,Male,,,https://ui-avatars.com/api/?name=P+J&color=FFFFFF&background=000000,ATHX MARSEILLE 2026,France 🇫🇷,2026,Male,ATHX,Endurance,2.142KM,1.515KM,,,,,,,149
150,01km60nds8v5gr7zt12bcaxqgq,Jean-Yves,Stermane,Jean-Yves Stermane,Male,,,https://ui-avatars.com/api/?name=J+S&color=FFFFFF&background=000000,ATHX MARSEILLE 2026,France 🇫🇷,2026,Male,ATHX,Endurance,2.108KM,1.516KM,,,,,,,150
151,01kgwkdxj7ytt3fn5c242hcpv0,Moynier,Xavier,Moynier Xavier,Male,,,https://ui-avatars.com/api/?name=M+X&color=FFFFFF&background=000000,ATHX MARSEILLE 2026,France 🇫🇷,2026,Male,ATHX,Endurance,2.057KM,1.508KM,,,,,,,151
152,01kf8kcys1hsr13vsw5bve0eqq,Vincent,Pruvost,Vincent Pruvost,Male,,,https://ui-avatars.com/api/?name=V+P&color=FFFFFF&background=000000,ATHX MARSEILLE 2026,France 🇫🇷,2026,Male,ATHX,Endurance,2KM,1.522KM,,,,,,,152
153,01k658b4cb62k3j2v6gr0gg4zw,Mabwongo,Nathanael,Mabwongo Nathanael,Male,,,https://ui-avatars.com/api/?name=M+N&color=FFFFFF&background=000000,ATHX MARSEILLE 2026,France 🇫🇷,2026,Male,ATHX,Endurance,2KM,1.516KM,,,,,,,153
154,01kq9amc7d25t6wcefe5rfc8c2,Clotaire,Darmalingon,Clotaire Darmalingon,Male,,,https://athxgames.com/storage/profile-photos/50db6k1ZXYBcrT4yvHdQmvA5EwbDJgZuuqcMUV4J.png,ATHX MARSEILLE 2026,France 🇫🇷,2026,Male,ATHX,Endurance,1.875KM,1.51KM,,,,,,,154
155,01kgsykfcq5d1my331q7srnmrb,Lahoucine,Enassiri,Lahoucine Enassiri,Male,,,https://ui-avatars.com/api/?name=L+E&color=FFFFFF&background=000000,ATHX MARSEILLE 2026,France 🇫🇷,2026,Male,ATHX,Endurance,1.823KM,1.513KM,,,,,,,155
156,01k8e9msd5aarfma5bkag13ekm,Lee,Griffiths,Lee Griffiths,Male,United Kingdom,Exertion Fitness,https://ui-avatars.com/api/?name=L+G&color=FFFFFF&background=000000,ATHX MARSEILLE 2026,France 🇫🇷,2026,Male,ATHX,Endurance,1.8KM,1.51KM,,,,,,,156
157,01khh72wdwj8p7b3epg681zcm4,Noel,Jourdan,Noel Jourdan,Male,,,https://ui-avatars.com/api/?name=N+J&color=FFFFFF&background=000000,ATHX MARSEILLE 2026,France 🇫🇷,2026,Male,ATHX,Endurance,1.795KM,1.512KM,,,,,,,157
1,01kgqh8dfkh7vv3n9am3y47f5s,Cyril,Jouanique,Cyril Jouanique,Male,France,Beast légion,https://athxgames.com/storage/profile-photos/MYSghD8ADf5jzssIbhcB9qx3CBaeE774Nx8RvoAe.jpg,ATHX MARSEILLE 2026,France 🇫🇷,2026,Male,ATHX Pro,Strength,,,,,,112KG,202KG,262KG,1
2,01kbmwj1vnesc3bgz9xaa84kqg,Brice,COLLIDOR,Brice COLLIDOR,Male,France,Fitness Park,https://athxgames.com/storage/profile-photos/G0sCqZgPK1hmq2MvaTRVfQVou2PWJLsdCceIc48g.jpg,ATHX MARSEILLE 2026,France 🇫🇷,2026,Male,ATHX Pro,Strength,,,,,,80KG,210KG,265KG,2
3,01kk1j1sg345yh5891pgeqn51q,Aaron,Travers,Aaron Travers,Male,,,https://ui-avatars.com/api/?name=A+T&color=FFFFFF&background=000000,ATHX MARSEILLE 2026,France 🇫🇷,2026,Male,ATHX Pro,Strength,,,,,,85KG,195KG,245KG,3
4,01kpdz5mz3grfjaek0yyajg8mw,Kevin,Vinuesa,Kevin Vinuesa,Male,,,https://ui-avatars.com/api/?name=K+V&color=FFFFFF&background=000000,ATHX MARSEILLE 2026,France 🇫🇷,2026,Male,ATHX Pro,Strength,,,,,,103KG,210KG,203KG,4
5,01kk4bh0fbpddafmtz2gfvesfx,Jules,CASTOR,Jules CASTOR,Male,,,https://ui-avatars.com/api/?name=J+C&color=FFFFFF&background=000000,ATHX MARSEILLE 2026,France 🇫🇷,2026,Male,ATHX Pro,Strength,,,,,,90KG,200KG,210KG,5
6,01k9392z85naaksfzam1qs3n7k,Kewin,Bordas,Kewin Bordas,Male,France,,https://athxgames.com/storage/profile-photos/EYAUlRl7IS4PfWQfDdehgajqo1edjE2sYMRsTMJ2.jpg,ATHX MARSEILLE 2026,France 🇫🇷,2026,Male,ATHX Pro,Strength,,,,,,90KG,173KG,207KG,6
7,01kbtry6n3ynen7ha4nbt7dk4p,Thomas,Laviron,Thomas Laviron,Male,,,https://ui-avatars.com/api/?name=T+L&color=FFFFFF&background=000000,ATHX MARSEILLE 2026,France 🇫🇷,2026,Male,ATHX Pro,Strength,,,,,,93KG,162KG,210KG,7
8,01kj6m2q6jqk8nqgvmtnx25vnc,Claudio,Hemmerdinger,Claudio Hemmerdinger,Male,Chile,,https://ui-avatars.com/api/?name=C+H&color=FFFFFF&background=000000,ATHX MARSEILLE 2026,France 🇫🇷,2026,Male,ATHX Pro,Strength,,,,,,87KG,170KG,200KG,8
9,01kgx61932d0w6fjnz3x81g0h4,alan,Cao,alan Cao,Male,,,https://ui-avatars.com/api/?name=a+C&color=FFFFFF&background=000000,ATHX MARSEILLE 2026,France 🇫🇷,2026,Male,ATHX Pro,Strength,,,,,,80KG,175KG,200KG,9
10,01kdsvkeg3gnde4b4rc3rpzvak,Nicolas,Courtade,Nicolas Courtade,Male,France,Crossfit Tarbes,https://athxgames.com/storage/profile-photos/3Zw7FZRbV9vawuj0dxDjyF0MJE12cnHDtDALgzKg.jpg,ATHX MARSEILLE 2026,France 🇫🇷,2026,Male,ATHX Pro,Strength,,,,,,75KG,170KG,200KG,10
11,01kk4r8mckh0kgyzrwg26venkr,Loic,Tiouane,Loic Tiouane,Male,,,https://ui-avatars.com/api/?name=L+T&color=FFFFFF&background=000000,ATHX MARSEILLE 2026,France 🇫🇷,2026,Male,ATHX Pro,Strength,,,,,,93KG,160KG,190KG,11
12,01k9m3q9jat9vbpgzak7qetpds,Alexandre,Bally,Alexandre Bally,Male,,,https://ui-avatars.com/api/?name=A+B&color=FFFFFF&background=000000,ATHX MARSEILLE 2026,France 🇫🇷,2026,Male,ATHX Pro,Strength,,,,,,78KG,175KG,188KG,12
13,01kfzr8f1m5p6z1yp4s2jsed7c,Pierre,Hatinguais,Pierre Hatinguais,Male,,,https://ui-avatars.com/api/?name=P+H&color=FFFFFF&background=000000,ATHX MARSEILLE 2026,France 🇫🇷,2026,Male,ATHX Pro,Strength,,,,,,70KG,160KG,200KG,13
14,01kev14wmkb2epq8ppwvckevdg,Aymeric,Petel,Aymeric Petel,Male,,,https://ui-avatars.com/api/?name=A+P&color=FFFFFF&background=000000,ATHX MARSEILLE 2026,France 🇫🇷,2026,Male,ATHX Pro,Strength,,,,,,70KG,162KG,195KG,14
15,01kb4qw2mczgecrxy4pv8mrnj0,Joël,Tozzi,Joël Tozzi,Male,France,powrFit,https://ui-avatars.com/api/?name=J+T&color=FFFFFF&background=000000,ATHX MARSEILLE 2026,France 🇫🇷,2026,Male,ATHX Pro,Strength,,,,,,71KG,150KG,180KG,15
15,01kj3559nh6xd7bn18ctwy6dgt,Simon,Guiborat,Simon Guiborat,Male,,,https://ui-avatars.com/api/?name=S+G&color=FFFFFF&background=000000,ATHX MARSEILLE 2026,France 🇫🇷,2026,Male,ATHX Pro,Strength,,,,,,76KG,150KG,175KG,15
17,01kght585m98gf0vgcb91pn0ek,Micka,Roques,Micka Roques,Male,France,MK,https://ui-avatars.com/api/?name=M+R&color=FFFFFF&background=000000,ATHX MARSEILLE 2026,France 🇫🇷,2026,Male,ATHX Pro,Strength,,,,,,73KG,143KG,183KG,17
18,01kgrg9sestxf19qvtmma7b6hd,Gaël,Caulier,Gaël Caulier,Male,,,https://ui-avatars.com/api/?name=G+C&color=FFFFFF&background=000000,ATHX MARSEILLE 2026,France 🇫🇷,2026,Male,ATHX Pro,Strength,,,,,,75KG,160KG,160KG,18
19,01kgwntvfp670ktc4k2v28kxvp,Julien,Dal,Julien Dal,Male,,,https://ui-avatars.com/api/?name=J+D&color=FFFFFF&background=000000,ATHX MARSEILLE 2026,France 🇫🇷,2026,Male,ATHX Pro,Strength,,,,,,63KG,130KG,201KG,19
20,01kg6prhrynfwn11bcvh44em32,Rémi,Pierson,Rémi Pierson,Male,,,https://ui-avatars.com/api/?name=R+P&color=FFFFFF&background=000000,ATHX MARSEILLE 2026,France 🇫🇷,2026,Male,ATHX Pro,Strength,,,,,,80KG,140KG,160KG,20
20,01kbtse84sqj252yyydydzqtg6,Thibaut,Melgrani,Thibaut Melgrani,Male,France,Crossfit LPM,https://ui-avatars.com/api/?name=T+M&color=FFFFFF&background=000000,ATHX MARSEILLE 2026,France 🇫🇷,2026,Male,ATHX Pro,Strength,,,,,,60KG,150KG,170KG,20
22,01kk6xq2scf5cp8y4t5ge4szjj,John,Zakrzewski,John Zakrzewski,Male,France,CrossFit Massilia,https://ui-avatars.com/api/?name=J+Z&color=FFFFFF&background=000000,ATHX MARSEILLE 2026,France 🇫🇷,2026,Male,ATHX Pro,Strength,,,,,,66KG,145KG,165KG,22
23,01kf3eb5kc4ejy2xq2pzjma6mk,Mickael,Coste,Mickael Coste,Male,France,Titanium gym club,https://ui-avatars.com/api/?name=M+C&color=FFFFFF&background=000000,ATHX MARSEILLE 2026,France 🇫🇷,2026,Male,ATHX Pro,Strength,,,,,,70KG,130KG,170KG,23
24,01kbmnv1tzk9wtfjfm581v898f,Bourdeau,Enzo,Bourdeau Enzo,Male,,,https://athxgames.com/storage/profile-photos/dTBppqpkcMK5KZeiBWxImxhQ5IFOS3dwbNq3q7Ke.jpg,ATHX MARSEILLE 2026,France 🇫🇷,2026,Male,ATHX Pro,Strength,,,,,,70KG,135KG,155KG,24
25,01kde8qrdsbbphn22550f4qtg4,Damien,Phelipon Techer,Damien Phelipon Techer,Male,,,https://athxgames.com/storage/profile-photos/r4j3GQpmRGjwpx5zT273Oxz67pgOnN8aBhYJ4Vgu.jpg,ATHX MARSEILLE 2026,France 🇫🇷,2026,Male,ATHX Pro,Strength,,,,,,73KG,135KG,150KG,25
26,01kadwecv17mfzgfcnvcp6ctyb,Fabien,Richard,Fabien Richard,Male,France,White Wolf Training,https://ui-avatars.com/api/?name=F+R&color=FFFFFF&background=000000,ATHX MARSEILLE 2026,France 🇫🇷,2026,Male,ATHX Pro,Strength,,,,,,70KG,118KG,150KG,26
27,01kdbvvhwqydqh67qmszprrx29,Jean-Baptiste,Pique,Jean-Baptiste Pique,Male,,,https://ui-avatars.com/api/?name=J+P&color=FFFFFF&background=000000,ATHX MARSEILLE 2026,France 🇫🇷,2026,Male,ATHX Pro,Strength,,,,,,60KG,120KG,150KG,27
28,01kdt7hj5anx63w7kakg1agq8g,Alexandre,Ridings,Alexandre Ridings,Male,,,https://athxgames.com/storage/profile-photos/zSuxhXu6k0pdhTOzqLfPFVfmnlagfiK33fmHhgXL.jpg,ATHX MARSEILLE 2026,France 🇫🇷,2026,Male,ATHX Pro,Strength,,,,,,57KG,117KG,150KG,28
29,01m20gk52595qah4ffakv88ywj,Hugo ,Joug,Hugo  Joug,Male,,,https://ui-avatars.com/api/?name=H++J&color=FFFFFF&background=000000,ATHX MARSEILLE 2026,France 🇫🇷,2026,Male,ATHX Pro,Strength,,,,,,70KG,110KG,140KG,29
30,01kz8sp852sye2b2ar0dgrtdz4,Lucas,Ginestet,Lucas Ginestet,Male,,,https://ui-avatars.com/api/?name=L+G&color=FFFFFF&background=000000,ATHX MARSEILLE 2026,France 🇫🇷,2026,Male,ATHX Pro,Strength,,,,,,60KG,115KG,130KG,30
31,01kefyktq3459vwytgss95mhq7,Mickael,Heudron,Mickael Heudron,Male,,,https://ui-avatars.com/api/?name=M+H&color=FFFFFF&background=000000,ATHX MARSEILLE 2026,France 🇫🇷,2026,Male,ATHX Pro,Strength,,,,,,63KG,101KG,131KG,31
1,01h483ztcfe5ddx3hq10my9bdx,claire,wright,claire wright,Female,,MARCHON,https://ui-avatars.com/api/?name=c+w&color=FFFFFF&background=000000,ATHX MARSEILLE 2026,France 🇫🇷,2026,Female,ATHX,Overall,,,5 (291KG),3 (4.513KM),2 (09:30),,,,10
2,01kmmtkp9twssepv290mjtyc7m,Zara,Bullimore,Zara Bullimore,Female,,,https://ui-avatars.com/api/?name=Z+B&color=FFFFFF&background=000000,ATHX MARSEILLE 2026,France 🇫🇷,2026,Female,ATHX,Overall,,,6 (288KG),3 (4.513KM),5 (10:02),,,,14
3,01k9vrgavk9j0tjt8k780mpn4r,Elise,Beranger,Elise Beranger,Female,France,,https://ui-avatars.com/api/?name=E+B&color=FFFFFF&background=000000,ATHX MARSEILLE 2026,France 🇫🇷,2026,Female,ATHX,Overall,,,8 (275KG),7 (4.455KM),4 (09:58),,,,19
4,01kszxz4b8e3ea412rf30tsaa0,Katariina,Kukko,Katariina Kukko,Female,,,https://ui-avatars.com/api/?name=K+K&color=FFFFFF&background=000000,ATHX MARSEILLE 2026,France 🇫🇷,2026,Female,ATHX,Overall,,,11 (260KG),8 (4.431KM),1 (09:13),,,,20
5,01kw9qjsfy7p2g6g2bpv8em3kv,Coralie,Moustier,Coralie Moustier,Female,,,https://ui-avatars.com/api/?name=C+M&color=FFFFFF&background=000000,ATHX MARSEILLE 2026,France 🇫🇷,2026,Female,ATHX,Overall,,,14 (248KG),2 (4.514KM),8 (10:59),,,,24
6,01h03yhg6tm3stz4akx69akers,Taz,Cheema,Taz Cheema,Female,,,https://ui-avatars.com/api/?name=T+C&color=FFFFFF&background=000000,ATHX MARSEILLE 2026,France 🇫🇷,2026,Female,ATHX,Overall,,,16 (246KG),5 (4.508KM),3 (09:51),,,,24
7,01kznew3j4214j8brhz2yqxrnj,Pauline,Reynet,Pauline Reynet,Female,,,https://ui-avatars.com/api/?name=P+R&color=FFFFFF&background=000000,ATHX MARSEILLE 2026,France 🇫🇷,2026,Female,ATHX,Overall,,,25 (228KG),1 (4.516KM),6 (10:10),,,,32
8,01j9w0gzhfvng8ftre0rmwyg26,Florence,Kinnafick,Florence Kinnafick,Female,United Kingdom,CrossFit Leamington,https://ui-avatars.com/api/?name=F+K&color=FFFFFF&background=000000,ATHX MARSEILLE 2026,France 🇫🇷,2026,Female,ATHX,Overall,,,10 (263KG),13 (4.22KM),12 (11:20),,,,35
9,01kqhe4w22cnaj0ek4thtds0qs,Mélody,Denni,Mélody Denni,Female,,,https://ui-avatars.com/api/?name=M+D&color=FFFFFF&background=000000,ATHX MARSEILLE 2026,France 🇫🇷,2026,Female,ATHX,Overall,,,4 (297KG),18 (4.112KM),14 (11:34),,,,36
10,01ktfa5sgeqj82net100ejg3pz,Klaudia,Kepner,Klaudia Kepner,Female,,,https://ui-avatars.com/api/?name=K+K&color=FFFFFF&background=000000,ATHX MARSEILLE 2026,France 🇫🇷,2026,Female,ATHX,Overall,,,2 (317KG),27 (3.841KM),9 (11:03),,,,38
11,01kbsyaee46hxcezb7cwbttpzc,Magali,BITTER,Magali BITTER,Female,France,,https://ui-avatars.com/api/?name=M+B&color=FFFFFF&background=000000,ATHX MARSEILLE 2026,France 🇫🇷,2026,Female,ATHX,Overall,,,20 (240KG),12 (4.239KM),19 (12:04),,,,51
12,01kjaknaycf7pd1tvt01ajdv0t,Pecel,Vanessa,Pecel Vanessa,Female,,,https://ui-avatars.com/api/?name=P+V&color=FFFFFF&background=000000,ATHX MARSEILLE 2026,France 🇫🇷,2026,Female,ATHX,Overall,,,3 (300KG),42 (3.682KM),7 (10:45),,,,52
13,01kznzjx5j3f82jp20ggf8d882,Célia,Ladjimi,Célia Ladjimi,Female,,,https://ui-avatars.com/api/?name=C+L&color=FFFFFF&background=000000,ATHX MARSEILLE 2026,France 🇫🇷,2026,Female,ATHX,Overall,,,23 (237KG),15 (4.173KM),20 (12:11),,,,58
14,01kh4mh3mf2phh71z0jsafr8t9,julie,Gobilliard,julie Gobilliard,Female,,,https://ui-avatars.com/api/?name=j+G&color=FFFFFF&background=000000,ATHX MARSEILLE 2026,France 🇫🇷,2026,Female,ATHX,Overall,,,31 (224KG),11 (4.243KM),18 (12:00),,,,60
15,01kgjgta0bj0whzegva7pb230k,GATTi,Muriel,GATTi Muriel,Female,,,https://ui-avatars.com/api/?name=G+M&color=FFFFFF&background=000000,ATHX MARSEILLE 2026,France 🇫🇷,2026,Female,ATHX,Overall,,,24 (231KG),24 (3.906KM),13 (11:27),,,,61
16,01ke0gzs1t0383ev9cbtzk0p1f,Francoise,GOMEZ,Francoise GOMEZ,Female,France,Fitness Park,https://ui-avatars.com/api/?name=F+G&color=FFFFFF&background=000000,ATHX MARSEILLE 2026,France 🇫🇷,2026,Female,ATHX,Overall,,,1 (326KG),35 (3.763KM),29 (13:07),,,,65
17,01kdz2k3jk17r49j958zbgw2m3,Queiros,Mathilde,Queiros Mathilde,Female,France,Crossfit Fontainebleau,https://ui-avatars.com/api/?name=Q+M&color=FFFFFF&background=000000,ATHX MARSEILLE 2026,France 🇫🇷,2026,Female,ATHX,Overall,,,22 (238KG),20 (4.033KM),23 (12:17),,,,65
17,01kcxh7912wb8cmkbgbvqmj2zp,Jolit,Eva,Jolit Eva,Female,,,https://ui-avatars.com/api/?name=J+E&color=FFFFFF&background=000000,ATHX MARSEILLE 2026,France 🇫🇷,2026,Female,ATHX,Overall,,,17 (244KG),38 (3.761KM),10 (11:10),,,,65
19,01kka41wvafyffeeh3vj56y62y,Emmanuelle,Filancia,Emmanuelle Filancia,Female,,,https://ui-avatars.com/api/?name=E+F&color=FFFFFF&background=000000,ATHX MARSEILLE 2026,France 🇫🇷,2026,Female,ATHX,Overall,,,7 (276KG),29 (3.805KM),31 (13:22),,,,67
20,01kep99n10xrb1t7432dhf81dq,Catherine,DEVEZE,Catherine DEVEZE,Female,,,https://ui-avatars.com/api/?name=C+D&color=FFFFFF&background=000000,ATHX MARSEILLE 2026,France 🇫🇷,2026,Female,ATHX,Overall,,,25 (228KG),23 (3.923KM),20 (12:11),,,,68
21,01kq5dm08wpwxepzb0mnq974xm,Lisa,Palavesin,Lisa Palavesin,Female,,,https://ui-avatars.com/api/?name=L+P&color=FFFFFF&background=000000,ATHX MARSEILLE 2026,France 🇫🇷,2026,Female,ATHX,Overall,,,18 (243KG),38 (3.761KM),15 (11:45),,,,71
21,01kqt4x6g49egn9pw9jqn1knrs,Roxanne,Camhaji,Roxanne Camhaji,Female,,,https://ui-avatars.com/api/?name=R+C&color=FFFFFF&background=000000,ATHX MARSEILLE 2026,France 🇫🇷,2026,Female,ATHX,Overall,,,51 (189KG),9 (4.365KM),11 (11:15),,,,71
23,01kj0xy9d4qrbt66pnx3aj0wfm,Noémie,Vigneron,Noémie Vigneron,Female,,,https://ui-avatars.com/api/?name=N+V&color=FFFFFF&background=000000,ATHX MARSEILLE 2026,France 🇫🇷,2026,Female,ATHX,Overall,,,39 (208KG),19 (4.037KM),17 (11:47),,,,75
24,01kgm3p8ynfx750zph89jn25ee,Ann-Katrin,Hinze,Ann-Katrin Hinze,Female,Germany,,https://ui-avatars.com/api/?name=A+H&color=FFFFFF&background=000000,ATHX MARSEILLE 2026,France 🇫🇷,2026,Female,ATHX,Overall,,,40 (206KG),21 (3.996KM),15 (11:45),,,,76
25,01ke9v53t0bqqr7pa211j4v5mw,Susana,Naranjo,Susana Naranjo,Female,,,https://ui-avatars.com/api/?name=S+N&color=FFFFFF&background=000000,ATHX MARSEILLE 2026,France 🇫🇷,2026,Female,ATHX,Overall,,,43 (199KG),16 (4.16KM),22 (12:12),,,,81
26,01hnrnq7mec895hx1vhfc61na9,Lesley,Terry,Lesley Terry,Female,,,https://ui-avatars.com/api/?name=L+T&color=FFFFFF&background=000000,ATHX MARSEILLE 2026,France 🇫🇷,2026,Female,ATHX,Overall,,,49 (190KG),10 (4.262KM),23 (12:17),,,,82
26,01k9vpma4r58jzjaxh26zyynbt,Sihali,Camilia,Sihali Camilia,Female,,,https://ui-avatars.com/api/?name=S+C&color=FFFFFF&background=000000,ATHX MARSEILLE 2026,France 🇫🇷,2026,Female,ATHX,Overall,,,12 (254KG),36 (3.762KM),34 (13:37),,,,82
28,01kqd5tykke6tfp2yxqphasbhs,Nathalie,Verduijn,Nathalie Verduijn,Female,,,https://ui-avatars.com/api/?name=N+V&color=FFFFFF&background=000000,ATHX MARSEILLE 2026,France 🇫🇷,2026,Female,ATHX,Overall,,,42 (204KG),17 (4.156KM),27 (12:50),,,,86
29,01kqs0jq1mqktpt6ndc33fmykz,Vanessa,Cumbo,Vanessa Cumbo,Female,,,https://ui-avatars.com/api/?name=V+C&color=FFFFFF&background=000000,ATHX MARSEILLE 2026,France 🇫🇷,2026,Female,ATHX,Overall,,,28 (227KG),26 (3.882KM),33 (13:36),,,,87
30,01kxvdwm0hg927dmybthbqct48,Tina,Gozzi,Tina Gozzi,Female,,,https://ui-avatars.com/api/?name=T+G&color=FFFFFF&background=000000,ATHX MARSEILLE 2026,France 🇫🇷,2026,Female,ATHX,Overall,,,44 (195KG),14 (4.206KM),32 (13:23),,,,90
31,01kq0frnjrk9gypwvwk5kgpax9,Lauriane,Walle,Lauriane Walle,Female,France,,https://ui-avatars.com/api/?name=L+W&color=FFFFFF&background=000000,ATHX MARSEILLE 2026,France 🇫🇷,2026,Female,ATHX,Overall,,,31 (224KG),33 (3.765KM),28 (12:57),,,,92
32,01kc6ejpqn1ta7kzwcyn9ady45,Natalia,Uszyñski,Natalia Uszyñski,Female,Spain,,https://ui-avatars.com/api/?name=N+U&color=FFFFFF&background=000000,ATHX MARSEILLE 2026,France 🇫🇷,2026,Female,ATHX,Overall,,,34 (213KG),25 (3.896KM),35 (13:42),,,,94
32,01kqh7njjffkff3x9nw8c2pzkk,Lilou,Vanteux,Lilou Vanteux,Female,,,https://ui-avatars.com/api/?name=L+V&color=FFFFFF&background=000000,ATHX MARSEILLE 2026,France 🇫🇷,2026,Female,ATHX,Overall,,,20 (240KG),32 (3.766KM),42 (14:38),,,,94
34,01k9w75a04kcw3ake0z5bhza9p,Anne-Fleur,Karp,Anne-Fleur Karp,Female,,,https://ui-avatars.com/api/?name=A+K&color=FFFFFF&background=000000,ATHX MARSEILLE 2026,France 🇫🇷,2026,Female,ATHX,Overall,,,29 (226KG),31 (3.768KM),37 (13:54),,,,97
35,01kxx656fwxwvg11b5mmccwvhm,Elaine,Shanks,Elaine Shanks,Female,,,https://ui-avatars.com/api/?name=E+S&color=FFFFFF&background=000000,ATHX MARSEILLE 2026,France 🇫🇷,2026,Female,ATHX,Overall,,,37 (209KG),30 (3.776KM),36 (13:49),,,,103
36,01kc4w2ayr67wd7bx9rzj8t63w,Caroline,Bai,Caroline Bai,Female,,,https://ui-avatars.com/api/?name=C+B&color=FFFFFF&background=000000,ATHX MARSEILLE 2026,France 🇫🇷,2026,Female,ATHX,Overall,,,46 (192KG),28 (3.819KM),30 (13:10),,,,104
36,01m2nfx9xyqg0q3c2rpjd0yjxk,Laure ,Benoit,Laure  Benoit,Female,,,https://ui-avatars.com/api/?name=L++B&color=FFFFFF&background=000000,ATHX MARSEILLE 2026,France 🇫🇷,2026,Female,ATHX,Overall,,,55 (162KG),6 (4.497KM),43 (14:40),,,,104
38,01k8405q0w2k66sxba4c6a0eyq,Wiebke,Eggers,Wiebke Eggers,Female,Germany,Kamroc,https://ui-avatars.com/api/?name=W+E&color=FFFFFF&background=000000,ATHX MARSEILLE 2026,France 🇫🇷,2026,Female,ATHX,Overall,,,9 (265KG),44 (3.565KM),53 (19:35),,,,106
39,01kexehep1n35v9r7kwp0syhbk,Barbara,DRILLAUD,Barbara DRILLAUD,Female,,,https://ui-avatars.com/api/?name=B+D&color=FFFFFF&background=000000,ATHX MARSEILLE 2026,France 🇫🇷,2026,Female,ATHX,Overall,,,36 (211KG),36 (3.762KM),39 (14:17),,,,111
40,01kd2pn7xvbknwrw795znzb3qr,Emeline,Marly,Emeline Marly,Female,France,IN SPORT CROIX,https://ui-avatars.com/api/?name=E+M&color=FFFFFF&background=000000,ATHX MARSEILLE 2026,France 🇫🇷,2026,Female,ATHX,Overall,,,14 (248KG),48 (3.424KM),50 (17:21),,,,112
41,01kkwhdtqtterzjchkda2p1be9,Salma,Khalfaoui,Salma Khalfaoui,Female,Tunisia,Salma Khalfaoui,https://ui-avatars.com/api/?name=S+K&color=FFFFFF&background=000000,ATHX MARSEILLE 2026,France 🇫🇷,2026,Female,ATHX,Overall,,,52 (183KG),22 (3.926KM),40 (14:36),,,,114
42,01kfzf4dnb71gvd435vyq0v49r,Camille,SAINT-CRICQ,Camille SAINT-CRICQ,Female,,,https://ui-avatars.com/api/?name=C+S&color=FFFFFF&background=000000,ATHX MARSEILLE 2026,France 🇫🇷,2026,Female,ATHX,Overall,,,44 (195KG),33 (3.765KM),38 (14:06),,,,115
43,01k9wxbgc8cgjb6k3qvqeg0ke5,Lisa,Berthier,Lisa Berthier,Female,,,https://ui-avatars.com/api/?name=L+B&color=FFFFFF&background=000000,ATHX MARSEILLE 2026,France 🇫🇷,2026,Female,ATHX,Overall,,,33 (222KG),43 (3.593KM),41 (14:37),,,,117
44,01krgjjywsz584s4wxcsxe18h0,Brunehilde,Carniel-Perrin,Brunehilde Carniel-Perrin,Female,France,,https://athxgames.com/storage/profile-photos/QSRCO6H5YaQ9VY8uLVRFVL2uBWIoELeh8ErBQ8mC.jpg,ATHX MARSEILLE 2026,France 🇫🇷,2026,Female,ATHX,Overall,,,40 (206KG),45 (3.508KM),44 (15:34),,,,129
45,01kbhqzm62a14papeaentb79ff,Amel,Bonnevie,Amel Bonnevie,Female,France,,https://ui-avatars.com/api/?name=A+B&color=FFFFFF&background=000000,ATHX MARSEILLE 2026,France 🇫🇷,2026,Female,ATHX,Overall,,,25 (228KG),52 (3.178KM),54 (19:36),,,,131
46,01ke7zf43tw7mfh61zm64zfy0y,Ludivine,TEIXEIRA,Ludivine TEIXEIRA,Female,,,https://ui-avatars.com/api/?name=L+T&color=FFFFFF&background=000000,ATHX MARSEILLE 2026,France 🇫🇷,2026,Female,ATHX,Overall,,,37 (209KG),49 (3.401KM),46 (16:54),,,,132
47,01kn1xez9pqx0s3bqvd2v1n98w,Julie,Mourrut,Julie Mourrut,Female,,,https://ui-avatars.com/api/?name=J+M&color=FFFFFF&background=000000,ATHX MARSEILLE 2026,France 🇫🇷,2026,Female,ATHX,Overall,,,56 (152KG),41 (3.701KM),45 (15:57),,,,142
48,01krydhaw66qrbb8payzfx8t35,Carole,CAVALLARO,Carole CAVALLARO,Female,,,https://ui-avatars.com/api/?name=C+C&color=FFFFFF&background=000000,ATHX MARSEILLE 2026,France 🇫🇷,2026,Female,ATHX,Overall,,,57 (122KG),40 (3.738KM),48 (17:16),,,,145
49,01m2nfv0jqaxvz3hxtbw62nchb,Agathe,TBC,Agathe TBC,Female,,,https://ui-avatars.com/api/?name=A+T&color=FFFFFF&background=000000,ATHX MARSEILLE 2026,France 🇫🇷,2026,Female,ATHX,Overall,,,46 (192KG),51 (3.183KM),52 (18:19),,,,149
50,01km9dhmp43d8tbhastnpksyp7,Gnanfing Maya,Diabate,Gnanfing Maya Diabate,Female,,,https://ui-avatars.com/api/?name=G+M+D&color=FFFFFF&background=000000,ATHX MARSEILLE 2026,France 🇫🇷,2026,Female,ATHX,Overall,,,49 (190KG),46 (3.478KM),55 (20:14),,,,150
51,01kn57rw74cvm4tsd4mvb4dcq7,Ophélie,Denat,Ophélie Denat,Female,,,https://ui-avatars.com/api/?name=O+D&color=FFFFFF&background=000000,ATHX MARSEILLE 2026,France 🇫🇷,2026,Female,ATHX,Overall,,,54 (169KG),50 (3.389KM),51 (17:53),,,,155
52,01kag5eqddyshjsgsegcbhbpb2,Raissath,ASSIMIOU,Raissath ASSIMIOU,Female,,,https://ui-avatars.com/api/?name=R+A&color=FFFFFF&background=000000,ATHX MARSEILLE 2026,France 🇫🇷,2026,Female,ATHX,Overall,,,48 (191KG),53 (2.755KM),56 (21:32),,,,157
52,01kefe7zea86pxn4ndx7fcexcd,Martine,Beloeil,Martine Beloeil,Female,,Crossfit Cannes,https://ui-avatars.com/api/?name=M+B&color=FFFFFF&background=000000,ATHX MARSEILLE 2026,France 🇫🇷,2026,Female,ATHX,Overall,,,53 (181KG),47 (3.437KM),57 (27:00),,,,157
1,01kk1j1sg345yh5891pgeqn51q,Aaron,Travers,Aaron Travers,Male,,,https://ui-avatars.com/api/?name=A+T&color=FFFFFF&background=000000,ATHX MARSEILLE 2026,France 🇫🇷,2026,Male,ATHX Pro,MetCon X,,,,,10:42,,,,1
2,01kgx61932d0w6fjnz3x81g0h4,alan,Cao,alan Cao,Male,,,https://ui-avatars.com/api/?name=a+C&color=FFFFFF&background=000000,ATHX MARSEILLE 2026,France 🇫🇷,2026,Male,ATHX Pro,MetCon X,,,,,11:17,,,,2
3,01kk4bh0fbpddafmtz2gfvesfx,Jules,CASTOR,Jules CASTOR,Male,,,https://ui-avatars.com/api/?name=J+C&color=FFFFFF&background=000000,ATHX MARSEILLE 2026,France 🇫🇷,2026,Male,ATHX Pro,MetCon X,,,,,12:14,,,,3
4,01kpdz5mz3grfjaek0yyajg8mw,Kevin,Vinuesa,Kevin Vinuesa,Male,,,https://ui-avatars.com/api/?name=K+V&color=FFFFFF&background=000000,ATHX MARSEILLE 2026,France 🇫🇷,2026,Male,ATHX Pro,MetCon X,,,,,12:40,,,,4
5,01kbtry6n3ynen7ha4nbt7dk4p,Thomas,Laviron,Thomas Laviron,Male,,,https://ui-avatars.com/api/?name=T+L&color=FFFFFF&background=000000,ATHX MARSEILLE 2026,France 🇫🇷,2026,Male,ATHX Pro,MetCon X,,,,,12:53,,,,5
6,01m20gk52595qah4ffakv88ywj,Hugo ,Joug,Hugo  Joug,Male,,,https://ui-avatars.com/api/?name=H++J&color=FFFFFF&background=000000,ATHX MARSEILLE 2026,France 🇫🇷,2026,Male,ATHX Pro,MetCon X,,,,,13:12,,,,6
7,01k9m3q9jat9vbpgzak7qetpds,Alexandre,Bally,Alexandre Bally,Male,,,https://ui-avatars.com/api/?name=A+B&color=FFFFFF&background=000000,ATHX MARSEILLE 2026,France 🇫🇷,2026,Male,ATHX Pro,MetCon X,,,,,13:23,,,,7
8,01kj3559nh6xd7bn18ctwy6dgt,Simon,Guiborat,Simon Guiborat,Male,,,https://ui-avatars.com/api/?name=S+G&color=FFFFFF&background=000000,ATHX MARSEILLE 2026,France 🇫🇷,2026,Male,ATHX Pro,MetCon X,,,,,13:25,,,,8
9,01kfzr8f1m5p6z1yp4s2jsed7c,Pierre,Hatinguais,Pierre Hatinguais,Male,,,https://ui-avatars.com/api/?name=P+H&color=FFFFFF&background=000000,ATHX MARSEILLE 2026,France 🇫🇷,2026,Male,ATHX Pro,MetCon X,,,,,13:40,,,,9
10,01k9392z85naaksfzam1qs3n7k,Kewin,Bordas,Kewin Bordas,Male,France,,https://athxgames.com/storage/profile-photos/EYAUlRl7IS4PfWQfDdehgajqo1edjE2sYMRsTMJ2.jpg,ATHX MARSEILLE 2026,France 🇫🇷,2026,Male,ATHX Pro,MetCon X,,,,,13:42,,,,10
11,01kb4qw2mczgecrxy4pv8mrnj0,Joël,Tozzi,Joël Tozzi,Male,France,powrFit,https://ui-avatars.com/api/?name=J+T&color=FFFFFF&background=000000,ATHX MARSEILLE 2026,France 🇫🇷,2026,Male,ATHX Pro,MetCon X,,,,,14:00,,,,11
12,01kev14wmkb2epq8ppwvckevdg,Aymeric,Petel,Aymeric Petel,Male,,,https://ui-avatars.com/api/?name=A+P&color=FFFFFF&background=000000,ATHX MARSEILLE 2026,France 🇫🇷,2026,Male,ATHX Pro,MetCon X,,,,,14:10,,,,12
13,01kght585m98gf0vgcb91pn0ek,Micka,Roques,Micka Roques,Male,France,MK,https://ui-avatars.com/api/?name=M+R&color=FFFFFF&background=000000,ATHX MARSEILLE 2026,France 🇫🇷,2026,Male,ATHX Pro,MetCon X,,,,,14:42,,,,13
14,01kdbvvhwqydqh67qmszprrx29,Jean-Baptiste,Pique,Jean-Baptiste Pique,Male,,,https://ui-avatars.com/api/?name=J+P&color=FFFFFF&background=000000,ATHX MARSEILLE 2026,France 🇫🇷,2026,Male,ATHX Pro,MetCon X,,,,,14:49,,,,14
15,01kz8sp852sye2b2ar0dgrtdz4,Lucas,Ginestet,Lucas Ginestet,Male,,,https://ui-avatars.com/api/?name=L+G&color=FFFFFF&background=000000,ATHX MARSEILLE 2026,France 🇫🇷,2026,Male,ATHX Pro,MetCon X,,,,,15:53,,,,15
16,01kk4r8mckh0kgyzrwg26venkr,Loic,Tiouane,Loic Tiouane,Male,,,https://ui-avatars.com/api/?name=L+T&color=FFFFFF&background=000000,ATHX MARSEILLE 2026,France 🇫🇷,2026,Male,ATHX Pro,MetCon X,,,,,16:06,,,,16
17,01kg6prhrynfwn11bcvh44em32,Rémi,Pierson,Rémi Pierson,Male,,,https://ui-avatars.com/api/?name=R+P&color=FFFFFF&background=000000,ATHX MARSEILLE 2026,France 🇫🇷,2026,Male,ATHX Pro,MetCon X,,,,,16:13,,,,17
18,01kk6xq2scf5cp8y4t5ge4szjj,John,Zakrzewski,John Zakrzewski,Male,France,CrossFit Massilia,https://ui-avatars.com/api/?name=J+Z&color=FFFFFF&background=000000,ATHX MARSEILLE 2026,France 🇫🇷,2026,Male,ATHX Pro,MetCon X,,,,,16:18,,,,18
19,01kgqh8dfkh7vv3n9am3y47f5s,Cyril,Jouanique,Cyril Jouanique,Male,France,Beast légion,https://athxgames.com/storage/profile-photos/MYSghD8ADf5jzssIbhcB9qx3CBaeE774Nx8RvoAe.jpg,ATHX MARSEILLE 2026,France 🇫🇷,2026,Male,ATHX Pro,MetCon X,,,,,16:20,,,,19
20,01kgwntvfp670ktc4k2v28kxvp,Julien,Dal,Julien Dal,Male,,,https://ui-avatars.com/api/?name=J+D&color=FFFFFF&background=000000,ATHX MARSEILLE 2026,France 🇫🇷,2026,Male,ATHX Pro,MetCon X,,,,,17:26,,,,20
21,01kgrg9sestxf19qvtmma7b6hd,Gaël,Caulier,Gaël Caulier,Male,,,https://ui-avatars.com/api/?name=G+C&color=FFFFFF&background=000000,ATHX MARSEILLE 2026,France 🇫🇷,2026,Male,ATHX Pro,MetCon X,,,,,17:59,,,,21
22,01kbmwj1vnesc3bgz9xaa84kqg,Brice,COLLIDOR,Brice COLLIDOR,Male,France,Fitness Park,https://athxgames.com/storage/profile-photos/G0sCqZgPK1hmq2MvaTRVfQVou2PWJLsdCceIc48g.jpg,ATHX MARSEILLE 2026,France 🇫🇷,2026,Male,ATHX Pro,MetCon X,,,,,18:46,,,,22
23,01kefyktq3459vwytgss95mhq7,Mickael,Heudron,Mickael Heudron,Male,,,https://ui-avatars.com/api/?name=M+H&color=FFFFFF&background=000000,ATHX MARSEILLE 2026,France 🇫🇷,2026,Male,ATHX Pro,MetCon X,,,,,19:30,,,,23
24,01kdt7hj5anx63w7kakg1agq8g,Alexandre,Ridings,Alexandre Ridings,Male,,,https://athxgames.com/storage/profile-photos/zSuxhXu6k0pdhTOzqLfPFVfmnlagfiK33fmHhgXL.jpg,ATHX MARSEILLE 2026,France 🇫🇷,2026,Male,ATHX Pro,MetCon X,,,,,19:46,,,,24
25,01kdsvkeg3gnde4b4rc3rpzvak,Nicolas,Courtade,Nicolas Courtade,Male,France,Crossfit Tarbes,https://athxgames.com/storage/profile-photos/3Zw7FZRbV9vawuj0dxDjyF0MJE12cnHDtDALgzKg.jpg,ATHX MARSEILLE 2026,France 🇫🇷,2026,Male,ATHX Pro,MetCon X,,,,,19:58,,,,25
26,01kbmnv1tzk9wtfjfm581v898f,Bourdeau,Enzo,Bourdeau Enzo,Male,,,https://athxgames.com/storage/profile-photos/dTBppqpkcMK5KZeiBWxImxhQ5IFOS3dwbNq3q7Ke.jpg,ATHX MARSEILLE 2026,France 🇫🇷,2026,Male,ATHX Pro,MetCon X,,,,,20:52,,,,26
27,01kde8qrdsbbphn22550f4qtg4,Damien,Phelipon Techer,Damien Phelipon Techer,Male,,,https://athxgames.com/storage/profile-photos/r4j3GQpmRGjwpx5zT273Oxz67pgOnN8aBhYJ4Vgu.jpg,ATHX MARSEILLE 2026,France 🇫🇷,2026,Male,ATHX Pro,MetCon X,,,,,21:07,,,,27
28,01kj6m2q6jqk8nqgvmtnx25vnc,Claudio,Hemmerdinger,Claudio Hemmerdinger,Male,Chile,,https://ui-avatars.com/api/?name=C+H&color=FFFFFF&background=000000,ATHX MARSEILLE 2026,France 🇫🇷,2026,Male,ATHX Pro,MetCon X,,,,,21:43,,,,28
29,01kbtse84sqj252yyydydzqtg6,Thibaut,Melgrani,Thibaut Melgrani,Male,France,Crossfit LPM,https://ui-avatars.com/api/?name=T+M&color=FFFFFF&background=000000,ATHX MARSEILLE 2026,France 🇫🇷,2026,Male,ATHX Pro,MetCon X,,,,,22:01,,,,29
30,01kf3eb5kc4ejy2xq2pzjma6mk,Mickael,Coste,Mickael Coste,Male,France,Titanium gym club,https://ui-avatars.com/api/?name=M+C&color=FFFFFF&background=000000,ATHX MARSEILLE 2026,France 🇫🇷,2026,Male,ATHX Pro,MetCon X,,,,,22:07,,,,30
31,01kadwecv17mfzgfcnvcp6ctyb,Fabien,Richard,Fabien Richard,Male,France,White Wolf Training,https://ui-avatars.com/api/?name=F+R&color=FFFFFF&background=000000,ATHX MARSEILLE 2026,France 🇫🇷,2026,Male,ATHX Pro,MetCon X,,,,,24:26,,,,31
1,01kznew3j4214j8brhz2yqxrnj,Pauline,Reynet,Pauline Reynet,Female,,,https://ui-avatars.com/api/?name=P+R&color=FFFFFF&background=000000,ATHX MARSEILLE 2026,France 🇫🇷,2026,Female,ATHX,Endurance,2.25KM,2.266KM,,,,,,,1
2,01kw9qjsfy7p2g6g2bpv8em3kv,Coralie,Moustier,Coralie Moustier,Female,,,https://ui-avatars.com/api/?name=C+M&color=FFFFFF&background=000000,ATHX MARSEILLE 2026,France 🇫🇷,2026,Female,ATHX,Endurance,2.25KM,2.264KM,,,,,,,2
3,01kmmtkp9twssepv290mjtyc7m,Zara,Bullimore,Zara Bullimore,Female,,,https://ui-avatars.com/api/?name=Z+B&color=FFFFFF&background=000000,ATHX MARSEILLE 2026,France 🇫🇷,2026,Female,ATHX,Endurance,2.25KM,2.263KM,,,,,,,3
3,01h483ztcfe5ddx3hq10my9bdx,claire,wright,claire wright,Female,,MARCHON,https://ui-avatars.com/api/?name=c+w&color=FFFFFF&background=000000,ATHX MARSEILLE 2026,France 🇫🇷,2026,Female,ATHX,Endurance,2.25KM,2.263KM,,,,,,,3
5,01h03yhg6tm3stz4akx69akers,Taz,Cheema,Taz Cheema,Female,,,https://ui-avatars.com/api/?name=T+C&color=FFFFFF&background=000000,ATHX MARSEILLE 2026,France 🇫🇷,2026,Female,ATHX,Endurance,2.25KM,2.258KM,,,,,,,5
6,01m2nfx9xyqg0q3c2rpjd0yjxk,Laure ,Benoit,Laure  Benoit,Female,,,https://ui-avatars.com/api/?name=L++B&color=FFFFFF&background=000000,ATHX MARSEILLE 2026,France 🇫🇷,2026,Female,ATHX,Endurance,2.25KM,2.247KM,,,,,,,6
7,01k9vrgavk9j0tjt8k780mpn4r,Elise,Beranger,Elise Beranger,Female,France,,https://ui-avatars.com/api/?name=E+B&color=FFFFFF&background=000000,ATHX MARSEILLE 2026,France 🇫🇷,2026,Female,ATHX,Endurance,2.25KM,2.205KM,,,,,,,7
8,01kszxz4b8e3ea412rf30tsaa0,Katariina,Kukko,Katariina Kukko,Female,,,https://ui-avatars.com/api/?name=K+K&color=FFFFFF&background=000000,ATHX MARSEILLE 2026,France 🇫🇷,2026,Female,ATHX,Endurance,2.25KM,2.181KM,,,,,,,8
9,01kqt4x6g49egn9pw9jqn1knrs,Roxanne,Camhaji,Roxanne Camhaji,Female,,,https://ui-avatars.com/api/?name=R+C&color=FFFFFF&background=000000,ATHX MARSEILLE 2026,France 🇫🇷,2026,Female,ATHX,Endurance,2.25KM,2.115KM,,,,,,,9
10,01hnrnq7mec895hx1vhfc61na9,Lesley,Terry,Lesley Terry,Female,,,https://ui-avatars.com/api/?name=L+T&color=FFFFFF&background=000000,ATHX MARSEILLE 2026,France 🇫🇷,2026,Female,ATHX,Endurance,2.25KM,2.012KM,,,,,,,10
11,01kh4mh3mf2phh71z0jsafr8t9,julie,Gobilliard,julie Gobilliard,Female,,,https://ui-avatars.com/api/?name=j+G&color=FFFFFF&background=000000,ATHX MARSEILLE 2026,France 🇫🇷,2026,Female,ATHX,Endurance,2.5KM,1.743KM,,,,,,,11
12,01kbsyaee46hxcezb7cwbttpzc,Magali,BITTER,Magali BITTER,Female,France,,https://ui-avatars.com/api/?name=M+B&color=FFFFFF&background=000000,ATHX MARSEILLE 2026,France 🇫🇷,2026,Female,ATHX,Endurance,2.25KM,1.989KM,,,,,,,12
13,01j9w0gzhfvng8ftre0rmwyg26,Florence,Kinnafick,Florence Kinnafick,Female,United Kingdom,CrossFit Leamington,https://ui-avatars.com/api/?name=F+K&color=FFFFFF&background=000000,ATHX MARSEILLE 2026,France 🇫🇷,2026,Female,ATHX,Endurance,2.25KM,1.97KM,,,,,,,13
14,01kxvdwm0hg927dmybthbqct48,Tina,Gozzi,Tina Gozzi,Female,,,https://ui-avatars.com/api/?name=T+G&color=FFFFFF&background=000000,ATHX MARSEILLE 2026,France 🇫🇷,2026,Female,ATHX,Endurance,2.383KM,1.823KM,,,,,,,14
15,01kznzjx5j3f82jp20ggf8d882,Célia,Ladjimi,Célia Ladjimi,Female,,,https://ui-avatars.com/api/?name=C+L&color=FFFFFF&background=000000,ATHX MARSEILLE 2026,France 🇫🇷,2026,Female,ATHX,Endurance,2.25KM,1.923KM,,,,,,,15
16,01ke9v53t0bqqr7pa211j4v5mw,Susana,Naranjo,Susana Naranjo,Female,,,https://ui-avatars.com/api/?name=S+N&color=FFFFFF&background=000000,ATHX MARSEILLE 2026,France 🇫🇷,2026,Female,ATHX,Endurance,2.25KM,1.91KM,,,,,,,16
17,01kqd5tykke6tfp2yxqphasbhs,Nathalie,Verduijn,Nathalie Verduijn,Female,,,https://ui-avatars.com/api/?name=N+V&color=FFFFFF&background=000000,ATHX MARSEILLE 2026,France 🇫🇷,2026,Female,ATHX,Endurance,2.25KM,1.906KM,,,,,,,17
18,01kqhe4w22cnaj0ek4thtds0qs,Mélody,Denni,Mélody Denni,Female,,,https://ui-avatars.com/api/?name=M+D&color=FFFFFF&background=000000,ATHX MARSEILLE 2026,France 🇫🇷,2026,Female,ATHX,Endurance,2.25KM,1.862KM,,,,,,,18
19,01kj0xy9d4qrbt66pnx3aj0wfm,Noémie,Vigneron,Noémie Vigneron,Female,,,https://ui-avatars.com/api/?name=N+V&color=FFFFFF&background=000000,ATHX MARSEILLE 2026,France 🇫🇷,2026,Female,ATHX,Endurance,2.25KM,1.787KM,,,,,,,19
20,01kdz2k3jk17r49j958zbgw2m3,Queiros,Mathilde,Queiros Mathilde,Female,France,Crossfit Fontainebleau,https://ui-avatars.com/api/?name=Q+M&color=FFFFFF&background=000000,ATHX MARSEILLE 2026,France 🇫🇷,2026,Female,ATHX,Endurance,2.25KM,1.783KM,,,,,,,20
21,01kgm3p8ynfx750zph89jn25ee,Ann-Katrin,Hinze,Ann-Katrin Hinze,Female,Germany,,https://ui-avatars.com/api/?name=A+H&color=FFFFFF&background=000000,ATHX MARSEILLE 2026,France 🇫🇷,2026,Female,ATHX,Endurance,2.25KM,1.746KM,,,,,,,21
22,01kkwhdtqtterzjchkda2p1be9,Salma,Khalfaoui,Salma Khalfaoui,Female,Tunisia,Salma Khalfaoui,https://ui-avatars.com/api/?name=S+K&color=FFFFFF&background=000000,ATHX MARSEILLE 2026,France 🇫🇷,2026,Female,ATHX,Endurance,2.25KM,1.676KM,,,,,,,22
23,01kep99n10xrb1t7432dhf81dq,Catherine,DEVEZE,Catherine DEVEZE,Female,,,https://ui-avatars.com/api/?name=C+D&color=FFFFFF&background=000000,ATHX MARSEILLE 2026,France 🇫🇷,2026,Female,ATHX,Endurance,2.25KM,1.673KM,,,,,,,23
24,01kgjgta0bj0whzegva7pb230k,GATTi,Muriel,GATTi Muriel,Female,,,https://ui-avatars.com/api/?name=G+M&color=FFFFFF&background=000000,ATHX MARSEILLE 2026,France 🇫🇷,2026,Female,ATHX,Endurance,2.25KM,1.656KM,,,,,,,24
25,01kc6ejpqn1ta7kzwcyn9ady45,Natalia,Uszyñski,Natalia Uszyñski,Female,Spain,,https://ui-avatars.com/api/?name=N+U&color=FFFFFF&background=000000,ATHX MARSEILLE 2026,France 🇫🇷,2026,Female,ATHX,Endurance,2.25KM,1.646KM,,,,,,,25
26,01kqs0jq1mqktpt6ndc33fmykz,Vanessa,Cumbo,Vanessa Cumbo,Female,,,https://ui-avatars.com/api/?name=V+C&color=FFFFFF&background=000000,ATHX MARSEILLE 2026,France 🇫🇷,2026,Female,ATHX,Endurance,2.25KM,1.632KM,,,,,,,26
27,01ktfa5sgeqj82net100ejg3pz,Klaudia,Kepner,Klaudia Kepner,Female,,,https://ui-avatars.com/api/?name=K+K&color=FFFFFF&background=000000,ATHX MARSEILLE 2026,France 🇫🇷,2026,Female,ATHX,Endurance,2.25KM,1.591KM,,,,,,,27
28,01kc4w2ayr67wd7bx9rzj8t63w,Caroline,Bai,Caroline Bai,Female,,,https://ui-avatars.com/api/?name=C+B&color=FFFFFF&background=000000,ATHX MARSEILLE 2026,France 🇫🇷,2026,Female,ATHX,Endurance,2.25KM,1.569KM,,,,,,,28
29,01kka41wvafyffeeh3vj56y62y,Emmanuelle,Filancia,Emmanuelle Filancia,Female,,,https://ui-avatars.com/api/?name=E+F&color=FFFFFF&background=000000,ATHX MARSEILLE 2026,France 🇫🇷,2026,Female,ATHX,Endurance,1.791KM,2.014KM,,,,,,,29
30,01kxx656fwxwvg11b5mmccwvhm,Elaine,Shanks,Elaine Shanks,Female,,,https://ui-avatars.com/api/?name=E+S&color=FFFFFF&background=000000,ATHX MARSEILLE 2026,France 🇫🇷,2026,Female,ATHX,Endurance,2.25KM,1.526KM,,,,,,,30
31,01k9w75a04kcw3ake0z5bhza9p,Anne-Fleur,Karp,Anne-Fleur Karp,Female,,,https://ui-avatars.com/api/?name=A+K&color=FFFFFF&background=000000,ATHX MARSEILLE 2026,France 🇫🇷,2026,Female,ATHX,Endurance,2.25KM,1.518KM,,,,,,,31
32,01kqh7njjffkff3x9nw8c2pzkk,Lilou,Vanteux,Lilou Vanteux,Female,,,https://ui-avatars.com/api/?name=L+V&color=FFFFFF&background=000000,ATHX MARSEILLE 2026,France 🇫🇷,2026,Female,ATHX,Endurance,2.25KM,1.516KM,,,,,,,32
33,01kfzf4dnb71gvd435vyq0v49r,Camille,SAINT-CRICQ,Camille SAINT-CRICQ,Female,,,https://ui-avatars.com/api/?name=C+S&color=FFFFFF&background=000000,ATHX MARSEILLE 2026,France 🇫🇷,2026,Female,ATHX,Endurance,2.25KM,1.515KM,,,,,,,33
33,01kq0frnjrk9gypwvwk5kgpax9,Lauriane,Walle,Lauriane Walle,Female,France,,https://ui-avatars.com/api/?name=L+W&color=FFFFFF&background=000000,ATHX MARSEILLE 2026,France 🇫🇷,2026,Female,ATHX,Endurance,2.25KM,1.515KM,,,,,,,33
35,01ke0gzs1t0383ev9cbtzk0p1f,Francoise,GOMEZ,Francoise GOMEZ,Female,France,Fitness Park,https://ui-avatars.com/api/?name=F+G&color=FFFFFF&background=000000,ATHX MARSEILLE 2026,France 🇫🇷,2026,Female,ATHX,Endurance,2.25KM,1.513KM,,,,,,,35
36,01kexehep1n35v9r7kwp0syhbk,Barbara,DRILLAUD,Barbara DRILLAUD,Female,,,https://ui-avatars.com/api/?name=B+D&color=FFFFFF&background=000000,ATHX MARSEILLE 2026,France 🇫🇷,2026,Female,ATHX,Endurance,2.25KM,1.512KM,,,,,,,36
36,01k9vpma4r58jzjaxh26zyynbt,Sihali,Camilia,Sihali Camilia,Female,,,https://ui-avatars.com/api/?name=S+C&color=FFFFFF&background=000000,ATHX MARSEILLE 2026,France 🇫🇷,2026,Female,ATHX,Endurance,2.25KM,1.512KM,,,,,,,36
38,01kq5dm08wpwxepzb0mnq974xm,Lisa,Palavesin,Lisa Palavesin,Female,,,https://ui-avatars.com/api/?name=L+P&color=FFFFFF&background=000000,ATHX MARSEILLE 2026,France 🇫🇷,2026,Female,ATHX,Endurance,2.25KM,1.511KM,,,,,,,38
38,01kcxh7912wb8cmkbgbvqmj2zp,Jolit,Eva,Jolit Eva,Female,,,https://ui-avatars.com/api/?name=J+E&color=FFFFFF&background=000000,ATHX MARSEILLE 2026,France 🇫🇷,2026,Female,ATHX,Endurance,2.25KM,1.511KM,,,,,,,38
40,01krydhaw66qrbb8payzfx8t35,Carole,CAVALLARO,Carole CAVALLARO,Female,,,https://ui-avatars.com/api/?name=C+C&color=FFFFFF&background=000000,ATHX MARSEILLE 2026,France 🇫🇷,2026,Female,ATHX,Endurance,2.221KM,1.517KM,,,,,,,40
41,01kn1xez9pqx0s3bqvd2v1n98w,Julie,Mourrut,Julie Mourrut,Female,,,https://ui-avatars.com/api/?name=J+M&color=FFFFFF&background=000000,ATHX MARSEILLE 2026,France 🇫🇷,2026,Female,ATHX,Endurance,2.193KM,1.508KM,,,,,,,41
42,01kjaknaycf7pd1tvt01ajdv0t,Pecel,Vanessa,Pecel Vanessa,Female,,,https://ui-avatars.com/api/?name=P+V&color=FFFFFF&background=000000,ATHX MARSEILLE 2026,France 🇫🇷,2026,Female,ATHX,Endurance,2.17KM,1.512KM,,,,,,,42
43,01k9wxbgc8cgjb6k3qvqeg0ke5,Lisa,Berthier,Lisa Berthier,Female,,,https://ui-avatars.com/api/?name=L+B&color=FFFFFF&background=000000,ATHX MARSEILLE 2026,France 🇫🇷,2026,Female,ATHX,Endurance,2.089KM,1.504KM,,,,,,,43
44,01k8405q0w2k66sxba4c6a0eyq,Wiebke,Eggers,Wiebke Eggers,Female,Germany,Kamroc,https://ui-avatars.com/api/?name=W+E&color=FFFFFF&background=000000,ATHX MARSEILLE 2026,France 🇫🇷,2026,Female,ATHX,Endurance,2.046KM,1.519KM,,,,,,,44
45,01krgjjywsz584s4wxcsxe18h0,Brunehilde,Carniel-Perrin,Brunehilde Carniel-Perrin,Female,France,,https://athxgames.com/storage/profile-photos/QSRCO6H5YaQ9VY8uLVRFVL2uBWIoELeh8ErBQ8mC.jpg,ATHX MARSEILLE 2026,France 🇫🇷,2026,Female,ATHX,Endurance,2KM,1.508KM,,,,,,,45
46,01km9dhmp43d8tbhastnpksyp7,Gnanfing Maya,Diabate,Gnanfing Maya Diabate,Female,,,https://ui-avatars.com/api/?name=G+M+D&color=FFFFFF&background=000000,ATHX MARSEILLE 2026,France 🇫🇷,2026,Female,ATHX,Endurance,2.063KM,1.415KM,,,,,,,46
47,01kefe7zea86pxn4ndx7fcexcd,Martine,Beloeil,Martine Beloeil,Female,,Crossfit Cannes,https://ui-avatars.com/api/?name=M+B&color=FFFFFF&background=000000,ATHX MARSEILLE 2026,France 🇫🇷,2026,Female,ATHX,Endurance,1.922KM,1.515KM,,,,,,,47
48,01kd2pn7xvbknwrw795znzb3qr,Emeline,Marly,Emeline Marly,Female,France,IN SPORT CROIX,https://ui-avatars.com/api/?name=E+M&color=FFFFFF&background=000000,ATHX MARSEILLE 2026,France 🇫🇷,2026,Female,ATHX,Endurance,1.909KM,1.515KM,,,,,,,48
49,01ke7zf43tw7mfh61zm64zfy0y,Ludivine,TEIXEIRA,Ludivine TEIXEIRA,Female,,,https://ui-avatars.com/api/?name=L+T&color=FFFFFF&background=000000,ATHX MARSEILLE 2026,France 🇫🇷,2026,Female,ATHX,Endurance,1.888KM,1.513KM,,,,,,,49
50,01kn57rw74cvm4tsd4mvb4dcq7,Ophélie,Denat,Ophélie Denat,Female,,,https://ui-avatars.com/api/?name=O+D&color=FFFFFF&background=000000,ATHX MARSEILLE 2026,France 🇫🇷,2026,Female,ATHX,Endurance,1.889KM,1.5KM,,,,,,,50
51,01m2nfv0jqaxvz3hxtbw62nchb,Agathe,TBC,Agathe TBC,Female,,,https://ui-avatars.com/api/?name=A+T&color=FFFFFF&background=000000,ATHX MARSEILLE 2026,France 🇫🇷,2026,Female,ATHX,Endurance,1.668KM,1.515KM,,,,,,,51
52,01kbhqzm62a14papeaentb79ff,Amel,Bonnevie,Amel Bonnevie,Female,France,,https://ui-avatars.com/api/?name=A+B&color=FFFFFF&background=000000,ATHX MARSEILLE 2026,France 🇫🇷,2026,Female,ATHX,Endurance,1.663KM,1.515KM,,,,,,,52
53,01kag5eqddyshjsgsegcbhbpb2,Raissath,ASSIMIOU,Raissath ASSIMIOU,Female,,,https://ui-avatars.com/api/?name=R+A&color=FFFFFF&background=000000,ATHX MARSEILLE 2026,France 🇫🇷,2026,Female,ATHX,Endurance,1.5KM,1.255KM,,,,,,,53
1,01kerz6a0s1z0pa6yd13db8frr,Antoine,Marchin,Antoine Marchin,Male,France,,https://ui-avatars.com/api/?name=A+M&color=FFFFFF&background=000000,ATHX MARSEILLE 2026,France 🇫🇷,2026,Male,ATHX,Overall,,,8 (465KG),8 (5.091KM),1 (09:12),,,,17
2,01knphfy1h56ppm2b9zr8ak2bt,Clément,Chatenet,Clément Chatenet,Male,,,https://ui-avatars.com/api/?name=C+C&color=FFFFFF&background=000000,ATHX MARSEILLE 2026,France 🇫🇷,2026,Male,ATHX,Overall,,,14 (450KG),13 (5.009KM),8 (10:11),,,,35
3,01k8s14t182xbk2zet38v7yh4b,Kevin,Beleshku,Kevin Beleshku,Male,Italy,,https://ui-avatars.com/api/?name=K+B&color=FFFFFF&background=000000,ATHX MARSEILLE 2026,France 🇫🇷,2026,Male,ATHX,Overall,,,13 (452KG),10 (5.073KM),13 (10:29),,,,36
4,01kq244xky2vf8y7njvpd9ac85,Karim,Nessah,Karim Nessah,Male,Algeria,Super Zuka,https://ui-avatars.com/api/?name=K+N&color=FFFFFF&background=000000,ATHX MARSEILLE 2026,France 🇫🇷,2026,Male,ATHX,Overall,,,38 (418KG),4 (5.263KM),2 (09:38),,,,44
5,01kg753grtpzjx4653m3hfpwds,Lorenzo,Piccarreta,Lorenzo Piccarreta,Male,Italy,Keymon Fitness,https://athxgames.com/storage/profile-photos/53RlSmZjIbsTT7VZyr7UdH9x4y1hcot0AMbjg5mG.jpg,ATHX MARSEILLE 2026,France 🇫🇷,2026,Male,ATHX,Overall,,,3 (485KG),38 (4.791KM),6 (09:59),,,,47
6,01kqc8jh8p567zrnkr4kxns9dz,Thibault,Bourlier,Thibault Bourlier,Male,,,https://ui-avatars.com/api/?name=T+B&color=FFFFFF&background=000000,ATHX MARSEILLE 2026,France 🇫🇷,2026,Male,ATHX,Overall,,,23 (430KG),12 (5.052KM),17 (11:02),,,,52
7,01kvytkz955bx3jhhr1v766z07,Luis,Veiga,Luis Veiga,Male,,,https://athxgames.com/storage/profile-photos/Tj1l3owt2ZXGOqFsF2aIVbZnTGXQm6w9GLMhMTkp.jpg,ATHX MARSEILLE 2026,France 🇫🇷,2026,Male,ATHX,Overall,,,11 (455KG),30 (4.836KM),12 (10:26),,,,53
8,01kkhz8p9r0w2q86ct9weh51ra,Iker,Duart,Iker Duart,Male,,,https://ui-avatars.com/api/?name=I+D&color=FFFFFF&background=000000,ATHX MARSEILLE 2026,France 🇫🇷,2026,Male,ATHX,Overall,,,18 (438KG),25 (4.874KM),16 (10:59),,,,59
9,01kerz9910nmcwafmre1m3jbmy,Lucas,Claro,Lucas Claro,Male,,,https://ui-avatars.com/api/?name=L+C&color=FFFFFF&background=000000,ATHX MARSEILLE 2026,France 🇫🇷,2026,Male,ATHX,Overall,,,2 (500KG),52 (4.669KM),15 (10:38),,,,69
10,01kj80ws474kgxmsrmgmvhjkyd,Florian,Foggea,Florian Foggea,Male,France,,https://ui-avatars.com/api/?name=F+F&color=FFFFFF&background=000000,ATHX MARSEILLE 2026,France 🇫🇷,2026,Male,ATHX,Overall,,,42 (414KG),16 (4.961KM),11 (10:24),,,,69
11,01m0yry7kty0ma30b9b9egd47m,Axel,Montreuil,Axel Montreuil,Male,,,https://ui-avatars.com/api/?name=A+M&color=FFFFFF&background=000000,ATHX MARSEILLE 2026,France 🇫🇷,2026,Male,ATHX,Overall,,,69 (370KG),1 (5.489KM),4 (09:42),,,,74
12,01kj4hwwhzczp7t5qpzvrtfcdj,Nabil,Taleb,Nabil Taleb,Male,,,https://ui-avatars.com/api/?name=N+T&color=FFFFFF&background=000000,ATHX MARSEILLE 2026,France 🇫🇷,2026,Male,ATHX,Overall,,,63 (375KG),6 (5.256KM),9 (10:22),,,,78
12,01kc9ne0bd6yxp8ggt7zdcazgs,Sébastien,KARL,Sébastien KARL,Male,,,https://ui-avatars.com/api/?name=S+K&color=FFFFFF&background=000000,ATHX MARSEILLE 2026,France 🇫🇷,2026,Male,ATHX,Overall,,,5 (477KG),29 (4.839KM),44 (12:14),,,,78
14,01k63d023x23xcjfejgfp8m01r,Bouba,Ndiaye,Bouba Ndiaye,Male,France,Episod,https://athxgames.com/storage/profile-photos/6UXxOG1zubH2DKVOPZKynsSSsGgVf8SM4ei8KuJD.jpg,ATHX MARSEILLE 2026,France 🇫🇷,2026,Male,ATHX,Overall,,,23 (430KG),35 (4.8KM),28 (11:31),,,,86
15,01k6qn6m3237r3gxsh7kdm4zzr,Nathan,Saint-Jalmes,Nathan Saint-Jalmes,Male,France,CrossFit Le Mans,https://ui-avatars.com/api/?name=N+S&color=FFFFFF&background=000000,ATHX MARSEILLE 2026,France 🇫🇷,2026,Male,ATHX,Overall,,,18 (438KG),33 (4.827KM),36 (11:48),,,,87
16,01ka6mz26qabytdxqxstb2a9s3,Thony,Messon,Thony Messon,Male,France,Fit Quinze,https://ui-avatars.com/api/?name=T+M&color=FFFFFF&background=000000,ATHX MARSEILLE 2026,France 🇫🇷,2026,Male,ATHX,Overall,,,22 (431KG),41 (4.783KM),29 (11:37),,,,92
17,01kcvatzt78jyf7nqcw6qd0zz9,Jeremy,Brimaud,Jeremy Brimaud,Male,,,https://ui-avatars.com/api/?name=J+B&color=FFFFFF&background=000000,ATHX MARSEILLE 2026,France 🇫🇷,2026,Male,ATHX,Overall,,,52 (390KG),22 (4.895KM),19 (11:05),,,,93
18,01kq5jba20s89rn70f29r9h4kw,Paweł,Olszewski,Paweł Olszewski,Male,Poland,,https://ui-avatars.com/api/?name=P+O&color=FFFFFF&background=000000,ATHX MARSEILLE 2026,France 🇫🇷,2026,Male,ATHX,Overall,,,45 (408KG),32 (4.83KM),18 (11:03),,,,95
19,01ke9dex86p85bq76dvwqsajsb,Gouland,Mike,Gouland Mike,Male,,,https://ui-avatars.com/api/?name=G+M&color=FFFFFF&background=000000,ATHX MARSEILLE 2026,France 🇫🇷,2026,Male,ATHX,Overall,,,23 (430KG),49 (4.68KM),26 (11:25),,,,98
20,01ke4x4fycte2rb0q8af12fj02,Nelson,Noumbissi,Nelson Noumbissi,Male,,,https://ui-avatars.com/api/?name=N+N&color=FFFFFF&background=000000,ATHX MARSEILLE 2026,France 🇫🇷,2026,Male,ATHX,Overall,,,69 (370KG),10 (5.073KM),22 (11:20),,,,101
21,01kce89mr3pfk1saqk0g44bqyf,Davy,Machado de Carvalho,Davy Machado de Carvalho,Male,France,La Fonderie,https://athxgames.com/storage/profile-photos/YMsxph1QrR40vVsh9AneyFxOnp8kBSXiIiEHzXMz.jpg,ATHX MARSEILLE 2026,France 🇫🇷,2026,Male,ATHX,Overall,,,15 (447KG),58 (4.593KM),30 (11:39),,,,103
22,01kqjcc2m136207at8zrfsd7jk,Maréchal,Kevin,Maréchal Kevin,Male,France,Crossfit drakon,https://ui-avatars.com/api/?name=M+K&color=FFFFFF&background=000000,ATHX MARSEILLE 2026,France 🇫🇷,2026,Male,ATHX,Overall,,,48 (405KG),19 (4.92KM),41 (12:06),,,,108
23,01km03n849egefgbpqcd86wcpy,David,Nasset,David Nasset,Male,,,https://ui-avatars.com/api/?name=D+N&color=FFFFFF&background=000000,ATHX MARSEILLE 2026,France 🇫🇷,2026,Male,ATHX,Overall,,,79 (360KG),7 (5.135KM),24 (11:21),,,,110
24,01k9z6s6ej5r8my8pphwtrjvb0,Sami,Atek,Sami Atek,Male,Algeria,,https://ui-avatars.com/api/?name=S+A&color=FFFFFF&background=000000,ATHX MARSEILLE 2026,France 🇫🇷,2026,Male,ATHX,Overall,,,23 (430KG),67 (4.547KM),27 (11:28),,,,117
25,01kdxhcjzjy9gpeefbb0snr8tr,Maxime,Krantz,Maxime Krantz,Male,,,https://ui-avatars.com/api/?name=M+K&color=FFFFFF&background=000000,ATHX MARSEILLE 2026,France 🇫🇷,2026,Male,ATHX,Overall,,,103 (330KG),5 (5.261KM),10 (10:23),,,,118
25,01kpwj7shmyxwk328z07wfpt1k,Ludovic,Ndungu,Ludovic Ndungu,Male,,,https://ui-avatars.com/api/?name=L+N&color=FFFFFF&background=000000,ATHX MARSEILLE 2026,France 🇫🇷,2026,Male,ATHX,Overall,,,47 (407KG),24 (4.879KM),47 (12:22),,,,118
27,01ksb4dnswqfwr710361p2c7vp,Hugo,Da Fresta,Hugo Da Fresta,Male,,,https://ui-avatars.com/api/?name=H+D+F&color=FFFFFF&background=000000,ATHX MARSEILLE 2026,France 🇫🇷,2026,Male,ATHX,Overall,,,35 (423KG),23 (4.888KM),63 (12:54),,,,121
28,01kbttswzxyhbf4dx5e4ptpypy,Paolo,Mary,Paolo Mary,Male,,,https://ui-avatars.com/api/?name=P+M&color=FFFFFF&background=000000,ATHX MARSEILLE 2026,France 🇫🇷,2026,Male,ATHX,Overall,,,62 (377KG),43 (4.761KM),25 (11:22),,,,130
28,01kv3r5pmkvdeqg3gcvkbpfsfc,aurelien,mouyabi,aurelien mouyabi,Male,,,https://ui-avatars.com/api/?name=a+m&color=FFFFFF&background=000000,ATHX MARSEILLE 2026,France 🇫🇷,2026,Male,ATHX,Overall,,,8 (465KG),65 (4.554KM),57 (12:40),,,,130
30,01kqfktfyt37mc5b9qgpkpcrv8,Max,Carouge,Max Carouge,Male,,,https://ui-avatars.com/api/?name=M+C&color=FFFFFF&background=000000,ATHX MARSEILLE 2026,France 🇫🇷,2026,Male,ATHX,Overall,,,33 (425KG),92 (4.402KM),7 (10:05),,,,132
31,01kgcppmraae31vyecne32bw3d,Alexis,Fabre,Alexis Fabre,Male,,,https://ui-avatars.com/api/?name=A+F&color=FFFFFF&background=000000,ATHX MARSEILLE 2026,France 🇫🇷,2026,Male,ATHX,Overall,,,115 (315KG),17 (4.959KM),3 (09:41),,,,135
31,01kmg4vqjdfsyq6y7xbjxha70y,Lucas,Zietek,Lucas Zietek,Male,,,https://ui-avatars.com/api/?name=L+Z&color=FFFFFF&background=000000,ATHX MARSEILLE 2026,France 🇫🇷,2026,Male,ATHX,Overall,,,20 (434KG),40 (4.786KM),75 (13:39),,,,135
33,01kk9zmgavn5ejthtxq1mr1dnd,Wacey,Connor,Wacey Connor,Male,United States,Life Time,https://ui-avatars.com/api/?name=W+C&color=FFFFFF&background=000000,ATHX MARSEILLE 2026,France 🇫🇷,2026,Male,ATHX,Overall,,,39 (415KG),44 (4.758KM),53 (12:32),,,,136
33,01kwvjj887v5y3v7x5nsh4rb5e,Joss,Goode,Joss Goode,Male,United Kingdom,Joss,https://ui-avatars.com/api/?name=J+G&color=FFFFFF&background=000000,ATHX MARSEILLE 2026,France 🇫🇷,2026,Male,ATHX,Overall,,,73 (365KG),20 (4.906KM),43 (12:09),,,,136
35,01kq7vpm7v4aatny03nb2tvx7c,Esteban,Pastre,Esteban Pastre,Male,,,https://ui-avatars.com/api/?name=E+P&color=FFFFFF&background=000000,ATHX MARSEILLE 2026,France 🇫🇷,2026,Male,ATHX,Overall,,,36 (420KG),46 (4.694KM),55 (12:39),,,,137
36,01kbtt6net1whxtetbg8tdfkdk,Loic,Braibanti,Loic Braibanti,Male,France,,https://ui-avatars.com/api/?name=L+B&color=FFFFFF&background=000000,ATHX MARSEILLE 2026,France 🇫🇷,2026,Male,ATHX,Overall,,,23 (430KG),56 (4.606KM),59 (12:44),,,,138
37,01kqhkabgvqd3efmrpwj7f6bn1,Johan,Sebbah,Johan Sebbah,Male,,,https://ui-avatars.com/api/?name=J+S&color=FFFFFF&background=000000,ATHX MARSEILLE 2026,France 🇫🇷,2026,Male,ATHX,Overall,,,86 (350KG),9 (5.079KM),45 (12:17),,,,140
38,01kjzvppeg1w99x18gde5mvhg8,Hugo,Carmona,Hugo Carmona,Male,,,https://ui-avatars.com/api/?name=H+C&color=FFFFFF&background=000000,ATHX MARSEILLE 2026,France 🇫🇷,2026,Male,ATHX,Overall,,,44 (409KG),59 (4.586KM),41 (12:06),,,,144
38,01ks2qhnx8kws18ab3j16mh64s,Julien,Reverte,Julien Reverte,Male,,,https://ui-avatars.com/api/?name=J+R&color=FFFFFF&background=000000,ATHX MARSEILLE 2026,France 🇫🇷,2026,Male,ATHX,Overall,,,31 (429KG),91 (4.406KM),22 (11:20),,,,144
40,01krbdg94xspzvqaezfdq6gq4k,Rémy,Dejonckheere,Rémy Dejonckheere,Male,France,La Fournaise CrossFit,https://ui-avatars.com/api/?name=R+D&color=FFFFFF&background=000000,ATHX MARSEILLE 2026,France 🇫🇷,2026,Male,ATHX,Overall,,,6 (473KG),108 (4.292KM),31 (11:40),,,,145
41,01kz9pbr51h7rhc41ev671x1fp,Samuel,Wieser,Samuel Wieser,Male,,,https://ui-avatars.com/api/?name=S+W&color=FFFFFF&background=000000,ATHX MARSEILLE 2026,France 🇫🇷,2026,Male,ATHX,Overall,,,73 (365KG),28 (4.856KM),46 (12:19),,,,147
42,01kqh76y7bkjc39a9gf89p0taa,Christophe,Da silva,Christophe Da silva,Male,,,https://ui-avatars.com/api/?name=C+D+s&color=FFFFFF&background=000000,ATHX MARSEILLE 2026,France 🇫🇷,2026,Male,ATHX,Overall,,,97 (335KG),34 (4.812KM),20 (11:10),,,,151
43,01kjsmbjkw1nb3dyf9zc7y479p,Nicolas,BONTE,Nicolas BONTE,Male,,,https://ui-avatars.com/api/?name=N+B&color=FFFFFF&background=000000,ATHX MARSEILLE 2026,France 🇫🇷,2026,Male,ATHX,Overall,,,66 (373KG),53 (4.647KM),35 (11:47),,,,154
44,01khb7878zd6yy03cvvmc0metj,Nicolas,Litampha,Nicolas Litampha,Male,France,,https://ui-avatars.com/api/?name=N+L&color=FFFFFF&background=000000,ATHX MARSEILLE 2026,France 🇫🇷,2026,Male,ATHX,Overall,,,90 (345KG),14 (4.971KM),52 (12:30),,,,156
44,01keakw30z3jjy31gv0h3968tq,Romain,Roten,Romain Roten,Male,Switzerland,,https://ui-avatars.com/api/?name=R+R&color=FFFFFF&background=000000,ATHX MARSEILLE 2026,France 🇫🇷,2026,Male,ATHX,Overall,,,92 (343KG),26 (4.867KM),38 (11:57),,,,156
46,01krpjns4tfmj0f1w6d3zaxq37,Franck,KIDA,Franck KIDA,Male,,,https://ui-avatars.com/api/?name=F+K&color=FFFFFF&background=000000,ATHX MARSEILLE 2026,France 🇫🇷,2026,Male,ATHX,Overall,,,66 (373KG),55 (4.612KM),37 (11:49),,,,158
47,01k8h6abb8stwdw6vw11tad71h,Valentin,Genest,Valentin Genest,Male,,,https://ui-avatars.com/api/?name=V+G&color=FFFFFF&background=000000,ATHX MARSEILLE 2026,France 🇫🇷,2026,Male,ATHX,Overall,,,78 (361KG),57 (4.596KM),32 (11:41),,,,167
48,01knpw8h50p1rhaxyfmqfztync,Adel,Saighi,Adel Saighi,Male,,,https://ui-avatars.com/api/?name=A+S&color=FFFFFF&background=000000,ATHX MARSEILLE 2026,France 🇫🇷,2026,Male,ATHX,Overall,,,16 (445KG),37 (4.799KM),123 (16:47),,,,176
49,01kr4n4bj6cn9jxqrxeejdnkx7,Benhadid,Sofiane,Benhadid Sofiane,Male,,,https://ui-avatars.com/api/?name=B+S&color=FFFFFF&background=000000,ATHX MARSEILLE 2026,France 🇫🇷,2026,Male,ATHX,Overall,,,57 (385KG),31 (4.834KM),89 (14:15),,,,177
50,01kj4yywmssdnznn2w5z9p57br,Lénaïc,Roulleau,Lénaïc Roulleau,Male,,,https://ui-avatars.com/api/?name=L+R&color=FFFFFF&background=000000,ATHX MARSEILLE 2026,France 🇫🇷,2026,Male,ATHX,Overall,,,112 (320KG),61 (4.574KM),5 (09:53),,,,178
50,01kea789dz7tceek8wmzvega2k,Florian,Laurencé,Florian Laurencé,Male,France,Premium training center,https://ui-avatars.com/api/?name=F+L&color=FFFFFF&background=000000,ATHX MARSEILLE 2026,France 🇫🇷,2026,Male,ATHX,Overall,,,17 (444KG),123 (4.122KM),38 (11:57),,,,178
52,01kewdmg8qdq3n1rsbymg000r7,Mathieu,Chaux,Mathieu Chaux,Male,,,https://ui-avatars.com/api/?name=M+C&color=FFFFFF&background=000000,ATHX MARSEILLE 2026,France 🇫🇷,2026,Male,ATHX,Overall,,,145 (245KG),2 (5.444KM),32 (11:41),,,,179
53,01kd3hgg5wqmhvn3mmpanyy05y,Vincent,Cabanel,Vincent Cabanel,Male,France,CrossFit Original Addicts,https://athxgames.com/storage/profile-photos/jdO0pOp54mE4RFGe79Q7420W7es9MvuaiZQSC3Ah.jpg,ATHX MARSEILLE 2026,France 🇫🇷,2026,Male,ATHX,Overall,,,52 (390KG),69 (4.539KM),58 (12:42),,,,179
54,01kzp1dn8qe88j8g0fdqrm1zb7,Clarence,Cabarrus,Clarence Cabarrus,Male,France,Fitness Park,https://ui-avatars.com/api/?name=C+C&color=FFFFFF&background=000000,ATHX MARSEILLE 2026,France 🇫🇷,2026,Male,ATHX,Overall,,,147 (228KG),3 (5.34KM),32 (11:41),,,,182
55,01ks2h9k56gffrcs0vsmb4830d,Pierre-Yves,CEREL,Pierre-Yves CEREL,Male,France,,https://athxgames.com/storage/profile-photos/miPO0iZQHWdBHICClIW3yK8SEDYPZbIDwtMMEpAw.jpg,ATHX MARSEILLE 2026,France 🇫🇷,2026,Male,ATHX,Overall,,,32 (428KG),70 (4.537KM),81 (13:54),,,,183
56,01knq86cadp57vnydbjwtayax3,Mervan,Boukacem,Mervan Boukacem,Male,France,Crossfit le chaudron,https://ui-avatars.com/api/?name=M+B&color=FFFFFF&background=000000,ATHX MARSEILLE 2026,France 🇫🇷,2026,Male,ATHX,Overall,,,86 (350KG),35 (4.8KM),64 (13:02),,,,185
57,01krye4wxhv3m48z549exx7ba6,kenzo,cavallaro,kenzo cavallaro,Male,,,https://ui-avatars.com/api/?name=k+c&color=FFFFFF&background=000000,ATHX MARSEILLE 2026,France 🇫🇷,2026,Male,ATHX,Overall,,,11 (455KG),105 (4.323KM),76 (13:42),,,,192
58,01kn4zsqp0bhvegeh0tj2yd05c,Anthony,Ratajezak,Anthony Ratajezak,Male,France,Next-CrossFit Les Angles,https://ui-avatars.com/api/?name=A+R&color=FFFFFF&background=000000,ATHX MARSEILLE 2026,France 🇫🇷,2026,Male,ATHX,Overall,,,45 (408KG),81 (4.511KM),67 (13:15),,,,193
59,01kksetfhjjjpf2rztqxwjtn6j,Adrien,Cano,Adrien Cano,Male,,,https://ui-avatars.com/api/?name=A+C&color=FFFFFF&background=000000,ATHX MARSEILLE 2026,France 🇫🇷,2026,Male,ATHX,Overall,,,57 (385KG),47 (4.688KM),90 (14:16),,,,194
60,01kgcynd4wx7j9897bebq0w0k1,Raphaël,Perez,Raphaël Perez,Male,,,https://ui-avatars.com/api/?name=R+P&color=FFFFFF&background=000000,ATHX MARSEILLE 2026,France 🇫🇷,2026,Male,ATHX,Overall,,,107 (328KG),45 (4.696KM),47 (12:22),,,,199
61,01jhtneezz90ed1fawgbwy87cd,Ola,Sogbanmu,Ola Sogbanmu,Male,,,https://ui-avatars.com/api/?name=O+S&color=FFFFFF&background=000000,ATHX MARSEILLE 2026,France 🇫🇷,2026,Male,ATHX,Overall,,,52 (390KG),94 (4.399KM),55 (12:39),,,,201
62,01kbx5dxn3ej6zpah5akvsybs3,Bouabdallah,Tadjeur,Bouabdallah Tadjeur,Male,,,https://ui-avatars.com/api/?name=B+T&color=FFFFFF&background=000000,ATHX MARSEILLE 2026,France 🇫🇷,2026,Male,ATHX,Overall,,,34 (424KG),97 (4.377KM),71 (13:24),,,,202
63,01kkpjkatt9mxpkh1g5wxpsjtq,Nicolas,Borges martins,Nicolas Borges martins,Male,,,https://ui-avatars.com/api/?name=N+B+m&color=FFFFFF&background=000000,ATHX MARSEILLE 2026,France 🇫🇷,2026,Male,ATHX,Overall,,,94 (340KG),42 (4.775KM),67 (13:15),,,,203
64,01kjctz9jcgep6psxyd09pv8zj,Jeremy,Veyssiere,Jeremy Veyssiere,Male,,,https://ui-avatars.com/api/?name=J+V&color=FFFFFF&background=000000,ATHX MARSEILLE 2026,France 🇫🇷,2026,Male,ATHX,Overall,,,120 (310KG),73 (4.519KM),14 (10:34),,,,207
65,01kfk1xry8tnn5pkhrh9d10nwz,Benjamin,Guizerix,Benjamin Guizerix,Male,,,https://ui-avatars.com/api/?name=B+G&color=FFFFFF&background=000000,ATHX MARSEILLE 2026,France 🇫🇷,2026,Male,ATHX,Overall,,,140 (265KG),18 (4.93KM),50 (12:26),,,,208
66,01kdmg004jtc6rcept8ew66dta,Anthony,Ramon,Anthony Ramon,Male,,,https://ui-avatars.com/api/?name=A+R&color=FFFFFF&background=000000,ATHX MARSEILLE 2026,France 🇫🇷,2026,Male,ATHX,Overall,,,51 (395KG),80 (4.512KM),79 (13:50),,,,210
67,01m07zzrmyt5s6nfa9rrw0s64d,Sébastien,Devaux,Sébastien Devaux,Male,France,SEB,https://ui-avatars.com/api/?name=S+D&color=FFFFFF&background=000000,ATHX MARSEILLE 2026,France 🇫🇷,2026,Male,ATHX,Overall,,,63 (375KG),84 (4.49KM),65 (13:11),,,,212
68,01kxwbbdyc7n335ydp839dz0z5,Marlon,Woods,Marlon Woods,Male,,,https://ui-avatars.com/api/?name=M+W&color=FFFFFF&background=000000,ATHX MARSEILLE 2026,France 🇫🇷,2026,Male,ATHX,Overall,,,23 (430KG),99 (4.362KM),94 (14:28),,,,216
68,01knsw1tw3b55mtrckvy91ahna,Hedhili,Ben cherifa,Hedhili Ben cherifa,Male,,,https://ui-avatars.com/api/?name=H+B+c&color=FFFFFF&background=000000,ATHX MARSEILLE 2026,France 🇫🇷,2026,Male,ATHX,Overall,,,83 (355KG),48 (4.687KM),85 (14:06),,,,216
70,01kmqj28nrrfb6kzda0akcft3f,Jorge Luis,Lara garibo,Jorge Luis Lara garibo,Male,,,https://ui-avatars.com/api/?name=J+L+L+g&color=FFFFFF&background=000000,ATHX MARSEILLE 2026,France 🇫🇷,2026,Male,ATHX,Overall,,,8 (465KG),140 (3.776KM),70 (13:22),,,,218
71,01kdbd6v2ws8gcvsyz1zbw1tj5,Anthony,Alsters,Anthony Alsters,Male,,,https://athxgames.com/storage/profile-photos/WsF1m0UEG5YRreC0rQ37lYtpzUFrDvHHRpC5q89v.jpg,ATHX MARSEILLE 2026,France 🇫🇷,2026,Male,ATHX,Overall,,,133 (290KG),27 (4.86KM),60 (12:47),,,,220
71,01kh9ssmxrrhg6833g7ymjb5ve,Anselmo,Nunes,Anselmo Nunes,Male,Portugal,Armazém 395,https://athxgames.com/storage/profile-photos/2xozIVGtn8b7DHuI64CUBjRqucoaVSsutxxkuYnG.jpg,ATHX MARSEILLE 2026,France 🇫🇷,2026,Male,ATHX,Overall,,,59 (384KG),95 (4.39KM),66 (13:14),,,,220
73,01kgs3ywqpp49wc8f77cpk78sn,Charles,FIGARO,Charles FIGARO,Male,,,https://ui-avatars.com/api/?name=C+F&color=FFFFFF&background=000000,ATHX MARSEILLE 2026,France 🇫🇷,2026,Male,ATHX,Overall,,,7 (470KG),118 (4.187KM),96 (14:35),,,,221
74,01krhgqsndebzeq98s0vcmd3rs,Yohann,DJERAHIAN,Yohann DJERAHIAN,Male,,,https://ui-avatars.com/api/?name=Y+D&color=FFFFFF&background=000000,ATHX MARSEILLE 2026,France 🇫🇷,2026,Male,ATHX,Overall,,,82 (357KG),78 (4.514KM),62 (12:53),,,,222
75,01kmaad338r1t1b4nmmha4cnbc,Dimitri,Nita,Dimitri Nita,Male,France,Crossfit Sainte Consorce,https://ui-avatars.com/api/?name=D+N&color=FFFFFF&background=000000,ATHX MARSEILLE 2026,France 🇫🇷,2026,Male,ATHX,Overall,,,118 (313KG),66 (4.553KM),40 (11:59),,,,224
76,01kh04rqcsc7sn2wf1z7kav7b8,Eric,Moore,Eric Moore,Male,,,https://ui-avatars.com/api/?name=E+M&color=FFFFFF&background=000000,ATHX MARSEILLE 2026,France 🇫🇷,2026,Male,ATHX,Overall,,,39 (415KG),89 (4.412KM),97 (14:47),,,,225
77,01ks3cdytkjk6vec38zjagr4hs,Heemano-Arii,CHONG HUE,Heemano-Arii CHONG HUE,Male,,,https://ui-avatars.com/api/?name=H+C+H&color=FFFFFF&background=000000,ATHX MARSEILLE 2026,France 🇫🇷,2026,Male,ATHX,Overall,,,81 (358KG),62 (4.57KM),83 (13:58),,,,226
77,01khgnx7d3mk3txwqghte7z4v9,Abderahmane,Afouani,Abderahmane Afouani,Male,,,https://ui-avatars.com/api/?name=A+A&color=FFFFFF&background=000000,ATHX MARSEILLE 2026,France 🇫🇷,2026,Male,ATHX,Overall,,,21 (433KG),113 (4.243KM),92 (14:25),,,,226
79,01kym881j1z8x4znr7n4755spw,David,Pachot,David Pachot,Male,,CrossFit Cathare,https://ui-avatars.com/api/?name=D+P&color=FFFFFF&background=000000,ATHX MARSEILLE 2026,France 🇫🇷,2026,Male,ATHX,Overall,,,109 (325KG),98 (4.372KM),21 (11:15),,,,228
80,01kdxr8hsdjkahp6t7wd9ydp13,Landry,Agbagni,Landry Agbagni,Male,,,https://ui-avatars.com/api/?name=L+A&color=FFFFFF&background=000000,ATHX MARSEILLE 2026,France 🇫🇷,2026,Male,ATHX,Overall,,,43 (412KG),116 (4.217KM),71 (13:24),,,,230
81,01kcyya1fgzjc4610vqwd41409,Lucas,Cutuli Bezerra,Lucas Cutuli Bezerra,Male,Italy,,https://athxgames.com/storage/profile-photos/8mBdKf4NtjRWuFe2nl3lFGHckQGuOcMiYhtioR3f.jpg,ATHX MARSEILLE 2026,France 🇫🇷,2026,Male,ATHX,Overall,,,101 (333KG),51 (4.672KM),87 (14:09),,,,239
82,01kq6t3ca0mj39w4rjc4z1h94f,Norbert,Perez,Norbert Perez,Male,France,,https://ui-avatars.com/api/?name=N+P&color=FFFFFF&background=000000,ATHX MARSEILLE 2026,France 🇫🇷,2026,Male,ATHX,Overall,,,72 (368KG),93 (4.401KM),76 (13:42),,,,241
82,01kdgpy3kkknv6896zqzq2vtyx,Arnaud,Bousquet,Arnaud Bousquet,Male,,,https://ui-avatars.com/api/?name=A+B&color=FFFFFF&background=000000,ATHX MARSEILLE 2026,France 🇫🇷,2026,Male,ATHX,Overall,,,73 (365KG),77 (4.515KM),91 (14:21),,,,241
84,01kpfwxh2pp1acrwdtm46z4095,Gwenvaël,Bonnot,Gwenvaël Bonnot,Male,France,Bonnot Gwenvaël,https://ui-avatars.com/api/?name=G+B&color=FFFFFF&background=000000,ATHX MARSEILLE 2026,France 🇫🇷,2026,Male,ATHX,Overall,,,61 (382KG),71 (4.521KM),111 (15:48),,,,243
85,01kdx6dzn5693df2x67d82hhbz,Tristan,Vidal,Tristan Vidal,Male,,,https://ui-avatars.com/api/?name=T+V&color=FFFFFF&background=000000,ATHX MARSEILLE 2026,France 🇫🇷,2026,Male,ATHX,Overall,,,79 (360KG),111 (4.252KM),54 (12:33),,,,244
85,01ky6y4q57djyct3w9kbc446gb,Jean,Petitdemange,Jean Petitdemange,Male,,,https://ui-avatars.com/api/?name=J+P&color=FFFFFF&background=000000,ATHX MARSEILLE 2026,France 🇫🇷,2026,Male,ATHX,Overall,,,149 (225KG),21 (4.9KM),74 (13:30),,,,244
85,01kpnzkjwkm6h53d96h51qs12k,Julien,Simon,Julien Simon,Male,,,https://ui-avatars.com/api/?name=J+S&color=FFFFFF&background=000000,ATHX MARSEILLE 2026,France 🇫🇷,2026,Male,ATHX,Overall,,,108 (327KG),75 (4.517KM),61 (12:52),,,,244
88,01k8dgbp3c6j1pjp51jwbfav9s,Théo,Guizerix,Théo Guizerix,Male,,,https://ui-avatars.com/api/?name=T+G&color=FFFFFF&background=000000,ATHX MARSEILLE 2026,France 🇫🇷,2026,Male,ATHX,Overall,,,103 (330KG),67 (4.547KM),78 (13:44),,,,248
88,01kh14c3bxv44w6vjfk87tke3e,Mikael,Potier,Mikael Potier,Male,,,https://ui-avatars.com/api/?name=M+P&color=FFFFFF&background=000000,ATHX MARSEILLE 2026,France 🇫🇷,2026,Male,ATHX,Overall,,,127 (300KG),72 (4.52KM),49 (12:25),,,,248
90,01kegyf5d83z3yxf8kyt4br8fb,Cédric,Martinez,Cédric Martinez,Male,,,https://ui-avatars.com/api/?name=C+M&color=FFFFFF&background=000000,ATHX MARSEILLE 2026,France 🇫🇷,2026,Male,ATHX,Overall,,,94 (340KG),76 (4.516KM),81 (13:54),,,,251
91,01kdrebzrc44amqs6v9d0xcbm0,ASCHIERI,GREGOIRE,ASCHIERI GREGOIRE,Male,France,,https://ui-avatars.com/api/?name=A+G&color=FFFFFF&background=000000,ATHX MARSEILLE 2026,France 🇫🇷,2026,Male,ATHX,Overall,,,135 (281KG),50 (4.677KM),67 (13:15),,,,252
92,01ke2p5p6t448j3sy7kkmny3j2,tino,saecker,tino saecker,Male,,,https://ui-avatars.com/api/?name=t+s&color=FFFFFF&background=000000,ATHX MARSEILLE 2026,France 🇫🇷,2026,Male,ATHX,Overall,,,138 (270KG),54 (4.643KM),73 (13:28),,,,265
93,01kgwkdxj7ytt3fn5c242hcpv0,Moynier,Xavier,Moynier Xavier,Male,,,https://ui-avatars.com/api/?name=M+X&color=FFFFFF&background=000000,ATHX MARSEILLE 2026,France 🇫🇷,2026,Male,ATHX,Overall,,,1 (520KG),151 (3.565KM),115 (16:07),,,,267
94,01kf5qngh2s02ahrvcxbdfkxe8,Brian,Tourvieille,Brian Tourvieille,Male,,,https://ui-avatars.com/api/?name=B+T&color=FFFFFF&background=000000,ATHX MARSEILLE 2026,France 🇫🇷,2026,Male,ATHX,Overall,,,39 (415KG),128 (3.997KM),100 (14:58),,,,267
94,01kph4f7r6zht73c522mv1ev5b,David,Allan,David Allan,Male,United Kingdom,,https://ui-avatars.com/api/?name=D+A&color=FFFFFF&background=000000,ATHX MARSEILLE 2026,France 🇫🇷,2026,Male,ATHX,Overall,,,63 (375KG),87 (4.449KM),117 (16:14),,,,267
96,01k8tfrfk8j3vwdy6vss3hh5t0,Laurent,Tu,Laurent Tu,Male,France,,https://ui-avatars.com/api/?name=L+T&color=FFFFFF&background=000000,ATHX MARSEILLE 2026,France 🇫🇷,2026,Male,ATHX,Overall,,,68 (371KG),60 (4.578KM),141 (19:56),,,,269
97,01kqfm9jty7q86hfwcq6jdhca2,Galy,Adrien,Galy Adrien,Male,,,https://ui-avatars.com/api/?name=G+A&color=FFFFFF&background=000000,ATHX MARSEILLE 2026,France 🇫🇷,2026,Male,ATHX,Overall,,,103 (330KG),63 (4.567KM),105 (15:03),,,,271
98,01kbja2k96rmphcxgfw9bjwykt,Adrien,Farvacques,Adrien Farvacques,Male,,,https://ui-avatars.com/api/?name=A+F&color=FFFFFF&background=000000,ATHX MARSEILLE 2026,France 🇫🇷,2026,Male,ATHX,Overall,,,86 (350KG),101 (4.348KM),88 (14:13),,,,275
99,01kbqq230w9naxsxdvvbnqa7m4,Alexandre,Tortochot,Alexandre Tortochot,Male,,,https://ui-avatars.com/api/?name=A+T&color=FFFFFF&background=000000,ATHX MARSEILLE 2026,France 🇫🇷,2026,Male,ATHX,Overall,,,136 (279KG),39 (4.787KM),101 (15:01),,,,276
100,01kh437916q7mjybzpfw5qtetb,Samuel,Faria,Samuel Faria,Male,,,https://ui-avatars.com/api/?name=S+F&color=FFFFFF&background=000000,ATHX MARSEILLE 2026,France 🇫🇷,2026,Male,ATHX,Overall,,,60 (383KG),90 (4.408KM),127 (17:02),,,,277
101,01kpvj2vxm8xv20w6nj1hjer8c,Thomas,Iafrate,Thomas Iafrate,Male,,,https://ui-avatars.com/api/?name=T+I&color=FFFFFF&background=000000,ATHX MARSEILLE 2026,France 🇫🇷,2026,Male,ATHX,Overall,,,56 (387KG),127 (3.998KM),99 (14:55),,,,282
102,01kevkb6scxxs8taj8xf5ep8vy,Cyril,Clément,Cyril Clément,Male,,,https://ui-avatars.com/api/?name=C+C&color=FFFFFF&background=000000,ATHX MARSEILLE 2026,France 🇫🇷,2026,Male,ATHX,Overall,,,109 (325KG),85 (4.465KM),93 (14:26),,,,287
103,01kntxrfxah0kacexdjsswsvb7,Samuel,Besson,Samuel Besson,Male,France,,https://ui-avatars.com/api/?name=S+B&color=FFFFFF&background=000000,ATHX MARSEILLE 2026,France 🇫🇷,2026,Male,ATHX,Overall,,,50 (398KG),131 (3.923KM),108 (15:31),,,,289
103,01kse1t4z8gkrcxm2t98sqb8m3,Bilal,Harrous,Bilal Harrous,Male,,,https://ui-avatars.com/api/?name=B+H&color=FFFFFF&background=000000,ATHX MARSEILLE 2026,France 🇫🇷,2026,Male,ATHX,Overall,,,83 (355KG),88 (4.428KM),118 (16:22),,,,289
103,01kptvvz055qm8xexwb5e89y41,Hugo,Dhinaut,Hugo Dhinaut,Male,,,https://ui-avatars.com/api/?name=H+D&color=FFFFFF&background=000000,ATHX MARSEILLE 2026,France 🇫🇷,2026,Male,ATHX,Overall,,,146 (230KG),15 (4.969KM),128 (17:03),,,,289
106,01kq9amc7d25t6wcefe5rfc8c2,Clotaire,Darmalingon,Clotaire Darmalingon,Male,,,https://athxgames.com/storage/profile-photos/50db6k1ZXYBcrT4yvHdQmvA5EwbDJgZuuqcMUV4J.png,ATHX MARSEILLE 2026,France 🇫🇷,2026,Male,ATHX,Overall,,,4 (480KG),154 (3.385KM),135 (18:13),,,,293
107,01kew6779n0ybpf312qw6b7w93,Anthony,Roux,Anthony Roux,Male,France,,https://ui-avatars.com/api/?name=A+R&color=FFFFFF&background=000000,ATHX MARSEILLE 2026,France 🇫🇷,2026,Male,ATHX,Overall,,,92 (343KG),119 (4.181KM),85 (14:06),,,,296
108,01kkg5gdzt5kbq83c3r6b1yeb3,Vincent,Bodnar,Vincent Bodnar,Male,,,https://ui-avatars.com/api/?name=V+B&color=FFFFFF&background=000000,ATHX MARSEILLE 2026,France 🇫🇷,2026,Male,ATHX,Overall,,,123 (305KG),82 (4.51KM),98 (14:49),,,,303
109,01m2gsvhf2jxnv5n9thjxdyc02,Joris,Debernardi,Joris Debernardi,Male,,,https://ui-avatars.com/api/?name=J+D&color=FFFFFF&background=000000,ATHX MARSEILLE 2026,France 🇫🇷,2026,Male,ATHX,Overall,,,69 (370KG),110 (4.255KM),126 (16:51),,,,305
109,01kqfmkx7dh95rap1hx11z035w,Paul,Carriere,Paul Carriere,Male,,,https://ui-avatars.com/api/?name=P+C&color=FFFFFF&background=000000,ATHX MARSEILLE 2026,France 🇫🇷,2026,Male,ATHX,Overall,,,112 (320KG),73 (4.519KM),120 (16:28),,,,305
111,01kh3g2jtqb2rey6enw8fmy2yq,Alexandre,Descoings,Alexandre Descoings,Male,,,https://ui-avatars.com/api/?name=A+D&color=FFFFFF&background=000000,ATHX MARSEILLE 2026,France 🇫🇷,2026,Male,ATHX,Overall,,,94 (340KG),102 (4.34KM),110 (15:44),,,,306
112,01k9zh79kds4xrgwaf36a68w07,Thibaut,Thellier,Thibaut Thellier,Male,France,CrossFit Giants,https://athxgames.com/storage/profile-photos/UT3O9c0QmNcicsaOKWPUOXK9zOgtxZyHViLYrVfg.jpg,ATHX MARSEILLE 2026,France 🇫🇷,2026,Male,ATHX,Overall,,,118 (313KG),96 (4.382KM),95 (14:29),,,,309
112,01kfnsazmvh021qhf708xc7jb8,Yohan,Brami,Yohan Brami,Male,,,https://ui-avatars.com/api/?name=Y+B&color=FFFFFF&background=000000,ATHX MARSEILLE 2026,France 🇫🇷,2026,Male,ATHX,Overall,,,97 (335KG),109 (4.264KM),103 (15:02),,,,309
114,01kqhx6tgvpw8fdk872m8kb7vz,Alex,Fehlmann,Alex Fehlmann,Male,,,https://ui-avatars.com/api/?name=A+F&color=FFFFFF&background=000000,ATHX MARSEILLE 2026,France 🇫🇷,2026,Male,ATHX,Overall,,,101 (333KG),107 (4.294KM),103 (15:02),,,,311
115,01kcwwpf4jbqv8cs51jd442fmy,Léopold,Manguette,Léopold Manguette,Male,,,https://ui-avatars.com/api/?name=L+M&color=FFFFFF&background=000000,ATHX MARSEILLE 2026,France 🇫🇷,2026,Male,ATHX,Overall,,,132 (291KG),100 (4.359KM),80 (13:51),,,,312
116,01k8e9msd5aarfma5bkag13ekm,Lee,Griffiths,Lee Griffiths,Male,United Kingdom,Exertion Fitness,https://ui-avatars.com/api/?name=L+G&color=FFFFFF&background=000000,ATHX MARSEILLE 2026,France 🇫🇷,2026,Male,ATHX,Overall,,,23 (430KG),156 (3.31KM),140 (19:13),,,,319
117,01jhwx63hwy84zk28tcdvvya5w,Samuel,Akroum,Samuel Akroum,Male,,,https://ui-avatars.com/api/?name=S+A&color=FFFFFF&background=000000,ATHX MARSEILLE 2026,France 🇫🇷,2026,Male,ATHX,Overall,,,112 (320KG),79 (4.513KM),129 (17:12),,,,320
118,01kn55wqmd448xyzq6nq075p4s,Jean david,Thevenet,Jean david Thevenet,Male,,,https://ui-avatars.com/api/?name=J+d+T&color=FFFFFF&background=000000,ATHX MARSEILLE 2026,France 🇫🇷,2026,Male,ATHX,Overall,,,125 (304KG),112 (4.251KM),84 (14:05),,,,321
118,01km60nds8v5gr7zt12bcaxqgq,Jean-Yves,Stermane,Jean-Yves Stermane,Male,,,https://ui-avatars.com/api/?name=J+S&color=FFFFFF&background=000000,ATHX MARSEILLE 2026,France 🇫🇷,2026,Male,ATHX,Overall,,,23 (430KG),150 (3.624KM),148 (22:06),,,,321
120,01kc50pr9cvkghjq255s00btx0,Kevin,Lovera,Kevin Lovera,Male,,,https://ui-avatars.com/api/?name=K+L&color=FFFFFF&background=000000,ATHX MARSEILLE 2026,France 🇫🇷,2026,Male,ATHX,Overall,,,97 (335KG),104 (4.33KM),121 (16:31),,,,322
120,01knt0abjgk35hscvgp4w8s69w,SOUYRIS,Mathieu,SOUYRIS Mathieu,Male,,,https://ui-avatars.com/api/?name=S+M&color=FFFFFF&background=000000,ATHX MARSEILLE 2026,France 🇫🇷,2026,Male,ATHX,Overall,,,106 (329KG),115 (4.218KM),101 (15:01),,,,322
122,01kg9hdnhzjbmkm9me53nzsgxz,Marius,Figura,Marius Figura,Male,Germany,,https://ui-avatars.com/api/?name=M+F&color=FFFFFF&background=000000,ATHX MARSEILLE 2026,France 🇫🇷,2026,Male,ATHX,Overall,,,122 (307KG),64 (4.564KM),137 (18:25),,,,323
123,01km70bnhmn166afjpbc6dchng,John,Lokenyo,John Lokenyo,Male,France,John Coffey,https://ui-avatars.com/api/?name=J+L&color=FFFFFF&background=000000,ATHX MARSEILLE 2026,France 🇫🇷,2026,Male,ATHX,Overall,,,52 (390KG),133 (3.894KM),141 (19:56),,,,326
124,01knfhmab2f1xaj0qkjb6ptzkh,Daniel,Nguyen,Daniel Nguyen,Male,,,https://ui-avatars.com/api/?name=D+N&color=FFFFFF&background=000000,ATHX MARSEILLE 2026,France 🇫🇷,2026,Male,ATHX,Overall,,,49 (403KG),146 (3.736KM),134 (17:58),,,,329
125,01k658b4cb62k3j2v6gr0gg4zw,Mabwongo,Nathanael,Mabwongo Nathanael,Male,,,https://ui-avatars.com/api/?name=M+N&color=FFFFFF&background=000000,ATHX MARSEILLE 2026,France 🇫🇷,2026,Male,ATHX,Overall,,,36 (420KG),153 (3.516KM),145 (21:14),,,,334
126,01kbr16sfh8kqcejayxrz0ytm5,Kamel,Amroune,Kamel Amroune,Male,,,https://ui-avatars.com/api/?name=K+A&color=FFFFFF&background=000000,ATHX MARSEILLE 2026,France 🇫🇷,2026,Male,ATHX,Overall,,,73 (365KG),132 (3.913KM),131 (17:24),,,,336
127,01kp646aspfsr06n8mpjhmfm01,Guillaume,SCHWEBIG,Guillaume SCHWEBIG,Male,France,,https://ui-avatars.com/api/?name=G+S&color=FFFFFF&background=000000,ATHX MARSEILLE 2026,France 🇫🇷,2026,Male,ATHX,Overall,,,109 (325KG),117 (4.189KM),114 (16:04),,,,340
128,01kjssq2x45gr1vfw9ptkv7030,Guilhem,Bazile,Guilhem Bazile,Male,,,https://ui-avatars.com/api/?name=G+B&color=FFFFFF&background=000000,ATHX MARSEILLE 2026,France 🇫🇷,2026,Male,ATHX,Overall,,,115 (315KG),121 (4.161KM),107 (15:24),,,,343
129,01kmr0fs5hvc5baaz2kywq803y,Adrian,de Guzman,Adrian de Guzman,Male,Austria,,https://ui-avatars.com/api/?name=A+d+G&color=FFFFFF&background=000000,ATHX MARSEILLE 2026,France 🇫🇷,2026,Male,ATHX,Overall,,,83 (355KG),125 (4.006KM),136 (18:18),,,,344
130,01kdazja9ntst057rrpgyn4m62,Mauriane,Boceno,Mauriane Boceno,Male,,,https://ui-avatars.com/api/?name=M+B&color=FFFFFF&background=000000,ATHX MARSEILLE 2026,France 🇫🇷,2026,Male,ATHX,Overall,,,128 (299KG),86 (4.459KM),138 (18:35),,,,352
131,01ksgc3c2wckvx9hmp6v5fk3w4,Romain,Marquis,Romain Marquis,Male,France,,https://athxgames.com/storage/profile-photos/g0fPDHjW5TFLlIaQzfqdvFbvdZeCnz9MjhaVNNdr.jpg,ATHX MARSEILLE 2026,France 🇫🇷,2026,Male,ATHX,Overall,,,97 (335KG),126 (3.999KM),133 (17:55),,,,356
132,01kepp3fk6m11dd560cen6h89k,Al Daril,John,Al Daril John,Male,,,https://ui-avatars.com/api/?name=A+D+J&color=FFFFFF&background=000000,ATHX MARSEILLE 2026,France 🇫🇷,2026,Male,ATHX,Overall,,,129 (298KG),106 (4.302KM),122 (16:42),,,,357
133,01k9m74h0h7xbae513v46nts9q,Nathaniel,Stuard,Nathaniel Stuard,Male,,,https://ui-avatars.com/api/?name=N+S&color=FFFFFF&background=000000,ATHX MARSEILLE 2026,France 🇫🇷,2026,Male,ATHX,Overall,,,90 (345KG),143 (3.765KM),125 (16:50),,,,358
134,01kqct77fqy8gctk1n5jcnr3a7,Dimitri,Monin,Dimitri Monin,Male,France,,https://ui-avatars.com/api/?name=D+M&color=FFFFFF&background=000000,ATHX MARSEILLE 2026,France 🇫🇷,2026,Male,ATHX,Overall,,,130 (293KG),124 (4.117KM),106 (15:05),,,,360
135,01kr38067q04kmjmxh0v6a3vzm,Grégory,Pauleau,Grégory Pauleau,Male,,,https://ui-avatars.com/api/?name=G+P&color=FFFFFF&background=000000,ATHX MARSEILLE 2026,France 🇫🇷,2026,Male,ATHX,Overall,,,115 (315KG),135 (3.836KM),111 (15:48),,,,361
135,01kh1apv96byetfp84jkqcpd8p,Javier,Dafonte,Javier Dafonte,Male,,,https://ui-avatars.com/api/?name=J+D&color=FFFFFF&background=000000,ATHX MARSEILLE 2026,France 🇫🇷,2026,Male,ATHX,Overall,,,142 (263KG),103 (4.333KM),116 (16:12),,,,361
137,01kk6cnywq0py1heasphyx4sqq,Pascal,Aubert,Pascal Aubert,Male,France,Coaching Zone,https://ui-avatars.com/api/?name=P+A&color=FFFFFF&background=000000,ATHX MARSEILLE 2026,France 🇫🇷,2026,Male,ATHX,Overall,,,134 (283KG),120 (4.17KM),113 (15:54),,,,367
138,01kgjf1ngkfr6nsvpew06xaeb5,THOMAS,DI MAYO,THOMAS DI MAYO,Male,,,https://ui-avatars.com/api/?name=T+D+M&color=FFFFFF&background=000000,ATHX MARSEILLE 2026,France 🇫🇷,2026,Male,ATHX,Overall,,,123 (305KG),122 (4.155KM),124 (16:48),,,,369
139,01kf8kcys1hsr13vsw5bve0eqq,Vincent,Pruvost,Vincent Pruvost,Male,,,https://ui-avatars.com/api/?name=V+P&color=FFFFFF&background=000000,ATHX MARSEILLE 2026,France 🇫🇷,2026,Male,ATHX,Overall,,,73 (365KG),152 (3.522KM),146 (21:30),,,,371
140,01kxdqj51rm1k78ndm23fbyrgb,Emmanuel,Deleau,Emmanuel Deleau,Male,,,https://ui-avatars.com/api/?name=E+D&color=FFFFFF&background=000000,ATHX MARSEILLE 2026,France 🇫🇷,2026,Male,ATHX,Overall,,,142 (263KG),129 (3.956KM),109 (15:40),,,,380
140,01kp45c5d8fdhs99zc8mhnfhwj,Olivier,Chouquet,Olivier Chouquet,Male,,,https://ui-avatars.com/api/?name=O+C&color=FFFFFF&background=000000,ATHX MARSEILLE 2026,France 🇫🇷,2026,Male,ATHX,Overall,,,89 (348KG),142 (3.771KM),149 (22:16),,,,380
142,01kmtmkyd6jt75716k80qkt9rj,Mayank,Garg,Mayank Garg,Male,,,https://ui-avatars.com/api/?name=M+G&color=FFFFFF&background=000000,ATHX MARSEILLE 2026,France 🇫🇷,2026,Male,ATHX,Overall,,,137 (275KG),141 (3.772KM),119 (16:23),,,,397
143,01kjccfe6ppprv966qy48h2qy0,Jacques,Spinazzola,Jacques Spinazzola,Male,,,https://ui-avatars.com/api/?name=J+S&color=FFFFFF&background=000000,ATHX MARSEILLE 2026,France 🇫🇷,2026,Male,ATHX,Overall,,,120 (310KG),144 (3.761KM),139 (18:43),,,,403
144,01kefepq351pwye6vy20kdpg7r,Patrick,DREANO,Patrick DREANO,Male,France,Crossfit Cannes,https://ui-avatars.com/api/?name=P+D&color=FFFFFF&background=000000,ATHX MARSEILLE 2026,France 🇫🇷,2026,Male,ATHX,Overall,,,138 (270KG),137 (3.794KM),130 (17:16),,,,405
145,01kbq9ph6rgxc74hfk5m2g4xt9,Pernot,Julien,Pernot Julien,Male,,,https://ui-avatars.com/api/?name=P+J&color=FFFFFF&background=000000,ATHX MARSEILLE 2026,France 🇫🇷,2026,Male,ATHX,Overall,,,125 (304KG),149 (3.657KM),132 (17:37),,,,406
146,01kf34k82s2zgqjd0t7v8t1p9v,Frederic,Bedeil,Frederic Bedeil,Male,France,,https://ui-avatars.com/api/?name=F+B&color=FFFFFF&background=000000,ATHX MARSEILLE 2026,France 🇫🇷,2026,Male,ATHX,Overall,,,151 (220KG),114 (4.242KM),144 (20:48),,,,409
147,01knyps5aeg165z7t3x962j31g,Clement,Kunprom,Clement Kunprom,Male,France,,https://ui-avatars.com/api/?name=C+K&color=FFFFFF&background=000000,ATHX MARSEILLE 2026,France 🇫🇷,2026,Male,ATHX,Overall,,,144 (250KG),136 (3.824KM),147 (21:46),,,,427
148,01kdbj6r5axp1fx8k01zbbfb9n,William,Lecable,William Lecable,Male,,,https://ui-avatars.com/api/?name=W+L&color=FFFFFF&background=000000,ATHX MARSEILLE 2026,France 🇫🇷,2026,Male,ATHX,Overall,,,151 (220KG),134 (3.872KM),152 (24:34),,,,437
149,01kgsykfcq5d1my331q7srnmrb,Lahoucine,Enassiri,Lahoucine Enassiri,Male,,,https://ui-avatars.com/api/?name=L+E&color=FFFFFF&background=000000,ATHX MARSEILLE 2026,France 🇫🇷,2026,Male,ATHX,Overall,,,140 (265KG),155 (3.336KM),143 (20:45),,,,438
149,01kq31tp0dr449eyn19vd1ks00,Kevin,Sengsay,Kevin Sengsay,Male,France,,https://ui-avatars.com/api/?name=K+S&color=FFFFFF&background=000000,ATHX MARSEILLE 2026,France 🇫🇷,2026,Male,ATHX,Overall,,,148 (226KG),139 (3.779KM),151 (24:21),,,,438
151,01kk3cbgnva16nqd2f2w38e546,Yanisse,Kemel,Yanisse Kemel,Male,,,https://ui-avatars.com/api/?name=Y+K&color=FFFFFF&background=000000,ATHX MARSEILLE 2026,France 🇫🇷,2026,Male,ATHX,Overall,,,153 (215KG),130 (3.94KM),157 (25:45),,,,440
152,01khh72wdwj8p7b3epg681zcm4,Noel,Jourdan,Noel Jourdan,Male,,,https://ui-avatars.com/api/?name=N+J&color=FFFFFF&background=000000,ATHX MARSEILLE 2026,France 🇫🇷,2026,Male,ATHX,Overall,,,130 (293KG),157 (3.307KM),156 (25:32),,,,443
153,01kgj2k5d3vkpvqja7t872tq4b,Jean,MONTES,Jean MONTES,Male,,,https://ui-avatars.com/api/?name=J+M&color=FFFFFF&background=000000,ATHX MARSEILLE 2026,France 🇫🇷,2026,Male,ATHX,Overall,,,149 (225KG),148 (3.701KM),150 (24:11),,,,447
154,01m0jgkk8429488w2g8gg6nqmr,Gatien,Hubert,Gatien Hubert,Male,France,,https://ui-avatars.com/api/?name=G+H&color=FFFFFF&background=000000,ATHX MARSEILLE 2026,France 🇫🇷,2026,Male,ATHX,Overall,,,156 (126KG),138 (3.788KM),154 (25:10),,,,448
155,01ke49e4g87wy7r78s831s6kvb,David,Rat,David Rat,Male,,,https://ui-avatars.com/api/?name=D+R&color=FFFFFF&background=000000,ATHX MARSEILLE 2026,France 🇫🇷,2026,Male,ATHX,Overall,,,154 (190KG),145 (3.76KM),153 (25:03),,,,452
156,01m2nfp4dbr6ebg3esjw54f6p5,Hassan ,Miller ,Hassan  Miller ,Male,,,https://ui-avatars.com/api/?name=H++M&color=FFFFFF&background=000000,ATHX MARSEILLE 2026,France 🇫🇷,2026,Male,ATHX,Overall,,,155 (145KG),147 (3.703KM),155 (25:28),,,,457
1,01kee9q3g315e0kz6d2tzx8x0f,Kamila,Bogucka Żołędziewska,Kamila Bogucka Żołędziewska,Female,Poland,Manticore,https://ui-avatars.com/api/?name=K+B+%C5%BB&color=FFFFFF&background=000000,ATHX MARSEILLE 2026,France 🇫🇷,2026,Female,ATHX Pro,Overall,,,2 (302KG),2 (4.624KM),1 (11:09),,,,5
2,01ky0ff7nvhp5qc0hr35my23n5,Manon,Cueto,Manon Cueto,Female,,,https://ui-avatars.com/api/?name=M+C&color=FFFFFF&background=000000,ATHX MARSEILLE 2026,France 🇫🇷,2026,Female,ATHX Pro,Overall,,,6 (239KG),1 (5.063KM),2 (12:08),,,,9
3,01kqb1gekvr0x8fwxft8hrt6jq,Olivia,Gaeremynck,Olivia Gaeremynck,Female,,,https://ui-avatars.com/api/?name=O+G&color=FFFFFF&background=000000,ATHX MARSEILLE 2026,France 🇫🇷,2026,Female,ATHX Pro,Overall,,,4 (272KG),4 (4.493KM),3 (13:26),,,,11
4,01kbhpzqyw0m9p9ka8kwz34jwp,marion,dubois,marion dubois,Female,,,https://ui-avatars.com/api/?name=m+d&color=FFFFFF&background=000000,ATHX MARSEILLE 2026,France 🇫🇷,2026,Female,ATHX Pro,Overall,,,3 (273KG),5 (4.161KM),6 (16:38),,,,14
5,01kdpte8cqxmf9xyryr0csb9nv,OLGA,KARTOEV,OLGA KARTOEV,Female,,,https://ui-avatars.com/api/?name=O+K&color=FFFFFF&background=000000,ATHX MARSEILLE 2026,France 🇫🇷,2026,Female,ATHX Pro,Overall,,,1 (316KG),7 (3.369KM),7 (17:31),,,,15
6,01kegwwn0krd8c7svb51j5sf98,Diana Eve,Tahere,Diana Eve Tahere,Female,,,https://ui-avatars.com/api/?name=D+E+T&color=FFFFFF&background=000000,ATHX MARSEILLE 2026,France 🇫🇷,2026,Female,ATHX Pro,Overall,,,7 (210KG),3 (4.584KM),5 (16:33),,,,15
7,01k71r934w7ttsh61ghfvjt6tv,Julie,Rose,Julie Rose,Female,France,Flag,https://ui-avatars.com/api/?name=J+R&color=FFFFFF&background=000000,ATHX MARSEILLE 2026,France 🇫🇷,2026,Female,ATHX Pro,Overall,,,5 (244KG),6 (4.016KM),8 (18:07),,,,19
