rank,team_name,event,country,year,division,event_category,workout_filter,Strength,Endurance,MetCon X,1RM Strict Press,3RM Back Squat,5RM Deadlift,Run,Row,Points
1,Rosa Magnani & Federica Moscatelli,ATHX COPENHAGEN 2026,Denmark 🇩🇰,2026,Female,ATHX Lite,MetCon X,,,13:46,,,,,,1
2,Nicole Malanowicz & Isabel Fugmann,ATHX COPENHAGEN 2026,Denmark 🇩🇰,2026,Female,ATHX Lite,MetCon X,,,15:05,,,,,,2
3,Mette Schneefeldt & Gine Nielsen,ATHX COPENHAGEN 2026,Denmark 🇩🇰,2026,Female,ATHX Lite,MetCon X,,,15:15,,,,,,3
4,Maja Pedersen & Rie Hansen,ATHX COPENHAGEN 2026,Denmark 🇩🇰,2026,Female,ATHX Lite,MetCon X,,,16:55,,,,,,4
5,Andreza Coelho de Jesus & Josefine Gylden,ATHX COPENHAGEN 2026,Denmark 🇩🇰,2026,Female,ATHX Lite,MetCon X,,,19:15,,,,,,5
6,Hanna Draxl & Lisa Kogler,ATHX COPENHAGEN 2026,Denmark 🇩🇰,2026,Female,ATHX Lite,MetCon X,,,19:39,,,,,,6
7,Cristina Mora & Meghan Higgins,ATHX COPENHAGEN 2026,Denmark 🇩🇰,2026,Female,ATHX Lite,MetCon X,,,19:59,,,,,,7
8,Anne-Marie Friborg & Annine Holmegaard,ATHX COPENHAGEN 2026,Denmark 🇩🇰,2026,Female,ATHX Lite,MetCon X,,,20:55,,,,,,8
9,Victoria vicfullwood@gmail.com & Louise Kateley,ATHX COPENHAGEN 2026,Denmark 🇩🇰,2026,Female,ATHX Lite,MetCon X,,,21:10,,,,,,9
10,Emina Kösger & Sultan Atalay,ATHX COPENHAGEN 2026,Denmark 🇩🇰,2026,Female,ATHX Lite,MetCon X,,,21:15,,,,,,10
11,Elsa Morandat & Bossba Benghongsiela,ATHX COPENHAGEN 2026,Denmark 🇩🇰,2026,Female,ATHX Lite,MetCon X,,,21:40,,,,,,11
12,Jette Dall Andersen & Iben Andersen,ATHX COPENHAGEN 2026,Denmark 🇩🇰,2026,Female,ATHX Lite,MetCon X,,,24:36,,,,,,12
1,Anna Nissen & Line Christiansen,ATHX COPENHAGEN 2026,Denmark 🇩🇰,2026,Female,ATHX Pro,MetCon X,,,14:20,,,,,,1
2,Alberte Martensson & Emma Mårtensson,ATHX COPENHAGEN 2026,Denmark 🇩🇰,2026,Female,ATHX Pro,MetCon X,,,15:02,,,,,,2
3,Sofie Høj & Milla Leander,ATHX COPENHAGEN 2026,Denmark 🇩🇰,2026,Female,ATHX Pro,MetCon X,,,15:29,,,,,,3
4,Mia Furu & Frederikke Mollerup,ATHX COPENHAGEN 2026,Denmark 🇩🇰,2026,Female,ATHX Pro,MetCon X,,,15:46,,,,,,4
5,Pernille Brogaard Pedersen & Camilla Brogaard,ATHX COPENHAGEN 2026,Denmark 🇩🇰,2026,Female,ATHX Pro,MetCon X,,,15:59,,,,,,5
6,Nicole Ciecierska & Sabrine Barakji,ATHX COPENHAGEN 2026,Denmark 🇩🇰,2026,Female,ATHX Pro,MetCon X,,,16:33,,,,,,6
7,Freja Froberg & Katrine Thirup Jørgensen,ATHX COPENHAGEN 2026,Denmark 🇩🇰,2026,Female,ATHX Pro,MetCon X,,,16:35,,,,,,7
8,Kajsa Sundqvist & Sara Hovrevik,ATHX COPENHAGEN 2026,Denmark 🇩🇰,2026,Female,ATHX Pro,MetCon X,,,16:51,,,,,,8
9,Anne Katrine Kiilgaard & Signe Harbo,ATHX COPENHAGEN 2026,Denmark 🇩🇰,2026,Female,ATHX Pro,MetCon X,,,16:54,,,,,,9
10,Line Jensen & Anna Møller,ATHX COPENHAGEN 2026,Denmark 🇩🇰,2026,Female,ATHX Pro,MetCon X,,,18:07,,,,,,10
11,Camila De la peña & Agustina Contreras,ATHX COPENHAGEN 2026,Denmark 🇩🇰,2026,Female,ATHX Pro,MetCon X,,,18:19,,,,,,11
12,Laura Scharff & Freja Lehmann Jensen,ATHX COPENHAGEN 2026,Denmark 🇩🇰,2026,Female,ATHX Pro,MetCon X,,,18:35,,,,,,12
13,Signe Helen Rogne & Kine Karlsen,ATHX COPENHAGEN 2026,Denmark 🇩🇰,2026,Female,ATHX Pro,MetCon X,,,19:24,,,,,,13
14,Klara Fuhrmann & Rebecca Rüdiger,ATHX COPENHAGEN 2026,Denmark 🇩🇰,2026,Female,ATHX Pro,MetCon X,,,19:52,,,,,,14
15,Kristina Johansson & Ria Tapner robinson,ATHX COPENHAGEN 2026,Denmark 🇩🇰,2026,Female,ATHX Pro,MetCon X,,,20:51,,,,,,15
1,Anna Nissen & Line Christiansen,ATHX COPENHAGEN 2026,Denmark 🇩🇰,2026,Female,ATHX Pro,Strength,,,,105KG,230KG,281KG,,,1
2,Sofie Høj & Milla Leander,ATHX COPENHAGEN 2026,Denmark 🇩🇰,2026,Female,ATHX Pro,Strength,,,,98KG,235KG,275KG,,,2
3,Alberte Martensson & Emma Mårtensson,ATHX COPENHAGEN 2026,Denmark 🇩🇰,2026,Female,ATHX Pro,Strength,,,,101KG,218KG,280KG,,,3
4,Pernille Brogaard Pedersen & Camilla Brogaard,ATHX COPENHAGEN 2026,Denmark 🇩🇰,2026,Female,ATHX Pro,Strength,,,,100KG,222KG,260KG,,,4
5,Kajsa Sundqvist & Sara Hovrevik,ATHX COPENHAGEN 2026,Denmark 🇩🇰,2026,Female,ATHX Pro,Strength,,,,101KG,212KG,252KG,,,5
6,Mia Furu & Frederikke Mollerup,ATHX COPENHAGEN 2026,Denmark 🇩🇰,2026,Female,ATHX Pro,Strength,,,,104KG,214KG,245KG,,,6
7,Freja Froberg & Katrine Thirup Jørgensen,ATHX COPENHAGEN 2026,Denmark 🇩🇰,2026,Female,ATHX Pro,Strength,,,,89KG,199KG,248KG,,,7
8,Nicole Ciecierska & Sabrine Barakji,ATHX COPENHAGEN 2026,Denmark 🇩🇰,2026,Female,ATHX Pro,Strength,,,,105KG,195KG,235KG,,,8
9,Signe Helen Rogne & Kine Karlsen,ATHX COPENHAGEN 2026,Denmark 🇩🇰,2026,Female,ATHX Pro,Strength,,,,83KG,202KG,220KG,,,9
10,Laura Scharff & Freja Lehmann Jensen,ATHX COPENHAGEN 2026,Denmark 🇩🇰,2026,Female,ATHX Pro,Strength,,,,79KG,190KG,235KG,,,10
11,Kristina Johansson & Ria Tapner robinson,ATHX COPENHAGEN 2026,Denmark 🇩🇰,2026,Female,ATHX Pro,Strength,,,,88KG,192KG,220KG,,,11
12,Anne Katrine Kiilgaard & Signe Harbo,ATHX COPENHAGEN 2026,Denmark 🇩🇰,2026,Female,ATHX Pro,Strength,,,,82KG,166KG,210KG,,,12
13,Line Jensen & Anna Møller,ATHX COPENHAGEN 2026,Denmark 🇩🇰,2026,Female,ATHX Pro,Strength,,,,80KG,160KG,215KG,,,13
14,Klara Fuhrmann & Rebecca Rüdiger,ATHX COPENHAGEN 2026,Denmark 🇩🇰,2026,Female,ATHX Pro,Strength,,,,82KG,158KG,205KG,,,14
15,Camila De la peña & Agustina Contreras,ATHX COPENHAGEN 2026,Denmark 🇩🇰,2026,Female,ATHX Pro,Strength,,,,78KG,159KG,181KG,,,15
1,Finn-Birger Henningsen & Suravit Rutz,ATHX COPENHAGEN 2026,Denmark 🇩🇰,2026,Male,ATHX Lite,Overall,2 (560KG),1 (8.532KM),1 (13:07),,,,,,4
2,Christian Leth-Madsen & Poul Leth Lorentsen,ATHX COPENHAGEN 2026,Denmark 🇩🇰,2026,Male,ATHX Lite,Overall,1 (860KG),2 (8.029KM),2 (13:19),,,,,,5
3,Sam Hanson & charlie hanson,ATHX COPENHAGEN 2026,Denmark 🇩🇰,2026,Male,ATHX Lite,Overall,3 (425KG),3 (7.933KM),4 (15:19),,,,,,10
1,Finn-Birger Henningsen & Suravit Rutz,ATHX COPENHAGEN 2026,Denmark 🇩🇰,2026,Male,ATHX Lite,Endurance,,,,,,,3.272KM,5.26KM,1
2,Christian Leth-Madsen & Poul Leth Lorentsen,ATHX COPENHAGEN 2026,Denmark 🇩🇰,2026,Male,ATHX Lite,Endurance,,,,,,,2.561KM,5.468KM,2
3,Sam Hanson & charlie hanson,ATHX COPENHAGEN 2026,Denmark 🇩🇰,2026,Male,ATHX Lite,Endurance,,,,,,,3.286KM,4.647KM,3
1,Peter Mortensen & Linda Petersen,ATHX COPENHAGEN 2026,Denmark 🇩🇰,2026,Mixed,ATHX Lite,Overall,3 (527KG),4 (8.316KM),1 (11:52),,,,,,8
2,Elio Daniele & Sandra Lind Thorsteinsdóttir,ATHX COPENHAGEN 2026,Denmark 🇩🇰,2026,Mixed,ATHX Lite,Overall,4 (508KG),1 (8.557KM),4 (13:59),,,,,,9
3,Josephine Asperup & Malthe Kring,ATHX COPENHAGEN 2026,Denmark 🇩🇰,2026,Mixed,ATHX Lite,Overall,1 (628KG),6 (7.969KM),3 (13:43),,,,,,10
4,Michelle Bøgelund & Nicolaj Kjerstein Overgaard,ATHX COPENHAGEN 2026,Denmark 🇩🇰,2026,Mixed,ATHX Lite,Overall,5 (507KG),2 (8.546KM),5 (14:40),,,,,,12
5,Benedikt Grimm & Aylin Gün,ATHX COPENHAGEN 2026,Denmark 🇩🇰,2026,Mixed,ATHX Lite,Overall,6 (473KG),5 (8.286KM),2 (12:09),,,,,,13
6,Joseph Turton & Phoebe Turton,ATHX COPENHAGEN 2026,Denmark 🇩🇰,2026,Mixed,ATHX Lite,Overall,2 (543KG),7 (7.959KM),8 (16:44),,,,,,17
7,Oskar Aurell & Marie Aurell,ATHX COPENHAGEN 2026,Denmark 🇩🇰,2026,Mixed,ATHX Lite,Overall,8 (380KG),3 (8.375KM),6 (16:24),,,,,,17
8,Evgeny Karev & Elena Kareva,ATHX COPENHAGEN 2026,Denmark 🇩🇰,2026,Mixed,ATHX Lite,Overall,7 (388KG),8 (7.904KM),7 (16:32),,,,,,22
9,Annabelle Searle & Rob Fullwood,ATHX COPENHAGEN 2026,Denmark 🇩🇰,2026,Mixed,ATHX Lite,Overall,9 (243KG),9 (5.661KM),9 (25:12),,,,,,27
1,Elio Daniele & Sandra Lind Thorsteinsdóttir,ATHX COPENHAGEN 2026,Denmark 🇩🇰,2026,Mixed,ATHX Lite,Endurance,,,,,,,3.791KM,4.766KM,1
2,Michelle Bøgelund & Nicolaj Kjerstein Overgaard,ATHX COPENHAGEN 2026,Denmark 🇩🇰,2026,Mixed,ATHX Lite,Endurance,,,,,,,3.478KM,5.068KM,2
3,Oskar Aurell & Marie Aurell,ATHX COPENHAGEN 2026,Denmark 🇩🇰,2026,Mixed,ATHX Lite,Endurance,,,,,,,3.5KM,4.875KM,3
4,Peter Mortensen & Linda Petersen,ATHX COPENHAGEN 2026,Denmark 🇩🇰,2026,Mixed,ATHX Lite,Endurance,,,,,,,3KM,5.316KM,4
5,Benedikt Grimm & Aylin Gün,ATHX COPENHAGEN 2026,Denmark 🇩🇰,2026,Mixed,ATHX Lite,Endurance,,,,,,,3.548KM,4.738KM,5
6,Josephine Asperup & Malthe Kring,ATHX COPENHAGEN 2026,Denmark 🇩🇰,2026,Mixed,ATHX Lite,Endurance,,,,,,,3.377KM,4.592KM,6
7,Joseph Turton & Phoebe Turton,ATHX COPENHAGEN 2026,Denmark 🇩🇰,2026,Mixed,ATHX Lite,Endurance,,,,,,,3.151KM,4.808KM,7
8,Evgeny Karev & Elena Kareva,ATHX COPENHAGEN 2026,Denmark 🇩🇰,2026,Mixed,ATHX Lite,Endurance,,,,,,,3.2KM,4.704KM,8
9,Annabelle Searle & Rob Fullwood,ATHX COPENHAGEN 2026,Denmark 🇩🇰,2026,Mixed,ATHX Lite,Endurance,,,,,,,2.5KM,3.161KM,9
1,Rosa Magnani & Federica Moscatelli,ATHX COPENHAGEN 2026,Denmark 🇩🇰,2026,Female,ATHX Lite,Overall,1 (482KG),3 (7.934KM),1 (13:46),,,,,,5
2,Nicole Malanowicz & Isabel Fugmann,ATHX COPENHAGEN 2026,Denmark 🇩🇰,2026,Female,ATHX Lite,Overall,4 (410KG),1 (8.219KM),2 (15:05),,,,,,7
3,Maja Pedersen & Rie Hansen,ATHX COPENHAGEN 2026,Denmark 🇩🇰,2026,Female,ATHX Lite,Overall,2 (439KG),2 (7.945KM),4 (16:55),,,,,,8
4,Mette Schneefeldt & Gine Nielsen,ATHX COPENHAGEN 2026,Denmark 🇩🇰,2026,Female,ATHX Lite,Overall,3 (435KG),6 (7.176KM),3 (15:15),,,,,,12
5,Andreza Coelho de Jesus & Josefine Gylden,ATHX COPENHAGEN 2026,Denmark 🇩🇰,2026,Female,ATHX Lite,Overall,6 (344KG),8 (7.031KM),5 (19:15),,,,,,19
6,Cristina Mora & Meghan Higgins,ATHX COPENHAGEN 2026,Denmark 🇩🇰,2026,Female,ATHX Lite,Overall,9 (283KG),4 (7.84KM),7 (19:59),,,,,,20
7,Anne-Marie Friborg & Annine Holmegaard,ATHX COPENHAGEN 2026,Denmark 🇩🇰,2026,Female,ATHX Lite,Overall,8 (284KG),5 (7.273KM),8 (20:55),,,,,,21
8,Hanna Draxl & Lisa Kogler,ATHX COPENHAGEN 2026,Denmark 🇩🇰,2026,Female,ATHX Lite,Overall,7 (298KG),9 (6.719KM),6 (19:39),,,,,,22
9,Jette Dall Andersen & Iben Andersen,ATHX COPENHAGEN 2026,Denmark 🇩🇰,2026,Female,ATHX Lite,Overall,5 (367KG),11 (6.389KM),12 (24:36),,,,,,28
10,Elsa Morandat & Bossba Benghongsiela,ATHX COPENHAGEN 2026,Denmark 🇩🇰,2026,Female,ATHX Lite,Overall,12 (242KG),7 (7.103KM),11 (21:40),,,,,,30
11,Emina Kösger & Sultan Atalay,ATHX COPENHAGEN 2026,Denmark 🇩🇰,2026,Female,ATHX Lite,Overall,11 (250KG),10 (6.509KM),10 (21:15),,,,,,31
11,Victoria vicfullwood@gmail.com & Louise Kateley,ATHX COPENHAGEN 2026,Denmark 🇩🇰,2026,Female,ATHX Lite,Overall,10 (258KG),12 (6.245KM),9 (21:10),,,,,,31
1,Christian Leth-Madsen & Poul Leth Lorentsen,ATHX COPENHAGEN 2026,Denmark 🇩🇰,2026,Male,ATHX Lite,Strength,,,,195KG,335KG,330KG,,,1
2,Finn-Birger Henningsen & Suravit Rutz,ATHX COPENHAGEN 2026,Denmark 🇩🇰,2026,Male,ATHX Lite,Strength,,,,120KG,200KG,240KG,,,2
3,Sam Hanson & charlie hanson,ATHX COPENHAGEN 2026,Denmark 🇩🇰,2026,Male,ATHX Lite,Strength,,,,110KG,125KG,190KG,,,3
1,Carl Erik  Gustaf Karlsson  & Hugo Jansson,ATHX COPENHAGEN 2026,Denmark 🇩🇰,2026,Male,ATHX Pro,Overall,2 (955KG),2 (10.608KM),3 (14:01),,,,,,7
2,Klaus Uggerhøj & Julian Kragh-Maschvitsz,ATHX COPENHAGEN 2026,Denmark 🇩🇰,2026,Male,ATHX Pro,Overall,1 (1022KG),5 (10.421KM),2 (13:55),,,,,,8
2,Sam Morris & Bevan Jay,ATHX COPENHAGEN 2026,Denmark 🇩🇰,2026,Male,ATHX Pro,Overall,3 (950KG),1 (10.998KM),4 (14:09),,,,,,8
4,Lee Collins & PD Savage,ATHX COPENHAGEN 2026,Denmark 🇩🇰,2026,Male,ATHX Pro,Overall,6 (903KG),8 (9.999KM),1 (13:52),,,,,,15
5,Cristiano Silva & Pedro Pereira,ATHX COPENHAGEN 2026,Denmark 🇩🇰,2026,Male,ATHX Pro,Overall,4 (920KG),6 (10.158KM),6 (15:12),,,,,,16
6,Arkadiusz Grabowiec & Artur Busz,ATHX COPENHAGEN 2026,Denmark 🇩🇰,2026,Male,ATHX Pro,Overall,12 (800KG),4 (10.459KM),5 (14:35),,,,,,21
7,Morten Nørgaard Pedersen & Yakup Øzkir,ATHX COPENHAGEN 2026,Denmark 🇩🇰,2026,Male,ATHX Pro,Overall,11 (812KG),3 (10.602KM),12 (18:03),,,,,,26
7,Gustav Falholt & Jeppe Ormstrup,ATHX COPENHAGEN 2026,Denmark 🇩🇰,2026,Male,ATHX Pro,Overall,5 (913KG),13 (9.636KM),8 (15:46),,,,,,26
9,Nicolai Mainz & Patrick Nielsen,ATHX COPENHAGEN 2026,Denmark 🇩🇰,2026,Male,ATHX Pro,Overall,10 (815KG),10 (9.875KM),7 (15:33),,,,,,27
10,jason schoch & luca bienz,ATHX COPENHAGEN 2026,Denmark 🇩🇰,2026,Male,ATHX Pro,Overall,8 (843KG),12 (9.785KM),9 (15:52),,,,,,29
11,Benjamin Stender & Dan Andersen,ATHX COPENHAGEN 2026,Denmark 🇩🇰,2026,Male,ATHX Pro,Overall,13 (760KG),7 (10.079KM),10 (17:11),,,,,,30
12,Casper Mortensen & Kasper Sølvstrøm Jensen,ATHX COPENHAGEN 2026,Denmark 🇩🇰,2026,Male,ATHX Pro,Overall,7 (875KG),14 (9.261KM),11 (17:50),,,,,,32
13,Morten Thulstrup & Andreas Runge Vestergaard,ATHX COPENHAGEN 2026,Denmark 🇩🇰,2026,Male,ATHX Pro,Overall,16 (674KG),9 (9.904KM),13 (19:03),,,,,,38
14,Max Rosenthal & Cheikh Tidiane Thiam,ATHX COPENHAGEN 2026,Denmark 🇩🇰,2026,Male,ATHX Pro,Overall,9 (839KG),17 (8.687KM),16 (23:02),,,,,,42
14,Brendan OBrien & Christopher Reeves,ATHX COPENHAGEN 2026,Denmark 🇩🇰,2026,Male,ATHX Pro,Overall,17 (649KG),11 (9.837KM),14 (20:28),,,,,,42
16,Peter Schnor & Rasmus Jensen,ATHX COPENHAGEN 2026,Denmark 🇩🇰,2026,Male,ATHX Pro,Overall,14 (728KG),15 (9.143KM),15 (22:19),,,,,,44
17,Ronaldas Aliubavicius & Daniel Albarracin,ATHX COPENHAGEN 2026,Denmark 🇩🇰,2026,Male,ATHX Pro,Overall,15 (725KG),16 (9.068KM),17 (23:33),,,,,,48
1,Anna Nissen & Line Christiansen,ATHX COPENHAGEN 2026,Denmark 🇩🇰,2026,Female,ATHX Pro,Overall,1 (616KG),4 (9.569KM),1 (14:20),,,,,,6
2,Alberte Martensson & Emma Mårtensson,ATHX COPENHAGEN 2026,Denmark 🇩🇰,2026,Female,ATHX Pro,Overall,3 (599KG),1 (10.059KM),2 (15:02),,,,,,6
3,Sofie Høj & Milla Leander,ATHX COPENHAGEN 2026,Denmark 🇩🇰,2026,Female,ATHX Pro,Overall,2 (608KG),3 (9.734KM),3 (15:29),,,,,,8
4,Freja Froberg & Katrine Thirup Jørgensen,ATHX COPENHAGEN 2026,Denmark 🇩🇰,2026,Female,ATHX Pro,Overall,7 (536KG),2 (9.808KM),7 (16:35),,,,,,16
5,Mia Furu & Frederikke Mollerup,ATHX COPENHAGEN 2026,Denmark 🇩🇰,2026,Female,ATHX Pro,Overall,6 (563KG),7 (9.373KM),4 (15:46),,,,,,17
6,Pernille Brogaard Pedersen & Camilla Brogaard,ATHX COPENHAGEN 2026,Denmark 🇩🇰,2026,Female,ATHX Pro,Overall,4 (582KG),10 (9.133KM),5 (15:59),,,,,,19
7,Kajsa Sundqvist & Sara Hovrevik,ATHX COPENHAGEN 2026,Denmark 🇩🇰,2026,Female,ATHX Pro,Overall,5 (565KG),8 (9.361KM),8 (16:51),,,,,,21
8,Nicole Ciecierska & Sabrine Barakji,ATHX COPENHAGEN 2026,Denmark 🇩🇰,2026,Female,ATHX Pro,Overall,8 (535KG),11 (9.087KM),6 (16:33),,,,,,25
9,Anne Katrine Kiilgaard & Signe Harbo,ATHX COPENHAGEN 2026,Denmark 🇩🇰,2026,Female,ATHX Pro,Overall,12 (458KG),6 (9.491KM),9 (16:54),,,,,,27
10,Camila De la peña & Agustina Contreras,ATHX COPENHAGEN 2026,Denmark 🇩🇰,2026,Female,ATHX Pro,Overall,15 (418KG),5 (9.498KM),11 (18:19),,,,,,31
11,Line Jensen & Anna Møller,ATHX COPENHAGEN 2026,Denmark 🇩🇰,2026,Female,ATHX Pro,Overall,13 (455KG),9 (9.152KM),10 (18:07),,,,,,32
12,Laura Scharff & Freja Lehmann Jensen,ATHX COPENHAGEN 2026,Denmark 🇩🇰,2026,Female,ATHX Pro,Overall,10 (504KG),13 (8.759KM),12 (18:35),,,,,,35
13,Signe Helen Rogne & Kine Karlsen,ATHX COPENHAGEN 2026,Denmark 🇩🇰,2026,Female,ATHX Pro,Overall,9 (505KG),14 (8.571KM),13 (19:24),,,,,,36
14,Klara Fuhrmann & Rebecca Rüdiger,ATHX COPENHAGEN 2026,Denmark 🇩🇰,2026,Female,ATHX Pro,Overall,14 (445KG),12 (8.893KM),14 (19:52),,,,,,40
15,Kristina Johansson & Ria Tapner robinson,ATHX COPENHAGEN 2026,Denmark 🇩🇰,2026,Female,ATHX Pro,Overall,11 (500KG),15 (8.291KM),15 (20:51),,,,,,41
1,Alberte Martensson & Emma Mårtensson,ATHX COPENHAGEN 2026,Denmark 🇩🇰,2026,Female,ATHX Pro,Endurance,,,,,,,4.781KM,5.278KM,1
2,Freja Froberg & Katrine Thirup Jørgensen,ATHX COPENHAGEN 2026,Denmark 🇩🇰,2026,Female,ATHX Pro,Endurance,,,,,,,4.42KM,5.388KM,2
3,Sofie Høj & Milla Leander,ATHX COPENHAGEN 2026,Denmark 🇩🇰,2026,Female,ATHX Pro,Endurance,,,,,,,4.376KM,5.358KM,3
4,Anna Nissen & Line Christiansen,ATHX COPENHAGEN 2026,Denmark 🇩🇰,2026,Female,ATHX Pro,Endurance,,,,,,,4KM,5.569KM,4
5,Camila De la peña & Agustina Contreras,ATHX COPENHAGEN 2026,Denmark 🇩🇰,2026,Female,ATHX Pro,Endurance,,,,,,,4.589KM,4.909KM,5
6,Anne Katrine Kiilgaard & Signe Harbo,ATHX COPENHAGEN 2026,Denmark 🇩🇰,2026,Female,ATHX Pro,Endurance,,,,,,,4.163KM,5.328KM,6
7,Mia Furu & Frederikke Mollerup,ATHX COPENHAGEN 2026,Denmark 🇩🇰,2026,Female,ATHX Pro,Endurance,,,,,,,4.106KM,5.267KM,7
8,Kajsa Sundqvist & Sara Hovrevik,ATHX COPENHAGEN 2026,Denmark 🇩🇰,2026,Female,ATHX Pro,Endurance,,,,,,,4.34KM,5.021KM,8
9,Line Jensen & Anna Møller,ATHX COPENHAGEN 2026,Denmark 🇩🇰,2026,Female,ATHX Pro,Endurance,,,,,,,4KM,5.152KM,9
10,Pernille Brogaard Pedersen & Camilla Brogaard,ATHX COPENHAGEN 2026,Denmark 🇩🇰,2026,Female,ATHX Pro,Endurance,,,,,,,4KM,5.133KM,10
11,Nicole Ciecierska & Sabrine Barakji,ATHX COPENHAGEN 2026,Denmark 🇩🇰,2026,Female,ATHX Pro,Endurance,,,,,,,3.926KM,5.161KM,11
12,Klara Fuhrmann & Rebecca Rüdiger,ATHX COPENHAGEN 2026,Denmark 🇩🇰,2026,Female,ATHX Pro,Endurance,,,,,,,4KM,4.893KM,12
13,Laura Scharff & Freja Lehmann Jensen,ATHX COPENHAGEN 2026,Denmark 🇩🇰,2026,Female,ATHX Pro,Endurance,,,,,,,4.042KM,4.717KM,13
14,Signe Helen Rogne & Kine Karlsen,ATHX COPENHAGEN 2026,Denmark 🇩🇰,2026,Female,ATHX Pro,Endurance,,,,,,,3.707KM,4.864KM,14
15,Kristina Johansson & Ria Tapner robinson,ATHX COPENHAGEN 2026,Denmark 🇩🇰,2026,Female,ATHX Pro,Endurance,,,,,,,3.205KM,5.086KM,15
1,Rosa Magnani & Federica Moscatelli,ATHX COPENHAGEN 2026,Denmark 🇩🇰,2026,Female,ATHX Lite,Strength,,,,88KG,174KG,220KG,,,1
2,Maja Pedersen & Rie Hansen,ATHX COPENHAGEN 2026,Denmark 🇩🇰,2026,Female,ATHX Lite,Strength,,,,79KG,160KG,200KG,,,2
3,Mette Schneefeldt & Gine Nielsen,ATHX COPENHAGEN 2026,Denmark 🇩🇰,2026,Female,ATHX Lite,Strength,,,,81KG,155KG,199KG,,,3
4,Nicole Malanowicz & Isabel Fugmann,ATHX COPENHAGEN 2026,Denmark 🇩🇰,2026,Female,ATHX Lite,Strength,,,,65KG,150KG,195KG,,,4
5,Jette Dall Andersen & Iben Andersen,ATHX COPENHAGEN 2026,Denmark 🇩🇰,2026,Female,ATHX Lite,Strength,,,,77KG,120KG,170KG,,,5
6,Andreza Coelho de Jesus & Josefine Gylden,ATHX COPENHAGEN 2026,Denmark 🇩🇰,2026,Female,ATHX Lite,Strength,,,,61KG,117KG,166KG,,,6
7,Hanna Draxl & Lisa Kogler,ATHX COPENHAGEN 2026,Denmark 🇩🇰,2026,Female,ATHX Lite,Strength,,,,64KG,100KG,134KG,,,7
8,Anne-Marie Friborg & Annine Holmegaard,ATHX COPENHAGEN 2026,Denmark 🇩🇰,2026,Female,ATHX Lite,Strength,,,,58KG,86KG,140KG,,,8
9,Cristina Mora & Meghan Higgins,ATHX COPENHAGEN 2026,Denmark 🇩🇰,2026,Female,ATHX Lite,Strength,,,,66KG,93KG,124KG,,,9
10,Victoria vicfullwood@gmail.com & Louise Kateley,ATHX COPENHAGEN 2026,Denmark 🇩🇰,2026,Female,ATHX Lite,Strength,,,,56KG,86KG,116KG,,,10
11,Emina Kösger & Sultan Atalay,ATHX COPENHAGEN 2026,Denmark 🇩🇰,2026,Female,ATHX Lite,Strength,,,,53KG,82KG,115KG,,,11
12,Elsa Morandat & Bossba Benghongsiela,ATHX COPENHAGEN 2026,Denmark 🇩🇰,2026,Female,ATHX Lite,Strength,,,,54KG,77KG,111KG,,,12
1,Finn-Birger Henningsen & Suravit Rutz,ATHX COPENHAGEN 2026,Denmark 🇩🇰,2026,Male,ATHX Lite,MetCon X,,,13:07,,,,,,1
2,Christian Davidis & Heinz Renziehausen,ATHX COPENHAGEN 2026,Denmark 🇩🇰,2026,Male,ATHX Lite,MetCon X,,,13:19,,,,,,2
2,Christian Leth-Madsen & Poul Leth Lorentsen,ATHX COPENHAGEN 2026,Denmark 🇩🇰,2026,Male,ATHX Lite,MetCon X,,,13:19,,,,,,2
4,Sam Hanson & charlie hanson,ATHX COPENHAGEN 2026,Denmark 🇩🇰,2026,Male,ATHX Lite,MetCon X,,,15:19,,,,,,4
1,Nicole Malanowicz & Isabel Fugmann,ATHX COPENHAGEN 2026,Denmark 🇩🇰,2026,Female,ATHX Lite,Endurance,,,,,,,3.574KM,4.645KM,1
2,Maja Pedersen & Rie Hansen,ATHX COPENHAGEN 2026,Denmark 🇩🇰,2026,Female,ATHX Lite,Endurance,,,,,,,3.278KM,4.667KM,2
3,Rosa Magnani & Federica Moscatelli,ATHX COPENHAGEN 2026,Denmark 🇩🇰,2026,Female,ATHX Lite,Endurance,,,,,,,3.5KM,4.434KM,3
4,Cristina Mora & Meghan Higgins,ATHX COPENHAGEN 2026,Denmark 🇩🇰,2026,Female,ATHX Lite,Endurance,,,,,,,3.731KM,4.109KM,4
5,Anne-Marie Friborg & Annine Holmegaard,ATHX COPENHAGEN 2026,Denmark 🇩🇰,2026,Female,ATHX Lite,Endurance,,,,,,,3.057KM,4.216KM,5
6,Mette Schneefeldt & Gine Nielsen,ATHX COPENHAGEN 2026,Denmark 🇩🇰,2026,Female,ATHX Lite,Endurance,,,,,,,2.627KM,4.549KM,6
7,Elsa Morandat & Bossba Benghongsiela,ATHX COPENHAGEN 2026,Denmark 🇩🇰,2026,Female,ATHX Lite,Endurance,,,,,,,3.152KM,3.951KM,7
8,Andreza Coelho de Jesus & Josefine Gylden,ATHX COPENHAGEN 2026,Denmark 🇩🇰,2026,Female,ATHX Lite,Endurance,,,,,,,2.71KM,4.321KM,8
9,Hanna Draxl & Lisa Kogler,ATHX COPENHAGEN 2026,Denmark 🇩🇰,2026,Female,ATHX Lite,Endurance,,,,,,,3KM,3.719KM,9
10,Emina Kösger & Sultan Atalay,ATHX COPENHAGEN 2026,Denmark 🇩🇰,2026,Female,ATHX Lite,Endurance,,,,,,,2.677KM,3.832KM,10
11,Jette Dall Andersen & Iben Andersen,ATHX COPENHAGEN 2026,Denmark 🇩🇰,2026,Female,ATHX Lite,Endurance,,,,,,,2.5KM,3.889KM,11
12,Victoria vicfullwood@gmail.com & Louise Kateley,ATHX COPENHAGEN 2026,Denmark 🇩🇰,2026,Female,ATHX Lite,Endurance,,,,,,,2.582KM,3.663KM,12
1,Josephine Asperup & Malthe Kring,ATHX COPENHAGEN 2026,Denmark 🇩🇰,2026,Mixed,ATHX Lite,Strength,,,,108KG,245KG,275KG,,,1
2,Joseph Turton & Phoebe Turton,ATHX COPENHAGEN 2026,Denmark 🇩🇰,2026,Mixed,ATHX Lite,Strength,,,,91KG,210KG,242KG,,,2
3,Peter Mortensen & Linda Petersen,ATHX COPENHAGEN 2026,Denmark 🇩🇰,2026,Mixed,ATHX Lite,Strength,,,,107KG,180KG,240KG,,,3
4,Elio Daniele & Sandra Lind Thorsteinsdóttir,ATHX COPENHAGEN 2026,Denmark 🇩🇰,2026,Mixed,ATHX Lite,Strength,,,,95KG,190KG,223KG,,,4
5,Michelle Bøgelund & Nicolaj Kjerstein Overgaard,ATHX COPENHAGEN 2026,Denmark 🇩🇰,2026,Mixed,ATHX Lite,Strength,,,,107KG,180KG,220KG,,,5
6,Benedikt Grimm & Aylin Gün,ATHX COPENHAGEN 2026,Denmark 🇩🇰,2026,Mixed,ATHX Lite,Strength,,,,98KG,170KG,205KG,,,6
7,Evgeny Karev & Elena Kareva,ATHX COPENHAGEN 2026,Denmark 🇩🇰,2026,Mixed,ATHX Lite,Strength,,,,88KG,150KG,150KG,,,7
8,Oskar Aurell & Marie Aurell,ATHX COPENHAGEN 2026,Denmark 🇩🇰,2026,Mixed,ATHX Lite,Strength,,,,70KG,130KG,180KG,,,8
9,Annabelle Searle & Rob Fullwood,ATHX COPENHAGEN 2026,Denmark 🇩🇰,2026,Mixed,ATHX Lite,Strength,,,,56KG,80KG,107KG,,,9
1,Peter Mortensen & Linda Petersen,ATHX COPENHAGEN 2026,Denmark 🇩🇰,2026,Mixed,ATHX Lite,MetCon X,,,11:52,,,,,,1
2,Benedikt Grimm & Aylin Gün,ATHX COPENHAGEN 2026,Denmark 🇩🇰,2026,Mixed,ATHX Lite,MetCon X,,,12:09,,,,,,2
3,Josephine Asperup & Malthe Kring,ATHX COPENHAGEN 2026,Denmark 🇩🇰,2026,Mixed,ATHX Lite,MetCon X,,,13:43,,,,,,3
4,Elio Daniele & Sandra Lind Thorsteinsdóttir,ATHX COPENHAGEN 2026,Denmark 🇩🇰,2026,Mixed,ATHX Lite,MetCon X,,,13:59,,,,,,4
5,Michelle Bøgelund & Nicolaj Kjerstein Overgaard,ATHX COPENHAGEN 2026,Denmark 🇩🇰,2026,Mixed,ATHX Lite,MetCon X,,,14:40,,,,,,5
6,Oskar Aurell & Marie Aurell,ATHX COPENHAGEN 2026,Denmark 🇩🇰,2026,Mixed,ATHX Lite,MetCon X,,,16:24,,,,,,6
7,Evgeny Karev & Elena Kareva,ATHX COPENHAGEN 2026,Denmark 🇩🇰,2026,Mixed,ATHX Lite,MetCon X,,,16:32,,,,,,7
8,Joseph Turton & Phoebe Turton,ATHX COPENHAGEN 2026,Denmark 🇩🇰,2026,Mixed,ATHX Lite,MetCon X,,,16:44,,,,,,8
9,Annabelle Searle & Rob Fullwood,ATHX COPENHAGEN 2026,Denmark 🇩🇰,2026,Mixed,ATHX Lite,MetCon X,,,25:12,,,,,,9
1,Klaus Uggerhøj & Julian Kragh-Maschvitsz,ATHX COPENHAGEN 2026,Denmark 🇩🇰,2026,Male,ATHX Pro,Strength,,,,182KG,380KG,460KG,,,1
2,Carl Erik  Gustaf Karlsson  & Hugo Jansson,ATHX COPENHAGEN 2026,Denmark 🇩🇰,2026,Male,ATHX Pro,Strength,,,,165KG,370KG,420KG,,,2
3,Sam Morris & Bevan Jay,ATHX COPENHAGEN 2026,Denmark 🇩🇰,2026,Male,ATHX Pro,Strength,,,,200KG,385KG,365KG,,,3
4,Cristiano Silva & Pedro Pereira,ATHX COPENHAGEN 2026,Denmark 🇩🇰,2026,Male,ATHX Pro,Strength,,,,170KG,335KG,415KG,,,4
5,Gustav Falholt & Jeppe Ormstrup,ATHX COPENHAGEN 2026,Denmark 🇩🇰,2026,Male,ATHX Pro,Strength,,,,166KG,342KG,405KG,,,5
6,Lee Collins & PD Savage,ATHX COPENHAGEN 2026,Denmark 🇩🇰,2026,Male,ATHX Pro,Strength,,,,182KG,346KG,375KG,,,6
7,Casper Mortensen & Kasper Sølvstrøm Jensen,ATHX COPENHAGEN 2026,Denmark 🇩🇰,2026,Male,ATHX Pro,Strength,,,,167KG,331KG,377KG,,,7
8,jason schoch & luca bienz,ATHX COPENHAGEN 2026,Denmark 🇩🇰,2026,Male,ATHX Pro,Strength,,,,162KG,311KG,370KG,,,8
9,Max Rosenthal & Cheikh Tidiane Thiam,ATHX COPENHAGEN 2026,Denmark 🇩🇰,2026,Male,ATHX Pro,Strength,,,,169KG,305KG,365KG,,,9
10,Nicolai Mainz & Patrick Nielsen,ATHX COPENHAGEN 2026,Denmark 🇩🇰,2026,Male,ATHX Pro,Strength,,,,160KG,305KG,350KG,,,10
11,Morten Nørgaard Pedersen & Yakup Øzkir,ATHX COPENHAGEN 2026,Denmark 🇩🇰,2026,Male,ATHX Pro,Strength,,,,150KG,292KG,370KG,,,11
12,Arkadiusz Grabowiec & Artur Busz,ATHX COPENHAGEN 2026,Denmark 🇩🇰,2026,Male,ATHX Pro,Strength,,,,145KG,305KG,350KG,,,12
13,Benjamin Stender & Dan Andersen,ATHX COPENHAGEN 2026,Denmark 🇩🇰,2026,Male,ATHX Pro,Strength,,,,162KG,260KG,338KG,,,13
14,Peter Schnor & Rasmus Jensen,ATHX COPENHAGEN 2026,Denmark 🇩🇰,2026,Male,ATHX Pro,Strength,,,,158KG,260KG,310KG,,,14
15,Ronaldas Aliubavicius & Daniel Albarracin,ATHX COPENHAGEN 2026,Denmark 🇩🇰,2026,Male,ATHX Pro,Strength,,,,145KG,275KG,305KG,,,15
16,Morten Thulstrup & Andreas Runge Vestergaard,ATHX COPENHAGEN 2026,Denmark 🇩🇰,2026,Male,ATHX Pro,Strength,,,,124KG,250KG,300KG,,,16
17,Brendan OBrien & Christopher Reeves,ATHX COPENHAGEN 2026,Denmark 🇩🇰,2026,Male,ATHX Pro,Strength,,,,129KG,220KG,300KG,,,17
1,Lee Collins & PD Savage,ATHX COPENHAGEN 2026,Denmark 🇩🇰,2026,Male,ATHX Pro,MetCon X,,,13:52,,,,,,1
2,Klaus Uggerhøj & Julian Kragh-Maschvitsz,ATHX COPENHAGEN 2026,Denmark 🇩🇰,2026,Male,ATHX Pro,MetCon X,,,13:55,,,,,,2
3,Carl Erik  Gustaf Karlsson  & Hugo Jansson,ATHX COPENHAGEN 2026,Denmark 🇩🇰,2026,Male,ATHX Pro,MetCon X,,,14:01,,,,,,3
4,Sam Morris & Bevan Jay,ATHX COPENHAGEN 2026,Denmark 🇩🇰,2026,Male,ATHX Pro,MetCon X,,,14:09,,,,,,4
5,Arkadiusz Grabowiec & Artur Busz,ATHX COPENHAGEN 2026,Denmark 🇩🇰,2026,Male,ATHX Pro,MetCon X,,,14:35,,,,,,5
6,Cristiano Silva & Pedro Pereira,ATHX COPENHAGEN 2026,Denmark 🇩🇰,2026,Male,ATHX Pro,MetCon X,,,15:12,,,,,,6
7,Nicolai Mainz & Patrick Nielsen,ATHX COPENHAGEN 2026,Denmark 🇩🇰,2026,Male,ATHX Pro,MetCon X,,,15:33,,,,,,7
8,Gustav Falholt & Jeppe Ormstrup,ATHX COPENHAGEN 2026,Denmark 🇩🇰,2026,Male,ATHX Pro,MetCon X,,,15:46,,,,,,8
9,jason schoch & luca bienz,ATHX COPENHAGEN 2026,Denmark 🇩🇰,2026,Male,ATHX Pro,MetCon X,,,15:52,,,,,,9
10,Benjamin Stender & Dan Andersen,ATHX COPENHAGEN 2026,Denmark 🇩🇰,2026,Male,ATHX Pro,MetCon X,,,17:11,,,,,,10
11,Casper Mortensen & Kasper Sølvstrøm Jensen,ATHX COPENHAGEN 2026,Denmark 🇩🇰,2026,Male,ATHX Pro,MetCon X,,,17:50,,,,,,11
12,Morten Nørgaard Pedersen & Yakup Øzkir,ATHX COPENHAGEN 2026,Denmark 🇩🇰,2026,Male,ATHX Pro,MetCon X,,,18:03,,,,,,12
13,Morten Thulstrup & Andreas Runge Vestergaard,ATHX COPENHAGEN 2026,Denmark 🇩🇰,2026,Male,ATHX Pro,MetCon X,,,19:03,,,,,,13
14,Brendan OBrien & Christopher Reeves,ATHX COPENHAGEN 2026,Denmark 🇩🇰,2026,Male,ATHX Pro,MetCon X,,,20:28,,,,,,14
15,Peter Schnor & Rasmus Jensen,ATHX COPENHAGEN 2026,Denmark 🇩🇰,2026,Male,ATHX Pro,MetCon X,,,22:19,,,,,,15
16,Max Rosenthal & Cheikh Tidiane Thiam,ATHX COPENHAGEN 2026,Denmark 🇩🇰,2026,Male,ATHX Pro,MetCon X,,,23:02,,,,,,16
17,Ronaldas Aliubavicius & Daniel Albarracin,ATHX COPENHAGEN 2026,Denmark 🇩🇰,2026,Male,ATHX Pro,MetCon X,,,23:33,,,,,,17
1,Sam Morris & Bevan Jay,ATHX COPENHAGEN 2026,Denmark 🇩🇰,2026,Male,ATHX Pro,Endurance,,,,,,,4.921KM,6.077KM,1
2,Carl Erik  Gustaf Karlsson  & Hugo Jansson,ATHX COPENHAGEN 2026,Denmark 🇩🇰,2026,Male,ATHX Pro,Endurance,,,,,,,4.689KM,5.919KM,2
3,Morten Nørgaard Pedersen & Yakup Øzkir,ATHX COPENHAGEN 2026,Denmark 🇩🇰,2026,Male,ATHX Pro,Endurance,,,,,,,4.835KM,5.767KM,3
4,Arkadiusz Grabowiec & Artur Busz,ATHX COPENHAGEN 2026,Denmark 🇩🇰,2026,Male,ATHX Pro,Endurance,,,,,,,4.526KM,5.933KM,4
5,Klaus Uggerhøj & Julian Kragh-Maschvitsz,ATHX COPENHAGEN 2026,Denmark 🇩🇰,2026,Male,ATHX Pro,Endurance,,,,,,,4.707KM,5.714KM,5
6,Cristiano Silva & Pedro Pereira,ATHX COPENHAGEN 2026,Denmark 🇩🇰,2026,Male,ATHX Pro,Endurance,,,,,,,4.425KM,5.733KM,6
7,Benjamin Stender & Dan Andersen,ATHX COPENHAGEN 2026,Denmark 🇩🇰,2026,Male,ATHX Pro,Endurance,,,,,,,4.4KM,5.679KM,7
8,Lee Collins & PD Savage,ATHX COPENHAGEN 2026,Denmark 🇩🇰,2026,Male,ATHX Pro,Endurance,,,,,,,3.834KM,6.165KM,8
9,Morten Thulstrup & Andreas Runge Vestergaard,ATHX COPENHAGEN 2026,Denmark 🇩🇰,2026,Male,ATHX Pro,Endurance,,,,,,,4.088KM,5.816KM,9
10,Nicolai Mainz & Patrick Nielsen,ATHX COPENHAGEN 2026,Denmark 🇩🇰,2026,Male,ATHX Pro,Endurance,,,,,,,4.384KM,5.491KM,10
11,Brendan OBrien & Christopher Reeves,ATHX COPENHAGEN 2026,Denmark 🇩🇰,2026,Male,ATHX Pro,Endurance,,,,,,,4.421KM,5.416KM,11
12,jason schoch & luca bienz,ATHX COPENHAGEN 2026,Denmark 🇩🇰,2026,Male,ATHX Pro,Endurance,,,,,,,4.221KM,5.564KM,12
13,Gustav Falholt & Jeppe Ormstrup,ATHX COPENHAGEN 2026,Denmark 🇩🇰,2026,Male,ATHX Pro,Endurance,,,,,,,3.531KM,6.105KM,13
14,Casper Mortensen & Kasper Sølvstrøm Jensen,ATHX COPENHAGEN 2026,Denmark 🇩🇰,2026,Male,ATHX Pro,Endurance,,,,,,,3.669KM,5.592KM,14
15,Peter Schnor & Rasmus Jensen,ATHX COPENHAGEN 2026,Denmark 🇩🇰,2026,Male,ATHX Pro,Endurance,,,,,,,3.881KM,5.262KM,15
16,Ronaldas Aliubavicius & Daniel Albarracin,ATHX COPENHAGEN 2026,Denmark 🇩🇰,2026,Male,ATHX Pro,Endurance,,,,,,,3.81KM,5.258KM,16
17,Max Rosenthal & Cheikh Tidiane Thiam,ATHX COPENHAGEN 2026,Denmark 🇩🇰,2026,Male,ATHX Pro,Endurance,,,,,,,3.505KM,5.182KM,17
1,Cecilie Emily  Brøndum Aaen & Laura Valgreen,ATHX COPENHAGEN 2026,Denmark 🇩🇰,2026,Female,ATHX,Overall,6 (499KG),1 (10.098KM),2 (13:01),,,,,,9
2,Alena Roth & Anna Blank,ATHX COPENHAGEN 2026,Denmark 🇩🇰,2026,Female,ATHX,Overall,12 (479KG),3 (9.479KM),1 (12:41),,,,,,16
3,Nina Nemcova & Nicole Leinberger,ATHX COPENHAGEN 2026,Denmark 🇩🇰,2026,Female,ATHX,Overall,3 (522KG),9 (8.996KM),4 (14:30),,,,,,16
4,Lea Molsted & Aja Søgaard,ATHX COPENHAGEN 2026,Denmark 🇩🇰,2026,Female,ATHX,Overall,7 (495KG),5 (9.227KM),5 (14:42),,,,,,17
5,Hayley Irwin & Lara Gadsdon,ATHX COPENHAGEN 2026,Denmark 🇩🇰,2026,Female,ATHX,Overall,2 (550KG),12 (8.814KM),9 (14:56),,,,,,23
6,Jennifer Morrice & Maja Storn,ATHX COPENHAGEN 2026,Denmark 🇩🇰,2026,Female,ATHX,Overall,19 (454KG),2 (9.604KM),3 (14:18),,,,,,24
7,Cara Goldberg & Carrie Carlton,ATHX COPENHAGEN 2026,Denmark 🇩🇰,2026,Female,ATHX,Overall,8 (492KG),10 (8.848KM),11 (15:19),,,,,,29
8,Camilla Erlandsen & Lene Thomsen,ATHX COPENHAGEN 2026,Denmark 🇩🇰,2026,Female,ATHX,Overall,4 (513KG),13 (8.785KM),18 (16:52),,,,,,35
9,Sarah Kragh-Maschvitsz & Sara Kowalczyk,ATHX COPENHAGEN 2026,Denmark 🇩🇰,2026,Female,ATHX,Overall,16 (465KG),7 (9.091KM),13 (15:40),,,,,,36
9,Kajsa Karlsson & Linnea Lindblom,ATHX COPENHAGEN 2026,Denmark 🇩🇰,2026,Female,ATHX,Overall,18 (462KG),11 (8.825KM),7 (14:49),,,,,,36
11,Julie Bjerregaard Jensen & Elvira Lauritzen,ATHX COPENHAGEN 2026,Denmark 🇩🇰,2026,Female,ATHX,Overall,23 (442KG),6 (9.093KM),8 (14:51),,,,,,37
12,Ditte Juhl Nissen & Emily Pauly kok,ATHX COPENHAGEN 2026,Denmark 🇩🇰,2026,Female,ATHX,Overall,25 (433KG),8 (9.014KM),6 (14:45),,,,,,39
13,Lili Leopold & Dora Illes,ATHX COPENHAGEN 2026,Denmark 🇩🇰,2026,Female,ATHX,Overall,14 (472KG),16 (8.689KM),12 (15:38),,,,,,42
14,Kira Langmaack & Julie Tiede,ATHX COPENHAGEN 2026,Denmark 🇩🇰,2026,Female,ATHX,Overall,21 (444KG),14 (8.719KM),10 (15:16),,,,,,45
15,Paulina Heine & Caroline Skyldal,ATHX COPENHAGEN 2026,Denmark 🇩🇰,2026,Female,ATHX,Overall,27 (411KG),4 (9.299KM),20 (17:02),,,,,,51
16,Henriette Laursen & Ann-sophie Eriksen,ATHX COPENHAGEN 2026,Denmark 🇩🇰,2026,Female,ATHX,Overall,24 (436KG),15 (8.71KM),15 (16:19),,,,,,54
17,My de Caprétz & Kajsa Svensson,ATHX COPENHAGEN 2026,Denmark 🇩🇰,2026,Female,ATHX,Overall,8 (492KG),30 (8.322KM),17 (16:51),,,,,,55
18,Claudia Luscombe-Whyte & Gilda Trapani,ATHX COPENHAGEN 2026,Denmark 🇩🇰,2026,Female,ATHX,Overall,5 (504KG),35 (8.039KM),16 (16:23),,,,,,56
19,Astrid Nielsen & Cecilie Scharff,ATHX COPENHAGEN 2026,Denmark 🇩🇰,2026,Female,ATHX,Overall,10 (488KG),27 (8.36KM),21 (17:44),,,,,,58
19,Josephine Lippert & Malene Clarin Frandsen,ATHX COPENHAGEN 2026,Denmark 🇩🇰,2026,Female,ATHX,Overall,13 (473KG),20 (8.58KM),25 (17:51),,,,,,58
21,Jeska Naujoks & Christina Naideni,ATHX COPENHAGEN 2026,Denmark 🇩🇰,2026,Female,ATHX,Overall,11 (480KG),23 (8.529KM),27 (18:05),,,,,,61
22,Minmin Zhao & Sofia Nilsson,ATHX COPENHAGEN 2026,Denmark 🇩🇰,2026,Female,ATHX,Overall,1 (570KG),31 (8.271KM),33 (19:09),,,,,,65
23,Olga Kelbin & Johanna Jansen,ATHX COPENHAGEN 2026,Denmark 🇩🇰,2026,Female,ATHX,Overall,16 (465KG),21 (8.579KM),30 (18:31),,,,,,67
23,Camilla Blankenfeldt & Emilie Pedersen,ATHX COPENHAGEN 2026,Denmark 🇩🇰,2026,Female,ATHX,Overall,36 (386KG),17 (8.63KM),14 (16:10),,,,,,67
25,Anja Dyrholm & Katrine Pedersen,ATHX COPENHAGEN 2026,Denmark 🇩🇰,2026,Female,ATHX,Overall,33 (395KG),18 (8.615KM),23 (17:47),,,,,,74
26,Katharina Raimann & Laura Olbrich,ATHX COPENHAGEN 2026,Denmark 🇩🇰,2026,Female,ATHX,Overall,35 (388KG),25 (8.521KM),22 (17:45),,,,,,82
27,Giulia Bianchino & Chiara Menegatti,ATHX COPENHAGEN 2026,Denmark 🇩🇰,2026,Female,ATHX,Overall,20 (447KG),29 (8.337KM),37 (19:56),,,,,,86
28,Svenja Tschannen & Jessica Bienz,ATHX COPENHAGEN 2026,Denmark 🇩🇰,2026,Female,ATHX,Overall,31 (397KG),33 (8.228KM),24 (17:48),,,,,,88
29,Cassandra Malmström & Sara Malm,ATHX COPENHAGEN 2026,Denmark 🇩🇰,2026,Female,ATHX,Overall,21 (444KG),34 (8.147KM),35 (19:44),,,,,,90
30,Melanie Jopp & Ronja Bubert,ATHX COPENHAGEN 2026,Denmark 🇩🇰,2026,Female,ATHX,Overall,44 (349KG),19 (8.59KM),29 (18:15),,,,,,92
31,Sofie Engell & Line Skov,ATHX COPENHAGEN 2026,Denmark 🇩🇰,2026,Female,ATHX,Overall,36 (386KG),32 (8.239KM),26 (17:59),,,,,,94
31,Kathrin Kammerer & Andrea Eskütt,ATHX COPENHAGEN 2026,Denmark 🇩🇰,2026,Female,ATHX,Overall,32 (396KG),26 (8.449KM),36 (19:47),,,,,,94
33,Lise Ahm Jensen & Maria skyldal Nielsen,ATHX COPENHAGEN 2026,Denmark 🇩🇰,2026,Female,ATHX,Overall,29 (406KG),36 (8.035KM),31 (18:59),,,,,,96
33,Eva Hannes & Lisa-Sophia Zöllner,ATHX COPENHAGEN 2026,Denmark 🇩🇰,2026,Female,ATHX,Overall,40 (360KG),28 (8.339KM),28 (18:14),,,,,,96
35,Natalie Bates & Kathrine Kloch,ATHX COPENHAGEN 2026,Denmark 🇩🇰,2026,Female,ATHX,Overall,43 (352KG),22 (8.552KM),32 (19:05),,,,,,97
36,Cecilie Dahl-wrønding & Charlotte Krøijer Hansen,ATHX COPENHAGEN 2026,Denmark 🇩🇰,2026,Female,ATHX,Overall,26 (426KG),40 (7.859KM),34 (19:39),,,,,,100
37,Donna Schack Dyg & Maria Robenhagen Jensen,ATHX COPENHAGEN 2026,Denmark 🇩🇰,2026,Female,ATHX,Overall,15 (466KG),46 (7.609KM),40 (20:51),,,,,,101
38,Gitte Maria Kortsen Foget & Sara Juul Damgaard,ATHX COPENHAGEN 2026,Denmark 🇩🇰,2026,Female,ATHX,Overall,30 (401KG),37 (7.945KM),38 (20:12),,,,,,105
39,alex faulkner & Hannah Peyton,ATHX COPENHAGEN 2026,Denmark 🇩🇰,2026,Female,ATHX,Overall,48 (265KG),23 (8.529KM),39 (20:34),,,,,,110
40,Maria Standal & Viktoryia Shyshova,ATHX COPENHAGEN 2026,Denmark 🇩🇰,2026,Female,ATHX,Overall,34 (390KG),38 (7.944KM),41 (21:37),,,,,,113
41,Maria Gonzalez & Shadi Javadian,ATHX COPENHAGEN 2026,Denmark 🇩🇰,2026,Female,ATHX,Overall,28 (408KG),47 (7.579KM),43 (21:49),,,,,,118
42,Line Husman & Julie Bygholm,ATHX COPENHAGEN 2026,Denmark 🇩🇰,2026,Female,ATHX,Overall,38 (378KG),39 (7.863KM),42 (21:38),,,,,,119
43,Trine Knigge & Anja Kindtler,ATHX COPENHAGEN 2026,Denmark 🇩🇰,2026,Female,ATHX,Overall,42 (357KG),42 (7.759KM),44 (22:16),,,,,,128
44,Jo-Ann Duus-Lund & Natalia Brungaard Kanstrup,ATHX COPENHAGEN 2026,Denmark 🇩🇰,2026,Female,ATHX,Overall,39 (363KG),44 (7.723KM),47 (23:34),,,,,,130
44,Sofie Louise Madsen & Emilie Madsen,ATHX COPENHAGEN 2026,Denmark 🇩🇰,2026,Female,ATHX,Overall,41 (359KG),41 (7.789KM),48 (24:24),,,,,,130
46,Lisa Greppi & Miriam Nicchi,ATHX COPENHAGEN 2026,Denmark 🇩🇰,2026,Female,ATHX,Overall,45 (347KG),45 (7.672KM),45 (22:30),,,,,,135
47,Benedetta Puca & Sonia Serafini,ATHX COPENHAGEN 2026,Denmark 🇩🇰,2026,Female,ATHX,Overall,47 (278KG),43 (7.753KM),46 (22:51),,,,,,136
48,Katarina  Leger & Selma Bodvarsdottir,ATHX COPENHAGEN 2026,Denmark 🇩🇰,2026,Female,ATHX,Overall,46 (282KG),48 (7.505KM),49 (25:24),,,,,,143
1,Phil Hesketh & Mia Hesketh,ATHX COPENHAGEN 2026,Denmark 🇩🇰,2026,Mixed,ATHX Pro,Overall,1 (832KG),4 (10.12KM),1 (12:50),,,,,,6
2,Astrid Tind & Viktor Munter,ATHX COPENHAGEN 2026,Denmark 🇩🇰,2026,Mixed,ATHX Pro,Overall,2 (828KG),3 (10.206KM),2 (12:54),,,,,,7
3,Karim Djidel & Robin Swinkels,ATHX COPENHAGEN 2026,Denmark 🇩🇰,2026,Mixed,ATHX Pro,Overall,3 (801KG),6 (10.029KM),3 (13:26),,,,,,12
4,Anton Schjødt & Louise Jeanette Jensen,ATHX COPENHAGEN 2026,Denmark 🇩🇰,2026,Mixed,ATHX Pro,Overall,11 (653KG),2 (10.302KM),7 (14:00),,,,,,20
5,Jasmine Werner & Alexander Andersen,ATHX COPENHAGEN 2026,Denmark 🇩🇰,2026,Mixed,ATHX Pro,Overall,5 (774KG),11 (9.716KM),4 (13:27),,,,,,20
6,Emma Häggström & Adam Selmani,ATHX COPENHAGEN 2026,Denmark 🇩🇰,2026,Mixed,ATHX Pro,Overall,9 (680KG),7 (10.024KM),8 (14:01),,,,,,24
7,Miriam Nowara & Max Dancau,ATHX COPENHAGEN 2026,Denmark 🇩🇰,2026,Mixed,ATHX Pro,Overall,19 (555KG),1 (10.523KM),5 (13:46),,,,,,25
8,Julia Maciuszek & Anton Bayaryn,ATHX COPENHAGEN 2026,Denmark 🇩🇰,2026,Mixed,ATHX Pro,Overall,12 (645KG),5 (10.109KM),10 (14:25),,,,,,27
8,Lukasz Debek & Lucy Lloyd,ATHX COPENHAGEN 2026,Denmark 🇩🇰,2026,Mixed,ATHX Pro,Overall,4 (775KG),12 (9.403KM),11 (15:10),,,,,,27
8,Morgane Eckert & JECHOUX TOMMY,ATHX COPENHAGEN 2026,Denmark 🇩🇰,2026,Mixed,ATHX Pro,Overall,8 (690KG),10 (9.798KM),9 (14:16),,,,,,27
11,Markus Spöhnmann & Amelie Sinz,ATHX COPENHAGEN 2026,Denmark 🇩🇰,2026,Mixed,ATHX Pro,Overall,15 (621KG),9 (9.838KM),6 (13:47),,,,,,30
12,Jon Moss & Sadie Moss,ATHX COPENHAGEN 2026,Denmark 🇩🇰,2026,Mixed,ATHX Pro,Overall,6 (734KG),13 (9.344KM),13 (16:32),,,,,,32
13,Lasse Vincent Wøbbe-Lange & Astrid Høgedal,ATHX COPENHAGEN 2026,Denmark 🇩🇰,2026,Mixed,ATHX Pro,Overall,17 (612KG),8 (9.967KM),12 (16:28),,,,,,37
14,Nicoline Molina & Victor Nielsen,ATHX COPENHAGEN 2026,Denmark 🇩🇰,2026,Mixed,ATHX Pro,Overall,7 (720KG),14 (9.305KM),17 (18:31),,,,,,38
15,Brigita Derdic & Christoffer Gudmundsson,ATHX COPENHAGEN 2026,Denmark 🇩🇰,2026,Mixed,ATHX Pro,Overall,10 (663KG),17 (9.118KM),14 (17:25),,,,,,41
16,Brian Høier Andersen & Ditte Marie Høier Andersen,ATHX COPENHAGEN 2026,Denmark 🇩🇰,2026,Mixed,ATHX Pro,Overall,13 (637KG),15 (9.262KM),15 (18:05),,,,,,43
17,Lukas Ksoll & Johanna Baganz,ATHX COPENHAGEN 2026,Denmark 🇩🇰,2026,Mixed,ATHX Pro,Overall,16 (620KG),18 (8.923KM),15 (18:05),,,,,,49
18,Nadia Vestergaard & Mathias Hjorth Andersen,ATHX COPENHAGEN 2026,Denmark 🇩🇰,2026,Mixed,ATHX Pro,Overall,18 (571KG),16 (9.188KM),17 (18:31),,,,,,51
19,Reika Morgan & Tobias Bøndergaard,ATHX COPENHAGEN 2026,Denmark 🇩🇰,2026,Mixed,ATHX Pro,Overall,14 (627KG),19 (8.9KM),19 (18:45),,,,,,52
1,Miriam Nowara & Max Dancau,ATHX COPENHAGEN 2026,Denmark 🇩🇰,2026,Mixed,ATHX Pro,Endurance,,,,,,,4.865KM,5.658KM,1
2,Anton Schjødt & Louise Jeanette Jensen,ATHX COPENHAGEN 2026,Denmark 🇩🇰,2026,Mixed,ATHX Pro,Endurance,,,,,,,4.663KM,5.639KM,2
3,Astrid Tind & Viktor Munter,ATHX COPENHAGEN 2026,Denmark 🇩🇰,2026,Mixed,ATHX Pro,Endurance,,,,,,,4.6KM,5.606KM,3
4,Phil Hesketh & Mia Hesketh,ATHX COPENHAGEN 2026,Denmark 🇩🇰,2026,Mixed,ATHX Pro,Endurance,,,,,,,4.48KM,5.64KM,4
5,Julia Maciuszek & Anton Bayaryn,ATHX COPENHAGEN 2026,Denmark 🇩🇰,2026,Mixed,ATHX Pro,Endurance,,,,,,,4.604KM,5.505KM,5
6,Karim Djidel & Robin Swinkels,ATHX COPENHAGEN 2026,Denmark 🇩🇰,2026,Mixed,ATHX Pro,Endurance,,,,,,,4.161KM,5.868KM,6
7,Emma Häggström & Adam Selmani,ATHX COPENHAGEN 2026,Denmark 🇩🇰,2026,Mixed,ATHX Pro,Endurance,,,,,,,4.34KM,5.684KM,7
8,Lasse Vincent Wøbbe-Lange & Astrid Høgedal,ATHX COPENHAGEN 2026,Denmark 🇩🇰,2026,Mixed,ATHX Pro,Endurance,,,,,,,4.54KM,5.427KM,8
9,Markus Spöhnmann & Amelie Sinz,ATHX COPENHAGEN 2026,Denmark 🇩🇰,2026,Mixed,ATHX Pro,Endurance,,,,,,,4.403KM,5.435KM,9
10,Morgane Eckert & JECHOUX TOMMY,ATHX COPENHAGEN 2026,Denmark 🇩🇰,2026,Mixed,ATHX Pro,Endurance,,,,,,,4.145KM,5.653KM,10
11,Jasmine Werner & Alexander Andersen,ATHX COPENHAGEN 2026,Denmark 🇩🇰,2026,Mixed,ATHX Pro,Endurance,,,,,,,4KM,5.716KM,11
12,Lukasz Debek & Lucy Lloyd,ATHX COPENHAGEN 2026,Denmark 🇩🇰,2026,Mixed,ATHX Pro,Endurance,,,,,,,3.855KM,5.548KM,12
13,Jon Moss & Sadie Moss,ATHX COPENHAGEN 2026,Denmark 🇩🇰,2026,Mixed,ATHX Pro,Endurance,,,,,,,3.894KM,5.45KM,13
14,Nicoline Molina & Victor Nielsen,ATHX COPENHAGEN 2026,Denmark 🇩🇰,2026,Mixed,ATHX Pro,Endurance,,,,,,,4.169KM,5.136KM,14
15,Brian Høier Andersen & Ditte Marie Høier Andersen,ATHX COPENHAGEN 2026,Denmark 🇩🇰,2026,Mixed,ATHX Pro,Endurance,,,,,,,3.782KM,5.48KM,15
16,Nadia Vestergaard & Mathias Hjorth Andersen,ATHX COPENHAGEN 2026,Denmark 🇩🇰,2026,Mixed,ATHX Pro,Endurance,,,,,,,4.325KM,4.863KM,16
17,Brigita Derdic & Christoffer Gudmundsson,ATHX COPENHAGEN 2026,Denmark 🇩🇰,2026,Mixed,ATHX Pro,Endurance,,,,,,,3.87KM,5.248KM,17
18,Lukas Ksoll & Johanna Baganz,ATHX COPENHAGEN 2026,Denmark 🇩🇰,2026,Mixed,ATHX Pro,Endurance,,,,,,,3.574KM,5.349KM,18
19,Reika Morgan & Tobias Bøndergaard,ATHX COPENHAGEN 2026,Denmark 🇩🇰,2026,Mixed,ATHX Pro,Endurance,,,,,,,3.651KM,5.249KM,19
1,Phil Hesketh & Mia Hesketh,ATHX COPENHAGEN 2026,Denmark 🇩🇰,2026,Mixed,ATHX Pro,MetCon X,,,12:50,,,,,,1
2,Astrid Tind & Viktor Munter,ATHX COPENHAGEN 2026,Denmark 🇩🇰,2026,Mixed,ATHX Pro,MetCon X,,,12:54,,,,,,2
3,Karim Djidel & Robin Swinkels,ATHX COPENHAGEN 2026,Denmark 🇩🇰,2026,Mixed,ATHX Pro,MetCon X,,,13:26,,,,,,3
4,Jasmine Werner & Alexander Andersen,ATHX COPENHAGEN 2026,Denmark 🇩🇰,2026,Mixed,ATHX Pro,MetCon X,,,13:27,,,,,,4
5,Miriam Nowara & Max Dancau,ATHX COPENHAGEN 2026,Denmark 🇩🇰,2026,Mixed,ATHX Pro,MetCon X,,,13:46,,,,,,5
6,Markus Spöhnmann & Amelie Sinz,ATHX COPENHAGEN 2026,Denmark 🇩🇰,2026,Mixed,ATHX Pro,MetCon X,,,13:47,,,,,,6
7,Anton Schjødt & Louise Jeanette Jensen,ATHX COPENHAGEN 2026,Denmark 🇩🇰,2026,Mixed,ATHX Pro,MetCon X,,,14:00,,,,,,7
8,Emma Häggström & Adam Selmani,ATHX COPENHAGEN 2026,Denmark 🇩🇰,2026,Mixed,ATHX Pro,MetCon X,,,14:01,,,,,,8
9,Morgane Eckert & JECHOUX TOMMY,ATHX COPENHAGEN 2026,Denmark 🇩🇰,2026,Mixed,ATHX Pro,MetCon X,,,14:16,,,,,,9
10,Julia Maciuszek & Anton Bayaryn,ATHX COPENHAGEN 2026,Denmark 🇩🇰,2026,Mixed,ATHX Pro,MetCon X,,,14:25,,,,,,10
11,Lukasz Debek & Lucy Lloyd,ATHX COPENHAGEN 2026,Denmark 🇩🇰,2026,Mixed,ATHX Pro,MetCon X,,,15:10,,,,,,11
12,Lasse Vincent Wøbbe-Lange & Astrid Høgedal,ATHX COPENHAGEN 2026,Denmark 🇩🇰,2026,Mixed,ATHX Pro,MetCon X,,,16:28,,,,,,12
13,Jon Moss & Sadie Moss,ATHX COPENHAGEN 2026,Denmark 🇩🇰,2026,Mixed,ATHX Pro,MetCon X,,,16:32,,,,,,13
14,Brigita Derdic & Christoffer Gudmundsson,ATHX COPENHAGEN 2026,Denmark 🇩🇰,2026,Mixed,ATHX Pro,MetCon X,,,17:25,,,,,,14
15,Brian Høier Andersen & Ditte Marie Høier Andersen,ATHX COPENHAGEN 2026,Denmark 🇩🇰,2026,Mixed,ATHX Pro,MetCon X,,,18:05,,,,,,15
15,Lukas Ksoll & Johanna Baganz,ATHX COPENHAGEN 2026,Denmark 🇩🇰,2026,Mixed,ATHX Pro,MetCon X,,,18:05,,,,,,15
17,Nadia Vestergaard & Mathias Hjorth Andersen,ATHX COPENHAGEN 2026,Denmark 🇩🇰,2026,Mixed,ATHX Pro,MetCon X,,,18:31,,,,,,17
17,Nicoline Molina & Victor Nielsen,ATHX COPENHAGEN 2026,Denmark 🇩🇰,2026,Mixed,ATHX Pro,MetCon X,,,18:31,,,,,,17
19,Reika Morgan & Tobias Bøndergaard,ATHX COPENHAGEN 2026,Denmark 🇩🇰,2026,Mixed,ATHX Pro,MetCon X,,,18:45,,,,,,19
1,Alena Roth & Anna Blank,ATHX COPENHAGEN 2026,Denmark 🇩🇰,2026,Female,ATHX,MetCon X,,,12:41,,,,,,1
2,Cecilie Emily  Brøndum Aaen & Laura Valgreen,ATHX COPENHAGEN 2026,Denmark 🇩🇰,2026,Female,ATHX,MetCon X,,,13:01,,,,,,2
3,Jennifer Morrice & Maja Storn,ATHX COPENHAGEN 2026,Denmark 🇩🇰,2026,Female,ATHX,MetCon X,,,14:18,,,,,,3
4,Nina Nemcova & Nicole Leinberger,ATHX COPENHAGEN 2026,Denmark 🇩🇰,2026,Female,ATHX,MetCon X,,,14:30,,,,,,4
5,Lea Molsted & Aja Søgaard,ATHX COPENHAGEN 2026,Denmark 🇩🇰,2026,Female,ATHX,MetCon X,,,14:42,,,,,,5
6,Ditte Juhl Nissen & Emily Pauly kok,ATHX COPENHAGEN 2026,Denmark 🇩🇰,2026,Female,ATHX,MetCon X,,,14:45,,,,,,6
7,Kajsa Karlsson & Linnea Lindblom,ATHX COPENHAGEN 2026,Denmark 🇩🇰,2026,Female,ATHX,MetCon X,,,14:49,,,,,,7
8,Julie Bjerregaard Jensen & Elvira Lauritzen,ATHX COPENHAGEN 2026,Denmark 🇩🇰,2026,Female,ATHX,MetCon X,,,14:51,,,,,,8
9,Hayley Irwin & Lara Gadsdon,ATHX COPENHAGEN 2026,Denmark 🇩🇰,2026,Female,ATHX,MetCon X,,,14:56,,,,,,9
10,Kira Langmaack & Julie Tiede,ATHX COPENHAGEN 2026,Denmark 🇩🇰,2026,Female,ATHX,MetCon X,,,15:16,,,,,,10
11,Cara Goldberg & Carrie Carlton,ATHX COPENHAGEN 2026,Denmark 🇩🇰,2026,Female,ATHX,MetCon X,,,15:19,,,,,,11
12,Lili Leopold & Dora Illes,ATHX COPENHAGEN 2026,Denmark 🇩🇰,2026,Female,ATHX,MetCon X,,,15:38,,,,,,12
13,Sarah Kragh-Maschvitsz & Sara Kowalczyk,ATHX COPENHAGEN 2026,Denmark 🇩🇰,2026,Female,ATHX,MetCon X,,,15:40,,,,,,13
14,Camilla Blankenfeldt & Emilie Pedersen,ATHX COPENHAGEN 2026,Denmark 🇩🇰,2026,Female,ATHX,MetCon X,,,16:10,,,,,,14
15,Henriette Laursen & Ann-sophie Eriksen,ATHX COPENHAGEN 2026,Denmark 🇩🇰,2026,Female,ATHX,MetCon X,,,16:19,,,,,,15
16,Claudia Luscombe-Whyte & Gilda Trapani,ATHX COPENHAGEN 2026,Denmark 🇩🇰,2026,Female,ATHX,MetCon X,,,16:23,,,,,,16
17,My de Caprétz & Kajsa Svensson,ATHX COPENHAGEN 2026,Denmark 🇩🇰,2026,Female,ATHX,MetCon X,,,16:51,,,,,,17
18,Camilla Panduro & Christina Panduro,ATHX COPENHAGEN 2026,Denmark 🇩🇰,2026,Female,ATHX,MetCon X,,,16:52,,,,,,18
18,Camilla Erlandsen & Lene Thomsen,ATHX COPENHAGEN 2026,Denmark 🇩🇰,2026,Female,ATHX,MetCon X,,,16:52,,,,,,18
20,Paulina Heine & Caroline Skyldal,ATHX COPENHAGEN 2026,Denmark 🇩🇰,2026,Female,ATHX,MetCon X,,,17:02,,,,,,20
21,Astrid Nielsen & Cecilie Scharff,ATHX COPENHAGEN 2026,Denmark 🇩🇰,2026,Female,ATHX,MetCon X,,,17:44,,,,,,21
22,Katharina Raimann & Laura Olbrich,ATHX COPENHAGEN 2026,Denmark 🇩🇰,2026,Female,ATHX,MetCon X,,,17:45,,,,,,22
23,Anja Dyrholm & Katrine Pedersen,ATHX COPENHAGEN 2026,Denmark 🇩🇰,2026,Female,ATHX,MetCon X,,,17:47,,,,,,23
24,Svenja Tschannen & Jessica Bienz,ATHX COPENHAGEN 2026,Denmark 🇩🇰,2026,Female,ATHX,MetCon X,,,17:48,,,,,,24
25,Josephine Lippert & Malene Clarin Frandsen,ATHX COPENHAGEN 2026,Denmark 🇩🇰,2026,Female,ATHX,MetCon X,,,17:51,,,,,,25
26,Sofie Engell & Line Skov,ATHX COPENHAGEN 2026,Denmark 🇩🇰,2026,Female,ATHX,MetCon X,,,17:59,,,,,,26
27,Jeska Naujoks & Christina Naideni,ATHX COPENHAGEN 2026,Denmark 🇩🇰,2026,Female,ATHX,MetCon X,,,18:05,,,,,,27
28,Eva Hannes & Lisa-Sophia Zöllner,ATHX COPENHAGEN 2026,Denmark 🇩🇰,2026,Female,ATHX,MetCon X,,,18:14,,,,,,28
29,Melanie Jopp & Ronja Bubert,ATHX COPENHAGEN 2026,Denmark 🇩🇰,2026,Female,ATHX,MetCon X,,,18:15,,,,,,29
30,Olga Kelbin & Johanna Jansen,ATHX COPENHAGEN 2026,Denmark 🇩🇰,2026,Female,ATHX,MetCon X,,,18:31,,,,,,30
31,Lise Ahm Jensen & Maria skyldal Nielsen,ATHX COPENHAGEN 2026,Denmark 🇩🇰,2026,Female,ATHX,MetCon X,,,18:59,,,,,,31
32,Natalie Bates & Kathrine Kloch,ATHX COPENHAGEN 2026,Denmark 🇩🇰,2026,Female,ATHX,MetCon X,,,19:05,,,,,,32
33,Minmin Zhao & Sofia Nilsson,ATHX COPENHAGEN 2026,Denmark 🇩🇰,2026,Female,ATHX,MetCon X,,,19:09,,,,,,33
34,Cecilie Dahl-wrønding & Charlotte Krøijer Hansen,ATHX COPENHAGEN 2026,Denmark 🇩🇰,2026,Female,ATHX,MetCon X,,,19:39,,,,,,34
35,Cassandra Malmström & Sara Malm,ATHX COPENHAGEN 2026,Denmark 🇩🇰,2026,Female,ATHX,MetCon X,,,19:44,,,,,,35
36,Kathrin Kammerer & Andrea Eskütt,ATHX COPENHAGEN 2026,Denmark 🇩🇰,2026,Female,ATHX,MetCon X,,,19:47,,,,,,36
37,Giulia Bianchino & Chiara Menegatti,ATHX COPENHAGEN 2026,Denmark 🇩🇰,2026,Female,ATHX,MetCon X,,,19:56,,,,,,37
38,Gitte Maria Kortsen Foget & Sara Juul Damgaard,ATHX COPENHAGEN 2026,Denmark 🇩🇰,2026,Female,ATHX,MetCon X,,,20:12,,,,,,38
39,alex faulkner & Hannah Peyton,ATHX COPENHAGEN 2026,Denmark 🇩🇰,2026,Female,ATHX,MetCon X,,,20:34,,,,,,39
40,Donna Schack Dyg & Maria Robenhagen Jensen,ATHX COPENHAGEN 2026,Denmark 🇩🇰,2026,Female,ATHX,MetCon X,,,20:51,,,,,,40
41,Maria Standal & Viktoryia Shyshova,ATHX COPENHAGEN 2026,Denmark 🇩🇰,2026,Female,ATHX,MetCon X,,,21:37,,,,,,41
42,Line Husman & Julie Bygholm,ATHX COPENHAGEN 2026,Denmark 🇩🇰,2026,Female,ATHX,MetCon X,,,21:38,,,,,,42
43,Maria Gonzalez & Shadi Javadian,ATHX COPENHAGEN 2026,Denmark 🇩🇰,2026,Female,ATHX,MetCon X,,,21:49,,,,,,43
44,Trine Knigge & Anja Kindtler,ATHX COPENHAGEN 2026,Denmark 🇩🇰,2026,Female,ATHX,MetCon X,,,22:16,,,,,,44
45,Lisa Greppi & Miriam Nicchi,ATHX COPENHAGEN 2026,Denmark 🇩🇰,2026,Female,ATHX,MetCon X,,,22:30,,,,,,45
46,Benedetta Puca & Sonia Serafini,ATHX COPENHAGEN 2026,Denmark 🇩🇰,2026,Female,ATHX,MetCon X,,,22:51,,,,,,46
47,Jo-Ann Duus-Lund & Natalia Brungaard Kanstrup,ATHX COPENHAGEN 2026,Denmark 🇩🇰,2026,Female,ATHX,MetCon X,,,23:34,,,,,,47
48,Sofie Louise Madsen & Emilie Madsen,ATHX COPENHAGEN 2026,Denmark 🇩🇰,2026,Female,ATHX,MetCon X,,,24:24,,,,,,48
49,Katarina  Leger & Selma Bodvarsdottir,ATHX COPENHAGEN 2026,Denmark 🇩🇰,2026,Female,ATHX,MetCon X,,,25:24,,,,,,49
1,Phil Hesketh & Mia Hesketh,ATHX COPENHAGEN 2026,Denmark 🇩🇰,2026,Mixed,ATHX Pro,Strength,,,,156KG,316KG,360KG,,,1
2,Astrid Tind & Viktor Munter,ATHX COPENHAGEN 2026,Denmark 🇩🇰,2026,Mixed,ATHX Pro,Strength,,,,148KG,320KG,360KG,,,2
3,Karim Djidel & Robin Swinkels,ATHX COPENHAGEN 2026,Denmark 🇩🇰,2026,Mixed,ATHX Pro,Strength,,,,151KG,320KG,330KG,,,3
4,Lukasz Debek & Lucy Lloyd,ATHX COPENHAGEN 2026,Denmark 🇩🇰,2026,Mixed,ATHX Pro,Strength,,,,160KG,280KG,335KG,,,4
5,Jasmine Werner & Alexander Andersen,ATHX COPENHAGEN 2026,Denmark 🇩🇰,2026,Mixed,ATHX Pro,Strength,,,,156KG,288KG,330KG,,,5
6,Jon Moss & Sadie Moss,ATHX COPENHAGEN 2026,Denmark 🇩🇰,2026,Mixed,ATHX Pro,Strength,,,,127KG,277KG,330KG,,,6
7,Nicoline Molina & Victor Nielsen,ATHX COPENHAGEN 2026,Denmark 🇩🇰,2026,Mixed,ATHX Pro,Strength,,,,120KG,290KG,310KG,,,7
8,Morgane Eckert & JECHOUX TOMMY,ATHX COPENHAGEN 2026,Denmark 🇩🇰,2026,Mixed,ATHX Pro,Strength,,,,123KG,252KG,315KG,,,8
9,Emma Häggström & Adam Selmani,ATHX COPENHAGEN 2026,Denmark 🇩🇰,2026,Mixed,ATHX Pro,Strength,,,,143KG,240KG,297KG,,,9
10,Brigita Derdic & Christoffer Gudmundsson,ATHX COPENHAGEN 2026,Denmark 🇩🇰,2026,Mixed,ATHX Pro,Strength,,,,108KG,240KG,315KG,,,10
11,Anton Schjødt & Louise Jeanette Jensen,ATHX COPENHAGEN 2026,Denmark 🇩🇰,2026,Mixed,ATHX Pro,Strength,,,,130KG,238KG,285KG,,,11
12,Julia Maciuszek & Anton Bayaryn,ATHX COPENHAGEN 2026,Denmark 🇩🇰,2026,Mixed,ATHX Pro,Strength,,,,110KG,245KG,290KG,,,12
13,Brian Høier Andersen & Ditte Marie Høier Andersen,ATHX COPENHAGEN 2026,Denmark 🇩🇰,2026,Mixed,ATHX Pro,Strength,,,,132KG,220KG,285KG,,,13
14,Reika Morgan & Tobias Bøndergaard,ATHX COPENHAGEN 2026,Denmark 🇩🇰,2026,Mixed,ATHX Pro,Strength,,,,121KG,220KG,286KG,,,14
15,Markus Spöhnmann & Amelie Sinz,ATHX COPENHAGEN 2026,Denmark 🇩🇰,2026,Mixed,ATHX Pro,Strength,,,,126KG,225KG,270KG,,,15
16,Lukas Ksoll & Johanna Baganz,ATHX COPENHAGEN 2026,Denmark 🇩🇰,2026,Mixed,ATHX Pro,Strength,,,,137KG,200KG,283KG,,,16
17,Lasse Vincent Wøbbe-Lange & Astrid Høgedal,ATHX COPENHAGEN 2026,Denmark 🇩🇰,2026,Mixed,ATHX Pro,Strength,,,,112KG,230KG,270KG,,,17
18,Nadia Vestergaard & Mathias Hjorth Andersen,ATHX COPENHAGEN 2026,Denmark 🇩🇰,2026,Mixed,ATHX Pro,Strength,,,,106KG,205KG,260KG,,,18
19,Miriam Nowara & Max Dancau,ATHX COPENHAGEN 2026,Denmark 🇩🇰,2026,Mixed,ATHX Pro,Strength,,,,115KG,190KG,250KG,,,19
1,Cecilie Emily  Brøndum Aaen & Laura Valgreen,ATHX COPENHAGEN 2026,Denmark 🇩🇰,2026,Female,ATHX,Endurance,,,,,,,4.799KM,5.299KM,1
2,Jennifer Morrice & Maja Storn,ATHX COPENHAGEN 2026,Denmark 🇩🇰,2026,Female,ATHX,Endurance,,,,,,,4.537KM,5.067KM,2
3,Alena Roth & Anna Blank,ATHX COPENHAGEN 2026,Denmark 🇩🇰,2026,Female,ATHX,Endurance,,,,,,,4.046KM,5.433KM,3
4,Paulina Heine & Caroline Skyldal,ATHX COPENHAGEN 2026,Denmark 🇩🇰,2026,Female,ATHX,Endurance,,,,,,,4.089KM,5.21KM,4
5,Lea Molsted & Aja Søgaard,ATHX COPENHAGEN 2026,Denmark 🇩🇰,2026,Female,ATHX,Endurance,,,,,,,3.698KM,5.529KM,5
6,Julie Bjerregaard Jensen & Elvira Lauritzen,ATHX COPENHAGEN 2026,Denmark 🇩🇰,2026,Female,ATHX,Endurance,,,,,,,4.134KM,4.959KM,6
7,Sarah Kragh-Maschvitsz & Sara Kowalczyk,ATHX COPENHAGEN 2026,Denmark 🇩🇰,2026,Female,ATHX,Endurance,,,,,,,4.25KM,4.841KM,7
8,Ditte Juhl Nissen & Emily Pauly kok,ATHX COPENHAGEN 2026,Denmark 🇩🇰,2026,Female,ATHX,Endurance,,,,,,,3.75KM,5.264KM,8
9,Nina Nemcova & Nicole Leinberger,ATHX COPENHAGEN 2026,Denmark 🇩🇰,2026,Female,ATHX,Endurance,,,,,,,3.877KM,5.119KM,9
10,Cara Goldberg & Carrie Carlton,ATHX COPENHAGEN 2026,Denmark 🇩🇰,2026,Female,ATHX,Endurance,,,,,,,4KM,4.848KM,10
11,Kajsa Karlsson & Linnea Lindblom,ATHX COPENHAGEN 2026,Denmark 🇩🇰,2026,Female,ATHX,Endurance,,,,,,,3.786KM,5.039KM,11
12,Hayley Irwin & Lara Gadsdon,ATHX COPENHAGEN 2026,Denmark 🇩🇰,2026,Female,ATHX,Endurance,,,,,,,3.823KM,4.991KM,12
13,Camilla Erlandsen & Lene Thomsen,ATHX COPENHAGEN 2026,Denmark 🇩🇰,2026,Female,ATHX,Endurance,,,,,,,3.677KM,5.108KM,13
14,Kira Langmaack & Julie Tiede,ATHX COPENHAGEN 2026,Denmark 🇩🇰,2026,Female,ATHX,Endurance,,,,,,,3.75KM,4.969KM,14
15,Henriette Laursen & Ann-sophie Eriksen,ATHX COPENHAGEN 2026,Denmark 🇩🇰,2026,Female,ATHX,Endurance,,,,,,,3.701KM,5.009KM,15
16,Lili Leopold & Dora Illes,ATHX COPENHAGEN 2026,Denmark 🇩🇰,2026,Female,ATHX,Endurance,,,,,,,3.697KM,4.992KM,16
17,Camilla Blankenfeldt & Emilie Pedersen,ATHX COPENHAGEN 2026,Denmark 🇩🇰,2026,Female,ATHX,Endurance,,,,,,,3.622KM,5.008KM,17
18,Anja Dyrholm & Katrine Pedersen,ATHX COPENHAGEN 2026,Denmark 🇩🇰,2026,Female,ATHX,Endurance,,,,,,,3.906KM,4.709KM,18
19,Melanie Jopp & Ronja Bubert,ATHX COPENHAGEN 2026,Denmark 🇩🇰,2026,Female,ATHX,Endurance,,,,,,,3.689KM,4.901KM,19
20,Josephine Lippert & Malene Clarin Frandsen,ATHX COPENHAGEN 2026,Denmark 🇩🇰,2026,Female,ATHX,Endurance,,,,,,,3.75KM,4.83KM,20
21,Olga Kelbin & Johanna Jansen,ATHX COPENHAGEN 2026,Denmark 🇩🇰,2026,Female,ATHX,Endurance,,,,,,,3.659KM,4.92KM,21
22,Natalie Bates & Kathrine Kloch,ATHX COPENHAGEN 2026,Denmark 🇩🇰,2026,Female,ATHX,Endurance,,,,,,,3.63KM,4.922KM,22
23,Jeska Naujoks & Christina Naideni,ATHX COPENHAGEN 2026,Denmark 🇩🇰,2026,Female,ATHX,Endurance,,,,,,,3.75KM,4.779KM,23
23,alex faulkner & Hannah Peyton,ATHX COPENHAGEN 2026,Denmark 🇩🇰,2026,Female,ATHX,Endurance,,,,,,,3.75KM,4.779KM,23
25,Katharina Raimann & Laura Olbrich,ATHX COPENHAGEN 2026,Denmark 🇩🇰,2026,Female,ATHX,Endurance,,,,,,,3.75KM,4.771KM,25
26,Kathrin Kammerer & Andrea Eskütt,ATHX COPENHAGEN 2026,Denmark 🇩🇰,2026,Female,ATHX,Endurance,,,,,,,3.61KM,4.839KM,26
27,Astrid Nielsen & Cecilie Scharff,ATHX COPENHAGEN 2026,Denmark 🇩🇰,2026,Female,ATHX,Endurance,,,,,,,3.654KM,4.706KM,27
28,Eva Hannes & Lisa-Sophia Zöllner,ATHX COPENHAGEN 2026,Denmark 🇩🇰,2026,Female,ATHX,Endurance,,,,,,,3.579KM,4.76KM,28
29,Giulia Bianchino & Chiara Menegatti,ATHX COPENHAGEN 2026,Denmark 🇩🇰,2026,Female,ATHX,Endurance,,,,,,,3.75KM,4.587KM,29
30,My de Caprétz & Kajsa Svensson,ATHX COPENHAGEN 2026,Denmark 🇩🇰,2026,Female,ATHX,Endurance,,,,,,,3.595KM,4.727KM,30
31,Minmin Zhao & Sofia Nilsson,ATHX COPENHAGEN 2026,Denmark 🇩🇰,2026,Female,ATHX,Endurance,,,,,,,3.75KM,4.521KM,31
32,Sofie Engell & Line Skov,ATHX COPENHAGEN 2026,Denmark 🇩🇰,2026,Female,ATHX,Endurance,,,,,,,3.615KM,4.624KM,32
33,Svenja Tschannen & Jessica Bienz,ATHX COPENHAGEN 2026,Denmark 🇩🇰,2026,Female,ATHX,Endurance,,,,,,,3.812KM,4.416KM,33
34,Cassandra Malmström & Sara Malm,ATHX COPENHAGEN 2026,Denmark 🇩🇰,2026,Female,ATHX,Endurance,,,,,,,3.478KM,4.669KM,34
35,Claudia Luscombe-Whyte & Gilda Trapani,ATHX COPENHAGEN 2026,Denmark 🇩🇰,2026,Female,ATHX,Endurance,,,,,,,3.278KM,4.761KM,35
36,Lise Ahm Jensen & Maria skyldal Nielsen,ATHX COPENHAGEN 2026,Denmark 🇩🇰,2026,Female,ATHX,Endurance,,,,,,,3.398KM,4.637KM,36
37,Gitte Maria Kortsen Foget & Sara Juul Damgaard,ATHX COPENHAGEN 2026,Denmark 🇩🇰,2026,Female,ATHX,Endurance,,,,,,,3.537KM,4.408KM,37
38,Maria Standal & Viktoryia Shyshova,ATHX COPENHAGEN 2026,Denmark 🇩🇰,2026,Female,ATHX,Endurance,,,,,,,3.556KM,4.388KM,38
39,Line Husman & Julie Bygholm,ATHX COPENHAGEN 2026,Denmark 🇩🇰,2026,Female,ATHX,Endurance,,,,,,,3.33KM,4.533KM,39
40,Cecilie Dahl-wrønding & Charlotte Krøijer Hansen,ATHX COPENHAGEN 2026,Denmark 🇩🇰,2026,Female,ATHX,Endurance,,,,,,,3.374KM,4.485KM,40
41,Sofie Louise Madsen & Emilie Madsen,ATHX COPENHAGEN 2026,Denmark 🇩🇰,2026,Female,ATHX,Endurance,,,,,,,3.5KM,4.289KM,41
42,Trine Knigge & Anja Kindtler,ATHX COPENHAGEN 2026,Denmark 🇩🇰,2026,Female,ATHX,Endurance,,,,,,,3.379KM,4.38KM,42
43,Benedetta Puca & Sonia Serafini,ATHX COPENHAGEN 2026,Denmark 🇩🇰,2026,Female,ATHX,Endurance,,,,,,,3.75KM,4.003KM,43
44,Jo-Ann Duus-Lund & Natalia Brungaard Kanstrup,ATHX COPENHAGEN 2026,Denmark 🇩🇰,2026,Female,ATHX,Endurance,,,,,,,3.038KM,4.685KM,44
45,Lisa Greppi & Miriam Nicchi,ATHX COPENHAGEN 2026,Denmark 🇩🇰,2026,Female,ATHX,Endurance,,,,,,,3.134KM,4.538KM,45
46,Donna Schack Dyg & Maria Robenhagen Jensen,ATHX COPENHAGEN 2026,Denmark 🇩🇰,2026,Female,ATHX,Endurance,,,,,,,2.857KM,4.752KM,46
47,Maria Gonzalez & Shadi Javadian,ATHX COPENHAGEN 2026,Denmark 🇩🇰,2026,Female,ATHX,Endurance,,,,,,,2.998KM,4.581KM,47
48,Katarina  Leger & Selma Bodvarsdottir,ATHX COPENHAGEN 2026,Denmark 🇩🇰,2026,Female,ATHX,Endurance,,,,,,,3.75KM,3.755KM,48
1,Minmin Zhao & Sofia Nilsson,ATHX COPENHAGEN 2026,Denmark 🇩🇰,2026,Female,ATHX,Strength,,,,83KG,242KG,245KG,,,1
2,Hayley Irwin & Lara Gadsdon,ATHX COPENHAGEN 2026,Denmark 🇩🇰,2026,Female,ATHX,Strength,,,,85KG,205KG,260KG,,,2
3,Nina Nemcova & Nicole Leinberger,ATHX COPENHAGEN 2026,Denmark 🇩🇰,2026,Female,ATHX,Strength,,,,82KG,182KG,258KG,,,3
4,Camilla Erlandsen & Lene Thomsen,ATHX COPENHAGEN 2026,Denmark 🇩🇰,2026,Female,ATHX,Strength,,,,99KG,182KG,232KG,,,4
5,Claudia Luscombe-Whyte & Gilda Trapani,ATHX COPENHAGEN 2026,Denmark 🇩🇰,2026,Female,ATHX,Strength,,,,90KG,206KG,208KG,,,5
6,Cecilie Emily  Brøndum Aaen & Laura Valgreen,ATHX COPENHAGEN 2026,Denmark 🇩🇰,2026,Female,ATHX,Strength,,,,90KG,179KG,230KG,,,6
7,Lea Molsted & Aja Søgaard,ATHX COPENHAGEN 2026,Denmark 🇩🇰,2026,Female,ATHX,Strength,,,,89KG,186KG,220KG,,,7
8,Cara Goldberg & Carrie Carlton,ATHX COPENHAGEN 2026,Denmark 🇩🇰,2026,Female,ATHX,Strength,,,,89KG,183KG,220KG,,,8
8,My de Caprétz & Kajsa Svensson,ATHX COPENHAGEN 2026,Denmark 🇩🇰,2026,Female,ATHX,Strength,,,,99KG,192KG,201KG,,,8
10,Astrid Nielsen & Cecilie Scharff,ATHX COPENHAGEN 2026,Denmark 🇩🇰,2026,Female,ATHX,Strength,,,,88KG,185KG,215KG,,,10
11,Jeska Naujoks & Christina Naideni,ATHX COPENHAGEN 2026,Denmark 🇩🇰,2026,Female,ATHX,Strength,,,,93KG,177KG,210KG,,,11
12,Alena Roth & Anna Blank,ATHX COPENHAGEN 2026,Denmark 🇩🇰,2026,Female,ATHX,Strength,,,,96KG,168KG,215KG,,,12
13,Josephine Lippert & Malene Clarin Frandsen,ATHX COPENHAGEN 2026,Denmark 🇩🇰,2026,Female,ATHX,Strength,,,,88KG,175KG,210KG,,,13
14,Lili Leopold & Dora Illes,ATHX COPENHAGEN 2026,Denmark 🇩🇰,2026,Female,ATHX,Strength,,,,81KG,179KG,212KG,,,14
15,Donna Schack Dyg & Maria Robenhagen Jensen,ATHX COPENHAGEN 2026,Denmark 🇩🇰,2026,Female,ATHX,Strength,,,,84KG,152KG,230KG,,,15
16,Sarah Kragh-Maschvitsz & Sara Kowalczyk,ATHX COPENHAGEN 2026,Denmark 🇩🇰,2026,Female,ATHX,Strength,,,,78KG,180KG,207KG,,,16
16,Olga Kelbin & Johanna Jansen,ATHX COPENHAGEN 2026,Denmark 🇩🇰,2026,Female,ATHX,Strength,,,,84KG,166KG,215KG,,,16
18,Kajsa Karlsson & Linnea Lindblom,ATHX COPENHAGEN 2026,Denmark 🇩🇰,2026,Female,ATHX,Strength,,,,92KG,160KG,210KG,,,18
19,Jennifer Morrice & Maja Storn,ATHX COPENHAGEN 2026,Denmark 🇩🇰,2026,Female,ATHX,Strength,,,,79KG,170KG,205KG,,,19
20,Giulia Bianchino & Chiara Menegatti,ATHX COPENHAGEN 2026,Denmark 🇩🇰,2026,Female,ATHX,Strength,,,,80KG,172KG,195KG,,,20
21,Cassandra Malmström & Sara Malm,ATHX COPENHAGEN 2026,Denmark 🇩🇰,2026,Female,ATHX,Strength,,,,78KG,160KG,206KG,,,21
21,Kira Langmaack & Julie Tiede,ATHX COPENHAGEN 2026,Denmark 🇩🇰,2026,Female,ATHX,Strength,,,,79KG,155KG,210KG,,,21
23,Julie Bjerregaard Jensen & Elvira Lauritzen,ATHX COPENHAGEN 2026,Denmark 🇩🇰,2026,Female,ATHX,Strength,,,,87KG,165KG,190KG,,,23
24,Henriette Laursen & Ann-sophie Eriksen,ATHX COPENHAGEN 2026,Denmark 🇩🇰,2026,Female,ATHX,Strength,,,,84KG,157KG,195KG,,,24
25,Ditte Juhl Nissen & Emily Pauly kok,ATHX COPENHAGEN 2026,Denmark 🇩🇰,2026,Female,ATHX,Strength,,,,78KG,160KG,195KG,,,25
26,Cecilie Dahl-wrønding & Charlotte Krøijer Hansen,ATHX COPENHAGEN 2026,Denmark 🇩🇰,2026,Female,ATHX,Strength,,,,77KG,149KG,200KG,,,26
27,Paulina Heine & Caroline Skyldal,ATHX COPENHAGEN 2026,Denmark 🇩🇰,2026,Female,ATHX,Strength,,,,73KG,138KG,200KG,,,27
28,Maria Gonzalez & Shadi Javadian,ATHX COPENHAGEN 2026,Denmark 🇩🇰,2026,Female,ATHX,Strength,,,,70KG,155KG,183KG,,,28
29,Lise Ahm Jensen & Maria skyldal Nielsen,ATHX COPENHAGEN 2026,Denmark 🇩🇰,2026,Female,ATHX,Strength,,,,76KG,145KG,185KG,,,29
30,Gitte Maria Kortsen Foget & Sara Juul Damgaard,ATHX COPENHAGEN 2026,Denmark 🇩🇰,2026,Female,ATHX,Strength,,,,73KG,138KG,190KG,,,30
31,Svenja Tschannen & Jessica Bienz,ATHX COPENHAGEN 2026,Denmark 🇩🇰,2026,Female,ATHX,Strength,,,,76KG,141KG,180KG,,,31
32,Kathrin Kammerer & Andrea Eskütt,ATHX COPENHAGEN 2026,Denmark 🇩🇰,2026,Female,ATHX,Strength,,,,72KG,149KG,175KG,,,32
33,Anja Dyrholm & Katrine Pedersen,ATHX COPENHAGEN 2026,Denmark 🇩🇰,2026,Female,ATHX,Strength,,,,71KG,139KG,185KG,,,33
34,Maria Standal & Viktoryia Shyshova,ATHX COPENHAGEN 2026,Denmark 🇩🇰,2026,Female,ATHX,Strength,,,,74KG,140KG,176KG,,,34
35,Katharina Raimann & Laura Olbrich,ATHX COPENHAGEN 2026,Denmark 🇩🇰,2026,Female,ATHX,Strength,,,,78KG,137KG,173KG,,,35
36,Sofie Engell & Line Skov,ATHX COPENHAGEN 2026,Denmark 🇩🇰,2026,Female,ATHX,Strength,,,,78KG,138KG,170KG,,,36
36,Camilla Blankenfeldt & Emilie Pedersen,ATHX COPENHAGEN 2026,Denmark 🇩🇰,2026,Female,ATHX,Strength,,,,71KG,130KG,185KG,,,36
38,Line Husman & Julie Bygholm,ATHX COPENHAGEN 2026,Denmark 🇩🇰,2026,Female,ATHX,Strength,,,,61KG,140KG,177KG,,,38
39,Jo-Ann Duus-Lund & Natalia Brungaard Kanstrup,ATHX COPENHAGEN 2026,Denmark 🇩🇰,2026,Female,ATHX,Strength,,,,70KG,128KG,165KG,,,39
40,Eva Hannes & Lisa-Sophia Zöllner,ATHX COPENHAGEN 2026,Denmark 🇩🇰,2026,Female,ATHX,Strength,,,,65KG,125KG,170KG,,,40
41,Sofie Louise Madsen & Emilie Madsen,ATHX COPENHAGEN 2026,Denmark 🇩🇰,2026,Female,ATHX,Strength,,,,64KG,120KG,175KG,,,41
42,Trine Knigge & Anja Kindtler,ATHX COPENHAGEN 2026,Denmark 🇩🇰,2026,Female,ATHX,Strength,,,,67KG,120KG,170KG,,,42
43,Natalie Bates & Kathrine Kloch,ATHX COPENHAGEN 2026,Denmark 🇩🇰,2026,Female,ATHX,Strength,,,,67KG,115KG,170KG,,,43
44,Melanie Jopp & Ronja Bubert,ATHX COPENHAGEN 2026,Denmark 🇩🇰,2026,Female,ATHX,Strength,,,,64KG,120KG,165KG,,,44
45,Lisa Greppi & Miriam Nicchi,ATHX COPENHAGEN 2026,Denmark 🇩🇰,2026,Female,ATHX,Strength,,,,75KG,133KG,139KG,,,45
46,Katarina  Leger & Selma Bodvarsdottir,ATHX COPENHAGEN 2026,Denmark 🇩🇰,2026,Female,ATHX,Strength,,,,66KG,87KG,129KG,,,46
47,Benedetta Puca & Sonia Serafini,ATHX COPENHAGEN 2026,Denmark 🇩🇰,2026,Female,ATHX,Strength,,,,61KG,76KG,141KG,,,47
48,alex faulkner & Hannah Peyton,ATHX COPENHAGEN 2026,Denmark 🇩🇰,2026,Female,ATHX,Strength,,,,55KG,100KG,110KG,,,48
1,Mathias  Guss & Antonia Kottulinsky,ATHX COPENHAGEN 2026,Denmark 🇩🇰,2026,Mixed,ATHX,Overall,1 (895KG),4 (9.554KM),2 (11:49),,,,,,7
2,Franco Bortoluzzi & Hilal Hamecher,ATHX COPENHAGEN 2026,Denmark 🇩🇰,2026,Mixed,ATHX,Overall,3 (756KG),5 (9.504KM),4 (12:29),,,,,,12
3,Anton Stålhandske & Karolina Blomstergren,ATHX COPENHAGEN 2026,Denmark 🇩🇰,2026,Mixed,ATHX,Overall,4 (742KG),11 (9.386KM),5 (12:57),,,,,,20
4,Sabrina Raahauge & Alexander Buchleitner,ATHX COPENHAGEN 2026,Denmark 🇩🇰,2026,Mixed,ATHX,Overall,2 (800KG),14 (9.265KM),13 (13:37),,,,,,29
5,Sören Hein & Greta Mees,ATHX COPENHAGEN 2026,Denmark 🇩🇰,2026,Mixed,ATHX,Overall,6 (708KG),16 (9.247KM),9 (13:22),,,,,,31
6,Oliver Toft Andersen & Siri Toft Andersen,ATHX COPENHAGEN 2026,Denmark 🇩🇰,2026,Mixed,ATHX,Overall,15 (642KG),10 (9.4KM),7 (13:15),,,,,,32
7,Florian Kowalczyk & Nadine Henningsen,ATHX COPENHAGEN 2026,Denmark 🇩🇰,2026,Mixed,ATHX,Overall,32 (585KG),1 (10.173KM),1 (11:46),,,,,,34
8,Daisy Taylor & Calum Upton,ATHX COPENHAGEN 2026,Denmark 🇩🇰,2026,Mixed,ATHX,Overall,10 (669KG),19 (9.182KM),6 (13:00),,,,,,35
8,Marco Bents & May-Brit Bents,ATHX COPENHAGEN 2026,Denmark 🇩🇰,2026,Mixed,ATHX,Overall,18 (640KG),7 (9.475KM),10 (13:25),,,,,,35
10,Ditte Petersen & Dino Karaman,ATHX COPENHAGEN 2026,Denmark 🇩🇰,2026,Mixed,ATHX,Overall,42 (551KG),2 (9.902KM),3 (12:22),,,,,,47
11,Pav Johal & Mark Robert Hassell,ATHX COPENHAGEN 2026,Denmark 🇩🇰,2026,Mixed,ATHX,Overall,12 (655KG),27 (9.053KM),11 (13:34),,,,,,50
12,Cecilia Thomas & Victor Thorendal,ATHX COPENHAGEN 2026,Denmark 🇩🇰,2026,Mixed,ATHX,Overall,21 (636KG),9 (9.411KM),21 (14:16),,,,,,51
13,Lenna Heinrichs & Jacob Mikkelsen,ATHX COPENHAGEN 2026,Denmark 🇩🇰,2026,Mixed,ATHX,Overall,33 (578KG),6 (9.498KM),14 (13:44),,,,,,53
14,Ninna  Skakon  & Thomas Korsgård Lund,ATHX COPENHAGEN 2026,Denmark 🇩🇰,2026,Mixed,ATHX,Overall,5 (741KG),30 (9.005KM),19 (14:07),,,,,,54
15,Gaia Mannarella & Luca Cavicchiolo,ATHX COPENHAGEN 2026,Denmark 🇩🇰,2026,Mixed,ATHX,Overall,31 (594KG),8 (9.437KM),20 (14:09),,,,,,59
16,Claudia Cristescu & Peter Jonas,ATHX COPENHAGEN 2026,Denmark 🇩🇰,2026,Mixed,ATHX,Overall,27 (605KG),18 (9.209KM),16 (13:48),,,,,,61
16,Rikke Nielsen & Nicolai Bjerre Trolle,ATHX COPENHAGEN 2026,Denmark 🇩🇰,2026,Mixed,ATHX,Overall,9 (690KG),26 (9.071KM),26 (14:29),,,,,,61
18,Marie-Gabrielle Rapatout & Louis-Arthur Meillier,ATHX COPENHAGEN 2026,Denmark 🇩🇰,2026,Mixed,ATHX,Overall,7 (706KG),33 (8.978KM),22 (14:17),,,,,,62
19,Jose Luis Urueta & Emma Sandberg,ATHX COPENHAGEN 2026,Denmark 🇩🇰,2026,Mixed,ATHX,Overall,11 (665KG),46 (8.749KM),11 (13:34),,,,,,68
19,Peter Blaha & Jill Blaha,ATHX COPENHAGEN 2026,Denmark 🇩🇰,2026,Mixed,ATHX,Overall,18 (640KG),42 (8.827KM),8 (13:20),,,,,,68
21,Merlin Aarna & Karl Mihkel Seenmaa,ATHX COPENHAGEN 2026,Denmark 🇩🇰,2026,Mixed,ATHX,Overall,30 (595KG),21 (9.131KM),18 (14:05),,,,,,69
22,Nicklas Lohse & Freja Hartvig,ATHX COPENHAGEN 2026,Denmark 🇩🇰,2026,Mixed,ATHX,Overall,22 (634KG),31 (8.985KM),17 (13:57),,,,,,70
23,giorgia foroni & davide aldrigo,ATHX COPENHAGEN 2026,Denmark 🇩🇰,2026,Mixed,ATHX,Overall,35 (572KG),15 (9.253KM),23 (14:22),,,,,,73
24,Magdalena Podgórska & TOMASZ GAJEWSKI,ATHX COPENHAGEN 2026,Denmark 🇩🇰,2026,Mixed,ATHX,Overall,29 (600KG),23 (9.081KM),30 (14:56),,,,,,82
25,Marjorie HESSE & Adrien Gomez,ATHX COPENHAGEN 2026,Denmark 🇩🇰,2026,Mixed,ATHX,Overall,57 (476KG),13 (9.32KM),15 (13:46),,,,,,85
26,Nicole Johansson & Onur Gökdere,ATHX COPENHAGEN 2026,Denmark 🇩🇰,2026,Mixed,ATHX,Overall,13 (650KG),29 (9.014KM),45 (16:10),,,,,,87
27,Philipp Peich & Rebecca Aust,ATHX COPENHAGEN 2026,Denmark 🇩🇰,2026,Mixed,ATHX,Overall,39 (555KG),28 (9.035KM),25 (14:26),,,,,,92
28,Pearu-Paul Piperal & Anette-Marie Arula,ATHX COPENHAGEN 2026,Denmark 🇩🇰,2026,Mixed,ATHX,Overall,14 (648KG),40 (8.829KM),42 (15:53),,,,,,96
29,ANNA KUZBIK & Andy Woodcock,ATHX COPENHAGEN 2026,Denmark 🇩🇰,2026,Mixed,ATHX,Overall,16 (641KG),54 (8.647KM),27 (14:32),,,,,,97
30,Andre Dirks & Jennifer Dirks,ATHX COPENHAGEN 2026,Denmark 🇩🇰,2026,Mixed,ATHX,Overall,53 (493KG),12 (9.349KM),34 (15:04),,,,,,99
31,frauke Hahn & Maik Burlage,ATHX COPENHAGEN 2026,Denmark 🇩🇰,2026,Mixed,ATHX,Overall,58 (475KG),22 (9.109KM),23 (14:22),,,,,,103
32,Ditte Holm & Rasmus Tangvig,ATHX COPENHAGEN 2026,Denmark 🇩🇰,2026,Mixed,ATHX,Overall,36 (571KG),39 (8.848KM),29 (14:41),,,,,,104
32,Jaqueline Gonzalez & Mustafa Gökce,ATHX COPENHAGEN 2026,Denmark 🇩🇰,2026,Mixed,ATHX,Overall,28 (604KG),45 (8.754KM),31 (14:57),,,,,,104
34,Pierre-Yves CEREL & Salma MAHDOUB,ATHX COPENHAGEN 2026,Denmark 🇩🇰,2026,Mixed,ATHX,Overall,16 (641KG),44 (8.797KM),47 (16:17),,,,,,107
35,Taia Jørgensen & Maximiliano Torriggino,ATHX COPENHAGEN 2026,Denmark 🇩🇰,2026,Mixed,ATHX,Overall,20 (639KG),53 (8.65KM),36 (15:16),,,,,,109
36,Maria Fuhr & Rasmus Kristensen,ATHX COPENHAGEN 2026,Denmark 🇩🇰,2026,Mixed,ATHX,Overall,69 (437KG),3 (9.791KM),38 (15:29),,,,,,110
37,Christopher Görwitz & Joana Dudeck,ATHX COPENHAGEN 2026,Denmark 🇩🇰,2026,Mixed,ATHX,Overall,40 (553KG),25 (9.076KM),48 (16:19),,,,,,113
37,Lauren Witte & Alex Smith,ATHX COPENHAGEN 2026,Denmark 🇩🇰,2026,Mixed,ATHX,Overall,23 (632KG),34 (8.976KM),56 (17:11),,,,,,113
39,Jenna Kadlubski & Sebastian Kadlubski,ATHX COPENHAGEN 2026,Denmark 🇩🇰,2026,Mixed,ATHX,Overall,51 (504KG),36 (8.888KM),32 (15:01),,,,,,119
40,Camilla Osaland & Martin Brummerstedt,ATHX COPENHAGEN 2026,Denmark 🇩🇰,2026,Mixed,ATHX,Overall,25 (620KG),38 (8.865KM),60 (17:27),,,,,,123
41,Anna Leufstedt & Jakob Leufstedt,ATHX COPENHAGEN 2026,Denmark 🇩🇰,2026,Mixed,ATHX,Overall,50 (526KG),41 (8.828KM),33 (15:03),,,,,,124
41,Kenneth Korndrup & Stina Skov,ATHX COPENHAGEN 2026,Denmark 🇩🇰,2026,Mixed,ATHX,Overall,34 (577KG),55 (8.634KM),35 (15:10),,,,,,124
43,Sabine Aahøj & daniel pedersen,ATHX COPENHAGEN 2026,Denmark 🇩🇰,2026,Mixed,ATHX,Overall,40 (553KG),20 (9.144KM),65 (17:57),,,,,,125
44,Stine Sloth & Kim Hansen,ATHX COPENHAGEN 2026,Denmark 🇩🇰,2026,Mixed,ATHX,Overall,66 (439KG),17 (9.216KM),43 (16:00),,,,,,126
45,Sven Marx & Samantha Siegert,ATHX COPENHAGEN 2026,Denmark 🇩🇰,2026,Mixed,ATHX,Overall,65 (440KG),36 (8.888KM),28 (14:33),,,,,,129
46,Francoise GOMEZ & Melvyn Gomez,ATHX COPENHAGEN 2026,Denmark 🇩🇰,2026,Mixed,ATHX,Overall,8 (700KG),76 (7.998KM),50 (16:23),,,,,,134
47,Anton Hirschauer & Britta Hirschauer,ATHX COPENHAGEN 2026,Denmark 🇩🇰,2026,Mixed,ATHX,Overall,37 (565KG),48 (8.684KM),53 (16:46),,,,,,138
48,Frederik Lützhøft Petersen & Matilde Andersen,ATHX COPENHAGEN 2026,Denmark 🇩🇰,2026,Mixed,ATHX,Overall,49 (531KG),52 (8.675KM),41 (15:49),,,,,,142
49,Janni Bragason & Jonas Holm Bragason,ATHX COPENHAGEN 2026,Denmark 🇩🇰,2026,Mixed,ATHX,Overall,43 (550KG),56 (8.609KM),44 (16:06),,,,,,143
50,Lea Gansted & Lars Kroeyer Jensen,ATHX COPENHAGEN 2026,Denmark 🇩🇰,2026,Mixed,ATHX,Overall,63 (443KG),24 (9.08KM),57 (17:17),,,,,,144
50,Lise Hemmingsen & Simon Winther Schor,ATHX COPENHAGEN 2026,Denmark 🇩🇰,2026,Mixed,ATHX,Overall,24 (627KG),68 (8.325KM),52 (16:38),,,,,,144
50,Emil Westerlind & Maja Westerlind,ATHX COPENHAGEN 2026,Denmark 🇩🇰,2026,Mixed,ATHX,Overall,46 (540KG),58 (8.588KM),40 (15:43),,,,,,144
53,Maria Echeverry & Leonardo Pinto,ATHX COPENHAGEN 2026,Denmark 🇩🇰,2026,Mixed,ATHX,Overall,43 (550KG),51 (8.678KM),54 (16:58),,,,,,148
54,Marek Niedenhoff & Janina Kleemann,ATHX COPENHAGEN 2026,Denmark 🇩🇰,2026,Mixed,ATHX,Overall,75 (408KG),35 (8.903KM),39 (15:36),,,,,,149
55,Christophe Amadieu & Corinne Nussbaumer,ATHX COPENHAGEN 2026,Denmark 🇩🇰,2026,Mixed,ATHX,Overall,56 (482KG),49 (8.679KM),49 (16:21),,,,,,154
56,Patrick Bengtsen & Tina Bengtsen,ATHX COPENHAGEN 2026,Denmark 🇩🇰,2026,Mixed,ATHX,Overall,46 (540KG),59 (8.577KM),51 (16:34),,,,,,156
57,caroline aae-hartwig & Lasse Aae-Hartwig,ATHX COPENHAGEN 2026,Denmark 🇩🇰,2026,Mixed,ATHX,Overall,26 (613KG),74 (8.028KM),58 (17:19),,,,,,158
58,Jonas Wiberg & Cecilia Wiberg,ATHX COPENHAGEN 2026,Denmark 🇩🇰,2026,Mixed,ATHX,Overall,73 (413KG),32 (8.979KM),55 (17:10),,,,,,160
59,Quentin Hilty & Thiefaine Bernard,ATHX COPENHAGEN 2026,Denmark 🇩🇰,2026,Mixed,ATHX,Overall,52 (497KG),63 (8.464KM),46 (16:14),,,,,,161
60,Tobias Klaus & Tanja Böttcher,ATHX COPENHAGEN 2026,Denmark 🇩🇰,2026,Mixed,ATHX,Overall,66 (439KG),60 (8.544KM),37 (15:18),,,,,,163
61,Linda Kannuberg & Simon Tykgaard,ATHX COPENHAGEN 2026,Denmark 🇩🇰,2026,Mixed,ATHX,Overall,48 (536KG),57 (8.595KM),69 (18:12),,,,,,174
62,Martin Soland & Giulia Maria Sangiorgi,ATHX COPENHAGEN 2026,Denmark 🇩🇰,2026,Mixed,ATHX,Overall,45 (546KG),71 (8.274KM),63 (17:45),,,,,,179
63,Lucy Dickinson & Mark Dickinson,ATHX COPENHAGEN 2026,Denmark 🇩🇰,2026,Mixed,ATHX,Overall,72 (424KG),49 (8.679KM),60 (17:27),,,,,,181
63,Rachael Tindall & Liam TINDALL,ATHX COPENHAGEN 2026,Denmark 🇩🇰,2026,Mixed,ATHX,Overall,37 (565KG),78 (6.488KM),66 (18:00),,,,,,181
65,Victor Mielche Zinck & Louise Mielche Zinck,ATHX COPENHAGEN 2026,Denmark 🇩🇰,2026,Mixed,ATHX,Overall,59 (470KG),65 (8.457KM),62 (17:39),,,,,,186
66,Henriette Berg & Daniel Berg,ATHX COPENHAGEN 2026,Denmark 🇩🇰,2026,Mixed,ATHX,Overall,55 (483KG),68 (8.325KM),68 (18:07),,,,,,191
66,Bex Minchin-Hepburn & Andrew Hepburn,ATHX COPENHAGEN 2026,Denmark 🇩🇰,2026,Mixed,ATHX,Overall,60 (458KG),67 (8.327KM),64 (17:53),,,,,,191
68,Amalie Lundholt & Jens Christian Lundholt,ATHX COPENHAGEN 2026,Denmark 🇩🇰,2026,Mixed,ATHX,Overall,78 (365KG),47 (8.708KM),67 (18:01),,,,,,192
69,Mikkel Dysted & Sharon Nalweyiso,ATHX COPENHAGEN 2026,Denmark 🇩🇰,2026,Mixed,ATHX,Overall,74 (412KG),43 (8.823KM),76 (21:25),,,,,,193
70,Klara Loessl & Abel Ridgewell,ATHX COPENHAGEN 2026,Denmark 🇩🇰,2026,Mixed,ATHX,Overall,62 (445KG),62 (8.517KM),74 (19:56),,,,,,198
71,Giulia Lombardo & Burak Culha,ATHX COPENHAGEN 2026,Denmark 🇩🇰,2026,Mixed,ATHX,Overall,61 (448KG),64 (8.46KM),75 (20:20),,,,,,200
72,Andrés Fritzbøger & Helle Margit Albrechtsen,ATHX COPENHAGEN 2026,Denmark 🇩🇰,2026,Mixed,ATHX,Overall,54 (488KG),75 (8.011KM),73 (19:52),,,,,,202
72,Steph Hannen & Lorenzo Ottaviani,ATHX COPENHAGEN 2026,Denmark 🇩🇰,2026,Mixed,ATHX,Overall,64 (441KG),61 (8.525KM),77 (22:02),,,,,,202
74,Anders Berendt Svendsen & Camilla Christensen,ATHX COPENHAGEN 2026,Denmark 🇩🇰,2026,Mixed,ATHX,Overall,76 (393KG),70 (8.295KM),59 (17:20),,,,,,205
75,Jes Kortsen & Hiam Ata abdelghani,ATHX COPENHAGEN 2026,Denmark 🇩🇰,2026,Mixed,ATHX,Overall,68 (438KG),72 (8.244KM),70 (18:33),,,,,,210
76,Christoffer Frydkjær & Mette Lundbech Frydkjær,ATHX COPENHAGEN 2026,Denmark 🇩🇰,2026,Mixed,ATHX,Overall,70 (425KG),73 (8.143KM),71 (19:37),,,,,,214
77,Maja Sand-Grimnitz & Henrik Sand-Grimnitz,ATHX COPENHAGEN 2026,Denmark 🇩🇰,2026,Mixed,ATHX,Overall,77 (368KG),66 (8.453KM),72 (19:43),,,,,,215
78,Anton SARIEV & Devi Patel,ATHX COPENHAGEN 2026,Denmark 🇩🇰,2026,Mixed,ATHX,Overall,70 (425KG),77 (7.928KM),78 (24:01),,,,,,225
1,Miles Canning & Jack Waters,ATHX COPENHAGEN 2026,Denmark 🇩🇰,2026,Male,ATHX,Strength,,,,194KG,355KG,380KG,,,1
2,Dave Lovelock & Alex Pope,ATHX COPENHAGEN 2026,Denmark 🇩🇰,2026,Male,ATHX,Strength,,,,180KG,325KG,390KG,,,2
3,Jihad Watt & Marcus Lowe,ATHX COPENHAGEN 2026,Denmark 🇩🇰,2026,Male,ATHX,Strength,,,,168KG,330KG,385KG,,,3
4,Robert Brown & Robbie Campbell,ATHX COPENHAGEN 2026,Denmark 🇩🇰,2026,Male,ATHX,Strength,,,,150KG,300KG,370KG,,,4
5,Jesper Gudemoos Jakobsen & Mick Petersen,ATHX COPENHAGEN 2026,Denmark 🇩🇰,2026,Male,ATHX,Strength,,,,185KG,295KG,325KG,,,5
6,Seb Boak-Smart & William Shepherd,ATHX COPENHAGEN 2026,Denmark 🇩🇰,2026,Male,ATHX,Strength,,,,163KG,310KG,330KG,,,6
7,Mikkel Christensen & Nicolai Fick Sørensen,ATHX COPENHAGEN 2026,Denmark 🇩🇰,2026,Male,ATHX,Strength,,,,155KG,310KG,335KG,,,7
7,Jesper Skov Christensen & Jacob Overgaard,ATHX COPENHAGEN 2026,Denmark 🇩🇰,2026,Male,ATHX,Strength,,,,160KG,290KG,350KG,,,7
9,Omar Baritello & Ben Elping,ATHX COPENHAGEN 2026,Denmark 🇩🇰,2026,Male,ATHX,Strength,,,,168KG,280KG,350KG,,,9
10,Chris Martin Pedersen & Thomas Frøsig Larsen,ATHX COPENHAGEN 2026,Denmark 🇩🇰,2026,Male,ATHX,Strength,,,,175KG,300KG,320KG,,,10
11,Lars Dettenkofer & Moritz Malzahn,ATHX COPENHAGEN 2026,Denmark 🇩🇰,2026,Male,ATHX,Strength,,,,145KG,290KG,350KG,,,11
11,Mattias Allgren & Johan Flobecker,ATHX COPENHAGEN 2026,Denmark 🇩🇰,2026,Male,ATHX,Strength,,,,145KG,290KG,350KG,,,11
13,younes lahrech & Patiu Rabiu,ATHX COPENHAGEN 2026,Denmark 🇩🇰,2026,Male,ATHX,Strength,,,,170KG,260KG,350KG,,,13
14,Robin Eidtmann & Thilo Kristen,ATHX COPENHAGEN 2026,Denmark 🇩🇰,2026,Male,ATHX,Strength,,,,145KG,272KG,360KG,,,14
15,Jonas Lucich & Steffen Andersen,ATHX COPENHAGEN 2026,Denmark 🇩🇰,2026,Male,ATHX,Strength,,,,152KG,270KG,350KG,,,15
16,Nicolas Miranda Furtado & Ross Mark,ATHX COPENHAGEN 2026,Denmark 🇩🇰,2026,Male,ATHX,Strength,,,,148KG,290KG,330KG,,,16
17,Callum Wilson & Cameron Neale,ATHX COPENHAGEN 2026,Denmark 🇩🇰,2026,Male,ATHX,Strength,,,,142KG,290KG,335KG,,,17
18,Theis Johannessen & Robin Jauer,ATHX COPENHAGEN 2026,Denmark 🇩🇰,2026,Male,ATHX,Strength,,,,140KG,270KG,351KG,,,18
19,Lewis long & Alex Fagen,ATHX COPENHAGEN 2026,Denmark 🇩🇰,2026,Male,ATHX,Strength,,,,131KG,275KG,353KG,,,19
20,Tyler Alexander & Remi Waucquier,ATHX COPENHAGEN 2026,Denmark 🇩🇰,2026,Male,ATHX,Strength,,,,163KG,300KG,291KG,,,20
21,Nicklas Tofte & Morten dahl,ATHX COPENHAGEN 2026,Denmark 🇩🇰,2026,Male,ATHX,Strength,,,,153KG,255KG,345KG,,,21
22,Antoine Mansencal & Konstantin Knobloch,ATHX COPENHAGEN 2026,Denmark 🇩🇰,2026,Male,ATHX,Strength,,,,143KG,260KG,345KG,,,22
23,Morten Nielsen & Carsten Bjørnskov,ATHX COPENHAGEN 2026,Denmark 🇩🇰,2026,Male,ATHX,Strength,,,,160KG,270KG,310KG,,,23
23,Christoph Raum & Phillip Meißner,ATHX COPENHAGEN 2026,Denmark 🇩🇰,2026,Male,ATHX,Strength,,,,150KG,260KG,330KG,,,23
25,Frederik Sommer & Brian Henriksen,ATHX COPENHAGEN 2026,Denmark 🇩🇰,2026,Male,ATHX,Strength,,,,145KG,255KG,335KG,,,25
25,Russell Quek & Gerald Yong,ATHX COPENHAGEN 2026,Denmark 🇩🇰,2026,Male,ATHX,Strength,,,,125KG,260KG,350KG,,,25
25,Ashley Reed & Callum Alcroft,ATHX COPENHAGEN 2026,Denmark 🇩🇰,2026,Male,ATHX,Strength,,,,155KG,250KG,330KG,,,25
25,Thomas Assoignon & Hélian Prats,ATHX COPENHAGEN 2026,Denmark 🇩🇰,2026,Male,ATHX,Strength,,,,145KG,250KG,340KG,,,25
29,Svend Burchardt & René Mikkelsen,ATHX COPENHAGEN 2026,Denmark 🇩🇰,2026,Male,ATHX,Strength,,,,158KG,252KG,316KG,,,29
30,Nicolai Rossen & Jonas Wachmann Seelhorst,ATHX COPENHAGEN 2026,Denmark 🇩🇰,2026,Male,ATHX,Strength,,,,135KG,300KG,290KG,,,30
31,Jordi Goetstouwers & Peter Klima,ATHX COPENHAGEN 2026,Denmark 🇩🇰,2026,Male,ATHX,Strength,,,,134KG,275KG,315KG,,,31
32,Nikola Ciric & Davorin Canak,ATHX COPENHAGEN 2026,Denmark 🇩🇰,2026,Male,ATHX,Strength,,,,130KG,270KG,320KG,,,32
33,Martin Held & Tobias Ståhl,ATHX COPENHAGEN 2026,Denmark 🇩🇰,2026,Male,ATHX,Strength,,,,148KG,250KG,320KG,,,33
34,Robert Walker & Ewan Stewart,ATHX COPENHAGEN 2026,Denmark 🇩🇰,2026,Male,ATHX,Strength,,,,145KG,270KG,300KG,,,34
35,Péter Alács & Bálint Juhász,ATHX COPENHAGEN 2026,Denmark 🇩🇰,2026,Male,ATHX,Strength,,,,145KG,240KG,320KG,,,35
35,Bjarke Kovshøj & Andreas Steinberg,ATHX COPENHAGEN 2026,Denmark 🇩🇰,2026,Male,ATHX,Strength,,,,145KG,260KG,300KG,,,35
37,Lucas Kjærgaard & Casper Gregers,ATHX COPENHAGEN 2026,Denmark 🇩🇰,2026,Male,ATHX,Strength,,,,131KG,250KG,320KG,,,37
38,Mehmet yaşar Şahin & bekir şengül,ATHX COPENHAGEN 2026,Denmark 🇩🇰,2026,Male,ATHX,Strength,,,,145KG,250KG,303KG,,,38
39,Peter Jensen & Jarl Runge Madsen,ATHX COPENHAGEN 2026,Denmark 🇩🇰,2026,Male,ATHX,Strength,,,,136KG,255KG,305KG,,,39
40,Kim Müller Andersen & Søren Hansen,ATHX COPENHAGEN 2026,Denmark 🇩🇰,2026,Male,ATHX,Strength,,,,135KG,200KG,355KG,,,40
41,David Knudsen & Jakob Dahl-Wrønding,ATHX COPENHAGEN 2026,Denmark 🇩🇰,2026,Male,ATHX,Strength,,,,148KG,250KG,290KG,,,41
42,Piotr Kaczor & Marcin Rutkowski,ATHX COPENHAGEN 2026,Denmark 🇩🇰,2026,Male,ATHX,Strength,,,,120KG,250KG,315KG,,,42
43,Gustav Silberbrandt & Asbjørn Kerrn-Jespersen,ATHX COPENHAGEN 2026,Denmark 🇩🇰,2026,Male,ATHX,Strength,,,,116KG,250KG,315KG,,,43
44,Ali Campbell-Birkett & Rob Fearn,ATHX COPENHAGEN 2026,Denmark 🇩🇰,2026,Male,ATHX,Strength,,,,111KG,250KG,307KG,,,44
45,Michael Ricatto & Sam Baza,ATHX COPENHAGEN 2026,Denmark 🇩🇰,2026,Male,ATHX,Strength,,,,134KG,220KG,310KG,,,45
46,Dario Miraglia & Edvardas Kazragis,ATHX COPENHAGEN 2026,Denmark 🇩🇰,2026,Male,ATHX,Strength,,,,143KG,230KG,290KG,,,46
47,Christian Rath & Brian Kadrovic-Krusbo,ATHX COPENHAGEN 2026,Denmark 🇩🇰,2026,Male,ATHX,Strength,,,,130KG,230KG,300KG,,,47
47,Simon Glob & William Pokriva,ATHX COPENHAGEN 2026,Denmark 🇩🇰,2026,Male,ATHX,Strength,,,,140KG,210KG,310KG,,,47
49,Nikolaj Reibke & Lars Jensen,ATHX COPENHAGEN 2026,Denmark 🇩🇰,2026,Male,ATHX,Strength,,,,128KG,245KG,285KG,,,49
50,Frederik Bøttcher & Casper Juul,ATHX COPENHAGEN 2026,Denmark 🇩🇰,2026,Male,ATHX,Strength,,,,138KG,230KG,280KG,,,50
51,Thomas Holtveg & Emil Enevoldsen,ATHX COPENHAGEN 2026,Denmark 🇩🇰,2026,Male,ATHX,Strength,,,,115KG,250KG,270KG,,,51
51,Søren Jensen & Tue Wisborg,ATHX COPENHAGEN 2026,Denmark 🇩🇰,2026,Male,ATHX,Strength,,,,135KG,220KG,280KG,,,51
53,Nicky Andersen & Rami Said,ATHX COPENHAGEN 2026,Denmark 🇩🇰,2026,Male,ATHX,Strength,,,,117KG,225KG,290KG,,,53
54,Alex Murphy & Harry Mole,ATHX COPENHAGEN 2026,Denmark 🇩🇰,2026,Male,ATHX,Strength,,,,140KG,215KG,270KG,,,54
55,Joel Lutz & Jan Schoch,ATHX COPENHAGEN 2026,Denmark 🇩🇰,2026,Male,ATHX,Strength,,,,118KG,220KG,275KG,,,55
56,Thilo Kostian & Bassam Abdulhai,ATHX COPENHAGEN 2026,Denmark 🇩🇰,2026,Male,ATHX,Strength,,,,110KG,215KG,280KG,,,56
57,Camillo Rodia & Arntit Koukio,ATHX COPENHAGEN 2026,Denmark 🇩🇰,2026,Male,ATHX,Strength,,,,118KG,203KG,280KG,,,57
58,Emil Lützen Thomsen & Gustav Dinesen,ATHX COPENHAGEN 2026,Denmark 🇩🇰,2026,Male,ATHX,Strength,,,,115KG,205KG,260KG,,,58
58,Joshua Abrahams & Jake Shepherd,ATHX COPENHAGEN 2026,Denmark 🇩🇰,2026,Male,ATHX,Strength,,,,140KG,180KG,260KG,,,58
60,aaron ronchi & Davide Annaro,ATHX COPENHAGEN 2026,Denmark 🇩🇰,2026,Male,ATHX,Strength,,,,137KG,131KG,310KG,,,60
60,Rune Faaborg Andersen & Niklas Faaborg Andersen,ATHX COPENHAGEN 2026,Denmark 🇩🇰,2026,Male,ATHX,Strength,,,,126KG,221KG,231KG,,,60
62,Daniel Griza & Mircea Popoveniuc,ATHX COPENHAGEN 2026,Denmark 🇩🇰,2026,Male,ATHX,Strength,,,,115KG,200KG,240KG,,,62
62,Eric Nicolas Hofschulte & Florian van der Stap,ATHX COPENHAGEN 2026,Denmark 🇩🇰,2026,Male,ATHX,Strength,,,,125KG,210KG,220KG,,,62
64,Markus Havshøj Mortensen & Fillip Mortensen,ATHX COPENHAGEN 2026,Denmark 🇩🇰,2026,Male,ATHX,Strength,,,,110KG,210KG,230KG,,,64
65,Marco Gall & Kasper Sattrup,ATHX COPENHAGEN 2026,Denmark 🇩🇰,2026,Male,ATHX,Strength,,,,101KG,200KG,230KG,,,65
66,Kasper Hansen & Leon Hansen,ATHX COPENHAGEN 2026,Denmark 🇩🇰,2026,Male,ATHX,Strength,,,,120KG,190KG,220KG,,,66
67,Brian Jensen & Niklas Nielsen,ATHX COPENHAGEN 2026,Denmark 🇩🇰,2026,Male,ATHX,Strength,,,,106KG,170KG,253KG,,,67
68,Michael Clement & Simon Husted,ATHX COPENHAGEN 2026,Denmark 🇩🇰,2026,Male,ATHX,Strength,,,,116KG,190KG,210KG,,,68
69,Bahadir Dagli & Ömer Ögen,ATHX COPENHAGEN 2026,Denmark 🇩🇰,2026,Male,ATHX,Strength,,,,105KG,190KG,215KG,,,69
70,Christian Svitring & Benjamin Vogelius,ATHX COPENHAGEN 2026,Denmark 🇩🇰,2026,Male,ATHX,Strength,,,,111KG,155KG,235KG,,,70
71,Curdin Berther & Lars Achermann,ATHX COPENHAGEN 2026,Denmark 🇩🇰,2026,Male,ATHX,Strength,,,,110KG,180KG,210KG,,,71
72,Toby Fullwood & Dave Kateley,ATHX COPENHAGEN 2026,Denmark 🇩🇰,2026,Male,ATHX,Strength,,,,115KG,135KG,240KG,,,72
73,Adam Christopher & Stanley Christopher,ATHX COPENHAGEN 2026,Denmark 🇩🇰,2026,Male,ATHX,Strength,,,,99KG,160KG,200KG,,,73
1,Jihad Watt & Marcus Lowe,ATHX COPENHAGEN 2026,Denmark 🇩🇰,2026,Male,ATHX,MetCon X,,,11:56,,,,,,1
2,Seb Boak-Smart & William Shepherd,ATHX COPENHAGEN 2026,Denmark 🇩🇰,2026,Male,ATHX,MetCon X,,,12:21,,,,,,2
3,Jonas Lucich & Steffen Andersen,ATHX COPENHAGEN 2026,Denmark 🇩🇰,2026,Male,ATHX,MetCon X,,,12:49,,,,,,3
4,Frederik Sommer & Brian Henriksen,ATHX COPENHAGEN 2026,Denmark 🇩🇰,2026,Male,ATHX,MetCon X,,,13:03,,,,,,4
4,Peter Jensen & Jarl Runge Madsen,ATHX COPENHAGEN 2026,Denmark 🇩🇰,2026,Male,ATHX,MetCon X,,,13:03,,,,,,4
6,Thomas Assoignon & Hélian Prats,ATHX COPENHAGEN 2026,Denmark 🇩🇰,2026,Male,ATHX,MetCon X,,,13:05,,,,,,6
7,Nicolai Rossen & Jonas Wachmann Seelhorst,ATHX COPENHAGEN 2026,Denmark 🇩🇰,2026,Male,ATHX,MetCon X,,,13:09,,,,,,7
8,Nicolas Miranda Furtado & Ross Mark,ATHX COPENHAGEN 2026,Denmark 🇩🇰,2026,Male,ATHX,MetCon X,,,13:10,,,,,,8
9,Miles Canning & Jack Waters,ATHX COPENHAGEN 2026,Denmark 🇩🇰,2026,Male,ATHX,MetCon X,,,13:11,,,,,,9
10,Lewis long & Alex Fagen,ATHX COPENHAGEN 2026,Denmark 🇩🇰,2026,Male,ATHX,MetCon X,,,13:20,,,,,,10
11,Omar Baritello & Ben Elping,ATHX COPENHAGEN 2026,Denmark 🇩🇰,2026,Male,ATHX,MetCon X,,,13:29,,,,,,11
12,Morten Nielsen & Carsten Bjørnskov,ATHX COPENHAGEN 2026,Denmark 🇩🇰,2026,Male,ATHX,MetCon X,,,13:36,,,,,,12
13,Robin Eidtmann & Thilo Kristen,ATHX COPENHAGEN 2026,Denmark 🇩🇰,2026,Male,ATHX,MetCon X,,,13:39,,,,,,13
14,Michael Ricatto & Sam Baza,ATHX COPENHAGEN 2026,Denmark 🇩🇰,2026,Male,ATHX,MetCon X,,,13:40,,,,,,14
15,Callum Wilson & Cameron Neale,ATHX COPENHAGEN 2026,Denmark 🇩🇰,2026,Male,ATHX,MetCon X,,,13:44,,,,,,15
16,Dave Lovelock & Alex Pope,ATHX COPENHAGEN 2026,Denmark 🇩🇰,2026,Male,ATHX,MetCon X,,,13:46,,,,,,16
17,Theis Johannessen & Robin Jauer,ATHX COPENHAGEN 2026,Denmark 🇩🇰,2026,Male,ATHX,MetCon X,,,13:49,,,,,,17
18,Chris Martin Pedersen & Thomas Frøsig Larsen,ATHX COPENHAGEN 2026,Denmark 🇩🇰,2026,Male,ATHX,MetCon X,,,13:52,,,,,,18
18,Antoine Mansencal & Konstantin Knobloch,ATHX COPENHAGEN 2026,Denmark 🇩🇰,2026,Male,ATHX,MetCon X,,,13:52,,,,,,18
20,Dario Miraglia & Edvardas Kazragis,ATHX COPENHAGEN 2026,Denmark 🇩🇰,2026,Male,ATHX,MetCon X,,,13:53,,,,,,20
21,Martin Held & Tobias Ståhl,ATHX COPENHAGEN 2026,Denmark 🇩🇰,2026,Male,ATHX,MetCon X,,,14:11,,,,,,21
22,younes lahrech & Patiu Rabiu,ATHX COPENHAGEN 2026,Denmark 🇩🇰,2026,Male,ATHX,MetCon X,,,14:14,,,,,,22
23,Jesper Skov Christensen & Jacob Overgaard,ATHX COPENHAGEN 2026,Denmark 🇩🇰,2026,Male,ATHX,MetCon X,,,14:16,,,,,,23
24,Jordi Goetstouwers & Peter Klima,ATHX COPENHAGEN 2026,Denmark 🇩🇰,2026,Male,ATHX,MetCon X,,,14:19,,,,,,24
25,Svend Burchardt & René Mikkelsen,ATHX COPENHAGEN 2026,Denmark 🇩🇰,2026,Male,ATHX,MetCon X,,,14:25,,,,,,25
26,Lars Dettenkofer & Moritz Malzahn,ATHX COPENHAGEN 2026,Denmark 🇩🇰,2026,Male,ATHX,MetCon X,,,14:26,,,,,,26
26,Nicklas Tofte & Morten dahl,ATHX COPENHAGEN 2026,Denmark 🇩🇰,2026,Male,ATHX,MetCon X,,,14:26,,,,,,26
28,Ali Campbell-Birkett & Rob Fearn,ATHX COPENHAGEN 2026,Denmark 🇩🇰,2026,Male,ATHX,MetCon X,,,14:27,,,,,,28
29,Simon Glob & William Pokriva,ATHX COPENHAGEN 2026,Denmark 🇩🇰,2026,Male,ATHX,MetCon X,,,14:48,,,,,,29
30,Lucas Kjærgaard & Casper Gregers,ATHX COPENHAGEN 2026,Denmark 🇩🇰,2026,Male,ATHX,MetCon X,,,14:50,,,,,,30
31,Piotr Kaczor & Marcin Rutkowski,ATHX COPENHAGEN 2026,Denmark 🇩🇰,2026,Male,ATHX,MetCon X,,,14:52,,,,,,31
32,Mattias Allgren & Johan Flobecker,ATHX COPENHAGEN 2026,Denmark 🇩🇰,2026,Male,ATHX,MetCon X,,,14:53,,,,,,32
33,Kim Müller Andersen & Søren Hansen,ATHX COPENHAGEN 2026,Denmark 🇩🇰,2026,Male,ATHX,MetCon X,,,14:54,,,,,,33
34,Gustav Silberbrandt & Asbjørn Kerrn-Jespersen,ATHX COPENHAGEN 2026,Denmark 🇩🇰,2026,Male,ATHX,MetCon X,,,15:01,,,,,,34
35,Tyler Alexander & Remi Waucquier,ATHX COPENHAGEN 2026,Denmark 🇩🇰,2026,Male,ATHX,MetCon X,,,15:09,,,,,,35
36,Nikolaj Reibke & Lars Jensen,ATHX COPENHAGEN 2026,Denmark 🇩🇰,2026,Male,ATHX,MetCon X,,,15:15,,,,,,36
37,Bjarke Kovshøj & Andreas Steinberg,ATHX COPENHAGEN 2026,Denmark 🇩🇰,2026,Male,ATHX,MetCon X,,,15:20,,,,,,37
38,Joel Lutz & Jan Schoch,ATHX COPENHAGEN 2026,Denmark 🇩🇰,2026,Male,ATHX,MetCon X,,,15:30,,,,,,38
39,Ashley Reed & Callum Alcroft,ATHX COPENHAGEN 2026,Denmark 🇩🇰,2026,Male,ATHX,MetCon X,,,15:31,,,,,,39
40,Péter Alács & Bálint Juhász,ATHX COPENHAGEN 2026,Denmark 🇩🇰,2026,Male,ATHX,MetCon X,,,15:40,,,,,,40
40,Christoph Raum & Phillip Meißner,ATHX COPENHAGEN 2026,Denmark 🇩🇰,2026,Male,ATHX,MetCon X,,,15:40,,,,,,40
42,Thomas Holtveg & Emil Enevoldsen,ATHX COPENHAGEN 2026,Denmark 🇩🇰,2026,Male,ATHX,MetCon X,,,15:54,,,,,,42
42,Joshua Abrahams & Jake Shepherd,ATHX COPENHAGEN 2026,Denmark 🇩🇰,2026,Male,ATHX,MetCon X,,,15:54,,,,,,42
44,Christian Rath & Brian Kadrovic-Krusbo,ATHX COPENHAGEN 2026,Denmark 🇩🇰,2026,Male,ATHX,MetCon X,,,16:02,,,,,,44
45,Nikola Ciric & Davorin Canak,ATHX COPENHAGEN 2026,Denmark 🇩🇰,2026,Male,ATHX,MetCon X,,,16:05,,,,,,45
46,Mikkel Christensen & Nicolai Fick Sørensen,ATHX COPENHAGEN 2026,Denmark 🇩🇰,2026,Male,ATHX,MetCon X,,,16:08,,,,,,46
46,Nicky Andersen & Rami Said,ATHX COPENHAGEN 2026,Denmark 🇩🇰,2026,Male,ATHX,MetCon X,,,16:08,,,,,,46
48,Emil Lützen Thomsen & Gustav Dinesen,ATHX COPENHAGEN 2026,Denmark 🇩🇰,2026,Male,ATHX,MetCon X,,,16:18,,,,,,48
49,aaron ronchi & Davide Annaro,ATHX COPENHAGEN 2026,Denmark 🇩🇰,2026,Male,ATHX,MetCon X,,,16:27,,,,,,49
50,David Knudsen & Jakob Dahl-Wrønding,ATHX COPENHAGEN 2026,Denmark 🇩🇰,2026,Male,ATHX,MetCon X,,,16:32,,,,,,50
51,Eric Nicolas Hofschulte & Florian van der Stap,ATHX COPENHAGEN 2026,Denmark 🇩🇰,2026,Male,ATHX,MetCon X,,,16:40,,,,,,51
52,Markus Havshøj Mortensen & Fillip Mortensen,ATHX COPENHAGEN 2026,Denmark 🇩🇰,2026,Male,ATHX,MetCon X,,,16:52,,,,,,52
53,Frederik Bøttcher & Casper Juul,ATHX COPENHAGEN 2026,Denmark 🇩🇰,2026,Male,ATHX,MetCon X,,,16:56,,,,,,53
54,Brian Jensen & Niklas Nielsen,ATHX COPENHAGEN 2026,Denmark 🇩🇰,2026,Male,ATHX,MetCon X,,,16:59,,,,,,54
55,Alex Murphy & Harry Mole,ATHX COPENHAGEN 2026,Denmark 🇩🇰,2026,Male,ATHX,MetCon X,,,17:01,,,,,,55
56,Robert Walker & Ewan Stewart,ATHX COPENHAGEN 2026,Denmark 🇩🇰,2026,Male,ATHX,MetCon X,,,17:06,,,,,,56
57,Daniel Griza & Mircea Popoveniuc,ATHX COPENHAGEN 2026,Denmark 🇩🇰,2026,Male,ATHX,MetCon X,,,17:31,,,,,,57
58,Curdin Berther & Lars Achermann,ATHX COPENHAGEN 2026,Denmark 🇩🇰,2026,Male,ATHX,MetCon X,,,17:41,,,,,,58
58,Kasper Hansen & Leon Hansen,ATHX COPENHAGEN 2026,Denmark 🇩🇰,2026,Male,ATHX,MetCon X,,,17:41,,,,,,58
60,Søren Jensen & Tue Wisborg,ATHX COPENHAGEN 2026,Denmark 🇩🇰,2026,Male,ATHX,MetCon X,,,18:13,,,,,,60
61,Robert Brown & Robbie Campbell,ATHX COPENHAGEN 2026,Denmark 🇩🇰,2026,Male,ATHX,MetCon X,,,18:31,,,,,,61
62,Thilo Kostian & Bassam Abdulhai,ATHX COPENHAGEN 2026,Denmark 🇩🇰,2026,Male,ATHX,MetCon X,,,18:52,,,,,,62
63,Christian Svitring & Benjamin Vogelius,ATHX COPENHAGEN 2026,Denmark 🇩🇰,2026,Male,ATHX,MetCon X,,,19:01,,,,,,63
64,Toby Fullwood & Dave Kateley,ATHX COPENHAGEN 2026,Denmark 🇩🇰,2026,Male,ATHX,MetCon X,,,19:36,,,,,,64
65,Camillo Rodia & Arntit Koukio,ATHX COPENHAGEN 2026,Denmark 🇩🇰,2026,Male,ATHX,MetCon X,,,19:49,,,,,,65
66,Mehmet yaşar Şahin & bekir şengül,ATHX COPENHAGEN 2026,Denmark 🇩🇰,2026,Male,ATHX,MetCon X,,,20:24,,,,,,66
67,Jesper Gudemoos Jakobsen & Mick Petersen,ATHX COPENHAGEN 2026,Denmark 🇩🇰,2026,Male,ATHX,MetCon X,,,20:58,,,,,,67
68,Russell Quek & Gerald Yong,ATHX COPENHAGEN 2026,Denmark 🇩🇰,2026,Male,ATHX,MetCon X,,,21:09,,,,,,68
69,Marco Gall & Kasper Sattrup,ATHX COPENHAGEN 2026,Denmark 🇩🇰,2026,Male,ATHX,MetCon X,,,21:11,,,,,,69
70,Michael Clement & Simon Husted,ATHX COPENHAGEN 2026,Denmark 🇩🇰,2026,Male,ATHX,MetCon X,,,21:14,,,,,,70
71,Adam Christopher & Stanley Christopher,ATHX COPENHAGEN 2026,Denmark 🇩🇰,2026,Male,ATHX,MetCon X,,,21:48,,,,,,71
72,Rune Faaborg Andersen & Niklas Faaborg Andersen,ATHX COPENHAGEN 2026,Denmark 🇩🇰,2026,Male,ATHX,MetCon X,,,21:59,,,,,,72
73,Bahadir Dagli & Ömer Ögen,ATHX COPENHAGEN 2026,Denmark 🇩🇰,2026,Male,ATHX,MetCon X,,,25:19,,,,,,73
1,Mathias  Guss & Antonia Kottulinsky,ATHX COPENHAGEN 2026,Denmark 🇩🇰,2026,Mixed,ATHX,Strength,,,,160KG,360KG,375KG,,,1
2,Sabrina Raahauge & Alexander Buchleitner,ATHX COPENHAGEN 2026,Denmark 🇩🇰,2026,Mixed,ATHX,Strength,,,,145KG,300KG,355KG,,,2
3,Franco Bortoluzzi & Hilal Hamecher,ATHX COPENHAGEN 2026,Denmark 🇩🇰,2026,Mixed,ATHX,Strength,,,,127KG,288KG,341KG,,,3
4,Anton Stålhandske & Karolina Blomstergren,ATHX COPENHAGEN 2026,Denmark 🇩🇰,2026,Mixed,ATHX,Strength,,,,139KG,270KG,333KG,,,4
5,Ninna  Skakon  & Thomas Korsgård Lund,ATHX COPENHAGEN 2026,Denmark 🇩🇰,2026,Mixed,ATHX,Strength,,,,138KG,282KG,321KG,,,5
6,Sören Hein & Greta Mees,ATHX COPENHAGEN 2026,Denmark 🇩🇰,2026,Mixed,ATHX,Strength,,,,122KG,254KG,332KG,,,6
7,Marie-Gabrielle Rapatout & Louis-Arthur Meillier,ATHX COPENHAGEN 2026,Denmark 🇩🇰,2026,Mixed,ATHX,Strength,,,,136KG,245KG,325KG,,,7
8,Francoise GOMEZ & Melvyn Gomez,ATHX COPENHAGEN 2026,Denmark 🇩🇰,2026,Mixed,ATHX,Strength,,,,120KG,230KG,350KG,,,8
9,Rikke Nielsen & Nicolai Bjerre Trolle,ATHX COPENHAGEN 2026,Denmark 🇩🇰,2026,Mixed,ATHX,Strength,,,,120KG,260KG,310KG,,,9
10,Daisy Taylor & Calum Upton,ATHX COPENHAGEN 2026,Denmark 🇩🇰,2026,Mixed,ATHX,Strength,,,,111KG,255KG,303KG,,,10
11,Jose Luis Urueta & Emma Sandberg,ATHX COPENHAGEN 2026,Denmark 🇩🇰,2026,Mixed,ATHX,Strength,,,,120KG,260KG,285KG,,,11
12,Pav Johal & Mark Robert Hassell,ATHX COPENHAGEN 2026,Denmark 🇩🇰,2026,Mixed,ATHX,Strength,,,,100KG,245KG,310KG,,,12
13,Nicole Johansson & Onur Gökdere,ATHX COPENHAGEN 2026,Denmark 🇩🇰,2026,Mixed,ATHX,Strength,,,,120KG,240KG,290KG,,,13
14,Pearu-Paul Piperal & Anette-Marie Arula,ATHX COPENHAGEN 2026,Denmark 🇩🇰,2026,Mixed,ATHX,Strength,,,,121KG,236KG,291KG,,,14
15,Oliver Toft Andersen & Siri Toft Andersen,ATHX COPENHAGEN 2026,Denmark 🇩🇰,2026,Mixed,ATHX,Strength,,,,129KG,228KG,285KG,,,15
16,Pierre-Yves CEREL & Salma MAHDOUB,ATHX COPENHAGEN 2026,Denmark 🇩🇰,2026,Mixed,ATHX,Strength,,,,121KG,230KG,290KG,,,16
16,ANNA KUZBIK & Andy Woodcock,ATHX COPENHAGEN 2026,Denmark 🇩🇰,2026,Mixed,ATHX,Strength,,,,118KG,232KG,291KG,,,16
18,Peter Blaha & Jill Blaha,ATHX COPENHAGEN 2026,Denmark 🇩🇰,2026,Mixed,ATHX,Strength,,,,115KG,230KG,295KG,,,18
18,Marco Bents & May-Brit Bents,ATHX COPENHAGEN 2026,Denmark 🇩🇰,2026,Mixed,ATHX,Strength,,,,130KG,215KG,295KG,,,18
20,Taia Jørgensen & Maximiliano Torriggino,ATHX COPENHAGEN 2026,Denmark 🇩🇰,2026,Mixed,ATHX,Strength,,,,114KG,240KG,285KG,,,20
21,Cecilia Thomas & Victor Thorendal,ATHX COPENHAGEN 2026,Denmark 🇩🇰,2026,Mixed,ATHX,Strength,,,,119KG,236KG,281KG,,,21
22,Nicklas Lohse & Freja Hartvig,ATHX COPENHAGEN 2026,Denmark 🇩🇰,2026,Mixed,ATHX,Strength,,,,139KG,245KG,250KG,,,22
23,Lauren Witte & Alex Smith,ATHX COPENHAGEN 2026,Denmark 🇩🇰,2026,Mixed,ATHX,Strength,,,,112KG,245KG,275KG,,,23
24,Lise Hemmingsen & Simon Winther Schor,ATHX COPENHAGEN 2026,Denmark 🇩🇰,2026,Mixed,ATHX,Strength,,,,115KG,245KG,267KG,,,24
25,Camilla Osaland & Martin Brummerstedt,ATHX COPENHAGEN 2026,Denmark 🇩🇰,2026,Mixed,ATHX,Strength,,,,112KG,220KG,288KG,,,25
26,caroline aae-hartwig & Lasse Aae-Hartwig,ATHX COPENHAGEN 2026,Denmark 🇩🇰,2026,Mixed,ATHX,Strength,,,,118KG,225KG,270KG,,,26
27,Claudia Cristescu & Peter Jonas,ATHX COPENHAGEN 2026,Denmark 🇩🇰,2026,Mixed,ATHX,Strength,,,,105KG,215KG,285KG,,,27
28,Jaqueline Gonzalez & Mustafa Gökce,ATHX COPENHAGEN 2026,Denmark 🇩🇰,2026,Mixed,ATHX,Strength,,,,115KG,224KG,265KG,,,28
29,Magdalena Podgórska & TOMASZ GAJEWSKI,ATHX COPENHAGEN 2026,Denmark 🇩🇰,2026,Mixed,ATHX,Strength,,,,125KG,225KG,250KG,,,29
30,Merlin Aarna & Karl Mihkel Seenmaa,ATHX COPENHAGEN 2026,Denmark 🇩🇰,2026,Mixed,ATHX,Strength,,,,95KG,225KG,275KG,,,30
31,Gaia Mannarella & Luca Cavicchiolo,ATHX COPENHAGEN 2026,Denmark 🇩🇰,2026,Mixed,ATHX,Strength,,,,100KG,217KG,277KG,,,31
32,Florian Kowalczyk & Nadine Henningsen,ATHX COPENHAGEN 2026,Denmark 🇩🇰,2026,Mixed,ATHX,Strength,,,,113KG,215KG,257KG,,,32
33,Lenna Heinrichs & Jacob Mikkelsen,ATHX COPENHAGEN 2026,Denmark 🇩🇰,2026,Mixed,ATHX,Strength,,,,118KG,190KG,270KG,,,33
34,Kenneth Korndrup & Stina Skov,ATHX COPENHAGEN 2026,Denmark 🇩🇰,2026,Mixed,ATHX,Strength,,,,111KG,212KG,254KG,,,34
35,giorgia foroni & davide aldrigo,ATHX COPENHAGEN 2026,Denmark 🇩🇰,2026,Mixed,ATHX,Strength,,,,117KG,215KG,240KG,,,35
36,Ditte Holm & Rasmus Tangvig,ATHX COPENHAGEN 2026,Denmark 🇩🇰,2026,Mixed,ATHX,Strength,,,,116KG,200KG,255KG,,,36
37,Anton Hirschauer & Britta Hirschauer,ATHX COPENHAGEN 2026,Denmark 🇩🇰,2026,Mixed,ATHX,Strength,,,,103KG,215KG,247KG,,,37
37,Rachael Tindall & Liam TINDALL,ATHX COPENHAGEN 2026,Denmark 🇩🇰,2026,Mixed,ATHX,Strength,,,,125KG,235KG,205KG,,,37
39,Philipp Peich & Rebecca Aust,ATHX COPENHAGEN 2026,Denmark 🇩🇰,2026,Mixed,ATHX,Strength,,,,113KG,205KG,237KG,,,39
40,Christopher Görwitz & Joana Dudeck,ATHX COPENHAGEN 2026,Denmark 🇩🇰,2026,Mixed,ATHX,Strength,,,,109KG,194KG,250KG,,,40
40,Sabine Aahøj & daniel pedersen,ATHX COPENHAGEN 2026,Denmark 🇩🇰,2026,Mixed,ATHX,Strength,,,,103KG,210KG,240KG,,,40
42,Ditte Petersen & Dino Karaman,ATHX COPENHAGEN 2026,Denmark 🇩🇰,2026,Mixed,ATHX,Strength,,,,109KG,192KG,250KG,,,42
43,Maria Echeverry & Leonardo Pinto,ATHX COPENHAGEN 2026,Denmark 🇩🇰,2026,Mixed,ATHX,Strength,,,,111KG,204KG,235KG,,,43
43,Janni Bragason & Jonas Holm Bragason,ATHX COPENHAGEN 2026,Denmark 🇩🇰,2026,Mixed,ATHX,Strength,,,,95KG,200KG,255KG,,,43
45,Martin Soland & Giulia Maria Sangiorgi,ATHX COPENHAGEN 2026,Denmark 🇩🇰,2026,Mixed,ATHX,Strength,,,,111KG,210KG,225KG,,,45
46,Patrick Bengtsen & Tina Bengtsen,ATHX COPENHAGEN 2026,Denmark 🇩🇰,2026,Mixed,ATHX,Strength,,,,110KG,185KG,245KG,,,46
46,Emil Westerlind & Maja Westerlind,ATHX COPENHAGEN 2026,Denmark 🇩🇰,2026,Mixed,ATHX,Strength,,,,108KG,180KG,252KG,,,46
48,Linda Kannuberg & Simon Tykgaard,ATHX COPENHAGEN 2026,Denmark 🇩🇰,2026,Mixed,ATHX,Strength,,,,100KG,185KG,251KG,,,48
49,Frederik Lützhøft Petersen & Matilde Andersen,ATHX COPENHAGEN 2026,Denmark 🇩🇰,2026,Mixed,ATHX,Strength,,,,106KG,175KG,250KG,,,49
50,Anna Leufstedt & Jakob Leufstedt,ATHX COPENHAGEN 2026,Denmark 🇩🇰,2026,Mixed,ATHX,Strength,,,,101KG,180KG,245KG,,,50
51,Jenna Kadlubski & Sebastian Kadlubski,ATHX COPENHAGEN 2026,Denmark 🇩🇰,2026,Mixed,ATHX,Strength,,,,91KG,188KG,225KG,,,51
52,Quentin Hilty & Thiefaine Bernard,ATHX COPENHAGEN 2026,Denmark 🇩🇰,2026,Mixed,ATHX,Strength,,,,97KG,180KG,220KG,,,52
53,Andre Dirks & Jennifer Dirks,ATHX COPENHAGEN 2026,Denmark 🇩🇰,2026,Mixed,ATHX,Strength,,,,103KG,175KG,215KG,,,53
54,Andrés Fritzbøger & Helle Margit Albrechtsen,ATHX COPENHAGEN 2026,Denmark 🇩🇰,2026,Mixed,ATHX,Strength,,,,83KG,170KG,235KG,,,54
55,Henriette Berg & Daniel Berg,ATHX COPENHAGEN 2026,Denmark 🇩🇰,2026,Mixed,ATHX,Strength,,,,98KG,185KG,200KG,,,55
56,Christophe Amadieu & Corinne Nussbaumer,ATHX COPENHAGEN 2026,Denmark 🇩🇰,2026,Mixed,ATHX,Strength,,,,106KG,170KG,206KG,,,56
57,Marjorie HESSE & Adrien Gomez,ATHX COPENHAGEN 2026,Denmark 🇩🇰,2026,Mixed,ATHX,Strength,,,,86KG,155KG,235KG,,,57
58,frauke Hahn & Maik Burlage,ATHX COPENHAGEN 2026,Denmark 🇩🇰,2026,Mixed,ATHX,Strength,,,,110KG,160KG,205KG,,,58
59,Victor Mielche Zinck & Louise Mielche Zinck,ATHX COPENHAGEN 2026,Denmark 🇩🇰,2026,Mixed,ATHX,Strength,,,,95KG,170KG,205KG,,,59
60,Bex Minchin-Hepburn & Andrew Hepburn,ATHX COPENHAGEN 2026,Denmark 🇩🇰,2026,Mixed,ATHX,Strength,,,,93KG,155KG,210KG,,,60
61,Giulia Lombardo & Burak Culha,ATHX COPENHAGEN 2026,Denmark 🇩🇰,2026,Mixed,ATHX,Strength,,,,88KG,170KG,190KG,,,61
62,Klara Loessl & Abel Ridgewell,ATHX COPENHAGEN 2026,Denmark 🇩🇰,2026,Mixed,ATHX,Strength,,,,75KG,160KG,210KG,,,62
63,Lea Gansted & Lars Kroeyer Jensen,ATHX COPENHAGEN 2026,Denmark 🇩🇰,2026,Mixed,ATHX,Strength,,,,99KG,134KG,210KG,,,63
64,Steph Hannen & Lorenzo Ottaviani,ATHX COPENHAGEN 2026,Denmark 🇩🇰,2026,Mixed,ATHX,Strength,,,,86KG,170KG,185KG,,,64
65,Sven Marx & Samantha Siegert,ATHX COPENHAGEN 2026,Denmark 🇩🇰,2026,Mixed,ATHX,Strength,,,,85KG,150KG,205KG,,,65
66,Stine Sloth & Kim Hansen,ATHX COPENHAGEN 2026,Denmark 🇩🇰,2026,Mixed,ATHX,Strength,,,,91KG,147KG,201KG,,,66
66,Tobias Klaus & Tanja Böttcher,ATHX COPENHAGEN 2026,Denmark 🇩🇰,2026,Mixed,ATHX,Strength,,,,87KG,164KG,188KG,,,66
68,Jes Kortsen & Hiam Ata abdelghani,ATHX COPENHAGEN 2026,Denmark 🇩🇰,2026,Mixed,ATHX,Strength,,,,91KG,152KG,195KG,,,68
69,Maria Fuhr & Rasmus Kristensen,ATHX COPENHAGEN 2026,Denmark 🇩🇰,2026,Mixed,ATHX,Strength,,,,87KG,145KG,205KG,,,69
70,Anton SARIEV & Devi Patel,ATHX COPENHAGEN 2026,Denmark 🇩🇰,2026,Mixed,ATHX,Strength,,,,70KG,165KG,190KG,,,70
70,Christoffer Frydkjær & Mette Lundbech Frydkjær,ATHX COPENHAGEN 2026,Denmark 🇩🇰,2026,Mixed,ATHX,Strength,,,,90KG,160KG,175KG,,,70
72,Lucy Dickinson & Mark Dickinson,ATHX COPENHAGEN 2026,Denmark 🇩🇰,2026,Mixed,ATHX,Strength,,,,84KG,155KG,185KG,,,72
73,Jonas Wiberg & Cecilia Wiberg,ATHX COPENHAGEN 2026,Denmark 🇩🇰,2026,Mixed,ATHX,Strength,,,,89KG,144KG,180KG,,,73
74,Mikkel Dysted & Sharon Nalweyiso,ATHX COPENHAGEN 2026,Denmark 🇩🇰,2026,Mixed,ATHX,Strength,,,,72KG,155KG,185KG,,,74
75,Marek Niedenhoff & Janina Kleemann,ATHX COPENHAGEN 2026,Denmark 🇩🇰,2026,Mixed,ATHX,Strength,,,,90KG,133KG,185KG,,,75
76,Anders Berendt Svendsen & Camilla Christensen,ATHX COPENHAGEN 2026,Denmark 🇩🇰,2026,Mixed,ATHX,Strength,,,,88KG,125KG,180KG,,,76
77,Maja Sand-Grimnitz & Henrik Sand-Grimnitz,ATHX COPENHAGEN 2026,Denmark 🇩🇰,2026,Mixed,ATHX,Strength,,,,71KG,135KG,162KG,,,77
78,Amalie Lundholt & Jens Christian Lundholt,ATHX COPENHAGEN 2026,Denmark 🇩🇰,2026,Mixed,ATHX,Strength,,,,90KG,135KG,140KG,,,78
1,Thomas Assoignon & Hélian Prats,ATHX COPENHAGEN 2026,Denmark 🇩🇰,2026,Male,ATHX,Endurance,,,,,,,4.793KM,5.494KM,1
2,Jesper Skov Christensen & Jacob Overgaard,ATHX COPENHAGEN 2026,Denmark 🇩🇰,2026,Male,ATHX,Endurance,,,,,,,4.5KM,5.673KM,2
3,Michael Ricatto & Sam Baza,ATHX COPENHAGEN 2026,Denmark 🇩🇰,2026,Male,ATHX,Endurance,,,,,,,4.5KM,5.594KM,3
4,Peter Jensen & Jarl Runge Madsen,ATHX COPENHAGEN 2026,Denmark 🇩🇰,2026,Male,ATHX,Endurance,,,,,,,4.091KM,5.859KM,4
5,Dario Miraglia & Edvardas Kazragis,ATHX COPENHAGEN 2026,Denmark 🇩🇰,2026,Male,ATHX,Endurance,,,,,,,4.268KM,5.674KM,5
6,Nicolai Rossen & Jonas Wachmann Seelhorst,ATHX COPENHAGEN 2026,Denmark 🇩🇰,2026,Male,ATHX,Endurance,,,,,,,4.405KM,5.491KM,6
7,Robin Eidtmann & Thilo Kristen,ATHX COPENHAGEN 2026,Denmark 🇩🇰,2026,Male,ATHX,Endurance,,,,,,,4.008KM,5.851KM,7
8,Lars Dettenkofer & Moritz Malzahn,ATHX COPENHAGEN 2026,Denmark 🇩🇰,2026,Male,ATHX,Endurance,,,,,,,4.073KM,5.712KM,8
9,Callum Wilson & Cameron Neale,ATHX COPENHAGEN 2026,Denmark 🇩🇰,2026,Male,ATHX,Endurance,,,,,,,4.076KM,5.69KM,9
10,Lucas Kjærgaard & Casper Gregers,ATHX COPENHAGEN 2026,Denmark 🇩🇰,2026,Male,ATHX,Endurance,,,,,,,4.084KM,5.66KM,10
11,Seb Boak-Smart & William Shepherd,ATHX COPENHAGEN 2026,Denmark 🇩🇰,2026,Male,ATHX,Endurance,,,,,,,4.113KM,5.596KM,11
12,Alex Murphy & Harry Mole,ATHX COPENHAGEN 2026,Denmark 🇩🇰,2026,Male,ATHX,Endurance,,,,,,,4.328KM,5.36KM,12
13,Ashley Reed & Callum Alcroft,ATHX COPENHAGEN 2026,Denmark 🇩🇰,2026,Male,ATHX,Endurance,,,,,,,4.097KM,5.588KM,13
14,Nicolas Miranda Furtado & Ross Mark,ATHX COPENHAGEN 2026,Denmark 🇩🇰,2026,Male,ATHX,Endurance,,,,,,,3.75KM,5.925KM,14
15,Péter Alács & Bálint Juhász,ATHX COPENHAGEN 2026,Denmark 🇩🇰,2026,Male,ATHX,Endurance,,,,,,,4.122KM,5.552KM,15
16,younes lahrech & Patiu Rabiu,ATHX COPENHAGEN 2026,Denmark 🇩🇰,2026,Male,ATHX,Endurance,,,,,,,4.313KM,5.351KM,16
17,Omar Baritello & Ben Elping,ATHX COPENHAGEN 2026,Denmark 🇩🇰,2026,Male,ATHX,Endurance,,,,,,,4.005KM,5.653KM,17
18,Theis Johannessen & Robin Jauer,ATHX COPENHAGEN 2026,Denmark 🇩🇰,2026,Male,ATHX,Endurance,,,,,,,4KM,5.634KM,18
19,Jihad Watt & Marcus Lowe,ATHX COPENHAGEN 2026,Denmark 🇩🇰,2026,Male,ATHX,Endurance,,,,,,,3.878KM,5.74KM,19
20,Jonas Lucich & Steffen Andersen,ATHX COPENHAGEN 2026,Denmark 🇩🇰,2026,Male,ATHX,Endurance,,,,,,,3.75KM,5.863KM,20
21,Joel Lutz & Jan Schoch,ATHX COPENHAGEN 2026,Denmark 🇩🇰,2026,Male,ATHX,Endurance,,,,,,,4.284KM,5.266KM,21
22,Miles Canning & Jack Waters,ATHX COPENHAGEN 2026,Denmark 🇩🇰,2026,Male,ATHX,Endurance,,,,,,,3.832KM,5.714KM,22
23,Antoine Mansencal & Konstantin Knobloch,ATHX COPENHAGEN 2026,Denmark 🇩🇰,2026,Male,ATHX,Endurance,,,,,,,3.78KM,5.732KM,23
24,Lewis long & Alex Fagen,ATHX COPENHAGEN 2026,Denmark 🇩🇰,2026,Male,ATHX,Endurance,,,,,,,4.006KM,5.49KM,24
25,Eric Nicolas Hofschulte & Florian van der Stap,ATHX COPENHAGEN 2026,Denmark 🇩🇰,2026,Male,ATHX,Endurance,,,,,,,4.009KM,5.481KM,25
26,Kim Müller Andersen & Søren Hansen,ATHX COPENHAGEN 2026,Denmark 🇩🇰,2026,Male,ATHX,Endurance,,,,,,,3.75KM,5.679KM,26
27,Nicklas Tofte & Morten dahl,ATHX COPENHAGEN 2026,Denmark 🇩🇰,2026,Male,ATHX,Endurance,,,,,,,4.113KM,5.279KM,27
28,Frederik Sommer & Brian Henriksen,ATHX COPENHAGEN 2026,Denmark 🇩🇰,2026,Male,ATHX,Endurance,,,,,,,3.766KM,5.622KM,28
29,Thomas Holtveg & Emil Enevoldsen,ATHX COPENHAGEN 2026,Denmark 🇩🇰,2026,Male,ATHX,Endurance,,,,,,,4.01KM,5.354KM,29
30,Christoph Raum & Phillip Meißner,ATHX COPENHAGEN 2026,Denmark 🇩🇰,2026,Male,ATHX,Endurance,,,,,,,3.678KM,5.657KM,30
31,Mattias Allgren & Johan Flobecker,ATHX COPENHAGEN 2026,Denmark 🇩🇰,2026,Male,ATHX,Endurance,,,,,,,3.75KM,5.575KM,31
32,Chris Martin Pedersen & Thomas Frøsig Larsen,ATHX COPENHAGEN 2026,Denmark 🇩🇰,2026,Male,ATHX,Endurance,,,,,,,3.721KM,5.601KM,32
32,Ali Campbell-Birkett & Rob Fearn,ATHX COPENHAGEN 2026,Denmark 🇩🇰,2026,Male,ATHX,Endurance,,,,,,,3.873KM,5.449KM,32
34,Joshua Abrahams & Jake Shepherd,ATHX COPENHAGEN 2026,Denmark 🇩🇰,2026,Male,ATHX,Endurance,,,,,,,4.5KM,4.818KM,34
35,Svend Burchardt & René Mikkelsen,ATHX COPENHAGEN 2026,Denmark 🇩🇰,2026,Male,ATHX,Endurance,,,,,,,3.616KM,5.657KM,35
36,Markus Havshøj Mortensen & Fillip Mortensen,ATHX COPENHAGEN 2026,Denmark 🇩🇰,2026,Male,ATHX,Endurance,,,,,,,3.901KM,5.348KM,36
37,Morten Nielsen & Carsten Bjørnskov,ATHX COPENHAGEN 2026,Denmark 🇩🇰,2026,Male,ATHX,Endurance,,,,,,,3.667KM,5.57KM,37
38,Jordi Goetstouwers & Peter Klima,ATHX COPENHAGEN 2026,Denmark 🇩🇰,2026,Male,ATHX,Endurance,,,,,,,3.75KM,5.476KM,38
39,Søren Jensen & Tue Wisborg,ATHX COPENHAGEN 2026,Denmark 🇩🇰,2026,Male,ATHX,Endurance,,,,,,,3.889KM,5.325KM,39
40,Piotr Kaczor & Marcin Rutkowski,ATHX COPENHAGEN 2026,Denmark 🇩🇰,2026,Male,ATHX,Endurance,,,,,,,3.825KM,5.377KM,40
41,Robert Walker & Ewan Stewart,ATHX COPENHAGEN 2026,Denmark 🇩🇰,2026,Male,ATHX,Endurance,,,,,,,3.75KM,5.446KM,41
42,Daniel Griza & Mircea Popoveniuc,ATHX COPENHAGEN 2026,Denmark 🇩🇰,2026,Male,ATHX,Endurance,,,,,,,3.894KM,5.261KM,42
43,Nicky Andersen & Rami Said,ATHX COPENHAGEN 2026,Denmark 🇩🇰,2026,Male,ATHX,Endurance,,,,,,,3.75KM,5.385KM,43
44,Bjarke Kovshøj & Andreas Steinberg,ATHX COPENHAGEN 2026,Denmark 🇩🇰,2026,Male,ATHX,Endurance,,,,,,,3.567KM,5.562KM,44
45,Emil Lützen Thomsen & Gustav Dinesen,ATHX COPENHAGEN 2026,Denmark 🇩🇰,2026,Male,ATHX,Endurance,,,,,,,3.75KM,5.334KM,45
46,Tyler Alexander & Remi Waucquier,ATHX COPENHAGEN 2026,Denmark 🇩🇰,2026,Male,ATHX,Endurance,,,,,,,3.633KM,5.433KM,46
47,Dave Lovelock & Alex Pope,ATHX COPENHAGEN 2026,Denmark 🇩🇰,2026,Male,ATHX,Endurance,,,,,,,3.793KM,5.266KM,47
48,Simon Glob & William Pokriva,ATHX COPENHAGEN 2026,Denmark 🇩🇰,2026,Male,ATHX,Endurance,,,,,,,3.681KM,5.376KM,48
49,Christian Rath & Brian Kadrovic-Krusbo,ATHX COPENHAGEN 2026,Denmark 🇩🇰,2026,Male,ATHX,Endurance,,,,,,,3.739KM,5.297KM,49
50,Mikkel Christensen & Nicolai Fick Sørensen,ATHX COPENHAGEN 2026,Denmark 🇩🇰,2026,Male,ATHX,Endurance,,,,,,,3.826KM,5.209KM,50
51,Gustav Silberbrandt & Asbjørn Kerrn-Jespersen,ATHX COPENHAGEN 2026,Denmark 🇩🇰,2026,Male,ATHX,Endurance,,,,,,,3.713KM,5.319KM,51
52,Nikolaj Reibke & Lars Jensen,ATHX COPENHAGEN 2026,Denmark 🇩🇰,2026,Male,ATHX,Endurance,,,,,,,3.425KM,5.517KM,52
53,Kasper Hansen & Leon Hansen,ATHX COPENHAGEN 2026,Denmark 🇩🇰,2026,Male,ATHX,Endurance,,,,,,,3.75KM,5.159KM,53
54,Martin Held & Tobias Ståhl,ATHX COPENHAGEN 2026,Denmark 🇩🇰,2026,Male,ATHX,Endurance,,,,,,,3.603KM,5.283KM,54
55,Brian Jensen & Niklas Nielsen,ATHX COPENHAGEN 2026,Denmark 🇩🇰,2026,Male,ATHX,Endurance,,,,,,,3.75KM,5.122KM,55
56,Frederik Bøttcher & Casper Juul,ATHX COPENHAGEN 2026,Denmark 🇩🇰,2026,Male,ATHX,Endurance,,,,,,,3.807KM,5.034KM,56
57,Curdin Berther & Lars Achermann,ATHX COPENHAGEN 2026,Denmark 🇩🇰,2026,Male,ATHX,Endurance,,,,,,,3.75KM,5.08KM,57
58,Nikola Ciric & Davorin Canak,ATHX COPENHAGEN 2026,Denmark 🇩🇰,2026,Male,ATHX,Endurance,,,,,,,3.68KM,5.096KM,58
59,Marco Gall & Kasper Sattrup,ATHX COPENHAGEN 2026,Denmark 🇩🇰,2026,Male,ATHX,Endurance,,,,,,,3.75KM,4.94KM,59
60,Adam Christopher & Stanley Christopher,ATHX COPENHAGEN 2026,Denmark 🇩🇰,2026,Male,ATHX,Endurance,,,,,,,3.75KM,4.916KM,60
61,David Knudsen & Jakob Dahl-Wrønding,ATHX COPENHAGEN 2026,Denmark 🇩🇰,2026,Male,ATHX,Endurance,,,,,,,3.412KM,5.248KM,61
61,Robert Brown & Robbie Campbell,ATHX COPENHAGEN 2026,Denmark 🇩🇰,2026,Male,ATHX,Endurance,,,,,,,3.682KM,4.978KM,61
63,Christian Svitring & Benjamin Vogelius,ATHX COPENHAGEN 2026,Denmark 🇩🇰,2026,Male,ATHX,Endurance,,,,,,,3.424KM,5.225KM,63
64,Rune Faaborg Andersen & Niklas Faaborg Andersen,ATHX COPENHAGEN 2026,Denmark 🇩🇰,2026,Male,ATHX,Endurance,,,,,,,3.713KM,4.929KM,64
65,Russell Quek & Gerald Yong,ATHX COPENHAGEN 2026,Denmark 🇩🇰,2026,Male,ATHX,Endurance,,,,,,,3.6KM,4.946KM,65
66,Michael Clement & Simon Husted,ATHX COPENHAGEN 2026,Denmark 🇩🇰,2026,Male,ATHX,Endurance,,,,,,,3.438KM,5.093KM,66
67,aaron ronchi & Davide Annaro,ATHX COPENHAGEN 2026,Denmark 🇩🇰,2026,Male,ATHX,Endurance,,,,,,,3.155KM,5.355KM,67
68,Camillo Rodia & Arntit Koukio,ATHX COPENHAGEN 2026,Denmark 🇩🇰,2026,Male,ATHX,Endurance,,,,,,,3.474KM,5.028KM,68
68,Jesper Gudemoos Jakobsen & Mick Petersen,ATHX COPENHAGEN 2026,Denmark 🇩🇰,2026,Male,ATHX,Endurance,,,,,,,3.314KM,5.188KM,68
70,Thilo Kostian & Bassam Abdulhai,ATHX COPENHAGEN 2026,Denmark 🇩🇰,2026,Male,ATHX,Endurance,,,,,,,3.77KM,4.61KM,70
71,Bahadir Dagli & Ömer Ögen,ATHX COPENHAGEN 2026,Denmark 🇩🇰,2026,Male,ATHX,Endurance,,,,,,,3.551KM,4.48KM,71
72,Mehmet yaşar Şahin & bekir şengül,ATHX COPENHAGEN 2026,Denmark 🇩🇰,2026,Male,ATHX,Endurance,,,,,,,2.897KM,5.079KM,72
73,Toby Fullwood & Dave Kateley,ATHX COPENHAGEN 2026,Denmark 🇩🇰,2026,Male,ATHX,Endurance,,,,,,,3.454KM,4.015KM,73
1,Seb Boak-Smart & William Shepherd,ATHX COPENHAGEN 2026,Denmark 🇩🇰,2026,Male,ATHX,Overall,6 (803KG),11 (9.709KM),2 (12:21),,,,,,19
2,Jihad Watt & Marcus Lowe,ATHX COPENHAGEN 2026,Denmark 🇩🇰,2026,Male,ATHX,Overall,3 (883KG),19 (9.618KM),1 (11:56),,,,,,23
3,Miles Canning & Jack Waters,ATHX COPENHAGEN 2026,Denmark 🇩🇰,2026,Male,ATHX,Overall,1 (929KG),22 (9.546KM),9 (13:11),,,,,,32
3,Thomas Assoignon & Hélian Prats,ATHX COPENHAGEN 2026,Denmark 🇩🇰,2026,Male,ATHX,Overall,25 (735KG),1 (10.287KM),6 (13:05),,,,,,32
5,Jesper Skov Christensen & Jacob Overgaard,ATHX COPENHAGEN 2026,Denmark 🇩🇰,2026,Male,ATHX,Overall,7 (800KG),2 (10.173KM),23 (14:16),,,,,,32
6,Robin Eidtmann & Thilo Kristen,ATHX COPENHAGEN 2026,Denmark 🇩🇰,2026,Male,ATHX,Overall,14 (777KG),7 (9.859KM),13 (13:39),,,,,,34
7,Omar Baritello & Ben Elping,ATHX COPENHAGEN 2026,Denmark 🇩🇰,2026,Male,ATHX,Overall,9 (798KG),17 (9.658KM),11 (13:29),,,,,,37
8,Jonas Lucich & Steffen Andersen,ATHX COPENHAGEN 2026,Denmark 🇩🇰,2026,Male,ATHX,Overall,15 (772KG),20 (9.613KM),3 (12:49),,,,,,38
8,Nicolas Miranda Furtado & Ross Mark,ATHX COPENHAGEN 2026,Denmark 🇩🇰,2026,Male,ATHX,Overall,16 (768KG),14 (9.675KM),8 (13:10),,,,,,38
10,Callum Wilson & Cameron Neale,ATHX COPENHAGEN 2026,Denmark 🇩🇰,2026,Male,ATHX,Overall,17 (767KG),9 (9.766KM),15 (13:44),,,,,,41
11,Nicolai Rossen & Jonas Wachmann Seelhorst,ATHX COPENHAGEN 2026,Denmark 🇩🇰,2026,Male,ATHX,Overall,30 (725KG),6 (9.896KM),7 (13:09),,,,,,43
12,Lars Dettenkofer & Moritz Malzahn,ATHX COPENHAGEN 2026,Denmark 🇩🇰,2026,Male,ATHX,Overall,11 (785KG),8 (9.785KM),26 (14:26),,,,,,45
13,Peter Jensen & Jarl Runge Madsen,ATHX COPENHAGEN 2026,Denmark 🇩🇰,2026,Male,ATHX,Overall,39 (696KG),4 (9.95KM),4 (13:03),,,,,,47
14,younes lahrech & Patiu Rabiu,ATHX COPENHAGEN 2026,Denmark 🇩🇰,2026,Male,ATHX,Overall,13 (780KG),16 (9.664KM),22 (14:14),,,,,,51
15,Theis Johannessen & Robin Jauer,ATHX COPENHAGEN 2026,Denmark 🇩🇰,2026,Male,ATHX,Overall,18 (761KG),18 (9.634KM),17 (13:49),,,,,,53
15,Lewis long & Alex Fagen,ATHX COPENHAGEN 2026,Denmark 🇩🇰,2026,Male,ATHX,Overall,19 (759KG),24 (9.496KM),10 (13:20),,,,,,53
17,Frederik Sommer & Brian Henriksen,ATHX COPENHAGEN 2026,Denmark 🇩🇰,2026,Male,ATHX,Overall,25 (735KG),28 (9.388KM),4 (13:03),,,,,,57
18,Chris Martin Pedersen & Thomas Frøsig Larsen,ATHX COPENHAGEN 2026,Denmark 🇩🇰,2026,Male,ATHX,Overall,10 (795KG),32 (9.322KM),18 (13:52),,,,,,60
19,Michael Ricatto & Sam Baza,ATHX COPENHAGEN 2026,Denmark 🇩🇰,2026,Male,ATHX,Overall,45 (664KG),3 (10.094KM),14 (13:40),,,,,,62
20,Antoine Mansencal & Konstantin Knobloch,ATHX COPENHAGEN 2026,Denmark 🇩🇰,2026,Male,ATHX,Overall,22 (748KG),23 (9.512KM),18 (13:52),,,,,,63
21,Dave Lovelock & Alex Pope,ATHX COPENHAGEN 2026,Denmark 🇩🇰,2026,Male,ATHX,Overall,2 (895KG),47 (9.059KM),16 (13:46),,,,,,65
22,Dario Miraglia & Edvardas Kazragis,ATHX COPENHAGEN 2026,Denmark 🇩🇰,2026,Male,ATHX,Overall,46 (663KG),5 (9.942KM),20 (13:53),,,,,,71
23,Morten Nielsen & Carsten Bjørnskov,ATHX COPENHAGEN 2026,Denmark 🇩🇰,2026,Male,ATHX,Overall,23 (740KG),37 (9.237KM),12 (13:36),,,,,,72
24,Nicklas Tofte & Morten dahl,ATHX COPENHAGEN 2026,Denmark 🇩🇰,2026,Male,ATHX,Overall,21 (753KG),27 (9.392KM),26 (14:26),,,,,,74
24,Mattias Allgren & Johan Flobecker,ATHX COPENHAGEN 2026,Denmark 🇩🇰,2026,Male,ATHX,Overall,11 (785KG),31 (9.325KM),32 (14:53),,,,,,74
26,Lucas Kjærgaard & Casper Gregers,ATHX COPENHAGEN 2026,Denmark 🇩🇰,2026,Male,ATHX,Overall,37 (701KG),10 (9.744KM),30 (14:50),,,,,,77
26,Ashley Reed & Callum Alcroft,ATHX COPENHAGEN 2026,Denmark 🇩🇰,2026,Male,ATHX,Overall,25 (735KG),13 (9.685KM),39 (15:31),,,,,,77
28,Svend Burchardt & René Mikkelsen,ATHX COPENHAGEN 2026,Denmark 🇩🇰,2026,Male,ATHX,Overall,29 (726KG),35 (9.273KM),25 (14:25),,,,,,89
29,Péter Alács & Bálint Juhász,ATHX COPENHAGEN 2026,Denmark 🇩🇰,2026,Male,ATHX,Overall,35 (705KG),15 (9.674KM),40 (15:40),,,,,,90
30,Jordi Goetstouwers & Peter Klima,ATHX COPENHAGEN 2026,Denmark 🇩🇰,2026,Male,ATHX,Overall,31 (724KG),38 (9.226KM),24 (14:19),,,,,,93
30,Christoph Raum & Phillip Meißner,ATHX COPENHAGEN 2026,Denmark 🇩🇰,2026,Male,ATHX,Overall,23 (740KG),30 (9.335KM),40 (15:40),,,,,,93
32,Kim Müller Andersen & Søren Hansen,ATHX COPENHAGEN 2026,Denmark 🇩🇰,2026,Male,ATHX,Overall,40 (690KG),26 (9.429KM),33 (14:54),,,,,,99
33,Tyler Alexander & Remi Waucquier,ATHX COPENHAGEN 2026,Denmark 🇩🇰,2026,Male,ATHX,Overall,20 (754KG),46 (9.066KM),35 (15:09),,,,,,101
34,Mikkel Christensen & Nicolai Fick Sørensen,ATHX COPENHAGEN 2026,Denmark 🇩🇰,2026,Male,ATHX,Overall,7 (800KG),50 (9.035KM),46 (16:08),,,,,,103
35,Ali Campbell-Birkett & Rob Fearn,ATHX COPENHAGEN 2026,Denmark 🇩🇰,2026,Male,ATHX,Overall,44 (668KG),32 (9.322KM),28 (14:27),,,,,,104
36,Martin Held & Tobias Ståhl,ATHX COPENHAGEN 2026,Denmark 🇩🇰,2026,Male,ATHX,Overall,33 (718KG),54 (8.886KM),21 (14:11),,,,,,108
37,Piotr Kaczor & Marcin Rutkowski,ATHX COPENHAGEN 2026,Denmark 🇩🇰,2026,Male,ATHX,Overall,42 (685KG),40 (9.202KM),31 (14:52),,,,,,113
38,Joel Lutz & Jan Schoch,ATHX COPENHAGEN 2026,Denmark 🇩🇰,2026,Male,ATHX,Overall,55 (613KG),21 (9.55KM),38 (15:30),,,,,,114
39,Bjarke Kovshøj & Andreas Steinberg,ATHX COPENHAGEN 2026,Denmark 🇩🇰,2026,Male,ATHX,Overall,35 (705KG),44 (9.129KM),37 (15:20),,,,,,116
40,Alex Murphy & Harry Mole,ATHX COPENHAGEN 2026,Denmark 🇩🇰,2026,Male,ATHX,Overall,54 (625KG),12 (9.688KM),55 (17:01),,,,,,121
41,Thomas Holtveg & Emil Enevoldsen,ATHX COPENHAGEN 2026,Denmark 🇩🇰,2026,Male,ATHX,Overall,51 (635KG),29 (9.364KM),42 (15:54),,,,,,122
42,Simon Glob & William Pokriva,ATHX COPENHAGEN 2026,Denmark 🇩🇰,2026,Male,ATHX,Overall,47 (660KG),48 (9.057KM),29 (14:48),,,,,,124
43,Robert Brown & Robbie Campbell,ATHX COPENHAGEN 2026,Denmark 🇩🇰,2026,Male,ATHX,Overall,4 (820KG),61 (8.66KM),61 (18:31),,,,,,126
44,Gustav Silberbrandt & Asbjørn Kerrn-Jespersen,ATHX COPENHAGEN 2026,Denmark 🇩🇰,2026,Male,ATHX,Overall,43 (681KG),51 (9.032KM),34 (15:01),,,,,,128
45,Robert Walker & Ewan Stewart,ATHX COPENHAGEN 2026,Denmark 🇩🇰,2026,Male,ATHX,Overall,34 (715KG),41 (9.196KM),56 (17:06),,,,,,131
46,Joshua Abrahams & Jake Shepherd,ATHX COPENHAGEN 2026,Denmark 🇩🇰,2026,Male,ATHX,Overall,58 (580KG),34 (9.318KM),42 (15:54),,,,,,134
47,Nikola Ciric & Davorin Canak,ATHX COPENHAGEN 2026,Denmark 🇩🇰,2026,Male,ATHX,Overall,32 (720KG),58 (8.776KM),45 (16:05),,,,,,135
48,Nikolaj Reibke & Lars Jensen,ATHX COPENHAGEN 2026,Denmark 🇩🇰,2026,Male,ATHX,Overall,49 (658KG),52 (8.942KM),36 (15:15),,,,,,137
49,Eric Nicolas Hofschulte & Florian van der Stap,ATHX COPENHAGEN 2026,Denmark 🇩🇰,2026,Male,ATHX,Overall,62 (555KG),25 (9.49KM),51 (16:40),,,,,,138
50,Christian Rath & Brian Kadrovic-Krusbo,ATHX COPENHAGEN 2026,Denmark 🇩🇰,2026,Male,ATHX,Overall,47 (660KG),49 (9.036KM),44 (16:02),,,,,,140
50,Jesper Gudemoos Jakobsen & Mick Petersen,ATHX COPENHAGEN 2026,Denmark 🇩🇰,2026,Male,ATHX,Overall,5 (805KG),68 (8.502KM),67 (20:58),,,,,,140
52,Nicky Andersen & Rami Said,ATHX COPENHAGEN 2026,Denmark 🇩🇰,2026,Male,ATHX,Overall,53 (632KG),43 (9.135KM),46 (16:08),,,,,,142
53,Søren Jensen & Tue Wisborg,ATHX COPENHAGEN 2026,Denmark 🇩🇰,2026,Male,ATHX,Overall,51 (635KG),39 (9.214KM),60 (18:13),,,,,,150
54,Emil Lützen Thomsen & Gustav Dinesen,ATHX COPENHAGEN 2026,Denmark 🇩🇰,2026,Male,ATHX,Overall,58 (580KG),45 (9.084KM),48 (16:18),,,,,,151
55,David Knudsen & Jakob Dahl-Wrønding,ATHX COPENHAGEN 2026,Denmark 🇩🇰,2026,Male,ATHX,Overall,41 (688KG),61 (8.66KM),50 (16:32),,,,,,152
55,Markus Havshøj Mortensen & Fillip Mortensen,ATHX COPENHAGEN 2026,Denmark 🇩🇰,2026,Male,ATHX,Overall,64 (550KG),36 (9.249KM),52 (16:52),,,,,,152
57,Russell Quek & Gerald Yong,ATHX COPENHAGEN 2026,Denmark 🇩🇰,2026,Male,ATHX,Overall,25 (735KG),65 (8.546KM),68 (21:09),,,,,,158
58,Frederik Bøttcher & Casper Juul,ATHX COPENHAGEN 2026,Denmark 🇩🇰,2026,Male,ATHX,Overall,50 (648KG),56 (8.841KM),53 (16:56),,,,,,159
59,Daniel Griza & Mircea Popoveniuc,ATHX COPENHAGEN 2026,Denmark 🇩🇰,2026,Male,ATHX,Overall,62 (555KG),42 (9.155KM),57 (17:31),,,,,,161
60,aaron ronchi & Davide Annaro,ATHX COPENHAGEN 2026,Denmark 🇩🇰,2026,Male,ATHX,Overall,60 (578KG),67 (8.51KM),49 (16:27),,,,,,176
60,Brian Jensen & Niklas Nielsen,ATHX COPENHAGEN 2026,Denmark 🇩🇰,2026,Male,ATHX,Overall,67 (529KG),55 (8.872KM),54 (16:59),,,,,,176
60,Mehmet yaşar Şahin & bekir şengül,ATHX COPENHAGEN 2026,Denmark 🇩🇰,2026,Male,ATHX,Overall,38 (698KG),72 (7.976KM),66 (20:24),,,,,,176
63,Kasper Hansen & Leon Hansen,ATHX COPENHAGEN 2026,Denmark 🇩🇰,2026,Male,ATHX,Overall,66 (530KG),53 (8.909KM),58 (17:41),,,,,,177
64,Curdin Berther & Lars Achermann,ATHX COPENHAGEN 2026,Denmark 🇩🇰,2026,Male,ATHX,Overall,71 (500KG),57 (8.83KM),58 (17:41),,,,,,186
65,Thilo Kostian & Bassam Abdulhai,ATHX COPENHAGEN 2026,Denmark 🇩🇰,2026,Male,ATHX,Overall,56 (605KG),70 (8.38KM),62 (18:52),,,,,,188
66,Camillo Rodia & Arntit Koukio,ATHX COPENHAGEN 2026,Denmark 🇩🇰,2026,Male,ATHX,Overall,57 (601KG),68 (8.502KM),65 (19:49),,,,,,190
67,Marco Gall & Kasper Sattrup,ATHX COPENHAGEN 2026,Denmark 🇩🇰,2026,Male,ATHX,Overall,65 (531KG),59 (8.69KM),69 (21:11),,,,,,193
68,Christian Svitring & Benjamin Vogelius,ATHX COPENHAGEN 2026,Denmark 🇩🇰,2026,Male,ATHX,Overall,70 (501KG),63 (8.649KM),63 (19:01),,,,,,196
68,Rune Faaborg Andersen & Niklas Faaborg Andersen,ATHX COPENHAGEN 2026,Denmark 🇩🇰,2026,Male,ATHX,Overall,60 (578KG),64 (8.642KM),72 (21:59),,,,,,196
70,Adam Christopher & Stanley Christopher,ATHX COPENHAGEN 2026,Denmark 🇩🇰,2026,Male,ATHX,Overall,73 (459KG),60 (8.666KM),71 (21:48),,,,,,204
70,Michael Clement & Simon Husted,ATHX COPENHAGEN 2026,Denmark 🇩🇰,2026,Male,ATHX,Overall,68 (516KG),66 (8.531KM),70 (21:14),,,,,,204
72,Toby Fullwood & Dave Kateley,ATHX COPENHAGEN 2026,Denmark 🇩🇰,2026,Male,ATHX,Overall,72 (490KG),73 (7.469KM),64 (19:36),,,,,,209
73,Bahadir Dagli & Ömer Ögen,ATHX COPENHAGEN 2026,Denmark 🇩🇰,2026,Male,ATHX,Overall,69 (510KG),71 (8.031KM),73 (25:19),,,,,,213
1,Florian Kowalczyk & Nadine Henningsen,ATHX COPENHAGEN 2026,Denmark 🇩🇰,2026,Mixed,ATHX,Endurance,,,,,,,4.94KM,5.233KM,1
2,Ditte Petersen & Dino Karaman,ATHX COPENHAGEN 2026,Denmark 🇩🇰,2026,Mixed,ATHX,Endurance,,,,,,,4.419KM,5.483KM,2
3,Maria Fuhr & Rasmus Kristensen,ATHX COPENHAGEN 2026,Denmark 🇩🇰,2026,Mixed,ATHX,Endurance,,,,,,,4.756KM,5.035KM,3
4,Mathias  Guss & Antonia Kottulinsky,ATHX COPENHAGEN 2026,Denmark 🇩🇰,2026,Mixed,ATHX,Endurance,,,,,,,3.897KM,5.657KM,4
5,Franco Bortoluzzi & Hilal Hamecher,ATHX COPENHAGEN 2026,Denmark 🇩🇰,2026,Mixed,ATHX,Endurance,,,,,,,4.053KM,5.451KM,5
6,Lenna Heinrichs & Jacob Mikkelsen,ATHX COPENHAGEN 2026,Denmark 🇩🇰,2026,Mixed,ATHX,Endurance,,,,,,,4.045KM,5.453KM,6
7,Marco Bents & May-Brit Bents,ATHX COPENHAGEN 2026,Denmark 🇩🇰,2026,Mixed,ATHX,Endurance,,,,,,,4KM,5.475KM,7
8,Gaia Mannarella & Luca Cavicchiolo,ATHX COPENHAGEN 2026,Denmark 🇩🇰,2026,Mixed,ATHX,Endurance,,,,,,,3.75KM,5.687KM,8
9,Cecilia Thomas & Victor Thorendal,ATHX COPENHAGEN 2026,Denmark 🇩🇰,2026,Mixed,ATHX,Endurance,,,,,,,4.201KM,5.21KM,9
10,Oliver Toft Andersen & Siri Toft Andersen,ATHX COPENHAGEN 2026,Denmark 🇩🇰,2026,Mixed,ATHX,Endurance,,,,,,,3.913KM,5.487KM,10
11,Anton Stålhandske & Karolina Blomstergren,ATHX COPENHAGEN 2026,Denmark 🇩🇰,2026,Mixed,ATHX,Endurance,,,,,,,3.714KM,5.672KM,11
12,Andre Dirks & Jennifer Dirks,ATHX COPENHAGEN 2026,Denmark 🇩🇰,2026,Mixed,ATHX,Endurance,,,,,,,4.208KM,5.141KM,12
13,Marjorie HESSE & Adrien Gomez,ATHX COPENHAGEN 2026,Denmark 🇩🇰,2026,Mixed,ATHX,Endurance,,,,,,,4.018KM,5.302KM,13
14,Sabrina Raahauge & Alexander Buchleitner,ATHX COPENHAGEN 2026,Denmark 🇩🇰,2026,Mixed,ATHX,Endurance,,,,,,,3.842KM,5.423KM,14
15,giorgia foroni & davide aldrigo,ATHX COPENHAGEN 2026,Denmark 🇩🇰,2026,Mixed,ATHX,Endurance,,,,,,,4.088KM,5.165KM,15
16,Sören Hein & Greta Mees,ATHX COPENHAGEN 2026,Denmark 🇩🇰,2026,Mixed,ATHX,Endurance,,,,,,,3.875KM,5.372KM,16
17,Stine Sloth & Kim Hansen,ATHX COPENHAGEN 2026,Denmark 🇩🇰,2026,Mixed,ATHX,Endurance,,,,,,,4.172KM,5.044KM,17
18,Claudia Cristescu & Peter Jonas,ATHX COPENHAGEN 2026,Denmark 🇩🇰,2026,Mixed,ATHX,Endurance,,,,,,,3.788KM,5.421KM,18
19,Daisy Taylor & Calum Upton,ATHX COPENHAGEN 2026,Denmark 🇩🇰,2026,Mixed,ATHX,Endurance,,,,,,,3.422KM,5.76KM,19
20,Sabine Aahøj & daniel pedersen,ATHX COPENHAGEN 2026,Denmark 🇩🇰,2026,Mixed,ATHX,Endurance,,,,,,,3.692KM,5.452KM,20
21,Merlin Aarna & Karl Mihkel Seenmaa,ATHX COPENHAGEN 2026,Denmark 🇩🇰,2026,Mixed,ATHX,Endurance,,,,,,,3.767KM,5.364KM,21
22,frauke Hahn & Maik Burlage,ATHX COPENHAGEN 2026,Denmark 🇩🇰,2026,Mixed,ATHX,Endurance,,,,,,,3.761KM,5.348KM,22
23,Magdalena Podgórska & TOMASZ GAJEWSKI,ATHX COPENHAGEN 2026,Denmark 🇩🇰,2026,Mixed,ATHX,Endurance,,,,,,,3.75KM,5.331KM,23
24,Lea Gansted & Lars Kroeyer Jensen,ATHX COPENHAGEN 2026,Denmark 🇩🇰,2026,Mixed,ATHX,Endurance,,,,,,,3.903KM,5.177KM,24
25,Christopher Görwitz & Joana Dudeck,ATHX COPENHAGEN 2026,Denmark 🇩🇰,2026,Mixed,ATHX,Endurance,,,,,,,3.828KM,5.248KM,25
26,Rikke Nielsen & Nicolai Bjerre Trolle,ATHX COPENHAGEN 2026,Denmark 🇩🇰,2026,Mixed,ATHX,Endurance,,,,,,,3.75KM,5.321KM,26
27,Pav Johal & Mark Robert Hassell,ATHX COPENHAGEN 2026,Denmark 🇩🇰,2026,Mixed,ATHX,Endurance,,,,,,,3.911KM,5.142KM,27
28,Philipp Peich & Rebecca Aust,ATHX COPENHAGEN 2026,Denmark 🇩🇰,2026,Mixed,ATHX,Endurance,,,,,,,3.926KM,5.109KM,28
29,Nicole Johansson & Onur Gökdere,ATHX COPENHAGEN 2026,Denmark 🇩🇰,2026,Mixed,ATHX,Endurance,,,,,,,3.75KM,5.264KM,29
30,Ninna  Skakon  & Thomas Korsgård Lund,ATHX COPENHAGEN 2026,Denmark 🇩🇰,2026,Mixed,ATHX,Endurance,,,,,,,3.75KM,5.255KM,30
31,Nicklas Lohse & Freja Hartvig,ATHX COPENHAGEN 2026,Denmark 🇩🇰,2026,Mixed,ATHX,Endurance,,,,,,,3.75KM,5.235KM,31
32,Jonas Wiberg & Cecilia Wiberg,ATHX COPENHAGEN 2026,Denmark 🇩🇰,2026,Mixed,ATHX,Endurance,,,,,,,3.75KM,5.229KM,32
33,Marie-Gabrielle Rapatout & Louis-Arthur Meillier,ATHX COPENHAGEN 2026,Denmark 🇩🇰,2026,Mixed,ATHX,Endurance,,,,,,,3.75KM,5.228KM,33
34,Lauren Witte & Alex Smith,ATHX COPENHAGEN 2026,Denmark 🇩🇰,2026,Mixed,ATHX,Endurance,,,,,,,3.75KM,5.226KM,34
35,Marek Niedenhoff & Janina Kleemann,ATHX COPENHAGEN 2026,Denmark 🇩🇰,2026,Mixed,ATHX,Endurance,,,,,,,3.75KM,5.153KM,35
36,Sven Marx & Samantha Siegert,ATHX COPENHAGEN 2026,Denmark 🇩🇰,2026,Mixed,ATHX,Endurance,,,,,,,3.75KM,5.138KM,36
36,Jenna Kadlubski & Sebastian Kadlubski,ATHX COPENHAGEN 2026,Denmark 🇩🇰,2026,Mixed,ATHX,Endurance,,,,,,,3.75KM,5.138KM,36
38,Camilla Osaland & Martin Brummerstedt,ATHX COPENHAGEN 2026,Denmark 🇩🇰,2026,Mixed,ATHX,Endurance,,,,,,,3.787KM,5.078KM,38
39,Ditte Holm & Rasmus Tangvig,ATHX COPENHAGEN 2026,Denmark 🇩🇰,2026,Mixed,ATHX,Endurance,,,,,,,3.797KM,5.051KM,39
40,Pearu-Paul Piperal & Anette-Marie Arula,ATHX COPENHAGEN 2026,Denmark 🇩🇰,2026,Mixed,ATHX,Endurance,,,,,,,3.473KM,5.356KM,40
41,Anna Leufstedt & Jakob Leufstedt,ATHX COPENHAGEN 2026,Denmark 🇩🇰,2026,Mixed,ATHX,Endurance,,,,,,,3.75KM,5.078KM,41
42,Peter Blaha & Jill Blaha,ATHX COPENHAGEN 2026,Denmark 🇩🇰,2026,Mixed,ATHX,Endurance,,,,,,,3.388KM,5.439KM,42
43,Mikkel Dysted & Sharon Nalweyiso,ATHX COPENHAGEN 2026,Denmark 🇩🇰,2026,Mixed,ATHX,Endurance,,,,,,,4.326KM,4.497KM,43
44,Pierre-Yves CEREL & Salma MAHDOUB,ATHX COPENHAGEN 2026,Denmark 🇩🇰,2026,Mixed,ATHX,Endurance,,,,,,,3.785KM,5.012KM,44
45,Jaqueline Gonzalez & Mustafa Gökce,ATHX COPENHAGEN 2026,Denmark 🇩🇰,2026,Mixed,ATHX,Endurance,,,,,,,3.649KM,5.105KM,45
46,Jose Luis Urueta & Emma Sandberg,ATHX COPENHAGEN 2026,Denmark 🇩🇰,2026,Mixed,ATHX,Endurance,,,,,,,3.75KM,4.999KM,46
47,Amalie Lundholt & Jens Christian Lundholt,ATHX COPENHAGEN 2026,Denmark 🇩🇰,2026,Mixed,ATHX,Endurance,,,,,,,3.75KM,4.958KM,47
48,Anton Hirschauer & Britta Hirschauer,ATHX COPENHAGEN 2026,Denmark 🇩🇰,2026,Mixed,ATHX,Endurance,,,,,,,3.472KM,5.212KM,48
49,Lucy Dickinson & Mark Dickinson,ATHX COPENHAGEN 2026,Denmark 🇩🇰,2026,Mixed,ATHX,Endurance,,,,,,,3.654KM,5.025KM,49
49,Christophe Amadieu & Corinne Nussbaumer,ATHX COPENHAGEN 2026,Denmark 🇩🇰,2026,Mixed,ATHX,Endurance,,,,,,,3.654KM,5.025KM,49
51,Maria Echeverry & Leonardo Pinto,ATHX COPENHAGEN 2026,Denmark 🇩🇰,2026,Mixed,ATHX,Endurance,,,,,,,3.625KM,5.053KM,51
52,Frederik Lützhøft Petersen & Matilde Andersen,ATHX COPENHAGEN 2026,Denmark 🇩🇰,2026,Mixed,ATHX,Endurance,,,,,,,3.589KM,5.086KM,52
53,Taia Jørgensen & Maximiliano Torriggino,ATHX COPENHAGEN 2026,Denmark 🇩🇰,2026,Mixed,ATHX,Endurance,,,,,,,3.445KM,5.205KM,53
54,ANNA KUZBIK & Andy Woodcock,ATHX COPENHAGEN 2026,Denmark 🇩🇰,2026,Mixed,ATHX,Endurance,,,,,,,3.618KM,5.029KM,54
55,Kenneth Korndrup & Stina Skov,ATHX COPENHAGEN 2026,Denmark 🇩🇰,2026,Mixed,ATHX,Endurance,,,,,,,3.553KM,5.081KM,55
56,Janni Bragason & Jonas Holm Bragason,ATHX COPENHAGEN 2026,Denmark 🇩🇰,2026,Mixed,ATHX,Endurance,,,,,,,3.584KM,5.025KM,56
57,Linda Kannuberg & Simon Tykgaard,ATHX COPENHAGEN 2026,Denmark 🇩🇰,2026,Mixed,ATHX,Endurance,,,,,,,3.725KM,4.87KM,57
58,Emil Westerlind & Maja Westerlind,ATHX COPENHAGEN 2026,Denmark 🇩🇰,2026,Mixed,ATHX,Endurance,,,,,,,3.397KM,5.191KM,58
59,Patrick Bengtsen & Tina Bengtsen,ATHX COPENHAGEN 2026,Denmark 🇩🇰,2026,Mixed,ATHX,Endurance,,,,,,,3.612KM,4.965KM,59
60,Tobias Klaus & Tanja Böttcher,ATHX COPENHAGEN 2026,Denmark 🇩🇰,2026,Mixed,ATHX,Endurance,,,,,,,3.75KM,4.794KM,60
61,Steph Hannen & Lorenzo Ottaviani,ATHX COPENHAGEN 2026,Denmark 🇩🇰,2026,Mixed,ATHX,Endurance,,,,,,,3.75KM,4.775KM,61
62,Klara Loessl & Abel Ridgewell,ATHX COPENHAGEN 2026,Denmark 🇩🇰,2026,Mixed,ATHX,Endurance,,,,,,,4.178KM,4.339KM,62
63,Quentin Hilty & Thiefaine Bernard,ATHX COPENHAGEN 2026,Denmark 🇩🇰,2026,Mixed,ATHX,Endurance,,,,,,,3.963KM,4.501KM,63
64,Giulia Lombardo & Burak Culha,ATHX COPENHAGEN 2026,Denmark 🇩🇰,2026,Mixed,ATHX,Endurance,,,,,,,3.75KM,4.71KM,64
65,Victor Mielche Zinck & Louise Mielche Zinck,ATHX COPENHAGEN 2026,Denmark 🇩🇰,2026,Mixed,ATHX,Endurance,,,,,,,3.396KM,5.061KM,65
66,Maja Sand-Grimnitz & Henrik Sand-Grimnitz,ATHX COPENHAGEN 2026,Denmark 🇩🇰,2026,Mixed,ATHX,Endurance,,,,,,,4.097KM,4.356KM,66
67,Bex Minchin-Hepburn & Andrew Hepburn,ATHX COPENHAGEN 2026,Denmark 🇩🇰,2026,Mixed,ATHX,Endurance,,,,,,,3.446KM,4.881KM,67
68,Henriette Berg & Daniel Berg,ATHX COPENHAGEN 2026,Denmark 🇩🇰,2026,Mixed,ATHX,Endurance,,,,,,,3.638KM,4.687KM,68
68,Lise Hemmingsen & Simon Winther Schor,ATHX COPENHAGEN 2026,Denmark 🇩🇰,2026,Mixed,ATHX,Endurance,,,,,,,3.306KM,5.019KM,68
70,Anders Berendt Svendsen & Camilla Christensen,ATHX COPENHAGEN 2026,Denmark 🇩🇰,2026,Mixed,ATHX,Endurance,,,,,,,3.808KM,4.487KM,70
71,Martin Soland & Giulia Maria Sangiorgi,ATHX COPENHAGEN 2026,Denmark 🇩🇰,2026,Mixed,ATHX,Endurance,,,,,,,3.282KM,4.992KM,71
72,Jes Kortsen & Hiam Ata abdelghani,ATHX COPENHAGEN 2026,Denmark 🇩🇰,2026,Mixed,ATHX,Endurance,,,,,,,3.75KM,4.494KM,72
73,Christoffer Frydkjær & Mette Lundbech Frydkjær,ATHX COPENHAGEN 2026,Denmark 🇩🇰,2026,Mixed,ATHX,Endurance,,,,,,,3.355KM,4.788KM,73
74,caroline aae-hartwig & Lasse Aae-Hartwig,ATHX COPENHAGEN 2026,Denmark 🇩🇰,2026,Mixed,ATHX,Endurance,,,,,,,3.142KM,4.886KM,74
75,Andrés Fritzbøger & Helle Margit Albrechtsen,ATHX COPENHAGEN 2026,Denmark 🇩🇰,2026,Mixed,ATHX,Endurance,,,,,,,3.281KM,4.73KM,75
76,Francoise GOMEZ & Melvyn Gomez,ATHX COPENHAGEN 2026,Denmark 🇩🇰,2026,Mixed,ATHX,Endurance,,,,,,,3.79KM,4.208KM,76
77,Anton SARIEV & Devi Patel,ATHX COPENHAGEN 2026,Denmark 🇩🇰,2026,Mixed,ATHX,Endurance,,,,,,,3.463KM,4.465KM,77
78,Rachael Tindall & Liam TINDALL,ATHX COPENHAGEN 2026,Denmark 🇩🇰,2026,Mixed,ATHX,Endurance,,,,,,,2KM,4.488KM,78
1,Florian Kowalczyk & Nadine Henningsen,ATHX COPENHAGEN 2026,Denmark 🇩🇰,2026,Mixed,ATHX,MetCon X,,,11:46,,,,,,1
2,Mathias  Guss & Antonia Kottulinsky,ATHX COPENHAGEN 2026,Denmark 🇩🇰,2026,Mixed,ATHX,MetCon X,,,11:49,,,,,,2
3,Ditte Petersen & Dino Karaman,ATHX COPENHAGEN 2026,Denmark 🇩🇰,2026,Mixed,ATHX,MetCon X,,,12:22,,,,,,3
4,Franco Bortoluzzi & Hilal Hamecher,ATHX COPENHAGEN 2026,Denmark 🇩🇰,2026,Mixed,ATHX,MetCon X,,,12:29,,,,,,4
5,Anton Stålhandske & Karolina Blomstergren,ATHX COPENHAGEN 2026,Denmark 🇩🇰,2026,Mixed,ATHX,MetCon X,,,12:57,,,,,,5
6,Daisy Taylor & Calum Upton,ATHX COPENHAGEN 2026,Denmark 🇩🇰,2026,Mixed,ATHX,MetCon X,,,13:00,,,,,,6
7,Oliver Toft Andersen & Siri Toft Andersen,ATHX COPENHAGEN 2026,Denmark 🇩🇰,2026,Mixed,ATHX,MetCon X,,,13:15,,,,,,7
8,Peter Blaha & Jill Blaha,ATHX COPENHAGEN 2026,Denmark 🇩🇰,2026,Mixed,ATHX,MetCon X,,,13:20,,,,,,8
9,Sören Hein & Greta Mees,ATHX COPENHAGEN 2026,Denmark 🇩🇰,2026,Mixed,ATHX,MetCon X,,,13:22,,,,,,9
10,Marco Bents & May-Brit Bents,ATHX COPENHAGEN 2026,Denmark 🇩🇰,2026,Mixed,ATHX,MetCon X,,,13:25,,,,,,10
11,Pav Johal & Mark Robert Hassell,ATHX COPENHAGEN 2026,Denmark 🇩🇰,2026,Mixed,ATHX,MetCon X,,,13:34,,,,,,11
11,Jose Luis Urueta & Emma Sandberg,ATHX COPENHAGEN 2026,Denmark 🇩🇰,2026,Mixed,ATHX,MetCon X,,,13:34,,,,,,11
13,Sabrina Raahauge & Alexander Buchleitner,ATHX COPENHAGEN 2026,Denmark 🇩🇰,2026,Mixed,ATHX,MetCon X,,,13:37,,,,,,13
14,Lenna Heinrichs & Jacob Mikkelsen,ATHX COPENHAGEN 2026,Denmark 🇩🇰,2026,Mixed,ATHX,MetCon X,,,13:44,,,,,,14
15,Marjorie HESSE & Adrien Gomez,ATHX COPENHAGEN 2026,Denmark 🇩🇰,2026,Mixed,ATHX,MetCon X,,,13:46,,,,,,15
16,Claudia Cristescu & Peter Jonas,ATHX COPENHAGEN 2026,Denmark 🇩🇰,2026,Mixed,ATHX,MetCon X,,,13:48,,,,,,16
17,Nicklas Lohse & Freja Hartvig,ATHX COPENHAGEN 2026,Denmark 🇩🇰,2026,Mixed,ATHX,MetCon X,,,13:57,,,,,,17
18,Merlin Aarna & Karl Mihkel Seenmaa,ATHX COPENHAGEN 2026,Denmark 🇩🇰,2026,Mixed,ATHX,MetCon X,,,14:05,,,,,,18
19,Ninna  Skakon  & Thomas Korsgård Lund,ATHX COPENHAGEN 2026,Denmark 🇩🇰,2026,Mixed,ATHX,MetCon X,,,14:07,,,,,,19
20,Gaia Mannarella & Luca Cavicchiolo,ATHX COPENHAGEN 2026,Denmark 🇩🇰,2026,Mixed,ATHX,MetCon X,,,14:09,,,,,,20
21,Cecilia Thomas & Victor Thorendal,ATHX COPENHAGEN 2026,Denmark 🇩🇰,2026,Mixed,ATHX,MetCon X,,,14:16,,,,,,21
22,Marie-Gabrielle Rapatout & Louis-Arthur Meillier,ATHX COPENHAGEN 2026,Denmark 🇩🇰,2026,Mixed,ATHX,MetCon X,,,14:17,,,,,,22
23,giorgia foroni & davide aldrigo,ATHX COPENHAGEN 2026,Denmark 🇩🇰,2026,Mixed,ATHX,MetCon X,,,14:22,,,,,,23
23,frauke Hahn & Maik Burlage,ATHX COPENHAGEN 2026,Denmark 🇩🇰,2026,Mixed,ATHX,MetCon X,,,14:22,,,,,,23
25,Philipp Peich & Rebecca Aust,ATHX COPENHAGEN 2026,Denmark 🇩🇰,2026,Mixed,ATHX,MetCon X,,,14:26,,,,,,25
26,Rikke Nielsen & Nicolai Bjerre Trolle,ATHX COPENHAGEN 2026,Denmark 🇩🇰,2026,Mixed,ATHX,MetCon X,,,14:29,,,,,,26
27,ANNA KUZBIK & Andy Woodcock,ATHX COPENHAGEN 2026,Denmark 🇩🇰,2026,Mixed,ATHX,MetCon X,,,14:32,,,,,,27
28,Sven Marx & Samantha Siegert,ATHX COPENHAGEN 2026,Denmark 🇩🇰,2026,Mixed,ATHX,MetCon X,,,14:33,,,,,,28
29,Ditte Holm & Rasmus Tangvig,ATHX COPENHAGEN 2026,Denmark 🇩🇰,2026,Mixed,ATHX,MetCon X,,,14:41,,,,,,29
30,Magdalena Podgórska & TOMASZ GAJEWSKI,ATHX COPENHAGEN 2026,Denmark 🇩🇰,2026,Mixed,ATHX,MetCon X,,,14:56,,,,,,30
31,Jaqueline Gonzalez & Mustafa Gökce,ATHX COPENHAGEN 2026,Denmark 🇩🇰,2026,Mixed,ATHX,MetCon X,,,14:57,,,,,,31
32,Jenna Kadlubski & Sebastian Kadlubski,ATHX COPENHAGEN 2026,Denmark 🇩🇰,2026,Mixed,ATHX,MetCon X,,,15:01,,,,,,32
33,Anna Leufstedt & Jakob Leufstedt,ATHX COPENHAGEN 2026,Denmark 🇩🇰,2026,Mixed,ATHX,MetCon X,,,15:03,,,,,,33
34,Andre Dirks & Jennifer Dirks,ATHX COPENHAGEN 2026,Denmark 🇩🇰,2026,Mixed,ATHX,MetCon X,,,15:04,,,,,,34
35,Kenneth Korndrup & Stina Skov,ATHX COPENHAGEN 2026,Denmark 🇩🇰,2026,Mixed,ATHX,MetCon X,,,15:10,,,,,,35
36,Taia Jørgensen & Maximiliano Torriggino,ATHX COPENHAGEN 2026,Denmark 🇩🇰,2026,Mixed,ATHX,MetCon X,,,15:16,,,,,,36
37,Tobias Klaus & Tanja Böttcher,ATHX COPENHAGEN 2026,Denmark 🇩🇰,2026,Mixed,ATHX,MetCon X,,,15:18,,,,,,37
38,Maria Fuhr & Rasmus Kristensen,ATHX COPENHAGEN 2026,Denmark 🇩🇰,2026,Mixed,ATHX,MetCon X,,,15:29,,,,,,38
39,Marek Niedenhoff & Janina Kleemann,ATHX COPENHAGEN 2026,Denmark 🇩🇰,2026,Mixed,ATHX,MetCon X,,,15:36,,,,,,39
40,Emil Westerlind & Maja Westerlind,ATHX COPENHAGEN 2026,Denmark 🇩🇰,2026,Mixed,ATHX,MetCon X,,,15:43,,,,,,40
41,Frederik Lützhøft Petersen & Matilde Andersen,ATHX COPENHAGEN 2026,Denmark 🇩🇰,2026,Mixed,ATHX,MetCon X,,,15:49,,,,,,41
42,Pearu-Paul Piperal & Anette-Marie Arula,ATHX COPENHAGEN 2026,Denmark 🇩🇰,2026,Mixed,ATHX,MetCon X,,,15:53,,,,,,42
43,Stine Sloth & Kim Hansen,ATHX COPENHAGEN 2026,Denmark 🇩🇰,2026,Mixed,ATHX,MetCon X,,,16:00,,,,,,43
44,Janni Bragason & Jonas Holm Bragason,ATHX COPENHAGEN 2026,Denmark 🇩🇰,2026,Mixed,ATHX,MetCon X,,,16:06,,,,,,44
45,Nicole Johansson & Onur Gökdere,ATHX COPENHAGEN 2026,Denmark 🇩🇰,2026,Mixed,ATHX,MetCon X,,,16:10,,,,,,45
46,Quentin Hilty & Thiefaine Bernard,ATHX COPENHAGEN 2026,Denmark 🇩🇰,2026,Mixed,ATHX,MetCon X,,,16:14,,,,,,46
47,Pierre-Yves CEREL & Salma MAHDOUB,ATHX COPENHAGEN 2026,Denmark 🇩🇰,2026,Mixed,ATHX,MetCon X,,,16:17,,,,,,47
48,Christopher Görwitz & Joana Dudeck,ATHX COPENHAGEN 2026,Denmark 🇩🇰,2026,Mixed,ATHX,MetCon X,,,16:19,,,,,,48
49,Christophe Amadieu & Corinne Nussbaumer,ATHX COPENHAGEN 2026,Denmark 🇩🇰,2026,Mixed,ATHX,MetCon X,,,16:21,,,,,,49
50,Francoise GOMEZ & Melvyn Gomez,ATHX COPENHAGEN 2026,Denmark 🇩🇰,2026,Mixed,ATHX,MetCon X,,,16:23,,,,,,50
51,Patrick Bengtsen & Tina Bengtsen,ATHX COPENHAGEN 2026,Denmark 🇩🇰,2026,Mixed,ATHX,MetCon X,,,16:34,,,,,,51
52,Lise Hemmingsen & Simon Winther Schor,ATHX COPENHAGEN 2026,Denmark 🇩🇰,2026,Mixed,ATHX,MetCon X,,,16:38,,,,,,52
53,Anton Hirschauer & Britta Hirschauer,ATHX COPENHAGEN 2026,Denmark 🇩🇰,2026,Mixed,ATHX,MetCon X,,,16:46,,,,,,53
54,Maria Echeverry & Leonardo Pinto,ATHX COPENHAGEN 2026,Denmark 🇩🇰,2026,Mixed,ATHX,MetCon X,,,16:58,,,,,,54
55,Jonas Wiberg & Cecilia Wiberg,ATHX COPENHAGEN 2026,Denmark 🇩🇰,2026,Mixed,ATHX,MetCon X,,,17:10,,,,,,55
56,Lauren Witte & Alex Smith,ATHX COPENHAGEN 2026,Denmark 🇩🇰,2026,Mixed,ATHX,MetCon X,,,17:11,,,,,,56
57,Lea Gansted & Lars Kroeyer Jensen,ATHX COPENHAGEN 2026,Denmark 🇩🇰,2026,Mixed,ATHX,MetCon X,,,17:17,,,,,,57
58,caroline aae-hartwig & Lasse Aae-Hartwig,ATHX COPENHAGEN 2026,Denmark 🇩🇰,2026,Mixed,ATHX,MetCon X,,,17:19,,,,,,58
59,Anders Berendt Svendsen & Camilla Christensen,ATHX COPENHAGEN 2026,Denmark 🇩🇰,2026,Mixed,ATHX,MetCon X,,,17:20,,,,,,59
60,Lucy Dickinson & Mark Dickinson,ATHX COPENHAGEN 2026,Denmark 🇩🇰,2026,Mixed,ATHX,MetCon X,,,17:27,,,,,,60
60,Camilla Osaland & Martin Brummerstedt,ATHX COPENHAGEN 2026,Denmark 🇩🇰,2026,Mixed,ATHX,MetCon X,,,17:27,,,,,,60
62,Victor Mielche Zinck & Louise Mielche Zinck,ATHX COPENHAGEN 2026,Denmark 🇩🇰,2026,Mixed,ATHX,MetCon X,,,17:39,,,,,,62
63,Martin Soland & Giulia Maria Sangiorgi,ATHX COPENHAGEN 2026,Denmark 🇩🇰,2026,Mixed,ATHX,MetCon X,,,17:45,,,,,,63
64,Bex Minchin-Hepburn & Andrew Hepburn,ATHX COPENHAGEN 2026,Denmark 🇩🇰,2026,Mixed,ATHX,MetCon X,,,17:53,,,,,,64
65,Sabine Aahøj & daniel pedersen,ATHX COPENHAGEN 2026,Denmark 🇩🇰,2026,Mixed,ATHX,MetCon X,,,17:57,,,,,,65
66,Rachael Tindall & Liam TINDALL,ATHX COPENHAGEN 2026,Denmark 🇩🇰,2026,Mixed,ATHX,MetCon X,,,18:00,,,,,,66
67,Amalie Lundholt & Jens Christian Lundholt,ATHX COPENHAGEN 2026,Denmark 🇩🇰,2026,Mixed,ATHX,MetCon X,,,18:01,,,,,,67
68,Henriette Berg & Daniel Berg,ATHX COPENHAGEN 2026,Denmark 🇩🇰,2026,Mixed,ATHX,MetCon X,,,18:07,,,,,,68
69,Linda Kannuberg & Simon Tykgaard,ATHX COPENHAGEN 2026,Denmark 🇩🇰,2026,Mixed,ATHX,MetCon X,,,18:12,,,,,,69
70,Jes Kortsen & Hiam Ata abdelghani,ATHX COPENHAGEN 2026,Denmark 🇩🇰,2026,Mixed,ATHX,MetCon X,,,18:33,,,,,,70
71,Christoffer Frydkjær & Mette Lundbech Frydkjær,ATHX COPENHAGEN 2026,Denmark 🇩🇰,2026,Mixed,ATHX,MetCon X,,,19:37,,,,,,71
72,Maja Sand-Grimnitz & Henrik Sand-Grimnitz,ATHX COPENHAGEN 2026,Denmark 🇩🇰,2026,Mixed,ATHX,MetCon X,,,19:43,,,,,,72
73,Andrés Fritzbøger & Helle Margit Albrechtsen,ATHX COPENHAGEN 2026,Denmark 🇩🇰,2026,Mixed,ATHX,MetCon X,,,19:52,,,,,,73
74,Klara Loessl & Abel Ridgewell,ATHX COPENHAGEN 2026,Denmark 🇩🇰,2026,Mixed,ATHX,MetCon X,,,19:56,,,,,,74
75,Giulia Lombardo & Burak Culha,ATHX COPENHAGEN 2026,Denmark 🇩🇰,2026,Mixed,ATHX,MetCon X,,,20:20,,,,,,75
76,Mikkel Dysted & Sharon Nalweyiso,ATHX COPENHAGEN 2026,Denmark 🇩🇰,2026,Mixed,ATHX,MetCon X,,,21:25,,,,,,76
77,Steph Hannen & Lorenzo Ottaviani,ATHX COPENHAGEN 2026,Denmark 🇩🇰,2026,Mixed,ATHX,MetCon X,,,22:02,,,,,,77
78,Anton SARIEV & Devi Patel,ATHX COPENHAGEN 2026,Denmark 🇩🇰,2026,Mixed,ATHX,MetCon X,,,24:01,,,,,,78
