rank,first_name,last_name,full_name,gender,nationality,gym_name,profile_photo_url,event,country,year,division,event_category,workout_filter,1RM Strict Press,3RM Back Squat,5RM Deadlift,Run,Row
1,Nicolaj Kjerstein,Overgaard,Nicolaj Kjerstein Overgaard,Male,Denmark,The Cross Box,https://athxgames.com/storage/profile-photos/8JzTmb8FDEjuewrxdcaqUps79ENuc93yCyRgwJs6.jpg,ATHX COPENHAGEN 2026,Denmark 🇩🇰,2026,Male,ATHX Lite,Endurance,,,,1.978KM,2.536KM
2,Suravit,Rutz,Suravit Rutz,Male,Germany,Flensfitness,https://ui-avatars.com/api/?name=S+R&color=FFFFFF&background=000000,ATHX COPENHAGEN 2026,Denmark 🇩🇰,2026,Male,ATHX Lite,Endurance,,,,1.772KM,2.668KM
3,Elio,Daniele,Elio Daniele,Male,,,https://ui-avatars.com/api/?name=E+D&color=FFFFFF&background=000000,ATHX COPENHAGEN 2026,Denmark 🇩🇰,2026,Male,ATHX Lite,Endurance,,,,2.232KM,2.205KM
4,Benedikt,Grimm,Benedikt Grimm,Male,Germany,,https://athxgames.com/storage/profile-photos/SU3PQkqaVaz3dlCQiZukCVu0tOIQrTCAn30kUGjc.jpg,ATHX COPENHAGEN 2026,Denmark 🇩🇰,2026,Male,ATHX Lite,Endurance,,,,2KM,2.408KM
5,Oskar,Aurell,Oskar Aurell,Male,,,https://ui-avatars.com/api/?name=O+A&color=FFFFFF&background=000000,ATHX COPENHAGEN 2026,Denmark 🇩🇰,2026,Male,ATHX Lite,Endurance,,,,1.5KM,2.714KM
6,Finn-Birger,Henningsen,Finn-Birger Henningsen,Male,,,https://ui-avatars.com/api/?name=F+H&color=FFFFFF&background=000000,ATHX COPENHAGEN 2026,Denmark 🇩🇰,2026,Male,ATHX Lite,Endurance,,,,1.5KM,2.592KM
7,Joseph,Turton,Joseph Turton,Male,,,https://ui-avatars.com/api/?name=J+T&color=FFFFFF&background=000000,ATHX COPENHAGEN 2026,Denmark 🇩🇰,2026,Male,ATHX Lite,Endurance,,,,1.651KM,2.413KM
8,Peter,Mortensen,Peter Mortensen,Male,,,https://ui-avatars.com/api/?name=P+M&color=FFFFFF&background=000000,ATHX COPENHAGEN 2026,Denmark 🇩🇰,2026,Male,ATHX Lite,Endurance,,,,1.5KM,2.539KM
9,Poul,Leth Lorentsen,Poul Leth Lorentsen,Male,,,https://ui-avatars.com/api/?name=P+L+L&color=FFFFFF&background=000000,ATHX COPENHAGEN 2026,Denmark 🇩🇰,2026,Male,ATHX Lite,Endurance,,,,1.5KM,2.533KM
10,Sam,Hanson,Sam Hanson,Male,,,https://ui-avatars.com/api/?name=S+H&color=FFFFFF&background=000000,ATHX COPENHAGEN 2026,Denmark 🇩🇰,2026,Male,ATHX Lite,Endurance,,,,1.786KM,2.242KM
11,Christian,Leth-Madsen,Christian Leth-Madsen,Male,Denmark,,https://ui-avatars.com/api/?name=C+L&color=FFFFFF&background=000000,ATHX COPENHAGEN 2026,Denmark 🇩🇰,2026,Male,ATHX Lite,Endurance,,,,1.061KM,2.935KM
12,Evgeny,Karev,Evgeny Karev,Male,Russia,,https://ui-avatars.com/api/?name=E+K&color=FFFFFF&background=000000,ATHX COPENHAGEN 2026,Denmark 🇩🇰,2026,Male,ATHX Lite,Endurance,,,,1.7KM,2.227KM
13,charlie,hanson,charlie hanson,Male,,,https://ui-avatars.com/api/?name=c+h&color=FFFFFF&background=000000,ATHX COPENHAGEN 2026,Denmark 🇩🇰,2026,Male,ATHX Lite,Endurance,,,,1.5KM,2.405KM
14,Malthe,Kring,Malthe Kring,Male,,,https://ui-avatars.com/api/?name=M+K&color=FFFFFF&background=000000,ATHX COPENHAGEN 2026,Denmark 🇩🇰,2026,Male,ATHX Lite,Endurance,,,,1.5KM,2.329KM
15,Rob,Fullwood,Rob Fullwood,Male,,,https://ui-avatars.com/api/?name=R+F&color=FFFFFF&background=000000,ATHX COPENHAGEN 2026,Denmark 🇩🇰,2026,Male,ATHX Lite,Endurance,,,,1.5KM,1.757KM
1,Christian,Leth-Madsen,Christian Leth-Madsen,Male,Denmark,,https://ui-avatars.com/api/?name=C+L&color=FFFFFF&background=000000,ATHX COPENHAGEN 2026,Denmark 🇩🇰,2026,Male,ATHX Lite,Strength,90KG,180KG,200KG,,
2,Poul,Leth Lorentsen,Poul Leth Lorentsen,Male,,,https://ui-avatars.com/api/?name=P+L+L&color=FFFFFF&background=000000,ATHX COPENHAGEN 2026,Denmark 🇩🇰,2026,Male,ATHX Lite,Strength,105KG,155KG,130KG,,
3,Nicolaj Kjerstein,Overgaard,Nicolaj Kjerstein Overgaard,Male,Denmark,The Cross Box,https://athxgames.com/storage/profile-photos/8JzTmb8FDEjuewrxdcaqUps79ENuc93yCyRgwJs6.jpg,ATHX COPENHAGEN 2026,Denmark 🇩🇰,2026,Male,ATHX Lite,Strength,72KG,120KG,140KG,,
4,Joseph,Turton,Joseph Turton,Male,,,https://ui-avatars.com/api/?name=J+T&color=FFFFFF&background=000000,ATHX COPENHAGEN 2026,Denmark 🇩🇰,2026,Male,ATHX Lite,Strength,56KG,134KG,140KG,,
5,Peter,Mortensen,Peter Mortensen,Male,,,https://ui-avatars.com/api/?name=P+M&color=FFFFFF&background=000000,ATHX COPENHAGEN 2026,Denmark 🇩🇰,2026,Male,ATHX Lite,Strength,70KG,95KG,145KG,,
6,Benedikt,Grimm,Benedikt Grimm,Male,Germany,,https://athxgames.com/storage/profile-photos/SU3PQkqaVaz3dlCQiZukCVu0tOIQrTCAn30kUGjc.jpg,ATHX COPENHAGEN 2026,Denmark 🇩🇰,2026,Male,ATHX Lite,Strength,70KG,105KG,120KG,,
7,Elio,Daniele,Elio Daniele,Male,,,https://ui-avatars.com/api/?name=E+D&color=FFFFFF&background=000000,ATHX COPENHAGEN 2026,Denmark 🇩🇰,2026,Male,ATHX Lite,Strength,55KG,110KG,120KG,,
8,Finn-Birger,Henningsen,Finn-Birger Henningsen,Male,,,https://ui-avatars.com/api/?name=F+H&color=FFFFFF&background=000000,ATHX COPENHAGEN 2026,Denmark 🇩🇰,2026,Male,ATHX Lite,Strength,60KG,100KG,120KG,,
8,Suravit,Rutz,Suravit Rutz,Male,Germany,Flensfitness,https://ui-avatars.com/api/?name=S+R&color=FFFFFF&background=000000,ATHX COPENHAGEN 2026,Denmark 🇩🇰,2026,Male,ATHX Lite,Strength,60KG,100KG,120KG,,
10,Malthe,Kring,Malthe Kring,Male,,,https://ui-avatars.com/api/?name=M+K&color=FFFFFF&background=000000,ATHX COPENHAGEN 2026,Denmark 🇩🇰,2026,Male,ATHX Lite,Strength,70KG,95KG,105KG,,
10,Sam,Hanson,Sam Hanson,Male,,,https://ui-avatars.com/api/?name=S+H&color=FFFFFF&background=000000,ATHX COPENHAGEN 2026,Denmark 🇩🇰,2026,Male,ATHX Lite,Strength,70KG,80KG,120KG,,
12,Oskar,Aurell,Oskar Aurell,Male,,,https://ui-avatars.com/api/?name=O+A&color=FFFFFF&background=000000,ATHX COPENHAGEN 2026,Denmark 🇩🇰,2026,Male,ATHX Lite,Strength,40KG,80KG,100KG,,
13,Evgeny,Karev,Evgeny Karev,Male,Russia,,https://ui-avatars.com/api/?name=E+K&color=FFFFFF&background=000000,ATHX COPENHAGEN 2026,Denmark 🇩🇰,2026,Male,ATHX Lite,Strength,55KG,60KG,70KG,,
14,Rob,Fullwood,Rob Fullwood,Male,,,https://ui-avatars.com/api/?name=R+F&color=FFFFFF&background=000000,ATHX COPENHAGEN 2026,Denmark 🇩🇰,2026,Male,ATHX Lite,Strength,39KG,55KG,82KG,,
15,charlie,hanson,charlie hanson,Male,,,https://ui-avatars.com/api/?name=c+h&color=FFFFFF&background=000000,ATHX COPENHAGEN 2026,Denmark 🇩🇰,2026,Male,ATHX Lite,Strength,40KG,45KG,70KG,,
1,Meghan,Higgins,Meghan Higgins,Female,,,https://ui-avatars.com/api/?name=M+H&color=FFFFFF&background=000000,ATHX COPENHAGEN 2026,Denmark 🇩🇰,2026,Female,ATHX Lite,Endurance,,,,1.75KM,2.584KM
2,Rosa,Magnani,Rosa Magnani,Female,,,https://ui-avatars.com/api/?name=R+M&color=FFFFFF&background=000000,ATHX COPENHAGEN 2026,Denmark 🇩🇰,2026,Female,ATHX Lite,Endurance,,,,2KM,2.329KM
3,Linda,Petersen,Linda Petersen,Female,,,https://ui-avatars.com/api/?name=L+P&color=FFFFFF&background=000000,ATHX COPENHAGEN 2026,Denmark 🇩🇰,2026,Female,ATHX Lite,Endurance,,,,1.5KM,2.777KM
4,Mette,Schneefeldt,Mette Schneefeldt,Female,Denmark,Sydkystens Gym,https://ui-avatars.com/api/?name=M+S&color=FFFFFF&background=000000,ATHX COPENHAGEN 2026,Denmark 🇩🇰,2026,Female,ATHX Lite,Endurance,,,,1.5KM,2.742KM
5,Isabel,Fugmann,Isabel Fugmann,Female,Denmark,,https://ui-avatars.com/api/?name=I+F&color=FFFFFF&background=000000,ATHX COPENHAGEN 2026,Denmark 🇩🇰,2026,Female,ATHX Lite,Endurance,,,,2KM,2.205KM
6,Marie,Aurell,Marie Aurell,Female,,,https://ui-avatars.com/api/?name=M+A&color=FFFFFF&background=000000,ATHX COPENHAGEN 2026,Denmark 🇩🇰,2026,Female,ATHX Lite,Endurance,,,,2KM,2.161KM
7,Josephine,Asperup,Josephine Asperup,Female,Denmark,Limhamns Crossfit,https://ui-avatars.com/api/?name=J+A&color=FFFFFF&background=000000,ATHX COPENHAGEN 2026,Denmark 🇩🇰,2026,Female,ATHX Lite,Endurance,,,,1.877KM,2.263KM
8,Sandra Lind,Thorsteinsdóttir,Sandra Lind Thorsteinsdóttir,Female,,,https://ui-avatars.com/api/?name=S+L+T&color=FFFFFF&background=000000,ATHX COPENHAGEN 2026,Denmark 🇩🇰,2026,Female,ATHX Lite,Endurance,,,,1.56KM,2.561KM
9,Michelle,Bøgelund,Michelle Bøgelund,Female,,,https://ui-avatars.com/api/?name=M+B&color=FFFFFF&background=000000,ATHX COPENHAGEN 2026,Denmark 🇩🇰,2026,Female,ATHX Lite,Endurance,,,,1.5KM,2.532KM
10,Nicole,Malanowicz,Nicole Malanowicz,Female,,,https://ui-avatars.com/api/?name=N+M&color=FFFFFF&background=000000,ATHX COPENHAGEN 2026,Denmark 🇩🇰,2026,Female,ATHX Lite,Endurance,,,,1.574KM,2.44KM
11,Josefine,Gylden,Josefine Gylden,Female,,,https://ui-avatars.com/api/?name=J+G&color=FFFFFF&background=000000,ATHX COPENHAGEN 2026,Denmark 🇩🇰,2026,Female,ATHX Lite,Endurance,,,,1.21KM,2.792KM
12,Maja,Pedersen,Maja Pedersen,Female,,,https://ui-avatars.com/api/?name=M+P&color=FFFFFF&background=000000,ATHX COPENHAGEN 2026,Denmark 🇩🇰,2026,Female,ATHX Lite,Endurance,,,,1.778KM,2.209KM
13,Elena,Kareva,Elena Kareva,Female,,,https://ui-avatars.com/api/?name=E+K&color=FFFFFF&background=000000,ATHX COPENHAGEN 2026,Denmark 🇩🇰,2026,Female,ATHX Lite,Endurance,,,,1.5KM,2.477KM
14,Rie,Hansen,Rie Hansen,Female,,,https://ui-avatars.com/api/?name=R+H&color=FFFFFF&background=000000,ATHX COPENHAGEN 2026,Denmark 🇩🇰,2026,Female,ATHX Lite,Endurance,,,,1.5KM,2.458KM
15,Phoebe,Turton,Phoebe Turton,Female,United Kingdom,,https://athxgames.com/storage/profile-photos/CS2pTiTlC15WsIxeHZb0ux0T7WhHYIVRRyQNunby.jpg,ATHX COPENHAGEN 2026,Denmark 🇩🇰,2026,Female,ATHX Lite,Endurance,,,,1.5KM,2.395KM
16,Aylin,Gün,Aylin Gün,Female,,,https://ui-avatars.com/api/?name=A+G&color=FFFFFF&background=000000,ATHX COPENHAGEN 2026,Denmark 🇩🇰,2026,Female,ATHX Lite,Endurance,,,,1.548KM,2.33KM
17,Anne-Marie,Friborg,Anne-Marie Friborg,Female,,,https://ui-avatars.com/api/?name=A+F&color=FFFFFF&background=000000,ATHX COPENHAGEN 2026,Denmark 🇩🇰,2026,Female,ATHX Lite,Endurance,,,,1.5KM,2.177KM
18,Elsa,Morandat,Elsa Morandat,Female,,,https://ui-avatars.com/api/?name=E+M&color=FFFFFF&background=000000,ATHX COPENHAGEN 2026,Denmark 🇩🇰,2026,Female,ATHX Lite,Endurance,,,,1.402KM,2.22KM
19,Federica,Moscatelli,Federica Moscatelli,Female,,,https://ui-avatars.com/api/?name=F+M&color=FFFFFF&background=000000,ATHX COPENHAGEN 2026,Denmark 🇩🇰,2026,Female,ATHX Lite,Endurance,,,,1.5KM,2.105KM
20,Annine,Holmegaard,Annine Holmegaard,Female,,,https://ui-avatars.com/api/?name=A+H&color=FFFFFF&background=000000,ATHX COPENHAGEN 2026,Denmark 🇩🇰,2026,Female,ATHX Lite,Endurance,,,,1.557KM,2.039KM
21,Hanna,Draxl,Hanna Draxl,Female,,,https://ui-avatars.com/api/?name=H+D&color=FFFFFF&background=000000,ATHX COPENHAGEN 2026,Denmark 🇩🇰,2026,Female,ATHX Lite,Endurance,,,,1.5KM,2.015KM
22,Cristina,Mora,Cristina Mora,Female,,,https://ui-avatars.com/api/?name=C+M&color=FFFFFF&background=000000,ATHX COPENHAGEN 2026,Denmark 🇩🇰,2026,Female,ATHX Lite,Endurance,,,,1.981KM,1.525KM
23,Louise,Kateley,Louise Kateley,Female,,,https://ui-avatars.com/api/?name=L+K&color=FFFFFF&background=000000,ATHX COPENHAGEN 2026,Denmark 🇩🇰,2026,Female,ATHX Lite,Endurance,,,,1.5KM,1.983KM
24,Bossba,Benghongsiela,Bossba Benghongsiela,Female,,,https://ui-avatars.com/api/?name=B+B&color=FFFFFF&background=000000,ATHX COPENHAGEN 2026,Denmark 🇩🇰,2026,Female,ATHX Lite,Endurance,,,,1.75KM,1.731KM
25,Jette,Dall Andersen,Jette Dall Andersen,Female,Denmark,Gimlis Crossfit,https://ui-avatars.com/api/?name=J+D+A&color=FFFFFF&background=000000,ATHX COPENHAGEN 2026,Denmark 🇩🇰,2026,Female,ATHX Lite,Endurance,,,,1KM,2.366KM
26,Emina,Kösger,Emina Kösger,Female,,,https://ui-avatars.com/api/?name=E+K&color=FFFFFF&background=000000,ATHX COPENHAGEN 2026,Denmark 🇩🇰,2026,Female,ATHX Lite,Endurance,,,,1.5KM,1.755KM
27,Sultan,Atalay,Sultan Atalay,Female,Denmark,Sulle,https://ui-avatars.com/api/?name=S+A&color=FFFFFF&background=000000,ATHX COPENHAGEN 2026,Denmark 🇩🇰,2026,Female,ATHX Lite,Endurance,,,,1.177KM,2.077KM
28,Lisa,Kogler,Lisa Kogler,Female,,,https://ui-avatars.com/api/?name=L+K&color=FFFFFF&background=000000,ATHX COPENHAGEN 2026,Denmark 🇩🇰,2026,Female,ATHX Lite,Endurance,,,,1.5KM,1.704KM
29,Andreza,Coelho de Jesus,Andreza Coelho de Jesus,Female,Denmark,,https://ui-avatars.com/api/?name=A+C+d+J&color=FFFFFF&background=000000,ATHX COPENHAGEN 2026,Denmark 🇩🇰,2026,Female,ATHX Lite,Endurance,,,,1.5KM,1.529KM
30,Iben,Andersen,Iben Andersen,Female,,,https://ui-avatars.com/api/?name=I+A&color=FFFFFF&background=000000,ATHX COPENHAGEN 2026,Denmark 🇩🇰,2026,Female,ATHX Lite,Endurance,,,,1.5KM,1.523KM
31,Gine,Nielsen,Gine Nielsen,Female,,,https://ui-avatars.com/api/?name=G+N&color=FFFFFF&background=000000,ATHX COPENHAGEN 2026,Denmark 🇩🇰,2026,Female,ATHX Lite,Endurance,,,,1.127KM,1.807KM
32,Victoria,vicfullwood@gmail.com,Victoria vicfullwood@gmail.com,Female,,,https://ui-avatars.com/api/?name=V+v&color=FFFFFF&background=000000,ATHX COPENHAGEN 2026,Denmark 🇩🇰,2026,Female,ATHX Lite,Endurance,,,,1.082KM,1.68KM
33,Annabelle,Searle,Annabelle Searle,Female,,,https://ui-avatars.com/api/?name=A+S&color=FFFFFF&background=000000,ATHX COPENHAGEN 2026,Denmark 🇩🇰,2026,Female,ATHX Lite,Endurance,,,,1KM,1.404KM
1,Josephine,Asperup,Josephine Asperup,Female,Denmark,Limhamns Crossfit,https://ui-avatars.com/api/?name=J+A&color=FFFFFF&background=000000,ATHX COPENHAGEN 2026,Denmark 🇩🇰,2026,Female,ATHX Lite,Strength,38KG,150KG,170KG,,
2,Rosa,Magnani,Rosa Magnani,Female,,,https://ui-avatars.com/api/?name=R+M&color=FFFFFF&background=000000,ATHX COPENHAGEN 2026,Denmark 🇩🇰,2026,Female,ATHX Lite,Strength,43KG,87KG,115KG,,
3,Gine,Nielsen,Gine Nielsen,Female,,,https://ui-avatars.com/api/?name=G+N&color=FFFFFF&background=000000,ATHX COPENHAGEN 2026,Denmark 🇩🇰,2026,Female,ATHX Lite,Strength,48KG,90KG,105KG,,
4,Federica,Moscatelli,Federica Moscatelli,Female,,,https://ui-avatars.com/api/?name=F+M&color=FFFFFF&background=000000,ATHX COPENHAGEN 2026,Denmark 🇩🇰,2026,Female,ATHX Lite,Strength,45KG,87KG,105KG,,
5,Nicole,Malanowicz,Nicole Malanowicz,Female,,,https://ui-avatars.com/api/?name=N+M&color=FFFFFF&background=000000,ATHX COPENHAGEN 2026,Denmark 🇩🇰,2026,Female,ATHX Lite,Strength,32KG,85KG,115KG,,
6,Rie,Hansen,Rie Hansen,Female,,,https://ui-avatars.com/api/?name=R+H&color=FFFFFF&background=000000,ATHX COPENHAGEN 2026,Denmark 🇩🇰,2026,Female,ATHX Lite,Strength,44KG,80KG,105KG,,
7,Sandra Lind,Thorsteinsdóttir,Sandra Lind Thorsteinsdóttir,Female,,,https://ui-avatars.com/api/?name=S+L+T&color=FFFFFF&background=000000,ATHX COPENHAGEN 2026,Denmark 🇩🇰,2026,Female,ATHX Lite,Strength,40KG,80KG,103KG,,
8,Linda,Petersen,Linda Petersen,Female,,,https://ui-avatars.com/api/?name=L+P&color=FFFFFF&background=000000,ATHX COPENHAGEN 2026,Denmark 🇩🇰,2026,Female,ATHX Lite,Strength,37KG,85KG,95KG,,
9,Phoebe,Turton,Phoebe Turton,Female,United Kingdom,,https://athxgames.com/storage/profile-photos/CS2pTiTlC15WsIxeHZb0ux0T7WhHYIVRRyQNunby.jpg,ATHX COPENHAGEN 2026,Denmark 🇩🇰,2026,Female,ATHX Lite,Strength,35KG,76KG,102KG,,
10,Maja,Pedersen,Maja Pedersen,Female,,,https://ui-avatars.com/api/?name=M+P&color=FFFFFF&background=000000,ATHX COPENHAGEN 2026,Denmark 🇩🇰,2026,Female,ATHX Lite,Strength,35KG,80KG,95KG,,
11,Iben,Andersen,Iben Andersen,Female,,,https://ui-avatars.com/api/?name=I+A&color=FFFFFF&background=000000,ATHX COPENHAGEN 2026,Denmark 🇩🇰,2026,Female,ATHX Lite,Strength,44KG,75KG,90KG,,
12,Elena,Kareva,Elena Kareva,Female,,,https://ui-avatars.com/api/?name=E+K&color=FFFFFF&background=000000,ATHX COPENHAGEN 2026,Denmark 🇩🇰,2026,Female,ATHX Lite,Strength,33KG,90KG,80KG,,
13,Mette,Schneefeldt,Mette Schneefeldt,Female,Denmark,Sydkystens Gym,https://ui-avatars.com/api/?name=M+S&color=FFFFFF&background=000000,ATHX COPENHAGEN 2026,Denmark 🇩🇰,2026,Female,ATHX Lite,Strength,33KG,65KG,94KG,,
14,Josefine,Gylden,Josefine Gylden,Female,,,https://ui-avatars.com/api/?name=J+G&color=FFFFFF&background=000000,ATHX COPENHAGEN 2026,Denmark 🇩🇰,2026,Female,ATHX Lite,Strength,34KG,67KG,80KG,,
15,Isabel,Fugmann,Isabel Fugmann,Female,Denmark,,https://ui-avatars.com/api/?name=I+F&color=FFFFFF&background=000000,ATHX COPENHAGEN 2026,Denmark 🇩🇰,2026,Female,ATHX Lite,Strength,33KG,65KG,80KG,,
15,Aylin,Gün,Aylin Gün,Female,,,https://ui-avatars.com/api/?name=A+G&color=FFFFFF&background=000000,ATHX COPENHAGEN 2026,Denmark 🇩🇰,2026,Female,ATHX Lite,Strength,28KG,65KG,85KG,,
17,Michelle,Bøgelund,Michelle Bøgelund,Female,,,https://ui-avatars.com/api/?name=M+B&color=FFFFFF&background=000000,ATHX COPENHAGEN 2026,Denmark 🇩🇰,2026,Female,ATHX Lite,Strength,35KG,60KG,80KG,,
18,Andreza,Coelho de Jesus,Andreza Coelho de Jesus,Female,Denmark,,https://ui-avatars.com/api/?name=A+C+d+J&color=FFFFFF&background=000000,ATHX COPENHAGEN 2026,Denmark 🇩🇰,2026,Female,ATHX Lite,Strength,27KG,50KG,86KG,,
19,Marie,Aurell,Marie Aurell,Female,,,https://ui-avatars.com/api/?name=M+A&color=FFFFFF&background=000000,ATHX COPENHAGEN 2026,Denmark 🇩🇰,2026,Female,ATHX Lite,Strength,30KG,50KG,80KG,,
20,Hanna,Draxl,Hanna Draxl,Female,,,https://ui-avatars.com/api/?name=H+D&color=FFFFFF&background=000000,ATHX COPENHAGEN 2026,Denmark 🇩🇰,2026,Female,ATHX Lite,Strength,39KG,60KG,60KG,,
21,Jette,Dall Andersen,Jette Dall Andersen,Female,Denmark,Gimlis Crossfit,https://ui-avatars.com/api/?name=J+D+A&color=FFFFFF&background=000000,ATHX COPENHAGEN 2026,Denmark 🇩🇰,2026,Female,ATHX Lite,Strength,33KG,45KG,80KG,,
22,Anne-Marie,Friborg,Anne-Marie Friborg,Female,,,https://ui-avatars.com/api/?name=A+F&color=FFFFFF&background=000000,ATHX COPENHAGEN 2026,Denmark 🇩🇰,2026,Female,ATHX Lite,Strength,33KG,35KG,80KG,,
23,Cristina,Mora,Cristina Mora,Female,,,https://ui-avatars.com/api/?name=C+M&color=FFFFFF&background=000000,ATHX COPENHAGEN 2026,Denmark 🇩🇰,2026,Female,ATHX Lite,Strength,33KG,47KG,62KG,,
24,Meghan,Higgins,Meghan Higgins,Female,,,https://ui-avatars.com/api/?name=M+H&color=FFFFFF&background=000000,ATHX COPENHAGEN 2026,Denmark 🇩🇰,2026,Female,ATHX Lite,Strength,33KG,46KG,62KG,,
25,Lisa,Kogler,Lisa Kogler,Female,,,https://ui-avatars.com/api/?name=L+K&color=FFFFFF&background=000000,ATHX COPENHAGEN 2026,Denmark 🇩🇰,2026,Female,ATHX Lite,Strength,25KG,40KG,74KG,,
26,Annine,Holmegaard,Annine Holmegaard,Female,,,https://ui-avatars.com/api/?name=A+H&color=FFFFFF&background=000000,ATHX COPENHAGEN 2026,Denmark 🇩🇰,2026,Female,ATHX Lite,Strength,25KG,51KG,60KG,,
27,Louise,Kateley,Louise Kateley,Female,,,https://ui-avatars.com/api/?name=L+K&color=FFFFFF&background=000000,ATHX COPENHAGEN 2026,Denmark 🇩🇰,2026,Female,ATHX Lite,Strength,29KG,43KG,58KG,,
28,Sultan,Atalay,Sultan Atalay,Female,Denmark,Sulle,https://ui-avatars.com/api/?name=S+A&color=FFFFFF&background=000000,ATHX COPENHAGEN 2026,Denmark 🇩🇰,2026,Female,ATHX Lite,Strength,28KG,35KG,65KG,,
28,Victoria,vicfullwood@gmail.com,Victoria vicfullwood@gmail.com,Female,,,https://ui-avatars.com/api/?name=V+v&color=FFFFFF&background=000000,ATHX COPENHAGEN 2026,Denmark 🇩🇰,2026,Female,ATHX Lite,Strength,27KG,43KG,58KG,,
30,Elsa,Morandat,Elsa Morandat,Female,,,https://ui-avatars.com/api/?name=E+M&color=FFFFFF&background=000000,ATHX COPENHAGEN 2026,Denmark 🇩🇰,2026,Female,ATHX Lite,Strength,29KG,39KG,56KG,,
31,Emina,Kösger,Emina Kösger,Female,,,https://ui-avatars.com/api/?name=E+K&color=FFFFFF&background=000000,ATHX COPENHAGEN 2026,Denmark 🇩🇰,2026,Female,ATHX Lite,Strength,25KG,47KG,50KG,,
32,Bossba,Benghongsiela,Bossba Benghongsiela,Female,,,https://ui-avatars.com/api/?name=B+B&color=FFFFFF&background=000000,ATHX COPENHAGEN 2026,Denmark 🇩🇰,2026,Female,ATHX Lite,Strength,25KG,38KG,55KG,,
33,Annabelle,Searle,Annabelle Searle,Female,,,https://ui-avatars.com/api/?name=A+S&color=FFFFFF&background=000000,ATHX COPENHAGEN 2026,Denmark 🇩🇰,2026,Female,ATHX Lite,Strength,17KG,25KG,25KG,,
1,Sadie,Moss,Sadie Moss,Female,,,https://ui-avatars.com/api/?name=S+M&color=FFFFFF&background=000000,ATHX COPENHAGEN 2026,Denmark 🇩🇰,2026,Female,ATHX Pro,Strength,47KG,105KG,200KG,,
2,Astrid,Tind,Astrid Tind,Female,,,https://ui-avatars.com/api/?name=A+T&color=FFFFFF&background=000000,ATHX COPENHAGEN 2026,Denmark 🇩🇰,2026,Female,ATHX Pro,Strength,63KG,125KG,155KG,,
3,Mia,Hesketh,Mia Hesketh,Female,,,https://ui-avatars.com/api/?name=M+H&color=FFFFFF&background=000000,ATHX COPENHAGEN 2026,Denmark 🇩🇰,2026,Female,ATHX Pro,Strength,61KG,131KG,140KG,,
4,Anna,Nissen,Anna Nissen,Female,,,https://ui-avatars.com/api/?name=A+N&color=FFFFFF&background=000000,ATHX COPENHAGEN 2026,Denmark 🇩🇰,2026,Female,ATHX Pro,Strength,57KG,125KG,145KG,,
5,Jasmine,Werner,Jasmine Werner,Female,,,https://ui-avatars.com/api/?name=J+W&color=FFFFFF&background=000000,ATHX COPENHAGEN 2026,Denmark 🇩🇰,2026,Female,ATHX Pro,Strength,63KG,123KG,140KG,,
6,Emma,Mårtensson,Emma Mårtensson,Female,,,https://ui-avatars.com/api/?name=E+M&color=FFFFFF&background=000000,ATHX COPENHAGEN 2026,Denmark 🇩🇰,2026,Female,ATHX Pro,Strength,53KG,112KG,155KG,,
7,Milla,Leander,Milla Leander,Female,,,https://ui-avatars.com/api/?name=M+L&color=FFFFFF&background=000000,ATHX COPENHAGEN 2026,Denmark 🇩🇰,2026,Female,ATHX Pro,Strength,52KG,125KG,140KG,,
8,Robin,Swinkels,Robin Swinkels,Female,Netherlands,EindhovenGym,https://ui-avatars.com/api/?name=R+S&color=FFFFFF&background=000000,ATHX COPENHAGEN 2026,Denmark 🇩🇰,2026,Female,ATHX Pro,Strength,61KG,120KG,130KG,,
9,Freja,Lehmann Jensen,Freja Lehmann Jensen,Female,,,https://ui-avatars.com/api/?name=F+L+J&color=FFFFFF&background=000000,ATHX COPENHAGEN 2026,Denmark 🇩🇰,2026,Female,ATHX Pro,Strength,45KG,110KG,145KG,,
10,Pernille,Brogaard Pedersen,Pernille Brogaard Pedersen,Female,,,https://ui-avatars.com/api/?name=P+B+P&color=FFFFFF&background=000000,ATHX COPENHAGEN 2026,Denmark 🇩🇰,2026,Female,ATHX Pro,Strength,52KG,115KG,130KG,,
11,Frederikke,Mollerup,Frederikke Mollerup,Female,,,https://ui-avatars.com/api/?name=F+M&color=FFFFFF&background=000000,ATHX COPENHAGEN 2026,Denmark 🇩🇰,2026,Female,ATHX Pro,Strength,54KG,109KG,130KG,,
11,Emma,Häggström,Emma Häggström,Female,Sweden,Limhamns Crossfit,https://ui-avatars.com/api/?name=E+H&color=FFFFFF&background=000000,ATHX COPENHAGEN 2026,Denmark 🇩🇰,2026,Female,ATHX Pro,Strength,58KG,110KG,125KG,,
13,Sofie,Høj,Sofie Høj,Female,,,https://ui-avatars.com/api/?name=S+H&color=FFFFFF&background=000000,ATHX COPENHAGEN 2026,Denmark 🇩🇰,2026,Female,ATHX Pro,Strength,46KG,110KG,135KG,,
14,Line,Christiansen,Line Christiansen,Female,Denmark,,https://ui-avatars.com/api/?name=L+C&color=FFFFFF&background=000000,ATHX COPENHAGEN 2026,Denmark 🇩🇰,2026,Female,ATHX Pro,Strength,48KG,105KG,136KG,,
14,Kajsa,Sundqvist,Kajsa Sundqvist,Female,Sweden,SATS,https://ui-avatars.com/api/?name=K+S&color=FFFFFF&background=000000,ATHX COPENHAGEN 2026,Denmark 🇩🇰,2026,Female,ATHX Pro,Strength,55KG,105KG,129KG,,
16,Camilla,Brogaard,Camilla Brogaard,Female,,,https://ui-avatars.com/api/?name=C+B&color=FFFFFF&background=000000,ATHX COPENHAGEN 2026,Denmark 🇩🇰,2026,Female,ATHX Pro,Strength,48KG,107KG,130KG,,
16,Morgane,Eckert,Morgane Eckert,Female,,,https://ui-avatars.com/api/?name=M+E&color=FFFFFF&background=000000,ATHX COPENHAGEN 2026,Denmark 🇩🇰,2026,Female,ATHX Pro,Strength,48KG,102KG,135KG,,
18,Alberte,Martensson,Alberte Martensson,Female,,,https://ui-avatars.com/api/?name=A+M&color=FFFFFF&background=000000,ATHX COPENHAGEN 2026,Denmark 🇩🇰,2026,Female,ATHX Pro,Strength,48KG,106KG,125KG,,
19,Sara,Hovrevik,Sara Hovrevik,Female,,,https://ui-avatars.com/api/?name=S+H&color=FFFFFF&background=000000,ATHX COPENHAGEN 2026,Denmark 🇩🇰,2026,Female,ATHX Pro,Strength,46KG,107KG,123KG,,
20,Nicoline,Molina,Nicoline Molina,Female,,,https://ui-avatars.com/api/?name=N+M&color=FFFFFF&background=000000,ATHX COPENHAGEN 2026,Denmark 🇩🇰,2026,Female,ATHX Pro,Strength,45KG,120KG,110KG,,
21,Lasse Vincent,Wøbbe-Lange,Lasse Vincent Wøbbe-Lange,Female,,,https://ui-avatars.com/api/?name=L+V+W&color=FFFFFF&background=000000,ATHX COPENHAGEN 2026,Denmark 🇩🇰,2026,Female,ATHX Pro,Strength,47KG,105KG,120KG,,
22,Mia,Furu,Mia Furu,Female,,,https://ui-avatars.com/api/?name=M+F&color=FFFFFF&background=000000,ATHX COPENHAGEN 2026,Denmark 🇩🇰,2026,Female,ATHX Pro,Strength,50KG,105KG,115KG,,
22,Katrine,Thirup Jørgensen,Katrine Thirup Jørgensen,Female,,,https://ui-avatars.com/api/?name=K+T+J&color=FFFFFF&background=000000,ATHX COPENHAGEN 2026,Denmark 🇩🇰,2026,Female,ATHX Pro,Strength,42KG,102KG,126KG,,
24,Sabrine,Barakji,Sabrine Barakji,Female,,,https://ui-avatars.com/api/?name=S+B&color=FFFFFF&background=000000,ATHX COPENHAGEN 2026,Denmark 🇩🇰,2026,Female,ATHX Pro,Strength,53KG,90KG,125KG,,
25,Nicole,Ciecierska,Nicole Ciecierska,Female,,,https://ui-avatars.com/api/?name=N+C&color=FFFFFF&background=000000,ATHX COPENHAGEN 2026,Denmark 🇩🇰,2026,Female,ATHX Pro,Strength,52KG,105KG,110KG,,
26,Freja,Froberg,Freja Froberg,Female,,,https://ui-avatars.com/api/?name=F+F&color=FFFFFF&background=000000,ATHX COPENHAGEN 2026,Denmark 🇩🇰,2026,Female,ATHX Pro,Strength,47KG,97KG,122KG,,
26,Reika,Morgan,Reika Morgan,Female,,,https://ui-avatars.com/api/?name=R+M&color=FFFFFF&background=000000,ATHX COPENHAGEN 2026,Denmark 🇩🇰,2026,Female,ATHX Pro,Strength,41KG,100KG,125KG,,
28,Signe Helen,Rogne,Signe Helen Rogne,Female,,,https://ui-avatars.com/api/?name=S+H+R&color=FFFFFF&background=000000,ATHX COPENHAGEN 2026,Denmark 🇩🇰,2026,Female,ATHX Pro,Strength,48KG,107KG,110KG,,
29,Ditte Marie Høier,Andersen,Ditte Marie Høier Andersen,Female,,,https://ui-avatars.com/api/?name=D+M+H+A&color=FFFFFF&background=000000,ATHX COPENHAGEN 2026,Denmark 🇩🇰,2026,Female,ATHX Pro,Strength,42KG,100KG,120KG,,
30,Brigita,Derdic,Brigita Derdic,Female,,,https://ui-avatars.com/api/?name=B+D&color=FFFFFF&background=000000,ATHX COPENHAGEN 2026,Denmark 🇩🇰,2026,Female,ATHX Pro,Strength,40KG,100KG,120KG,,
31,Louise Jeanette,Jensen,Louise Jeanette Jensen,Female,,,https://ui-avatars.com/api/?name=L+J+J&color=FFFFFF&background=000000,ATHX COPENHAGEN 2026,Denmark 🇩🇰,2026,Female,ATHX Pro,Strength,45KG,93KG,120KG,,
32,Kristina,Johansson,Kristina Johansson,Female,Sweden,HUB Fitness,https://athxgames.com/storage/profile-photos/PHL3IN0YZBlfnk6Jo4qm8ObmNuqJ6bqeWHHNlFDC.jpg,ATHX COPENHAGEN 2026,Denmark 🇩🇰,2026,Female,ATHX Pro,Strength,44KG,95KG,115KG,,
33,Johanna,Baganz,Johanna Baganz,Female,,,https://ui-avatars.com/api/?name=J+B&color=FFFFFF&background=000000,ATHX COPENHAGEN 2026,Denmark 🇩🇰,2026,Female,ATHX Pro,Strength,50KG,80KG,120KG,,
34,Ria,Tapner robinson,Ria Tapner robinson,Female,United Kingdom,,https://ui-avatars.com/api/?name=R+T+r&color=FFFFFF&background=000000,ATHX COPENHAGEN 2026,Denmark 🇩🇰,2026,Female,ATHX Pro,Strength,44KG,97KG,105KG,,
35,Kine,Karlsen,Kine Karlsen,Female,,,https://ui-avatars.com/api/?name=K+K&color=FFFFFF&background=000000,ATHX COPENHAGEN 2026,Denmark 🇩🇰,2026,Female,ATHX Pro,Strength,35KG,95KG,110KG,,
36,Line,Jensen,Line Jensen,Female,,,https://ui-avatars.com/api/?name=L+J&color=FFFFFF&background=000000,ATHX COPENHAGEN 2026,Denmark 🇩🇰,2026,Female,ATHX Pro,Strength,42KG,85KG,110KG,,
37,Signe,Harbo,Signe Harbo,Female,,,https://ui-avatars.com/api/?name=S+H&color=FFFFFF&background=000000,ATHX COPENHAGEN 2026,Denmark 🇩🇰,2026,Female,ATHX Pro,Strength,40KG,85KG,110KG,,
37,Rebecca,Rüdiger,Rebecca Rüdiger,Female,Germany,CrossFit Gera,https://ui-avatars.com/api/?name=R+R&color=FFFFFF&background=000000,ATHX COPENHAGEN 2026,Denmark 🇩🇰,2026,Female,ATHX Pro,Strength,42KG,88KG,105KG,,
39,Nadia,Vestergaard,Nadia Vestergaard,Female,,,https://ui-avatars.com/api/?name=N+V&color=FFFFFF&background=000000,ATHX COPENHAGEN 2026,Denmark 🇩🇰,2026,Female,ATHX Pro,Strength,43KG,90KG,100KG,,
40,Amelie,Sinz,Amelie Sinz,Female,,,https://ui-avatars.com/api/?name=A+S&color=FFFFFF&background=000000,ATHX COPENHAGEN 2026,Denmark 🇩🇰,2026,Female,ATHX Pro,Strength,46KG,85KG,100KG,,
41,Lucy,Lloyd,Lucy Lloyd,Female,,,https://ui-avatars.com/api/?name=L+L&color=FFFFFF&background=000000,ATHX COPENHAGEN 2026,Denmark 🇩🇰,2026,Female,ATHX Pro,Strength,45KG,80KG,105KG,,
42,Miriam,Nowara,Miriam Nowara,Female,,,https://ui-avatars.com/api/?name=M+N&color=FFFFFF&background=000000,ATHX COPENHAGEN 2026,Denmark 🇩🇰,2026,Female,ATHX Pro,Strength,45KG,80KG,100KG,,
43,Julia,Maciuszek,Julia Maciuszek,Female,,,https://ui-avatars.com/api/?name=J+M&color=FFFFFF&background=000000,ATHX COPENHAGEN 2026,Denmark 🇩🇰,2026,Female,ATHX Pro,Strength,38KG,75KG,110KG,,
43,Anne Katrine,Kiilgaard,Anne Katrine Kiilgaard,Female,,,https://ui-avatars.com/api/?name=A+K+K&color=FFFFFF&background=000000,ATHX COPENHAGEN 2026,Denmark 🇩🇰,2026,Female,ATHX Pro,Strength,42KG,81KG,100KG,,
45,Anna,Møller,Anna Møller,Female,,,https://ui-avatars.com/api/?name=A+M&color=FFFFFF&background=000000,ATHX COPENHAGEN 2026,Denmark 🇩🇰,2026,Female,ATHX Pro,Strength,38KG,75KG,105KG,,
46,Agustina,Contreras,Agustina Contreras,Female,Argentina,Be you club,https://ui-avatars.com/api/?name=A+C&color=FFFFFF&background=000000,ATHX COPENHAGEN 2026,Denmark 🇩🇰,2026,Female,ATHX Pro,Strength,42KG,84KG,88KG,,
47,Klara,Fuhrmann,Klara Fuhrmann,Female,,,https://ui-avatars.com/api/?name=K+F&color=FFFFFF&background=000000,ATHX COPENHAGEN 2026,Denmark 🇩🇰,2026,Female,ATHX Pro,Strength,40KG,70KG,100KG,,
48,Camila,De la peña,Camila De la peña,Female,,,https://ui-avatars.com/api/?name=C+D+l+p&color=FFFFFF&background=000000,ATHX COPENHAGEN 2026,Denmark 🇩🇰,2026,Female,ATHX Pro,Strength,36KG,75KG,93KG,,
48,Laura,Scharff,Laura Scharff,Female,,,https://ui-avatars.com/api/?name=L+S&color=FFFFFF&background=000000,ATHX COPENHAGEN 2026,Denmark 🇩🇰,2026,Female,ATHX Pro,Strength,34KG,80KG,90KG,,
1,Louise Jeanette,Jensen,Louise Jeanette Jensen,Female,,,https://ui-avatars.com/api/?name=L+J+J&color=FFFFFF&background=000000,ATHX COPENHAGEN 2026,Denmark 🇩🇰,2026,Female,ATHX Pro,Endurance,,,,2KM,3.358KM
2,Miriam,Nowara,Miriam Nowara,Female,,,https://ui-avatars.com/api/?name=M+N&color=FFFFFF&background=000000,ATHX COPENHAGEN 2026,Denmark 🇩🇰,2026,Female,ATHX Pro,Endurance,,,,2KM,3.222KM
3,Astrid,Tind,Astrid Tind,Female,,,https://ui-avatars.com/api/?name=A+T&color=FFFFFF&background=000000,ATHX COPENHAGEN 2026,Denmark 🇩🇰,2026,Female,ATHX Pro,Endurance,,,,2KM,3.188KM
4,Emma,Mårtensson,Emma Mårtensson,Female,,,https://ui-avatars.com/api/?name=E+M&color=FFFFFF&background=000000,ATHX COPENHAGEN 2026,Denmark 🇩🇰,2026,Female,ATHX Pro,Endurance,,,,2.781KM,2.33KM
5,Line,Christiansen,Line Christiansen,Female,Denmark,,https://ui-avatars.com/api/?name=L+C&color=FFFFFF&background=000000,ATHX COPENHAGEN 2026,Denmark 🇩🇰,2026,Female,ATHX Pro,Endurance,,,,2KM,3.048KM
6,Amelie,Sinz,Amelie Sinz,Female,,,https://ui-avatars.com/api/?name=A+S&color=FFFFFF&background=000000,ATHX COPENHAGEN 2026,Denmark 🇩🇰,2026,Female,ATHX Pro,Endurance,,,,2.403KM,2.634KM
7,Anne Katrine,Kiilgaard,Anne Katrine Kiilgaard,Female,,,https://ui-avatars.com/api/?name=A+K+K&color=FFFFFF&background=000000,ATHX COPENHAGEN 2026,Denmark 🇩🇰,2026,Female,ATHX Pro,Endurance,,,,2KM,3.036KM
8,Mia,Furu,Mia Furu,Female,,,https://ui-avatars.com/api/?name=M+F&color=FFFFFF&background=000000,ATHX COPENHAGEN 2026,Denmark 🇩🇰,2026,Female,ATHX Pro,Endurance,,,,2.106KM,2.897KM
9,Milla,Leander,Milla Leander,Female,,,https://ui-avatars.com/api/?name=M+L&color=FFFFFF&background=000000,ATHX COPENHAGEN 2026,Denmark 🇩🇰,2026,Female,ATHX Pro,Endurance,,,,2KM,2.971KM
10,Alberte,Martensson,Alberte Martensson,Female,,,https://ui-avatars.com/api/?name=A+M&color=FFFFFF&background=000000,ATHX COPENHAGEN 2026,Denmark 🇩🇰,2026,Female,ATHX Pro,Endurance,,,,2KM,2.948KM
11,Lasse Vincent,Wøbbe-Lange,Lasse Vincent Wøbbe-Lange,Female,,,https://ui-avatars.com/api/?name=L+V+W&color=FFFFFF&background=000000,ATHX COPENHAGEN 2026,Denmark 🇩🇰,2026,Female,ATHX Pro,Endurance,,,,2.54KM,2.391KM
12,Freja,Froberg,Freja Froberg,Female,,,https://ui-avatars.com/api/?name=F+F&color=FFFFFF&background=000000,ATHX COPENHAGEN 2026,Denmark 🇩🇰,2026,Female,ATHX Pro,Endurance,,,,2.42KM,2.495KM
13,Katrine,Thirup Jørgensen,Katrine Thirup Jørgensen,Female,,,https://ui-avatars.com/api/?name=K+T+J&color=FFFFFF&background=000000,ATHX COPENHAGEN 2026,Denmark 🇩🇰,2026,Female,ATHX Pro,Endurance,,,,2KM,2.893KM
14,Robin,Swinkels,Robin Swinkels,Female,Netherlands,EindhovenGym,https://ui-avatars.com/api/?name=R+S&color=FFFFFF&background=000000,ATHX COPENHAGEN 2026,Denmark 🇩🇰,2026,Female,ATHX Pro,Endurance,,,,2.161KM,2.67KM
15,Agustina,Contreras,Agustina Contreras,Female,Argentina,Be you club,https://ui-avatars.com/api/?name=A+C&color=FFFFFF&background=000000,ATHX COPENHAGEN 2026,Denmark 🇩🇰,2026,Female,ATHX Pro,Endurance,,,,2KM,2.829KM
16,Sofie,Høj,Sofie Høj,Female,,,https://ui-avatars.com/api/?name=S+H&color=FFFFFF&background=000000,ATHX COPENHAGEN 2026,Denmark 🇩🇰,2026,Female,ATHX Pro,Endurance,,,,2.376KM,2.387KM
17,Sadie,Moss,Sadie Moss,Female,,,https://ui-avatars.com/api/?name=S+M&color=FFFFFF&background=000000,ATHX COPENHAGEN 2026,Denmark 🇩🇰,2026,Female,ATHX Pro,Endurance,,,,2KM,2.756KM
18,Lucy,Lloyd,Lucy Lloyd,Female,,,https://ui-avatars.com/api/?name=L+L&color=FFFFFF&background=000000,ATHX COPENHAGEN 2026,Denmark 🇩🇰,2026,Female,ATHX Pro,Endurance,,,,2KM,2.751KM
19,Nicole,Ciecierska,Nicole Ciecierska,Female,,,https://ui-avatars.com/api/?name=N+C&color=FFFFFF&background=000000,ATHX COPENHAGEN 2026,Denmark 🇩🇰,2026,Female,ATHX Pro,Endurance,,,,2KM,2.749KM
20,Johanna,Baganz,Johanna Baganz,Female,,,https://ui-avatars.com/api/?name=J+B&color=FFFFFF&background=000000,ATHX COPENHAGEN 2026,Denmark 🇩🇰,2026,Female,ATHX Pro,Endurance,,,,2KM,2.74KM
21,Emma,Häggström,Emma Häggström,Female,Sweden,Limhamns Crossfit,https://ui-avatars.com/api/?name=E+H&color=FFFFFF&background=000000,ATHX COPENHAGEN 2026,Denmark 🇩🇰,2026,Female,ATHX Pro,Endurance,,,,2KM,2.719KM
22,Julia,Maciuszek,Julia Maciuszek,Female,,,https://ui-avatars.com/api/?name=J+M&color=FFFFFF&background=000000,ATHX COPENHAGEN 2026,Denmark 🇩🇰,2026,Female,ATHX Pro,Endurance,,,,2.604KM,2.103KM
23,Jasmine,Werner,Jasmine Werner,Female,,,https://ui-avatars.com/api/?name=J+W&color=FFFFFF&background=000000,ATHX COPENHAGEN 2026,Denmark 🇩🇰,2026,Female,ATHX Pro,Endurance,,,,2KM,2.698KM
24,Klara,Fuhrmann,Klara Fuhrmann,Female,,,https://ui-avatars.com/api/?name=K+F&color=FFFFFF&background=000000,ATHX COPENHAGEN 2026,Denmark 🇩🇰,2026,Female,ATHX Pro,Endurance,,,,2KM,2.692KM
25,Sara,Hovrevik,Sara Hovrevik,Female,,,https://ui-avatars.com/api/?name=S+H&color=FFFFFF&background=000000,ATHX COPENHAGEN 2026,Denmark 🇩🇰,2026,Female,ATHX Pro,Endurance,,,,2KM,2.688KM
26,Line,Jensen,Line Jensen,Female,,,https://ui-avatars.com/api/?name=L+J&color=FFFFFF&background=000000,ATHX COPENHAGEN 2026,Denmark 🇩🇰,2026,Female,ATHX Pro,Endurance,,,,2KM,2.674KM
27,Kajsa,Sundqvist,Kajsa Sundqvist,Female,Sweden,SATS,https://ui-avatars.com/api/?name=K+S&color=FFFFFF&background=000000,ATHX COPENHAGEN 2026,Denmark 🇩🇰,2026,Female,ATHX Pro,Endurance,,,,2.34KM,2.333KM
28,Camila,De la peña,Camila De la peña,Female,,,https://ui-avatars.com/api/?name=C+D+l+p&color=FFFFFF&background=000000,ATHX COPENHAGEN 2026,Denmark 🇩🇰,2026,Female,ATHX Pro,Endurance,,,,2.589KM,2.08KM
29,Mia,Hesketh,Mia Hesketh,Female,,,https://ui-avatars.com/api/?name=M+H&color=FFFFFF&background=000000,ATHX COPENHAGEN 2026,Denmark 🇩🇰,2026,Female,ATHX Pro,Endurance,,,,2KM,2.654KM
30,Camilla,Brogaard,Camilla Brogaard,Female,,,https://ui-avatars.com/api/?name=C+B&color=FFFFFF&background=000000,ATHX COPENHAGEN 2026,Denmark 🇩🇰,2026,Female,ATHX Pro,Endurance,,,,2KM,2.573KM
31,Pernille,Brogaard Pedersen,Pernille Brogaard Pedersen,Female,,,https://ui-avatars.com/api/?name=P+B+P&color=FFFFFF&background=000000,ATHX COPENHAGEN 2026,Denmark 🇩🇰,2026,Female,ATHX Pro,Endurance,,,,2KM,2.56KM
32,Morgane,Eckert,Morgane Eckert,Female,,,https://ui-avatars.com/api/?name=M+E&color=FFFFFF&background=000000,ATHX COPENHAGEN 2026,Denmark 🇩🇰,2026,Female,ATHX Pro,Endurance,,,,2.145KM,2.39KM
33,Kine,Karlsen,Kine Karlsen,Female,,,https://ui-avatars.com/api/?name=K+K&color=FFFFFF&background=000000,ATHX COPENHAGEN 2026,Denmark 🇩🇰,2026,Female,ATHX Pro,Endurance,,,,1.651KM,2.877KM
34,Anna,Nissen,Anna Nissen,Female,,,https://ui-avatars.com/api/?name=A+N&color=FFFFFF&background=000000,ATHX COPENHAGEN 2026,Denmark 🇩🇰,2026,Female,ATHX Pro,Endurance,,,,2KM,2.521KM
35,Anna,Møller,Anna Møller,Female,,,https://ui-avatars.com/api/?name=A+M&color=FFFFFF&background=000000,ATHX COPENHAGEN 2026,Denmark 🇩🇰,2026,Female,ATHX Pro,Endurance,,,,2KM,2.478KM
36,Signe,Harbo,Signe Harbo,Female,,,https://ui-avatars.com/api/?name=S+H&color=FFFFFF&background=000000,ATHX COPENHAGEN 2026,Denmark 🇩🇰,2026,Female,ATHX Pro,Endurance,,,,2.163KM,2.292KM
37,Laura,Scharff,Laura Scharff,Female,,,https://ui-avatars.com/api/?name=L+S&color=FFFFFF&background=000000,ATHX COPENHAGEN 2026,Denmark 🇩🇰,2026,Female,ATHX Pro,Endurance,,,,2.042KM,2.411KM
38,Frederikke,Mollerup,Frederikke Mollerup,Female,,,https://ui-avatars.com/api/?name=F+M&color=FFFFFF&background=000000,ATHX COPENHAGEN 2026,Denmark 🇩🇰,2026,Female,ATHX Pro,Endurance,,,,2KM,2.37KM
39,Sabrine,Barakji,Sabrine Barakji,Female,,,https://ui-avatars.com/api/?name=S+B&color=FFFFFF&background=000000,ATHX COPENHAGEN 2026,Denmark 🇩🇰,2026,Female,ATHX Pro,Endurance,,,,1.926KM,2.412KM
40,Reika,Morgan,Reika Morgan,Female,,,https://ui-avatars.com/api/?name=R+M&color=FFFFFF&background=000000,ATHX COPENHAGEN 2026,Denmark 🇩🇰,2026,Female,ATHX Pro,Endurance,,,,2KM,2.309KM
41,Freja,Lehmann Jensen,Freja Lehmann Jensen,Female,,,https://ui-avatars.com/api/?name=F+L+J&color=FFFFFF&background=000000,ATHX COPENHAGEN 2026,Denmark 🇩🇰,2026,Female,ATHX Pro,Endurance,,,,2KM,2.306KM
42,Nadia,Vestergaard,Nadia Vestergaard,Female,,,https://ui-avatars.com/api/?name=N+V&color=FFFFFF&background=000000,ATHX COPENHAGEN 2026,Denmark 🇩🇰,2026,Female,ATHX Pro,Endurance,,,,2KM,2.283KM
43,Rebecca,Rüdiger,Rebecca Rüdiger,Female,Germany,CrossFit Gera,https://ui-avatars.com/api/?name=R+R&color=FFFFFF&background=000000,ATHX COPENHAGEN 2026,Denmark 🇩🇰,2026,Female,ATHX Pro,Endurance,,,,2KM,2.201KM
44,Kristina,Johansson,Kristina Johansson,Female,Sweden,HUB Fitness,https://athxgames.com/storage/profile-photos/PHL3IN0YZBlfnk6Jo4qm8ObmNuqJ6bqeWHHNlFDC.jpg,ATHX COPENHAGEN 2026,Denmark 🇩🇰,2026,Female,ATHX Pro,Endurance,,,,2KM,2.16KM
45,Ditte Marie Høier,Andersen,Ditte Marie Høier Andersen,Female,,,https://ui-avatars.com/api/?name=D+M+H+A&color=FFFFFF&background=000000,ATHX COPENHAGEN 2026,Denmark 🇩🇰,2026,Female,ATHX Pro,Endurance,,,,1.782KM,2.377KM
46,Ria,Tapner robinson,Ria Tapner robinson,Female,United Kingdom,,https://ui-avatars.com/api/?name=R+T+r&color=FFFFFF&background=000000,ATHX COPENHAGEN 2026,Denmark 🇩🇰,2026,Female,ATHX Pro,Endurance,,,,1.205KM,2.926KM
47,Brigita,Derdic,Brigita Derdic,Female,,,https://ui-avatars.com/api/?name=B+D&color=FFFFFF&background=000000,ATHX COPENHAGEN 2026,Denmark 🇩🇰,2026,Female,ATHX Pro,Endurance,,,,1.87KM,2.235KM
48,Signe Helen,Rogne,Signe Helen Rogne,Female,,,https://ui-avatars.com/api/?name=S+H+R&color=FFFFFF&background=000000,ATHX COPENHAGEN 2026,Denmark 🇩🇰,2026,Female,ATHX Pro,Endurance,,,,2.055KM,1.987KM
49,Nicoline,Molina,Nicoline Molina,Female,,,https://ui-avatars.com/api/?name=N+M&color=FFFFFF&background=000000,ATHX COPENHAGEN 2026,Denmark 🇩🇰,2026,Female,ATHX Pro,Endurance,,,,2.169KM,1.83KM
1,Julian,Kragh-Maschvitsz,Julian Kragh-Maschvitsz,Male,Denmark,Butcher’s lab,https://ui-avatars.com/api/?name=J+K&color=FFFFFF&background=000000,ATHX COPENHAGEN 2026,Denmark 🇩🇰,2026,Male,ATHX Pro,Strength,100KG,210KG,240KG,,
2,Lukasz,Debek,Lukasz Debek,Male,Poland,Trained by Lucas,https://athxgames.com/storage/profile-photos/0k6DwTsViIc3O6QSrZHUwNYhjPK4buWOsDcxkO1H.jpg,ATHX COPENHAGEN 2026,Denmark 🇩🇰,2026,Male,ATHX Pro,Strength,115KG,200KG,230KG,,
3,Sam,Morris,Sam Morris,Male,,,https://ui-avatars.com/api/?name=S+M&color=FFFFFF&background=000000,ATHX COPENHAGEN 2026,Denmark 🇩🇰,2026,Male,ATHX Pro,Strength,115KG,210KG,190KG,,
4,Phil,Hesketh,Phil Hesketh,Male,United Kingdom,,https://ui-avatars.com/api/?name=P+H&color=FFFFFF&background=000000,ATHX COPENHAGEN 2026,Denmark 🇩🇰,2026,Male,ATHX Pro,Strength,95KG,185KG,220KG,,
5,PD,Savage,PD Savage,Male,,,https://ui-avatars.com/api/?name=P+S&color=FFFFFF&background=000000,ATHX COPENHAGEN 2026,Denmark 🇩🇰,2026,Male,ATHX Pro,Strength,100KG,180KG,210KG,,
5,Karim,Djidel,Karim Djidel,Male,,,https://ui-avatars.com/api/?name=K+D&color=FFFFFF&background=000000,ATHX COPENHAGEN 2026,Denmark 🇩🇰,2026,Male,ATHX Pro,Strength,90KG,200KG,200KG,,
7,Viktor,Munter,Viktor Munter,Male,,,https://ui-avatars.com/api/?name=V+M&color=FFFFFF&background=000000,ATHX COPENHAGEN 2026,Denmark 🇩🇰,2026,Male,ATHX Pro,Strength,85KG,195KG,205KG,,
8,Carl Erik ,Gustaf Karlsson ,Carl Erik  Gustaf Karlsson ,Male,,,https://ui-avatars.com/api/?name=C+E++G+K&color=FFFFFF&background=000000,ATHX COPENHAGEN 2026,Denmark 🇩🇰,2026,Male,ATHX Pro,Strength,80KG,180KG,220KG,,
9,Artur,Busz,Artur Busz,Male,Poland,,https://ui-avatars.com/api/?name=A+B&color=FFFFFF&background=000000,ATHX COPENHAGEN 2026,Denmark 🇩🇰,2026,Male,ATHX Pro,Strength,85KG,190KG,200KG,,
9,Hugo,Jansson,Hugo Jansson,Male,,,https://ui-avatars.com/api/?name=H+J&color=FFFFFF&background=000000,ATHX COPENHAGEN 2026,Denmark 🇩🇰,2026,Male,ATHX Pro,Strength,85KG,190KG,200KG,,
11,luca,bienz,luca bienz,Male,,,https://ui-avatars.com/api/?name=l+b&color=FFFFFF&background=000000,ATHX COPENHAGEN 2026,Denmark 🇩🇰,2026,Male,ATHX Pro,Strength,92KG,181KG,200KG,,
12,Klaus,Uggerhøj,Klaus Uggerhøj,Male,,,https://ui-avatars.com/api/?name=K+U&color=FFFFFF&background=000000,ATHX COPENHAGEN 2026,Denmark 🇩🇰,2026,Male,ATHX Pro,Strength,82KG,170KG,220KG,,
13,Pedro,Pereira,Pedro Pereira,Male,Portugal,QMR CrossFit,https://ui-avatars.com/api/?name=P+P&color=FFFFFF&background=000000,ATHX COPENHAGEN 2026,Denmark 🇩🇰,2026,Male,ATHX Pro,Strength,90KG,175KG,200KG,,
14,Gustav,Falholt,Gustav Falholt,Male,,,https://ui-avatars.com/api/?name=G+F&color=FFFFFF&background=000000,ATHX COPENHAGEN 2026,Denmark 🇩🇰,2026,Male,ATHX Pro,Strength,96KG,171KG,190KG,,
15,Jeppe,Ormstrup,Jeppe Ormstrup,Male,,,https://ui-avatars.com/api/?name=J+O&color=FFFFFF&background=000000,ATHX COPENHAGEN 2026,Denmark 🇩🇰,2026,Male,ATHX Pro,Strength,70KG,171KG,215KG,,
16,Cristiano,Silva,Cristiano Silva,Male,Portugal,QMR CrossFit,https://ui-avatars.com/api/?name=C+S&color=FFFFFF&background=000000,ATHX COPENHAGEN 2026,Denmark 🇩🇰,2026,Male,ATHX Pro,Strength,80KG,160KG,215KG,,
17,Kasper Sølvstrøm,Jensen,Kasper Sølvstrøm Jensen,Male,,,https://ui-avatars.com/api/?name=K+S+J&color=FFFFFF&background=000000,ATHX COPENHAGEN 2026,Denmark 🇩🇰,2026,Male,ATHX Pro,Strength,96KG,170KG,186KG,,
18,Alexander,Andersen,Alexander Andersen,Male,,,https://ui-avatars.com/api/?name=A+A&color=FFFFFF&background=000000,ATHX COPENHAGEN 2026,Denmark 🇩🇰,2026,Male,ATHX Pro,Strength,93KG,165KG,190KG,,
19,Cheikh Tidiane,Thiam,Cheikh Tidiane Thiam,Male,,,https://ui-avatars.com/api/?name=C+T+T&color=FFFFFF&background=000000,ATHX COPENHAGEN 2026,Denmark 🇩🇰,2026,Male,ATHX Pro,Strength,95KG,160KG,190KG,,
19,Victor,Nielsen,Victor Nielsen,Male,Denmark,Butcher’s lab,https://ui-avatars.com/api/?name=V+N&color=FFFFFF&background=000000,ATHX COPENHAGEN 2026,Denmark 🇩🇰,2026,Male,ATHX Pro,Strength,75KG,170KG,200KG,,
21,Bevan,Jay,Bevan Jay,Male,,,https://ui-avatars.com/api/?name=B+J&color=FFFFFF&background=000000,ATHX COPENHAGEN 2026,Denmark 🇩🇰,2026,Male,ATHX Pro,Strength,85KG,175KG,175KG,,
22,Nicolai,Mainz,Nicolai Mainz,Male,,,https://ui-avatars.com/api/?name=N+M&color=FFFFFF&background=000000,ATHX COPENHAGEN 2026,Denmark 🇩🇰,2026,Male,ATHX Pro,Strength,80KG,165KG,180KG,,
23,Casper,Mortensen,Casper Mortensen,Male,,,https://ui-avatars.com/api/?name=C+M&color=FFFFFF&background=000000,ATHX COPENHAGEN 2026,Denmark 🇩🇰,2026,Male,ATHX Pro,Strength,71KG,161KG,191KG,,
24,Anton,Bayaryn,Anton Bayaryn,Male,Poland,,https://ui-avatars.com/api/?name=A+B&color=FFFFFF&background=000000,ATHX COPENHAGEN 2026,Denmark 🇩🇰,2026,Male,ATHX Pro,Strength,72KG,170KG,180KG,,
25,Lee,Collins,Lee Collins,Male,,,https://ui-avatars.com/api/?name=L+C&color=FFFFFF&background=000000,ATHX COPENHAGEN 2026,Denmark 🇩🇰,2026,Male,ATHX Pro,Strength,82KG,166KG,165KG,,
26,Morten,Nørgaard Pedersen,Morten Nørgaard Pedersen,Male,,,https://athxgames.com/storage/profile-photos/pyaQMwUiup0D6Cdkg53ikvMTOIrpcd5i4weKLxfT.jpg,ATHX COPENHAGEN 2026,Denmark 🇩🇰,2026,Male,ATHX Pro,Strength,80KG,140KG,190KG,,
27,JECHOUX,TOMMY,JECHOUX TOMMY,Male,,,https://ui-avatars.com/api/?name=J+T&color=FFFFFF&background=000000,ATHX COPENHAGEN 2026,Denmark 🇩🇰,2026,Male,ATHX Pro,Strength,75KG,150KG,180KG,,
28,Christoffer,Gudmundsson,Christoffer Gudmundsson,Male,,,https://ui-avatars.com/api/?name=C+G&color=FFFFFF&background=000000,ATHX COPENHAGEN 2026,Denmark 🇩🇰,2026,Male,ATHX Pro,Strength,68KG,140KG,195KG,,
29,Dan,Andersen,Dan Andersen,Male,,,https://ui-avatars.com/api/?name=D+A&color=FFFFFF&background=000000,ATHX COPENHAGEN 2026,Denmark 🇩🇰,2026,Male,ATHX Pro,Strength,86KG,140KG,176KG,,
29,Yakup,Øzkir,Yakup Øzkir,Male,,,https://ui-avatars.com/api/?name=Y+%C3%98&color=FFFFFF&background=000000,ATHX COPENHAGEN 2026,Denmark 🇩🇰,2026,Male,ATHX Pro,Strength,70KG,152KG,180KG,,
31,Anton,Schjødt,Anton Schjødt,Male,,,https://ui-avatars.com/api/?name=A+S&color=FFFFFF&background=000000,ATHX COPENHAGEN 2026,Denmark 🇩🇰,2026,Male,ATHX Pro,Strength,85KG,145KG,165KG,,
32,Max,Rosenthal,Max Rosenthal,Male,,,https://ui-avatars.com/api/?name=M+R&color=FFFFFF&background=000000,ATHX COPENHAGEN 2026,Denmark 🇩🇰,2026,Male,ATHX Pro,Strength,74KG,145KG,175KG,,
33,Peter,Schnor,Peter Schnor,Male,,,https://ui-avatars.com/api/?name=P+S&color=FFFFFF&background=000000,ATHX COPENHAGEN 2026,Denmark 🇩🇰,2026,Male,ATHX Pro,Strength,83KG,150KG,160KG,,
34,Markus,Spöhnmann,Markus Spöhnmann,Male,Germany,CrossFit Tübingen,https://athxgames.com/storage/profile-photos/PZDuHA2K2gtfLry0RyQ3gMCnHYpJl21oStVkptzO.jpg,ATHX COPENHAGEN 2026,Denmark 🇩🇰,2026,Male,ATHX Pro,Strength,80KG,140KG,170KG,,
34,Patrick,Nielsen,Patrick Nielsen,Male,,,https://athxgames.com/storage/profile-photos/t8f8osv7OA5noMMfpS9LgJrDHeKx1qSnH8ce0UqL.jpg,ATHX COPENHAGEN 2026,Denmark 🇩🇰,2026,Male,ATHX Pro,Strength,80KG,140KG,170KG,,
36,Adam,Selmani,Adam Selmani,Male,,,https://ui-avatars.com/api/?name=A+S&color=FFFFFF&background=000000,ATHX COPENHAGEN 2026,Denmark 🇩🇰,2026,Male,ATHX Pro,Strength,85KG,130KG,172KG,,
37,Jon,Moss,Jon Moss,Male,,,https://ui-avatars.com/api/?name=J+M&color=FFFFFF&background=000000,ATHX COPENHAGEN 2026,Denmark 🇩🇰,2026,Male,ATHX Pro,Strength,80KG,172KG,130KG,,
38,Brian Høier,Andersen,Brian Høier Andersen,Male,,,https://ui-avatars.com/api/?name=B+H+A&color=FFFFFF&background=000000,ATHX COPENHAGEN 2026,Denmark 🇩🇰,2026,Male,ATHX Pro,Strength,90KG,120KG,165KG,,
39,Daniel,Albarracin,Daniel Albarracin,Male,,,https://ui-avatars.com/api/?name=D+A&color=FFFFFF&background=000000,ATHX COPENHAGEN 2026,Denmark 🇩🇰,2026,Male,ATHX Pro,Strength,70KG,140KG,160KG,,
39,jason,schoch,jason schoch,Male,,,https://ui-avatars.com/api/?name=j+s&color=FFFFFF&background=000000,ATHX COPENHAGEN 2026,Denmark 🇩🇰,2026,Male,ATHX Pro,Strength,70KG,130KG,170KG,,
39,Lukas,Ksoll,Lukas Ksoll,Male,,,https://ui-avatars.com/api/?name=L+K&color=FFFFFF&background=000000,ATHX COPENHAGEN 2026,Denmark 🇩🇰,2026,Male,ATHX Pro,Strength,87KG,120KG,163KG,,
42,Tobias,Bøndergaard,Tobias Bøndergaard,Male,,,https://ui-avatars.com/api/?name=T+B&color=FFFFFF&background=000000,ATHX COPENHAGEN 2026,Denmark 🇩🇰,2026,Male,ATHX Pro,Strength,80KG,120KG,161KG,,
43,Benjamin,Stender,Benjamin Stender,Male,Denmark,,https://ui-avatars.com/api/?name=B+S&color=FFFFFF&background=000000,ATHX COPENHAGEN 2026,Denmark 🇩🇰,2026,Male,ATHX Pro,Strength,76KG,120KG,162KG,,
44,Ronaldas,Aliubavicius,Ronaldas Aliubavicius,Male,,,https://ui-avatars.com/api/?name=R+A&color=FFFFFF&background=000000,ATHX COPENHAGEN 2026,Denmark 🇩🇰,2026,Male,ATHX Pro,Strength,75KG,135KG,145KG,,
45,Morten,Thulstrup,Morten Thulstrup,Male,Denmark,,https://ui-avatars.com/api/?name=M+T&color=FFFFFF&background=000000,ATHX COPENHAGEN 2026,Denmark 🇩🇰,2026,Male,ATHX Pro,Strength,57KG,125KG,160KG,,
46,Astrid,Høgedal,Astrid Høgedal,Male,,,https://ui-avatars.com/api/?name=A+H&color=FFFFFF&background=000000,ATHX COPENHAGEN 2026,Denmark 🇩🇰,2026,Male,ATHX Pro,Strength,65KG,125KG,150KG,,
47,Mathias Hjorth,Andersen,Mathias Hjorth Andersen,Male,Denmark,,https://ui-avatars.com/api/?name=M+H+A&color=FFFFFF&background=000000,ATHX COPENHAGEN 2026,Denmark 🇩🇰,2026,Male,ATHX Pro,Strength,63KG,115KG,160KG,,
48,Christopher,Reeves,Christopher Reeves,Male,South Africa,ARCA,https://athxgames.com/storage/profile-photos/ZiDT3F5srEJQ86ZUPkRwkaWFttf9tlJLDN1GBzA7.jpg,ATHX COPENHAGEN 2026,Denmark 🇩🇰,2026,Male,ATHX Pro,Strength,72KG,110KG,155KG,,
49,Rasmus,Jensen,Rasmus Jensen,Male,,,https://ui-avatars.com/api/?name=R+J&color=FFFFFF&background=000000,ATHX COPENHAGEN 2026,Denmark 🇩🇰,2026,Male,ATHX Pro,Strength,75KG,110KG,150KG,,
50,Andreas,Runge Vestergaard,Andreas Runge Vestergaard,Male,,,https://ui-avatars.com/api/?name=A+R+V&color=FFFFFF&background=000000,ATHX COPENHAGEN 2026,Denmark 🇩🇰,2026,Male,ATHX Pro,Strength,67KG,125KG,140KG,,
51,Max,Dancau,Max Dancau,Male,,,https://ui-avatars.com/api/?name=M+D&color=FFFFFF&background=000000,ATHX COPENHAGEN 2026,Denmark 🇩🇰,2026,Male,ATHX Pro,Strength,70KG,110KG,150KG,,
52,Arkadiusz,Grabowiec,Arkadiusz Grabowiec,Male,Poland,,https://athxgames.com/storage/profile-photos/DcDxVJbFUAev1A5w0ijyQapQd0ZJNomfqSMCQlMz.jpg,ATHX COPENHAGEN 2026,Denmark 🇩🇰,2026,Male,ATHX Pro,Strength,60KG,115KG,150KG,,
53,Brendan,OBrien,Brendan OBrien,Male,,,https://athxgames.com/storage/profile-photos/pT4FHVw1YZEwHm7kfoQrgRG7MH9YLkYAu8vGBuCV.jpg,ATHX COPENHAGEN 2026,Denmark 🇩🇰,2026,Male,ATHX Pro,Strength,57KG,110KG,145KG,,
1,Arkadiusz,Grabowiec,Arkadiusz Grabowiec,Male,Poland,,https://athxgames.com/storage/profile-photos/DcDxVJbFUAev1A5w0ijyQapQd0ZJNomfqSMCQlMz.jpg,ATHX COPENHAGEN 2026,Denmark 🇩🇰,2026,Male,ATHX Pro,Endurance,,,,2.526KM,3.196KM
2,Sam,Morris,Sam Morris,Male,,,https://ui-avatars.com/api/?name=S+M&color=FFFFFF&background=000000,ATHX COPENHAGEN 2026,Denmark 🇩🇰,2026,Male,ATHX Pro,Endurance,,,,2KM,3.611KM
3,Yakup,Øzkir,Yakup Øzkir,Male,,,https://ui-avatars.com/api/?name=Y+%C3%98&color=FFFFFF&background=000000,ATHX COPENHAGEN 2026,Denmark 🇩🇰,2026,Male,ATHX Pro,Endurance,,,,2.835KM,2.674KM
4,Phil,Hesketh,Phil Hesketh,Male,United Kingdom,,https://ui-avatars.com/api/?name=P+H&color=FFFFFF&background=000000,ATHX COPENHAGEN 2026,Denmark 🇩🇰,2026,Male,ATHX Pro,Endurance,,,,2.48KM,2.986KM
5,PD,Savage,PD Savage,Male,,,https://ui-avatars.com/api/?name=P+S&color=FFFFFF&background=000000,ATHX COPENHAGEN 2026,Denmark 🇩🇰,2026,Male,ATHX Pro,Endurance,,,,1.834KM,3.594KM
6,Jeppe,Ormstrup,Jeppe Ormstrup,Male,,,https://ui-avatars.com/api/?name=J+O&color=FFFFFF&background=000000,ATHX COPENHAGEN 2026,Denmark 🇩🇰,2026,Male,ATHX Pro,Endurance,,,,1.531KM,3.873KM
7,Anton,Bayaryn,Anton Bayaryn,Male,Poland,,https://ui-avatars.com/api/?name=A+B&color=FFFFFF&background=000000,ATHX COPENHAGEN 2026,Denmark 🇩🇰,2026,Male,ATHX Pro,Endurance,,,,2KM,3.402KM
8,Bevan,Jay,Bevan Jay,Male,,,https://ui-avatars.com/api/?name=B+J&color=FFFFFF&background=000000,ATHX COPENHAGEN 2026,Denmark 🇩🇰,2026,Male,ATHX Pro,Endurance,,,,2.921KM,2.466KM
9,Carl Erik ,Gustaf Karlsson ,Carl Erik  Gustaf Karlsson ,Male,,,https://ui-avatars.com/api/?name=C+E++G+K&color=FFFFFF&background=000000,ATHX COPENHAGEN 2026,Denmark 🇩🇰,2026,Male,ATHX Pro,Endurance,,,,2.689KM,2.687KM
10,Kasper Sølvstrøm,Jensen,Kasper Sølvstrøm Jensen,Male,,,https://ui-avatars.com/api/?name=K+S+J&color=FFFFFF&background=000000,ATHX COPENHAGEN 2026,Denmark 🇩🇰,2026,Male,ATHX Pro,Endurance,,,,1.669KM,3.653KM
11,Victor,Nielsen,Victor Nielsen,Male,Denmark,Butcher’s lab,https://ui-avatars.com/api/?name=V+N&color=FFFFFF&background=000000,ATHX COPENHAGEN 2026,Denmark 🇩🇰,2026,Male,ATHX Pro,Endurance,,,,2KM,3.306KM
12,Adam,Selmani,Adam Selmani,Male,,,https://ui-avatars.com/api/?name=A+S&color=FFFFFF&background=000000,ATHX COPENHAGEN 2026,Denmark 🇩🇰,2026,Male,ATHX Pro,Endurance,,,,2.34KM,2.965KM
13,Max,Dancau,Max Dancau,Male,,,https://ui-avatars.com/api/?name=M+D&color=FFFFFF&background=000000,ATHX COPENHAGEN 2026,Denmark 🇩🇰,2026,Male,ATHX Pro,Endurance,,,,2.865KM,2.436KM
14,Andreas,Runge Vestergaard,Andreas Runge Vestergaard,Male,,,https://ui-avatars.com/api/?name=A+R+V&color=FFFFFF&background=000000,ATHX COPENHAGEN 2026,Denmark 🇩🇰,2026,Male,ATHX Pro,Endurance,,,,2.088KM,3.185KM
15,JECHOUX,TOMMY,JECHOUX TOMMY,Male,,,https://ui-avatars.com/api/?name=J+T&color=FFFFFF&background=000000,ATHX COPENHAGEN 2026,Denmark 🇩🇰,2026,Male,ATHX Pro,Endurance,,,,2KM,3.263KM
16,Cristiano,Silva,Cristiano Silva,Male,Portugal,QMR CrossFit,https://ui-avatars.com/api/?name=C+S&color=FFFFFF&background=000000,ATHX COPENHAGEN 2026,Denmark 🇩🇰,2026,Male,ATHX Pro,Endurance,,,,2KM,3.258KM
17,Klaus,Uggerhøj,Klaus Uggerhøj,Male,,,https://ui-avatars.com/api/?name=K+U&color=FFFFFF&background=000000,ATHX COPENHAGEN 2026,Denmark 🇩🇰,2026,Male,ATHX Pro,Endurance,,,,2.707KM,2.531KM
18,Hugo,Jansson,Hugo Jansson,Male,,,https://ui-avatars.com/api/?name=H+J&color=FFFFFF&background=000000,ATHX COPENHAGEN 2026,Denmark 🇩🇰,2026,Male,ATHX Pro,Endurance,,,,2KM,3.232KM
19,Karim,Djidel,Karim Djidel,Male,,,https://ui-avatars.com/api/?name=K+D&color=FFFFFF&background=000000,ATHX COPENHAGEN 2026,Denmark 🇩🇰,2026,Male,ATHX Pro,Endurance,,,,2KM,3.198KM
20,Dan,Andersen,Dan Andersen,Male,,,https://ui-avatars.com/api/?name=D+A&color=FFFFFF&background=000000,ATHX COPENHAGEN 2026,Denmark 🇩🇰,2026,Male,ATHX Pro,Endurance,,,,2KM,3.186KM
21,Julian,Kragh-Maschvitsz,Julian Kragh-Maschvitsz,Male,Denmark,Butcher’s lab,https://ui-avatars.com/api/?name=J+K&color=FFFFFF&background=000000,ATHX COPENHAGEN 2026,Denmark 🇩🇰,2026,Male,ATHX Pro,Endurance,,,,2KM,3.183KM
22,Brian Høier,Andersen,Brian Høier Andersen,Male,,,https://ui-avatars.com/api/?name=B+H+A&color=FFFFFF&background=000000,ATHX COPENHAGEN 2026,Denmark 🇩🇰,2026,Male,ATHX Pro,Endurance,,,,2KM,3.103KM
23,Morten,Nørgaard Pedersen,Morten Nørgaard Pedersen,Male,,,https://athxgames.com/storage/profile-photos/pyaQMwUiup0D6Cdkg53ikvMTOIrpcd5i4weKLxfT.jpg,ATHX COPENHAGEN 2026,Denmark 🇩🇰,2026,Male,ATHX Pro,Endurance,,,,2KM,3.093KM
24,Astrid,Høgedal,Astrid Høgedal,Male,,,https://ui-avatars.com/api/?name=A+H&color=FFFFFF&background=000000,ATHX COPENHAGEN 2026,Denmark 🇩🇰,2026,Male,ATHX Pro,Endurance,,,,2KM,3.036KM
25,Viktor,Munter,Viktor Munter,Male,,,https://ui-avatars.com/api/?name=V+M&color=FFFFFF&background=000000,ATHX COPENHAGEN 2026,Denmark 🇩🇰,2026,Male,ATHX Pro,Endurance,,,,2.6KM,2.418KM
25,Alexander,Andersen,Alexander Andersen,Male,,,https://ui-avatars.com/api/?name=A+A&color=FFFFFF&background=000000,ATHX COPENHAGEN 2026,Denmark 🇩🇰,2026,Male,ATHX Pro,Endurance,,,,2KM,3.018KM
27,Christoffer,Gudmundsson,Christoffer Gudmundsson,Male,,,https://ui-avatars.com/api/?name=C+G&color=FFFFFF&background=000000,ATHX COPENHAGEN 2026,Denmark 🇩🇰,2026,Male,ATHX Pro,Endurance,,,,2KM,3.013KM
28,Patrick,Nielsen,Patrick Nielsen,Male,,,https://athxgames.com/storage/profile-photos/t8f8osv7OA5noMMfpS9LgJrDHeKx1qSnH8ce0UqL.jpg,ATHX COPENHAGEN 2026,Denmark 🇩🇰,2026,Male,ATHX Pro,Endurance,,,,2KM,2.984KM
29,Brendan,OBrien,Brendan OBrien,Male,,,https://athxgames.com/storage/profile-photos/pT4FHVw1YZEwHm7kfoQrgRG7MH9YLkYAu8vGBuCV.jpg,ATHX COPENHAGEN 2026,Denmark 🇩🇰,2026,Male,ATHX Pro,Endurance,,,,2.421KM,2.552KM
30,Anton,Schjødt,Anton Schjødt,Male,,,https://ui-avatars.com/api/?name=A+S&color=FFFFFF&background=000000,ATHX COPENHAGEN 2026,Denmark 🇩🇰,2026,Male,ATHX Pro,Endurance,,,,2.663KM,2.281KM
31,luca,bienz,luca bienz,Male,,,https://ui-avatars.com/api/?name=l+b&color=FFFFFF&background=000000,ATHX COPENHAGEN 2026,Denmark 🇩🇰,2026,Male,ATHX Pro,Endurance,,,,2.268KM,2.66KM
32,Mathias Hjorth,Andersen,Mathias Hjorth Andersen,Male,Denmark,,https://ui-avatars.com/api/?name=M+H+A&color=FFFFFF&background=000000,ATHX COPENHAGEN 2026,Denmark 🇩🇰,2026,Male,ATHX Pro,Endurance,,,,2.325KM,2.58KM
33,Pedro,Pereira,Pedro Pereira,Male,Portugal,QMR CrossFit,https://ui-avatars.com/api/?name=P+P&color=FFFFFF&background=000000,ATHX COPENHAGEN 2026,Denmark 🇩🇰,2026,Male,ATHX Pro,Endurance,,,,2.425KM,2.475KM
34,Benjamin,Stender,Benjamin Stender,Male,Denmark,,https://ui-avatars.com/api/?name=B+S&color=FFFFFF&background=000000,ATHX COPENHAGEN 2026,Denmark 🇩🇰,2026,Male,ATHX Pro,Endurance,,,,2.4KM,2.493KM
35,Nicolai,Mainz,Nicolai Mainz,Male,,,https://ui-avatars.com/api/?name=N+M&color=FFFFFF&background=000000,ATHX COPENHAGEN 2026,Denmark 🇩🇰,2026,Male,ATHX Pro,Endurance,,,,2.384KM,2.507KM
36,Christopher,Reeves,Christopher Reeves,Male,South Africa,ARCA,https://athxgames.com/storage/profile-photos/ZiDT3F5srEJQ86ZUPkRwkaWFttf9tlJLDN1GBzA7.jpg,ATHX COPENHAGEN 2026,Denmark 🇩🇰,2026,Male,ATHX Pro,Endurance,,,,2KM,2.864KM
37,jason,schoch,jason schoch,Male,,,https://ui-avatars.com/api/?name=j+s&color=FFFFFF&background=000000,ATHX COPENHAGEN 2026,Denmark 🇩🇰,2026,Male,ATHX Pro,Endurance,,,,1.952KM,2.904KM
38,Markus,Spöhnmann,Markus Spöhnmann,Male,Germany,CrossFit Tübingen,https://athxgames.com/storage/profile-photos/PZDuHA2K2gtfLry0RyQ3gMCnHYpJl21oStVkptzO.jpg,ATHX COPENHAGEN 2026,Denmark 🇩🇰,2026,Male,ATHX Pro,Endurance,,,,2KM,2.801KM
39,Peter,Schnor,Peter Schnor,Male,,,https://ui-avatars.com/api/?name=P+S&color=FFFFFF&background=000000,ATHX COPENHAGEN 2026,Denmark 🇩🇰,2026,Male,ATHX Pro,Endurance,,,,1.881KM,2.912KM
40,Ronaldas,Aliubavicius,Ronaldas Aliubavicius,Male,,,https://ui-avatars.com/api/?name=R+A&color=FFFFFF&background=000000,ATHX COPENHAGEN 2026,Denmark 🇩🇰,2026,Male,ATHX Pro,Endurance,,,,2KM,2.754KM
41,Artur,Busz,Artur Busz,Male,Poland,,https://ui-avatars.com/api/?name=A+B&color=FFFFFF&background=000000,ATHX COPENHAGEN 2026,Denmark 🇩🇰,2026,Male,ATHX Pro,Endurance,,,,2KM,2.737KM
42,Lukasz,Debek,Lukasz Debek,Male,Poland,Trained by Lucas,https://athxgames.com/storage/profile-photos/0k6DwTsViIc3O6QSrZHUwNYhjPK4buWOsDcxkO1H.jpg,ATHX COPENHAGEN 2026,Denmark 🇩🇰,2026,Male,ATHX Pro,Endurance,,,,1.855KM,2.797KM
43,Morten,Thulstrup,Morten Thulstrup,Male,Denmark,,https://ui-avatars.com/api/?name=M+T&color=FFFFFF&background=000000,ATHX COPENHAGEN 2026,Denmark 🇩🇰,2026,Male,ATHX Pro,Endurance,,,,2KM,2.631KM
44,Tobias,Bøndergaard,Tobias Bøndergaard,Male,,,https://ui-avatars.com/api/?name=T+B&color=FFFFFF&background=000000,ATHX COPENHAGEN 2026,Denmark 🇩🇰,2026,Male,ATHX Pro,Endurance,,,,1.651KM,2.94KM
45,Jon,Moss,Jon Moss,Male,,,https://ui-avatars.com/api/?name=J+M&color=FFFFFF&background=000000,ATHX COPENHAGEN 2026,Denmark 🇩🇰,2026,Male,ATHX Pro,Endurance,,,,1.894KM,2.694KM
46,Lee,Collins,Lee Collins,Male,,,https://ui-avatars.com/api/?name=L+C&color=FFFFFF&background=000000,ATHX COPENHAGEN 2026,Denmark 🇩🇰,2026,Male,ATHX Pro,Endurance,,,,2KM,2.571KM
47,Max,Rosenthal,Max Rosenthal,Male,,,https://ui-avatars.com/api/?name=M+R&color=FFFFFF&background=000000,ATHX COPENHAGEN 2026,Denmark 🇩🇰,2026,Male,ATHX Pro,Endurance,,,,1.505KM,3.006KM
48,Rasmus,Jensen,Rasmus Jensen,Male,,,https://ui-avatars.com/api/?name=R+J&color=FFFFFF&background=000000,ATHX COPENHAGEN 2026,Denmark 🇩🇰,2026,Male,ATHX Pro,Endurance,,,,2KM,2.35KM
49,Daniel,Albarracin,Daniel Albarracin,Male,,,https://ui-avatars.com/api/?name=D+A&color=FFFFFF&background=000000,ATHX COPENHAGEN 2026,Denmark 🇩🇰,2026,Male,ATHX Pro,Endurance,,,,1.81KM,2.504KM
50,Gustav,Falholt,Gustav Falholt,Male,,,https://ui-avatars.com/api/?name=G+F&color=FFFFFF&background=000000,ATHX COPENHAGEN 2026,Denmark 🇩🇰,2026,Male,ATHX Pro,Endurance,,,,2KM,2.232KM
51,Lukas,Ksoll,Lukas Ksoll,Male,,,https://ui-avatars.com/api/?name=L+K&color=FFFFFF&background=000000,ATHX COPENHAGEN 2026,Denmark 🇩🇰,2026,Male,ATHX Pro,Endurance,,,,1.574KM,2.609KM
52,Cheikh Tidiane,Thiam,Cheikh Tidiane Thiam,Male,,,https://ui-avatars.com/api/?name=C+T+T&color=FFFFFF&background=000000,ATHX COPENHAGEN 2026,Denmark 🇩🇰,2026,Male,ATHX Pro,Endurance,,,,2KM,2.176KM
53,Casper,Mortensen,Casper Mortensen,Male,,,https://ui-avatars.com/api/?name=C+M&color=FFFFFF&background=000000,ATHX COPENHAGEN 2026,Denmark 🇩🇰,2026,Male,ATHX Pro,Endurance,,,,2KM,1.939KM
1,Antonia,Kottulinsky,Antonia Kottulinsky,Female,,,https://ui-avatars.com/api/?name=A+K&color=FFFFFF&background=000000,ATHX COPENHAGEN 2026,Denmark 🇩🇰,2026,Female,ATHX,Strength,60KG,140KG,145KG,,
1,Sabrina,Raahauge,Sabrina Raahauge,Female,,,https://ui-avatars.com/api/?name=S+R&color=FFFFFF&background=000000,ATHX COPENHAGEN 2026,Denmark 🇩🇰,2026,Female,ATHX,Strength,60KG,130KG,155KG,,
3,Francoise,GOMEZ,Francoise GOMEZ,Female,France,Fitness Park,https://ui-avatars.com/api/?name=F+G&color=FFFFFF&background=000000,ATHX COPENHAGEN 2026,Denmark 🇩🇰,2026,Female,ATHX,Strength,45KG,100KG,170KG,,
3,Thiefaine,Bernard,Thiefaine Bernard,Female,,,https://ui-avatars.com/api/?name=T+B&color=FFFFFF&background=000000,ATHX COPENHAGEN 2026,Denmark 🇩🇰,2026,Female,ATHX,Strength,65KG,115KG,135KG,,
5,Karolina,Blomstergren,Karolina Blomstergren,Female,Sweden,High five functional gym,https://ui-avatars.com/api/?name=K+B&color=FFFFFF&background=000000,ATHX COPENHAGEN 2026,Denmark 🇩🇰,2026,Female,ATHX,Strength,51KG,115KG,140KG,,
6,Hayley,Irwin,Hayley Irwin,Female,,,https://ui-avatars.com/api/?name=H+I&color=FFFFFF&background=000000,ATHX COPENHAGEN 2026,Denmark 🇩🇰,2026,Female,ATHX,Strength,45KG,115KG,145KG,,
7,Lise,Hemmingsen,Lise Hemmingsen,Female,,,https://ui-avatars.com/api/?name=L+H&color=FFFFFF&background=000000,ATHX COPENHAGEN 2026,Denmark 🇩🇰,2026,Female,ATHX,Strength,53KG,110KG,141KG,,
8,Hilal,Hamecher,Hilal Hamecher,Female,,,https://ui-avatars.com/api/?name=H+H&color=FFFFFF&background=000000,ATHX COPENHAGEN 2026,Denmark 🇩🇰,2026,Female,ATHX,Strength,57KG,113KG,131KG,,
9,Pav,Johal,Pav Johal,Female,,,https://ui-avatars.com/api/?name=P+J&color=FFFFFF&background=000000,ATHX COPENHAGEN 2026,Denmark 🇩🇰,2026,Female,ATHX,Strength,45KG,105KG,145KG,,
10,Minmin,Zhao,Minmin Zhao,Female,Sweden,,https://ui-avatars.com/api/?name=M+Z&color=FFFFFF&background=000000,ATHX COPENHAGEN 2026,Denmark 🇩🇰,2026,Female,ATHX,Strength,43KG,122KG,125KG,,
11,Daisy,Taylor,Daisy Taylor,Female,,,https://ui-avatars.com/api/?name=D+T&color=FFFFFF&background=000000,ATHX COPENHAGEN 2026,Denmark 🇩🇰,2026,Female,ATHX,Strength,48KG,115KG,123KG,,
12,Marie-Gabrielle,Rapatout,Marie-Gabrielle Rapatout,Female,,,https://ui-avatars.com/api/?name=M+R&color=FFFFFF&background=000000,ATHX COPENHAGEN 2026,Denmark 🇩🇰,2026,Female,ATHX,Strength,51KG,105KG,125KG,,
13,Sofia,Nilsson,Sofia Nilsson,Female,Sweden,,https://ui-avatars.com/api/?name=S+N&color=FFFFFF&background=000000,ATHX COPENHAGEN 2026,Denmark 🇩🇰,2026,Female,ATHX,Strength,40KG,120KG,120KG,,
14,Dora,Illes,Dora Illes,Female,,,https://ui-avatars.com/api/?name=D+I&color=FFFFFF&background=000000,ATHX COPENHAGEN 2026,Denmark 🇩🇰,2026,Female,ATHX,Strength,47KG,104KG,127KG,,
15,Greta,Mees,Greta Mees,Female,Germany,FlensFitness,https://ui-avatars.com/api/?name=G+M&color=FFFFFF&background=000000,ATHX COPENHAGEN 2026,Denmark 🇩🇰,2026,Female,ATHX,Strength,42KG,104KG,130KG,,
16,Nicole,Johansson,Nicole Johansson,Female,Denmark,Butchers Lab,https://ui-avatars.com/api/?name=N+J&color=FFFFFF&background=000000,ATHX COPENHAGEN 2026,Denmark 🇩🇰,2026,Female,ATHX,Strength,45KG,115KG,115KG,,
16,Rikke,Nielsen,Rikke Nielsen,Female,Denmark,,https://ui-avatars.com/api/?name=R+N&color=FFFFFF&background=000000,ATHX COPENHAGEN 2026,Denmark 🇩🇰,2026,Female,ATHX,Strength,45KG,110KG,120KG,,
18,May-Brit,Bents,May-Brit Bents,Female,Germany,,https://ui-avatars.com/api/?name=M+B&color=FFFFFF&background=000000,ATHX COPENHAGEN 2026,Denmark 🇩🇰,2026,Female,ATHX,Strength,53KG,100KG,120KG,,
19,Astrid,Nielsen,Astrid Nielsen,Female,,,https://ui-avatars.com/api/?name=A+N&color=FFFFFF&background=000000,ATHX COPENHAGEN 2026,Denmark 🇩🇰,2026,Female,ATHX,Strength,50KG,100KG,120KG,,
19,Ninna ,Skakon ,Ninna  Skakon ,Female,,,https://ui-avatars.com/api/?name=N++S&color=FFFFFF&background=000000,ATHX COPENHAGEN 2026,Denmark 🇩🇰,2026,Female,ATHX,Strength,58KG,102KG,110KG,,
21,Nicole,Leinberger,Nicole Leinberger,Female,Germany,,https://ui-avatars.com/api/?name=N+L&color=FFFFFF&background=000000,ATHX COPENHAGEN 2026,Denmark 🇩🇰,2026,Female,ATHX,Strength,47KG,90KG,130KG,,
22,Christina,Naideni,Christina Naideni,Female,Greece,,https://ui-avatars.com/api/?name=C+N&color=FFFFFF&background=000000,ATHX COPENHAGEN 2026,Denmark 🇩🇰,2026,Female,ATHX,Strength,46KG,105KG,115KG,,
23,Aja,Søgaard,Aja Søgaard,Female,,,https://ui-avatars.com/api/?name=A+S&color=FFFFFF&background=000000,ATHX COPENHAGEN 2026,Denmark 🇩🇰,2026,Female,ATHX,Strength,45KG,100KG,120KG,,
23,Emma,Sandberg,Emma Sandberg,Female,,,https://ui-avatars.com/api/?name=E+S&color=FFFFFF&background=000000,ATHX COPENHAGEN 2026,Denmark 🇩🇰,2026,Female,ATHX,Strength,40KG,110KG,115KG,,
25,Laura,Valgreen,Laura Valgreen,Female,,,https://ui-avatars.com/api/?name=L+V&color=FFFFFF&background=000000,ATHX COPENHAGEN 2026,Denmark 🇩🇰,2026,Female,ATHX,Strength,48KG,94KG,120KG,,
26,Lene,Thomsen,Lene Thomsen,Female,,,https://ui-avatars.com/api/?name=L+T&color=FFFFFF&background=000000,ATHX COPENHAGEN 2026,Denmark 🇩🇰,2026,Female,ATHX,Strength,48KG,96KG,116KG,,
27,Carrie,Carlton,Carrie Carlton,Female,,,https://ui-avatars.com/api/?name=C+C&color=FFFFFF&background=000000,ATHX COPENHAGEN 2026,Denmark 🇩🇰,2026,Female,ATHX,Strength,45KG,93KG,120KG,,
28,Gaia,Mannarella,Gaia Mannarella,Female,,,https://ui-avatars.com/api/?name=G+M&color=FFFFFF&background=000000,ATHX COPENHAGEN 2026,Denmark 🇩🇰,2026,Female,ATHX,Strength,40KG,105KG,112KG,,
29,Stine,Sloth,Stine Sloth,Female,,,https://ui-avatars.com/api/?name=S+S&color=FFFFFF&background=000000,ATHX COPENHAGEN 2026,Denmark 🇩🇰,2026,Female,ATHX,Strength,55KG,82KG,119KG,,
29,Gilda,Trapani,Gilda Trapani,Female,,,https://ui-avatars.com/api/?name=G+T&color=FFFFFF&background=000000,ATHX COPENHAGEN 2026,Denmark 🇩🇰,2026,Female,ATHX,Strength,40KG,98KG,118KG,,
31,Nina,Nemcova,Nina Nemcova,Female,,,https://ui-avatars.com/api/?name=N+N&color=FFFFFF&background=000000,ATHX COPENHAGEN 2026,Denmark 🇩🇰,2026,Female,ATHX,Strength,35KG,92KG,128KG,,
32,Camilla,Erlandsen,Camilla Erlandsen,Female,,,https://ui-avatars.com/api/?name=C+E&color=FFFFFF&background=000000,ATHX COPENHAGEN 2026,Denmark 🇩🇰,2026,Female,ATHX,Strength,51KG,86KG,116KG,,
33,Claudia,Cristescu,Claudia Cristescu,Female,,,https://ui-avatars.com/api/?name=C+C&color=FFFFFF&background=000000,ATHX COPENHAGEN 2026,Denmark 🇩🇰,2026,Female,ATHX,Strength,42KG,85KG,125KG,,
33,Freja,Hartvig,Freja Hartvig,Female,,,https://ui-avatars.com/api/?name=F+H&color=FFFFFF&background=000000,ATHX COPENHAGEN 2026,Denmark 🇩🇰,2026,Female,ATHX,Strength,52KG,95KG,105KG,,
33,Kajsa,Svensson,Kajsa Svensson,Female,,,https://ui-avatars.com/api/?name=K+S&color=FFFFFF&background=000000,ATHX COPENHAGEN 2026,Denmark 🇩🇰,2026,Female,ATHX,Strength,52KG,100KG,100KG,,
36,Camilla,Osaland,Camilla Osaland,Female,,,https://ui-avatars.com/api/?name=C+O&color=FFFFFF&background=000000,ATHX COPENHAGEN 2026,Denmark 🇩🇰,2026,Female,ATHX,Strength,42KG,90KG,118KG,,
36,Linda,Kannuberg,Linda Kannuberg,Female,Denmark,FitnessX,https://ui-avatars.com/api/?name=L+K&color=FFFFFF&background=000000,ATHX COPENHAGEN 2026,Denmark 🇩🇰,2026,Female,ATHX,Strength,45KG,90KG,115KG,,
38,Claudia,Luscombe-Whyte,Claudia Luscombe-Whyte,Female,,,https://ui-avatars.com/api/?name=C+L&color=FFFFFF&background=000000,ATHX COPENHAGEN 2026,Denmark 🇩🇰,2026,Female,ATHX,Strength,50KG,108KG,90KG,,
38,Josephine,Lippert,Josephine Lippert,Female,Denmark,StudiJo,https://ui-avatars.com/api/?name=J+L&color=FFFFFF&background=000000,ATHX COPENHAGEN 2026,Denmark 🇩🇰,2026,Female,ATHX,Strength,48KG,95KG,105KG,,
40,Siri,Toft Andersen,Siri Toft Andersen,Female,,,https://ui-avatars.com/api/?name=S+T+A&color=FFFFFF&background=000000,ATHX COPENHAGEN 2026,Denmark 🇩🇰,2026,Female,ATHX,Strength,49KG,93KG,105KG,,
40,Alena,Roth,Alena Roth,Female,,,https://ui-avatars.com/api/?name=A+R&color=FFFFFF&background=000000,ATHX COPENHAGEN 2026,Denmark 🇩🇰,2026,Female,ATHX,Strength,50KG,87KG,110KG,,
42,Lara,Gadsdon,Lara Gadsdon,Female,,,https://ui-avatars.com/api/?name=L+G&color=FFFFFF&background=000000,ATHX COPENHAGEN 2026,Denmark 🇩🇰,2026,Female,ATHX,Strength,40KG,90KG,115KG,,
42,Linnea,Lindblom,Linnea Lindblom,Female,,,https://ui-avatars.com/api/?name=L+L&color=FFFFFF&background=000000,ATHX COPENHAGEN 2026,Denmark 🇩🇰,2026,Female,ATHX,Strength,50KG,90KG,105KG,,
44,Nadine,Henningsen,Nadine Henningsen,Female,,,https://ui-avatars.com/api/?name=N+H&color=FFFFFF&background=000000,ATHX COPENHAGEN 2026,Denmark 🇩🇰,2026,Female,ATHX,Strength,43KG,85KG,115KG,,
44,Johanna,Jansen,Johanna Jansen,Female,,,https://ui-avatars.com/api/?name=J+J&color=FFFFFF&background=000000,ATHX COPENHAGEN 2026,Denmark 🇩🇰,2026,Female,ATHX,Strength,42KG,86KG,115KG,,
44,ANNA,KUZBIK,ANNA KUZBIK,Female,Poland,AK,https://ui-avatars.com/api/?name=A+K&color=FFFFFF&background=000000,ATHX COPENHAGEN 2026,Denmark 🇩🇰,2026,Female,ATHX,Strength,45KG,87KG,111KG,,
47,Maja,Storn,Maja Storn,Female,,,https://ui-avatars.com/api/?name=M+S&color=FFFFFF&background=000000,ATHX COPENHAGEN 2026,Denmark 🇩🇰,2026,Female,ATHX,Strength,42KG,95KG,105KG,,
48,My,de Caprétz,My de Caprétz,Female,,,https://ui-avatars.com/api/?name=M+d+C&color=FFFFFF&background=000000,ATHX COPENHAGEN 2026,Denmark 🇩🇰,2026,Female,ATHX,Strength,47KG,92KG,101KG,,
49,Maria,Robenhagen Jensen,Maria Robenhagen Jensen,Female,,,https://ui-avatars.com/api/?name=M+R+J&color=FFFFFF&background=000000,ATHX COPENHAGEN 2026,Denmark 🇩🇰,2026,Female,ATHX,Strength,40KG,77KG,120KG,,
49,Cecilie Emily ,Brøndum Aaen,Cecilie Emily  Brøndum Aaen,Female,,,https://ui-avatars.com/api/?name=C+E++B+A&color=FFFFFF&background=000000,ATHX COPENHAGEN 2026,Denmark 🇩🇰,2026,Female,ATHX,Strength,42KG,85KG,110KG,,
51,Sara,Kowalczyk,Sara Kowalczyk,Female,,,https://ui-avatars.com/api/?name=S+K&color=FFFFFF&background=000000,ATHX COPENHAGEN 2026,Denmark 🇩🇰,2026,Female,ATHX,Strength,38KG,95KG,102KG,,
52,Cara,Goldberg,Cara Goldberg,Female,,,https://ui-avatars.com/api/?name=C+G&color=FFFFFF&background=000000,ATHX COPENHAGEN 2026,Denmark 🇩🇰,2026,Female,ATHX,Strength,44KG,90KG,100KG,,
52,Ditte Juhl,Nissen,Ditte Juhl Nissen,Female,,,https://ui-avatars.com/api/?name=D+J+N&color=FFFFFF&background=000000,ATHX COPENHAGEN 2026,Denmark 🇩🇰,2026,Female,ATHX,Strength,44KG,85KG,105KG,,
54,Sabine,Aahøj,Sabine Aahøj,Female,,,https://ui-avatars.com/api/?name=S+A&color=FFFFFF&background=000000,ATHX COPENHAGEN 2026,Denmark 🇩🇰,2026,Female,ATHX,Strength,43KG,90KG,100KG,,
55,Taia,Jørgensen,Taia Jørgensen,Female,,,https://ui-avatars.com/api/?name=T+J&color=FFFFFF&background=000000,ATHX COPENHAGEN 2026,Denmark 🇩🇰,2026,Female,ATHX,Strength,42KG,80KG,110KG,,
55,Anna,Blank,Anna Blank,Female,,,https://ui-avatars.com/api/?name=A+B&color=FFFFFF&background=000000,ATHX COPENHAGEN 2026,Denmark 🇩🇰,2026,Female,ATHX,Strength,46KG,81KG,105KG,,
57,Lauren,Witte,Lauren Witte,Female,United Kingdom,,https://ui-avatars.com/api/?name=L+W&color=FFFFFF&background=000000,ATHX COPENHAGEN 2026,Denmark 🇩🇰,2026,Female,ATHX,Strength,36KG,95KG,100KG,,
57,Marjorie,HESSE,Marjorie HESSE,Female,,,https://ui-avatars.com/api/?name=M+H&color=FFFFFF&background=000000,ATHX COPENHAGEN 2026,Denmark 🇩🇰,2026,Female,ATHX,Strength,41KG,80KG,110KG,,
59,Lea,Molsted,Lea Molsted,Female,Denmark,,https://ui-avatars.com/api/?name=L+M&color=FFFFFF&background=000000,ATHX COPENHAGEN 2026,Denmark 🇩🇰,2026,Female,ATHX,Strength,44KG,86KG,100KG,,
59,Sarah,Kragh-Maschvitsz,Sarah Kragh-Maschvitsz,Female,,,https://ui-avatars.com/api/?name=S+K&color=FFFFFF&background=000000,ATHX COPENHAGEN 2026,Denmark 🇩🇰,2026,Female,ATHX,Strength,40KG,85KG,105KG,,
59,Salma,MAHDOUB,Salma MAHDOUB,Female,,,https://ui-avatars.com/api/?name=S+M&color=FFFFFF&background=000000,ATHX COPENHAGEN 2026,Denmark 🇩🇰,2026,Female,ATHX,Strength,40KG,85KG,105KG,,
59,Rachael,Tindall,Rachael Tindall,Female,,,https://athxgames.com/storage/profile-photos/Flr38ZGnaXS6R7mkIOhaLOFWUHK4T0xTQwI0d46z.jpg,ATHX COPENHAGEN 2026,Denmark 🇩🇰,2026,Female,ATHX,Strength,40KG,85KG,105KG,,
59,Elvira,Lauritzen,Elvira Lauritzen,Female,,,https://ui-avatars.com/api/?name=E+L&color=FFFFFF&background=000000,ATHX COPENHAGEN 2026,Denmark 🇩🇰,2026,Female,ATHX,Strength,45KG,90KG,95KG,,
59,Anette-Marie,Arula,Anette-Marie Arula,Female,Estonia,,https://athxgames.com/storage/profile-photos/7u0J8aXR7u84B9661Q1bTxgYArwR2tRue1p2THZx.jpg,ATHX COPENHAGEN 2026,Denmark 🇩🇰,2026,Female,ATHX,Strength,41KG,81KG,108KG,,
65,Donna,Schack Dyg,Donna Schack Dyg,Female,Denmark,D’s Garage,https://ui-avatars.com/api/?name=D+S+D&color=FFFFFF&background=000000,ATHX COPENHAGEN 2026,Denmark 🇩🇰,2026,Female,ATHX,Strength,44KG,75KG,110KG,,
65,Sara,Malm,Sara Malm,Female,,,https://ui-avatars.com/api/?name=S+M&color=FFFFFF&background=000000,ATHX COPENHAGEN 2026,Denmark 🇩🇰,2026,Female,ATHX,Strength,38KG,85KG,106KG,,
67,Giulia,Bianchino,Giulia Bianchino,Female,Italy,,https://ui-avatars.com/api/?name=G+B&color=FFFFFF&background=000000,ATHX COPENHAGEN 2026,Denmark 🇩🇰,2026,Female,ATHX,Strength,40KG,87KG,100KG,,
68,Malene Clarin,Frandsen,Malene Clarin Frandsen,Female,,,https://ui-avatars.com/api/?name=M+C+F&color=FFFFFF&background=000000,ATHX COPENHAGEN 2026,Denmark 🇩🇰,2026,Female,ATHX,Strength,40KG,80KG,105KG,,
68,Merlin,Aarna,Merlin Aarna,Female,Estonia,,https://ui-avatars.com/api/?name=M+A&color=FFFFFF&background=000000,ATHX COPENHAGEN 2026,Denmark 🇩🇰,2026,Female,ATHX,Strength,35KG,85KG,105KG,,
70,Ditte,Petersen,Ditte Petersen,Female,Denmark,MUSKELKLUBBEN,https://ui-avatars.com/api/?name=D+P&color=FFFFFF&background=000000,ATHX COPENHAGEN 2026,Denmark 🇩🇰,2026,Female,ATHX,Strength,42KG,82KG,100KG,,
70,Julie,Tiede,Julie Tiede,Female,Germany,Flensfitness,https://athxgames.com/storage/profile-photos/zLzJYOJPHyl44YqBuzo4Di3oFPN7LXn8hEabUxrB.jpg,ATHX COPENHAGEN 2026,Denmark 🇩🇰,2026,Female,ATHX,Strength,39KG,80KG,105KG,,
72,Henriette,Berg,Henriette Berg,Female,,Gladsaxe Crossfit,https://ui-avatars.com/api/?name=H+B&color=FFFFFF&background=000000,ATHX COPENHAGEN 2026,Denmark 🇩🇰,2026,Female,ATHX,Strength,42KG,85KG,95KG,,
72,Henriette,Laursen,Henriette Laursen,Female,Denmark,ARCa,https://ui-avatars.com/api/?name=H+L&color=FFFFFF&background=000000,ATHX COPENHAGEN 2026,Denmark 🇩🇰,2026,Female,ATHX,Strength,42KG,80KG,100KG,,
72,Olga,Kelbin,Olga Kelbin,Female,,,https://ui-avatars.com/api/?name=O+K&color=FFFFFF&background=000000,ATHX COPENHAGEN 2026,Denmark 🇩🇰,2026,Female,ATHX,Strength,42KG,80KG,100KG,,
75,Matilde,Andersen,Matilde Andersen,Female,,,https://ui-avatars.com/api/?name=M+A&color=FFFFFF&background=000000,ATHX COPENHAGEN 2026,Denmark 🇩🇰,2026,Female,ATHX,Strength,46KG,70KG,105KG,,
76,Chiara,Menegatti,Chiara Menegatti,Female,,,https://ui-avatars.com/api/?name=C+M&color=FFFFFF&background=000000,ATHX COPENHAGEN 2026,Denmark 🇩🇰,2026,Female,ATHX,Strength,40KG,85KG,95KG,,
76,frauke,Hahn,frauke Hahn,Female,,,https://ui-avatars.com/api/?name=f+H&color=FFFFFF&background=000000,ATHX COPENHAGEN 2026,Denmark 🇩🇰,2026,Female,ATHX,Strength,40KG,60KG,120KG,,
76,Kira,Langmaack,Kira Langmaack,Female,Germany,FlensFitness,https://ui-avatars.com/api/?name=K+L&color=FFFFFF&background=000000,ATHX COPENHAGEN 2026,Denmark 🇩🇰,2026,Female,ATHX,Strength,40KG,75KG,105KG,,
79,Cecilie,Scharff,Cecilie Scharff,Female,,,https://ui-avatars.com/api/?name=C+S&color=FFFFFF&background=000000,ATHX COPENHAGEN 2026,Denmark 🇩🇰,2026,Female,ATHX,Strength,38KG,85KG,95KG,,
79,Kathrin,Kammerer,Kathrin Kammerer,Female,,,https://ui-avatars.com/api/?name=K+K&color=FFFFFF&background=000000,ATHX COPENHAGEN 2026,Denmark 🇩🇰,2026,Female,ATHX,Strength,36KG,82KG,100KG,,
81,Charlotte,Krøijer Hansen,Charlotte Krøijer Hansen,Female,Denmark,Unity,https://ui-avatars.com/api/?name=C+K+H&color=FFFFFF&background=000000,ATHX COPENHAGEN 2026,Denmark 🇩🇰,2026,Female,ATHX,Strength,40KG,77KG,100KG,,
81,Kajsa,Karlsson,Kajsa Karlsson,Female,,,https://ui-avatars.com/api/?name=K+K&color=FFFFFF&background=000000,ATHX COPENHAGEN 2026,Denmark 🇩🇰,2026,Female,ATHX,Strength,42KG,70KG,105KG,,
83,Magdalena,Podgórska,Magdalena Podgórska,Female,,,https://ui-avatars.com/api/?name=M+P&color=FFFFFF&background=000000,ATHX COPENHAGEN 2026,Denmark 🇩🇰,2026,Female,ATHX,Strength,45KG,80KG,90KG,,
83,Cassandra,Malmström,Cassandra Malmström,Female,,,https://ui-avatars.com/api/?name=C+M&color=FFFFFF&background=000000,ATHX COPENHAGEN 2026,Denmark 🇩🇰,2026,Female,ATHX,Strength,40KG,75KG,100KG,,
85,Jeska,Naujoks,Jeska Naujoks,Female,,,https://ui-avatars.com/api/?name=J+N&color=FFFFFF&background=000000,ATHX COPENHAGEN 2026,Denmark 🇩🇰,2026,Female,ATHX,Strength,47KG,72KG,95KG,,
85,Lea,Gansted,Lea Gansted,Female,,,https://ui-avatars.com/api/?name=L+G&color=FFFFFF&background=000000,ATHX COPENHAGEN 2026,Denmark 🇩🇰,2026,Female,ATHX,Strength,42KG,77KG,95KG,,
85,Ann-sophie,Eriksen,Ann-sophie Eriksen,Female,,,https://ui-avatars.com/api/?name=A+E&color=FFFFFF&background=000000,ATHX COPENHAGEN 2026,Denmark 🇩🇰,2026,Female,ATHX,Strength,42KG,77KG,95KG,,
85,Jaqueline,Gonzalez,Jaqueline Gonzalez,Female,Mexico,,https://ui-avatars.com/api/?name=J+G&color=FFFFFF&background=000000,ATHX COPENHAGEN 2026,Denmark 🇩🇰,2026,Female,ATHX,Strength,40KG,84KG,90KG,,
89,Emilie,Pedersen,Emilie Pedersen,Female,,,https://ui-avatars.com/api/?name=E+P&color=FFFFFF&background=000000,ATHX COPENHAGEN 2026,Denmark 🇩🇰,2026,Female,ATHX,Strength,38KG,70KG,105KG,,
89,Lenna,Heinrichs,Lenna Heinrichs,Female,,,https://ui-avatars.com/api/?name=L+H&color=FFFFFF&background=000000,ATHX COPENHAGEN 2026,Denmark 🇩🇰,2026,Female,ATHX,Strength,43KG,80KG,90KG,,
91,Kathrine,Kloch,Kathrine Kloch,Female,Denmark,,https://ui-avatars.com/api/?name=K+K&color=FFFFFF&background=000000,ATHX COPENHAGEN 2026,Denmark 🇩🇰,2026,Female,ATHX,Strength,42KG,70KG,100KG,,
91,Jennifer,Morrice,Jennifer Morrice,Female,,,https://ui-avatars.com/api/?name=J+M&color=FFFFFF&background=000000,ATHX COPENHAGEN 2026,Denmark 🇩🇰,2026,Female,ATHX,Strength,37KG,75KG,100KG,,
91,Julie,Bjerregaard Jensen,Julie Bjerregaard Jensen,Female,,,https://ui-avatars.com/api/?name=J+B+J&color=FFFFFF&background=000000,ATHX COPENHAGEN 2026,Denmark 🇩🇰,2026,Female,ATHX,Strength,42KG,75KG,95KG,,
94,Katharina,Raimann,Katharina Raimann,Female,,,https://ui-avatars.com/api/?name=K+R&color=FFFFFF&background=000000,ATHX COPENHAGEN 2026,Denmark 🇩🇰,2026,Female,ATHX,Strength,40KG,77KG,93KG,,
95,Cecilie,Dahl-wrønding,Cecilie Dahl-wrønding,Female,,,https://ui-avatars.com/api/?name=C+D&color=FFFFFF&background=000000,ATHX COPENHAGEN 2026,Denmark 🇩🇰,2026,Female,ATHX,Strength,37KG,72KG,100KG,,
95,Jessica,Bienz,Jessica Bienz,Female,,,https://ui-avatars.com/api/?name=J+B&color=FFFFFF&background=000000,ATHX COPENHAGEN 2026,Denmark 🇩🇰,2026,Female,ATHX,Strength,39KG,75KG,95KG,,
97,Sara Juul,Damgaard,Sara Juul Damgaard,Female,,,https://ui-avatars.com/api/?name=S+J+D&color=FFFFFF&background=000000,ATHX COPENHAGEN 2026,Denmark 🇩🇰,2026,Female,ATHX,Strength,43KG,70KG,95KG,,
97,Stina,Skov,Stina Skov,Female,,,https://athxgames.com/storage/profile-photos/c4Y8GFQjJoZGaK1MHIa4q9XYGbJW0OE8iJmlcUkE.jpg,ATHX COPENHAGEN 2026,Denmark 🇩🇰,2026,Female,ATHX,Strength,42KG,72KG,94KG,,
97,Maria,Gonzalez,Maria Gonzalez,Female,,,https://ui-avatars.com/api/?name=M+G&color=FFFFFF&background=000000,ATHX COPENHAGEN 2026,Denmark 🇩🇰,2026,Female,ATHX,Strength,40KG,75KG,93KG,,
100,Paulina,Heine,Paulina Heine,Female,Germany,arca Spartan Mentality,https://athxgames.com/storage/profile-photos/HroQ8yM4DNhmJzB0y7M3Shmd1GIXCKYjwGgxTzWh.jpg,ATHX COPENHAGEN 2026,Denmark 🇩🇰,2026,Female,ATHX,Strength,33KG,68KG,105KG,,
101,Lise Ahm,Jensen,Lise Ahm Jensen,Female,,,https://ui-avatars.com/api/?name=L+A+J&color=FFFFFF&background=000000,ATHX COPENHAGEN 2026,Denmark 🇩🇰,2026,Female,ATHX,Strength,35KG,80KG,90KG,,
101,Janni,Bragason,Janni Bragason,Female,Denmark,,https://ui-avatars.com/api/?name=J+B&color=FFFFFF&background=000000,ATHX COPENHAGEN 2026,Denmark 🇩🇰,2026,Female,ATHX,Strength,40KG,70KG,95KG,,
101,Caroline,Skyldal,Caroline Skyldal,Female,,,https://ui-avatars.com/api/?name=C+S&color=FFFFFF&background=000000,ATHX COPENHAGEN 2026,Denmark 🇩🇰,2026,Female,ATHX,Strength,40KG,70KG,95KG,,
104,Giulia Maria,Sangiorgi,Giulia Maria Sangiorgi,Female,,,https://ui-avatars.com/api/?name=G+M+S&color=FFFFFF&background=000000,ATHX COPENHAGEN 2026,Denmark 🇩🇰,2026,Female,ATHX,Strength,39KG,80KG,85KG,,
105,Ditte,Holm,Ditte Holm,Female,,,https://ui-avatars.com/api/?name=D+H&color=FFFFFF&background=000000,ATHX COPENHAGEN 2026,Denmark 🇩🇰,2026,Female,ATHX,Strength,38KG,75KG,90KG,,
105,Anja,Dyrholm,Anja Dyrholm,Female,,,https://athxgames.com/storage/profile-photos/d09CZ4k5Rgh9uRXnp4fu77CylucObsf4TusWr4YT.jpg,ATHX COPENHAGEN 2026,Denmark 🇩🇰,2026,Female,ATHX,Strength,39KG,64KG,100KG,,
107,Maria,Standal,Maria Standal,Female,,The Sand Box,https://ui-avatars.com/api/?name=M+S&color=FFFFFF&background=000000,ATHX COPENHAGEN 2026,Denmark 🇩🇰,2026,Female,ATHX,Strength,40KG,70KG,91KG,,
107,Maria skyldal,Nielsen,Maria skyldal Nielsen,Female,,,https://ui-avatars.com/api/?name=M+s+N&color=FFFFFF&background=000000,ATHX COPENHAGEN 2026,Denmark 🇩🇰,2026,Female,ATHX,Strength,41KG,65KG,95KG,,
107,Britta,Hirschauer,Britta Hirschauer,Female,,,https://ui-avatars.com/api/?name=B+H&color=FFFFFF&background=000000,ATHX COPENHAGEN 2026,Denmark 🇩🇰,2026,Female,ATHX,Strength,40KG,70KG,91KG,,
110,Maja,Westerlind,Maja Westerlind,Female,,,https://ui-avatars.com/api/?name=M+W&color=FFFFFF&background=000000,ATHX COPENHAGEN 2026,Denmark 🇩🇰,2026,Female,ATHX,Strength,38KG,65KG,97KG,,
110,Rebecca,Aust,Rebecca Aust,Female,Germany,Becci,https://ui-avatars.com/api/?name=R+A&color=FFFFFF&background=000000,ATHX COPENHAGEN 2026,Denmark 🇩🇰,2026,Female,ATHX,Strength,33KG,75KG,92KG,,
110,Shadi,Javadian,Shadi Javadian,Female,,,https://ui-avatars.com/api/?name=S+J&color=FFFFFF&background=000000,ATHX COPENHAGEN 2026,Denmark 🇩🇰,2026,Female,ATHX,Strength,30KG,80KG,90KG,,
113,Emily,Pauly kok,Emily Pauly kok,Female,,,https://ui-avatars.com/api/?name=E+P+k&color=FFFFFF&background=000000,ATHX COPENHAGEN 2026,Denmark 🇩🇰,2026,Female,ATHX,Strength,34KG,75KG,90KG,,
114,Giulia,Lombardo,Giulia Lombardo,Female,,,https://ui-avatars.com/api/?name=G+L&color=FFFFFF&background=000000,ATHX COPENHAGEN 2026,Denmark 🇩🇰,2026,Female,ATHX,Strength,38KG,70KG,90KG,,
114,Line,Skov,Line Skov,Female,,,https://ui-avatars.com/api/?name=L+S&color=FFFFFF&background=000000,ATHX COPENHAGEN 2026,Denmark 🇩🇰,2026,Female,ATHX,Strength,43KG,70KG,85KG,,
116,Lucy,Dickinson,Lucy Dickinson,Female,,,https://ui-avatars.com/api/?name=L+D&color=FFFFFF&background=000000,ATHX COPENHAGEN 2026,Denmark 🇩🇰,2026,Female,ATHX,Strength,37KG,75KG,85KG,,
117,caroline,aae-hartwig,caroline aae-hartwig,Female,,,https://ui-avatars.com/api/?name=c+a&color=FFFFFF&background=000000,ATHX COPENHAGEN 2026,Denmark 🇩🇰,2026,Female,ATHX,Strength,40KG,65KG,90KG,,
117,Julie,Bygholm,Julie Bygholm,Female,,,https://ui-avatars.com/api/?name=J+B&color=FFFFFF&background=000000,ATHX COPENHAGEN 2026,Denmark 🇩🇰,2026,Female,ATHX,Strength,30KG,75KG,90KG,,
119,Lili,Leopold,Lili Leopold,Female,,,https://ui-avatars.com/api/?name=L+L&color=FFFFFF&background=000000,ATHX COPENHAGEN 2026,Denmark 🇩🇰,2026,Female,ATHX,Strength,34KG,75KG,85KG,,
119,Emilie,Madsen,Emilie Madsen,Female,,Styrke H,https://ui-avatars.com/api/?name=E+M&color=FFFFFF&background=000000,ATHX COPENHAGEN 2026,Denmark 🇩🇰,2026,Female,ATHX,Strength,34KG,60KG,100KG,,
121,Gitte Maria,Kortsen Foget,Gitte Maria Kortsen Foget,Female,Denmark,,https://ui-avatars.com/api/?name=G+M+K+F&color=FFFFFF&background=000000,ATHX COPENHAGEN 2026,Denmark 🇩🇰,2026,Female,ATHX,Strength,30KG,68KG,95KG,,
121,Joana,Dudeck,Joana Dudeck,Female,,Symbiotic CrossFit,https://ui-avatars.com/api/?name=J+D&color=FFFFFF&background=000000,ATHX COPENHAGEN 2026,Denmark 🇩🇰,2026,Female,ATHX,Strength,34KG,64KG,95KG,,
121,Maria,Echeverry,Maria Echeverry,Female,,,https://ui-avatars.com/api/?name=M+E&color=FFFFFF&background=000000,ATHX COPENHAGEN 2026,Denmark 🇩🇰,2026,Female,ATHX,Strength,38KG,70KG,85KG,,
124,Katrine,Pedersen,Katrine Pedersen,Female,Denmark,BoxLife,https://ui-avatars.com/api/?name=K+P&color=FFFFFF&background=000000,ATHX COPENHAGEN 2026,Denmark 🇩🇰,2026,Female,ATHX,Strength,32KG,75KG,85KG,,
125,Corinne,Nussbaumer,Corinne Nussbaumer,Female,,,https://ui-avatars.com/api/?name=C+N&color=FFFFFF&background=000000,ATHX COPENHAGEN 2026,Denmark 🇩🇰,2026,Female,ATHX,Strength,46KG,65KG,80KG,,
126,Lisa,Greppi,Lisa Greppi,Female,Italy,PhysicAll,https://ui-avatars.com/api/?name=L+G&color=FFFFFF&background=000000,ATHX COPENHAGEN 2026,Denmark 🇩🇰,2026,Female,ATHX,Strength,41KG,73KG,76KG,,
126,Ronja,Bubert,Ronja Bubert,Female,,,https://ui-avatars.com/api/?name=R+B&color=FFFFFF&background=000000,ATHX COPENHAGEN 2026,Denmark 🇩🇰,2026,Female,ATHX,Strength,35KG,65KG,90KG,,
128,Viktoryia,Shyshova,Viktoryia Shyshova,Female,,The Sand box,https://ui-avatars.com/api/?name=V+S&color=FFFFFF&background=000000,ATHX COPENHAGEN 2026,Denmark 🇩🇰,2026,Female,ATHX,Strength,34KG,70KG,85KG,,
129,Svenja,Tschannen,Svenja Tschannen,Female,,,https://ui-avatars.com/api/?name=S+T&color=FFFFFF&background=000000,ATHX COPENHAGEN 2026,Denmark 🇩🇰,2026,Female,ATHX,Strength,37KG,66KG,85KG,,
129,Sofie,Engell,Sofie Engell,Female,,,https://ui-avatars.com/api/?name=S+E&color=FFFFFF&background=000000,ATHX COPENHAGEN 2026,Denmark 🇩🇰,2026,Female,ATHX,Strength,35KG,68KG,85KG,,
129,Bex,Minchin-Hepburn,Bex Minchin-Hepburn,Female,United Kingdom,,https://ui-avatars.com/api/?name=B+M&color=FFFFFF&background=000000,ATHX COPENHAGEN 2026,Denmark 🇩🇰,2026,Female,ATHX,Strength,38KG,65KG,85KG,,
132,giorgia,foroni,giorgia foroni,Female,,,https://ui-avatars.com/api/?name=g+f&color=FFFFFF&background=000000,ATHX COPENHAGEN 2026,Denmark 🇩🇰,2026,Female,ATHX,Strength,37KG,70KG,80KG,,
132,Eva,Hannes,Eva Hannes,Female,,,https://ui-avatars.com/api/?name=E+H&color=FFFFFF&background=000000,ATHX COPENHAGEN 2026,Denmark 🇩🇰,2026,Female,ATHX,Strength,32KG,70KG,85KG,,
134,Cecilia,Thomas,Cecilia Thomas,Female,,,https://ui-avatars.com/api/?name=C+T&color=FFFFFF&background=000000,ATHX COPENHAGEN 2026,Denmark 🇩🇰,2026,Female,ATHX,Strength,34KG,71KG,81KG,,
135,Jo-Ann,Duus-Lund,Jo-Ann Duus-Lund,Female,,,https://ui-avatars.com/api/?name=J+D&color=FFFFFF&background=000000,ATHX COPENHAGEN 2026,Denmark 🇩🇰,2026,Female,ATHX,Strength,35KG,65KG,85KG,,
135,Anja,Kindtler,Anja Kindtler,Female,Denmark,#TeamTrineudeninsta,https://ui-avatars.com/api/?name=A+K&color=FFFFFF&background=000000,ATHX COPENHAGEN 2026,Denmark 🇩🇰,2026,Female,ATHX,Strength,35KG,60KG,90KG,,
137,Line,Husman,Line Husman,Female,Denmark,,https://ui-avatars.com/api/?name=L+H&color=FFFFFF&background=000000,ATHX COPENHAGEN 2026,Denmark 🇩🇰,2026,Female,ATHX,Strength,31KG,65KG,87KG,,
138,Anna,Leufstedt,Anna Leufstedt,Female,Sweden,,https://ui-avatars.com/api/?name=A+L&color=FFFFFF&background=000000,ATHX COPENHAGEN 2026,Denmark 🇩🇰,2026,Female,ATHX,Strength,31KG,60KG,90KG,,
139,Tina,Bengtsen,Tina Bengtsen,Female,,,https://ui-avatars.com/api/?name=T+B&color=FFFFFF&background=000000,ATHX COPENHAGEN 2026,Denmark 🇩🇰,2026,Female,ATHX,Strength,35KG,60KG,85KG,,
139,Maria,Fuhr,Maria Fuhr,Female,Denmark,,https://ui-avatars.com/api/?name=M+F&color=FFFFFF&background=000000,ATHX COPENHAGEN 2026,Denmark 🇩🇰,2026,Female,ATHX,Strength,35KG,65KG,80KG,,
139,Jill,Blaha,Jill Blaha,Female,,,https://ui-avatars.com/api/?name=J+B&color=FFFFFF&background=000000,ATHX COPENHAGEN 2026,Denmark 🇩🇰,2026,Female,ATHX,Strength,35KG,65KG,80KG,,
142,Jenna,Kadlubski,Jenna Kadlubski,Female,,3 ZONE Training,https://ui-avatars.com/api/?name=J+K&color=FFFFFF&background=000000,ATHX COPENHAGEN 2026,Denmark 🇩🇰,2026,Female,ATHX,Strength,31KG,63KG,85KG,,
143,Natalia Brungaard,Kanstrup,Natalia Brungaard Kanstrup,Female,,,https://ui-avatars.com/api/?name=N+B+K&color=FFFFFF&background=000000,ATHX COPENHAGEN 2026,Denmark 🇩🇰,2026,Female,ATHX,Strength,35KG,63KG,80KG,,
143,Jennifer,Dirks,Jennifer Dirks,Female,Germany,Funktional fitness,https://ui-avatars.com/api/?name=J+D&color=FFFFFF&background=000000,ATHX COPENHAGEN 2026,Denmark 🇩🇰,2026,Female,ATHX,Strength,38KG,65KG,75KG,,
143,Andrea,Eskütt,Andrea Eskütt,Female,Germany,,https://ui-avatars.com/api/?name=A+E&color=FFFFFF&background=000000,ATHX COPENHAGEN 2026,Denmark 🇩🇰,2026,Female,ATHX,Strength,36KG,67KG,75KG,,
143,Laura,Olbrich,Laura Olbrich,Female,Germany,#CHLKD Hagsfeld,https://ui-avatars.com/api/?name=L+O&color=FFFFFF&background=000000,ATHX COPENHAGEN 2026,Denmark 🇩🇰,2026,Female,ATHX,Strength,38KG,60KG,80KG,,
147,Lisa-Sophia,Zöllner,Lisa-Sophia Zöllner,Female,Germany,,https://ui-avatars.com/api/?name=L+Z&color=FFFFFF&background=000000,ATHX COPENHAGEN 2026,Denmark 🇩🇰,2026,Female,ATHX,Strength,33KG,55KG,85KG,,
147,Camilla,Blankenfeldt,Camilla Blankenfeldt,Female,Denmark,Compound Gym,https://ui-avatars.com/api/?name=C+B&color=FFFFFF&background=000000,ATHX COPENHAGEN 2026,Denmark 🇩🇰,2026,Female,ATHX,Strength,33KG,60KG,80KG,,
149,Trine,Knigge,Trine Knigge,Female,,,https://ui-avatars.com/api/?name=T+K&color=FFFFFF&background=000000,ATHX COPENHAGEN 2026,Denmark 🇩🇰,2026,Female,ATHX,Strength,32KG,60KG,80KG,,
150,Helle Margit,Albrechtsen,Helle Margit Albrechtsen,Female,Denmark,,https://ui-avatars.com/api/?name=H+M+A&color=FFFFFF&background=000000,ATHX COPENHAGEN 2026,Denmark 🇩🇰,2026,Female,ATHX,Strength,25KG,60KG,85KG,,
150,Amalie,Lundholt,Amalie Lundholt,Female,,,https://ui-avatars.com/api/?name=A+L&color=FFFFFF&background=000000,ATHX COPENHAGEN 2026,Denmark 🇩🇰,2026,Female,ATHX,Strength,40KG,60KG,70KG,,
152,Sharon,Nalweyiso,Sharon Nalweyiso,Female,Denmark,,https://ui-avatars.com/api/?name=S+N&color=FFFFFF&background=000000,ATHX COPENHAGEN 2026,Denmark 🇩🇰,2026,Female,ATHX,Strength,27KG,60KG,80KG,,
153,Mette,Lundbech Frydkjær,Mette Lundbech Frydkjær,Female,,,https://ui-avatars.com/api/?name=M+L+F&color=FFFFFF&background=000000,ATHX COPENHAGEN 2026,Denmark 🇩🇰,2026,Female,ATHX,Strength,30KG,60KG,75KG,,
153,Sofie Louise,Madsen,Sofie Louise Madsen,Female,,,https://ui-avatars.com/api/?name=S+L+M&color=FFFFFF&background=000000,ATHX COPENHAGEN 2026,Denmark 🇩🇰,2026,Female,ATHX,Strength,30KG,60KG,75KG,,
155,Cecilia,Wiberg,Cecilia Wiberg,Female,,,https://ui-avatars.com/api/?name=C+W&color=FFFFFF&background=000000,ATHX COPENHAGEN 2026,Denmark 🇩🇰,2026,Female,ATHX,Strength,33KG,59KG,70KG,,
156,Janina,Kleemann,Janina Kleemann,Female,,,https://ui-avatars.com/api/?name=J+K&color=FFFFFF&background=000000,ATHX COPENHAGEN 2026,Denmark 🇩🇰,2026,Female,ATHX,Strength,33KG,53KG,75KG,,
157,Melanie,Jopp,Melanie Jopp,Female,,,https://ui-avatars.com/api/?name=M+J&color=FFFFFF&background=000000,ATHX COPENHAGEN 2026,Denmark 🇩🇰,2026,Female,ATHX,Strength,29KG,55KG,75KG,,
158,Hiam,Ata abdelghani,Hiam Ata abdelghani,Female,,,https://ui-avatars.com/api/?name=H+A+a&color=FFFFFF&background=000000,ATHX COPENHAGEN 2026,Denmark 🇩🇰,2026,Female,ATHX,Strength,31KG,62KG,65KG,,
159,Selma,Bodvarsdottir,Selma Bodvarsdottir,Female,,,https://ui-avatars.com/api/?name=S+B&color=FFFFFF&background=000000,ATHX COPENHAGEN 2026,Denmark 🇩🇰,2026,Female,ATHX,Strength,33KG,55KG,69KG,,
159,Miriam,Nicchi,Miriam Nicchi,Female,Italy,,https://ui-avatars.com/api/?name=M+N&color=FFFFFF&background=000000,ATHX COPENHAGEN 2026,Denmark 🇩🇰,2026,Female,ATHX,Strength,34KG,60KG,63KG,,
161,Tanja,Böttcher,Tanja Böttcher,Female,,,https://ui-avatars.com/api/?name=T+B&color=FFFFFF&background=000000,ATHX COPENHAGEN 2026,Denmark 🇩🇰,2026,Female,ATHX,Strength,29KG,57KG,70KG,,
162,Klara,Loessl,Klara Loessl,Female,,,https://ui-avatars.com/api/?name=K+L&color=FFFFFF&background=000000,ATHX COPENHAGEN 2026,Denmark 🇩🇰,2026,Female,ATHX,Strength,15KG,60KG,80KG,,
163,Samantha,Siegert,Samantha Siegert,Female,,,https://ui-avatars.com/api/?name=S+S&color=FFFFFF&background=000000,ATHX COPENHAGEN 2026,Denmark 🇩🇰,2026,Female,ATHX,Strength,30KG,50KG,70KG,,
164,Sonia,Serafini,Sonia Serafini,Female,Italy,,https://ui-avatars.com/api/?name=S+S&color=FFFFFF&background=000000,ATHX COPENHAGEN 2026,Denmark 🇩🇰,2026,Female,ATHX,Strength,35KG,38KG,71KG,,
165,Maja,Sand-Grimnitz,Maja Sand-Grimnitz,Female,,,https://ui-avatars.com/api/?name=M+S&color=FFFFFF&background=000000,ATHX COPENHAGEN 2026,Denmark 🇩🇰,2026,Female,ATHX,Strength,31KG,50KG,62KG,,
166,Natalie,Bates,Natalie Bates,Female,,,https://ui-avatars.com/api/?name=N+B&color=FFFFFF&background=000000,ATHX COPENHAGEN 2026,Denmark 🇩🇰,2026,Female,ATHX,Strength,25KG,45KG,70KG,,
167,alex,faulkner,alex faulkner,Female,,,https://ui-avatars.com/api/?name=a+f&color=FFFFFF&background=000000,ATHX COPENHAGEN 2026,Denmark 🇩🇰,2026,Female,ATHX,Strength,27KG,55KG,55KG,,
168,Steph,Hannen,Steph Hannen,Female,,,https://ui-avatars.com/api/?name=S+H&color=FFFFFF&background=000000,ATHX COPENHAGEN 2026,Denmark 🇩🇰,2026,Female,ATHX,Strength,31KG,40KG,65KG,,
169,Louise,Mielche Zinck,Louise Mielche Zinck,Female,Denmark,Crossfit Heaven,https://ui-avatars.com/api/?name=L+M+Z&color=FFFFFF&background=000000,ATHX COPENHAGEN 2026,Denmark 🇩🇰,2026,Female,ATHX,Strength,30KG,50KG,55KG,,
170,Benedetta,Puca,Benedetta Puca,Female,,,https://ui-avatars.com/api/?name=B+P&color=FFFFFF&background=000000,ATHX COPENHAGEN 2026,Denmark 🇩🇰,2026,Female,ATHX,Strength,26KG,38KG,70KG,,
171,Devi,Patel,Devi Patel,Female,,,https://ui-avatars.com/api/?name=D+P&color=FFFFFF&background=000000,ATHX COPENHAGEN 2026,Denmark 🇩🇰,2026,Female,ATHX,Strength,20KG,50KG,60KG,,
172,Hannah,Peyton,Hannah Peyton,Female,,,https://ui-avatars.com/api/?name=H+P&color=FFFFFF&background=000000,ATHX COPENHAGEN 2026,Denmark 🇩🇰,2026,Female,ATHX,Strength,28KG,45KG,55KG,,
173,Katarina ,Leger,Katarina  Leger,Female,,,https://ui-avatars.com/api/?name=K++L&color=FFFFFF&background=000000,ATHX COPENHAGEN 2026,Denmark 🇩🇰,2026,Female,ATHX,Strength,33KG,32KG,60KG,,
174,Camilla,Christensen,Camilla Christensen,Female,,,https://ui-avatars.com/api/?name=C+C&color=FFFFFF&background=000000,ATHX COPENHAGEN 2026,Denmark 🇩🇰,2026,Female,ATHX,Strength,28KG,45KG,50KG,,
1,Laura,Valgreen,Laura Valgreen,Female,,,https://ui-avatars.com/api/?name=L+V&color=FFFFFF&background=000000,ATHX COPENHAGEN 2026,Denmark 🇩🇰,2026,Female,ATHX,Endurance,,,,2.549KM,2.702KM
2,Aja,Søgaard,Aja Søgaard,Female,,,https://ui-avatars.com/api/?name=A+S&color=FFFFFF&background=000000,ATHX COPENHAGEN 2026,Denmark 🇩🇰,2026,Female,ATHX,Endurance,,,,1.5KM,3.677KM
3,Marie-Gabrielle,Rapatout,Marie-Gabrielle Rapatout,Female,,,https://ui-avatars.com/api/?name=M+R&color=FFFFFF&background=000000,ATHX COPENHAGEN 2026,Denmark 🇩🇰,2026,Female,ATHX,Endurance,,,,2.25KM,2.902KM
4,Lauren,Witte,Lauren Witte,Female,United Kingdom,,https://ui-avatars.com/api/?name=L+W&color=FFFFFF&background=000000,ATHX COPENHAGEN 2026,Denmark 🇩🇰,2026,Female,ATHX,Endurance,,,,2.25KM,2.9KM
5,Nadine,Henningsen,Nadine Henningsen,Female,,,https://ui-avatars.com/api/?name=N+H&color=FFFFFF&background=000000,ATHX COPENHAGEN 2026,Denmark 🇩🇰,2026,Female,ATHX,Endurance,,,,2.25KM,2.769KM
6,Maria,Fuhr,Maria Fuhr,Female,Denmark,,https://ui-avatars.com/api/?name=M+F&color=FFFFFF&background=000000,ATHX COPENHAGEN 2026,Denmark 🇩🇰,2026,Female,ATHX,Endurance,,,,2.25KM,2.75KM
7,Anna,Blank,Anna Blank,Female,,,https://ui-avatars.com/api/?name=A+B&color=FFFFFF&background=000000,ATHX COPENHAGEN 2026,Denmark 🇩🇰,2026,Female,ATHX,Endurance,,,,2.25KM,2.735KM
8,Maja,Storn,Maja Storn,Female,,,https://ui-avatars.com/api/?name=M+S&color=FFFFFF&background=000000,ATHX COPENHAGEN 2026,Denmark 🇩🇰,2026,Female,ATHX,Endurance,,,,2.287KM,2.582KM
9,Cecilie Emily ,Brøndum Aaen,Cecilie Emily  Brøndum Aaen,Female,,,https://ui-avatars.com/api/?name=C+E++B+A&color=FFFFFF&background=000000,ATHX COPENHAGEN 2026,Denmark 🇩🇰,2026,Female,ATHX,Endurance,,,,2.25KM,2.597KM
10,Pav,Johal,Pav Johal,Female,,,https://ui-avatars.com/api/?name=P+J&color=FFFFFF&background=000000,ATHX COPENHAGEN 2026,Denmark 🇩🇰,2026,Female,ATHX,Endurance,,,,1.661KM,3.141KM
11,Hilal,Hamecher,Hilal Hamecher,Female,,,https://ui-avatars.com/api/?name=H+H&color=FFFFFF&background=000000,ATHX COPENHAGEN 2026,Denmark 🇩🇰,2026,Female,ATHX,Endurance,,,,2.25KM,2.511KM
12,Jennifer,Morrice,Jennifer Morrice,Female,,,https://ui-avatars.com/api/?name=J+M&color=FFFFFF&background=000000,ATHX COPENHAGEN 2026,Denmark 🇩🇰,2026,Female,ATHX,Endurance,,,,2.25KM,2.485KM
13,Anna,Leufstedt,Anna Leufstedt,Female,Sweden,,https://ui-avatars.com/api/?name=A+L&color=FFFFFF&background=000000,ATHX COPENHAGEN 2026,Denmark 🇩🇰,2026,Female,ATHX,Endurance,,,,2.25KM,2.484KM
14,Ditte,Petersen,Ditte Petersen,Female,Denmark,MUSKELKLUBBEN,https://ui-avatars.com/api/?name=D+P&color=FFFFFF&background=000000,ATHX COPENHAGEN 2026,Denmark 🇩🇰,2026,Female,ATHX,Endurance,,,,2.169KM,2.556KM
15,Sara,Kowalczyk,Sara Kowalczyk,Female,,,https://ui-avatars.com/api/?name=S+K&color=FFFFFF&background=000000,ATHX COPENHAGEN 2026,Denmark 🇩🇰,2026,Female,ATHX,Endurance,,,,2KM,2.7KM
16,Nicole,Leinberger,Nicole Leinberger,Female,Germany,,https://ui-avatars.com/api/?name=N+L&color=FFFFFF&background=000000,ATHX COPENHAGEN 2026,Denmark 🇩🇰,2026,Female,ATHX,Endurance,,,,1.627KM,3.059KM
17,Caroline,Skyldal,Caroline Skyldal,Female,,,https://ui-avatars.com/api/?name=C+S&color=FFFFFF&background=000000,ATHX COPENHAGEN 2026,Denmark 🇩🇰,2026,Female,ATHX,Endurance,,,,2.25KM,2.428KM
18,Carrie,Carlton,Carrie Carlton,Female,,,https://ui-avatars.com/api/?name=C+C&color=FFFFFF&background=000000,ATHX COPENHAGEN 2026,Denmark 🇩🇰,2026,Female,ATHX,Endurance,,,,2.25KM,2.424KM
19,Giulia,Lombardo,Giulia Lombardo,Female,,,https://ui-avatars.com/api/?name=G+L&color=FFFFFF&background=000000,ATHX COPENHAGEN 2026,Denmark 🇩🇰,2026,Female,ATHX,Endurance,,,,2.25KM,2.422KM
20,Antonia,Kottulinsky,Antonia Kottulinsky,Female,,,https://ui-avatars.com/api/?name=A+K&color=FFFFFF&background=000000,ATHX COPENHAGEN 2026,Denmark 🇩🇰,2026,Female,ATHX,Endurance,,,,2.25KM,2.411KM
21,Camilla,Erlandsen,Camilla Erlandsen,Female,,,https://ui-avatars.com/api/?name=C+E&color=FFFFFF&background=000000,ATHX COPENHAGEN 2026,Denmark 🇩🇰,2026,Female,ATHX,Endurance,,,,1.5KM,3.146KM
22,Paulina,Heine,Paulina Heine,Female,Germany,arca Spartan Mentality,https://athxgames.com/storage/profile-photos/HroQ8yM4DNhmJzB0y7M3Shmd1GIXCKYjwGgxTzWh.jpg,ATHX COPENHAGEN 2026,Denmark 🇩🇰,2026,Female,ATHX,Endurance,,,,1.839KM,2.782KM
23,Katrine,Pedersen,Katrine Pedersen,Female,Denmark,BoxLife,https://ui-avatars.com/api/?name=K+P&color=FFFFFF&background=000000,ATHX COPENHAGEN 2026,Denmark 🇩🇰,2026,Female,ATHX,Endurance,,,,2.25KM,2.364KM
24,Julie,Bjerregaard Jensen,Julie Bjerregaard Jensen,Female,,,https://ui-avatars.com/api/?name=J+B+J&color=FFFFFF&background=000000,ATHX COPENHAGEN 2026,Denmark 🇩🇰,2026,Female,ATHX,Endurance,,,,2.25KM,2.353KM
25,Stine,Sloth,Stine Sloth,Female,,,https://ui-avatars.com/api/?name=S+S&color=FFFFFF&background=000000,ATHX COPENHAGEN 2026,Denmark 🇩🇰,2026,Female,ATHX,Endurance,,,,1.922KM,2.677KM
26,alex,faulkner,alex faulkner,Female,,,https://ui-avatars.com/api/?name=a+f&color=FFFFFF&background=000000,ATHX COPENHAGEN 2026,Denmark 🇩🇰,2026,Female,ATHX,Endurance,,,,2.25KM,2.33KM
27,Helle Margit,Albrechtsen,Helle Margit Albrechtsen,Female,Denmark,,https://ui-avatars.com/api/?name=H+M+A&color=FFFFFF&background=000000,ATHX COPENHAGEN 2026,Denmark 🇩🇰,2026,Female,ATHX,Endurance,,,,1.5KM,3.075KM
28,Joana,Dudeck,Joana Dudeck,Female,,Symbiotic CrossFit,https://ui-avatars.com/api/?name=J+D&color=FFFFFF&background=000000,ATHX COPENHAGEN 2026,Denmark 🇩🇰,2026,Female,ATHX,Endurance,,,,2.25KM,2.313KM
29,Sabrina,Raahauge,Sabrina Raahauge,Female,,,https://ui-avatars.com/api/?name=S+R&color=FFFFFF&background=000000,ATHX COPENHAGEN 2026,Denmark 🇩🇰,2026,Female,ATHX,Endurance,,,,2.342KM,2.196KM
30,Rebecca,Aust,Rebecca Aust,Female,Germany,Becci,https://ui-avatars.com/api/?name=R+A&color=FFFFFF&background=000000,ATHX COPENHAGEN 2026,Denmark 🇩🇰,2026,Female,ATHX,Endurance,,,,2.25KM,2.287KM
31,Julie,Tiede,Julie Tiede,Female,Germany,Flensfitness,https://athxgames.com/storage/profile-photos/zLzJYOJPHyl44YqBuzo4Di3oFPN7LXn8hEabUxrB.jpg,ATHX COPENHAGEN 2026,Denmark 🇩🇰,2026,Female,ATHX,Endurance,,,,1.5KM,3.029KM
32,Emily,Pauly kok,Emily Pauly kok,Female,,,https://ui-avatars.com/api/?name=E+P+k&color=FFFFFF&background=000000,ATHX COPENHAGEN 2026,Denmark 🇩🇰,2026,Female,ATHX,Endurance,,,,1.5KM,3.022KM
33,Johanna,Jansen,Johanna Jansen,Female,,,https://ui-avatars.com/api/?name=J+J&color=FFFFFF&background=000000,ATHX COPENHAGEN 2026,Denmark 🇩🇰,2026,Female,ATHX,Endurance,,,,1.5KM,3.015KM
34,Greta,Mees,Greta Mees,Female,Germany,FlensFitness,https://ui-avatars.com/api/?name=G+M&color=FFFFFF&background=000000,ATHX COPENHAGEN 2026,Denmark 🇩🇰,2026,Female,ATHX,Endurance,,,,2.125KM,2.375KM
35,Lara,Gadsdon,Lara Gadsdon,Female,,,https://ui-avatars.com/api/?name=L+G&color=FFFFFF&background=000000,ATHX COPENHAGEN 2026,Denmark 🇩🇰,2026,Female,ATHX,Endurance,,,,2.25KM,2.248KM
35,Linnea,Lindblom,Linnea Lindblom,Female,,,https://ui-avatars.com/api/?name=L+L&color=FFFFFF&background=000000,ATHX COPENHAGEN 2026,Denmark 🇩🇰,2026,Female,ATHX,Endurance,,,,1.536KM,2.962KM
37,Alena,Roth,Alena Roth,Female,,,https://ui-avatars.com/api/?name=A+R&color=FFFFFF&background=000000,ATHX COPENHAGEN 2026,Denmark 🇩🇰,2026,Female,ATHX,Endurance,,,,1.796KM,2.698KM
38,Ditte Juhl,Nissen,Ditte Juhl Nissen,Female,,,https://ui-avatars.com/api/?name=D+J+N&color=FFFFFF&background=000000,ATHX COPENHAGEN 2026,Denmark 🇩🇰,2026,Female,ATHX,Endurance,,,,2.25KM,2.242KM
38,Melanie,Jopp,Melanie Jopp,Female,,,https://ui-avatars.com/api/?name=M+J&color=FFFFFF&background=000000,ATHX COPENHAGEN 2026,Denmark 🇩🇰,2026,Female,ATHX,Endurance,,,,2.189KM,2.303KM
40,Elvira,Lauritzen,Elvira Lauritzen,Female,,,https://ui-avatars.com/api/?name=E+L&color=FFFFFF&background=000000,ATHX COPENHAGEN 2026,Denmark 🇩🇰,2026,Female,ATHX,Endurance,,,,1.884KM,2.606KM
41,Camilla,Blankenfeldt,Camilla Blankenfeldt,Female,Denmark,Compound Gym,https://ui-avatars.com/api/?name=C+B&color=FFFFFF&background=000000,ATHX COPENHAGEN 2026,Denmark 🇩🇰,2026,Female,ATHX,Endurance,,,,2.122KM,2.367KM
42,Freja,Hartvig,Freja Hartvig,Female,,,https://ui-avatars.com/api/?name=F+H&color=FFFFFF&background=000000,ATHX COPENHAGEN 2026,Denmark 🇩🇰,2026,Female,ATHX,Endurance,,,,1.5KM,2.988KM
43,Klara,Loessl,Klara Loessl,Female,,,https://ui-avatars.com/api/?name=K+L&color=FFFFFF&background=000000,ATHX COPENHAGEN 2026,Denmark 🇩🇰,2026,Female,ATHX,Endurance,,,,1.928KM,2.557KM
44,Cecilie,Scharff,Cecilie Scharff,Female,,,https://ui-avatars.com/api/?name=C+S&color=FFFFFF&background=000000,ATHX COPENHAGEN 2026,Denmark 🇩🇰,2026,Female,ATHX,Endurance,,,,2.154KM,2.327KM
45,Louise,Mielche Zinck,Louise Mielche Zinck,Female,Denmark,Crossfit Heaven,https://ui-avatars.com/api/?name=L+M+Z&color=FFFFFF&background=000000,ATHX COPENHAGEN 2026,Denmark 🇩🇰,2026,Female,ATHX,Endurance,,,,1.896KM,2.58KM
46,Lili,Leopold,Lili Leopold,Female,,,https://ui-avatars.com/api/?name=L+L&color=FFFFFF&background=000000,ATHX COPENHAGEN 2026,Denmark 🇩🇰,2026,Female,ATHX,Endurance,,,,2.197KM,2.271KM
47,Giulia,Bianchino,Giulia Bianchino,Female,Italy,,https://ui-avatars.com/api/?name=G+B&color=FFFFFF&background=000000,ATHX COPENHAGEN 2026,Denmark 🇩🇰,2026,Female,ATHX,Endurance,,,,2.25KM,2.196KM
48,Eva,Hannes,Eva Hannes,Female,,,https://ui-avatars.com/api/?name=E+H&color=FFFFFF&background=000000,ATHX COPENHAGEN 2026,Denmark 🇩🇰,2026,Female,ATHX,Endurance,,,,2.079KM,2.363KM
49,Henriette,Laursen,Henriette Laursen,Female,Denmark,ARCa,https://ui-avatars.com/api/?name=H+L&color=FFFFFF&background=000000,ATHX COPENHAGEN 2026,Denmark 🇩🇰,2026,Female,ATHX,Endurance,,,,1.951KM,2.488KM
50,Maja,Sand-Grimnitz,Maja Sand-Grimnitz,Female,,,https://ui-avatars.com/api/?name=M+S&color=FFFFFF&background=000000,ATHX COPENHAGEN 2026,Denmark 🇩🇰,2026,Female,ATHX,Endurance,,,,1.847KM,2.571KM
51,Jeska,Naujoks,Jeska Naujoks,Female,,,https://ui-avatars.com/api/?name=J+N&color=FFFFFF&background=000000,ATHX COPENHAGEN 2026,Denmark 🇩🇰,2026,Female,ATHX,Endurance,,,,1.5KM,2.917KM
52,Lea,Gansted,Lea Gansted,Female,,,https://ui-avatars.com/api/?name=L+G&color=FFFFFF&background=000000,ATHX COPENHAGEN 2026,Denmark 🇩🇰,2026,Female,ATHX,Endurance,,,,1.653KM,2.756KM
53,frauke,Hahn,frauke Hahn,Female,,,https://ui-avatars.com/api/?name=f+H&color=FFFFFF&background=000000,ATHX COPENHAGEN 2026,Denmark 🇩🇰,2026,Female,ATHX,Endurance,,,,2.25KM,2.157KM
54,Sarah,Kragh-Maschvitsz,Sarah Kragh-Maschvitsz,Female,,,https://ui-avatars.com/api/?name=S+K&color=FFFFFF&background=000000,ATHX COPENHAGEN 2026,Denmark 🇩🇰,2026,Female,ATHX,Endurance,,,,2.25KM,2.141KM
55,Line,Skov,Line Skov,Female,,,https://ui-avatars.com/api/?name=L+S&color=FFFFFF&background=000000,ATHX COPENHAGEN 2026,Denmark 🇩🇰,2026,Female,ATHX,Endurance,,,,2.115KM,2.271KM
56,Rikke,Nielsen,Rikke Nielsen,Female,Denmark,,https://ui-avatars.com/api/?name=R+N&color=FFFFFF&background=000000,ATHX COPENHAGEN 2026,Denmark 🇩🇰,2026,Female,ATHX,Endurance,,,,2.25KM,2.134KM
57,Shadi,Javadian,Shadi Javadian,Female,,,https://ui-avatars.com/api/?name=S+J&color=FFFFFF&background=000000,ATHX COPENHAGEN 2026,Denmark 🇩🇰,2026,Female,ATHX,Endurance,,,,1.248KM,3.127KM
58,Malene Clarin,Frandsen,Malene Clarin Frandsen,Female,,,https://ui-avatars.com/api/?name=M+C+F&color=FFFFFF&background=000000,ATHX COPENHAGEN 2026,Denmark 🇩🇰,2026,Female,ATHX,Endurance,,,,2.25KM,2.12KM
59,Andrea,Eskütt,Andrea Eskütt,Female,Germany,,https://ui-avatars.com/api/?name=A+E&color=FFFFFF&background=000000,ATHX COPENHAGEN 2026,Denmark 🇩🇰,2026,Female,ATHX,Endurance,,,,1.5KM,2.859KM
60,Katharina,Raimann,Katharina Raimann,Female,,,https://ui-avatars.com/api/?name=K+R&color=FFFFFF&background=000000,ATHX COPENHAGEN 2026,Denmark 🇩🇰,2026,Female,ATHX,Endurance,,,,2.25KM,2.106KM
61,Natalie,Bates,Natalie Bates,Female,,,https://ui-avatars.com/api/?name=N+B&color=FFFFFF&background=000000,ATHX COPENHAGEN 2026,Denmark 🇩🇰,2026,Female,ATHX,Endurance,,,,2.13KM,2.219KM
62,Kajsa,Karlsson,Kajsa Karlsson,Female,,,https://ui-avatars.com/api/?name=K+K&color=FFFFFF&background=000000,ATHX COPENHAGEN 2026,Denmark 🇩🇰,2026,Female,ATHX,Endurance,,,,2.25KM,2.077KM
63,Nicole,Johansson,Nicole Johansson,Female,Denmark,Butchers Lab,https://ui-avatars.com/api/?name=N+J&color=FFFFFF&background=000000,ATHX COPENHAGEN 2026,Denmark 🇩🇰,2026,Female,ATHX,Endurance,,,,2.25KM,2.076KM
64,Janina,Kleemann,Janina Kleemann,Female,,,https://ui-avatars.com/api/?name=J+K&color=FFFFFF&background=000000,ATHX COPENHAGEN 2026,Denmark 🇩🇰,2026,Female,ATHX,Endurance,,,,1.5KM,2.825KM
65,Cecilia,Thomas,Cecilia Thomas,Female,,,https://ui-avatars.com/api/?name=C+T&color=FFFFFF&background=000000,ATHX COPENHAGEN 2026,Denmark 🇩🇰,2026,Female,ATHX,Endurance,,,,2.25KM,2.072KM
66,Hayley,Irwin,Hayley Irwin,Female,,,https://ui-avatars.com/api/?name=H+I&color=FFFFFF&background=000000,ATHX COPENHAGEN 2026,Denmark 🇩🇰,2026,Female,ATHX,Endurance,,,,1.573KM,2.743KM
67,Magdalena,Podgórska,Magdalena Podgórska,Female,,,https://ui-avatars.com/api/?name=M+P&color=FFFFFF&background=000000,ATHX COPENHAGEN 2026,Denmark 🇩🇰,2026,Female,ATHX,Endurance,,,,2.25KM,2.065KM
68,Nina,Nemcova,Nina Nemcova,Female,,,https://ui-avatars.com/api/?name=N+N&color=FFFFFF&background=000000,ATHX COPENHAGEN 2026,Denmark 🇩🇰,2026,Female,ATHX,Endurance,,,,2.25KM,2.06KM
69,Emma,Sandberg,Emma Sandberg,Female,,,https://ui-avatars.com/api/?name=E+S&color=FFFFFF&background=000000,ATHX COPENHAGEN 2026,Denmark 🇩🇰,2026,Female,ATHX,Endurance,,,,2.25KM,2.058KM
70,May-Brit,Bents,May-Brit Bents,Female,Germany,,https://ui-avatars.com/api/?name=M+B&color=FFFFFF&background=000000,ATHX COPENHAGEN 2026,Denmark 🇩🇰,2026,Female,ATHX,Endurance,,,,1.75KM,2.539KM
71,Minmin,Zhao,Minmin Zhao,Female,Sweden,,https://ui-avatars.com/api/?name=M+Z&color=FFFFFF&background=000000,ATHX COPENHAGEN 2026,Denmark 🇩🇰,2026,Female,ATHX,Endurance,,,,1.5KM,2.776KM
72,Ann-sophie,Eriksen,Ann-sophie Eriksen,Female,,,https://ui-avatars.com/api/?name=A+E&color=FFFFFF&background=000000,ATHX COPENHAGEN 2026,Denmark 🇩🇰,2026,Female,ATHX,Endurance,,,,1.75KM,2.521KM
73,Francoise,GOMEZ,Francoise GOMEZ,Female,France,Fitness Park,https://ui-avatars.com/api/?name=F+G&color=FFFFFF&background=000000,ATHX COPENHAGEN 2026,Denmark 🇩🇰,2026,Female,ATHX,Endurance,,,,1.54KM,2.728KM
74,Siri,Toft Andersen,Siri Toft Andersen,Female,,,https://ui-avatars.com/api/?name=S+T+A&color=FFFFFF&background=000000,ATHX COPENHAGEN 2026,Denmark 🇩🇰,2026,Female,ATHX,Endurance,,,,2.25KM,1.998KM
75,Claudia,Cristescu,Claudia Cristescu,Female,,,https://ui-avatars.com/api/?name=C+C&color=FFFFFF&background=000000,ATHX COPENHAGEN 2026,Denmark 🇩🇰,2026,Female,ATHX,Endurance,,,,2.25KM,1.987KM
76,Dora,Illes,Dora Illes,Female,,,https://ui-avatars.com/api/?name=D+I&color=FFFFFF&background=000000,ATHX COPENHAGEN 2026,Denmark 🇩🇰,2026,Female,ATHX,Endurance,,,,1.5KM,2.721KM
77,Marjorie,HESSE,Marjorie HESSE,Female,,,https://ui-avatars.com/api/?name=M+H&color=FFFFFF&background=000000,ATHX COPENHAGEN 2026,Denmark 🇩🇰,2026,Female,ATHX,Endurance,,,,1.768KM,2.442KM
77,Josephine,Lippert,Josephine Lippert,Female,Denmark,StudiJo,https://ui-avatars.com/api/?name=J+L&color=FFFFFF&background=000000,ATHX COPENHAGEN 2026,Denmark 🇩🇰,2026,Female,ATHX,Endurance,,,,1.5KM,2.71KM
79,Karolina,Blomstergren,Karolina Blomstergren,Female,Sweden,High five functional gym,https://ui-avatars.com/api/?name=K+B&color=FFFFFF&background=000000,ATHX COPENHAGEN 2026,Denmark 🇩🇰,2026,Female,ATHX,Endurance,,,,2.214KM,1.991KM
80,Kathrine,Kloch,Kathrine Kloch,Female,Denmark,,https://ui-avatars.com/api/?name=K+K&color=FFFFFF&background=000000,ATHX COPENHAGEN 2026,Denmark 🇩🇰,2026,Female,ATHX,Endurance,,,,1.5KM,2.703KM
81,Camilla,Osaland,Camilla Osaland,Female,,,https://ui-avatars.com/api/?name=C+O&color=FFFFFF&background=000000,ATHX COPENHAGEN 2026,Denmark 🇩🇰,2026,Female,ATHX,Endurance,,,,1.537KM,2.66KM
82,Kira,Langmaack,Kira Langmaack,Female,Germany,FlensFitness,https://ui-avatars.com/api/?name=K+L&color=FFFFFF&background=000000,ATHX COPENHAGEN 2026,Denmark 🇩🇰,2026,Female,ATHX,Endurance,,,,2.25KM,1.94KM
83,Taia,Jørgensen,Taia Jørgensen,Female,,,https://ui-avatars.com/api/?name=T+J&color=FFFFFF&background=000000,ATHX COPENHAGEN 2026,Denmark 🇩🇰,2026,Female,ATHX,Endurance,,,,1.945KM,2.244KM
84,Kajsa,Svensson,Kajsa Svensson,Female,,,https://ui-avatars.com/api/?name=K+S&color=FFFFFF&background=000000,ATHX COPENHAGEN 2026,Denmark 🇩🇰,2026,Female,ATHX,Endurance,,,,2.095KM,2.093KM
85,Cara,Goldberg,Cara Goldberg,Female,,,https://ui-avatars.com/api/?name=C+G&color=FFFFFF&background=000000,ATHX COPENHAGEN 2026,Denmark 🇩🇰,2026,Female,ATHX,Endurance,,,,1.75KM,2.424KM
86,Samantha,Siegert,Samantha Siegert,Female,,,https://ui-avatars.com/api/?name=S+S&color=FFFFFF&background=000000,ATHX COPENHAGEN 2026,Denmark 🇩🇰,2026,Female,ATHX,Endurance,,,,2.25KM,1.917KM
87,Laura,Olbrich,Laura Olbrich,Female,Germany,#CHLKD Hagsfeld,https://ui-avatars.com/api/?name=L+O&color=FFFFFF&background=000000,ATHX COPENHAGEN 2026,Denmark 🇩🇰,2026,Female,ATHX,Endurance,,,,1.5KM,2.665KM
88,Jenna,Kadlubski,Jenna Kadlubski,Female,,3 ZONE Training,https://ui-avatars.com/api/?name=J+K&color=FFFFFF&background=000000,ATHX COPENHAGEN 2026,Denmark 🇩🇰,2026,Female,ATHX,Endurance,,,,1.5KM,2.663KM
89,Stina,Skov,Stina Skov,Female,,,https://athxgames.com/storage/profile-photos/c4Y8GFQjJoZGaK1MHIa4q9XYGbJW0OE8iJmlcUkE.jpg,ATHX COPENHAGEN 2026,Denmark 🇩🇰,2026,Female,ATHX,Endurance,,,,2.053KM,2.108KM
90,Cecilia,Wiberg,Cecilia Wiberg,Female,,,https://ui-avatars.com/api/?name=C+W&color=FFFFFF&background=000000,ATHX COPENHAGEN 2026,Denmark 🇩🇰,2026,Female,ATHX,Endurance,,,,2.25KM,1.905KM
91,Ninna ,Skakon ,Ninna  Skakon ,Female,,,https://ui-avatars.com/api/?name=N++S&color=FFFFFF&background=000000,ATHX COPENHAGEN 2026,Denmark 🇩🇰,2026,Female,ATHX,Endurance,,,,2.25KM,1.901KM
92,Merlin,Aarna,Merlin Aarna,Female,Estonia,,https://ui-avatars.com/api/?name=M+A&color=FFFFFF&background=000000,ATHX COPENHAGEN 2026,Denmark 🇩🇰,2026,Female,ATHX,Endurance,,,,2.25KM,1.892KM
92,ANNA,KUZBIK,ANNA KUZBIK,Female,Poland,AK,https://ui-avatars.com/api/?name=A+K&color=FFFFFF&background=000000,ATHX COPENHAGEN 2026,Denmark 🇩🇰,2026,Female,ATHX,Endurance,,,,1.5KM,2.642KM
92,Cassandra,Malmström,Cassandra Malmström,Female,,,https://ui-avatars.com/api/?name=C+M&color=FFFFFF&background=000000,ATHX COPENHAGEN 2026,Denmark 🇩🇰,2026,Female,ATHX,Endurance,,,,1.5KM,2.642KM
95,Svenja,Tschannen,Svenja Tschannen,Female,,,https://ui-avatars.com/api/?name=S+T&color=FFFFFF&background=000000,ATHX COPENHAGEN 2026,Denmark 🇩🇰,2026,Female,ATHX,Endurance,,,,1.562KM,2.579KM
95,Emilie,Pedersen,Emilie Pedersen,Female,,,https://ui-avatars.com/api/?name=E+P&color=FFFFFF&background=000000,ATHX COPENHAGEN 2026,Denmark 🇩🇰,2026,Female,ATHX,Endurance,,,,1.5KM,2.641KM
97,Lene,Thomsen,Lene Thomsen,Female,,,https://ui-avatars.com/api/?name=L+T&color=FFFFFF&background=000000,ATHX COPENHAGEN 2026,Denmark 🇩🇰,2026,Female,ATHX,Endurance,,,,2.177KM,1.962KM
98,Matilde,Andersen,Matilde Andersen,Female,,,https://ui-avatars.com/api/?name=M+A&color=FFFFFF&background=000000,ATHX COPENHAGEN 2026,Denmark 🇩🇰,2026,Female,ATHX,Endurance,,,,2.089KM,2.045KM
98,My,de Caprétz,My de Caprétz,Female,,,https://ui-avatars.com/api/?name=M+d+C&color=FFFFFF&background=000000,ATHX COPENHAGEN 2026,Denmark 🇩🇰,2026,Female,ATHX,Endurance,,,,1.5KM,2.634KM
100,Donna,Schack Dyg,Donna Schack Dyg,Female,Denmark,D’s Garage,https://ui-avatars.com/api/?name=D+S+D&color=FFFFFF&background=000000,ATHX COPENHAGEN 2026,Denmark 🇩🇰,2026,Female,ATHX,Endurance,,,,1.5KM,2.626KM
101,Janni,Bragason,Janni Bragason,Female,Denmark,,https://ui-avatars.com/api/?name=J+B&color=FFFFFF&background=000000,ATHX COPENHAGEN 2026,Denmark 🇩🇰,2026,Female,ATHX,Endurance,,,,1.5KM,2.622KM
102,Jennifer,Dirks,Jennifer Dirks,Female,Germany,Funktional fitness,https://ui-avatars.com/api/?name=J+D&color=FFFFFF&background=000000,ATHX COPENHAGEN 2026,Denmark 🇩🇰,2026,Female,ATHX,Endurance,,,,1.958KM,2.16KM
103,Christina,Naideni,Christina Naideni,Female,Greece,,https://ui-avatars.com/api/?name=C+N&color=FFFFFF&background=000000,ATHX COPENHAGEN 2026,Denmark 🇩🇰,2026,Female,ATHX,Endurance,,,,2.25KM,1.862KM
104,Viktoryia,Shyshova,Viktoryia Shyshova,Female,,The Sand box,https://ui-avatars.com/api/?name=V+S&color=FFFFFF&background=000000,ATHX COPENHAGEN 2026,Denmark 🇩🇰,2026,Female,ATHX,Endurance,,,,2.056KM,2.053KM
105,Sofie Louise,Madsen,Sofie Louise Madsen,Female,,,https://ui-avatars.com/api/?name=S+L+M&color=FFFFFF&background=000000,ATHX COPENHAGEN 2026,Denmark 🇩🇰,2026,Female,ATHX,Endurance,,,,2KM,2.102KM
106,Ronja,Bubert,Ronja Bubert,Female,,,https://ui-avatars.com/api/?name=R+B&color=FFFFFF&background=000000,ATHX COPENHAGEN 2026,Denmark 🇩🇰,2026,Female,ATHX,Endurance,,,,1.5KM,2.598KM
107,giorgia,foroni,giorgia foroni,Female,,,https://ui-avatars.com/api/?name=g+f&color=FFFFFF&background=000000,ATHX COPENHAGEN 2026,Denmark 🇩🇰,2026,Female,ATHX,Endurance,,,,1.838KM,2.258KM
108,Gitte Maria,Kortsen Foget,Gitte Maria Kortsen Foget,Female,Denmark,,https://ui-avatars.com/api/?name=G+M+K+F&color=FFFFFF&background=000000,ATHX COPENHAGEN 2026,Denmark 🇩🇰,2026,Female,ATHX,Endurance,,,,2.037KM,2.058KM
109,Kathrin,Kammerer,Kathrin Kammerer,Female,,,https://ui-avatars.com/api/?name=K+K&color=FFFFFF&background=000000,ATHX COPENHAGEN 2026,Denmark 🇩🇰,2026,Female,ATHX,Endurance,,,,2.11KM,1.98KM
110,Jessica,Bienz,Jessica Bienz,Female,,,https://ui-avatars.com/api/?name=J+B&color=FFFFFF&background=000000,ATHX COPENHAGEN 2026,Denmark 🇩🇰,2026,Female,ATHX,Endurance,,,,2.25KM,1.837KM
111,Linda,Kannuberg,Linda Kannuberg,Female,Denmark,FitnessX,https://ui-avatars.com/api/?name=L+K&color=FFFFFF&background=000000,ATHX COPENHAGEN 2026,Denmark 🇩🇰,2026,Female,ATHX,Endurance,,,,2.225KM,1.86KM
112,Jaqueline,Gonzalez,Jaqueline Gonzalez,Female,Mexico,,https://ui-avatars.com/api/?name=J+G&color=FFFFFF&background=000000,ATHX COPENHAGEN 2026,Denmark 🇩🇰,2026,Female,ATHX,Endurance,,,,2.149KM,1.935KM
113,Maria skyldal,Nielsen,Maria skyldal Nielsen,Female,,,https://ui-avatars.com/api/?name=M+s+N&color=FFFFFF&background=000000,ATHX COPENHAGEN 2026,Denmark 🇩🇰,2026,Female,ATHX,Endurance,,,,1.5KM,2.57KM
114,Olga,Kelbin,Olga Kelbin,Female,,,https://ui-avatars.com/api/?name=O+K&color=FFFFFF&background=000000,ATHX COPENHAGEN 2026,Denmark 🇩🇰,2026,Female,ATHX,Endurance,,,,2.159KM,1.905KM
115,Tina,Bengtsen,Tina Bengtsen,Female,,,https://ui-avatars.com/api/?name=T+B&color=FFFFFF&background=000000,ATHX COPENHAGEN 2026,Denmark 🇩🇰,2026,Female,ATHX,Endurance,,,,2.112KM,1.95KM
116,Amalie,Lundholt,Amalie Lundholt,Female,,,https://ui-avatars.com/api/?name=A+L&color=FFFFFF&background=000000,ATHX COPENHAGEN 2026,Denmark 🇩🇰,2026,Female,ATHX,Endurance,,,,2.25KM,1.81KM
117,Lisa,Greppi,Lisa Greppi,Female,Italy,PhysicAll,https://ui-avatars.com/api/?name=L+G&color=FFFFFF&background=000000,ATHX COPENHAGEN 2026,Denmark 🇩🇰,2026,Female,ATHX,Endurance,,,,1.634KM,2.419KM
118,Lea,Molsted,Lea Molsted,Female,Denmark,,https://ui-avatars.com/api/?name=L+M&color=FFFFFF&background=000000,ATHX COPENHAGEN 2026,Denmark 🇩🇰,2026,Female,ATHX,Endurance,,,,2.198KM,1.852KM
119,Claudia,Luscombe-Whyte,Claudia Luscombe-Whyte,Female,,,https://ui-avatars.com/api/?name=C+L&color=FFFFFF&background=000000,ATHX COPENHAGEN 2026,Denmark 🇩🇰,2026,Female,ATHX,Endurance,,,,1.5KM,2.546KM
120,Salma,MAHDOUB,Salma MAHDOUB,Female,,,https://ui-avatars.com/api/?name=S+M&color=FFFFFF&background=000000,ATHX COPENHAGEN 2026,Denmark 🇩🇰,2026,Female,ATHX,Endurance,,,,1.535KM,2.507KM
121,Steph,Hannen,Steph Hannen,Female,,,https://ui-avatars.com/api/?name=S+H&color=FFFFFF&background=000000,ATHX COPENHAGEN 2026,Denmark 🇩🇰,2026,Female,ATHX,Endurance,,,,1.5KM,2.535KM
122,Thiefaine,Bernard,Thiefaine Bernard,Female,,,https://ui-avatars.com/api/?name=T+B&color=FFFFFF&background=000000,ATHX COPENHAGEN 2026,Denmark 🇩🇰,2026,Female,ATHX,Endurance,,,,1.713KM,2.313KM
123,Bex,Minchin-Hepburn,Bex Minchin-Hepburn,Female,United Kingdom,,https://ui-avatars.com/api/?name=B+M&color=FFFFFF&background=000000,ATHX COPENHAGEN 2026,Denmark 🇩🇰,2026,Female,ATHX,Endurance,,,,1.946KM,2.079KM
124,Cecilie,Dahl-wrønding,Cecilie Dahl-wrønding,Female,,,https://ui-avatars.com/api/?name=C+D&color=FFFFFF&background=000000,ATHX COPENHAGEN 2026,Denmark 🇩🇰,2026,Female,ATHX,Endurance,,,,1.874KM,2.137KM
125,Sara,Malm,Sara Malm,Female,,,https://ui-avatars.com/api/?name=S+M&color=FFFFFF&background=000000,ATHX COPENHAGEN 2026,Denmark 🇩🇰,2026,Female,ATHX,Endurance,,,,1.978KM,2.027KM
126,Anja,Dyrholm,Anja Dyrholm,Female,,,https://athxgames.com/storage/profile-photos/d09CZ4k5Rgh9uRXnp4fu77CylucObsf4TusWr4YT.jpg,ATHX COPENHAGEN 2026,Denmark 🇩🇰,2026,Female,ATHX,Endurance,,,,1.656KM,2.345KM
127,Sabine,Aahøj,Sabine Aahøj,Female,,,https://ui-avatars.com/api/?name=S+A&color=FFFFFF&background=000000,ATHX COPENHAGEN 2026,Denmark 🇩🇰,2026,Female,ATHX,Endurance,,,,2.192KM,1.805KM
128,Sofia,Nilsson,Sofia Nilsson,Female,Sweden,,https://ui-avatars.com/api/?name=S+N&color=FFFFFF&background=000000,ATHX COPENHAGEN 2026,Denmark 🇩🇰,2026,Female,ATHX,Endurance,,,,2.25KM,1.745KM
129,Gilda,Trapani,Gilda Trapani,Female,,,https://ui-avatars.com/api/?name=G+T&color=FFFFFF&background=000000,ATHX COPENHAGEN 2026,Denmark 🇩🇰,2026,Female,ATHX,Endurance,,,,1.778KM,2.215KM
130,Lucy,Dickinson,Lucy Dickinson,Female,,,https://ui-avatars.com/api/?name=L+D&color=FFFFFF&background=000000,ATHX COPENHAGEN 2026,Denmark 🇩🇰,2026,Female,ATHX,Endurance,,,,1.5KM,2.483KM
131,Lenna,Heinrichs,Lenna Heinrichs,Female,,,https://ui-avatars.com/api/?name=L+H&color=FFFFFF&background=000000,ATHX COPENHAGEN 2026,Denmark 🇩🇰,2026,Female,ATHX,Endurance,,,,1.795KM,2.185KM
132,Britta,Hirschauer,Britta Hirschauer,Female,,,https://ui-avatars.com/api/?name=B+H&color=FFFFFF&background=000000,ATHX COPENHAGEN 2026,Denmark 🇩🇰,2026,Female,ATHX,Endurance,,,,1.972KM,2.002KM
133,Julie,Bygholm,Julie Bygholm,Female,,,https://ui-avatars.com/api/?name=J+B&color=FFFFFF&background=000000,ATHX COPENHAGEN 2026,Denmark 🇩🇰,2026,Female,ATHX,Endurance,,,,1.5KM,2.466KM
134,Lise Ahm,Jensen,Lise Ahm Jensen,Female,,,https://ui-avatars.com/api/?name=L+A+J&color=FFFFFF&background=000000,ATHX COPENHAGEN 2026,Denmark 🇩🇰,2026,Female,ATHX,Endurance,,,,1.898KM,2.067KM
135,Anja,Kindtler,Anja Kindtler,Female,Denmark,#TeamTrineudeninsta,https://ui-avatars.com/api/?name=A+K&color=FFFFFF&background=000000,ATHX COPENHAGEN 2026,Denmark 🇩🇰,2026,Female,ATHX,Endurance,,,,1.5KM,2.457KM
136,Mette,Lundbech Frydkjær,Mette Lundbech Frydkjær,Female,,,https://ui-avatars.com/api/?name=M+L+F&color=FFFFFF&background=000000,ATHX COPENHAGEN 2026,Denmark 🇩🇰,2026,Female,ATHX,Endurance,,,,1.855KM,2.099KM
137,Hannah,Peyton,Hannah Peyton,Female,,,https://ui-avatars.com/api/?name=H+P&color=FFFFFF&background=000000,ATHX COPENHAGEN 2026,Denmark 🇩🇰,2026,Female,ATHX,Endurance,,,,1.5KM,2.449KM
138,Benedetta,Puca,Benedetta Puca,Female,,,https://ui-avatars.com/api/?name=B+P&color=FFFFFF&background=000000,ATHX COPENHAGEN 2026,Denmark 🇩🇰,2026,Female,ATHX,Endurance,,,,2.25KM,1.692KM
139,Corinne,Nussbaumer,Corinne Nussbaumer,Female,,,https://ui-avatars.com/api/?name=C+N&color=FFFFFF&background=000000,ATHX COPENHAGEN 2026,Denmark 🇩🇰,2026,Female,ATHX,Endurance,,,,1.5KM,2.437KM
140,Natalia Brungaard,Kanstrup,Natalia Brungaard Kanstrup,Female,,,https://ui-avatars.com/api/?name=N+B+K&color=FFFFFF&background=000000,ATHX COPENHAGEN 2026,Denmark 🇩🇰,2026,Female,ATHX,Endurance,,,,1.538KM,2.377KM
141,Gaia,Mannarella,Gaia Mannarella,Female,,,https://ui-avatars.com/api/?name=G+M&color=FFFFFF&background=000000,ATHX COPENHAGEN 2026,Denmark 🇩🇰,2026,Female,ATHX,Endurance,,,,2.25KM,1.661KM
142,Selma,Bodvarsdottir,Selma Bodvarsdottir,Female,,,https://ui-avatars.com/api/?name=S+B&color=FFFFFF&background=000000,ATHX COPENHAGEN 2026,Denmark 🇩🇰,2026,Female,ATHX,Endurance,,,,1.5KM,2.399KM
143,Line,Husman,Line Husman,Female,Denmark,,https://ui-avatars.com/api/?name=L+H&color=FFFFFF&background=000000,ATHX COPENHAGEN 2026,Denmark 🇩🇰,2026,Female,ATHX,Endurance,,,,1.83KM,2.067KM
143,Sharon,Nalweyiso,Sharon Nalweyiso,Female,Denmark,,https://ui-avatars.com/api/?name=S+N&color=FFFFFF&background=000000,ATHX COPENHAGEN 2026,Denmark 🇩🇰,2026,Female,ATHX,Endurance,,,,2.076KM,1.821KM
143,Lisa-Sophia,Zöllner,Lisa-Sophia Zöllner,Female,Germany,,https://ui-avatars.com/api/?name=L+Z&color=FFFFFF&background=000000,ATHX COPENHAGEN 2026,Denmark 🇩🇰,2026,Female,ATHX,Endurance,,,,1.5KM,2.397KM
146,Chiara,Menegatti,Chiara Menegatti,Female,,,https://ui-avatars.com/api/?name=C+M&color=FFFFFF&background=000000,ATHX COPENHAGEN 2026,Denmark 🇩🇰,2026,Female,ATHX,Endurance,,,,1.5KM,2.391KM
147,Lise,Hemmingsen,Lise Hemmingsen,Female,,,https://ui-avatars.com/api/?name=L+H&color=FFFFFF&background=000000,ATHX COPENHAGEN 2026,Denmark 🇩🇰,2026,Female,ATHX,Endurance,,,,1.5KM,2.384KM
148,Astrid,Nielsen,Astrid Nielsen,Female,,,https://ui-avatars.com/api/?name=A+N&color=FFFFFF&background=000000,ATHX COPENHAGEN 2026,Denmark 🇩🇰,2026,Female,ATHX,Endurance,,,,1.5KM,2.379KM
149,Sofie,Engell,Sofie Engell,Female,,,https://ui-avatars.com/api/?name=S+E&color=FFFFFF&background=000000,ATHX COPENHAGEN 2026,Denmark 🇩🇰,2026,Female,ATHX,Endurance,,,,1.5KM,2.353KM
150,Sara Juul,Damgaard,Sara Juul Damgaard,Female,,,https://ui-avatars.com/api/?name=S+J+D&color=FFFFFF&background=000000,ATHX COPENHAGEN 2026,Denmark 🇩🇰,2026,Female,ATHX,Endurance,,,,1.5KM,2.35KM
151,Tanja,Böttcher,Tanja Böttcher,Female,,,https://ui-avatars.com/api/?name=T+B&color=FFFFFF&background=000000,ATHX COPENHAGEN 2026,Denmark 🇩🇰,2026,Female,ATHX,Endurance,,,,1.5KM,2.349KM
152,Charlotte,Krøijer Hansen,Charlotte Krøijer Hansen,Female,Denmark,Unity,https://ui-avatars.com/api/?name=C+K+H&color=FFFFFF&background=000000,ATHX COPENHAGEN 2026,Denmark 🇩🇰,2026,Female,ATHX,Endurance,,,,1.5KM,2.348KM
153,Maria,Standal,Maria Standal,Female,,The Sand Box,https://ui-avatars.com/api/?name=M+S&color=FFFFFF&background=000000,ATHX COPENHAGEN 2026,Denmark 🇩🇰,2026,Female,ATHX,Endurance,,,,1.5KM,2.335KM
154,Maria,Echeverry,Maria Echeverry,Female,,,https://ui-avatars.com/api/?name=M+E&color=FFFFFF&background=000000,ATHX COPENHAGEN 2026,Denmark 🇩🇰,2026,Female,ATHX,Endurance,,,,2.125KM,1.698KM
155,Sonia,Serafini,Sonia Serafini,Female,Italy,,https://ui-avatars.com/api/?name=S+S&color=FFFFFF&background=000000,ATHX COPENHAGEN 2026,Denmark 🇩🇰,2026,Female,ATHX,Endurance,,,,1.5KM,2.311KM
156,Jo-Ann,Duus-Lund,Jo-Ann Duus-Lund,Female,,,https://ui-avatars.com/api/?name=J+D&color=FFFFFF&background=000000,ATHX COPENHAGEN 2026,Denmark 🇩🇰,2026,Female,ATHX,Endurance,,,,1.5KM,2.308KM
157,Trine,Knigge,Trine Knigge,Female,,,https://ui-avatars.com/api/?name=T+K&color=FFFFFF&background=000000,ATHX COPENHAGEN 2026,Denmark 🇩🇰,2026,Female,ATHX,Endurance,,,,1.879KM,1.923KM
158,Anette-Marie,Arula,Anette-Marie Arula,Female,Estonia,,https://athxgames.com/storage/profile-photos/7u0J8aXR7u84B9661Q1bTxgYArwR2tRue1p2THZx.jpg,ATHX COPENHAGEN 2026,Denmark 🇩🇰,2026,Female,ATHX,Endurance,,,,1.973KM,1.804KM
159,Giulia Maria,Sangiorgi,Giulia Maria Sangiorgi,Female,,,https://ui-avatars.com/api/?name=G+M+S&color=FFFFFF&background=000000,ATHX COPENHAGEN 2026,Denmark 🇩🇰,2026,Female,ATHX,Endurance,,,,1.5KM,2.238KM
160,Ditte,Holm,Ditte Holm,Female,,,https://ui-avatars.com/api/?name=D+H&color=FFFFFF&background=000000,ATHX COPENHAGEN 2026,Denmark 🇩🇰,2026,Female,ATHX,Endurance,,,,1.547KM,2.156KM
161,Emilie,Madsen,Emilie Madsen,Female,,Styrke H,https://ui-avatars.com/api/?name=E+M&color=FFFFFF&background=000000,ATHX COPENHAGEN 2026,Denmark 🇩🇰,2026,Female,ATHX,Endurance,,,,1.5KM,2.187KM
162,Maja,Westerlind,Maja Westerlind,Female,,,https://ui-avatars.com/api/?name=M+W&color=FFFFFF&background=000000,ATHX COPENHAGEN 2026,Denmark 🇩🇰,2026,Female,ATHX,Endurance,,,,1.897KM,1.785KM
163,Jill,Blaha,Jill Blaha,Female,,,https://ui-avatars.com/api/?name=J+B&color=FFFFFF&background=000000,ATHX COPENHAGEN 2026,Denmark 🇩🇰,2026,Female,ATHX,Endurance,,,,1.888KM,1.791KM
164,Daisy,Taylor,Daisy Taylor,Female,,,https://ui-avatars.com/api/?name=D+T&color=FFFFFF&background=000000,ATHX COPENHAGEN 2026,Denmark 🇩🇰,2026,Female,ATHX,Endurance,,,,1.922KM,1.705KM
165,Miriam,Nicchi,Miriam Nicchi,Female,Italy,,https://ui-avatars.com/api/?name=M+N&color=FFFFFF&background=000000,ATHX COPENHAGEN 2026,Denmark 🇩🇰,2026,Female,ATHX,Endurance,,,,1.5KM,2.119KM
166,Katarina ,Leger,Katarina  Leger,Female,,,https://ui-avatars.com/api/?name=K++L&color=FFFFFF&background=000000,ATHX COPENHAGEN 2026,Denmark 🇩🇰,2026,Female,ATHX,Endurance,,,,2.25KM,1.356KM
167,caroline,aae-hartwig,caroline aae-hartwig,Female,,,https://ui-avatars.com/api/?name=c+a&color=FFFFFF&background=000000,ATHX COPENHAGEN 2026,Denmark 🇩🇰,2026,Female,ATHX,Endurance,,,,1.642KM,1.9KM
168,Camilla,Christensen,Camilla Christensen,Female,,,https://ui-avatars.com/api/?name=C+C&color=FFFFFF&background=000000,ATHX COPENHAGEN 2026,Denmark 🇩🇰,2026,Female,ATHX,Endurance,,,,1.558KM,1.935KM
169,Maria,Robenhagen Jensen,Maria Robenhagen Jensen,Female,,,https://ui-avatars.com/api/?name=M+R+J&color=FFFFFF&background=000000,ATHX COPENHAGEN 2026,Denmark 🇩🇰,2026,Female,ATHX,Endurance,,,,1.357KM,2.126KM
170,Hiam,Ata abdelghani,Hiam Ata abdelghani,Female,,,https://ui-avatars.com/api/?name=H+A+a&color=FFFFFF&background=000000,ATHX COPENHAGEN 2026,Denmark 🇩🇰,2026,Female,ATHX,Endurance,,,,1.5KM,1.939KM
171,Henriette,Berg,Henriette Berg,Female,,Gladsaxe Crossfit,https://ui-avatars.com/api/?name=H+B&color=FFFFFF&background=000000,ATHX COPENHAGEN 2026,Denmark 🇩🇰,2026,Female,ATHX,Endurance,,,,1.5KM,1.914KM
172,Maria,Gonzalez,Maria Gonzalez,Female,,,https://ui-avatars.com/api/?name=M+G&color=FFFFFF&background=000000,ATHX COPENHAGEN 2026,Denmark 🇩🇰,2026,Female,ATHX,Endurance,,,,1.75KM,1.454KM
173,Devi,Patel,Devi Patel,Female,,,https://ui-avatars.com/api/?name=D+P&color=FFFFFF&background=000000,ATHX COPENHAGEN 2026,Denmark 🇩🇰,2026,Female,ATHX,Endurance,,,,1.5KM,1.46KM
174,Rachael,Tindall,Rachael Tindall,Female,,,https://athxgames.com/storage/profile-photos/Flr38ZGnaXS6R7mkIOhaLOFWUHK4T0xTQwI0d46z.jpg,ATHX COPENHAGEN 2026,Denmark 🇩🇰,2026,Female,ATHX,Endurance,,,,0.75KM,1.659KM
1,Jack,Waters,Jack Waters,Male,,,https://ui-avatars.com/api/?name=J+W&color=FFFFFF&background=000000,ATHX COPENHAGEN 2026,Denmark 🇩🇰,2026,Male,ATHX,Endurance,,,,2.25KM,3.453KM
2,Calum,Upton,Calum Upton,Male,,,https://ui-avatars.com/api/?name=C+U&color=FFFFFF&background=000000,ATHX COPENHAGEN 2026,Denmark 🇩🇰,2026,Male,ATHX,Endurance,,,,1.5KM,4.055KM
3,Luca,Cavicchiolo,Luca Cavicchiolo,Male,,,https://ui-avatars.com/api/?name=L+C&color=FFFFFF&background=000000,ATHX COPENHAGEN 2026,Denmark 🇩🇰,2026,Male,ATHX,Endurance,,,,1.5KM,4.026KM
4,Jacob,Mikkelsen,Jacob Mikkelsen,Male,Denmark,Unity,https://athxgames.com/storage/profile-photos/nwN0MhCkPQ91404EL7CZjfRJJ203L0oX8xksnKCq.jpg,ATHX COPENHAGEN 2026,Denmark 🇩🇰,2026,Male,ATHX,Endurance,,,,2.25KM,3.268KM
5,Fillip,Mortensen,Fillip Mortensen,Male,,,https://ui-avatars.com/api/?name=F+M&color=FFFFFF&background=000000,ATHX COPENHAGEN 2026,Denmark 🇩🇰,2026,Male,ATHX,Endurance,,,,2.25KM,3.087KM
6,Ewan,Stewart,Ewan Stewart,Male,United Kingdom,ARC Athletics Club,https://ui-avatars.com/api/?name=E+S&color=FFFFFF&background=000000,ATHX COPENHAGEN 2026,Denmark 🇩🇰,2026,Male,ATHX,Endurance,,,,2.25KM,3.027KM
7,Theis,Johannessen,Theis Johannessen,Male,,,https://ui-avatars.com/api/?name=T+J&color=FFFFFF&background=000000,ATHX COPENHAGEN 2026,Denmark 🇩🇰,2026,Male,ATHX,Endurance,,,,2.25KM,3.019KM
8,Peter,Jensen,Peter Jensen,Male,,,https://ui-avatars.com/api/?name=P+J&color=FFFFFF&background=000000,ATHX COPENHAGEN 2026,Denmark 🇩🇰,2026,Male,ATHX,Endurance,,,,1.841KM,3.409KM
9,Andre,Dirks,Andre Dirks,Male,Germany,Functional Fitness Hundsmühlen,https://ui-avatars.com/api/?name=A+D&color=FFFFFF&background=000000,ATHX COPENHAGEN 2026,Denmark 🇩🇰,2026,Male,ATHX,Endurance,,,,2.25KM,2.981KM
10,Callum,Alcroft,Callum Alcroft,Male,,,https://ui-avatars.com/api/?name=C+A&color=FFFFFF&background=000000,ATHX COPENHAGEN 2026,Denmark 🇩🇰,2026,Male,ATHX,Endurance,,,,1.847KM,3.357KM
11,Dave,Lovelock,Dave Lovelock,Male,,,https://ui-avatars.com/api/?name=D+L&color=FFFFFF&background=000000,ATHX COPENHAGEN 2026,Denmark 🇩🇰,2026,Male,ATHX,Endurance,,,,2.25KM,2.942KM
12,Marco,Bents,Marco Bents,Male,,,https://ui-avatars.com/api/?name=M+B&color=FFFFFF&background=000000,ATHX COPENHAGEN 2026,Denmark 🇩🇰,2026,Male,ATHX,Endurance,,,,2.25KM,2.936KM
13,Anton,Stålhandske,Anton Stålhandske,Male,,,https://ui-avatars.com/api/?name=A+S&color=FFFFFF&background=000000,ATHX COPENHAGEN 2026,Denmark 🇩🇰,2026,Male,ATHX,Endurance,,,,1.5KM,3.681KM
14,Dino,Karaman,Dino Karaman,Male,Croatia,,https://ui-avatars.com/api/?name=D+K&color=FFFFFF&background=000000,ATHX COPENHAGEN 2026,Denmark 🇩🇰,2026,Male,ATHX,Endurance,,,,2.25KM,2.927KM
15,Patiu,Rabiu,Patiu Rabiu,Male,,,https://ui-avatars.com/api/?name=P+R&color=FFFFFF&background=000000,ATHX COPENHAGEN 2026,Denmark 🇩🇰,2026,Male,ATHX,Endurance,,,,2.25KM,2.918KM
16,Michael,Ricatto,Michael Ricatto,Male,,,https://ui-avatars.com/api/?name=M+R&color=FFFFFF&background=000000,ATHX COPENHAGEN 2026,Denmark 🇩🇰,2026,Male,ATHX,Endurance,,,,2.25KM,2.915KM
17,davide,aldrigo,davide aldrigo,Male,,,https://athxgames.com/storage/profile-photos/h1UZJKhSkgCMkNpfBnAGPpxIY3wpkJaBEnS45cO7.png,ATHX COPENHAGEN 2026,Denmark 🇩🇰,2026,Male,ATHX,Endurance,,,,2.25KM,2.907KM
18,Florian,Kowalczyk,Florian Kowalczyk,Male,,,https://ui-avatars.com/api/?name=F+K&color=FFFFFF&background=000000,ATHX COPENHAGEN 2026,Denmark 🇩🇰,2026,Male,ATHX,Endurance,,,,2.69KM,2.464KM
19,Oliver,Toft Andersen,Oliver Toft Andersen,Male,,,https://ui-avatars.com/api/?name=O+T+A&color=FFFFFF&background=000000,ATHX COPENHAGEN 2026,Denmark 🇩🇰,2026,Male,ATHX,Endurance,,,,1.663KM,3.489KM
19,Thomas,Assoignon,Thomas Assoignon,Male,,,https://ui-avatars.com/api/?name=T+A&color=FFFFFF&background=000000,ATHX COPENHAGEN 2026,Denmark 🇩🇰,2026,Male,ATHX,Endurance,,,,2.25KM,2.902KM
21,Alex,Murphy,Alex Murphy,Male,,,https://ui-avatars.com/api/?name=A+M&color=FFFFFF&background=000000,ATHX COPENHAGEN 2026,Denmark 🇩🇰,2026,Male,ATHX,Endurance,,,,2.25KM,2.899KM
22,Peter,Blaha,Peter Blaha,Male,,,https://ui-avatars.com/api/?name=P+B&color=FFFFFF&background=000000,ATHX COPENHAGEN 2026,Denmark 🇩🇰,2026,Male,ATHX,Endurance,,,,1.5KM,3.648KM
23,daniel,pedersen,daniel pedersen,Male,Denmark,,https://ui-avatars.com/api/?name=d+p&color=FFFFFF&background=000000,ATHX COPENHAGEN 2026,Denmark 🇩🇰,2026,Male,ATHX,Endurance,,,,1.5KM,3.647KM
24,Rasmus,Tangvig,Rasmus Tangvig,Male,,,https://ui-avatars.com/api/?name=R+T&color=FFFFFF&background=000000,ATHX COPENHAGEN 2026,Denmark 🇩🇰,2026,Male,ATHX,Endurance,,,,2.25KM,2.895KM
25,Péter,Alács,Péter Alács,Male,,,https://ui-avatars.com/api/?name=P+A&color=FFFFFF&background=000000,ATHX COPENHAGEN 2026,Denmark 🇩🇰,2026,Male,ATHX,Endurance,,,,2KM,3.144KM
26,Hélian,Prats,Hélian Prats,Male,,,https://ui-avatars.com/api/?name=H+P&color=FFFFFF&background=000000,ATHX COPENHAGEN 2026,Denmark 🇩🇰,2026,Male,ATHX,Endurance,,,,2.543KM,2.592KM
27,Adrien,Gomez,Adrien Gomez,Male,,,https://ui-avatars.com/api/?name=A+G&color=FFFFFF&background=000000,ATHX COPENHAGEN 2026,Denmark 🇩🇰,2026,Male,ATHX,Endurance,,,,2.25KM,2.86KM
28,Jesper Skov,Christensen,Jesper Skov Christensen,Male,,,https://ui-avatars.com/api/?name=J+S+C&color=FFFFFF&background=000000,ATHX COPENHAGEN 2026,Denmark 🇩🇰,2026,Male,ATHX,Endurance,,,,2.25KM,2.852KM
29,Ross,Mark,Ross Mark,Male,,,https://ui-avatars.com/api/?name=R+M&color=FFFFFF&background=000000,ATHX COPENHAGEN 2026,Denmark 🇩🇰,2026,Male,ATHX,Endurance,,,,2.25KM,2.843KM
30,Victor,Thorendal,Victor Thorendal,Male,,,https://ui-avatars.com/api/?name=V+T&color=FFFFFF&background=000000,ATHX COPENHAGEN 2026,Denmark 🇩🇰,2026,Male,ATHX,Endurance,,,,1.951KM,3.138KM
31,Lars,Dettenkofer,Lars Dettenkofer,Male,,,https://ui-avatars.com/api/?name=L+D&color=FFFFFF&background=000000,ATHX COPENHAGEN 2026,Denmark 🇩🇰,2026,Male,ATHX,Endurance,,,,2.25KM,2.828KM
32,Jacob,Overgaard,Jacob Overgaard,Male,,,https://ui-avatars.com/api/?name=J+O&color=FFFFFF&background=000000,ATHX COPENHAGEN 2026,Denmark 🇩🇰,2026,Male,ATHX,Endurance,,,,2.25KM,2.821KM
33,Callum,Wilson,Callum Wilson,Male,Australia,ZONE21 HEALTH AND PERFORMANCE LAB,https://ui-avatars.com/api/?name=C+W&color=FFFFFF&background=000000,ATHX COPENHAGEN 2026,Denmark 🇩🇰,2026,Male,ATHX,Endurance,,,,2.25KM,2.808KM
34,Pearu-Paul,Piperal,Pearu-Paul Piperal,Male,,,https://ui-avatars.com/api/?name=P+P&color=FFFFFF&background=000000,ATHX COPENHAGEN 2026,Denmark 🇩🇰,2026,Male,ATHX,Endurance,,,,1.5KM,3.552KM
35,Nicky,Andersen,Nicky Andersen,Male,,,https://ui-avatars.com/api/?name=N+A&color=FFFFFF&background=000000,ATHX COPENHAGEN 2026,Denmark 🇩🇰,2026,Male,ATHX,Endurance,,,,1.5KM,3.538KM
36,Nicolai,Rossen,Nicolai Rossen,Male,,,https://ui-avatars.com/api/?name=N+R&color=FFFFFF&background=000000,ATHX COPENHAGEN 2026,Denmark 🇩🇰,2026,Male,ATHX,Endurance,,,,1.655KM,3.366KM
37,Konstantin,Knobloch,Konstantin Knobloch,Male,,,https://ui-avatars.com/api/?name=K+K&color=FFFFFF&background=000000,ATHX COPENHAGEN 2026,Denmark 🇩🇰,2026,Male,ATHX,Endurance,,,,1.53KM,3.478KM
38,Dario,Miraglia,Dario Miraglia,Male,,HYBRID CULTURE,https://ui-avatars.com/api/?name=D+M&color=FFFFFF&background=000000,ATHX COPENHAGEN 2026,Denmark 🇩🇰,2026,Male,ATHX,Endurance,,,,2.25KM,2.75KM
38,Robin,Eidtmann,Robin Eidtmann,Male,,,https://ui-avatars.com/api/?name=R+E&color=FFFFFF&background=000000,ATHX COPENHAGEN 2026,Denmark 🇩🇰,2026,Male,ATHX,Endurance,,,,1.758KM,3.242KM
40,Karl Mihkel,Seenmaa,Karl Mihkel Seenmaa,Male,Estonia,,https://ui-avatars.com/api/?name=K+M+S&color=FFFFFF&background=000000,ATHX COPENHAGEN 2026,Denmark 🇩🇰,2026,Male,ATHX,Endurance,,,,1.517KM,3.472KM
41,Peter,Jonas,Peter Jonas,Male,,,https://ui-avatars.com/api/?name=P+J&color=FFFFFF&background=000000,ATHX COPENHAGEN 2026,Denmark 🇩🇰,2026,Male,ATHX,Endurance,,,,1.538KM,3.434KM
42,Anton,SARIEV,Anton SARIEV,Male,,,https://ui-avatars.com/api/?name=A+S&color=FFFFFF&background=000000,ATHX COPENHAGEN 2026,Denmark 🇩🇰,2026,Male,ATHX,Endurance,,,,1.963KM,3.005KM
43,Thomas,Frøsig Larsen,Thomas Frøsig Larsen,Male,,,https://ui-avatars.com/api/?name=T+F+L&color=FFFFFF&background=000000,ATHX COPENHAGEN 2026,Denmark 🇩🇰,2026,Male,ATHX,Endurance,,,,1.75KM,3.216KM
43,Jihad,Watt,Jihad Watt,Male,,,https://ui-avatars.com/api/?name=J+W&color=FFFFFF&background=000000,ATHX COPENHAGEN 2026,Denmark 🇩🇰,2026,Male,ATHX,Endurance,,,,1.628KM,3.338KM
45,Steffen,Andersen,Steffen Andersen,Male,,,https://ui-avatars.com/api/?name=S+A&color=FFFFFF&background=000000,ATHX COPENHAGEN 2026,Denmark 🇩🇰,2026,Male,ATHX,Endurance,,,,2.25KM,2.712KM
46,Niklas,Nielsen,Niklas Nielsen,Male,,,https://ui-avatars.com/api/?name=N+N&color=FFFFFF&background=000000,ATHX COPENHAGEN 2026,Denmark 🇩🇰,2026,Male,ATHX,Endurance,,,,2.25KM,2.71KM
47,Piotr,Kaczor,Piotr Kaczor,Male,Poland,Crossfit Wola & Against Yourself,https://ui-avatars.com/api/?name=P+K&color=FFFFFF&background=000000,ATHX COPENHAGEN 2026,Denmark 🇩🇰,2026,Male,ATHX,Endurance,,,,2.25KM,2.709KM
48,Edvardas,Kazragis,Edvardas Kazragis,Male,,,https://ui-avatars.com/api/?name=E+K&color=FFFFFF&background=000000,ATHX COPENHAGEN 2026,Denmark 🇩🇰,2026,Male,ATHX,Endurance,,,,2.018KM,2.924KM
49,Niklas Faaborg,Andersen,Niklas Faaborg Andersen,Male,,,https://ui-avatars.com/api/?name=N+F+A&color=FFFFFF&background=000000,ATHX COPENHAGEN 2026,Denmark 🇩🇰,2026,Male,ATHX,Endurance,,,,2.213KM,2.728KM
50,Sam,Baza,Sam Baza,Male,,,https://athxgames.com/storage/profile-photos/k7put3FbWXBawoKcl8IcPuXCawsqyWLIuBUWMC4e.jpg,ATHX COPENHAGEN 2026,Denmark 🇩🇰,2026,Male,ATHX,Endurance,,,,2.25KM,2.679KM
51,Mikkel,Dysted,Mikkel Dysted,Male,,,https://ui-avatars.com/api/?name=M+D&color=FFFFFF&background=000000,ATHX COPENHAGEN 2026,Denmark 🇩🇰,2026,Male,ATHX,Endurance,,,,2.25KM,2.676KM
52,Lewis,long,Lewis long,Male,,,https://ui-avatars.com/api/?name=L+l&color=FFFFFF&background=000000,ATHX COPENHAGEN 2026,Denmark 🇩🇰,2026,Male,ATHX,Endurance,,,,2.25KM,2.67KM
53,Daniel,Berg,Daniel Berg,Male,,,https://ui-avatars.com/api/?name=D+B&color=FFFFFF&background=000000,ATHX COPENHAGEN 2026,Denmark 🇩🇰,2026,Male,ATHX,Endurance,,,,2.138KM,2.773KM
54,Jan,Schoch,Jan Schoch,Male,,,https://ui-avatars.com/api/?name=J+S&color=FFFFFF&background=000000,ATHX COPENHAGEN 2026,Denmark 🇩🇰,2026,Male,ATHX,Endurance,,,,2.25KM,2.658KM
55,Emil,Westerlind,Emil Westerlind,Male,Sweden,Boxen bigsmile,https://ui-avatars.com/api/?name=E+W&color=FFFFFF&background=000000,ATHX COPENHAGEN 2026,Denmark 🇩🇰,2026,Male,ATHX,Endurance,,,,1.5KM,3.406KM
56,Omar,Baritello,Omar Baritello,Male,Italy,3 ZONE TRAINING - FUNCTIONAL GYM POTSDAM,https://ui-avatars.com/api/?name=O+B&color=FFFFFF&background=000000,ATHX COPENHAGEN 2026,Denmark 🇩🇰,2026,Male,ATHX,Endurance,,,,2.25KM,2.654KM
57,Lucas,Kjærgaard,Lucas Kjærgaard,Male,Denmark,,https://ui-avatars.com/api/?name=L+K&color=FFFFFF&background=000000,ATHX COPENHAGEN 2026,Denmark 🇩🇰,2026,Male,ATHX,Endurance,,,,2.25KM,2.651KM
58,Mathias ,Guss,Mathias  Guss,Male,,,https://ui-avatars.com/api/?name=M++G&color=FFFFFF&background=000000,ATHX COPENHAGEN 2026,Denmark 🇩🇰,2026,Male,ATHX,Endurance,,,,1.647KM,3.246KM
59,Morten,dahl,Morten dahl,Male,,,https://ui-avatars.com/api/?name=M+d&color=FFFFFF&background=000000,ATHX COPENHAGEN 2026,Denmark 🇩🇰,2026,Male,ATHX,Endurance,,,,2.25KM,2.626KM
60,Tyler,Alexander,Tyler Alexander,Male,,,https://ui-avatars.com/api/?name=T+A&color=FFFFFF&background=000000,ATHX COPENHAGEN 2026,Denmark 🇩🇰,2026,Male,ATHX,Endurance,,,,1.5KM,3.375KM
60,Jonas,Wachmann Seelhorst,Jonas Wachmann Seelhorst,Male,,,https://ui-avatars.com/api/?name=J+W+S&color=FFFFFF&background=000000,ATHX COPENHAGEN 2026,Denmark 🇩🇰,2026,Male,ATHX,Endurance,,,,2.75KM,2.125KM
62,William,Shepherd,William Shepherd,Male,,,https://ui-avatars.com/api/?name=W+S&color=FFFFFF&background=000000,ATHX COPENHAGEN 2026,Denmark 🇩🇰,2026,Male,ATHX,Endurance,,,,1.863KM,2.996KM
62,Thilo,Kristen,Thilo Kristen,Male,,,https://ui-avatars.com/api/?name=T+K&color=FFFFFF&background=000000,ATHX COPENHAGEN 2026,Denmark 🇩🇰,2026,Male,ATHX,Endurance,,,,2.25KM,2.609KM
64,Leonardo,Pinto,Leonardo Pinto,Male,,,https://ui-avatars.com/api/?name=L+P&color=FFFFFF&background=000000,ATHX COPENHAGEN 2026,Denmark 🇩🇰,2026,Male,ATHX,Endurance,,,,1.5KM,3.355KM
65,Thomas,Korsgård Lund,Thomas Korsgård Lund,Male,,,https://ui-avatars.com/api/?name=T+K+L&color=FFFFFF&background=000000,ATHX COPENHAGEN 2026,Denmark 🇩🇰,2026,Male,ATHX,Endurance,,,,1.5KM,3.354KM
66,Seb,Boak-Smart,Seb Boak-Smart,Male,,,https://ui-avatars.com/api/?name=S+B&color=FFFFFF&background=000000,ATHX COPENHAGEN 2026,Denmark 🇩🇰,2026,Male,ATHX,Endurance,,,,2.25KM,2.6KM
67,Christian,Rath,Christian Rath,Male,Denmark,The sanbox,https://ui-avatars.com/api/?name=C+R&color=FFFFFF&background=000000,ATHX COPENHAGEN 2026,Denmark 🇩🇰,2026,Male,ATHX,Endurance,,,,2.239KM,2.606KM
68,Casper,Gregers,Casper Gregers,Male,,,https://ui-avatars.com/api/?name=C+G&color=FFFFFF&background=000000,ATHX COPENHAGEN 2026,Denmark 🇩🇰,2026,Male,ATHX,Endurance,,,,1.834KM,3.009KM
68,Johan,Flobecker,Johan Flobecker,Male,,,https://ui-avatars.com/api/?name=J+F&color=FFFFFF&background=000000,ATHX COPENHAGEN 2026,Denmark 🇩🇰,2026,Male,ATHX,Endurance,,,,2.25KM,2.593KM
70,Jonas,Wiberg,Jonas Wiberg,Male,Sweden,,https://ui-avatars.com/api/?name=J+W&color=FFFFFF&background=000000,ATHX COPENHAGEN 2026,Denmark 🇩🇰,2026,Male,ATHX,Endurance,,,,1.5KM,3.324KM
71,Eric Nicolas,Hofschulte,Eric Nicolas Hofschulte,Male,,,https://ui-avatars.com/api/?name=E+N+H&color=FFFFFF&background=000000,ATHX COPENHAGEN 2026,Denmark 🇩🇰,2026,Male,ATHX,Endurance,,,,2.25KM,2.569KM
72,Nikolaj,Reibke,Nikolaj Reibke,Male,Denmark,Butchers Lab,https://ui-avatars.com/api/?name=N+R&color=FFFFFF&background=000000,ATHX COPENHAGEN 2026,Denmark 🇩🇰,2026,Male,ATHX,Endurance,,,,1.5KM,3.318KM
73,Thomas,Holtveg,Thomas Holtveg,Male,,,https://ui-avatars.com/api/?name=T+H&color=FFFFFF&background=000000,ATHX COPENHAGEN 2026,Denmark 🇩🇰,2026,Male,ATHX,Endurance,,,,2.25KM,2.564KM
74,Simon,Glob,Simon Glob,Male,Denmark,Compound GYM Risskov,https://ui-avatars.com/api/?name=S+G&color=FFFFFF&background=000000,ATHX COPENHAGEN 2026,Denmark 🇩🇰,2026,Male,ATHX,Endurance,,,,1.5KM,3.311KM
75,Kim Müller,Andersen,Kim Müller Andersen,Male,,CrossBox Holbæk,https://ui-avatars.com/api/?name=K+M+A&color=FFFFFF&background=000000,ATHX COPENHAGEN 2026,Denmark 🇩🇰,2026,Male,ATHX,Endurance,,,,1.5KM,3.31KM
76,Jes,Kortsen,Jes Kortsen,Male,,,https://ui-avatars.com/api/?name=J+K&color=FFFFFF&background=000000,ATHX COPENHAGEN 2026,Denmark 🇩🇰,2026,Male,ATHX,Endurance,,,,2.25KM,2.555KM
77,Anders Berendt,Svendsen,Anders Berendt Svendsen,Male,Denmark,Oxygym,https://ui-avatars.com/api/?name=A+B+S&color=FFFFFF&background=000000,ATHX COPENHAGEN 2026,Denmark 🇩🇰,2026,Male,ATHX,Endurance,,,,2.25KM,2.552KM
78,Christoph,Raum,Christoph Raum,Male,,,https://ui-avatars.com/api/?name=C+R&color=FFFFFF&background=000000,ATHX COPENHAGEN 2026,Denmark 🇩🇰,2026,Male,ATHX,Endurance,,,,1.5KM,3.295KM
79,Rasmus,Kristensen,Rasmus Kristensen,Male,,,https://ui-avatars.com/api/?name=R+K&color=FFFFFF&background=000000,ATHX COPENHAGEN 2026,Denmark 🇩🇰,2026,Male,ATHX,Endurance,,,,2.506KM,2.285KM
80,Ali,Campbell-Birkett,Ali Campbell-Birkett,Male,,,https://ui-avatars.com/api/?name=A+C&color=FFFFFF&background=000000,ATHX COPENHAGEN 2026,Denmark 🇩🇰,2026,Male,ATHX,Endurance,,,,2.25KM,2.536KM
81,TOMASZ,GAJEWSKI,TOMASZ GAJEWSKI,Male,,,https://ui-avatars.com/api/?name=T+G&color=FFFFFF&background=000000,ATHX COPENHAGEN 2026,Denmark 🇩🇰,2026,Male,ATHX,Endurance,,,,1.5KM,3.266KM
82,Pierre-Yves,CEREL,Pierre-Yves CEREL,Male,France,,https://athxgames.com/storage/profile-photos/miPO0iZQHWdBHICClIW3yK8SEDYPZbIDwtMMEpAw.jpg,ATHX COPENHAGEN 2026,Denmark 🇩🇰,2026,Male,ATHX,Endurance,,,,2.25KM,2.505KM
83,Ben,Elping,Ben Elping,Male,,,https://ui-avatars.com/api/?name=B+E&color=FFFFFF&background=000000,ATHX COPENHAGEN 2026,Denmark 🇩🇰,2026,Male,ATHX,Endurance,,,,1.755KM,2.999KM
84,Tue,Wisborg,Tue Wisborg,Male,,,https://ui-avatars.com/api/?name=T+W&color=FFFFFF&background=000000,ATHX COPENHAGEN 2026,Denmark 🇩🇰,2026,Male,ATHX,Endurance,,,,1.639KM,3.112KM
85,Curdin,Berther,Curdin Berther,Male,,,https://ui-avatars.com/api/?name=C+B&color=FFFFFF&background=000000,ATHX COPENHAGEN 2026,Denmark 🇩🇰,2026,Male,ATHX,Endurance,,,,1.5KM,3.247KM
85,Sören,Hein,Sören Hein,Male,,,https://ui-avatars.com/api/?name=S+H&color=FFFFFF&background=000000,ATHX COPENHAGEN 2026,Denmark 🇩🇰,2026,Male,ATHX,Endurance,,,,1.75KM,2.997KM
87,Peter,Klima,Peter Klima,Male,,,https://ui-avatars.com/api/?name=P+K&color=FFFFFF&background=000000,ATHX COPENHAGEN 2026,Denmark 🇩🇰,2026,Male,ATHX,Endurance,,,,2.25KM,2.496KM
88,Franco,Bortoluzzi,Franco Bortoluzzi,Male,Switzerland,,https://ui-avatars.com/api/?name=F+B&color=FFFFFF&background=000000,ATHX COPENHAGEN 2026,Denmark 🇩🇰,2026,Male,ATHX,Endurance,,,,1.803KM,2.94KM
89,Christophe,Amadieu,Christophe Amadieu,Male,Switzerland,ATTAKK,https://ui-avatars.com/api/?name=C+A&color=FFFFFF&background=000000,ATHX COPENHAGEN 2026,Denmark 🇩🇰,2026,Male,ATHX,Endurance,,,,2.154KM,2.588KM
90,Joshua,Abrahams,Joshua Abrahams,Male,,,https://ui-avatars.com/api/?name=J+A&color=FFFFFF&background=000000,ATHX COPENHAGEN 2026,Denmark 🇩🇰,2026,Male,ATHX,Endurance,,,,2.25KM,2.491KM
91,Bjarke,Kovshøj,Bjarke Kovshøj,Male,Denmark,,https://ui-avatars.com/api/?name=B+K&color=FFFFFF&background=000000,ATHX COPENHAGEN 2026,Denmark 🇩🇰,2026,Male,ATHX,Endurance,,,,1.5KM,3.229KM
92,Alexander,Buchleitner,Alexander Buchleitner,Male,,,https://ui-avatars.com/api/?name=A+B&color=FFFFFF&background=000000,ATHX COPENHAGEN 2026,Denmark 🇩🇰,2026,Male,ATHX,Endurance,,,,1.5KM,3.227KM
93,Sebastian,Kadlubski,Sebastian Kadlubski,Male,,,https://ui-avatars.com/api/?name=S+K&color=FFFFFF&background=000000,ATHX COPENHAGEN 2026,Denmark 🇩🇰,2026,Male,ATHX,Endurance,,,,2.25KM,2.475KM
94,Sven,Marx,Sven Marx,Male,,,https://ui-avatars.com/api/?name=S+M&color=FFFFFF&background=000000,ATHX COPENHAGEN 2026,Denmark 🇩🇰,2026,Male,ATHX,Endurance,,,,1.5KM,3.221KM
95,René,Mikkelsen,René Mikkelsen,Male,,,https://ui-avatars.com/api/?name=R+M&color=FFFFFF&background=000000,ATHX COPENHAGEN 2026,Denmark 🇩🇰,2026,Male,ATHX,Endurance,,,,1.5KM,3.22KM
96,Carsten,Bjørnskov,Carsten Bjørnskov,Male,,,https://ui-avatars.com/api/?name=C+B&color=FFFFFF&background=000000,ATHX COPENHAGEN 2026,Denmark 🇩🇰,2026,Male,ATHX,Endurance,,,,1.5KM,3.215KM
97,Anton,Hirschauer,Anton Hirschauer,Male,Denmark,Værftet,https://ui-avatars.com/api/?name=A+H&color=FFFFFF&background=000000,ATHX COPENHAGEN 2026,Denmark 🇩🇰,2026,Male,ATHX,Endurance,,,,1.5KM,3.21KM
98,Cameron,Neale,Cameron Neale,Male,,,https://ui-avatars.com/api/?name=C+N&color=FFFFFF&background=000000,ATHX COPENHAGEN 2026,Denmark 🇩🇰,2026,Male,ATHX,Endurance,,,,1.826KM,2.882KM
99,Mikkel,Christensen,Mikkel Christensen,Male,,,https://ui-avatars.com/api/?name=M+C&color=FFFFFF&background=000000,ATHX COPENHAGEN 2026,Denmark 🇩🇰,2026,Male,ATHX,Endurance,,,,2.25KM,2.457KM
99,Moritz,Malzahn,Moritz Malzahn,Male,,,https://ui-avatars.com/api/?name=M+M&color=FFFFFF&background=000000,ATHX COPENHAGEN 2026,Denmark 🇩🇰,2026,Male,ATHX,Endurance,,,,1.823KM,2.884KM
101,Maik,Burlage,Maik Burlage,Male,,,https://ui-avatars.com/api/?name=M+B&color=FFFFFF&background=000000,ATHX COPENHAGEN 2026,Denmark 🇩🇰,2026,Male,ATHX,Endurance,,,,1.511KM,3.191KM
102,Jarl,Runge Madsen,Jarl Runge Madsen,Male,,,https://ui-avatars.com/api/?name=J+R+M&color=FFFFFF&background=000000,ATHX COPENHAGEN 2026,Denmark 🇩🇰,2026,Male,ATHX,Endurance,,,,2.25KM,2.45KM
103,Frederik,Sommer,Frederik Sommer,Male,,,https://ui-avatars.com/api/?name=F+S&color=FFFFFF&background=000000,ATHX COPENHAGEN 2026,Denmark 🇩🇰,2026,Male,ATHX,Endurance,,,,1.516KM,3.181KM
104,Mark,Dickinson,Mark Dickinson,Male,,,https://ui-avatars.com/api/?name=M+D&color=FFFFFF&background=000000,ATHX COPENHAGEN 2026,Denmark 🇩🇰,2026,Male,ATHX,Endurance,,,,2.154KM,2.542KM
105,Tobias,Klaus,Tobias Klaus,Male,,,https://ui-avatars.com/api/?name=T+K&color=FFFFFF&background=000000,ATHX COPENHAGEN 2026,Denmark 🇩🇰,2026,Male,ATHX,Endurance,,,,2.25KM,2.445KM
106,Brian,Henriksen,Brian Henriksen,Male,,,https://ui-avatars.com/api/?name=B+H&color=FFFFFF&background=000000,ATHX COPENHAGEN 2026,Denmark 🇩🇰,2026,Male,ATHX,Endurance,,,,2.25KM,2.441KM
107,Onur,Gökdere,Onur Gökdere,Male,Turkey,Butcher’s Lab,https://ui-avatars.com/api/?name=O+G&color=FFFFFF&background=000000,ATHX COPENHAGEN 2026,Denmark 🇩🇰,2026,Male,ATHX,Endurance,,,,1.5KM,3.188KM
108,Nicolai Bjerre,Trolle,Nicolai Bjerre Trolle,Male,,,https://ui-avatars.com/api/?name=N+B+T&color=FFFFFF&background=000000,ATHX COPENHAGEN 2026,Denmark 🇩🇰,2026,Male,ATHX,Endurance,,,,1.5KM,3.187KM
109,Mick,Petersen,Mick Petersen,Male,,,https://ui-avatars.com/api/?name=M+P&color=FFFFFF&background=000000,ATHX COPENHAGEN 2026,Denmark 🇩🇰,2026,Male,ATHX,Endurance,,,,1.25KM,3.431KM
110,Florian,van der Stap,Florian van der Stap,Male,,,https://ui-avatars.com/api/?name=F+v+d+S&color=FFFFFF&background=000000,ATHX COPENHAGEN 2026,Denmark 🇩🇰,2026,Male,ATHX,Endurance,,,,1.759KM,2.912KM
110,Lars,Kroeyer Jensen,Lars Kroeyer Jensen,Male,,,https://ui-avatars.com/api/?name=L+K+J&color=FFFFFF&background=000000,ATHX COPENHAGEN 2026,Denmark 🇩🇰,2026,Male,ATHX,Endurance,,,,2.25KM,2.421KM
112,Mustafa,Gökce,Mustafa Gökce,Male,,,https://ui-avatars.com/api/?name=M+G&color=FFFFFF&background=000000,ATHX COPENHAGEN 2026,Denmark 🇩🇰,2026,Male,ATHX,Endurance,,,,1.5KM,3.17KM
113,Martin,Brummerstedt,Martin Brummerstedt,Male,,,https://ui-avatars.com/api/?name=M+B&color=FFFFFF&background=000000,ATHX COPENHAGEN 2026,Denmark 🇩🇰,2026,Male,ATHX,Endurance,,,,2.25KM,2.418KM
114,Benjamin,Vogelius,Benjamin Vogelius,Male,,,https://ui-avatars.com/api/?name=B+V&color=FFFFFF&background=000000,ATHX COPENHAGEN 2026,Denmark 🇩🇰,2026,Male,ATHX,Endurance,,,,1.924KM,2.742KM
115,Marcus,Lowe,Marcus Lowe,Male,,,https://ui-avatars.com/api/?name=M+L&color=FFFFFF&background=000000,ATHX COPENHAGEN 2026,Denmark 🇩🇰,2026,Male,ATHX,Endurance,,,,2.25KM,2.402KM
116,Jonas,Lucich,Jonas Lucich,Male,,,https://ui-avatars.com/api/?name=J+L&color=FFFFFF&background=000000,ATHX COPENHAGEN 2026,Denmark 🇩🇰,2026,Male,ATHX,Endurance,,,,1.5KM,3.151KM
117,Jens Christian,Lundholt,Jens Christian Lundholt,Male,,,https://ui-avatars.com/api/?name=J+C+L&color=FFFFFF&background=000000,ATHX COPENHAGEN 2026,Denmark 🇩🇰,2026,Male,ATHX,Endurance,,,,1.5KM,3.148KM
118,Daniel,Griza,Daniel Griza,Male,,,https://ui-avatars.com/api/?name=D+G&color=FFFFFF&background=000000,ATHX COPENHAGEN 2026,Denmark 🇩🇰,2026,Male,ATHX,Endurance,,,,2.25KM,2.397KM
119,Joel,Lutz,Joel Lutz,Male,,,https://ui-avatars.com/api/?name=J+L&color=FFFFFF&background=000000,ATHX COPENHAGEN 2026,Denmark 🇩🇰,2026,Male,ATHX,Endurance,,,,2.034KM,2.608KM
120,Tobias,Ståhl,Tobias Ståhl,Male,Sweden,Crossfit Fabriken,https://ui-avatars.com/api/?name=T+S&color=FFFFFF&background=000000,ATHX COPENHAGEN 2026,Denmark 🇩🇰,2026,Male,ATHX,Endurance,,,,1.5KM,3.14KM
121,Søren,Hansen,Søren Hansen,Male,,,https://ui-avatars.com/api/?name=S+H&color=FFFFFF&background=000000,ATHX COPENHAGEN 2026,Denmark 🇩🇰,2026,Male,ATHX,Endurance,,,,2.25KM,2.369KM
122,Kim,Hansen,Kim Hansen,Male,,,https://ui-avatars.com/api/?name=K+H&color=FFFFFF&background=000000,ATHX COPENHAGEN 2026,Denmark 🇩🇰,2026,Male,ATHX,Endurance,,,,2.25KM,2.367KM
123,Nicolas,Miranda Furtado,Nicolas Miranda Furtado,Male,,,https://ui-avatars.com/api/?name=N+M+F&color=FFFFFF&background=000000,ATHX COPENHAGEN 2026,Denmark 🇩🇰,2026,Male,ATHX,Endurance,,,,1.5KM,3.082KM
124,Marek,Niedenhoff,Marek Niedenhoff,Male,,,https://ui-avatars.com/api/?name=M+N&color=FFFFFF&background=000000,ATHX COPENHAGEN 2026,Denmark 🇩🇰,2026,Male,ATHX,Endurance,,,,2.25KM,2.328KM
125,Jake,Shepherd,Jake Shepherd,Male,,,https://ui-avatars.com/api/?name=J+S&color=FFFFFF&background=000000,ATHX COPENHAGEN 2026,Denmark 🇩🇰,2026,Male,ATHX,Endurance,,,,2.25KM,2.327KM
126,Alex,Fagen,Alex Fagen,Male,,,https://ui-avatars.com/api/?name=A+F&color=FFFFFF&background=000000,ATHX COPENHAGEN 2026,Denmark 🇩🇰,2026,Male,ATHX,Endurance,,,,1.756KM,2.82KM
127,Leon,Hansen,Leon Hansen,Male,,,https://ui-avatars.com/api/?name=L+H&color=FFFFFF&background=000000,ATHX COPENHAGEN 2026,Denmark 🇩🇰,2026,Male,ATHX,Endurance,,,,2.25KM,2.309KM
128,Svend,Burchardt,Svend Burchardt,Male,Denmark,Crossfit Kalundborg,https://ui-avatars.com/api/?name=S+B&color=FFFFFF&background=000000,ATHX COPENHAGEN 2026,Denmark 🇩🇰,2026,Male,ATHX,Endurance,,,,2.116KM,2.437KM
129,Adam,Christopher,Adam Christopher,Male,,,https://athxgames.com/storage/profile-photos/tRrKwo43LxC5jFhlaDvAkv5boW78RC6Cti3uOzCb.jpg,ATHX COPENHAGEN 2026,Denmark 🇩🇰,2026,Male,ATHX,Endurance,,,,1.5KM,3.05KM
129,Emil,Enevoldsen,Emil Enevoldsen,Male,,,https://ui-avatars.com/api/?name=E+E&color=FFFFFF&background=000000,ATHX COPENHAGEN 2026,Denmark 🇩🇰,2026,Male,ATHX,Endurance,,,,1.76KM,2.79KM
131,Gustav,Dinesen,Gustav Dinesen,Male,,,https://ui-avatars.com/api/?name=G+D&color=FFFFFF&background=000000,ATHX COPENHAGEN 2026,Denmark 🇩🇰,2026,Male,ATHX,Endurance,,,,2.25KM,2.292KM
131,Emil Lützen,Thomsen,Emil Lützen Thomsen,Male,,,https://ui-avatars.com/api/?name=E+L+T&color=FFFFFF&background=000000,ATHX COPENHAGEN 2026,Denmark 🇩🇰,2026,Male,ATHX,Endurance,,,,1.5KM,3.042KM
133,Gustav,Silberbrandt,Gustav Silberbrandt,Male,,,https://ui-avatars.com/api/?name=G+S&color=FFFFFF&background=000000,ATHX COPENHAGEN 2026,Denmark 🇩🇰,2026,Male,ATHX,Endurance,,,,1.5KM,3.041KM
133,Frederik,Lützhøft Petersen,Frederik Lützhøft Petersen,Male,,,https://ui-avatars.com/api/?name=F+L+P&color=FFFFFF&background=000000,ATHX COPENHAGEN 2026,Denmark 🇩🇰,2026,Male,ATHX,Endurance,,,,1.5KM,3.041KM
135,Phillip,Meißner,Phillip Meißner,Male,,,https://ui-avatars.com/api/?name=P+M&color=FFFFFF&background=000000,ATHX COPENHAGEN 2026,Denmark 🇩🇰,2026,Male,ATHX,Endurance,,,,2.178KM,2.362KM
136,Harry,Mole,Harry Mole,Male,,,https://ui-avatars.com/api/?name=H+M&color=FFFFFF&background=000000,ATHX COPENHAGEN 2026,Denmark 🇩🇰,2026,Male,ATHX,Endurance,,,,2.078KM,2.461KM
137,Rob,Fearn,Rob Fearn,Male,,,https://ui-avatars.com/api/?name=R+F&color=FFFFFF&background=000000,ATHX COPENHAGEN 2026,Denmark 🇩🇰,2026,Male,ATHX,Endurance,,,,1.623KM,2.913KM
137,Martin,Soland,Martin Soland,Male,,,https://ui-avatars.com/api/?name=M+S&color=FFFFFF&background=000000,ATHX COPENHAGEN 2026,Denmark 🇩🇰,2026,Male,ATHX,Endurance,,,,1.782KM,2.754KM
139,Bálint,Juhász,Bálint Juhász,Male,,,https://ui-avatars.com/api/?name=B+J&color=FFFFFF&background=000000,ATHX COPENHAGEN 2026,Denmark 🇩🇰,2026,Male,ATHX,Endurance,,,,2.122KM,2.408KM
140,Morten,Nielsen,Morten Nielsen,Male,,,https://ui-avatars.com/api/?name=M+N&color=FFFFFF&background=000000,ATHX COPENHAGEN 2026,Denmark 🇩🇰,2026,Male,ATHX,Endurance,,,,2.167KM,2.355KM
140,Casper,Juul,Casper Juul,Male,,,https://ui-avatars.com/api/?name=C+J&color=FFFFFF&background=000000,ATHX COPENHAGEN 2026,Denmark 🇩🇰,2026,Male,ATHX,Endurance,,,,1.557KM,2.965KM
142,Simon,Husted,Simon Husted,Male,,,https://ui-avatars.com/api/?name=S+H&color=FFFFFF&background=000000,ATHX COPENHAGEN 2026,Denmark 🇩🇰,2026,Male,ATHX,Endurance,,,,1.5KM,3.019KM
143,Nicklas,Tofte,Nicklas Tofte,Male,,,https://ui-avatars.com/api/?name=N+T&color=FFFFFF&background=000000,ATHX COPENHAGEN 2026,Denmark 🇩🇰,2026,Male,ATHX,Endurance,,,,1.863KM,2.653KM
144,Patrick,Bengtsen,Patrick Bengtsen,Male,,Gimlis CrossFit,https://ui-avatars.com/api/?name=P+B&color=FFFFFF&background=000000,ATHX COPENHAGEN 2026,Denmark 🇩🇰,2026,Male,ATHX,Endurance,,,,1.5KM,3.015KM
145,Christopher,Görwitz,Christopher Görwitz,Male,Germany,Symbiotic CrossFit,https://ui-avatars.com/api/?name=C+G&color=FFFFFF&background=000000,ATHX COPENHAGEN 2026,Denmark 🇩🇰,2026,Male,ATHX,Endurance,,,,1.578KM,2.935KM
146,Robert,Brown,Robert Brown,Male,United Kingdom,,https://ui-avatars.com/api/?name=R+B&color=FFFFFF&background=000000,ATHX COPENHAGEN 2026,Denmark 🇩🇰,2026,Male,ATHX,Endurance,,,,1.5KM,3.01KM
146,Simon,Tykgaard,Simon Tykgaard,Male,,,https://ui-avatars.com/api/?name=S+T&color=FFFFFF&background=000000,ATHX COPENHAGEN 2026,Denmark 🇩🇰,2026,Male,ATHX,Endurance,,,,1.5KM,3.01KM
148,Mircea,Popoveniuc,Mircea Popoveniuc,Male,Romania,Crossfit Kreis 9,https://athxgames.com/storage/profile-photos/S052Bk7uTXNsqxdpjFVz0rZLyMPHICEjOSwzaew2.jpg,ATHX COPENHAGEN 2026,Denmark 🇩🇰,2026,Male,ATHX,Endurance,,,,1.644KM,2.864KM
149,Andy,Woodcock,Andy Woodcock,Male,,,https://ui-avatars.com/api/?name=A+W&color=FFFFFF&background=000000,ATHX COPENHAGEN 2026,Denmark 🇩🇰,2026,Male,ATHX,Endurance,,,,2.118KM,2.387KM
150,Antoine,Mansencal,Antoine Mansencal,Male,France,,https://ui-avatars.com/api/?name=A+M&color=FFFFFF&background=000000,ATHX COPENHAGEN 2026,Denmark 🇩🇰,2026,Male,ATHX,Endurance,,,,2.25KM,2.254KM
151,Philipp,Peich,Philipp Peich,Male,,,https://ui-avatars.com/api/?name=P+P&color=FFFFFF&background=000000,ATHX COPENHAGEN 2026,Denmark 🇩🇰,2026,Male,ATHX,Endurance,,,,1.676KM,2.822KM
152,Nicklas,Lohse,Nicklas Lohse,Male,,,https://ui-avatars.com/api/?name=N+L&color=FFFFFF&background=000000,ATHX COPENHAGEN 2026,Denmark 🇩🇰,2026,Male,ATHX,Endurance,,,,2.25KM,2.247KM
153,younes,lahrech,younes lahrech,Male,,,https://ui-avatars.com/api/?name=y+l&color=FFFFFF&background=000000,ATHX COPENHAGEN 2026,Denmark 🇩🇰,2026,Male,ATHX,Endurance,,,,2.063KM,2.433KM
154,Asbjørn,Kerrn-Jespersen,Asbjørn Kerrn-Jespersen,Male,,,https://ui-avatars.com/api/?name=A+K&color=FFFFFF&background=000000,ATHX COPENHAGEN 2026,Denmark 🇩🇰,2026,Male,ATHX,Endurance,,,,2.213KM,2.278KM
155,Lorenzo,Ottaviani,Lorenzo Ottaviani,Male,,,https://ui-avatars.com/api/?name=L+O&color=FFFFFF&background=000000,ATHX COPENHAGEN 2026,Denmark 🇩🇰,2026,Male,ATHX,Endurance,,,,2.25KM,2.24KM
156,Jonas Holm,Bragason,Jonas Holm Bragason,Male,,,https://ui-avatars.com/api/?name=J+H+B&color=FFFFFF&background=000000,ATHX COPENHAGEN 2026,Denmark 🇩🇰,2026,Male,ATHX,Endurance,,,,2.084KM,2.403KM
157,Lasse,Aae-Hartwig,Lasse Aae-Hartwig,Male,,,https://ui-avatars.com/api/?name=L+A&color=FFFFFF&background=000000,ATHX COPENHAGEN 2026,Denmark 🇩🇰,2026,Male,ATHX,Endurance,,,,1.5KM,2.986KM
158,Mattias,Allgren,Mattias Allgren,Male,,,https://ui-avatars.com/api/?name=M+A&color=FFFFFF&background=000000,ATHX COPENHAGEN 2026,Denmark 🇩🇰,2026,Male,ATHX,Endurance,,,,1.5KM,2.982KM
159,Ashley,Reed,Ashley Reed,Male,,,https://ui-avatars.com/api/?name=A+R&color=FFFFFF&background=000000,ATHX COPENHAGEN 2026,Denmark 🇩🇰,2026,Male,ATHX,Endurance,,,,2.25KM,2.231KM
160,Jordi,Goetstouwers,Jordi Goetstouwers,Male,,,https://ui-avatars.com/api/?name=J+G&color=FFFFFF&background=000000,ATHX COPENHAGEN 2026,Denmark 🇩🇰,2026,Male,ATHX,Endurance,,,,1.5KM,2.98KM
161,Kenneth,Korndrup,Kenneth Korndrup,Male,,,https://ui-avatars.com/api/?name=K+K&color=FFFFFF&background=000000,ATHX COPENHAGEN 2026,Denmark 🇩🇰,2026,Male,ATHX,Endurance,,,,1.5KM,2.973KM
162,Gerald,Yong,Gerald Yong,Male,,,https://ui-avatars.com/api/?name=G+Y&color=FFFFFF&background=000000,ATHX COPENHAGEN 2026,Denmark 🇩🇰,2026,Male,ATHX,Endurance,,,,1.5KM,2.965KM
163,Søren,Jensen,Søren Jensen,Male,,,https://ui-avatars.com/api/?name=S+J&color=FFFFFF&background=000000,ATHX COPENHAGEN 2026,Denmark 🇩🇰,2026,Male,ATHX,Endurance,,,,2.25KM,2.213KM
164,Maximiliano,Torriggino,Maximiliano Torriggino,Male,,,https://ui-avatars.com/api/?name=M+T&color=FFFFFF&background=000000,ATHX COPENHAGEN 2026,Denmark 🇩🇰,2026,Male,ATHX,Endurance,,,,1.5KM,2.961KM
165,Davorin,Canak,Davorin Canak,Male,,,https://ui-avatars.com/api/?name=D+C&color=FFFFFF&background=000000,ATHX COPENHAGEN 2026,Denmark 🇩🇰,2026,Male,ATHX,Endurance,,,,1.93KM,2.52KM
166,Jose Luis,Urueta,Jose Luis Urueta,Male,Sweden,,https://ui-avatars.com/api/?name=J+L+U&color=FFFFFF&background=000000,ATHX COPENHAGEN 2026,Denmark 🇩🇰,2026,Male,ATHX,Endurance,,,,1.5KM,2.941KM
166,Simon Winther,Schor,Simon Winther Schor,Male,Denmark,Arca,https://ui-avatars.com/api/?name=S+W+S&color=FFFFFF&background=000000,ATHX COPENHAGEN 2026,Denmark 🇩🇰,2026,Male,ATHX,Endurance,,,,1.806KM,2.635KM
168,Quentin,Hilty,Quentin Hilty,Male,France,,https://ui-avatars.com/api/?name=Q+H&color=FFFFFF&background=000000,ATHX COPENHAGEN 2026,Denmark 🇩🇰,2026,Male,ATHX,Endurance,,,,2.25KM,2.188KM
169,Davide,Annaro,Davide Annaro,Male,Italy,butcher`s lab,https://ui-avatars.com/api/?name=D+A&color=FFFFFF&background=000000,ATHX COPENHAGEN 2026,Denmark 🇩🇰,2026,Male,ATHX,Endurance,,,,1.5KM,2.933KM
170,Andreas,Steinberg,Andreas Steinberg,Male,,,https://ui-avatars.com/api/?name=A+S&color=FFFFFF&background=000000,ATHX COPENHAGEN 2026,Denmark 🇩🇰,2026,Male,ATHX,Endurance,,,,2.067KM,2.333KM
171,Jakob,Dahl-Wrønding,Jakob Dahl-Wrønding,Male,Denmark,,https://ui-avatars.com/api/?name=J+D&color=FFFFFF&background=000000,ATHX COPENHAGEN 2026,Denmark 🇩🇰,2026,Male,ATHX,Endurance,,,,1.912KM,2.474KM
172,Marco,Gall,Marco Gall,Male,,,https://ui-avatars.com/api/?name=M+G&color=FFFFFF&background=000000,ATHX COPENHAGEN 2026,Denmark 🇩🇰,2026,Male,ATHX,Endurance,,,,1.5KM,2.873KM
173,Robin,Jauer,Robin Jauer,Male,Denmark,Vesterbronx Gym,https://ui-avatars.com/api/?name=R+J&color=FFFFFF&background=000000,ATHX COPENHAGEN 2026,Denmark 🇩🇰,2026,Male,ATHX,Endurance,,,,1.75KM,2.615KM
174,Chris Martin,Pedersen,Chris Martin Pedersen,Male,,,https://ui-avatars.com/api/?name=C+M+P&color=FFFFFF&background=000000,ATHX COPENHAGEN 2026,Denmark 🇩🇰,2026,Male,ATHX,Endurance,,,,1.971KM,2.385KM
175,Kasper,Hansen,Kasper Hansen,Male,Denmark,Bimse,https://ui-avatars.com/api/?name=K+H&color=FFFFFF&background=000000,ATHX COPENHAGEN 2026,Denmark 🇩🇰,2026,Male,ATHX,Endurance,,,,1.5KM,2.85KM
176,Thilo,Kostian,Thilo Kostian,Male,,,https://ui-avatars.com/api/?name=T+K&color=FFFFFF&background=000000,ATHX COPENHAGEN 2026,Denmark 🇩🇰,2026,Male,ATHX,Endurance,,,,2.25KM,2.09KM
177,Nicolai,Fick Sørensen,Nicolai Fick Sørensen,Male,,,https://ui-avatars.com/api/?name=N+F+S&color=FFFFFF&background=000000,ATHX COPENHAGEN 2026,Denmark 🇩🇰,2026,Male,ATHX,Endurance,,,,1.576KM,2.752KM
178,Nikola,Ciric,Nikola Ciric,Male,,,https://ui-avatars.com/api/?name=N+C&color=FFFFFF&background=000000,ATHX COPENHAGEN 2026,Denmark 🇩🇰,2026,Male,ATHX,Endurance,,,,1.75KM,2.576KM
179,Frederik,Bøttcher,Frederik Bøttcher,Male,,,https://ui-avatars.com/api/?name=F+B&color=FFFFFF&background=000000,ATHX COPENHAGEN 2026,Denmark 🇩🇰,2026,Male,ATHX,Endurance,,,,2.25KM,2.069KM
180,Kasper,Sattrup,Kasper Sattrup,Male,,,https://ui-avatars.com/api/?name=K+S&color=FFFFFF&background=000000,ATHX COPENHAGEN 2026,Denmark 🇩🇰,2026,Male,ATHX,Endurance,,,,2.25KM,2.067KM
181,Andrew,Hepburn,Andrew Hepburn,Male,,,https://ui-avatars.com/api/?name=A+H&color=FFFFFF&background=000000,ATHX COPENHAGEN 2026,Denmark 🇩🇰,2026,Male,ATHX,Endurance,,,,1.5KM,2.802KM
182,David,Knudsen,David Knudsen,Male,,,https://ui-avatars.com/api/?name=D+K&color=FFFFFF&background=000000,ATHX COPENHAGEN 2026,Denmark 🇩🇰,2026,Male,ATHX,Endurance,,,,1.5KM,2.774KM
183,Camillo,Rodia,Camillo Rodia,Male,Italy,,https://ui-avatars.com/api/?name=C+R&color=FFFFFF&background=000000,ATHX COPENHAGEN 2026,Denmark 🇩🇰,2026,Male,ATHX,Endurance,,,,1.5KM,2.759KM
184,Mark,Robert Hassell,Mark Robert Hassell,Male,,,https://ui-avatars.com/api/?name=M+R+H&color=FFFFFF&background=000000,ATHX COPENHAGEN 2026,Denmark 🇩🇰,2026,Male,ATHX,Endurance,,,,2.25KM,2.001KM
185,William,Pokriva,William Pokriva,Male,,,https://ui-avatars.com/api/?name=W+P&color=FFFFFF&background=000000,ATHX COPENHAGEN 2026,Denmark 🇩🇰,2026,Male,ATHX,Endurance,,,,2.181KM,2.065KM
185,Martin,Held,Martin Held,Male,,,https://ui-avatars.com/api/?name=M+H&color=FFFFFF&background=000000,ATHX COPENHAGEN 2026,Denmark 🇩🇰,2026,Male,ATHX,Endurance,,,,2.103KM,2.143KM
187,Arntit,Koukio,Arntit Koukio,Male,,,https://ui-avatars.com/api/?name=A+K&color=FFFFFF&background=000000,ATHX COPENHAGEN 2026,Denmark 🇩🇰,2026,Male,ATHX,Endurance,,,,1.974KM,2.269KM
187,Marcin,Rutkowski,Marcin Rutkowski,Male,,,https://athxgames.com/storage/profile-photos/AFBWDt6CXD8UfASX92WZLKR37lrykvXG69j9hjiI.png,ATHX COPENHAGEN 2026,Denmark 🇩🇰,2026,Male,ATHX,Endurance,,,,1.575KM,2.668KM
189,Brian,Kadrovic-Krusbo,Brian Kadrovic-Krusbo,Male,Denmark,The Sand Box,https://ui-avatars.com/api/?name=B+K&color=FFFFFF&background=000000,ATHX COPENHAGEN 2026,Denmark 🇩🇰,2026,Male,ATHX,Endurance,,,,1.5KM,2.691KM
189,Remi,Waucquier,Remi Waucquier,Male,France,Outlast,https://ui-avatars.com/api/?name=R+W&color=FFFFFF&background=000000,ATHX COPENHAGEN 2026,Denmark 🇩🇰,2026,Male,ATHX,Endurance,,,,2.133KM,2.058KM
191,Christoffer,Frydkjær,Christoffer Frydkjær,Male,,,https://ui-avatars.com/api/?name=C+F&color=FFFFFF&background=000000,ATHX COPENHAGEN 2026,Denmark 🇩🇰,2026,Male,ATHX,Endurance,,,,1.5KM,2.689KM
192,bekir,şengül,bekir şengül,Male,,,https://ui-avatars.com/api/?name=b+%C5%9F&color=FFFFFF&background=000000,ATHX COPENHAGEN 2026,Denmark 🇩🇰,2026,Male,ATHX,Endurance,,,,1.75KM,2.409KM
193,Robbie,Campbell,Robbie Campbell,Male,,,https://ui-avatars.com/api/?name=R+C&color=FFFFFF&background=000000,ATHX COPENHAGEN 2026,Denmark 🇩🇰,2026,Male,ATHX,Endurance,,,,2.182KM,1.968KM
194,Bahadir,Dagli,Bahadir Dagli,Male,Turkey,,https://ui-avatars.com/api/?name=B+D&color=FFFFFF&background=000000,ATHX COPENHAGEN 2026,Denmark 🇩🇰,2026,Male,ATHX,Endurance,,,,1.5KM,2.649KM
195,Lars,Jensen,Lars Jensen,Male,,,https://ui-avatars.com/api/?name=L+J&color=FFFFFF&background=000000,ATHX COPENHAGEN 2026,Denmark 🇩🇰,2026,Male,ATHX,Endurance,,,,1.925KM,2.199KM
196,Stanley,Christopher,Stanley Christopher,Male,,,https://ui-avatars.com/api/?name=S+C&color=FFFFFF&background=000000,ATHX COPENHAGEN 2026,Denmark 🇩🇰,2026,Male,ATHX,Endurance,,,,2.25KM,1.866KM
197,Rami,Said,Rami Said,Male,,,https://ui-avatars.com/api/?name=R+S&color=FFFFFF&background=000000,ATHX COPENHAGEN 2026,Denmark 🇩🇰,2026,Male,ATHX,Endurance,,,,2.25KM,1.847KM
198,Jakob,Leufstedt,Jakob Leufstedt,Male,Sweden,,https://ui-avatars.com/api/?name=J+L&color=FFFFFF&background=000000,ATHX COPENHAGEN 2026,Denmark 🇩🇰,2026,Male,ATHX,Endurance,,,,1.5KM,2.594KM
199,Lars,Achermann,Lars Achermann,Male,Switzerland,,https://ui-avatars.com/api/?name=L+A&color=FFFFFF&background=000000,ATHX COPENHAGEN 2026,Denmark 🇩🇰,2026,Male,ATHX,Endurance,,,,2.25KM,1.833KM
200,Russell,Quek,Russell Quek,Male,,,https://ui-avatars.com/api/?name=R+Q&color=FFFFFF&background=000000,ATHX COPENHAGEN 2026,Denmark 🇩🇰,2026,Male,ATHX,Endurance,,,,2.1KM,1.981KM
201,Liam,TINDALL,Liam TINDALL,Male,,,https://ui-avatars.com/api/?name=L+T&color=FFFFFF&background=000000,ATHX COPENHAGEN 2026,Denmark 🇩🇰,2026,Male,ATHX,Endurance,,,,1.25KM,2.829KM
202,aaron,ronchi,aaron ronchi,Male,Italy,butcher's lab,https://ui-avatars.com/api/?name=a+r&color=FFFFFF&background=000000,ATHX COPENHAGEN 2026,Denmark 🇩🇰,2026,Male,ATHX,Endurance,,,,1.655KM,2.422KM
203,Bassam,Abdulhai,Bassam Abdulhai,Male,,,https://ui-avatars.com/api/?name=B+A&color=FFFFFF&background=000000,ATHX COPENHAGEN 2026,Denmark 🇩🇰,2026,Male,ATHX,Endurance,,,,1.52KM,2.52KM
204,Henrik,Sand-Grimnitz,Henrik Sand-Grimnitz,Male,,,https://ui-avatars.com/api/?name=H+S&color=FFFFFF&background=000000,ATHX COPENHAGEN 2026,Denmark 🇩🇰,2026,Male,ATHX,Endurance,,,,2.25KM,1.785KM
205,Abel,Ridgewell,Abel Ridgewell,Male,Denmark,Abel Asrat Ridgewell,https://ui-avatars.com/api/?name=A+R&color=FFFFFF&background=000000,ATHX COPENHAGEN 2026,Denmark 🇩🇰,2026,Male,ATHX,Endurance,,,,2.25KM,1.782KM
206,Michael,Clement,Michael Clement,Male,,,https://ui-avatars.com/api/?name=M+C&color=FFFFFF&background=000000,ATHX COPENHAGEN 2026,Denmark 🇩🇰,2026,Male,ATHX,Endurance,,,,1.938KM,2.074KM
207,Dave,Kateley,Dave Kateley,Male,,,https://ui-avatars.com/api/?name=D+K&color=FFFFFF&background=000000,ATHX COPENHAGEN 2026,Denmark 🇩🇰,2026,Male,ATHX,Endurance,,,,1.954KM,2.032KM
208,Christian,Svitring,Christian Svitring,Male,,,https://ui-avatars.com/api/?name=C+S&color=FFFFFF&background=000000,ATHX COPENHAGEN 2026,Denmark 🇩🇰,2026,Male,ATHX,Endurance,,,,1.5KM,2.483KM
209,Victor,Mielche Zinck,Victor Mielche Zinck,Male,Denmark,Crossfit Heaven,https://ui-avatars.com/api/?name=V+M+Z&color=FFFFFF&background=000000,ATHX COPENHAGEN 2026,Denmark 🇩🇰,2026,Male,ATHX,Endurance,,,,1.5KM,2.481KM
210,Robert,Walker,Robert Walker,Male,,,https://ui-avatars.com/api/?name=R+W&color=FFFFFF&background=000000,ATHX COPENHAGEN 2026,Denmark 🇩🇰,2026,Male,ATHX,Endurance,,,,1.5KM,2.419KM
211,Brian,Jensen,Brian Jensen,Male,,,https://ui-avatars.com/api/?name=B+J&color=FFFFFF&background=000000,ATHX COPENHAGEN 2026,Denmark 🇩🇰,2026,Male,ATHX,Endurance,,,,1.5KM,2.412KM
211,Markus Havshøj,Mortensen,Markus Havshøj Mortensen,Male,,,https://ui-avatars.com/api/?name=M+H+M&color=FFFFFF&background=000000,ATHX COPENHAGEN 2026,Denmark 🇩🇰,2026,Male,ATHX,Endurance,,,,1.651KM,2.261KM
213,Ömer,Ögen,Ömer Ögen,Male,,,https://ui-avatars.com/api/?name=%C3%96+%C3%96&color=FFFFFF&background=000000,ATHX COPENHAGEN 2026,Denmark 🇩🇰,2026,Male,ATHX,Endurance,,,,2.051KM,1.831KM
214,Alex,Pope,Alex Pope,Male,,,https://ui-avatars.com/api/?name=A+P&color=FFFFFF&background=000000,ATHX COPENHAGEN 2026,Denmark 🇩🇰,2026,Male,ATHX,Endurance,,,,1.543KM,2.324KM
215,Miles,Canning,Miles Canning,Male,,,https://ui-avatars.com/api/?name=M+C&color=FFFFFF&background=000000,ATHX COPENHAGEN 2026,Denmark 🇩🇰,2026,Male,ATHX,Endurance,,,,1.582KM,2.261KM
216,Alex,Smith,Alex Smith,Male,,,https://ui-avatars.com/api/?name=A+S&color=FFFFFF&background=000000,ATHX COPENHAGEN 2026,Denmark 🇩🇰,2026,Male,ATHX,Endurance,,,,1.5KM,2.326KM
216,Louis-Arthur,Meillier,Louis-Arthur Meillier,Male,,,https://ui-avatars.com/api/?name=L+M&color=FFFFFF&background=000000,ATHX COPENHAGEN 2026,Denmark 🇩🇰,2026,Male,ATHX,Endurance,,,,1.5KM,2.326KM
218,Jesper Gudemoos,Jakobsen,Jesper Gudemoos Jakobsen,Male,,,https://ui-avatars.com/api/?name=J+G+J&color=FFFFFF&background=000000,ATHX COPENHAGEN 2026,Denmark 🇩🇰,2026,Male,ATHX,Endurance,,,,2.064KM,1.757KM
219,Mehmet yaşar,Şahin,Mehmet yaşar Şahin,Male,,,https://ui-avatars.com/api/?name=M+y+%C5%9E&color=FFFFFF&background=000000,ATHX COPENHAGEN 2026,Denmark 🇩🇰,2026,Male,ATHX,Endurance,,,,1.147KM,2.67KM
220,Burak,Culha,Burak Culha,Male,,,https://ui-avatars.com/api/?name=B+C&color=FFFFFF&background=000000,ATHX COPENHAGEN 2026,Denmark 🇩🇰,2026,Male,ATHX,Endurance,,,,1.5KM,2.288KM
221,Melvyn,Gomez,Melvyn Gomez,Male,,,https://ui-avatars.com/api/?name=M+G&color=FFFFFF&background=000000,ATHX COPENHAGEN 2026,Denmark 🇩🇰,2026,Male,ATHX,Endurance,,,,2.25KM,1.48KM
222,Rune Faaborg,Andersen,Rune Faaborg Andersen,Male,,,https://ui-avatars.com/api/?name=R+F+A&color=FFFFFF&background=000000,ATHX COPENHAGEN 2026,Denmark 🇩🇰,2026,Male,ATHX,Endurance,,,,1.5KM,2.201KM
223,Toby,Fullwood,Toby Fullwood,Male,United Kingdom,CrossFit Aylesbury,https://ui-avatars.com/api/?name=T+F&color=FFFFFF&background=000000,ATHX COPENHAGEN 2026,Denmark 🇩🇰,2026,Male,ATHX,Endurance,,,,1.5KM,1.983KM
224,Andrés,Fritzbøger,Andrés Fritzbøger,Male,,,https://ui-avatars.com/api/?name=A+F&color=FFFFFF&background=000000,ATHX COPENHAGEN 2026,Denmark 🇩🇰,2026,Male,ATHX,Endurance,,,,1.781KM,1.655KM
1,Mathias ,Guss,Mathias  Guss,Male,,,https://ui-avatars.com/api/?name=M++G&color=FFFFFF&background=000000,ATHX COPENHAGEN 2026,Denmark 🇩🇰,2026,Male,ATHX,Strength,100KG,220KG,230KG,,
2,Johan,Flobecker,Johan Flobecker,Male,,,https://ui-avatars.com/api/?name=J+F&color=FFFFFF&background=000000,ATHX COPENHAGEN 2026,Denmark 🇩🇰,2026,Male,ATHX,Strength,85KG,190KG,240KG,,
3,Thomas,Korsgård Lund,Thomas Korsgård Lund,Male,,,https://ui-avatars.com/api/?name=T+K+L&color=FFFFFF&background=000000,ATHX COPENHAGEN 2026,Denmark 🇩🇰,2026,Male,ATHX,Strength,80KG,180KG,211KG,,
4,Alex,Pope,Alex Pope,Male,,,https://ui-avatars.com/api/?name=A+P&color=FFFFFF&background=000000,ATHX COPENHAGEN 2026,Denmark 🇩🇰,2026,Male,ATHX,Strength,90KG,175KG,200KG,,
4,Miles,Canning,Miles Canning,Male,,,https://ui-avatars.com/api/?name=M+C&color=FFFFFF&background=000000,ATHX COPENHAGEN 2026,Denmark 🇩🇰,2026,Male,ATHX,Strength,100KG,170KG,195KG,,
6,Jihad,Watt,Jihad Watt,Male,,,https://ui-avatars.com/api/?name=J+W&color=FFFFFF&background=000000,ATHX COPENHAGEN 2026,Denmark 🇩🇰,2026,Male,ATHX,Strength,84KG,180KG,200KG,,
6,Jack,Waters,Jack Waters,Male,,,https://ui-avatars.com/api/?name=J+W&color=FFFFFF&background=000000,ATHX COPENHAGEN 2026,Denmark 🇩🇰,2026,Male,ATHX,Strength,94KG,185KG,185KG,,
8,Nicolai,Fick Sørensen,Nicolai Fick Sørensen,Male,,,https://ui-avatars.com/api/?name=N+F+S&color=FFFFFF&background=000000,ATHX COPENHAGEN 2026,Denmark 🇩🇰,2026,Male,ATHX,Strength,90KG,180KG,190KG,,
8,Peter,Blaha,Peter Blaha,Male,,,https://ui-avatars.com/api/?name=P+B&color=FFFFFF&background=000000,ATHX COPENHAGEN 2026,Denmark 🇩🇰,2026,Male,ATHX,Strength,80KG,165KG,215KG,,
10,Alexander,Buchleitner,Alexander Buchleitner,Male,,,https://ui-avatars.com/api/?name=A+B&color=FFFFFF&background=000000,ATHX COPENHAGEN 2026,Denmark 🇩🇰,2026,Male,ATHX,Strength,85KG,170KG,200KG,,
10,Franco,Bortoluzzi,Franco Bortoluzzi,Male,Switzerland,,https://ui-avatars.com/api/?name=F+B&color=FFFFFF&background=000000,ATHX COPENHAGEN 2026,Denmark 🇩🇰,2026,Male,ATHX,Strength,70KG,175KG,210KG,,
10,Jesper Skov,Christensen,Jesper Skov Christensen,Male,,,https://ui-avatars.com/api/?name=J+S+C&color=FFFFFF&background=000000,ATHX COPENHAGEN 2026,Denmark 🇩🇰,2026,Male,ATHX,Strength,100KG,160KG,195KG,,
13,Victor,Thorendal,Victor Thorendal,Male,,,https://ui-avatars.com/api/?name=V+T&color=FFFFFF&background=000000,ATHX COPENHAGEN 2026,Denmark 🇩🇰,2026,Male,ATHX,Strength,85KG,165KG,200KG,,
14,William,Shepherd,William Shepherd,Male,,,https://ui-avatars.com/api/?name=W+S&color=FFFFFF&background=000000,ATHX COPENHAGEN 2026,Denmark 🇩🇰,2026,Male,ATHX,Strength,85KG,170KG,190KG,,
14,Robbie,Campbell,Robbie Campbell,Male,,,https://ui-avatars.com/api/?name=R+C&color=FFFFFF&background=000000,ATHX COPENHAGEN 2026,Denmark 🇩🇰,2026,Male,ATHX,Strength,75KG,160KG,210KG,,
16,Thomas,Frøsig Larsen,Thomas Frøsig Larsen,Male,,,https://ui-avatars.com/api/?name=T+F+L&color=FFFFFF&background=000000,ATHX COPENHAGEN 2026,Denmark 🇩🇰,2026,Male,ATHX,Strength,92KG,170KG,180KG,,
17,Anton,Stålhandske,Anton Stålhandske,Male,,,https://ui-avatars.com/api/?name=A+S&color=FFFFFF&background=000000,ATHX COPENHAGEN 2026,Denmark 🇩🇰,2026,Male,ATHX,Strength,88KG,155KG,193KG,,
18,Sören,Hein,Sören Hein,Male,,,https://ui-avatars.com/api/?name=S+H&color=FFFFFF&background=000000,ATHX COPENHAGEN 2026,Denmark 🇩🇰,2026,Male,ATHX,Strength,80KG,150KG,202KG,,
19,Dave,Lovelock,Dave Lovelock,Male,,,https://ui-avatars.com/api/?name=D+L&color=FFFFFF&background=000000,ATHX COPENHAGEN 2026,Denmark 🇩🇰,2026,Male,ATHX,Strength,90KG,150KG,190KG,,
20,Louis-Arthur,Meillier,Louis-Arthur Meillier,Male,,,https://ui-avatars.com/api/?name=L+M&color=FFFFFF&background=000000,ATHX COPENHAGEN 2026,Denmark 🇩🇰,2026,Male,ATHX,Strength,85KG,140KG,200KG,,
20,Mick,Petersen,Mick Petersen,Male,,,https://ui-avatars.com/api/?name=M+P&color=FFFFFF&background=000000,ATHX COPENHAGEN 2026,Denmark 🇩🇰,2026,Male,ATHX,Strength,105KG,155KG,165KG,,
22,Marcus,Lowe,Marcus Lowe,Male,,,https://ui-avatars.com/api/?name=M+L&color=FFFFFF&background=000000,ATHX COPENHAGEN 2026,Denmark 🇩🇰,2026,Male,ATHX,Strength,84KG,150KG,185KG,,
23,Lasse,Aae-Hartwig,Lasse Aae-Hartwig,Male,,,https://ui-avatars.com/api/?name=L+A&color=FFFFFF&background=000000,ATHX COPENHAGEN 2026,Denmark 🇩🇰,2026,Male,ATHX,Strength,78KG,160KG,180KG,,
23,Pearu-Paul,Piperal,Pearu-Paul Piperal,Male,,,https://ui-avatars.com/api/?name=P+P&color=FFFFFF&background=000000,ATHX COPENHAGEN 2026,Denmark 🇩🇰,2026,Male,ATHX,Strength,80KG,155KG,183KG,,
25,younes,lahrech,younes lahrech,Male,,,https://ui-avatars.com/api/?name=y+l&color=FFFFFF&background=000000,ATHX COPENHAGEN 2026,Denmark 🇩🇰,2026,Male,ATHX,Strength,85KG,140KG,190KG,,
25,Nicolai Bjerre,Trolle,Nicolai Bjerre Trolle,Male,,,https://ui-avatars.com/api/?name=N+B+T&color=FFFFFF&background=000000,ATHX COPENHAGEN 2026,Denmark 🇩🇰,2026,Male,ATHX,Strength,75KG,150KG,190KG,,
25,Robin,Eidtmann,Robin Eidtmann,Male,,,https://ui-avatars.com/api/?name=R+E&color=FFFFFF&background=000000,ATHX COPENHAGEN 2026,Denmark 🇩🇰,2026,Male,ATHX,Strength,80KG,145KG,190KG,,
28,Omar,Baritello,Omar Baritello,Male,Italy,3 ZONE TRAINING - FUNCTIONAL GYM POTSDAM,https://ui-avatars.com/api/?name=O+B&color=FFFFFF&background=000000,ATHX COPENHAGEN 2026,Denmark 🇩🇰,2026,Male,ATHX,Strength,84KG,150KG,180KG,,
29,Pierre-Yves,CEREL,Pierre-Yves CEREL,Male,France,,https://athxgames.com/storage/profile-photos/miPO0iZQHWdBHICClIW3yK8SEDYPZbIDwtMMEpAw.jpg,ATHX COPENHAGEN 2026,Denmark 🇩🇰,2026,Male,ATHX,Strength,81KG,145KG,185KG,,
30,Maximiliano,Torriggino,Maximiliano Torriggino,Male,,,https://ui-avatars.com/api/?name=M+T&color=FFFFFF&background=000000,ATHX COPENHAGEN 2026,Denmark 🇩🇰,2026,Male,ATHX,Strength,72KG,160KG,175KG,,
30,Callum,Wilson,Callum Wilson,Male,Australia,ZONE21 HEALTH AND PERFORMANCE LAB,https://ui-avatars.com/api/?name=C+W&color=FFFFFF&background=000000,ATHX COPENHAGEN 2026,Denmark 🇩🇰,2026,Male,ATHX,Strength,82KG,150KG,175KG,,
32,Lucas,Kjærgaard,Lucas Kjærgaard,Male,Denmark,,https://ui-avatars.com/api/?name=L+K&color=FFFFFF&background=000000,ATHX COPENHAGEN 2026,Denmark 🇩🇰,2026,Male,ATHX,Strength,76KG,150KG,180KG,,
33,Konstantin,Knobloch,Konstantin Knobloch,Male,,,https://ui-avatars.com/api/?name=K+K&color=FFFFFF&background=000000,ATHX COPENHAGEN 2026,Denmark 🇩🇰,2026,Male,ATHX,Strength,80KG,140KG,185KG,,
33,Steffen,Andersen,Steffen Andersen,Male,,,https://ui-avatars.com/api/?name=S+A&color=FFFFFF&background=000000,ATHX COPENHAGEN 2026,Denmark 🇩🇰,2026,Male,ATHX,Strength,75KG,140KG,190KG,,
35,Alex,Smith,Alex Smith,Male,,,https://ui-avatars.com/api/?name=A+S&color=FFFFFF&background=000000,ATHX COPENHAGEN 2026,Denmark 🇩🇰,2026,Male,ATHX,Strength,76KG,150KG,175KG,,
36,Jose Luis,Urueta,Jose Luis Urueta,Male,Sweden,,https://ui-avatars.com/api/?name=J+L+U&color=FFFFFF&background=000000,ATHX COPENHAGEN 2026,Denmark 🇩🇰,2026,Male,ATHX,Strength,80KG,150KG,170KG,,
36,Moritz,Malzahn,Moritz Malzahn,Male,,,https://ui-avatars.com/api/?name=M+M&color=FFFFFF&background=000000,ATHX COPENHAGEN 2026,Denmark 🇩🇰,2026,Male,ATHX,Strength,80KG,150KG,170KG,,
38,Lewis,long,Lewis long,Male,,,https://ui-avatars.com/api/?name=L+l&color=FFFFFF&background=000000,ATHX COPENHAGEN 2026,Denmark 🇩🇰,2026,Male,ATHX,Strength,73KG,135KG,190KG,,
38,Andy,Woodcock,Andy Woodcock,Male,,,https://ui-avatars.com/api/?name=A+W&color=FFFFFF&background=000000,ATHX COPENHAGEN 2026,Denmark 🇩🇰,2026,Male,ATHX,Strength,73KG,145KG,180KG,,
40,Morten,Nielsen,Morten Nielsen,Male,,,https://ui-avatars.com/api/?name=M+N&color=FFFFFF&background=000000,ATHX COPENHAGEN 2026,Denmark 🇩🇰,2026,Male,ATHX,Strength,77KG,150KG,170KG,,
41,Robin,Jauer,Robin Jauer,Male,Denmark,Vesterbronx Gym,https://ui-avatars.com/api/?name=R+J&color=FFFFFF&background=000000,ATHX COPENHAGEN 2026,Denmark 🇩🇰,2026,Male,ATHX,Strength,75KG,140KG,181KG,,
42,Frederik,Sommer,Frederik Sommer,Male,,,https://ui-avatars.com/api/?name=F+S&color=FFFFFF&background=000000,ATHX COPENHAGEN 2026,Denmark 🇩🇰,2026,Male,ATHX,Strength,85KG,140KG,170KG,,
42,Oliver,Toft Andersen,Oliver Toft Andersen,Male,,,https://ui-avatars.com/api/?name=O+T+A&color=FFFFFF&background=000000,ATHX COPENHAGEN 2026,Denmark 🇩🇰,2026,Male,ATHX,Strength,80KG,135KG,180KG,,
42,Gerald,Yong,Gerald Yong,Male,,,https://ui-avatars.com/api/?name=G+Y&color=FFFFFF&background=000000,ATHX COPENHAGEN 2026,Denmark 🇩🇰,2026,Male,ATHX,Strength,65KG,140KG,190KG,,
45,Mustafa,Gökce,Mustafa Gökce,Male,,,https://ui-avatars.com/api/?name=M+G&color=FFFFFF&background=000000,ATHX COPENHAGEN 2026,Denmark 🇩🇰,2026,Male,ATHX,Strength,75KG,140KG,175KG,,
46,Morten,dahl,Morten dahl,Male,,,https://ui-avatars.com/api/?name=M+d&color=FFFFFF&background=000000,ATHX COPENHAGEN 2026,Denmark 🇩🇰,2026,Male,ATHX,Strength,78KG,135KG,175KG,,
46,Ross,Mark,Ross Mark,Male,,,https://ui-avatars.com/api/?name=R+M&color=FFFFFF&background=000000,ATHX COPENHAGEN 2026,Denmark 🇩🇰,2026,Male,ATHX,Strength,68KG,150KG,170KG,,
48,Bálint,Juhász,Bálint Juhász,Male,,,https://ui-avatars.com/api/?name=B+J&color=FFFFFF&background=000000,ATHX COPENHAGEN 2026,Denmark 🇩🇰,2026,Male,ATHX,Strength,75KG,150KG,160KG,,
48,davide,aldrigo,davide aldrigo,Male,,,https://athxgames.com/storage/profile-photos/h1UZJKhSkgCMkNpfBnAGPpxIY3wpkJaBEnS45cO7.png,ATHX COPENHAGEN 2026,Denmark 🇩🇰,2026,Male,ATHX,Strength,80KG,145KG,160KG,,
48,Kim Müller,Andersen,Kim Müller Andersen,Male,,CrossBox Holbæk,https://ui-avatars.com/api/?name=K+M+A&color=FFFFFF&background=000000,ATHX COPENHAGEN 2026,Denmark 🇩🇰,2026,Male,ATHX,Strength,65KG,130KG,190KG,,
48,Callum,Alcroft,Callum Alcroft,Male,,,https://ui-avatars.com/api/?name=C+A&color=FFFFFF&background=000000,ATHX COPENHAGEN 2026,Denmark 🇩🇰,2026,Male,ATHX,Strength,85KG,140KG,160KG,,
48,Lars,Dettenkofer,Lars Dettenkofer,Male,,,https://ui-avatars.com/api/?name=L+D&color=FFFFFF&background=000000,ATHX COPENHAGEN 2026,Denmark 🇩🇰,2026,Male,ATHX,Strength,65KG,140KG,180KG,,
48,TOMASZ,GAJEWSKI,TOMASZ GAJEWSKI,Male,,,https://ui-avatars.com/api/?name=T+G&color=FFFFFF&background=000000,ATHX COPENHAGEN 2026,Denmark 🇩🇰,2026,Male,ATHX,Strength,80KG,145KG,160KG,,
48,Christoph,Raum,Christoph Raum,Male,,,https://ui-avatars.com/api/?name=C+R&color=FFFFFF&background=000000,ATHX COPENHAGEN 2026,Denmark 🇩🇰,2026,Male,ATHX,Strength,75KG,140KG,170KG,,
48,Melvyn,Gomez,Melvyn Gomez,Male,,,https://ui-avatars.com/api/?name=M+G&color=FFFFFF&background=000000,ATHX COPENHAGEN 2026,Denmark 🇩🇰,2026,Male,ATHX,Strength,75KG,130KG,180KG,,
48,Nicolai,Rossen,Nicolai Rossen,Male,,,https://ui-avatars.com/api/?name=N+R&color=FFFFFF&background=000000,ATHX COPENHAGEN 2026,Denmark 🇩🇰,2026,Male,ATHX,Strength,75KG,160KG,150KG,,
48,Robert,Walker,Robert Walker,Male,,,https://ui-avatars.com/api/?name=R+W&color=FFFFFF&background=000000,ATHX COPENHAGEN 2026,Denmark 🇩🇰,2026,Male,ATHX,Strength,80KG,145KG,160KG,,
58,Ben,Elping,Ben Elping,Male,,,https://ui-avatars.com/api/?name=B+E&color=FFFFFF&background=000000,ATHX COPENHAGEN 2026,Denmark 🇩🇰,2026,Male,ATHX,Strength,84KG,130KG,170KG,,
58,Tyler,Alexander,Tyler Alexander,Male,,,https://ui-avatars.com/api/?name=T+A&color=FFFFFF&background=000000,ATHX COPENHAGEN 2026,Denmark 🇩🇰,2026,Male,ATHX,Strength,83KG,140KG,161KG,,
60,Calum,Upton,Calum Upton,Male,,,https://ui-avatars.com/api/?name=C+U&color=FFFFFF&background=000000,ATHX COPENHAGEN 2026,Denmark 🇩🇰,2026,Male,ATHX,Strength,63KG,140KG,180KG,,
61,Nicklas,Lohse,Nicklas Lohse,Male,,,https://ui-avatars.com/api/?name=N+L&color=FFFFFF&background=000000,ATHX COPENHAGEN 2026,Denmark 🇩🇰,2026,Male,ATHX,Strength,87KG,150KG,145KG,,
62,Jesper Gudemoos,Jakobsen,Jesper Gudemoos Jakobsen,Male,,,https://ui-avatars.com/api/?name=J+G+J&color=FFFFFF&background=000000,ATHX COPENHAGEN 2026,Denmark 🇩🇰,2026,Male,ATHX,Strength,80KG,140KG,160KG,,
62,Nicolas,Miranda Furtado,Nicolas Miranda Furtado,Male,,,https://ui-avatars.com/api/?name=N+M+F&color=FFFFFF&background=000000,ATHX COPENHAGEN 2026,Denmark 🇩🇰,2026,Male,ATHX,Strength,80KG,140KG,160KG,,
64,Hélian,Prats,Hélian Prats,Male,,,https://ui-avatars.com/api/?name=H+P&color=FFFFFF&background=000000,ATHX COPENHAGEN 2026,Denmark 🇩🇰,2026,Male,ATHX,Strength,78KG,130KG,170KG,,
65,Onur,Gökdere,Onur Gökdere,Male,Turkey,Butcher’s Lab,https://ui-avatars.com/api/?name=O+G&color=FFFFFF&background=000000,ATHX COPENHAGEN 2026,Denmark 🇩🇰,2026,Male,ATHX,Strength,75KG,125KG,175KG,,
65,Robert,Brown,Robert Brown,Male,United Kingdom,,https://ui-avatars.com/api/?name=R+B&color=FFFFFF&background=000000,ATHX COPENHAGEN 2026,Denmark 🇩🇰,2026,Male,ATHX,Strength,75KG,140KG,160KG,,
67,Jordi,Goetstouwers,Jordi Goetstouwers,Male,,,https://ui-avatars.com/api/?name=J+G&color=FFFFFF&background=000000,ATHX COPENHAGEN 2026,Denmark 🇩🇰,2026,Male,ATHX,Strength,66KG,135KG,170KG,,
67,René,Mikkelsen,René Mikkelsen,Male,,,https://ui-avatars.com/api/?name=R+M&color=FFFFFF&background=000000,ATHX COPENHAGEN 2026,Denmark 🇩🇰,2026,Male,ATHX,Strength,78KG,122KG,171KG,,
69,Karl Mihkel,Seenmaa,Karl Mihkel Seenmaa,Male,Estonia,,https://ui-avatars.com/api/?name=K+M+S&color=FFFFFF&background=000000,ATHX COPENHAGEN 2026,Denmark 🇩🇰,2026,Male,ATHX,Strength,60KG,140KG,170KG,,
69,Martin,Brummerstedt,Martin Brummerstedt,Male,,,https://ui-avatars.com/api/?name=M+B&color=FFFFFF&background=000000,ATHX COPENHAGEN 2026,Denmark 🇩🇰,2026,Male,ATHX,Strength,70KG,130KG,170KG,,
69,Remi,Waucquier,Remi Waucquier,Male,France,Outlast,https://ui-avatars.com/api/?name=R+W&color=FFFFFF&background=000000,ATHX COPENHAGEN 2026,Denmark 🇩🇰,2026,Male,ATHX,Strength,80KG,160KG,130KG,,
72,Kenneth,Korndrup,Kenneth Korndrup,Male,,,https://ui-avatars.com/api/?name=K+K&color=FFFFFF&background=000000,ATHX COPENHAGEN 2026,Denmark 🇩🇰,2026,Male,ATHX,Strength,69KG,140KG,160KG,,
73,David,Knudsen,David Knudsen,Male,,,https://ui-avatars.com/api/?name=D+K&color=FFFFFF&background=000000,ATHX COPENHAGEN 2026,Denmark 🇩🇰,2026,Male,ATHX,Strength,78KG,140KG,150KG,,
73,Rasmus,Tangvig,Rasmus Tangvig,Male,,,https://ui-avatars.com/api/?name=R+T&color=FFFFFF&background=000000,ATHX COPENHAGEN 2026,Denmark 🇩🇰,2026,Male,ATHX,Strength,78KG,125KG,165KG,,
75,Jonas,Lucich,Jonas Lucich,Male,,,https://ui-avatars.com/api/?name=J+L&color=FFFFFF&background=000000,ATHX COPENHAGEN 2026,Denmark 🇩🇰,2026,Male,ATHX,Strength,77KG,130KG,160KG,,
75,Marco,Bents,Marco Bents,Male,,,https://ui-avatars.com/api/?name=M+B&color=FFFFFF&background=000000,ATHX COPENHAGEN 2026,Denmark 🇩🇰,2026,Male,ATHX,Strength,77KG,115KG,175KG,,
77,Theis,Johannessen,Theis Johannessen,Male,,,https://ui-avatars.com/api/?name=T+J&color=FFFFFF&background=000000,ATHX COPENHAGEN 2026,Denmark 🇩🇰,2026,Male,ATHX,Strength,65KG,130KG,170KG,,
77,Patiu,Rabiu,Patiu Rabiu,Male,,,https://ui-avatars.com/api/?name=P+R&color=FFFFFF&background=000000,ATHX COPENHAGEN 2026,Denmark 🇩🇰,2026,Male,ATHX,Strength,85KG,120KG,160KG,,
77,Emil,Enevoldsen,Emil Enevoldsen,Male,,,https://ui-avatars.com/api/?name=E+E&color=FFFFFF&background=000000,ATHX COPENHAGEN 2026,Denmark 🇩🇰,2026,Male,ATHX,Strength,65KG,150KG,150KG,,
77,bekir,şengül,bekir şengül,Male,,,https://ui-avatars.com/api/?name=b+%C5%9F&color=FFFFFF&background=000000,ATHX COPENHAGEN 2026,Denmark 🇩🇰,2026,Male,ATHX,Strength,85KG,130KG,150KG,,
77,Nicklas,Tofte,Nicklas Tofte,Male,,,https://ui-avatars.com/api/?name=N+T&color=FFFFFF&background=000000,ATHX COPENHAGEN 2026,Denmark 🇩🇰,2026,Male,ATHX,Strength,75KG,120KG,170KG,,
77,Nikola,Ciric,Nikola Ciric,Male,,,https://ui-avatars.com/api/?name=N+C&color=FFFFFF&background=000000,ATHX COPENHAGEN 2026,Denmark 🇩🇰,2026,Male,ATHX,Strength,55KG,140KG,170KG,,
77,Tue,Wisborg,Tue Wisborg,Male,,,https://ui-avatars.com/api/?name=T+W&color=FFFFFF&background=000000,ATHX COPENHAGEN 2026,Denmark 🇩🇰,2026,Male,ATHX,Strength,75KG,130KG,160KG,,
77,Marcin,Rutkowski,Marcin Rutkowski,Male,,,https://athxgames.com/storage/profile-photos/AFBWDt6CXD8UfASX92WZLKR37lrykvXG69j9hjiI.png,ATHX COPENHAGEN 2026,Denmark 🇩🇰,2026,Male,ATHX,Strength,60KG,130KG,175KG,,
77,Jacob,Mikkelsen,Jacob Mikkelsen,Male,Denmark,Unity,https://athxgames.com/storage/profile-photos/nwN0MhCkPQ91404EL7CZjfRJJ203L0oX8xksnKCq.jpg,ATHX COPENHAGEN 2026,Denmark 🇩🇰,2026,Male,ATHX,Strength,75KG,110KG,180KG,,
86,Anton,Hirschauer,Anton Hirschauer,Male,Denmark,Værftet,https://ui-avatars.com/api/?name=A+H&color=FFFFFF&background=000000,ATHX COPENHAGEN 2026,Denmark 🇩🇰,2026,Male,ATHX,Strength,63KG,145KG,156KG,,
87,Thilo,Kristen,Thilo Kristen,Male,,,https://ui-avatars.com/api/?name=T+K&color=FFFFFF&background=000000,ATHX COPENHAGEN 2026,Denmark 🇩🇰,2026,Male,ATHX,Strength,65KG,127KG,170KG,,
88,Alex,Fagen,Alex Fagen,Male,,,https://ui-avatars.com/api/?name=A+F&color=FFFFFF&background=000000,ATHX COPENHAGEN 2026,Denmark 🇩🇰,2026,Male,ATHX,Strength,58KG,140KG,163KG,,
89,Mark,Robert Hassell,Mark Robert Hassell,Male,,,https://ui-avatars.com/api/?name=M+R+H&color=FFFFFF&background=000000,ATHX COPENHAGEN 2026,Denmark 🇩🇰,2026,Male,ATHX,Strength,55KG,140KG,165KG,,
89,Christopher,Görwitz,Christopher Görwitz,Male,Germany,Symbiotic CrossFit,https://ui-avatars.com/api/?name=C+G&color=FFFFFF&background=000000,ATHX COPENHAGEN 2026,Denmark 🇩🇰,2026,Male,ATHX,Strength,75KG,130KG,155KG,,
89,Patrick,Bengtsen,Patrick Bengtsen,Male,,Gimlis CrossFit,https://ui-avatars.com/api/?name=P+B&color=FFFFFF&background=000000,ATHX COPENHAGEN 2026,Denmark 🇩🇰,2026,Male,ATHX,Strength,75KG,125KG,160KG,,
89,Tobias,Ståhl,Tobias Ståhl,Male,Sweden,Crossfit Fabriken,https://ui-avatars.com/api/?name=T+S&color=FFFFFF&background=000000,ATHX COPENHAGEN 2026,Denmark 🇩🇰,2026,Male,ATHX,Strength,70KG,130KG,160KG,,
89,Cameron,Neale,Cameron Neale,Male,,,https://ui-avatars.com/api/?name=C+N&color=FFFFFF&background=000000,ATHX COPENHAGEN 2026,Denmark 🇩🇰,2026,Male,ATHX,Strength,60KG,140KG,160KG,,
94,Seb,Boak-Smart,Seb Boak-Smart,Male,,,https://ui-avatars.com/api/?name=S+B&color=FFFFFF&background=000000,ATHX COPENHAGEN 2026,Denmark 🇩🇰,2026,Male,ATHX,Strength,78KG,140KG,140KG,,
94,Martin,Held,Martin Held,Male,,,https://ui-avatars.com/api/?name=M+H&color=FFFFFF&background=000000,ATHX COPENHAGEN 2026,Denmark 🇩🇰,2026,Male,ATHX,Strength,78KG,120KG,160KG,,
96,Leonardo,Pinto,Leonardo Pinto,Male,,,https://ui-avatars.com/api/?name=L+P&color=FFFFFF&background=000000,ATHX COPENHAGEN 2026,Denmark 🇩🇰,2026,Male,ATHX,Strength,73KG,134KG,150KG,,
96,Thomas,Assoignon,Thomas Assoignon,Male,,,https://ui-avatars.com/api/?name=T+A&color=FFFFFF&background=000000,ATHX COPENHAGEN 2026,Denmark 🇩🇰,2026,Male,ATHX,Strength,67KG,120KG,170KG,,
98,Bjarke,Kovshøj,Bjarke Kovshøj,Male,Denmark,,https://ui-avatars.com/api/?name=B+K&color=FFFFFF&background=000000,ATHX COPENHAGEN 2026,Denmark 🇩🇰,2026,Male,ATHX,Strength,65KG,140KG,150KG,,
98,Davorin,Canak,Davorin Canak,Male,,,https://ui-avatars.com/api/?name=D+C&color=FFFFFF&background=000000,ATHX COPENHAGEN 2026,Denmark 🇩🇰,2026,Male,ATHX,Strength,75KG,130KG,150KG,,
98,Philipp,Peich,Philipp Peich,Male,,,https://ui-avatars.com/api/?name=P+P&color=FFFFFF&background=000000,ATHX COPENHAGEN 2026,Denmark 🇩🇰,2026,Male,ATHX,Strength,80KG,130KG,145KG,,
98,Phillip,Meißner,Phillip Meißner,Male,,,https://ui-avatars.com/api/?name=P+M&color=FFFFFF&background=000000,ATHX COPENHAGEN 2026,Denmark 🇩🇰,2026,Male,ATHX,Strength,75KG,120KG,160KG,,
98,Svend,Burchardt,Svend Burchardt,Male,Denmark,Crossfit Kalundborg,https://ui-avatars.com/api/?name=S+B&color=FFFFFF&background=000000,ATHX COPENHAGEN 2026,Denmark 🇩🇰,2026,Male,ATHX,Strength,80KG,130KG,145KG,,
103,aaron,ronchi,aaron ronchi,Male,Italy,butcher's lab,https://ui-avatars.com/api/?name=a+r&color=FFFFFF&background=000000,ATHX COPENHAGEN 2026,Denmark 🇩🇰,2026,Male,ATHX,Strength,63KG,130KG,160KG,,
103,Peter,Jonas,Peter Jonas,Male,,,https://ui-avatars.com/api/?name=P+J&color=FFFFFF&background=000000,ATHX COPENHAGEN 2026,Denmark 🇩🇰,2026,Male,ATHX,Strength,63KG,130KG,160KG,,
103,Chris Martin,Pedersen,Chris Martin Pedersen,Male,,,https://ui-avatars.com/api/?name=C+M+P&color=FFFFFF&background=000000,ATHX COPENHAGEN 2026,Denmark 🇩🇰,2026,Male,ATHX,Strength,83KG,130KG,140KG,,
103,Peter,Klima,Peter Klima,Male,,,https://ui-avatars.com/api/?name=P+K&color=FFFFFF&background=000000,ATHX COPENHAGEN 2026,Denmark 🇩🇰,2026,Male,ATHX,Strength,68KG,140KG,145KG,,
103,Jarl,Runge Madsen,Jarl Runge Madsen,Male,,,https://ui-avatars.com/api/?name=J+R+M&color=FFFFFF&background=000000,ATHX COPENHAGEN 2026,Denmark 🇩🇰,2026,Male,ATHX,Strength,73KG,130KG,150KG,,
108,Gustav,Silberbrandt,Gustav Silberbrandt,Male,,,https://ui-avatars.com/api/?name=G+S&color=FFFFFF&background=000000,ATHX COPENHAGEN 2026,Denmark 🇩🇰,2026,Male,ATHX,Strength,60KG,130KG,160KG,,
108,Brian,Kadrovic-Krusbo,Brian Kadrovic-Krusbo,Male,Denmark,The Sand Box,https://ui-avatars.com/api/?name=B+K&color=FFFFFF&background=000000,ATHX COPENHAGEN 2026,Denmark 🇩🇰,2026,Male,ATHX,Strength,70KG,120KG,160KG,,
108,Simon,Glob,Simon Glob,Male,Denmark,Compound GYM Risskov,https://ui-avatars.com/api/?name=S+G&color=FFFFFF&background=000000,ATHX COPENHAGEN 2026,Denmark 🇩🇰,2026,Male,ATHX,Strength,80KG,110KG,160KG,,
108,Ashley,Reed,Ashley Reed,Male,,,https://ui-avatars.com/api/?name=A+R&color=FFFFFF&background=000000,ATHX COPENHAGEN 2026,Denmark 🇩🇰,2026,Male,ATHX,Strength,70KG,110KG,170KG,,
108,Andreas,Steinberg,Andreas Steinberg,Male,,,https://ui-avatars.com/api/?name=A+S&color=FFFFFF&background=000000,ATHX COPENHAGEN 2026,Denmark 🇩🇰,2026,Male,ATHX,Strength,80KG,120KG,150KG,,
113,Alex,Murphy,Alex Murphy,Male,,,https://ui-avatars.com/api/?name=A+M&color=FFFFFF&background=000000,ATHX COPENHAGEN 2026,Denmark 🇩🇰,2026,Male,ATHX,Strength,70KG,125KG,150KG,,
113,Jonas Holm,Bragason,Jonas Holm Bragason,Male,,,https://ui-avatars.com/api/?name=J+H+B&color=FFFFFF&background=000000,ATHX COPENHAGEN 2026,Denmark 🇩🇰,2026,Male,ATHX,Strength,55KG,130KG,160KG,,
113,Lars,Jensen,Lars Jensen,Male,,,https://ui-avatars.com/api/?name=L+J&color=FFFFFF&background=000000,ATHX COPENHAGEN 2026,Denmark 🇩🇰,2026,Male,ATHX,Strength,65KG,125KG,155KG,,
113,Jakob,Leufstedt,Jakob Leufstedt,Male,Sweden,,https://ui-avatars.com/api/?name=J+L&color=FFFFFF&background=000000,ATHX COPENHAGEN 2026,Denmark 🇩🇰,2026,Male,ATHX,Strength,70KG,120KG,155KG,,
113,Jacob,Overgaard,Jacob Overgaard,Male,,,https://ui-avatars.com/api/?name=J+O&color=FFFFFF&background=000000,ATHX COPENHAGEN 2026,Denmark 🇩🇰,2026,Male,ATHX,Strength,60KG,130KG,155KG,,
118,Antoine,Mansencal,Antoine Mansencal,Male,France,,https://ui-avatars.com/api/?name=A+M&color=FFFFFF&background=000000,ATHX COPENHAGEN 2026,Denmark 🇩🇰,2026,Male,ATHX,Strength,63KG,120KG,160KG,,
118,Edvardas,Kazragis,Edvardas Kazragis,Male,,,https://ui-avatars.com/api/?name=E+K&color=FFFFFF&background=000000,ATHX COPENHAGEN 2026,Denmark 🇩🇰,2026,Male,ATHX,Strength,73KG,120KG,150KG,,
118,Carsten,Bjørnskov,Carsten Bjørnskov,Male,,,https://ui-avatars.com/api/?name=C+B&color=FFFFFF&background=000000,ATHX COPENHAGEN 2026,Denmark 🇩🇰,2026,Male,ATHX,Strength,83KG,120KG,140KG,,
118,Peter,Jensen,Peter Jensen,Male,,,https://ui-avatars.com/api/?name=P+J&color=FFFFFF&background=000000,ATHX COPENHAGEN 2026,Denmark 🇩🇰,2026,Male,ATHX,Strength,63KG,125KG,155KG,,
122,Florian,Kowalczyk,Florian Kowalczyk,Male,,,https://ui-avatars.com/api/?name=F+K&color=FFFFFF&background=000000,ATHX COPENHAGEN 2026,Denmark 🇩🇰,2026,Male,ATHX,Strength,70KG,130KG,142KG,,
122,Martin,Soland,Martin Soland,Male,,,https://ui-avatars.com/api/?name=M+S&color=FFFFFF&background=000000,ATHX COPENHAGEN 2026,Denmark 🇩🇰,2026,Male,ATHX,Strength,72KG,130KG,140KG,,
124,Brian,Henriksen,Brian Henriksen,Male,,,https://ui-avatars.com/api/?name=B+H&color=FFFFFF&background=000000,ATHX COPENHAGEN 2026,Denmark 🇩🇰,2026,Male,ATHX,Strength,60KG,115KG,165KG,,
124,Mikkel,Christensen,Mikkel Christensen,Male,,,https://ui-avatars.com/api/?name=M+C&color=FFFFFF&background=000000,ATHX COPENHAGEN 2026,Denmark 🇩🇰,2026,Male,ATHX,Strength,65KG,130KG,145KG,,
124,Russell,Quek,Russell Quek,Male,,,https://ui-avatars.com/api/?name=R+Q&color=FFFFFF&background=000000,ATHX COPENHAGEN 2026,Denmark 🇩🇰,2026,Male,ATHX,Strength,60KG,120KG,160KG,,
124,Emil,Westerlind,Emil Westerlind,Male,Sweden,Boxen bigsmile,https://ui-avatars.com/api/?name=E+W&color=FFFFFF&background=000000,ATHX COPENHAGEN 2026,Denmark 🇩🇰,2026,Male,ATHX,Strength,70KG,115KG,155KG,,
124,Jonas,Wachmann Seelhorst,Jonas Wachmann Seelhorst,Male,,,https://ui-avatars.com/api/?name=J+W+S&color=FFFFFF&background=000000,ATHX COPENHAGEN 2026,Denmark 🇩🇰,2026,Male,ATHX,Strength,60KG,140KG,140KG,,
129,Ali,Campbell-Birkett,Ali Campbell-Birkett,Male,,,https://ui-avatars.com/api/?name=A+C&color=FFFFFF&background=000000,ATHX COPENHAGEN 2026,Denmark 🇩🇰,2026,Male,ATHX,Strength,61KG,120KG,157KG,,
130,Sam,Baza,Sam Baza,Male,,,https://athxgames.com/storage/profile-photos/k7put3FbWXBawoKcl8IcPuXCawsqyWLIuBUWMC4e.jpg,ATHX COPENHAGEN 2026,Denmark 🇩🇰,2026,Male,ATHX,Strength,67KG,110KG,160KG,,
130,Luca,Cavicchiolo,Luca Cavicchiolo,Male,,,https://ui-avatars.com/api/?name=L+C&color=FFFFFF&background=000000,ATHX COPENHAGEN 2026,Denmark 🇩🇰,2026,Male,ATHX,Strength,60KG,112KG,165KG,,
132,Camillo,Rodia,Camillo Rodia,Male,Italy,,https://ui-avatars.com/api/?name=C+R&color=FFFFFF&background=000000,ATHX COPENHAGEN 2026,Denmark 🇩🇰,2026,Male,ATHX,Strength,63KG,123KG,150KG,,
133,Victor,Mielche Zinck,Victor Mielche Zinck,Male,Denmark,Crossfit Heaven,https://ui-avatars.com/api/?name=V+M+Z&color=FFFFFF&background=000000,ATHX COPENHAGEN 2026,Denmark 🇩🇰,2026,Male,ATHX,Strength,65KG,120KG,150KG,,
133,Liam,TINDALL,Liam TINDALL,Male,,,https://ui-avatars.com/api/?name=L+T&color=FFFFFF&background=000000,ATHX COPENHAGEN 2026,Denmark 🇩🇰,2026,Male,ATHX,Strength,85KG,150KG,100KG,,
135,Mehmet yaşar,Şahin,Mehmet yaşar Şahin,Male,,,https://ui-avatars.com/api/?name=M+y+%C5%9E&color=FFFFFF&background=000000,ATHX COPENHAGEN 2026,Denmark 🇩🇰,2026,Male,ATHX,Strength,60KG,120KG,153KG,,
136,Asbjørn,Kerrn-Jespersen,Asbjørn Kerrn-Jespersen,Male,,,https://ui-avatars.com/api/?name=A+K&color=FFFFFF&background=000000,ATHX COPENHAGEN 2026,Denmark 🇩🇰,2026,Male,ATHX,Strength,56KG,120KG,155KG,,
137,Rob,Fearn,Rob Fearn,Male,,,https://ui-avatars.com/api/?name=R+F&color=FFFFFF&background=000000,ATHX COPENHAGEN 2026,Denmark 🇩🇰,2026,Male,ATHX,Strength,50KG,130KG,150KG,,
137,Nicky,Andersen,Nicky Andersen,Male,,,https://ui-avatars.com/api/?name=N+A&color=FFFFFF&background=000000,ATHX COPENHAGEN 2026,Denmark 🇩🇰,2026,Male,ATHX,Strength,60KG,120KG,150KG,,
137,Ewan,Stewart,Ewan Stewart,Male,United Kingdom,ARC Athletics Club,https://ui-avatars.com/api/?name=E+S&color=FFFFFF&background=000000,ATHX COPENHAGEN 2026,Denmark 🇩🇰,2026,Male,ATHX,Strength,65KG,125KG,140KG,,
140,Frederik,Bøttcher,Frederik Bøttcher,Male,,,https://ui-avatars.com/api/?name=F+B&color=FFFFFF&background=000000,ATHX COPENHAGEN 2026,Denmark 🇩🇰,2026,Male,ATHX,Strength,63KG,125KG,141KG,,
141,Joel,Lutz,Joel Lutz,Male,,,https://ui-avatars.com/api/?name=J+L&color=FFFFFF&background=000000,ATHX COPENHAGEN 2026,Denmark 🇩🇰,2026,Male,ATHX,Strength,63KG,120KG,145KG,,
142,Dino,Karaman,Dino Karaman,Male,Croatia,,https://ui-avatars.com/api/?name=D+K&color=FFFFFF&background=000000,ATHX COPENHAGEN 2026,Denmark 🇩🇰,2026,Male,ATHX,Strength,67KG,110KG,150KG,,
142,Michael,Ricatto,Michael Ricatto,Male,,,https://ui-avatars.com/api/?name=M+R&color=FFFFFF&background=000000,ATHX COPENHAGEN 2026,Denmark 🇩🇰,2026,Male,ATHX,Strength,67KG,110KG,150KG,,
144,Sebastian,Kadlubski,Sebastian Kadlubski,Male,,,https://ui-avatars.com/api/?name=S+K&color=FFFFFF&background=000000,ATHX COPENHAGEN 2026,Denmark 🇩🇰,2026,Male,ATHX,Strength,60KG,125KG,140KG,,
145,Simon Winther,Schor,Simon Winther Schor,Male,Denmark,Arca,https://ui-avatars.com/api/?name=S+W+S&color=FFFFFF&background=000000,ATHX COPENHAGEN 2026,Denmark 🇩🇰,2026,Male,ATHX,Strength,62KG,135KG,126KG,,
146,Jakob,Dahl-Wrønding,Jakob Dahl-Wrønding,Male,Denmark,,https://ui-avatars.com/api/?name=J+D&color=FFFFFF&background=000000,ATHX COPENHAGEN 2026,Denmark 🇩🇰,2026,Male,ATHX,Strength,70KG,110KG,140KG,,
146,Péter,Alács,Péter Alács,Male,,,https://ui-avatars.com/api/?name=P+A&color=FFFFFF&background=000000,ATHX COPENHAGEN 2026,Denmark 🇩🇰,2026,Male,ATHX,Strength,70KG,90KG,160KG,,
146,daniel,pedersen,daniel pedersen,Male,Denmark,,https://ui-avatars.com/api/?name=d+p&color=FFFFFF&background=000000,ATHX COPENHAGEN 2026,Denmark 🇩🇰,2026,Male,ATHX,Strength,60KG,120KG,140KG,,
146,Dario,Miraglia,Dario Miraglia,Male,,HYBRID CULTURE,https://ui-avatars.com/api/?name=D+M&color=FFFFFF&background=000000,ATHX COPENHAGEN 2026,Denmark 🇩🇰,2026,Male,ATHX,Strength,70KG,110KG,140KG,,
146,Piotr,Kaczor,Piotr Kaczor,Male,Poland,Crossfit Wola & Against Yourself,https://ui-avatars.com/api/?name=P+K&color=FFFFFF&background=000000,ATHX COPENHAGEN 2026,Denmark 🇩🇰,2026,Male,ATHX,Strength,60KG,120KG,140KG,,
151,Casper,Juul,Casper Juul,Male,,,https://ui-avatars.com/api/?name=C+J&color=FFFFFF&background=000000,ATHX COPENHAGEN 2026,Denmark 🇩🇰,2026,Male,ATHX,Strength,75KG,105KG,139KG,,
152,Andrés,Fritzbøger,Andrés Fritzbøger,Male,,,https://ui-avatars.com/api/?name=A+F&color=FFFFFF&background=000000,ATHX COPENHAGEN 2026,Denmark 🇩🇰,2026,Male,ATHX,Strength,58KG,110KG,150KG,,
153,Andre,Dirks,Andre Dirks,Male,Germany,Functional Fitness Hundsmühlen,https://ui-avatars.com/api/?name=A+D&color=FFFFFF&background=000000,ATHX COPENHAGEN 2026,Denmark 🇩🇰,2026,Male,ATHX,Strength,65KG,110KG,140KG,,
154,Nikolaj,Reibke,Nikolaj Reibke,Male,Denmark,Butchers Lab,https://ui-avatars.com/api/?name=N+R&color=FFFFFF&background=000000,ATHX COPENHAGEN 2026,Denmark 🇩🇰,2026,Male,ATHX,Strength,63KG,120KG,130KG,,
155,Christian,Rath,Christian Rath,Male,Denmark,The sanbox,https://ui-avatars.com/api/?name=C+R&color=FFFFFF&background=000000,ATHX COPENHAGEN 2026,Denmark 🇩🇰,2026,Male,ATHX,Strength,60KG,110KG,140KG,,
155,Rune Faaborg,Andersen,Rune Faaborg Andersen,Male,,,https://ui-avatars.com/api/?name=R+F+A&color=FFFFFF&background=000000,ATHX COPENHAGEN 2026,Denmark 🇩🇰,2026,Male,ATHX,Strength,68KG,121KG,121KG,,
155,William,Pokriva,William Pokriva,Male,,,https://ui-avatars.com/api/?name=W+P&color=FFFFFF&background=000000,ATHX COPENHAGEN 2026,Denmark 🇩🇰,2026,Male,ATHX,Strength,60KG,100KG,150KG,,
155,Frederik,Lützhøft Petersen,Frederik Lützhøft Petersen,Male,,,https://ui-avatars.com/api/?name=F+L+P&color=FFFFFF&background=000000,ATHX COPENHAGEN 2026,Denmark 🇩🇰,2026,Male,ATHX,Strength,60KG,105KG,145KG,,
159,Søren,Hansen,Søren Hansen,Male,,,https://ui-avatars.com/api/?name=S+H&color=FFFFFF&background=000000,ATHX COPENHAGEN 2026,Denmark 🇩🇰,2026,Male,ATHX,Strength,70KG,70KG,165KG,,
159,Lorenzo,Ottaviani,Lorenzo Ottaviani,Male,,,https://ui-avatars.com/api/?name=L+O&color=FFFFFF&background=000000,ATHX COPENHAGEN 2026,Denmark 🇩🇰,2026,Male,ATHX,Strength,55KG,130KG,120KG,,
159,Thilo,Kostian,Thilo Kostian,Male,,,https://ui-avatars.com/api/?name=T+K&color=FFFFFF&background=000000,ATHX COPENHAGEN 2026,Denmark 🇩🇰,2026,Male,ATHX,Strength,50KG,105KG,150KG,,
162,Rami,Said,Rami Said,Male,,,https://ui-avatars.com/api/?name=R+S&color=FFFFFF&background=000000,ATHX COPENHAGEN 2026,Denmark 🇩🇰,2026,Male,ATHX,Strength,57KG,105KG,140KG,,
163,Daniel,Griza,Daniel Griza,Male,,,https://ui-avatars.com/api/?name=D+G&color=FFFFFF&background=000000,ATHX COPENHAGEN 2026,Denmark 🇩🇰,2026,Male,ATHX,Strength,60KG,110KG,130KG,,
163,Bassam,Abdulhai,Bassam Abdulhai,Male,,,https://ui-avatars.com/api/?name=B+A&color=FFFFFF&background=000000,ATHX COPENHAGEN 2026,Denmark 🇩🇰,2026,Male,ATHX,Strength,60KG,110KG,130KG,,
165,Anton,SARIEV,Anton SARIEV,Male,,,https://ui-avatars.com/api/?name=A+S&color=FFFFFF&background=000000,ATHX COPENHAGEN 2026,Denmark 🇩🇰,2026,Male,ATHX,Strength,50KG,115KG,130KG,,
165,Casper,Gregers,Casper Gregers,Male,,,https://ui-avatars.com/api/?name=C+G&color=FFFFFF&background=000000,ATHX COPENHAGEN 2026,Denmark 🇩🇰,2026,Male,ATHX,Strength,55KG,100KG,140KG,,
165,Emil Lützen,Thomsen,Emil Lützen Thomsen,Male,,,https://ui-avatars.com/api/?name=E+L+T&color=FFFFFF&background=000000,ATHX COPENHAGEN 2026,Denmark 🇩🇰,2026,Male,ATHX,Strength,55KG,110KG,130KG,,
165,Jake,Shepherd,Jake Shepherd,Male,,,https://ui-avatars.com/api/?name=J+S&color=FFFFFF&background=000000,ATHX COPENHAGEN 2026,Denmark 🇩🇰,2026,Male,ATHX,Strength,65KG,100KG,130KG,,
165,Kasper,Hansen,Kasper Hansen,Male,Denmark,Bimse,https://ui-avatars.com/api/?name=K+H&color=FFFFFF&background=000000,ATHX COPENHAGEN 2026,Denmark 🇩🇰,2026,Male,ATHX,Strength,65KG,110KG,120KG,,
170,Christophe,Amadieu,Christophe Amadieu,Male,Switzerland,ATTAKK,https://ui-avatars.com/api/?name=C+A&color=FFFFFF&background=000000,ATHX COPENHAGEN 2026,Denmark 🇩🇰,2026,Male,ATHX,Strength,60KG,105KG,126KG,,
171,Eric Nicolas,Hofschulte,Eric Nicolas Hofschulte,Male,,,https://ui-avatars.com/api/?name=E+N+H&color=FFFFFF&background=000000,ATHX COPENHAGEN 2026,Denmark 🇩🇰,2026,Male,ATHX,Strength,70KG,110KG,110KG,,
171,Abel,Ridgewell,Abel Ridgewell,Male,Denmark,Abel Asrat Ridgewell,https://ui-avatars.com/api/?name=A+R&color=FFFFFF&background=000000,ATHX COPENHAGEN 2026,Denmark 🇩🇰,2026,Male,ATHX,Strength,60KG,100KG,130KG,,
171,Sven,Marx,Sven Marx,Male,,,https://ui-avatars.com/api/?name=S+M&color=FFFFFF&background=000000,ATHX COPENHAGEN 2026,Denmark 🇩🇰,2026,Male,ATHX,Strength,55KG,100KG,135KG,,
171,Bahadir,Dagli,Bahadir Dagli,Male,Turkey,,https://ui-avatars.com/api/?name=B+D&color=FFFFFF&background=000000,ATHX COPENHAGEN 2026,Denmark 🇩🇰,2026,Male,ATHX,Strength,55KG,110KG,125KG,,
175,Christian,Svitring,Christian Svitring,Male,,,https://ui-avatars.com/api/?name=C+S&color=FFFFFF&background=000000,ATHX COPENHAGEN 2026,Denmark 🇩🇰,2026,Male,ATHX,Strength,67KG,90KG,130KG,,
176,Simon,Tykgaard,Simon Tykgaard,Male,,,https://ui-avatars.com/api/?name=S+T&color=FFFFFF&background=000000,ATHX COPENHAGEN 2026,Denmark 🇩🇰,2026,Male,ATHX,Strength,55KG,95KG,136KG,,
177,Gustav,Dinesen,Gustav Dinesen,Male,,,https://ui-avatars.com/api/?name=G+D&color=FFFFFF&background=000000,ATHX COPENHAGEN 2026,Denmark 🇩🇰,2026,Male,ATHX,Strength,60KG,95KG,130KG,,
177,Jan,Schoch,Jan Schoch,Male,,,https://ui-avatars.com/api/?name=J+S&color=FFFFFF&background=000000,ATHX COPENHAGEN 2026,Denmark 🇩🇰,2026,Male,ATHX,Strength,55KG,100KG,130KG,,
177,Joshua,Abrahams,Joshua Abrahams,Male,,,https://ui-avatars.com/api/?name=J+A&color=FFFFFF&background=000000,ATHX COPENHAGEN 2026,Denmark 🇩🇰,2026,Male,ATHX,Strength,75KG,80KG,130KG,,
180,Tobias,Klaus,Tobias Klaus,Male,,,https://ui-avatars.com/api/?name=T+K&color=FFFFFF&background=000000,ATHX COPENHAGEN 2026,Denmark 🇩🇰,2026,Male,ATHX,Strength,58KG,107KG,118KG,,
181,Harry,Mole,Harry Mole,Male,,,https://ui-avatars.com/api/?name=H+M&color=FFFFFF&background=000000,ATHX COPENHAGEN 2026,Denmark 🇩🇰,2026,Male,ATHX,Strength,70KG,90KG,120KG,,
181,Jes,Kortsen,Jes Kortsen,Male,,,https://ui-avatars.com/api/?name=J+K&color=FFFFFF&background=000000,ATHX COPENHAGEN 2026,Denmark 🇩🇰,2026,Male,ATHX,Strength,60KG,90KG,130KG,,
181,Markus Havshøj,Mortensen,Markus Havshøj Mortensen,Male,,,https://ui-avatars.com/api/?name=M+H+M&color=FFFFFF&background=000000,ATHX COPENHAGEN 2026,Denmark 🇩🇰,2026,Male,ATHX,Strength,55KG,110KG,115KG,,
184,Thomas,Holtveg,Thomas Holtveg,Male,,,https://ui-avatars.com/api/?name=T+H&color=FFFFFF&background=000000,ATHX COPENHAGEN 2026,Denmark 🇩🇰,2026,Male,ATHX,Strength,50KG,100KG,120KG,,
184,Anders Berendt,Svendsen,Anders Berendt Svendsen,Male,Denmark,Oxygym,https://ui-avatars.com/api/?name=A+B+S&color=FFFFFF&background=000000,ATHX COPENHAGEN 2026,Denmark 🇩🇰,2026,Male,ATHX,Strength,60KG,80KG,130KG,,
184,Søren,Jensen,Søren Jensen,Male,,,https://ui-avatars.com/api/?name=S+J&color=FFFFFF&background=000000,ATHX COPENHAGEN 2026,Denmark 🇩🇰,2026,Male,ATHX,Strength,60KG,90KG,120KG,,
184,Fillip,Mortensen,Fillip Mortensen,Male,,,https://ui-avatars.com/api/?name=F+M&color=FFFFFF&background=000000,ATHX COPENHAGEN 2026,Denmark 🇩🇰,2026,Male,ATHX,Strength,55KG,100KG,115KG,,
184,Andrew,Hepburn,Andrew Hepburn,Male,,,https://ui-avatars.com/api/?name=A+H&color=FFFFFF&background=000000,ATHX COPENHAGEN 2026,Denmark 🇩🇰,2026,Male,ATHX,Strength,55KG,90KG,125KG,,
184,Mattias,Allgren,Mattias Allgren,Male,,,https://ui-avatars.com/api/?name=M+A&color=FFFFFF&background=000000,ATHX COPENHAGEN 2026,Denmark 🇩🇰,2026,Male,ATHX,Strength,60KG,100KG,110KG,,
190,Brian,Jensen,Brian Jensen,Male,,,https://ui-avatars.com/api/?name=B+J&color=FFFFFF&background=000000,ATHX COPENHAGEN 2026,Denmark 🇩🇰,2026,Male,ATHX,Strength,59KG,85KG,125KG,,
191,Niklas Faaborg,Andersen,Niklas Faaborg Andersen,Male,,,https://ui-avatars.com/api/?name=N+F+A&color=FFFFFF&background=000000,ATHX COPENHAGEN 2026,Denmark 🇩🇰,2026,Male,ATHX,Strength,58KG,100KG,110KG,,
191,Kasper,Sattrup,Kasper Sattrup,Male,,,https://ui-avatars.com/api/?name=K+S&color=FFFFFF&background=000000,ATHX COPENHAGEN 2026,Denmark 🇩🇰,2026,Male,ATHX,Strength,48KG,110KG,110KG,,
193,Simon,Husted,Simon Husted,Male,,,https://ui-avatars.com/api/?name=S+H&color=FFFFFF&background=000000,ATHX COPENHAGEN 2026,Denmark 🇩🇰,2026,Male,ATHX,Strength,56KG,100KG,110KG,,
194,Florian,van der Stap,Florian van der Stap,Male,,,https://ui-avatars.com/api/?name=F+v+d+S&color=FFFFFF&background=000000,ATHX COPENHAGEN 2026,Denmark 🇩🇰,2026,Male,ATHX,Strength,55KG,100KG,110KG,,
194,Arntit,Koukio,Arntit Koukio,Male,,,https://ui-avatars.com/api/?name=A+K&color=FFFFFF&background=000000,ATHX COPENHAGEN 2026,Denmark 🇩🇰,2026,Male,ATHX,Strength,55KG,80KG,130KG,,
196,Marco,Gall,Marco Gall,Male,,,https://ui-avatars.com/api/?name=M+G&color=FFFFFF&background=000000,ATHX COPENHAGEN 2026,Denmark 🇩🇰,2026,Male,ATHX,Strength,53KG,90KG,120KG,,
197,Daniel,Berg,Daniel Berg,Male,,,https://ui-avatars.com/api/?name=D+B&color=FFFFFF&background=000000,ATHX COPENHAGEN 2026,Denmark 🇩🇰,2026,Male,ATHX,Strength,56KG,100KG,105KG,,
198,Niklas,Nielsen,Niklas Nielsen,Male,,,https://ui-avatars.com/api/?name=N+N&color=FFFFFF&background=000000,ATHX COPENHAGEN 2026,Denmark 🇩🇰,2026,Male,ATHX,Strength,47KG,85KG,128KG,,
198,Christoffer,Frydkjær,Christoffer Frydkjær,Male,,,https://ui-avatars.com/api/?name=C+F&color=FFFFFF&background=000000,ATHX COPENHAGEN 2026,Denmark 🇩🇰,2026,Male,ATHX,Strength,60KG,100KG,100KG,,
200,Rasmus,Kristensen,Rasmus Kristensen,Male,,,https://ui-avatars.com/api/?name=R+K&color=FFFFFF&background=000000,ATHX COPENHAGEN 2026,Denmark 🇩🇰,2026,Male,ATHX,Strength,52KG,80KG,125KG,,
201,Mircea,Popoveniuc,Mircea Popoveniuc,Male,Romania,Crossfit Kreis 9,https://athxgames.com/storage/profile-photos/S052Bk7uTXNsqxdpjFVz0rZLyMPHICEjOSwzaew2.jpg,ATHX COPENHAGEN 2026,Denmark 🇩🇰,2026,Male,ATHX,Strength,55KG,90KG,110KG,,
201,Maik,Burlage,Maik Burlage,Male,,,https://ui-avatars.com/api/?name=M+B&color=FFFFFF&background=000000,ATHX COPENHAGEN 2026,Denmark 🇩🇰,2026,Male,ATHX,Strength,70KG,100KG,85KG,,
203,Jonas,Wiberg,Jonas Wiberg,Male,Sweden,,https://ui-avatars.com/api/?name=J+W&color=FFFFFF&background=000000,ATHX COPENHAGEN 2026,Denmark 🇩🇰,2026,Male,ATHX,Strength,56KG,85KG,110KG,,
204,Burak,Culha,Burak Culha,Male,,,https://ui-avatars.com/api/?name=B+C&color=FFFFFF&background=000000,ATHX COPENHAGEN 2026,Denmark 🇩🇰,2026,Male,ATHX,Strength,50KG,100KG,100KG,,
204,Curdin,Berther,Curdin Berther,Male,,,https://ui-avatars.com/api/?name=C+B&color=FFFFFF&background=000000,ATHX COPENHAGEN 2026,Denmark 🇩🇰,2026,Male,ATHX,Strength,55KG,90KG,105KG,,
204,Lars,Achermann,Lars Achermann,Male,Switzerland,,https://ui-avatars.com/api/?name=L+A&color=FFFFFF&background=000000,ATHX COPENHAGEN 2026,Denmark 🇩🇰,2026,Male,ATHX,Strength,55KG,90KG,105KG,,
204,Michael,Clement,Michael Clement,Male,,,https://ui-avatars.com/api/?name=M+C&color=FFFFFF&background=000000,ATHX COPENHAGEN 2026,Denmark 🇩🇰,2026,Male,ATHX,Strength,60KG,90KG,100KG,,
208,Marek,Niedenhoff,Marek Niedenhoff,Male,,,https://ui-avatars.com/api/?name=M+N&color=FFFFFF&background=000000,ATHX COPENHAGEN 2026,Denmark 🇩🇰,2026,Male,ATHX,Strength,57KG,80KG,110KG,,
209,Adrien,Gomez,Adrien Gomez,Male,,,https://ui-avatars.com/api/?name=A+G&color=FFFFFF&background=000000,ATHX COPENHAGEN 2026,Denmark 🇩🇰,2026,Male,ATHX,Strength,45KG,75KG,125KG,,
209,Mikkel,Dysted,Mikkel Dysted,Male,,,https://ui-avatars.com/api/?name=M+D&color=FFFFFF&background=000000,ATHX COPENHAGEN 2026,Denmark 🇩🇰,2026,Male,ATHX,Strength,45KG,95KG,105KG,,
209,Toby,Fullwood,Toby Fullwood,Male,United Kingdom,CrossFit Aylesbury,https://ui-avatars.com/api/?name=T+F&color=FFFFFF&background=000000,ATHX COPENHAGEN 2026,Denmark 🇩🇰,2026,Male,ATHX,Strength,60KG,55KG,130KG,,
209,Dave,Kateley,Dave Kateley,Male,,,https://ui-avatars.com/api/?name=D+K&color=FFFFFF&background=000000,ATHX COPENHAGEN 2026,Denmark 🇩🇰,2026,Male,ATHX,Strength,55KG,80KG,110KG,,
213,Leon,Hansen,Leon Hansen,Male,,,https://ui-avatars.com/api/?name=L+H&color=FFFFFF&background=000000,ATHX COPENHAGEN 2026,Denmark 🇩🇰,2026,Male,ATHX,Strength,55KG,80KG,100KG,,
214,Stanley,Christopher,Stanley Christopher,Male,,,https://ui-avatars.com/api/?name=S+C&color=FFFFFF&background=000000,ATHX COPENHAGEN 2026,Denmark 🇩🇰,2026,Male,ATHX,Strength,42KG,90KG,100KG,,
215,Lars,Kroeyer Jensen,Lars Kroeyer Jensen,Male,,,https://ui-avatars.com/api/?name=L+K+J&color=FFFFFF&background=000000,ATHX COPENHAGEN 2026,Denmark 🇩🇰,2026,Male,ATHX,Strength,57KG,57KG,115KG,,
216,Adam,Christopher,Adam Christopher,Male,,,https://athxgames.com/storage/profile-photos/tRrKwo43LxC5jFhlaDvAkv5boW78RC6Cti3uOzCb.jpg,ATHX COPENHAGEN 2026,Denmark 🇩🇰,2026,Male,ATHX,Strength,57KG,70KG,100KG,,
216,Mark,Dickinson,Mark Dickinson,Male,,,https://ui-avatars.com/api/?name=M+D&color=FFFFFF&background=000000,ATHX COPENHAGEN 2026,Denmark 🇩🇰,2026,Male,ATHX,Strength,47KG,80KG,100KG,,
218,Davide,Annaro,Davide Annaro,Male,Italy,butcher`s lab,https://ui-avatars.com/api/?name=D+A&color=FFFFFF&background=000000,ATHX COPENHAGEN 2026,Denmark 🇩🇰,2026,Male,ATHX,Strength,74KG,1KG,150KG,,
218,Henrik,Sand-Grimnitz,Henrik Sand-Grimnitz,Male,,,https://ui-avatars.com/api/?name=H+S&color=FFFFFF&background=000000,ATHX COPENHAGEN 2026,Denmark 🇩🇰,2026,Male,ATHX,Strength,40KG,85KG,100KG,,
220,Ömer,Ögen,Ömer Ögen,Male,,,https://ui-avatars.com/api/?name=%C3%96+%C3%96&color=FFFFFF&background=000000,ATHX COPENHAGEN 2026,Denmark 🇩🇰,2026,Male,ATHX,Strength,50KG,80KG,90KG,,
221,Benjamin,Vogelius,Benjamin Vogelius,Male,,,https://ui-avatars.com/api/?name=B+V&color=FFFFFF&background=000000,ATHX COPENHAGEN 2026,Denmark 🇩🇰,2026,Male,ATHX,Strength,44KG,65KG,105KG,,
222,Jens Christian,Lundholt,Jens Christian Lundholt,Male,,,https://ui-avatars.com/api/?name=J+C+L&color=FFFFFF&background=000000,ATHX COPENHAGEN 2026,Denmark 🇩🇰,2026,Male,ATHX,Strength,50KG,75KG,70KG,,
223,Kim,Hansen,Kim Hansen,Male,,,https://ui-avatars.com/api/?name=K+H&color=FFFFFF&background=000000,ATHX COPENHAGEN 2026,Denmark 🇩🇰,2026,Male,ATHX,Strength,36KG,65KG,82KG,,
224,Quentin,Hilty,Quentin Hilty,Male,France,,https://ui-avatars.com/api/?name=Q+H&color=FFFFFF&background=000000,ATHX COPENHAGEN 2026,Denmark 🇩🇰,2026,Male,ATHX,Strength,32KG,65KG,85KG,,
